time_pc_sec_abs,micros32,micros32_raw,time_local_sec,a0,a1,a2,agent_id,chunk_id
1760982637.16669,2469286,632137216,632.137216,109,189,162,1,20251021_025153
1760982637.1759057,2469322,632146432,632.146432,111,188,163,1,20251021_025153
1760982637.1858895,2469361,632156416,632.156416,115,189,162,1,20251021_025153
1760982637.1958735,2469400,632166400,632.1664,118,188,161,1,20251021_025153
1760982637.2058578,2469439,632176384,632.176384,121,188,161,1,20251021_025153
1760982637.2158418,2469478,632186368,632.186368,124,187,162,1,20251021_025153
1760982637.2258258,2469517,632196352,632.196352,127,185,160,1,20251021_025153
1760982637.2358098,2469556,632206336,632.206336,131,184,161,1,20251021_025153
1760982637.2457938,2469595,632216320,632.21632,134,183,160,1,20251021_025153
1760982637.2557778,2469634,632226304,632.226304,137,182,161,1,20251021_025153
1760982637.265762,2469673,632236288,632.236288,140,181,161,1,20251021_025153
1760982637.275746,2469712,632246272,632.246272,144,181,160,1,20251021_025153
1760982637.2859857,2469752,632256512,632.256512,147,181,161,1,20251021_025153
1760982637.2959695,2469791,632266496,632.266496,150,181,161,1,20251021_025153
1760982637.3059535,2469830,632276480,632.27648,153,181,160,1,20251021_025153
1760982637.3159378,2469869,632286464,632.286464,156,183,160,1,20251021_025153
1760982637.3259218,2469908,632296448,632.296448,159,182,161,1,20251021_025153
1760982637.3359058,2469947,632306432,632.306432,162,183,161,1,20251021_025153
1760982637.3458898,2469986,632316416,632.316416,166,185,162,1,20251021_025153
1760982637.3558738,2470025,632326400,632.3264,169,187,161,1,20251021_025153
1760982637.3658578,2470064,632336384,632.336384,172,190,163,1,20251021_025153
1760982637.375842,2470103,632346368,632.346368,175,192,162,1,20251021_025153
1760982637.385826,2470142,632356352,632.356352,178,193,163,1,20251021_025153
1760982637.39581,2470181,632366336,632.366336,182,193,161,1,20251021_025153
1760982637.4057937,2470220,632376320,632.37632,185,193,161,1,20251021_025153
1760982637.4157777,2470259,632386304,632.386304,188,193,163,1,20251021_025153
1760982637.4260178,2470299,632396544,632.396544,191,193,161,1,20251021_025153
1760982637.4360018,2470338,632406528,632.406528,194,194,162,1,20251021_025153
1760982637.4459858,2470377,632416512,632.416512,201,194,162,1,20251021_025153
1760982637.4559698,2470416,632426496,632.426496,204,194,162,1,20251021_025153
1760982637.4659538,2470455,632436480,632.43648,207,196,163,1,20251021_025153
1760982637.4759378,2470494,632446464,632.446464,210,196,162,1,20251021_025153
1760982637.485922,2470533,632456448,632.456448,214,196,162,1,20251021_025153
1760982637.495906,2470572,632466432,632.466432,217,197,163,1,20251021_025153
1760982637.50589,2470611,632476416,632.476416,220,198,162,1,20251021_025153
1760982637.5158737,2470650,632486400,632.4864,223,199,162,1,20251021_025153
1760982637.5258577,2470689,632496384,632.496384,226,199,166,1,20251021_025153
1760982637.5358417,2470728,632506368,632.506368,229,199,162,1,20251021_025153
1760982637.5458255,2470767,632516352,632.516352,233,199,161,1,20251021_025153
1760982637.5558095,2470806,632526336,632.526336,236,200,161,1,20251021_025153
1760982637.5657938,2470845,632536320,632.53632,239,199,158,1,20251021_025153
1760982637.5760338,2470885,632546560,632.54656,242,199,158,1,20251021_025153
1760982637.5860178,2470924,632556544,632.556544,245,199,157,1,20251021_025153
1760982637.596002,2470963,632566528,632.566528,249,200,156,1,20251021_025153
1760982637.605986,2471002,632576512,632.576512,252,199,156,1,20251021_025153
1760982637.61597,2471041,632586496,632.586496,0,199,154,1,20251021_025153
1760982637.6259537,2471080,632596480,632.59648,3,199,154,1,20251021_025153
1760982637.6359377,2471119,632606464,632.606464,6,199,153,1,20251021_025153
1760982637.6459217,2471158,632616448,632.616448,10,200,154,1,20251021_025153
1760982637.6559055,2471197,632626432,632.626432,13,200,153,1,20251021_025153
1760982637.6658895,2471236,632636416,632.636416,16,199,153,1,20251021_025153
1760982637.6758738,2471275,632646400,632.6464,19,200,152,1,20251021_025153
1760982637.6858578,2471314,632656384,632.656384,22,199,151,1,20251021_025153
1760982637.6958418,2471353,632666368,632.666368,25,199,151,1,20251021_025153
1760982637.7058258,2471392,632676352,632.676352,29,199,151,1,20251021_025153
1760982637.716066,2471432,632686592,632.686592,32,199,151,1,20251021_025153
1760982637.72605,2471471,632696576,632.696576,35,199,151,1,20251021_025153
1760982637.7360337,2471510,632706560,632.70656,38,199,149,1,20251021_025153
1760982637.7460177,2471549,632716544,632.716544,41,199,150,1,20251021_025153
1760982637.7560017,2471588,632726528,632.726528,45,199,149,1,20251021_025153
1760982637.7659855,2471627,632736512,632.736512,48,199,150,1,20251021_025153
1760982637.7759695,2471666,632746496,632.746496,51,199,150,1,20251021_025153
1760982637.7859538,2471705,632756480,632.75648,54,198,150,1,20251021_025153
1760982637.7959378,2471744,632766464,632.766464,57,199,148,1,20251021_025153
1760982637.8059218,2471783,632776448,632.776448,60,198,149,1,20251021_025153
1760982637.8159058,2471822,632786432,632.786432,64,199,150,1,20251021_025153
1760982637.8258898,2471861,632796416,632.796416,67,200,148,1,20251021_025153
1760982637.8358738,2471900,632806400,632.8064,70,200,147,1,20251021_025153
1760982637.845858,2471939,632816384,632.816384,73,200,145,1,20251021_025153
1760982637.855842,2471978,632826368,632.826368,76,199,143,1,20251021_025153
1760982637.8660817,2472018,632836608,632.836608,80,200,137,1,20251021_025153
1760982637.8760655,2472057,632846592,632.846592,83,200,130,1,20251021_025153
1760982637.8860495,2472096,632856576,632.856576,86,199,125,1,20251021_025153
1760982637.8960338,2472135,632866560,632.86656,89,199,125,1,20251021_025153
1760982637.9060178,2472174,632876544,632.876544,92,200,119,1,20251021_025153
1760982637.9160018,2472213,632886528,632.886528,96,199,112,1,20251021_025153
1760982637.9259858,2472252,632896512,632.896512,99,199,107,1,20251021_025153
1760982637.9359698,2472291,632906496,632.906496,102,199,102,1,20251021_025153
1760982637.9459538,2472330,632916480,632.91648,105,199,98,1,20251021_025153
1760982637.955938,2472369,632926464,632.926464,108,199,95,1,20251021_025153
1760982637.965922,2472408,632936448,632.936448,111,198,93,1,20251021_025153
1760982637.975906,2472447,632946432,632.946432,115,199,94,1,20251021_025153
1760982637.9858897,2472486,632956416,632.956416,118,198,94,1,20251021_025153
1760982637.9958737,2472525,632966400,632.9664,121,198,93,1,20251021_025153
1760982638.0061138,2472565,632976640,632.97664,124,199,93,1,20251021_025153
1760982638.0160978,2472604,632986624,632.986624,127,199,94,1,20251021_025153
1760982638.0260818,2472643,632996608,632.996608,131,198,93,1,20251021_025153
1760982638.0360658,2472682,633006592,633.006592,134,198,94,1,20251021_025153
1760982638.0460498,2472721,633016576,633.016576,137,199,95,1,20251021_025153
1760982638.0560338,2472760,633026560,633.02656,140,199,92,1,20251021_025153
1760982638.066018,2472799,633036544,633.036544,143,199,96,1,20251021_025153
1760982638.076002,2472838,633046528,633.046528,147,199,98,1,20251021_025153
1760982638.085986,2472877,633056512,633.056512,150,199,99,1,20251021_025153
1760982638.0959697,2472916,633066496,633.066496,153,199,100,1,20251021_025153
1760982638.1059537,2472955,633076480,633.07648,156,199,102,1,20251021_025153
1760982638.1159377,2472994,633086464,633.086464,159,199,104,1,20251021_025153
1760982638.1259215,2473033,633096448,633.096448,162,199,107,1,20251021_025153
1760982638.1359055,2473072,633106432,633.106432,166,199,111,1,20251021_025153
1760982638.1461458,2473112,633116672,633.116672,169,199,114,1,20251021_025153
1760982638.1561298,2473151,633126656,633.126656,172,199,118,1,20251021_025153
1760982638.166114,2473190,633136640,633.13664,175,198,121,1,20251021_025153
1760982638.176098,2473229,633146624,633.146624,178,198,128,1,20251021_025153
1760982638.186082,2473268,633156608,633.156608,182,199,133,1,20251021_025153
1760982638.1960657,2473307,633166592,633.166592,185,198,138,1,20251021_025153
1760982638.2060497,2473346,633176576,633.176576,188,199,142,1,20251021_025153
1760982638.2160337,2473385,633186560,633.18656,191,199,144,1,20251021_025153
1760982638.2260177,2473424,633196544,633.196544,194,199,144,1,20251021_025153
1760982638.2360015,2473463,633206528,633.206528,198,198,143,1,20251021_025153
1760982638.2459855,2473502,633216512,633.216512,201,199,145,1,20251021_025153
1760982638.2559698,2473541,633226496,633.226496,204,199,144,1,20251021_025153
1760982638.2659538,2473580,633236480,633.23648,207,199,142,1,20251021_025153
1760982638.2759378,2473619,633246464,633.246464,210,199,144,1,20251021_025153
1760982638.286178,2473659,633256704,633.256704,213,199,144,1,20251021_025153
1760982638.296162,2473698,633266688,633.266688,217,200,145,1,20251021_025153
1760982638.3061457,2473737,633276672,633.276672,220,199,146,1,20251021_025153
1760982638.3161297,2473776,633286656,633.286656,223,199,145,1,20251021_025153
1760982638.3261137,2473815,633296640,633.29664,226,199,146,1,20251021_025153
1760982638.3360977,2473854,633306624,633.306624,229,200,147,1,20251021_025153
1760982638.3460815,2473893,633316608,633.316608,233,200,147,1,20251021_025153
1760982638.3560658,2473932,633326592,633.326592,236,199,148,1,20251021_025153
1760982638.3660498,2473971,633336576,633.336576,239,200,147,1,20251021_025153
1760982638.3760338,2474010,633346560,633.34656,242,200,147,1,20251021_025153
1760982638.3860178,2474049,633356544,633.356544,245,200,148,1,20251021_025153
1760982638.3960018,2474088,633366528,633.366528,248,200,147,1,20251021_025153
1760982638.4059858,2474127,633376512,633.376512,252,201,148,1,20251021_025153
1760982638.4159698,2474166,633386496,633.386496,0,200,148,1,20251021_025153
1760982638.425954,2474205,633396480,633.39648,3,200,148,1,20251021_025153
1760982638.4361937,2474245,633406720,633.40672,6,200,148,1,20251021_025153
1760982638.4461775,2474284,633416704,633.416704,9,200,148,1,20251021_025153
1760982638.4561615,2474323,633426688,633.426688,13,200,148,1,20251021_025153
1760982638.4661458,2474362,633436672,633.436672,16,200,146,1,20251021_025153
1760982638.4761298,2474401,633446656,633.446656,19,200,145,1,20251021_025153
1760982638.4861138,2474440,633456640,633.45664,22,200,144,1,20251021_025153
1760982638.4960978,2474479,633466624,633.466624,25,200,142,1,20251021_025153
1760982638.5060818,2474518,633476608,633.476608,29,201,143,1,20251021_025153
1760982638.5160658,2474557,633486592,633.486592,32,200,142,1,20251021_025153
1760982638.52605,2474596,633496576,633.496576,35,200,139,1,20251021_025153
1760982638.536034,2474635,633506560,633.50656,38,200,132,1,20251021_025153
1760982638.546018,2474674,633516544,633.516544,41,200,126,1,20251021_025153
1760982638.5560017,2474713,633526528,633.526528,44,199,122,1,20251021_025153
1760982638.5659857,2474752,633536512,633.536512,48,199,114,1,20251021_025153
1760982638.5759697,2474791,633546496,633.546496,51,200,112,1,20251021_025153
1760982638.5862098,2474831,633556736,633.556736,54,200,107,1,20251021_025153
1760982638.5961938,2474870,633566720,633.56672,57,200,102,1,20251021_025153
1760982638.6061778,2474909,633576704,633.576704,60,199,94,1,20251021_025153
1760982638.6161618,2474948,633586688,633.586688,64,200,87,1,20251021_025153
1760982638.6261458,2474987,633596672,633.596672,67,199,86,1,20251021_025153
1760982638.63613,2475026,633606656,633.606656,70,199,86,1,20251021_025153
1760982638.646114,2475065,633616640,633.61664,73,199,86,1,20251021_025153
1760982638.656098,2475104,633626624,633.626624,76,199,85,1,20251021_025153
1760982638.6660817,2475143,633636608,633.636608,80,198,84,1,20251021_025153
1760982638.6760657,2475182,633646592,633.646592,83,198,84,1,20251021_025153
1760982638.6860497,2475221,633656576,633.656576,86,199,86,1,20251021_025153
1760982638.6960337,2475260,633666560,633.66656,89,199,87,1,20251021_025153
1760982638.7060175,2475299,633676544,633.676544,92,199,88,1,20251021_025153
1760982638.7160015,2475338,633686528,633.686528,95,199,86,1,20251021_025153
1760982638.7262418,2475378,633696768,633.696768,99,198,85,1,20251021_025153
1760982638.7362258,2475417,633706752,633.706752,102,199,86,1,20251021_025153
1760982638.74621,2475456,633716736,633.716736,105,198,86,1,20251021_025153
1760982638.756194,2475495,633726720,633.72672,108,198,86,1,20251021_025153
1760982638.766178,2475534,633736704,633.736704,111,198,86,1,20251021_025153
1760982638.7761617,2475573,633746688,633.746688,115,198,87,1,20251021_025153
1760982638.7861457,2475612,633756672,633.756672,118,199,88,1,20251021_025153
1760982638.7961297,2475651,633766656,633.766656,121,198,88,1,20251021_025153
1760982638.8061135,2475690,633776640,633.77664,124,199,88,1,20251021_025153
1760982638.8160975,2475729,633786624,633.786624,127,198,89,1,20251021_025153
1760982638.8260818,2475768,633796608,633.796608,131,197,87,1,20251021_025153
1760982638.8360658,2475807,633806592,633.806592,134,198,88,1,20251021_025153
1760982638.8460498,2475846,633816576,633.816576,137,198,89,1,20251021_025153
1760982638.8560338,2475885,633826560,633.82656,140,198,89,1,20251021_025153
1760982638.866274,2475925,633836800,633.8368,143,199,91,1,20251021_025153
1760982638.876258,2475964,633846784,633.846784,146,198,92,1,20251021_025153
1760982638.8862417,2476003,633856768,633.856768,150,199,94,1,20251021_025153
1760982638.8962257,2476042,633866752,633.866752,153,199,96,1,20251021_025153
1760982638.9062097,2476081,633876736,633.876736,156,198,101,1,20251021_025153
1760982638.9161935,2476120,633886720,633.88672,159,198,109,1,20251021_025153
1760982638.9261775,2476159,633896704,633.896704,162,199,118,1,20251021_025153
1760982638.9361618,2476198,633906688,633.906688,166,198,124,1,20251021_025153
1760982638.9461458,2476237,633916672,633.916672,169,199,129,1,20251021_025153
1760982638.9561298,2476276,633926656,633.926656,172,198,133,1,20251021_025153
1760982638.9661138,2476315,633936640,633.93664,175,198,135,1,20251021_025153
1760982638.9760978,2476354,633946624,633.946624,178,199,138,1,20251021_025153
1760982638.9860818,2476393,633956608,633.956608,181,199,140,1,20251021_025153
1760982638.996066,2476432,633966592,633.966592,185,198,141,1,20251021_025153
1760982639.00605,2476471,633976576,633.976576,188,198,142,1,20251021_025153
1760982639.0162897,2476511,633986816,633.986816,191,198,139,1,20251021_025153
1760982639.0262735,2476550,633996800,633.9968,194,198,140,1,20251021_025153
1760982639.0362575,2476589,634006784,634.006784,197,199,143,1,20251021_025153
1760982639.0462418,2476628,634016768,634.016768,201,198,142,1,20251021_025153
1760982639.0562258,2476667,634026752,634.026752,204,199,143,1,20251021_025153
1760982639.0662098,2476706,634036736,634.036736,207,198,143,1,20251021_025153
1760982639.0761938,2476745,634046720,634.04672,210,200,145,1,20251021_025153
1760982639.0861778,2476784,634056704,634.056704,213,199,145,1,20251021_025153
1760982639.0961618,2476823,634066688,634.066688,217,199,145,1,20251021_025153
1760982639.106146,2476862,634076672,634.076672,220,199,146,1,20251021_025153
1760982639.11613,2476901,634086656,634.086656,223,199,145,1,20251021_025153
1760982639.126114,2476940,634096640,634.09664,226,199,146,1,20251021_025153
1760982639.1360977,2476979,634106624,634.106624,229,199,146,1,20251021_025153
1760982639.1460817,2477018,634116608,634.116608,232,199,146,1,20251021_025153
1760982639.1563218,2477058,634126848,634.126848,236,200,147,1,20251021_025153
1760982639.1663058,2477097,634136832,634.136832,239,199,147,1,20251021_025153
1760982639.1762898,2477136,634146816,634.146816,242,200,148,1,20251021_025153
1760982639.1862738,2477175,634156800,634.1568,245,200,147,1,20251021_025153
1760982639.1962578,2477214,634166784,634.166784,248,199,147,1,20251021_025153
1760982639.2062418,2477253,634176768,634.176768,252,199,148,1,20251021_025153
1760982639.216226,2477292,634186752,634.186752,0,200,148,1,20251021_025153
1760982639.22621,2477331,634196736,634.196736,3,200,149,1,20251021_025153
1760982639.236194,2477370,634206720,634.20672,6,200,148,1,20251021_025153
1760982639.2461777,2477409,634216704,634.216704,9,200,148,1,20251021_025153
1760982639.2561617,2477448,634226688,634.226688,13,200,146,1,20251021_025153
1760982639.2661457,2477487,634236672,634.236672,16,200,149,1,20251021_025153
1760982639.2761295,2477526,634246656,634.246656,19,200,147,1,20251021_025153
1760982639.2861135,2477565,634256640,634.25664,22,199,145,1,20251021_025153
1760982639.2963538,2477605,634266880,634.26688,25,200,144,1,20251021_025153
1760982639.3063378,2477644,634276864,634.276864,28,200,144,1,20251021_025153
1760982639.3163218,2477683,634286848,634.286848,32,199,140,1,20251021_025153
1760982639.326306,2477722,634296832,634.296832,35,200,138,1,20251021_025153
1760982639.33629,2477761,634306816,634.306816,38,199,134,1,20251021_025153
1760982639.346274,2477800,634316800,634.3168,41,199,130,1,20251021_025153
1760982639.3562577,2477839,634326784,634.326784,44,200,130,1,20251021_025153
1760982639.3662417,2477878,634336768,634.336768,48,200,125,1,20251021_025153
1760982639.3762257,2477917,634346752,634.346752,51,202,118,1,20251021_025153
1760982639.3862095,2477956,634356736,634.356736,54,200,107,1,20251021_025153
1760982639.3961935,2477995,634366720,634.36672,57,199,99,1,20251021_025153
1760982639.4061778,2478034,634376704,634.376704,60,199,92,1,20251021_025153
1760982639.4161618,2478073,634386688,634.386688,64,199,88,1,20251021_025153
1760982639.4261458,2478112,634396672,634.396672,67,199,86,1,20251021_025153
1760982639.4361298,2478151,634406656,634.406656,70,199,84,1,20251021_025153
1760982639.44637,2478191,634416896,634.416896,73,199,83,1,20251021_025153
1760982639.4563537,2478230,634426880,634.42688,76,199,84,1,20251021_025153
1760982639.4663377,2478269,634436864,634.436864,79,199,84,1,20251021_025153
1760982639.4763217,2478308,634446848,634.446848,83,198,83,1,20251021_025153
1760982639.4863057,2478347,634456832,634.456832,86,199,85,1,20251021_025153
1760982639.4962895,2478386,634466816,634.466816,89,198,84,1,20251021_025153
1760982639.5062735,2478425,634476800,634.4768,92,198,84,1,20251021_025153
1760982639.5162578,2478464,634486784,634.486784,95,199,86,1,20251021_025153
1760982639.5262418,2478503,634496768,634.496768,99,198,85,1,20251021_025153
1760982639.5362258,2478542,634506752,634.506752,102,198,84,1,20251021_025153
1760982639.5462098,2478581,634516736,634.516736,105,198,86,1,20251021_025153
1760982639.5561938,2478620,634526720,634.52672,108,199,86,1,20251021_025153
1760982639.5661778,2478659,634536704,634.536704,111,199,86,1,20251021_025153
1760982639.576162,2478698,634546688,634.546688,114,198,86,1,20251021_025153
1760982639.5864017,2478738,634556928,634.556928,118,198,85,1,20251021_025153
1760982639.5963857,2478777,634566912,634.566912,121,199,85,1,20251021_025153
1760982639.6063695,2478816,634576896,634.576896,124,198,87,1,20251021_025153
1760982639.6163538,2478855,634586880,634.58688,127,199,87,1,20251021_025153
1760982639.6263378,2478894,634596864,634.596864,130,199,88,1,20251021_025153
1760982639.6363218,2478933,634606848,634.606848,134,198,88,1,20251021_025153
1760982639.6463058,2478972,634616832,634.616832,137,198,87,1,20251021_025153
1760982639.6562898,2479011,634626816,634.626816,140,198,89,1,20251021_025153
1760982639.6662738,2479050,634636800,634.6368,143,199,90,1,20251021_025153
1760982639.6762578,2479089,634646784,634.646784,146,199,91,1,20251021_025153
1760982639.686242,2479128,634656768,634.656768,150,198,91,1,20251021_025153
1760982639.696226,2479167,634666752,634.666752,153,198,92,1,20251021_025153
1760982639.70621,2479206,634676736,634.676736,156,199,95,1,20251021_025153
1760982639.7161937,2479245,634686720,634.68672,159,199,98,1,20251021_025153
1760982639.7264338,2479285,634696960,634.69696,162,198,102,1,20251021_025153
1760982639.7364178,2479324,634706944,634.706944,165,199,109,1,20251021_025153
1760982639.7464018,2479363,634716928,634.716928,169,198,113,1,20251021_025153
1760982639.7563858,2479402,634726912,634.726912,172,198,118,1,20251021_025153
1760982639.7663698,2479441,634736896,634.736896,175,199,122,1,20251021_025153
1760982639.7763538,2479480,634746880,634.74688,178,199,126,1,20251021_025153
1760982639.786338,2479519,634756864,634.756864,181,199,129,1,20251021_025153
1760982639.796322,2479558,634766848,634.766848,185,198,133,1,20251021_025153
1760982639.806306,2479597,634776832,634.776832,188,198,138,1,20251021_025153
1760982639.8162897,2479636,634786816,634.786816,191,199,139,1,20251021_025153
1760982639.8262737,2479675,634796800,634.7968,194,198,140,1,20251021_025153
1760982639.8362577,2479714,634806784,634.806784,197,199,141,1,20251021_025153
1760982639.8462417,2479753,634816768,634.816768,201,199,142,1,20251021_025153
1760982639.8562255,2479792,634826752,634.826752,204,199,142,1,20251021_025153
1760982639.8664658,2479832,634836992,634.836992,207,199,143,1,20251021_025153
1760982639.8764498,2479871,634846976,634.846976,210,198,143,1,20251021_025153
1760982639.8864338,2479910,634856960,634.85696,213,199,144,1,20251021_025153
1760982639.896418,2479949,634866944,634.866944,216,200,145,1,20251021_025153
1760982639.906402,2479988,634876928,634.876928,220,198,145,1,20251021_025153
1760982639.916386,2480027,634886912,634.886912,223,199,146,1,20251021_025153
1760982639.9263697,2480066,634896896,634.896896,226,199,146,1,20251021_025153
1760982639.9363537,2480105,634906880,634.90688,229,199,145,1,20251021_025153
1760982639.9463377,2480144,634916864,634.916864,232,199,145,1,20251021_025153
1760982639.9563217,2480183,634926848,634.926848,236,201,147,1,20251021_025153
1760982639.9663055,2480222,634936832,634.936832,239,199,147,1,20251021_025153
1760982639.9762895,2480261,634946816,634.946816,242,200,146,1,20251021_025153
1760982639.9862738,2480300,634956800,634.9568,245,200,145,1,20251021_025153
1760982639.9962578,2480339,634966784,634.966784,248,200,146,1,20251021_025153
1760982640.0062418,2480378,634976768,634.976768,252,200,146,1,20251021_025153
1760982640.016482,2480418,634987008,634.987008,0,200,146,1,20251021_025153
1760982640.026466,2480457,634996992,634.996992,3,200,146,1,20251021_025153
1760982640.0364497,2480496,635006976,635.006976,6,199,144,1,20251021_025153
1760982640.0464337,2480535,635016960,635.01696,9,200,145,1,20251021_025153
1760982640.0564177,2480574,635026944,635.026944,12,200,144,1,20251021_025153
1760982640.0664015,2480613,635036928,635.036928,16,200,144,1,20251021_025153
1760982640.0763855,2480652,635046912,635.046912,19,200,142,1,20251021_025153
1760982640.0863698,2480691,635056896,635.056896,22,200,142,1,20251021_025153
1760982640.0963538,2480730,635066880,635.06688,25,201,141,1,20251021_025153
1760982640.1063378,2480769,635076864,635.076864,28,200,137,1,20251021_025153
1760982640.1163218,2480808,635086848,635.086848,32,201,136,1,20251021_025153
1760982640.1263058,2480847,635096832,635.096832,35,200,132,1,20251021_025153
1760982640.1362898,2480886,635106816,635.106816,38,199,128,1,20251021_025153
1760982640.146274,2480925,635116800,635.1168,41,199,127,1,20251021_025153
1760982640.1565137,2480965,635127040,635.12704,44,200,119,1,20251021_025153
1760982640.1664977,2481004,635137024,635.137024,47,200,109,1,20251021_025153
1760982640.1764815,2481043,635147008,635.147008,51,200,101,1,20251021_025153
1760982640.1864655,2481082,635156992,635.156992,54,199,95,1,20251021_025153
1760982640.1964498,2481121,635166976,635.166976,57,199,91,1,20251021_025153
1760982640.2064338,2481160,635176960,635.17696,60,199,88,1,20251021_025153
1760982640.2164178,2481199,635186944,635.186944,63,199,87,1,20251021_025153
1760982640.2264018,2481238,635196928,635.196928,67,199,85,1,20251021_025153
1760982640.2363858,2481277,635206912,635.206912,70,199,83,1,20251021_025153
1760982640.2463698,2481316,635216896,635.216896,73,199,84,1,20251021_025153
1760982640.256354,2481355,635226880,635.22688,76,199,85,1,20251021_025153
1760982640.266338,2481394,635236864,635.236864,79,199,85,1,20251021_025153
1760982640.276322,2481433,635246848,635.246848,83,199,85,1,20251021_025153
1760982640.2863057,2481472,635256832,635.256832,86,199,85,1,20251021_025153
1760982640.2962897,2481511,635266816,635.266816,89,199,84,1,20251021_025153
1760982640.3065298,2481551,635277056,635.277056,92,199,85,1,20251021_025153
1760982640.3165138,2481590,635287040,635.28704,95,198,86,1,20251021_025153
1760982640.3264978,2481629,635297024,635.297024,98,198,85,1,20251021_025153
1760982640.3364818,2481668,635307008,635.307008,102,198,84,1,20251021_025153
1760982640.3464658,2481707,635316992,635.316992,105,198,86,1,20251021_025153
1760982640.3564498,2481746,635326976,635.326976,108,199,86,1,20251021_025153
1760982640.366434,2481785,635336960,635.33696,111,199,84,1,20251021_025153
1760982640.376418,2481824,635346944,635.346944,114,199,87,1,20251021_025153
1760982640.386402,2481863,635356928,635.356928,118,198,86,1,20251021_025153
1760982640.3963857,2481902,635366912,635.366912,121,198,86,1,20251021_025153
1760982640.4063697,2481941,635376896,635.376896,124,198,87,1,20251021_025153
1760982640.4163537,2481980,635386880,635.38688,127,199,88,1,20251021_025153
1760982640.4263377,2482019,635396864,635.396864,130,198,87,1,20251021_025153
1760982640.4363215,2482058,635406848,635.406848,134,199,90,1,20251021_025153
1760982640.4465618,2482098,635417088,635.417088,137,198,89,1,20251021_025153
1760982640.4565458,2482137,635427072,635.427072,140,199,91,1,20251021_025153
1760982640.4665298,2482176,635437056,635.437056,143,198,92,1,20251021_025153
1760982640.476514,2482215,635447040,635.44704,146,199,93,1,20251021_025153
1760982640.486498,2482254,635457024,635.457024,149,199,96,1,20251021_025153
1760982640.496482,2482293,635467008,635.467008,153,198,98,1,20251021_025153
1760982640.5064657,2482332,635476992,635.476992,156,199,105,1,20251021_025153
1760982640.5164497,2482371,635486976,635.486976,159,199,111,1,20251021_025153
1760982640.5264337,2482410,635496960,635.49696,162,198,115,1,20251021_025153
1760982640.5364175,2482449,635506944,635.506944,165,198,119,1,20251021_025153
1760982640.5464015,2482488,635516928,635.516928,169,199,125,1,20251021_025153
1760982640.5563858,2482527,635526912,635.526912,172,199,128,1,20251021_025153
1760982640.5663698,2482566,635536896,635.536896,175,198,133,1,20251021_025153
1760982640.5763538,2482605,635546880,635.54688,178,198,135,1,20251021_025153
1760982640.586594,2482645,635557120,635.55712,181,199,136,1,20251021_025153
1760982640.596578,2482684,635567104,635.567104,185,199,138,1,20251021_025153
1760982640.606562,2482723,635577088,635.577088,188,198,138,1,20251021_025153
1760982640.6165457,2482762,635587072,635.587072,191,199,140,1,20251021_025153
1760982640.6265297,2482801,635597056,635.597056,194,200,142,1,20251021_025153
1760982640.6365137,2482840,635607040,635.60704,197,198,140,1,20251021_025153
1760982640.6464975,2482879,635617024,635.617024,200,199,142,1,20251021_025153
1760982640.6564815,2482918,635627008,635.627008,204,198,142,1,20251021_025153
1760982640.6664658,2482957,635636992,635.636992,207,200,144,1,20251021_025153
1760982640.6764498,2482996,635646976,635.646976,210,199,144,1,20251021_025153
1760982640.6864338,2483035,635656960,635.65696,213,199,144,1,20251021_025153
1760982640.6964178,2483074,635666944,635.666944,216,199,144,1,20251021_025153
1760982640.7064018,2483113,635676928,635.676928,220,199,144,1,20251021_025153
1760982640.7163858,2483152,635686912,635.686912,223,200,145,1,20251021_025153
1760982640.72637,2483191,635696896,635.696896,226,199,146,1,20251021_025153
1760982640.7366097,2483231,635707136,635.707136,229,199,145,1,20251021_025153
1760982640.7465937,2483270,635717120,635.71712,232,200,144,1,20251021_025153
1760982640.7565775,2483309,635727104,635.727104,235,199,146,1,20251021_025153
1760982640.7665615,2483348,635737088,635.737088,239,200,146,1,20251021_025153
1760982640.7765458,2483387,635747072,635.747072,242,201,145,1,20251021_025153
1760982640.7865298,2483426,635757056,635.757056,245,200,146,1,20251021_025153
1760982640.7965138,2483465,635767040,635.76704,248,200,147,1,20251021_025153
1760982640.8064978,2483504,635777024,635.777024,251,199,146,1,20251021_025153
1760982640.8164818,2483543,635787008,635.787008,0,199,146,1,20251021_025153
1760982640.8264658,2483582,635796992,635.796992,3,200,146,1,20251021_025153
1760982640.83645,2483621,635806976,635.806976,6,199,144,1,20251021_025153
1760982640.846434,2483660,635816960,635.81696,9,199,142,1,20251021_025153
1760982640.856418,2483699,635826944,635.826944,12,200,143,1,20251021_025153
1760982640.8664017,2483738,635836928,635.836928,16,200,142,1,20251021_025153
1760982640.8766418,2483778,635847168,635.847168,19,199,140,1,20251021_025153
1760982640.8866258,2483817,635857152,635.857152,22,201,139,1,20251021_025153
1760982640.8966098,2483856,635867136,635.867136,25,200,140,1,20251021_025153
1760982640.9065938,2483895,635877120,635.87712,28,201,136,1,20251021_025153
1760982640.9165778,2483934,635887104,635.887104,31,200,132,1,20251021_025153
1760982640.9265618,2483973,635897088,635.897088,35,199,128,1,20251021_025153
1760982640.9365458,2484012,635907072,635.907072,38,200,127,1,20251021_025153
1760982640.94653,2484051,635917056,635.917056,41,200,122,1,20251021_025153
1760982640.956514,2484090,635927040,635.92704,44,200,109,1,20251021_025153
1760982640.966498,2484129,635937024,635.937024,47,200,102,1,20251021_025153
1760982640.9764817,2484168,635947008,635.947008,51,199,95,1,20251021_025153
1760982640.9864657,2484207,635956992,635.956992,54,200,91,1,20251021_025153
1760982640.9964497,2484246,635966976,635.966976,57,200,88,1,20251021_025153
1760982641.0064335,2484285,635976960,635.97696,60,199,85,1,20251021_025153
1760982641.0164175,2484324,635986944,635.986944,63,199,84,1,20251021_025153
1760982641.0266578,2484364,635997184,635.997184,67,199,84,1,20251021_025153
1760982641.0366418,2484403,636007168,636.007168,70,199,84,1,20251021_025153
1760982641.046626,2484442,636017152,636.017152,73,199,84,1,20251021_025153
1760982641.05661,2484481,636027136,636.027136,76,199,84,1,20251021_025153
1760982641.066594,2484520,636037120,636.03712,79,200,85,1,20251021_025153
1760982641.0765777,2484559,636047104,636.047104,82,200,85,1,20251021_025153
1760982641.0865617,2484598,636057088,636.057088,86,199,85,1,20251021_025153
1760982641.0965457,2484637,636067072,636.067072,89,199,85,1,20251021_025153
1760982641.1065297,2484676,636077056,636.077056,92,199,85,1,20251021_025153
1760982641.1165135,2484715,636087040,636.08704,95,199,86,1,20251021_025153
1760982641.1264975,2484754,636097024,636.097024,98,198,84,1,20251021_025153
1760982641.1364818,2484793,636107008,636.107008,102,199,86,1,20251021_025153
1760982641.1464658,2484832,636116992,636.116992,105,198,85,1,20251021_025153
1760982641.1564498,2484871,636126976,636.126976,108,199,86,1,20251021_025153
1760982641.16669,2484911,636137216,636.137216,111,199,87,1,20251021_025153
1760982641.176674,2484950,636147200,636.1472,114,198,85,1,20251021_025153
1760982641.1866577,2484989,636157184,636.157184,118,199,86,1,20251021_025153
1760982641.1966417,2485028,636167168,636.167168,121,198,86,1,20251021_025153
1760982641.2066257,2485067,636177152,636.177152,124,199,85,1,20251021_025153
1760982641.2166097,2485106,636187136,636.187136,127,199,86,1,20251021_025153
1760982641.2265935,2485145,636197120,636.19712,130,198,85,1,20251021_025153
1760982641.2365775,2485184,636207104,636.207104,133,199,86,1,20251021_025153
1760982641.2465618,2485223,636217088,636.217088,137,199,86,1,20251021_025153
1760982641.2565458,2485262,636227072,636.227072,140,199,87,1,20251021_025153
1760982641.266786,2485302,636237312,636.237312,143,198,86,1,20251021_025153
1760982641.27677,2485341,636247296,636.247296,146,198,88,1,20251021_025153
1760982641.286754,2485380,636257280,636.25728,149,199,88,1,20251021_025153
1760982641.2967377,2485419,636267264,636.267264,153,199,88,1,20251021_025153
1760982641.3067217,2485458,636277248,636.277248,156,198,89,1,20251021_025153
1760982641.3167057,2485497,636287232,636.287232,159,198,89,1,20251021_025153
1760982641.3266895,2485536,636297216,636.297216,162,198,90,1,20251021_025153
1760982641.3369298,2485576,636307456,636.307456,165,199,91,1,20251021_025153
1760982641.3469138,2485615,636317440,636.31744,169,198,95,1,20251021_025153
1760982641.3568978,2485654,636327424,636.327424,172,199,99,1,20251021_025153
1760982641.3668818,2485693,636337408,636.337408,175,199,105,1,20251021_025153
1760982641.376866,2485732,636347392,636.347392,178,198,112,1,20251021_025153
1760982641.38685,2485771,636357376,636.357376,181,199,116,1,20251021_025153
1760982641.396834,2485810,636367360,636.36736,185,198,121,1,20251021_025153
1760982641.4070735,2485850,636377600,636.3776,188,198,124,1,20251021_025153
1760982641.4170578,2485889,636387584,636.387584,191,198,127,1,20251021_025153
1760982641.4270418,2485928,636397568,636.397568,194,199,132,1,20251021_025153
1760982641.4370258,2485967,636407552,636.407552,197,199,135,1,20251021_025153
1760982641.4470098,2486006,636417536,636.417536,200,199,136,1,20251021_025153
1760982641.4569938,2486045,636427520,636.42752,204,199,137,1,20251021_025153
1760982641.4669778,2486084,636437504,636.437504,207,199,138,1,20251021_025153
1760982641.4772177,2486124,636447744,636.447744,210,199,139,1,20251021_025153
1760982641.4872017,2486163,636457728,636.457728,213,199,140,1,20251021_025153
1760982641.4971857,2486202,636467712,636.467712,216,199,140,1,20251021_025153
1760982641.5071695,2486241,636477696,636.477696,220,199,141,1,20251021_025153
1760982641.5171535,2486280,636487680,636.48768,223,199,140,1,20251021_025153
1760982641.5271378,2486319,636497664,636.497664,226,199,141,1,20251021_025153
1760982641.5371218,2486358,636507648,636.507648,229,200,143,1,20251021_025153
1760982641.547362,2486398,636517888,636.517888,232,199,142,1,20251021_025153
1760982641.557346,2486437,636527872,636.527872,236,199,143,1,20251021_025153
1760982641.56733,2486476,636537856,636.537856,239,199,143,1,20251021_025153
1760982641.577314,2486515,636547840,636.54784,242,199,142,1,20251021_025153
1760982641.5872977,2486554,636557824,636.557824,245,199,144,1,20251021_025153
1760982641.5972817,2486593,636567808,636.567808,248,200,142,1,20251021_025153
1760982641.6072657,2486632,636577792,636.577792,252,200,143,1,20251021_025153
1760982641.6172495,2486671,636587776,636.587776,0,200,144,1,20251021_025153
1760982641.6274898,2486711,636598016,636.598016,3,200,144,1,20251021_025153
1760982641.6374738,2486750,636608000,636.608,6,200,145,1,20251021_025153
1760982641.6474578,2486789,636617984,636.617984,9,199,142,1,20251021_025153
1760982641.657442,2486828,636627968,636.627968,13,200,144,1,20251021_025153
1760982641.667426,2486867,636637952,636.637952,16,199,143,1,20251021_025153
1760982641.67741,2486906,636647936,636.647936,19,200,143,1,20251021_025153
1760982641.6873937,2486945,636657920,636.65792,22,200,144,1,20251021_025153
1760982641.6973777,2486984,636667904,636.667904,25,200,142,1,20251021_025153
1760982641.7073617,2487023,636677888,636.677888,28,200,142,1,20251021_025153
1760982641.7173457,2487062,636687872,636.687872,32,199,139,1,20251021_025153
1760982641.7273295,2487101,636697856,636.697856,35,199,136,1,20251021_025153
1760982641.7375698,2487141,636708096,636.708096,38,200,135,1,20251021_025153
1760982641.7475538,2487180,636718080,636.71808,41,199,132,1,20251021_025153
1760982641.7575378,2487219,636728064,636.728064,44,199,128,1,20251021_025153
1760982641.767522,2487258,636738048,636.738048,48,199,123,1,20251021_025153
1760982641.777506,2487297,636748032,636.748032,51,200,116,1,20251021_025153
1760982641.78749,2487336,636758016,636.758016,54,200,108,1,20251021_025153
1760982641.7974737,2487375,636768000,636.768,57,199,100,1,20251021_025153
1760982641.8074577,2487414,636777984,636.777984,60,200,94,1,20251021_025153
1760982641.8174417,2487453,636787968,636.787968,64,199,90,1,20251021_025153
1760982641.8274257,2487492,636797952,636.797952,67,200,87,1,20251021_025153
1760982641.8374095,2487531,636807936,636.807936,70,199,84,1,20251021_025153
1760982641.8473938,2487570,636817920,636.81792,73,199,83,1,20251021_025153
1760982641.8573778,2487609,636827904,636.827904,76,199,83,1,20251021_025153
1760982641.8673618,2487648,636837888,636.837888,79,200,85,1,20251021_025153
1760982641.8773458,2487687,636847872,636.847872,83,199,85,1,20251021_025153
1760982641.887586,2487727,636858112,636.858112,86,199,84,1,20251021_025153
1760982641.89757,2487766,636868096,636.868096,89,199,83,1,20251021_025153
1760982641.9075537,2487805,636878080,636.87808,92,199,84,1,20251021_025153
1760982641.9175377,2487844,636888064,636.888064,95,198,84,1,20251021_025153
1760982641.9275217,2487883,636898048,636.898048,99,198,85,1,20251021_025153
1760982641.9375055,2487922,636908032,636.908032,102,198,85,1,20251021_025153
1760982641.9474895,2487961,636918016,636.918016,105,198,85,1,20251021_025153
1760982641.9574738,2488000,636928000,636.928,108,198,85,1,20251021_025153
1760982641.9674578,2488039,636937984,636.937984,111,198,85,1,20251021_025153
1760982641.9774418,2488078,636947968,636.947968,114,198,85,1,20251021_025153
1760982641.9874258,2488117,636957952,636.957952,118,198,85,1,20251021_025153
1760982641.9974098,2488156,636967936,636.967936,121,198,87,1,20251021_025153
1760982642.0073938,2488195,636977920,636.97792,124,199,87,1,20251021_025153
1760982642.017378,2488234,636987904,636.987904,127,198,87,1,20251021_025153
1760982642.0276177,2488274,636998144,636.998144,130,199,88,1,20251021_025153
1760982642.0376017,2488313,637008128,637.008128,134,199,88,1,20251021_025153
1760982642.0475855,2488352,637018112,637.018112,137,199,89,1,20251021_025153
1760982642.0575695,2488391,637028096,637.028096,140,198,89,1,20251021_025153
1760982642.0675538,2488430,637038080,637.03808,143,198,90,1,20251021_025153
1760982642.0775378,2488469,637048064,637.048064,146,199,91,1,20251021_025153
1760982642.0875218,2488508,637058048,637.058048,150,199,93,1,20251021_025153
1760982642.0975058,2488547,637068032,637.068032,153,198,95,1,20251021_025153
1760982642.1074898,2488586,637078016,637.078016,156,199,100,1,20251021_025153
1760982642.1174738,2488625,637088000,637.088,159,199,106,1,20251021_025153
1760982642.127458,2488664,637097984,637.097984,162,199,111,1,20251021_025153
1760982642.137442,2488703,637107968,637.107968,165,199,116,1,20251021_025153
1760982642.147426,2488742,637117952,637.117952,169,200,122,1,20251021_025153
1760982642.1574097,2488781,637127936,637.127936,172,199,125,1,20251021_025153
1760982642.1673937,2488820,637137920,637.13792,175,199,127,1,20251021_025153
1760982642.1776338,2488860,637148160,637.14816,179,199,134,1,20251021_025153
1760982642.1876178,2488899,637158144,637.158144,184,199,135,1,20251021_025153
1760982642.1976018,2488938,637168128,637.168128,188,198,135,1,20251021_025153
1760982642.2075858,2488977,637178112,637.178112,193,198,135,1,20251021_025153
1760982642.2175698,2489016,637188096,637.188096,197,199,138,1,20251021_025153
1760982642.2275538,2489055,637198080,637.19808,202,199,139,1,20251021_025153
1760982642.237538,2489094,637208064,637.208064,206,199,140,1,20251021_025153
1760982642.247522,2489133,637218048,637.218048,210,198,138,1,20251021_025153
1760982642.257506,2489172,637228032,637.228032,215,198,140,1,20251021_025153
1760982642.2674897,2489211,637238016,637.238016,219,199,142,1,20251021_025153
1760982642.2774737,2489250,637248000,637.248,223,199,140,1,20251021_025153
1760982642.2874577,2489289,637257984,637.257984,227,199,142,1,20251021_025153
1760982642.2974415,2489328,637267968,637.267968,230,199,143,1,20251021_025153
1760982642.3076818,2489368,637278208,637.278208,234,199,143,1,20251021_025153
1760982642.3176658,2489407,637288192,637.288192,237,199,142,1,20251021_025153
1760982642.3276498,2489446,637298176,637.298176,241,199,144,1,20251021_025153
1760982642.3376338,2489485,637308160,637.30816,244,200,144,1,20251021_025153
1760982642.347618,2489524,637318144,637.318144,247,199,144,1,20251021_025153
1760982642.357602,2489563,637328128,637.328128,250,199,143,1,20251021_025153
1760982642.367586,2489602,637338112,637.338112,253,200,143,1,20251021_025153
1760982642.3775697,2489641,637348096,637.348096,0,200,142,1,20251021_025153
1760982642.3875537,2489680,637358080,637.35808,3,200,142,1,20251021_025153
1760982642.3975377,2489719,637368064,637.368064,5,200,141,1,20251021_025153
1760982642.4075215,2489758,637378048,637.378048,8,200,140,1,20251021_025153
1760982642.4175055,2489797,637388032,637.388032,10,200,138,1,20251021_025153
1760982642.4274898,2489836,637398016,637.398016,13,200,135,1,20251021_025153
1760982642.4374738,2489875,637408000,637.408,15,200,134,1,20251021_025153
1760982642.4474578,2489914,637417984,637.417984,18,199,130,1,20251021_025153
1760982642.457698,2489954,637428224,637.428224,20,200,129,1,20251021_025153
1760982642.467682,2489993,637438208,637.438208,23,200,127,1,20251021_025153
1760982642.4776657,2490032,637448192,637.448192,25,199,124,1,20251021_025153
1760982642.4876497,2490071,637458176,637.458176,28,199,115,1,20251021_025153
1760982642.4976337,2490110,637468160,637.46816,32,199,110,1,20251021_025153
1760982642.5076177,2490149,637478144,637.478144,35,200,105,1,20251021_025153
1760982642.5176015,2490188,637488128,637.488128,39,200,101,1,20251021_025153
1760982642.5275855,2490227,637498112,637.498112,43,200,96,1,20251021_025153
1760982642.5375698,2490266,637508096,637.508096,48,199,91,1,20251021_025153
1760982642.5475538,2490305,637518080,637.51808,52,200,89,1,20251021_025153
1760982642.5575378,2490344,637528064,637.528064,57,199,87,1,20251021_025153
1760982642.5675218,2490383,637538048,637.538048,62,199,84,1,20251021_025153
1760982642.5775058,2490422,637548032,637.548032,67,200,86,1,20251021_025153
1760982642.5874898,2490461,637558016,637.558016,72,198,83,1,20251021_025153
1760982642.5977297,2490501,637568256,637.568256,77,198,84,1,20251021_025153
1760982642.6077137,2490540,637578240,637.57824,81,199,84,1,20251021_025153
1760982642.6176977,2490579,637588224,637.588224,86,199,84,1,20251021_025153
1760982642.6276815,2490618,637598208,637.598208,90,198,84,1,20251021_025153
1760982642.6376655,2490657,637608192,637.608192,94,198,83,1,20251021_025153
1760982642.6476498,2490696,637618176,637.618176,98,198,84,1,20251021_025153
1760982642.6576338,2490735,637628160,637.62816,102,198,84,1,20251021_025153
1760982642.6676178,2490774,637638144,637.638144,106,198,84,1,20251021_025153
1760982642.6776018,2490813,637648128,637.648128,109,198,85,1,20251021_025153
1760982642.6875858,2490852,637658112,637.658112,112,198,85,1,20251021_025153
1760982642.6975698,2490891,637668096,637.668096,116,198,86,1,20251021_025153
1760982642.707554,2490930,637678080,637.67808,119,198,86,1,20251021_025153
1760982642.717538,2490969,637688064,637.688064,122,198,87,1,20251021_025153
1760982642.727522,2491008,637698048,637.698048,124,199,88,1,20251021_025153
1760982642.7377615,2491048,637708288,637.708288,127,198,88,1,20251021_025153
1760982642.7477458,2491087,637718272,637.718272,130,198,89,1,20251021_025153
1760982642.7577298,2491126,637728256,637.728256,132,199,91,1,20251021_025153
1760982642.7677138,2491165,637738240,637.73824,135,199,92,1,20251021_025153
1760982642.7776978,2491204,637748224,637.748224,137,198,96,1,20251021_025153
1760982642.7876818,2491243,637758208,637.758208,140,198,100,1,20251021_025153
1760982642.7976658,2491282,637768192,637.768192,143,199,109,1,20251021_025153
1760982642.80765,2491321,637778176,637.778176,146,198,113,1,20251021_025153
1760982642.817634,2491360,637788160,637.78816,149,199,118,1,20251021_025153
1760982642.827618,2491399,637798144,637.798144,153,199,122,1,20251021_025153
1760982642.837602,2491438,637808128,637.808128,157,199,126,1,20251021_025153
1760982642.8475857,2491477,637818112,637.818112,161,199,127,1,20251021_025153
1760982642.8575697,2491516,637828096,637.828096,165,199,133,1,20251021_025153
1760982642.8675537,2491555,637838080,637.83808,169,199,135,1,20251021_025153
1760982642.8775375,2491594,637848064,637.848064,174,198,135,1,20251021_025153
1760982642.8877778,2491634,637858304,637.858304,178,199,136,1,20251021_025153
1760982642.8977618,2491673,637868288,637.868288,183,199,138,1,20251021_025153
1760982642.9077458,2491712,637878272,637.878272,188,198,139,1,20251021_025153
1760982642.91773,2491751,637888256,637.888256,192,199,139,1,20251021_025153
1760982642.927714,2491790,637898240,637.89824,197,198,139,1,20251021_025153
1760982642.937698,2491829,637908224,637.908224,202,198,139,1,20251021_025153
1760982642.9476817,2491868,637918208,637.918208,206,198,140,1,20251021_025153
1760982642.9576657,2491907,637928192,637.928192,211,199,141,1,20251021_025153
1760982642.9676497,2491946,637938176,637.938176,215,198,140,1,20251021_025153
1760982642.9776337,2491985,637948160,637.94816,219,198,141,1,20251021_025153
1760982642.9876175,2492024,637958144,637.958144,223,198,142,1,20251021_025153
1760982642.9976015,2492063,637968128,637.968128,227,199,141,1,20251021_025153
1760982643.0075858,2492102,637978112,637.978112,231,198,142,1,20251021_025153
1760982643.0175698,2492141,637988096,637.988096,234,199,142,1,20251021_025153
1760982643.0275538,2492180,637998080,637.99808,238,199,142,1,20251021_025153
1760982643.037794,2492220,638008320,638.00832,241,199,143,1,20251021_025153
1760982643.047778,2492259,638018304,638.018304,244,200,144,1,20251021_025153
1760982643.0577617,2492298,638028288,638.028288,247,200,142,1,20251021_025153
1760982643.0677457,2492337,638038272,638.038272,250,199,143,1,20251021_025153
1760982643.0777297,2492376,638048256,638.048256,253,200,143,1,20251021_025153
1760982643.0877137,2492415,638058240,638.05824,1,200,143,1,20251021_025153
1760982643.0976975,2492454,638068224,638.068224,3,200,142,1,20251021_025153
1760982643.1076818,2492493,638078208,638.078208,6,199,141,1,20251021_025153
1760982643.1176658,2492532,638088192,638.088192,8,200,141,1,20251021_025153
1760982643.1276498,2492571,638098176,638.098176,10,200,140,1,20251021_025153
1760982643.1376338,2492610,638108160,638.10816,13,199,137,1,20251021_025153
1760982643.1476178,2492649,638118144,638.118144,15,199,134,1,20251021_025153
1760982643.1576018,2492688,638128128,638.128128,17,199,132,1,20251021_025153
1760982643.1675858,2492727,638138112,638.138112,20,199,131,1,20251021_025153
1760982643.1778257,2492767,638148352,638.148352,22,201,129,1,20251021_025153
1760982643.1878097,2492806,638158336,638.158336,25,199,127,1,20251021_025153
1760982643.1977935,2492845,638168320,638.16832,27,200,124,1,20251021_025153
1760982643.2077775,2492884,638178304,638.178304,30,200,117,1,20251021_025153
1760982643.2177618,2492923,638188288,638.188288,33,200,112,1,20251021_025153
1760982643.2277458,2492962,638198272,638.198272,37,199,107,1,20251021_025153
1760982643.2377298,2493001,638208256,638.208256,40,200,103,1,20251021_025153
1760982643.2477138,2493040,638218240,638.21824,45,198,98,1,20251021_025153
1760982643.2576978,2493079,638228224,638.228224,49,198,94,1,20251021_025153
1760982643.2676818,2493118,638238208,638.238208,54,199,89,1,20251021_025153
1760982643.277666,2493157,638248192,638.248192,58,199,84,1,20251021_025153
1760982643.28765,2493196,638258176,638.258176,63,199,85,1,20251021_025153
1760982643.297634,2493235,638268160,638.26816,68,199,83,1,20251021_025153
1760982643.3076177,2493274,638278144,638.278144,73,199,84,1,20251021_025153
1760982643.3176017,2493313,638288128,638.288128,78,199,85,1,20251021_025153
1760982643.3278418,2493353,638298368,638.298368,82,198,84,1,20251021_025153
1760982643.3378258,2493392,638308352,638.308352,87,199,84,1,20251021_025153
1760982643.3478098,2493431,638318336,638.318336,91,199,85,1,20251021_025153
1760982643.3577938,2493470,638328320,638.32832,95,199,85,1,20251021_025153
1760982643.3677778,2493509,638338304,638.338304,99,199,86,1,20251021_025153
1760982643.3777618,2493548,638348288,638.348288,103,198,84,1,20251021_025153
1760982643.387746,2493587,638358272,638.358272,106,198,85,1,20251021_025153
1760982643.39773,2493626,638368256,638.368256,110,198,85,1,20251021_025153
1760982643.407714,2493665,638378240,638.37824,113,198,84,1,20251021_025153
1760982643.4176977,2493704,638388224,638.388224,116,198,86,1,20251021_025153
1760982643.4276817,2493743,638398208,638.398208,119,199,86,1,20251021_025153
1760982643.4376657,2493782,638408192,638.408192,122,198,86,1,20251021_025153
1760982643.4476497,2493821,638418176,638.418176,125,198,87,1,20251021_025153
1760982643.4576335,2493860,638428160,638.42816,128,198,87,1,20251021_025153
1760982643.4678738,2493900,638438400,638.4384,130,198,87,1,20251021_025153
1760982643.4778578,2493939,638448384,638.448384,133,198,88,1,20251021_025153
1760982643.4878418,2493978,638458368,638.458368,135,198,87,1,20251021_025153
1760982643.497826,2494017,638468352,638.468352,137,198,89,1,20251021_025153
1760982643.50781,2494056,638478336,638.478336,140,198,89,1,20251021_025153
1760982643.517794,2494095,638488320,638.48832,142,198,89,1,20251021_025153
1760982643.5277777,2494134,638498304,638.498304,144,198,90,1,20251021_025153
1760982643.5377617,2494173,638508288,638.508288,147,198,92,1,20251021_025153
1760982643.5477457,2494212,638518272,638.518272,149,198,94,1,20251021_025153
1760982643.5577295,2494251,638528256,638.528256,151,198,96,1,20251021_025153
1760982643.5677135,2494290,638538240,638.53824,153,199,99,1,20251021_025153
1760982643.5776978,2494329,638548224,638.548224,156,198,103,1,20251021_025153
1760982643.5876818,2494368,638558208,638.558208,159,198,107,1,20251021_025153
1760982643.5976658,2494407,638568192,638.568192,162,198,113,1,20251021_025153
1760982643.607906,2494447,638578432,638.578432,165,198,117,1,20251021_025153
1760982643.61789,2494486,638588416,638.588416,169,198,121,1,20251021_025153
1760982643.627874,2494525,638598400,638.5984,172,198,124,1,20251021_025153
1760982643.6378577,2494564,638608384,638.608384,176,198,127,1,20251021_025153
1760982643.6478417,2494603,638618368,638.618368,180,198,127,1,20251021_025153
1760982643.6578257,2494642,638628352,638.628352,184,198,128,1,20251021_025153
1760982643.6678095,2494681,638638336,638.638336,189,198,134,1,20251021_025153
1760982643.6777935,2494720,638648320,638.64832,193,198,136,1,20251021_025153
1760982643.6877778,2494759,638658304,638.658304,198,198,136,1,20251021_025153
1760982643.6977618,2494798,638668288,638.668288,202,198,138,1,20251021_025153
1760982643.7077458,2494837,638678272,638.678272,207,198,138,1,20251021_025153
1760982643.7177298,2494876,638688256,638.688256,211,198,139,1,20251021_025153
1760982643.7277138,2494915,638698240,638.69824,215,198,139,1,20251021_025153
1760982643.7376978,2494954,638708224,638.708224,219,198,139,1,20251021_025153
1760982643.747682,2494993,638718208,638.718208,223,198,139,1,20251021_025153
1760982643.7579217,2495033,638728448,638.728448,227,198,140,1,20251021_025153
1760982643.7679057,2495072,638738432,638.738432,231,198,140,1,20251021_025153
1760982643.7778895,2495111,638748416,638.748416,234,199,141,1,20251021_025153
1760982643.7878735,2495150,638758400,638.7584,238,199,142,1,20251021_025153
1760982643.7978578,2495189,638768384,638.768384,241,198,140,1,20251021_025153
1760982643.8078418,2495228,638778368,638.778368,244,199,142,1,20251021_025153
1760982643.8178258,2495267,638788352,638.788352,247,198,141,1,20251021_025153
1760982643.8278098,2495306,638798336,638.798336,250,199,141,1,20251021_025153
1760982643.8377938,2495345,638808320,638.80832,253,198,140,1,20251021_025153
1760982643.8477778,2495384,638818304,638.818304,1,199,140,1,20251021_025153
1760982643.857762,2495423,638828288,638.828288,3,199,139,1,20251021_025153
1760982643.867746,2495462,638838272,638.838272,6,199,139,1,20251021_025153
1760982643.87773,2495501,638848256,638.848256,8,199,138,1,20251021_025153
1760982643.8877137,2495540,638858240,638.85824,10,199,136,1,20251021_025153
1760982643.8979535,2495580,638868480,638.86848,13,199,133,1,20251021_025153
1760982643.9079378,2495619,638878464,638.878464,15,198,130,1,20251021_025153
1760982643.9179218,2495658,638888448,638.888448,18,199,130,1,20251021_025153
1760982643.9279058,2495697,638898432,638.898432,20,199,128,1,20251021_025153
1760982643.9378898,2495736,638908416,638.908416,23,199,127,1,20251021_025153
1760982643.9478738,2495775,638918400,638.9184,25,199,122,1,20251021_025153
1760982643.9578578,2495814,638928384,638.928384,28,198,115,1,20251021_025153
1760982643.967842,2495853,638938368,638.938368,31,199,111,1,20251021_025153
1760982643.977826,2495892,638948352,638.948352,35,199,106,1,20251021_025153
1760982643.98781,2495931,638958336,638.958336,39,198,100,1,20251021_025153
1760982643.9977937,2495970,638968320,638.96832,43,199,97,1,20251021_025153
1760982644.0077777,2496009,638978304,638.978304,47,199,93,1,20251021_025153
1760982644.0177617,2496048,638988288,638.988288,52,198,87,1,20251021_025153
1760982644.0277455,2496087,638998272,638.998272,57,199,87,1,20251021_025153
1760982644.0379858,2496127,639008512,639.008512,62,198,85,1,20251021_025153
1760982644.0479698,2496166,639018496,639.018496,66,199,86,1,20251021_025153
1760982644.0579538,2496205,639028480,639.02848,71,198,83,1,20251021_025153
1760982644.067938,2496244,639038464,639.038464,76,199,85,1,20251021_025153
1760982644.077922,2496283,639048448,639.048448,81,198,85,1,20251021_025153
1760982644.087906,2496322,639058432,639.058432,85,198,85,1,20251021_025153
1760982644.09789,2496361,639068416,639.068416,89,198,85,1,20251021_025153
1760982644.1078737,2496400,639078400,639.0784,94,198,85,1,20251021_025153
1760982644.1178577,2496439,639088384,639.088384,98,198,84,1,20251021_025153
1760982644.1278417,2496478,639098368,639.098368,101,197,84,1,20251021_025153
1760982644.1378255,2496517,639108352,639.108352,105,198,85,1,20251021_025153
1760982644.1478095,2496556,639118336,639.118336,109,197,84,1,20251021_025153
1760982644.1577938,2496595,639128320,639.12832,112,197,85,1,20251021_025153
1760982644.1680338,2496635,639138560,639.13856,115,197,85,1,20251021_025153
1760982644.178018,2496674,639148544,639.148544,118,197,84,1,20251021_025153
1760982644.188002,2496713,639158528,639.158528,121,198,86,1,20251021_025153
1760982644.197986,2496752,639168512,639.168512,124,197,86,1,20251021_025153
1760982644.2079697,2496791,639178496,639.178496,127,197,86,1,20251021_025153
1760982644.2179537,2496830,639188480,639.18848,129,197,86,1,20251021_025153
1760982644.2279377,2496869,639198464,639.198464,132,197,87,1,20251021_025153
1760982644.2379217,2496908,639208448,639.208448,134,197,86,1,20251021_025153
1760982644.2479055,2496947,639218432,639.218432,137,197,88,1,20251021_025153
1760982644.2578895,2496986,639228416,639.228416,139,197,88,1,20251021_025153
1760982644.2678738,2497025,639238400,639.2384,141,197,89,1,20251021_025153
1760982644.2778578,2497064,639248384,639.248384,143,198,90,1,20251021_025153
1760982644.2878418,2497103,639258368,639.258368,146,198,91,1,20251021_025153
1760982644.2978258,2497142,639268352,639.268352,148,197,90,1,20251021_025153
1760982644.3078098,2497181,639278336,639.278336,150,198,93,1,20251021_025153
1760982644.3180497,2497221,639288576,639.288576,152,198,95,1,20251021_025153
1760982644.3280337,2497260,639298560,639.29856,154,197,96,1,20251021_025153
1760982644.3380177,2497299,639308544,639.308544,157,198,99,1,20251021_025153
1760982644.3480017,2497338,639318528,639.318528,159,197,102,1,20251021_025153
1760982644.3579855,2497377,639328512,639.328512,162,198,107,1,20251021_025153
1760982644.3679698,2497416,639338496,639.338496,165,198,111,1,20251021_025153
1760982644.3779538,2497455,639348480,639.34848,168,198,116,1,20251021_025153
1760982644.3879378,2497494,639358464,639.358464,172,198,119,1,20251021_025153
1760982644.3979218,2497533,639368448,639.368448,175,197,121,1,20251021_025153
1760982644.4079058,2497572,639378432,639.378432,179,198,125,1,20251021_025153
1760982644.4178898,2497611,639388416,639.388416,183,198,127,1,20251021_025153
1760982644.4278738,2497650,639398400,639.3984,187,198,128,1,20251021_025153
1760982644.437858,2497689,639408384,639.408384,192,198,132,1,20251021_025153
1760982644.447842,2497728,639418368,639.418368,196,198,135,1,20251021_025153
1760982644.4580815,2497768,639428608,639.428608,201,198,136,1,20251021_025153
1760982644.4680655,2497807,639438592,639.438592,205,197,136,1,20251021_025153
1760982644.4780498,2497846,639448576,639.448576,209,198,138,1,20251021_025153
1760982644.4880338,2497885,639458560,639.45856,214,198,139,1,20251021_025153
1760982644.4980178,2497924,639468544,639.468544,218,198,139,1,20251021_025153
1760982644.5080018,2497963,639478528,639.478528,222,198,139,1,20251021_025153
1760982644.5179858,2498002,639488512,639.488512,226,198,140,1,20251021_025153
1760982644.5279698,2498041,639498496,639.498496,230,198,140,1,20251021_025153
1760982644.537954,2498080,639508480,639.50848,233,198,140,1,20251021_025153
1760982644.547938,2498119,639518464,639.518464,237,198,141,1,20251021_025153
1760982644.557922,2498158,639528448,639.528448,240,198,141,1,20251021_025153
1760982644.5679057,2498197,639538432,639.538432,243,199,142,1,20251021_025153
1760982644.5778897,2498236,639548416,639.548416,246,198,141,1,20251021_025153
1760982644.5878737,2498275,639558400,639.5584,249,198,141,1,20251021_025153
1760982644.5981138,2498315,639568640,639.56864,252,198,142,1,20251021_025153
1760982644.6080978,2498354,639578624,639.578624,0,198,143,1,20251021_025153
1760982644.6180818,2498393,639588608,639.588608,2,198,142,1,20251021_025153
1760982644.6280658,2498432,639598592,639.598592,5,198,140,1,20251021_025153
1760982644.6380498,2498471,639608576,639.608576,7,198,140,1,20251021_025153
1760982644.648034,2498510,639618560,639.61856,9,199,140,1,20251021_025153
1760982644.658018,2498549,639628544,639.628544,12,199,139,1,20251021_025153
1760982644.668002,2498588,639638528,639.638528,14,199,139,1,20251021_025153
1760982644.6779857,2498627,639648512,639.648512,16,198,138,1,20251021_025153
1760982644.6879697,2498666,639658496,639.658496,18,198,137,1,20251021_025153
1760982644.6979537,2498705,639668480,639.66848,20,198,137,1,20251021_025153
1760982644.7079377,2498744,639678464,639.678464,22,199,137,1,20251021_025153
1760982644.7179215,2498783,639688448,639.688448,24,199,137,1,20251021_025153
1760982644.7279058,2498822,639698432,639.698432,26,198,134,1,20251021_025153
1760982644.7378898,2498861,639708416,639.708416,28,198,134,1,20251021_025153
1760982644.7481298,2498901,639718656,639.718656,30,198,132,1,20251021_025153
1760982644.758114,2498940,639728640,639.72864,32,198,132,1,20251021_025153
1760982644.768098,2498979,639738624,639.738624,34,198,129,1,20251021_025153
1760982644.778082,2499018,639748608,639.748608,36,199,130,1,20251021_025153
1760982644.7880657,2499057,639758592,639.758592,39,198,127,1,20251021_025153
1760982644.7980497,2499096,639768576,639.768576,41,198,127,1,20251021_025153
1760982644.8080337,2499135,639778560,639.77856,43,198,126,1,20251021_025153
1760982644.8180175,2499174,639788544,639.788544,46,199,122,1,20251021_025153
1760982644.8280015,2499213,639798528,639.798528,49,198,115,1,20251021_025153
1760982644.8379858,2499252,639808512,639.808512,52,198,110,1,20251021_025153
1760982644.8479698,2499291,639818496,639.818496,55,198,107,1,20251021_025153
1760982644.8579538,2499330,639828480,639.82848,59,198,103,1,20251021_025153
1760982644.8679378,2499369,639838464,639.838464,63,198,99,1,20251021_025153
1760982644.8779218,2499408,639848448,639.848448,67,198,97,1,20251021_025153
1760982644.8879058,2499447,639858432,639.858432,71,197,90,1,20251021_025153
1760982644.8981457,2499487,639868672,639.868672,76,198,90,1,20251021_025153
1760982644.9081297,2499526,639878656,639.878656,80,198,87,1,20251021_025153
1760982644.9181137,2499565,639888640,639.88864,85,198,85,1,20251021_025153
1760982644.9280975,2499604,639898624,639.898624,89,197,84,1,20251021_025153
1760982644.9380815,2499643,639908608,639.908608,93,197,84,1,20251021_025153
1760982644.9480658,2499682,639918592,639.918592,97,197,84,1,20251021_025153
1760982644.9580498,2499721,639928576,639.928576,101,198,85,1,20251021_025153
1760982644.9680338,2499760,639938560,639.93856,105,197,84,1,20251021_025153
1760982644.9780178,2499799,639948544,639.948544,108,198,86,1,20251021_025153
1760982644.9880018,2499838,639958528,639.958528,112,198,85,1,20251021_025153
1760982644.9979858,2499877,639968512,639.968512,115,197,86,1,20251021_025153
1760982645.00797,2499916,639978496,639.978496,118,198,87,1,20251021_025153
1760982645.017954,2499955,639988480,639.98848,121,197,86,1,20251021_025153
1760982645.027938,2499994,639998464,639.998464,124,197,86,1,20251021_025153
1760982645.0381775,2500034,640008704,640.008704,126,197,87,1,20251021_025153
1760982645.0481615,2500073,640018688,640.018688,129,197,89,1,20251021_025153
1760982645.0581458,2500112,640028672,640.028672,132,197,89,1,20251021_025153
1760982645.0681298,2500151,640038656,640.038656,134,197,90,1,20251021_025153
1760982645.0781138,2500190,640048640,640.04864,137,198,94,1,20251021_025153
1760982645.0880978,2500229,640058624,640.058624,139,198,95,1,20251021_025153
1760982645.0980818,2500268,640068608,640.068608,142,198,98,1,20251021_025153
1760982645.1080658,2500307,640078592,640.078592,144,198,104,1,20251021_025153
1760982645.11805,2500346,640088576,640.088576,147,197,109,1,20251021_025153
1760982645.128034,2500385,640098560,640.09856,150,198,113,1,20251021_025153
1760982645.138018,2500424,640108544,640.108544,154,198,117,1,20251021_025153
1760982645.1480017,2500463,640118528,640.118528,157,198,120,1,20251021_025153
1760982645.1579857,2500502,640128512,640.128512,161,198,124,1,20251021_025153
1760982645.1679697,2500541,640138496,640.138496,165,198,127,1,20251021_025153
1760982645.1779535,2500580,640148480,640.14848,169,199,132,1,20251021_025153
1760982645.1881938,2500620,640158720,640.15872,174,198,135,1,20251021_025153
1760982645.1981778,2500659,640168704,640.168704,179,198,136,1,20251021_025153
1760982645.2081618,2500698,640178688,640.178688,183,198,137,1,20251021_025153
1760982645.2181458,2500737,640188672,640.188672,188,198,137,1,20251021_025153
1760982645.22813,2500776,640198656,640.198656,193,199,138,1,20251021_025153
1760982645.238114,2500815,640208640,640.20864,198,198,139,1,20251021_025153
1760982645.248098,2500854,640218624,640.218624,202,198,140,1,20251021_025153
1760982645.2580817,2500893,640228608,640.228608,207,198,141,1,20251021_025153
1760982645.2680657,2500932,640238592,640.238592,212,198,141,1,20251021_025153
1760982645.2780497,2500971,640248576,640.248576,216,198,140,1,20251021_025153
1760982645.2880335,2501010,640258560,640.25856,220,198,141,1,20251021_025153
1760982645.2980175,2501049,640268544,640.268544,224,198,141,1,20251021_025153
1760982645.3080018,2501088,640278528,640.278528,228,198,142,1,20251021_025153
1760982645.3179858,2501127,640288512,640.288512,232,198,143,1,20251021_025153
1760982645.328226,2501167,640298752,640.298752,235,198,142,1,20251021_025153
1760982645.33821,2501206,640308736,640.308736,239,198,142,1,20251021_025153
1760982645.348194,2501245,640318720,640.31872,242,199,143,1,20251021_025153
1760982645.358178,2501284,640328704,640.328704,245,198,142,1,20251021_025153
1760982645.3681617,2501323,640338688,640.338688,248,199,142,1,20251021_025153
1760982645.3781457,2501362,640348672,640.348672,251,199,143,1,20251021_025153
1760982645.3881297,2501401,640358656,640.358656,254,199,142,1,20251021_025153
1760982645.3981135,2501440,640368640,640.36864,1,196,139,1,20251021_025153
1760982645.4080975,2501479,640378624,640.378624,4,198,140,1,20251021_025153
1760982645.4180818,2501518,640388608,640.388608,6,199,139,1,20251021_025153
1760982645.4280658,2501557,640398592,640.398592,8,199,138,1,20251021_025153
1760982645.4380498,2501596,640408576,640.408576,11,199,136,1,20251021_025153
1760982645.4480338,2501635,640418560,640.41856,13,199,134,1,20251021_025153
1760982645.4580178,2501674,640428544,640.428544,16,198,133,1,20251021_025153
1760982645.4680018,2501713,640438528,640.438528,18,198,129,1,20251021_025153
1760982645.4782417,2501753,640448768,640.448768,20,199,127,1,20251021_025153
1760982645.4882257,2501792,640458752,640.458752,23,199,127,1,20251021_025153
1760982645.4982097,2501831,640468736,640.468736,26,199,123,1,20251021_025153
1760982645.5081935,2501870,640478720,640.47872,28,198,117,1,20251021_025153
1760982645.5181775,2501909,640488704,640.488704,32,199,111,1,20251021_025153
1760982645.5281618,2501948,640498688,640.498688,35,199,106,1,20251021_025153
1760982645.5381458,2501987,640508672,640.508672,39,199,102,1,20251021_025153
1760982645.5481298,2502026,640518656,640.518656,43,198,99,1,20251021_025153
1760982645.5581138,2502065,640528640,640.52864,47,198,96,1,20251021_025153
1760982645.5680978,2502104,640538624,640.538624,52,199,93,1,20251021_025153
1760982645.5780818,2502143,640548608,640.548608,56,198,90,1,20251021_025153
1760982645.588066,2502182,640558592,640.558592,61,198,86,1,20251021_025153
1760982645.59805,2502221,640568576,640.568576,66,198,84,1,20251021_025153
1760982645.608034,2502260,640578560,640.57856,71,198,85,1,20251021_025153
1760982645.6182735,2502300,640588800,640.5888,75,198,85,1,20251021_025153
1760982645.6282578,2502339,640598784,640.598784,80,197,85,1,20251021_025153
1760982645.6382418,2502378,640608768,640.608768,85,198,85,1,20251021_025153
1760982645.6482258,2502417,640618752,640.618752,89,198,86,1,20251021_025153
1760982645.6582098,2502456,640628736,640.628736,93,198,86,1,20251021_025153
1760982645.6681938,2502495,640638720,640.63872,97,197,85,1,20251021_025153
1760982645.6781778,2502534,640648704,640.648704,101,197,85,1,20251021_025153
1760982645.6881618,2502573,640658688,640.658688,105,197,85,1,20251021_025153
1760982645.698146,2502612,640668672,640.668672,108,197,85,1,20251021_025153
1760982645.70813,2502651,640678656,640.678656,111,197,86,1,20251021_025153
1760982645.718114,2502690,640688640,640.68864,115,197,86,1,20251021_025153
1760982645.7280977,2502729,640698624,640.698624,118,197,86,1,20251021_025153
1760982645.7380817,2502768,640708608,640.708608,121,196,88,1,20251021_025153
1760982645.7480657,2502807,640718592,640.718592,124,197,87,1,20251021_025153
1760982645.7580495,2502846,640728576,640.728576,126,197,90,1,20251021_025153
1760982645.7682898,2502886,640738816,640.738816,129,197,90,1,20251021_025153
1760982645.7782738,2502925,640748800,640.7488,132,197,90,1,20251021_025153
1760982645.7882578,2502964,640758784,640.758784,134,197,92,1,20251021_025153
1760982645.798242,2503003,640768768,640.768768,137,197,96,1,20251021_025153
1760982645.808226,2503042,640778752,640.778752,139,198,101,1,20251021_025153
1760982645.81821,2503081,640788736,640.788736,142,198,106,1,20251021_025153
1760982645.8281937,2503120,640798720,640.79872,145,198,112,1,20251021_025153
1760982645.8381777,2503159,640808704,640.808704,149,198,115,1,20251021_025153
1760982645.8481617,2503198,640818688,640.818688,152,198,120,1,20251021_025153
1760982645.8581457,2503237,640828672,640.828672,156,198,124,1,20251021_025153
1760982645.8681295,2503276,640838656,640.838656,160,198,127,1,20251021_025153
1760982645.8781135,2503315,640848640,640.84864,164,198,129,1,20251021_025153
1760982645.8880978,2503354,640858624,640.858624,168,198,134,1,20251021_025153
1760982645.8980818,2503393,640868608,640.868608,173,197,135,1,20251021_025153
1760982645.908322,2503433,640878848,640.878848,177,198,136,1,20251021_025153
1760982645.918306,2503472,640888832,640.888832,182,198,138,1,20251021_025153
1760982645.92829,2503511,640898816,640.898816,187,198,138,1,20251021_025153
1760982645.9382737,2503550,640908800,640.9088,192,197,138,1,20251021_025153
1760982645.9482577,2503589,640918784,640.918784,197,198,139,1,20251021_025153
1760982645.9582417,2503628,640928768,640.928768,201,197,139,1,20251021_025153
1760982645.9682257,2503667,640938752,640.938752,206,198,140,1,20251021_025153
1760982645.9782095,2503706,640948736,640.948736,210,197,142,1,20251021_025153
1760982645.9881938,2503745,640958720,640.95872,215,198,140,1,20251021_025153
1760982645.9981778,2503784,640968704,640.968704,219,198,141,1,20251021_025153
1760982646.0081618,2503823,640978688,640.978688,223,198,139,1,20251021_025153
1760982646.0181458,2503862,640988672,640.988672,227,198,142,1,20251021_025153
1760982646.0281298,2503901,640998656,640.998656,231,198,142,1,20251021_025153
1760982646.0381138,2503940,641008640,641.00864,234,198,143,1,20251021_025153
1760982646.0483537,2503980,641018880,641.01888,238,198,143,1,20251021_025153
1760982646.0583377,2504019,641028864,641.028864,241,198,143,1,20251021_025153
1760982646.0683217,2504058,641038848,641.038848,244,198,143,1,20251021_025153
1760982646.0783055,2504097,641048832,641.048832,247,198,143,1,20251021_025153
1760982646.0882895,2504136,641058816,641.058816,250,198,143,1,20251021_025153
1760982646.0982738,2504175,641068800,641.0688,253,198,142,1,20251021_025153
1760982646.1082578,2504214,641078784,641.078784,0,198,140,1,20251021_025153
1760982646.1182418,2504253,641088768,641.088768,3,199,140,1,20251021_025153
1760982646.1282258,2504292,641098752,641.098752,5,198,138,1,20251021_025153
1760982646.1382098,2504331,641108736,641.108736,8,199,138,1,20251021_025153
1760982646.1481938,2504370,641118720,641.11872,10,198,136,1,20251021_025153
1760982646.158178,2504409,641128704,641.128704,13,198,134,1,20251021_025153
1760982646.168162,2504448,641138688,641.138688,15,198,133,1,20251021_025153
1760982646.178146,2504487,641148672,641.148672,17,198,130,1,20251021_025153
1760982646.1881297,2504526,641158656,641.158656,20,198,128,1,20251021_025153
1760982646.1983695,2504566,641168896,641.168896,22,198,127,1,20251021_025153
1760982646.2083538,2504605,641178880,641.17888,25,198,126,1,20251021_025153
1760982646.2183378,2504644,641188864,641.188864,28,199,117,1,20251021_025153
1760982646.2283218,2504683,641198848,641.198848,31,198,113,1,20251021_025153
1760982646.2383058,2504722,641208832,641.208832,34,198,106,1,20251021_025153
1760982646.2482898,2504761,641218816,641.218816,38,198,103,1,20251021_025153
1760982646.2582738,2504800,641228800,641.2288,42,198,99,1,20251021_025153
1760982646.268258,2504839,641238784,641.238784,46,198,95,1,20251021_025153
1760982646.278242,2504878,641248768,641.248768,51,199,91,1,20251021_025153
1760982646.288226,2504917,641258752,641.258752,56,198,88,1,20251021_025153
1760982646.2982097,2504956,641268736,641.268736,61,198,85,1,20251021_025153
1760982646.3081937,2504995,641278720,641.27872,66,197,82,1,20251021_025153
1760982646.3181777,2505034,641288704,641.288704,71,198,84,1,20251021_025153
1760982646.3281617,2505073,641298688,641.298688,75,198,85,1,20251021_025153
1760982646.3384018,2505113,641308928,641.308928,80,197,85,1,20251021_025153
1760982646.3483858,2505152,641318912,641.318912,84,198,84,1,20251021_025153
1760982646.3583698,2505191,641328896,641.328896,89,198,85,1,20251021_025153
1760982646.3683538,2505230,641338880,641.33888,93,197,83,1,20251021_025153
1760982646.378338,2505269,641348864,641.348864,97,197,85,1,20251021_025153
1760982646.388322,2505308,641358848,641.358848,101,197,85,1,20251021_025153
1760982646.398306,2505347,641368832,641.368832,104,196,84,1,20251021_025153
1760982646.4082897,2505386,641378816,641.378816,108,196,85,1,20251021_025153
1760982646.4182737,2505425,641388800,641.3888,111,196,85,1,20251021_025153
1760982646.4282577,2505464,641398784,641.398784,115,196,84,1,20251021_025153
1760982646.4382415,2505503,641408768,641.408768,118,196,85,1,20251021_025153
1760982646.4482255,2505542,641418752,641.418752,121,195,85,1,20251021_025153
1760982646.4582098,2505581,641428736,641.428736,124,196,86,1,20251021_025153
1760982646.4681938,2505620,641438720,641.43872,126,196,86,1,20251021_025153
1760982646.4784338,2505660,641448960,641.44896,129,196,86,1,20251021_025153
1760982646.488418,2505699,641458944,641.458944,131,195,86,1,20251021_025153
1760982646.498402,2505738,641468928,641.468928,134,195,89,1,20251021_025153
1760982646.508386,2505777,641478912,641.478912,136,196,88,1,20251021_025153
1760982646.5183697,2505816,641488896,641.488896,139,195,87,1,20251021_025153
1760982646.5283537,2505855,641498880,641.49888,141,196,90,1,20251021_025153
1760982646.5383377,2505894,641508864,641.508864,143,196,90,1,20251021_025153
1760982646.5483215,2505933,641518848,641.518848,145,196,90,1,20251021_025153
1760982646.5583055,2505972,641528832,641.528832,147,196,92,1,20251021_025153
1760982646.5682898,2506011,641538816,641.538816,150,196,93,1,20251021_025153
1760982646.5782738,2506050,641548800,641.5488,152,196,96,1,20251021_025153
1760982646.5882578,2506089,641558784,641.558784,154,197,98,1,20251021_025153
1760982646.5982418,2506128,641568768,641.568768,157,196,103,1,20251021_025153
1760982646.6082258,2506167,641578752,641.578752,159,197,107,1,20251021_025153
1760982646.6182098,2506206,641588736,641.588736,162,197,112,1,20251021_025153
1760982646.6284497,2506246,641598976,641.598976,166,196,115,1,20251021_025153
1760982646.6384337,2506285,641608960,641.60896,169,196,119,1,20251021_025153
1760982646.6484177,2506324,641618944,641.618944,173,197,123,1,20251021_025153
1760982646.6584015,2506363,641628928,641.628928,177,197,126,1,20251021_025153
1760982646.6683855,2506402,641638912,641.638912,181,197,127,1,20251021_025153
1760982646.6783698,2506441,641648896,641.648896,185,196,128,1,20251021_025153
1760982646.6883538,2506480,641658880,641.65888,189,197,131,1,20251021_025153
1760982646.6983378,2506519,641668864,641.668864,194,197,135,1,20251021_025153
1760982646.7083218,2506558,641678848,641.678848,198,196,136,1,20251021_025153
1760982646.7183058,2506597,641688832,641.688832,203,197,138,1,20251021_025153
1760982646.7282898,2506636,641698816,641.698816,207,197,138,1,20251021_025153
1760982646.738274,2506675,641708800,641.7088,212,197,138,1,20251021_025153
1760982646.748258,2506714,641718784,641.718784,216,196,137,1,20251021_025153
1760982646.758242,2506753,641728768,641.728768,220,197,139,1,20251021_025153
1760982646.7682257,2506792,641738752,641.738752,224,197,140,1,20251021_025153
1760982646.7784655,2506832,641748992,641.748992,228,197,142,1,20251021_025153
1760982646.7884498,2506871,641758976,641.758976,231,197,140,1,20251021_025153
1760982646.7984338,2506910,641768960,641.76896,235,197,140,1,20251021_025153
1760982646.8084178,2506949,641778944,641.778944,238,198,141,1,20251021_025153
1760982646.8184018,2506988,641788928,641.788928,242,198,140,1,20251021_025153
1760982646.8283858,2507027,641798912,641.798912,245,197,141,1,20251021_025153
1760982646.8383698,2507066,641808896,641.808896,248,198,141,1,20251021_025153
1760982646.848354,2507105,641818880,641.81888,251,198,140,1,20251021_025153
1760982646.858338,2507144,641828864,641.828864,253,198,140,1,20251021_025153
1760982646.868322,2507183,641838848,641.838848,1,198,140,1,20251021_025153
1760982646.8783057,2507222,641848832,641.848832,4,198,138,1,20251021_025153
1760982646.8882897,2507261,641858816,641.858816,6,198,138,1,20251021_025153
1760982646.8982737,2507300,641868800,641.8688,9,198,136,1,20251021_025153
1760982646.9082575,2507339,641878784,641.878784,11,198,134,1,20251021_025153
1760982646.9184978,2507379,641889024,641.889024,13,197,134,1,20251021_025153
1760982646.9284818,2507418,641899008,641.899008,16,198,131,1,20251021_025153
1760982646.9384658,2507457,641908992,641.908992,18,198,129,1,20251021_025153
1760982646.94845,2507496,641918976,641.918976,21,198,127,1,20251021_025153
1760982646.958434,2507535,641928960,641.92896,23,198,126,1,20251021_025153
1760982646.968418,2507574,641938944,641.938944,26,198,126,1,20251021_025153
1760982646.978402,2507613,641948928,641.948928,29,198,118,1,20251021_025153
1760982646.9883857,2507652,641958912,641.958912,32,198,111,1,20251021_025153
1760982646.9983697,2507691,641968896,641.968896,35,198,106,1,20251021_025153
1760982647.0083537,2507730,641978880,641.97888,39,198,102,1,20251021_025153
1760982647.0183375,2507769,641988864,641.988864,43,198,97,1,20251021_025153
1760982647.0283215,2507808,641998848,641.998848,48,198,93,1,20251021_025153
1760982647.0383058,2507847,642008832,642.008832,52,198,91,1,20251021_025153
1760982647.0482898,2507886,642018816,642.018816,57,198,88,1,20251021_025153
1760982647.0582738,2507925,642028800,642.0288,62,198,86,1,20251021_025153
1760982647.068514,2507965,642039040,642.03904,67,198,86,1,20251021_025153
1760982647.078498,2508004,642049024,642.049024,72,197,84,1,20251021_025153
1760982647.0884817,2508043,642059008,642.059008,76,198,84,1,20251021_025153
1760982647.0984657,2508082,642068992,642.068992,81,197,84,1,20251021_025153
1760982647.1084497,2508121,642078976,642.078976,85,197,86,1,20251021_025153
1760982647.1184337,2508160,642088960,642.08896,90,197,85,1,20251021_025153
1760982647.1284175,2508199,642098944,642.098944,94,196,84,1,20251021_025153
1760982647.1384015,2508238,642108928,642.108928,98,196,84,1,20251021_025153
1760982647.1483858,2508277,642118912,642.118912,102,196,84,1,20251021_025153
1760982647.1583698,2508316,642128896,642.128896,105,196,85,1,20251021_025153
1760982647.1683538,2508355,642138880,642.13888,109,195,84,1,20251021_025153
1760982647.1783378,2508394,642148864,642.148864,112,195,85,1,20251021_025153
1760982647.1883218,2508433,642158848,642.158848,115,195,85,1,20251021_025153
1760982647.1983058,2508472,642168832,642.168832,118,194,86,1,20251021_025153
1760982647.2085457,2508512,642179072,642.179072,121,194,85,1,20251021_025153
1760982647.2185297,2508551,642189056,642.189056,124,194,86,1,20251021_025153
1760982647.2285137,2508590,642199040,642.19904,127,193,85,1,20251021_025153
1760982647.2384975,2508629,642209024,642.209024,129,194,86,1,20251021_025153
1760982647.2484818,2508668,642219008,642.219008,132,194,87,1,20251021_025153
1760982647.2584658,2508707,642228992,642.228992,134,194,88,1,20251021_025153
1760982647.2684498,2508746,642238976,642.238976,137,194,89,1,20251021_025153
1760982647.2784338,2508785,642248960,642.24896,139,194,89,1,20251021_025153
1760982647.2884178,2508824,642258944,642.258944,141,195,90,1,20251021_025153
1760982647.2984018,2508863,642268928,642.268928,144,195,91,1,20251021_025153
1760982647.3083858,2508902,642278912,642.278912,146,195,91,1,20251021_025153
1760982647.31837,2508941,642288896,642.288896,148,195,93,1,20251021_025153
1760982647.328354,2508980,642298880,642.29888,150,195,94,1,20251021_025153
1760982647.338338,2509019,642308864,642.308864,152,196,96,1,20251021_025153
1760982647.3483217,2509058,642318848,642.318848,155,195,98,1,20251021_025153
1760982647.3585618,2509098,642329088,642.329088,157,195,102,1,20251021_025153
1760982647.3685458,2509137,642339072,642.339072,160,195,107,1,20251021_025153
1760982647.3785298,2509176,642349056,642.349056,163,196,112,1,20251021_025153
1760982647.3885138,2509215,642359040,642.35904,166,197,116,1,20251021_025153
1760982647.3984978,2509254,642369024,642.369024,170,196,118,1,20251021_025153
1760982647.4084818,2509293,642379008,642.379008,173,196,121,1,20251021_025153
1760982647.418466,2509332,642388992,642.388992,177,195,123,1,20251021_025153
1760982647.42845,2509371,642398976,642.398976,181,196,126,1,20251021_025153
1760982647.438434,2509410,642408960,642.40896,185,196,127,1,20251021_025153
1760982647.4484177,2509449,642418944,642.418944,190,196,128,1,20251021_025153
1760982647.4584017,2509488,642428928,642.428928,194,196,134,1,20251021_025153
1760982647.4683857,2509527,642438912,642.438912,199,197,137,1,20251021_025153
1760982647.4783697,2509566,642448896,642.448896,203,196,136,1,20251021_025153
1760982647.4883535,2509605,642458880,642.45888,207,196,137,1,20251021_025153
1760982647.4985938,2509645,642469120,642.46912,212,196,138,1,20251021_025153
1760982647.5085778,2509684,642479104,642.479104,216,196,138,1,20251021_025153
1760982647.5185618,2509723,642489088,642.489088,220,197,139,1,20251021_025153
1760982647.528546,2509762,642499072,642.499072,224,197,139,1,20251021_025153
1760982647.53853,2509801,642509056,642.509056,228,197,140,1,20251021_025153
1760982647.548514,2509840,642519040,642.51904,232,197,140,1,20251021_025153
1760982647.5584977,2509879,642529024,642.529024,235,197,141,1,20251021_025153
1760982647.5684817,2509918,642539008,642.539008,239,198,141,1,20251021_025153
1760982647.5784657,2509957,642548992,642.548992,242,197,141,1,20251021_025153
1760982647.5884497,2509996,642558976,642.558976,245,197,141,1,20251021_025153
1760982647.5984335,2510035,642568960,642.56896,248,198,140,1,20251021_025153
1760982647.6084175,2510074,642578944,642.578944,251,198,141,1,20251021_025153
1760982647.6184018,2510113,642588928,642.588928,254,198,141,1,20251021_025153
1760982647.6283858,2510152,642598912,642.598912,1,198,140,1,20251021_025153
1760982647.6383698,2510191,642608896,642.608896,4,198,138,1,20251021_025153
1760982647.64861,2510231,642619136,642.619136,6,198,138,1,20251021_025153
1760982647.658594,2510270,642629120,642.62912,9,198,138,1,20251021_025153
1760982647.6685777,2510309,642639104,642.639104,11,198,136,1,20251021_025153
1760982647.6785617,2510348,642649088,642.649088,13,198,135,1,20251021_025153
1760982647.6885457,2510387,642659072,642.659072,15,198,133,1,20251021_025153
1760982647.6985295,2510426,642669056,642.669056,18,198,132,1,20251021_025153
1760982647.7085135,2510465,642679040,642.67904,20,198,131,1,20251021_025153
1760982647.7184978,2510504,642689024,642.689024,22,198,129,1,20251021_025153
1760982647.7284818,2510543,642699008,642.699008,25,198,128,1,20251021_025153
1760982647.7384658,2510582,642708992,642.708992,27,198,127,1,20251021_025153
1760982647.7484498,2510621,642718976,642.718976,30,198,125,1,20251021_025153
1760982647.7584338,2510660,642728960,642.72896,32,198,123,1,20251021_025153
1760982647.7684178,2510699,642738944,642.738944,35,198,116,1,20251021_025153
1760982647.778402,2510738,642748928,642.748928,38,198,110,1,20251021_025153
1760982647.7886417,2510778,642759168,642.759168,42,198,106,1,20251021_025153
1760982647.7986257,2510817,642769152,642.769152,45,198,102,1,20251021_025153
1760982647.8086095,2510856,642779136,642.779136,49,198,98,1,20251021_025153
1760982647.8185935,2510895,642789120,642.78912,54,198,95,1,20251021_025153
1760982647.8285778,2510934,642799104,642.799104,58,197,92,1,20251021_025153
1760982647.8385618,2510973,642809088,642.809088,63,198,89,1,20251021_025153
1760982647.8485458,2511012,642819072,642.819072,67,198,87,1,20251021_025153
1760982647.8585298,2511051,642829056,642.829056,72,197,84,1,20251021_025153
1760982647.8685138,2511090,642839040,642.83904,77,198,84,1,20251021_025153
1760982647.8784978,2511129,642849024,642.849024,81,197,84,1,20251021_025153
1760982647.888482,2511168,642859008,642.859008,86,197,85,1,20251021_025153
1760982647.898466,2511207,642868992,642.868992,90,197,85,1,20251021_025153
1760982647.90845,2511246,642878976,642.878976,94,197,85,1,20251021_025153
1760982647.9184337,2511285,642888960,642.88896,98,196,84,1,20251021_025153
1760982647.9284177,2511324,642898944,642.898944,102,196,86,1,20251021_025153
1760982647.9386578,2511364,642909184,642.909184,106,197,86,1,20251021_025153
1760982647.9486418,2511403,642919168,642.919168,109,196,86,1,20251021_025153
1760982647.9586258,2511442,642929152,642.929152,112,195,85,1,20251021_025153
1760982647.9686098,2511481,642939136,642.939136,116,195,86,1,20251021_025153
1760982647.9785938,2511520,642949120,642.94912,119,195,86,1,20251021_025153
1760982647.9885778,2511559,642959104,642.959104,122,195,87,1,20251021_025153
1760982647.998562,2511598,642969088,642.969088,124,195,86,1,20251021_025153
1760982648.008546,2511637,642979072,642.979072,127,195,88,1,20251021_025153
1760982648.01853,2511676,642989056,642.989056,130,194,88,1,20251021_025153
1760982648.0285137,2511715,642999040,642.99904,132,194,90,1,20251021_025153
1760982648.0384977,2511754,643009024,643.009024,135,195,91,1,20251021_025153
1760982648.0484817,2511793,643019008,643.019008,137,195,94,1,20251021_025153
1760982648.0584655,2511832,643028992,643.028992,140,195,97,1,20251021_025153
1760982648.0684495,2511871,643038976,643.038976,143,196,102,1,20251021_025153
1760982648.0786898,2511911,643049216,643.049216,146,196,110,1,20251021_025153
1760982648.0886738,2511950,643059200,643.0592,149,196,114,1,20251021_025153
1760982648.0986578,2511989,643069184,643.069184,152,196,116,1,20251021_025153
1760982648.108642,2512028,643079168,643.079168,156,195,120,1,20251021_025153
1760982648.118626,2512067,643089152,643.089152,159,196,124,1,20251021_025153
1760982648.12861,2512106,643099136,643.099136,163,195,127,1,20251021_025153
1760982648.1385937,2512145,643109120,643.10912,168,196,130,1,20251021_025153
1760982648.1485777,2512184,643119104,643.119104,172,196,134,1,20251021_025153
1760982648.1585617,2512223,643129088,643.129088,177,196,136,1,20251021_025153
1760982648.1685455,2512262,643139072,643.139072,182,196,136,1,20251021_025153
1760982648.1785295,2512301,643149056,643.149056,186,196,136,1,20251021_025153
1760982648.1885138,2512340,643159040,643.15904,191,196,138,1,20251021_025153
1760982648.1984978,2512379,643169024,643.169024,196,196,139,1,20251021_025153
1760982648.2084818,2512418,643179008,643.179008,201,196,139,1,20251021_025153
1760982648.218722,2512458,643189248,643.189248,205,195,139,1,20251021_025153
1760982648.228706,2512497,643199232,643.199232,210,195,139,1,20251021_025153
1760982648.23869,2512536,643209216,643.209216,214,196,140,1,20251021_025153
1760982648.2486737,2512575,643219200,643.2192,219,196,140,1,20251021_025153
1760982648.2586577,2512614,643229184,643.229184,223,197,140,1,20251021_025153
1760982648.2686417,2512653,643239168,643.239168,227,196,141,1,20251021_025153
1760982648.2786255,2512692,643249152,643.249152,230,196,140,1,20251021_025153
1760982648.2886095,2512731,643259136,643.259136,234,197,142,1,20251021_025153
1760982648.2985938,2512770,643269120,643.26912,237,197,141,1,20251021_025153
1760982648.3085778,2512809,643279104,643.279104,241,197,142,1,20251021_025153
1760982648.3185618,2512848,643289088,643.289088,244,198,142,1,20251021_025153
1760982648.3285458,2512887,643299072,643.299072,247,198,142,1,20251021_025153
1760982648.3385298,2512926,643309056,643.309056,250,198,142,1,20251021_025153
1760982648.3485138,2512965,643319040,643.31904,253,197,141,1,20251021_025153
1760982648.358498,2513004,643329024,643.329024,0,197,139,1,20251021_025153
1760982648.3687377,2513044,643339264,643.339264,3,198,139,1,20251021_025153
1760982648.3787217,2513083,643349248,643.349248,5,198,138,1,20251021_025153
1760982648.3887055,2513122,643359232,643.359232,8,198,137,1,20251021_025153
1760982648.3986895,2513161,643369216,643.369216,10,198,135,1,20251021_025153
1760982648.4086738,2513200,643379200,643.3792,12,198,134,1,20251021_025153
1760982648.4186578,2513239,643389184,643.389184,15,198,132,1,20251021_025153
1760982648.4286418,2513278,643399168,643.399168,17,198,130,1,20251021_025153
1760982648.4386258,2513317,643409152,643.409152,20,198,128,1,20251021_025153
1760982648.4486098,2513356,643419136,643.419136,22,199,127,1,20251021_025153
1760982648.4585938,2513395,643429120,643.42912,24,198,126,1,20251021_025153
1760982648.468578,2513434,643439104,643.439104,27,199,121,1,20251021_025153
1760982648.478562,2513473,643449088,643.449088,30,199,115,1,20251021_025153
1760982648.488546,2513512,643459072,643.459072,33,199,111,1,20251021_025153
1760982648.4985297,2513551,643469056,643.469056,37,199,104,1,20251021_025153
1760982648.5087698,2513591,643479296,643.479296,41,199,101,1,20251021_025153
1760982648.5187538,2513630,643489280,643.48928,45,198,97,1,20251021_025153
1760982648.5287378,2513669,643499264,643.499264,49,199,92,1,20251021_025153
1760982648.5387218,2513708,643509248,643.509248,54,198,89,1,20251021_025153
1760982648.5487058,2513747,643519232,643.519232,59,198,86,1,20251021_025153
1760982648.5586898,2513786,643529216,643.529216,64,198,84,1,20251021_025153
1760982648.5686738,2513825,643539200,643.5392,69,198,84,1,20251021_025153
1760982648.578658,2513864,643549184,643.549184,73,198,84,1,20251021_025153
1760982648.588642,2513903,643559168,643.559168,78,198,84,1,20251021_025153
1760982648.598626,2513942,643569152,643.569152,83,198,85,1,20251021_025153
1760982648.6086097,2513981,643579136,643.579136,87,198,85,1,20251021_025153
1760982648.6185937,2514020,643589120,643.58912,91,198,84,1,20251021_025153
1760982648.6285777,2514059,643599104,643.599104,95,198,85,1,20251021_025153
1760982648.6385615,2514098,643609088,643.609088,99,197,86,1,20251021_025153
1760982648.6485455,2514137,643619072,643.619072,103,198,85,1,20251021_025153
1760982648.6587858,2514177,643629312,643.629312,107,197,85,1,20251021_025153
1760982648.6687698,2514216,643639296,643.639296,110,197,85,1,20251021_025153
1760982648.678754,2514255,643649280,643.64928,113,197,86,1,20251021_025153
1760982648.688738,2514294,643659264,643.659264,116,197,85,1,20251021_025153
1760982648.698722,2514333,643669248,643.669248,119,197,86,1,20251021_025153
1760982648.7087057,2514372,643679232,643.679232,122,197,85,1,20251021_025153
1760982648.7186897,2514411,643689216,643.689216,125,197,86,1,20251021_025153
1760982648.7286737,2514450,643699200,643.6992,128,196,86,1,20251021_025153
1760982648.7386577,2514489,643709184,643.709184,130,196,86,1,20251021_025153
1760982648.7486415,2514528,643719168,643.719168,133,195,86,1,20251021_025153
1760982648.7586255,2514567,643729152,643.729152,135,196,87,1,20251021_025153
1760982648.7686098,2514606,643739136,643.739136,137,195,89,1,20251021_025153
1760982648.7785938,2514645,643749120,643.74912,140,196,89,1,20251021_025153
1760982648.7885778,2514684,643759104,643.759104,142,196,89,1,20251021_025153
1760982648.7985618,2514723,643769088,643.769088,144,196,90,1,20251021_025153
1760982648.808802,2514763,643779328,643.779328,146,196,90,1,20251021_025153
1760982648.8187857,2514802,643789312,643.789312,149,196,92,1,20251021_025153
1760982648.8287697,2514841,643799296,643.799296,151,196,94,1,20251021_025153
1760982648.8387537,2514880,643809280,643.80928,153,196,96,1,20251021_025153
1760982648.8487377,2514919,643819264,643.819264,155,197,99,1,20251021_025153
1760982648.8587215,2514958,643829248,643.829248,158,196,102,1,20251021_025153
1760982648.8687055,2514997,643839232,643.839232,161,197,106,1,20251021_025153
1760982648.8786898,2515036,643849216,643.849216,164,197,112,1,20251021_025153
1760982648.8886738,2515075,643859200,643.8592,167,197,116,1,20251021_025153
1760982648.8986578,2515114,643869184,643.869184,170,198,119,1,20251021_025153
1760982648.9086418,2515153,643879168,643.879168,174,197,120,1,20251021_025153
1760982648.9186258,2515192,643889152,643.889152,178,197,123,1,20251021_025153
1760982648.9286098,2515231,643899136,643.899136,182,197,126,1,20251021_025153
1760982648.938594,2515270,643909120,643.90912,186,197,127,1,20251021_025153
1760982648.9488337,2515310,643919360,643.91936,190,197,130,1,20251021_025153
1760982648.9588175,2515349,643929344,643.929344,195,197,134,1,20251021_025153
1760982648.9688015,2515388,643939328,643.939328,199,198,136,1,20251021_025153
1760982648.9787858,2515427,643949312,643.949312,204,197,136,1,20251021_025153
1760982648.9887698,2515466,643959296,643.959296,208,198,137,1,20251021_025153
1760982648.9987538,2515505,643969280,643.96928,213,198,138,1,20251021_025153
1760982649.0087378,2515544,643979264,643.979264,217,198,138,1,20251021_025153
1760982649.0187218,2515583,643989248,643.989248,221,198,138,1,20251021_025153
1760982649.0287058,2515622,643999232,643.999232,225,198,139,1,20251021_025153
1760982649.03869,2515661,644009216,644.009216,229,198,140,1,20251021_025153
1760982649.048674,2515700,644019200,644.0192,232,198,140,1,20251021_025153
1760982649.058658,2515739,644029184,644.029184,236,198,140,1,20251021_025153
1760982649.0686417,2515778,644039168,644.039168,239,199,141,1,20251021_025153
1760982649.0786257,2515817,644049152,644.049152,243,200,143,1,20251021_025153
1760982649.0888658,2515857,644059392,644.059392,246,199,141,1,20251021_025153
1760982649.0988498,2515896,644069376,644.069376,249,198,140,1,20251021_025153
1760982649.1088338,2515935,644079360,644.07936,251,200,140,1,20251021_025153
1760982649.1188178,2515974,644089344,644.089344,254,199,140,1,20251021_025153
1760982649.1288018,2516013,644099328,644.099328,2,200,139,1,20251021_025153
1760982649.1387858,2516052,644109312,644.109312,4,199,137,1,20251021_025153
1760982649.14877,2516091,644119296,644.119296,7,199,136,1,20251021_025153
1760982649.158754,2516130,644129280,644.12928,9,199,133,1,20251021_025153
1760982649.168738,2516169,644139264,644.139264,12,199,133,1,20251021_025153
1760982649.1787217,2516208,644149248,644.149248,14,199,130,1,20251021_025153
1760982649.1887057,2516247,644159232,644.159232,16,200,128,1,20251021_025153
1760982649.1986897,2516286,644169216,644.169216,19,199,127,1,20251021_025153
1760982649.2086737,2516325,644179200,644.1792,21,199,126,1,20251021_025153
1760982649.2186575,2516364,644189184,644.189184,24,199,124,1,20251021_025153
1760982649.2286415,2516403,644199168,644.199168,27,199,116,1,20251021_025153
1760982649.2388818,2516443,644209408,644.209408,30,199,110,1,20251021_025153
1760982649.2488658,2516482,644219392,644.219392,34,199,104,1,20251021_025153
1760982649.25885,2516521,644229376,644.229376,37,199,102,1,20251021_025153
1760982649.268834,2516560,644239360,644.23936,41,199,99,1,20251021_025153
1760982649.278818,2516599,644249344,644.249344,46,199,96,1,20251021_025153
1760982649.2888017,2516638,644259328,644.259328,50,200,92,1,20251021_025153
1760982649.2987857,2516677,644269312,644.269312,55,199,89,1,20251021_025153
1760982649.3087697,2516716,644279296,644.279296,60,200,88,1,20251021_025153
1760982649.3187535,2516755,644289280,644.28928,65,199,85,1,20251021_025153
1760982649.3287375,2516794,644299264,644.299264,69,199,85,1,20251021_025153
1760982649.3387218,2516833,644309248,644.309248,74,199,85,1,20251021_025153
1760982649.3487058,2516872,644319232,644.319232,79,199,86,1,20251021_025153
1760982649.3586898,2516911,644329216,644.329216,83,199,85,1,20251021_025153
1760982649.3686738,2516950,644339200,644.3392,88,199,84,1,20251021_025153
1760982649.378914,2516990,644349440,644.34944,92,199,86,1,20251021_025153
1760982649.388898,2517029,644359424,644.359424,96,198,84,1,20251021_025153
1760982649.3988817,2517068,644369408,644.369408,100,199,86,1,20251021_025153
1760982649.4088657,2517107,644379392,644.379392,104,198,86,1,20251021_025153
1760982649.4188497,2517146,644389376,644.389376,107,199,86,1,20251021_025153
1760982649.4288335,2517185,644399360,644.39936,110,198,85,1,20251021_025153
1760982649.4388175,2517224,644409344,644.409344,114,198,86,1,20251021_025153
1760982649.4488018,2517263,644419328,644.419328,117,197,85,1,20251021_025153
1760982649.4587858,2517302,644429312,644.429312,120,198,86,1,20251021_025153
1760982649.4687698,2517341,644439296,644.439296,123,197,87,1,20251021_025153
1760982649.4787538,2517380,644449280,644.44928,126,197,88,1,20251021_025153
1760982649.4887378,2517419,644459264,644.459264,128,197,88,1,20251021_025153
1760982649.4987218,2517458,644469248,644.469248,131,196,89,1,20251021_025153
1760982649.508706,2517497,644479232,644.479232,133,197,90,1,20251021_025153
1760982649.51869,2517536,644489216,644.489216,136,197,92,1,20251021_025153
1760982649.5289297,2517576,644499456,644.499456,138,197,96,1,20251021_025153
1760982649.5389135,2517615,644509440,644.50944,141,197,100,1,20251021_025153
1760982649.5488975,2517654,644519424,644.519424,144,197,106,1,20251021_025153
1760982649.5588818,2517693,644529408,644.529408,147,197,111,1,20251021_025153
1760982649.5688658,2517732,644539392,644.539392,150,197,114,1,20251021_025153
1760982649.5788498,2517771,644549376,644.549376,153,198,119,1,20251021_025153
1760982649.5888338,2517810,644559360,644.55936,157,197,123,1,20251021_025153
1760982649.5988178,2517849,644569344,644.569344,161,198,126,1,20251021_025153
1760982649.6088018,2517888,644579328,644.579328,165,197,127,1,20251021_025153
1760982649.618786,2517927,644589312,644.589312,169,197,132,1,20251021_025153
1760982649.62877,2517966,644599296,644.599296,174,197,135,1,20251021_025153
1760982649.638754,2518005,644609280,644.60928,179,197,135,1,20251021_025153
1760982649.6487377,2518044,644619264,644.619264,183,197,136,1,20251021_025153
1760982649.6587217,2518083,644629248,644.629248,188,198,136,1,20251021_025153
1760982649.6689618,2518123,644639488,644.639488,193,198,137,1,20251021_025153
1760982649.6789458,2518162,644649472,644.649472,198,198,138,1,20251021_025153
1760982649.6889298,2518201,644659456,644.659456,202,198,138,1,20251021_025153
1760982649.6989138,2518240,644669440,644.66944,207,198,139,1,20251021_025153
1760982649.7088978,2518279,644679424,644.679424,211,198,138,1,20251021_025153
1760982649.7188818,2518318,644689408,644.689408,216,199,140,1,20251021_025153
1760982649.728866,2518357,644699392,644.699392,220,198,141,1,20251021_025153
1760982649.73885,2518396,644709376,644.709376,224,198,140,1,20251021_025153
1760982649.748834,2518435,644719360,644.71936,228,199,141,1,20251021_025153
1760982649.7588177,2518474,644729344,644.729344,232,199,141,1,20251021_025153
1760982649.7688017,2518513,644739328,644.739328,235,199,142,1,20251021_025153
1760982649.7787857,2518552,644749312,644.749312,238,199,141,1,20251021_025153
1760982649.7887695,2518591,644759296,644.759296,242,199,142,1,20251021_025153
1760982649.7987535,2518630,644769280,644.76928,245,199,142,1,20251021_025153
1760982649.8089938,2518670,644779520,644.77952,248,199,141,1,20251021_025153
1760982649.8189778,2518709,644789504,644.789504,251,200,142,1,20251021_025153
1760982649.8289618,2518748,644799488,644.799488,253,199,140,1,20251021_025153
1760982649.838946,2518787,644809472,644.809472,1,199,141,1,20251021_025153
1760982649.84893,2518826,644819456,644.819456,3,200,140,1,20251021_025153
1760982649.858914,2518865,644829440,644.82944,6,199,139,1,20251021_025153
1760982649.8688977,2518904,644839424,644.839424,8,199,137,1,20251021_025153
1760982649.8788817,2518943,644849408,644.849408,11,200,137,1,20251021_025153
1760982649.8888657,2518982,644859392,644.859392,13,199,134,1,20251021_025153
1760982649.8988495,2519021,644869376,644.869376,15,200,133,1,20251021_025153
1760982649.9088335,2519060,644879360,644.87936,18,200,131,1,20251021_025153
1760982649.9188178,2519099,644889344,644.889344,20,200,128,1,20251021_025153
1760982649.9288018,2519138,644899328,644.899328,23,199,127,1,20251021_025153
1760982649.9387858,2519177,644909312,644.909312,25,200,127,1,20251021_025153
1760982649.9487698,2519216,644919296,644.919296,28,200,118,1,20251021_025153
1760982649.95901,2519256,644929536,644.929536,31,199,112,1,20251021_025153
1760982649.9689937,2519295,644939520,644.93952,34,200,108,1,20251021_025153
1760982649.9789777,2519334,644949504,644.949504,38,200,104,1,20251021_025153
1760982649.9889617,2519373,644959488,644.959488,42,200,100,1,20251021_025153
1760982649.9989457,2519412,644969472,644.969472,46,200,95,1,20251021_025153
1760982650.0089295,2519451,644979456,644.979456,50,200,92,1,20251021_025153
1760982650.0189135,2519490,644989440,644.98944,55,199,89,1,20251021_025153
1760982650.0288978,2519529,644999424,644.999424,60,200,86,1,20251021_025153
1760982650.0388818,2519568,645009408,645.009408,65,199,84,1,20251021_025153
1760982650.0488658,2519607,645019392,645.019392,70,199,83,1,20251021_025153
1760982650.0588498,2519646,645029376,645.029376,75,199,84,1,20251021_025153
1760982650.0688338,2519685,645039360,645.03936,79,199,85,1,20251021_025153
1760982650.0788178,2519724,645049344,645.049344,84,200,85,1,20251021_025153
1760982650.088802,2519763,645059328,645.059328,88,199,85,1,20251021_025153
1760982650.0990417,2519803,645069568,645.069568,92,200,86,1,20251021_025153
1760982650.1090257,2519842,645079552,645.079552,96,199,84,1,20251021_025153
1760982650.1190095,2519881,645089536,645.089536,100,199,86,1,20251021_025153
1760982650.1289935,2519920,645099520,645.09952,104,199,86,1,20251021_025153
1760982650.1389778,2519959,645109504,645.109504,107,199,86,1,20251021_025153
1760982650.1489618,2519998,645119488,645.119488,111,198,85,1,20251021_025153
1760982650.1589458,2520037,645129472,645.129472,114,198,86,1,20251021_025153
1760982650.1689298,2520076,645139456,645.139456,117,197,85,1,20251021_025153
1760982650.1789138,2520115,645149440,645.14944,120,199,86,1,20251021_025153
1760982650.1888978,2520154,645159424,645.159424,123,197,85,1,20251021_025153
1760982650.1991377,2520194,645169664,645.169664,126,197,86,1,20251021_025153
1760982650.2091217,2520233,645179648,645.179648,128,197,88,1,20251021_025153
1760982650.2191055,2520272,645189632,645.189632,131,197,87,1,20251021_025153
1760982650.2290895,2520311,645199616,645.199616,133,197,87,1,20251021_025153
1760982650.2390738,2520350,645209600,645.2096,136,198,88,1,20251021_025153
1760982650.2490578,2520389,645219584,645.219584,138,197,90,1,20251021_025153
1760982650.2592978,2520429,645229824,645.229824,140,198,88,1,20251021_025153
1760982650.269282,2520468,645239808,645.239808,143,197,89,1,20251021_025153
1760982650.279266,2520507,645249792,645.249792,145,197,90,1,20251021_025153
1760982650.28925,2520546,645259776,645.259776,147,197,91,1,20251021_025153
1760982650.2992337,2520585,645269760,645.26976,149,198,93,1,20251021_025153
1760982650.3092177,2520624,645279744,645.279744,151,197,94,1,20251021_025153
1760982650.3192017,2520663,645289728,645.289728,154,198,96,1,20251021_025153
1760982650.3291855,2520702,645299712,645.299712,156,198,99,1,20251021_025153
1760982650.3394258,2520742,645309952,645.309952,158,198,102,1,20251021_025153
1760982650.3494098,2520781,645319936,645.319936,161,197,108,1,20251021_025153
1760982650.3593938,2520820,645329920,645.32992,164,197,112,1,20251021_025153
1760982650.369378,2520859,645339904,645.339904,168,197,115,1,20251021_025153
1760982650.379362,2520898,645349888,645.349888,171,197,117,1,20251021_025153
1760982650.389346,2520937,645359872,645.359872,175,198,121,1,20251021_025153
1760982650.39933,2520976,645369856,645.369856,179,198,123,1,20251021_025153
1760982650.4095695,2521016,645380096,645.380096,183,198,126,1,20251021_025153
1760982650.4195538,2521055,645390080,645.39008,187,199,127,1,20251021_025153
1760982650.4295378,2521094,645400064,645.400064,191,198,131,1,20251021_025153
1760982650.4395218,2521133,645410048,645.410048,196,199,134,1,20251021_025153
1760982650.4495058,2521172,645420032,645.420032,200,198,136,1,20251021_025153
1760982650.4594898,2521211,645430016,645.430016,205,199,136,1,20251021_025153
1760982650.4694738,2521250,645440000,645.44,209,199,138,1,20251021_025153
1760982650.479458,2521289,645449984,645.449984,213,199,138,1,20251021_025153
1760982650.489442,2521328,645459968,645.459968,217,199,138,1,20251021_025153
1760982650.499426,2521367,645469952,645.469952,222,199,139,1,20251021_025153
1760982650.5094097,2521406,645479936,645.479936,226,199,139,1,20251021_025153
1760982650.5196495,2521446,645490176,645.490176,229,199,140,1,20251021_025153
1760982650.5296338,2521485,645500160,645.50016,233,199,140,1,20251021_025153
1760982650.5396178,2521524,645510144,645.510144,236,199,140,1,20251021_025153
1760982650.5496018,2521563,645520128,645.520128,240,199,140,1,20251021_025153
1760982650.5595858,2521602,645530112,645.530112,243,200,141,1,20251021_025153
1760982650.5695698,2521641,645540096,645.540096,246,199,140,1,20251021_025153
1760982650.5795538,2521680,645550080,645.55008,249,200,140,1,20251021_025153
1760982650.589538,2521719,645560064,645.560064,252,199,140,1,20251021_025153
1760982650.599522,2521758,645570048,645.570048,254,200,138,1,20251021_025153
1760982650.609506,2521797,645580032,645.580032,2,200,138,1,20251021_025153
1760982650.6194897,2521836,645590016,645.590016,5,199,137,1,20251021_025153
1760982650.6294737,2521875,645600000,645.6,7,200,136,1,20251021_025153
1760982650.6394577,2521914,645609984,645.609984,9,200,134,1,20251021_025153
1760982650.6494417,2521953,645619968,645.619968,12,199,133,1,20251021_025153
1760982650.6594255,2521992,645629952,645.629952,14,200,132,1,20251021_025153
1760982650.6696658,2522032,645640192,645.640192,17,200,131,1,20251021_025153
1760982650.6796498,2522071,645650176,645.650176,19,200,130,1,20251021_025153
1760982650.6896338,2522110,645660160,645.66016,22,200,127,1,20251021_025153
1760982650.699618,2522149,645670144,645.670144,24,200,127,1,20251021_025153
1760982650.709602,2522188,645680128,645.680128,26,200,123,1,20251021_025153
1760982650.719586,2522227,645690112,645.690112,29,200,116,1,20251021_025153
1760982650.7295697,2522266,645700096,645.700096,33,200,110,1,20251021_025153
1760982650.7395537,2522305,645710080,645.71008,36,200,106,1,20251021_025153
1760982650.7495377,2522344,645720064,645.720064,40,200,102,1,20251021_025153
1760982650.7595215,2522383,645730048,645.730048,44,199,97,1,20251021_025153
1760982650.7695055,2522422,645740032,645.740032,49,199,92,1,20251021_025153
1760982650.7794898,2522461,645750016,645.750016,53,200,90,1,20251021_025153
1760982650.7894738,2522500,645760000,645.76,58,200,88,1,20251021_025153
1760982650.7994578,2522539,645769984,645.769984,63,200,85,1,20251021_025153
1760982650.8094418,2522578,645779968,645.779968,68,200,84,1,20251021_025153
1760982650.819682,2522618,645790208,645.790208,73,200,84,1,20251021_025153
1760982650.829666,2522657,645800192,645.800192,77,199,84,1,20251021_025153
1760982650.8396497,2522696,645810176,645.810176,82,200,84,1,20251021_025153
1760982650.8496337,2522735,645820160,645.82016,86,200,85,1,20251021_025153
1760982650.8596177,2522774,645830144,645.830144,91,200,86,1,20251021_025153
1760982650.8696015,2522813,645840128,645.840128,95,200,86,1,20251021_025153
1760982650.8795855,2522852,645850112,645.850112,99,199,85,1,20251021_025153
1760982650.8895698,2522891,645860096,645.860096,102,199,84,1,20251021_025153
1760982650.8995538,2522930,645870080,645.87008,106,198,83,1,20251021_025153
1760982650.9095378,2522969,645880064,645.880064,110,199,85,1,20251021_025153
1760982650.9195218,2523008,645890048,645.890048,113,198,86,1,20251021_025153
1760982650.9295058,2523047,645900032,645.900032,116,198,86,1,20251021_025153
1760982650.9394898,2523086,645910016,645.910016,119,198,85,1,20251021_025153
1760982650.949474,2523125,645920000,645.92,122,198,85,1,20251021_025153
1760982650.9597137,2523165,645930240,645.93024,125,198,85,1,20251021_025153
1760982650.9696977,2523204,645940224,645.940224,127,198,86,1,20251021_025153
1760982650.9796815,2523243,645950208,645.950208,130,198,85,1,20251021_025153
1760982650.9896655,2523282,645960192,645.960192,132,198,86,1,20251021_025153
1760982650.9996498,2523321,645970176,645.970176,135,198,87,1,20251021_025153
1760982651.0096338,2523360,645980160,645.98016,137,198,87,1,20251021_025153
1760982651.0196178,2523399,645990144,645.990144,139,198,87,1,20251021_025153
1760982651.0296018,2523438,646000128,646.000128,142,198,89,1,20251021_025153
1760982651.0395858,2523477,646010112,646.010112,144,198,90,1,20251021_025153
1760982651.0495698,2523516,646020096,646.020096,146,198,90,1,20251021_025153
1760982651.059554,2523555,646030080,646.03008,148,198,91,1,20251021_025153
1760982651.069538,2523594,646040064,646.040064,150,198,92,1,20251021_025153
1760982651.079522,2523633,646050048,646.050048,152,199,94,1,20251021_025153
1760982651.0897615,2523673,646060288,646.060288,155,198,96,1,20251021_025153
1760982651.0997458,2523712,646070272,646.070272,157,198,99,1,20251021_025153
1760982651.1097298,2523751,646080256,646.080256,160,198,104,1,20251021_025153
1760982651.1197138,2523790,646090240,646.09024,162,199,108,1,20251021_025153
1760982651.1296978,2523829,646100224,646.100224,165,199,113,1,20251021_025153
1760982651.1396818,2523868,646110208,646.110208,169,199,115,1,20251021_025153
1760982651.1496658,2523907,646120192,646.120192,172,199,119,1,20251021_025153
1760982651.1596498,2523946,646130176,646.130176,176,198,122,1,20251021_025153
1760982651.169634,2523985,646140160,646.14016,180,199,124,1,20251021_025153
1760982651.179618,2524024,646150144,646.150144,184,199,125,1,20251021_025153
1760982651.189602,2524063,646160128,646.160128,188,199,127,1,20251021_025153
1760982651.1995857,2524102,646170112,646.170112,192,198,130,1,20251021_025153
1760982651.2095697,2524141,646180096,646.180096,197,199,137,1,20251021_025153
1760982651.2195537,2524180,646190080,646.19008,201,199,134,1,20251021_025153
1760982651.2297938,2524220,646200320,646.20032,206,199,136,1,20251021_025153
1760982651.2397778,2524259,646210304,646.210304,210,199,137,1,20251021_025153
1760982651.2497618,2524298,646220288,646.220288,214,199,138,1,20251021_025153
1760982651.2597458,2524337,646230272,646.230272,219,200,138,1,20251021_025153
1760982651.26973,2524376,646240256,646.240256,223,200,139,1,20251021_025153
1760982651.279714,2524415,646250240,646.25024,227,200,138,1,20251021_025153
1760982651.289698,2524454,646260224,646.260224,230,200,140,1,20251021_025153
1760982651.2996817,2524493,646270208,646.270208,234,200,139,1,20251021_025153
1760982651.3096657,2524532,646280192,646.280192,237,200,140,1,20251021_025153
1760982651.3196497,2524571,646290176,646.290176,241,200,140,1,20251021_025153
1760982651.3296337,2524610,646300160,646.30016,244,200,141,1,20251021_025153
1760982651.3396175,2524649,646310144,646.310144,247,199,143,1,20251021_025153
1760982651.3496015,2524688,646320128,646.320128,250,200,140,1,20251021_025153
1760982651.3595858,2524727,646330112,646.330112,253,199,141,1,20251021_025153
1760982651.3698258,2524767,646340352,646.340352,0,201,139,1,20251021_025153
1760982651.37981,2524806,646350336,646.350336,3,200,137,1,20251021_025153
1760982651.389794,2524845,646360320,646.36032,5,201,138,1,20251021_025153
1760982651.399778,2524884,646370304,646.370304,8,200,138,1,20251021_025153
1760982651.4097617,2524923,646380288,646.380288,10,200,137,1,20251021_025153
1760982651.4197457,2524962,646390272,646.390272,12,200,134,1,20251021_025153
1760982651.4297297,2525001,646400256,646.400256,15,200,133,1,20251021_025153
1760982651.4397137,2525040,646410240,646.41024,17,200,132,1,20251021_025153
1760982651.4496975,2525079,646420224,646.420224,19,200,130,1,20251021_025153
1760982651.4596815,2525118,646430208,646.430208,22,200,128,1,20251021_025153
1760982651.4696658,2525157,646440192,646.440192,24,200,127,1,20251021_025153
1760982651.4796498,2525196,646450176,646.450176,27,200,127,1,20251021_025153
1760982651.4896338,2525235,646460160,646.46016,29,201,126,1,20251021_025153
1760982651.4996178,2525274,646470144,646.470144,32,201,122,1,20251021_025153
1760982651.5096018,2525313,646480128,646.480128,34,201,116,1,20251021_025153
1760982651.5198417,2525353,646490368,646.490368,38,200,111,1,20251021_025153
1760982651.5298257,2525392,646500352,646.500352,41,200,107,1,20251021_025153
1760982651.5398097,2525431,646510336,646.510336,45,200,103,1,20251021_025153
1760982651.5497935,2525470,646520320,646.52032,49,200,98,1,20251021_025153
1760982651.5597775,2525509,646530304,646.530304,53,200,97,1,20251021_025153
1760982651.5697618,2525548,646540288,646.540288,57,200,93,1,20251021_025153
1760982651.5797458,2525587,646550272,646.550272,62,200,91,1,20251021_025153
1760982651.5897298,2525626,646560256,646.560256,67,200,89,1,20251021_025153
1760982651.5997138,2525665,646570240,646.57024,71,199,86,1,20251021_025153
1760982651.6096978,2525704,646580224,646.580224,76,200,84,1,20251021_025153
1760982651.6196818,2525743,646590208,646.590208,81,200,84,1,20251021_025153
1760982651.629666,2525782,646600192,646.600192,85,200,85,1,20251021_025153
1760982651.63965,2525821,646610176,646.610176,89,200,85,1,20251021_025153
1760982651.649634,2525860,646620160,646.62016,94,200,85,1,20251021_025153
1760982651.6598735,2525900,646630400,646.6304,98,199,85,1,20251021_025153
1760982651.6698575,2525939,646640384,646.640384,101,199,85,1,20251021_025153
1760982651.6798418,2525978,646650368,646.650368,105,198,87,1,20251021_025153
1760982651.6898258,2526017,646660352,646.660352,109,199,86,1,20251021_025153
1760982651.6998098,2526056,646670336,646.670336,112,199,86,1,20251021_025153
1760982651.7097938,2526095,646680320,646.68032,115,199,86,1,20251021_025153
1760982651.7197778,2526134,646690304,646.690304,118,198,86,1,20251021_025153
1760982651.7297618,2526173,646700288,646.700288,121,199,87,1,20251021_025153
1760982651.739746,2526212,646710272,646.710272,124,198,87,1,20251021_025153
1760982651.74973,2526251,646720256,646.720256,127,198,88,1,20251021_025153
1760982651.759714,2526290,646730240,646.73024,129,198,90,1,20251021_025153
1760982651.7696977,2526329,646740224,646.740224,132,198,90,1,20251021_025153
1760982651.7796817,2526368,646750208,646.750208,134,198,90,1,20251021_025153
1760982651.7896657,2526407,646760192,646.760192,137,198,91,1,20251021_025153
1760982651.7999058,2526447,646770432,646.770432,139,198,95,1,20251021_025153
1760982651.8098898,2526486,646780416,646.780416,142,198,99,1,20251021_025153
1760982651.8198738,2526525,646790400,646.7904,145,199,105,1,20251021_025153
1760982651.8298578,2526564,646800384,646.800384,148,199,111,1,20251021_025153
1760982651.8398418,2526603,646810368,646.810368,151,197,115,1,20251021_025153
1760982651.849826,2526642,646820352,646.820352,154,199,119,1,20251021_025153
1760982651.85981,2526681,646830336,646.830336,158,198,122,1,20251021_025153
1760982651.869794,2526720,646840320,646.84032,162,199,126,1,20251021_025153
1760982651.8797777,2526759,646850304,646.850304,166,199,127,1,20251021_025153
1760982651.8897617,2526798,646860288,646.860288,171,199,133,1,20251021_025153
1760982651.8997457,2526837,646870272,646.870272,175,198,135,1,20251021_025153
1760982651.9097297,2526876,646880256,646.880256,180,199,136,1,20251021_025153
1760982651.9197135,2526915,646890240,646.89024,185,199,136,1,20251021_025153
1760982651.9296978,2526954,646900224,646.900224,190,199,137,1,20251021_025153
1760982651.9396818,2526993,646910208,646.910208,195,198,138,1,20251021_025153
1760982651.9499218,2527033,646920448,646.920448,199,199,138,1,20251021_025153
1760982651.959906,2527072,646930432,646.930432,204,199,139,1,20251021_025153
1760982651.96989,2527111,646940416,646.940416,209,199,139,1,20251021_025153
1760982651.979874,2527150,646950400,646.9504,213,199,139,1,20251021_025153
1760982651.9898577,2527189,646960384,646.960384,217,199,140,1,20251021_025153
1760982651.9998417,2527228,646970368,646.970368,222,199,140,1,20251021_025153
1760982652.0098257,2527267,646980352,646.980352,226,200,140,1,20251021_025153
1760982652.0198095,2527306,646990336,646.990336,229,200,140,1,20251021_025153
1760982652.0297935,2527345,647000320,647.00032,233,200,141,1,20251021_025153
1760982652.0397778,2527384,647010304,647.010304,237,200,140,1,20251021_025153
1760982652.0497618,2527423,647020288,647.020288,240,200,140,1,20251021_025153
1760982652.0597458,2527462,647030272,647.030272,243,200,141,1,20251021_025153
1760982652.0697298,2527501,647040256,647.040256,246,200,141,1,20251021_025153
1760982652.0797138,2527540,647050240,647.05024,249,200,142,1,20251021_025153
1760982652.089954,2527580,647060480,647.06048,252,200,141,1,20251021_025153
1760982652.0999377,2527619,647070464,647.070464,0,200,140,1,20251021_025153
1760982652.1099217,2527658,647080448,647.080448,2,200,138,1,20251021_025153
1760982652.1199057,2527697,647090432,647.090432,5,200,137,1,20251021_025153
1760982652.1298895,2527736,647100416,647.100416,7,200,136,1,20251021_025153
1760982652.1398735,2527775,647110400,647.1104,9,200,135,1,20251021_025153
1760982652.1498578,2527814,647120384,647.120384,12,200,132,1,20251021_025153
1760982652.1598418,2527853,647130368,647.130368,14,200,132,1,20251021_025153
1760982652.1698258,2527892,647140352,647.140352,17,200,129,1,20251021_025153
1760982652.1798098,2527931,647150336,647.150336,19,200,127,1,20251021_025153
1760982652.1897938,2527970,647160320,647.16032,22,201,127,1,20251021_025153
1760982652.1997778,2528009,647170304,647.170304,24,200,125,1,20251021_025153
1760982652.209762,2528048,647180288,647.180288,27,201,118,1,20251021_025153
1760982652.219746,2528087,647190272,647.190272,30,200,113,1,20251021_025153
1760982652.2299857,2528127,647200512,647.200512,33,200,105,1,20251021_025153
1760982652.2399695,2528166,647210496,647.210496,37,200,102,1,20251021_025153
1760982652.2499535,2528205,647220480,647.22048,41,200,98,1,20251021_025153
1760982652.2599378,2528244,647230464,647.230464,45,200,94,1,20251021_025153
1760982652.2699218,2528283,647240448,647.240448,50,201,91,1,20251021_025153
1760982652.2799058,2528322,647250432,647.250432,55,200,87,1,20251021_025153
1760982652.2898898,2528361,647260416,647.260416,60,200,85,1,20251021_025153
1760982652.2998738,2528400,647270400,647.2704,65,200,83,1,20251021_025153
1760982652.3098578,2528439,647280384,647.280384,69,201,84,1,20251021_025153
1760982652.319842,2528478,647290368,647.290368,74,199,85,1,20251021_025153
1760982652.329826,2528517,647300352,647.300352,79,200,85,1,20251021_025153
1760982652.33981,2528556,647310336,647.310336,83,200,86,1,20251021_025153
1760982652.3497937,2528595,647320320,647.32032,88,200,85,1,20251021_025153
1760982652.3597777,2528634,647330304,647.330304,92,199,86,1,20251021_025153
1760982652.3697617,2528673,647340288,647.340288,96,199,85,1,20251021_025153
1760982652.3800018,2528713,647350528,647.350528,100,199,85,1,20251021_025153
1760982652.3899858,2528752,647360512,647.360512,104,199,83,1,20251021_025153
1760982652.3999698,2528791,647370496,647.370496,107,199,85,1,20251021_025153
1760982652.4099538,2528830,647380480,647.38048,111,199,85,1,20251021_025153
1760982652.4199378,2528869,647390464,647.390464,114,199,85,1,20251021_025153
1760982652.429922,2528908,647400448,647.400448,117,199,86,1,20251021_025153
1760982652.439906,2528947,647410432,647.410432,120,199,84,1,20251021_025153
1760982652.44989,2528986,647420416,647.420416,123,198,86,1,20251021_025153
1760982652.4598737,2529025,647430400,647.4304,126,199,85,1,20251021_025153
1760982652.4698577,2529064,647440384,647.440384,128,198,86,1,20251021_025153
1760982652.4798417,2529103,647450368,647.450368,131,198,85,1,20251021_025153
1760982652.4898255,2529142,647460352,647.460352,133,198,86,1,20251021_025153
1760982652.4998095,2529181,647470336,647.470336,136,198,86,1,20251021_025153
1760982652.5097938,2529220,647480320,647.48032,138,199,87,1,20251021_025153
1760982652.5197778,2529259,647490304,647.490304,140,198,87,1,20251021_025153
1760982652.530018,2529299,647500544,647.500544,142,198,88,1,20251021_025153
1760982652.540002,2529338,647510528,647.510528,144,198,89,1,20251021_025153
1760982652.549986,2529377,647520512,647.520512,147,198,90,1,20251021_025153
1760982652.5599697,2529416,647530496,647.530496,149,198,91,1,20251021_025153
1760982652.5699537,2529455,647540480,647.54048,151,198,90,1,20251021_025153
1760982652.5799377,2529494,647550464,647.550464,153,198,92,1,20251021_025153
1760982652.5899217,2529533,647560448,647.560448,155,198,92,1,20251021_025153
1760982652.5999055,2529572,647570432,647.570432,157,198,96,1,20251021_025153
1760982652.6098895,2529611,647580416,647.580416,159,198,99,1,20251021_025153
1760982652.6198738,2529650,647590400,647.5904,162,198,103,1,20251021_025153
1760982652.6298578,2529689,647600384,647.600384,165,199,108,1,20251021_025153
1760982652.6398418,2529728,647610368,647.610368,168,199,112,1,20251021_025153
1760982652.6498258,2529767,647620352,647.620352,171,198,115,1,20251021_025153
1760982652.660066,2529807,647630592,647.630592,175,199,119,1,20251021_025153
1760982652.6700497,2529846,647640576,647.640576,178,198,121,1,20251021_025153
1760982652.6800337,2529885,647650560,647.65056,182,199,124,1,20251021_025153
1760982652.6900177,2529924,647660544,647.660544,186,199,126,1,20251021_025153
1760982652.7000017,2529963,647670528,647.670528,190,199,127,1,20251021_025153
1760982652.7099855,2530002,647680512,647.680512,195,199,128,1,20251021_025153
1760982652.7199695,2530041,647690496,647.690496,199,199,134,1,20251021_025153
1760982652.7299538,2530080,647700480,647.70048,203,199,134,1,20251021_025153
1760982652.7399378,2530119,647710464,647.710464,208,199,135,1,20251021_025153
1760982652.7499218,2530158,647720448,647.720448,212,199,136,1,20251021_025153
1760982652.7599058,2530197,647730432,647.730432,216,199,137,1,20251021_025153
1760982652.7698898,2530236,647740416,647.740416,220,199,137,1,20251021_025153
1760982652.7798738,2530275,647750400,647.7504,224,199,138,1,20251021_025153
1760982652.789858,2530314,647760384,647.760384,228,200,138,1,20251021_025153
1760982652.799842,2530353,647770368,647.770368,232,200,139,1,20251021_025153
1760982652.8100815,2530393,647780608,647.780608,235,200,139,1,20251021_025153
1760982652.8200655,2530432,647790592,647.790592,239,200,139,1,20251021_025153
1760982652.8300498,2530471,647800576,647.800576,242,200,139,1,20251021_025153
1760982652.8400338,2530510,647810560,647.81056,245,200,140,1,20251021_025153
1760982652.8500178,2530549,647820544,647.820544,248,200,140,1,20251021_025153
1760982652.8600018,2530588,647830528,647.830528,251,200,140,1,20251021_025153
1760982652.8699858,2530627,647840512,647.840512,254,201,140,1,20251021_025153
1760982652.8799698,2530666,647850496,647.850496,1,200,139,1,20251021_025153
1760982652.889954,2530705,647860480,647.86048,4,200,139,1,20251021_025153
1760982652.899938,2530744,647870464,647.870464,6,200,138,1,20251021_025153
1760982652.909922,2530783,647880448,647.880448,9,200,137,1,20251021_025153
1760982652.9199057,2530822,647890432,647.890432,11,200,135,1,20251021_025153
1760982652.9298897,2530861,647900416,647.900416,13,200,134,1,20251021_025153
1760982652.9401298,2530901,647910656,647.910656,16,200,132,1,20251021_025153
1760982652.9501138,2530940,647920640,647.92064,18,200,132,1,20251021_025153
1760982652.9600978,2530979,647930624,647.930624,20,200,132,1,20251021_025153
1760982652.9700818,2531018,647940608,647.940608,22,200,130,1,20251021_025153
1760982652.9800658,2531057,647950592,647.950592,25,200,130,1,20251021_025153
1760982652.9900498,2531096,647960576,647.960576,27,200,127,1,20251021_025153
1760982653.000034,2531135,647970560,647.97056,29,200,127,1,20251021_025153
1760982653.010018,2531174,647980544,647.980544,32,200,126,1,20251021_025153
1760982653.020002,2531213,647990528,647.990528,34,200,124,1,20251021_025153
1760982653.0299857,2531252,648000512,648.000512,37,201,119,1,20251021_025153
1760982653.0399697,2531291,648010496,648.010496,40,200,114,1,20251021_025153
1760982653.0499537,2531330,648020480,648.02048,43,200,110,1,20251021_025153
1760982653.0599377,2531369,648030464,648.030464,46,200,106,1,20251021_025153
1760982653.0699215,2531408,648040448,648.040448,50,200,102,1,20251021_025153
1760982653.0801618,2531448,648050688,648.050688,54,200,100,1,20251021_025153
1760982653.0901458,2531487,648060672,648.060672,58,201,97,1,20251021_025153
1760982653.1001298,2531526,648070656,648.070656,63,200,94,1,20251021_025153
1760982653.110114,2531565,648080640,648.08064,67,199,90,1,20251021_025153
1760982653.120098,2531604,648090624,648.090624,72,200,88,1,20251021_025153
1760982653.130082,2531643,648100608,648.100608,76,200,86,1,20251021_025153
1760982653.1400657,2531682,648110592,648.110592,81,200,84,1,20251021_025153
1760982653.1500497,2531721,648120576,648.120576,85,200,85,1,20251021_025153
1760982653.1600337,2531760,648130560,648.13056,90,199,85,1,20251021_025153
1760982653.1700175,2531799,648140544,648.140544,94,200,86,1,20251021_025153
1760982653.1800015,2531838,648150528,648.150528,98,199,85,1,20251021_025153
1760982653.1899858,2531877,648160512,648.160512,102,199,84,1,20251021_025153
1760982653.1999698,2531916,648170496,648.170496,105,199,86,1,20251021_025153
1760982653.2099538,2531955,648180480,648.18048,109,199,86,1,20251021_025153
1760982653.220194,2531995,648190720,648.19072,112,198,85,1,20251021_025153
1760982653.230178,2532034,648200704,648.200704,115,199,86,1,20251021_025153
1760982653.240162,2532073,648210688,648.210688,118,199,85,1,20251021_025153
1760982653.2501457,2532112,648220672,648.220672,121,198,86,1,20251021_025153
1760982653.2601297,2532151,648230656,648.230656,124,198,88,1,20251021_025153
1760982653.2701137,2532190,648240640,648.24064,127,199,88,1,20251021_025153
1760982653.2800975,2532229,648250624,648.250624,130,198,88,1,20251021_025153
1760982653.2900815,2532268,648260608,648.260608,132,199,90,1,20251021_025153
1760982653.3000658,2532307,648270592,648.270592,135,198,90,1,20251021_025153
1760982653.3100498,2532346,648280576,648.280576,137,198,92,1,20251021_025153
1760982653.3200338,2532385,648290560,648.29056,140,198,97,1,20251021_025153
1760982653.3300178,2532424,648300544,648.300544,142,198,99,1,20251021_025153
1760982653.3400018,2532463,648310528,648.310528,145,198,106,1,20251021_025153
1760982653.3499858,2532502,648320512,648.320512,148,198,111,1,20251021_025153
1760982653.35997,2532541,648330496,648.330496,151,198,116,1,20251021_025153
1760982653.3702097,2532581,648340736,648.340736,155,199,120,1,20251021_025153
1760982653.3801937,2532620,648350720,648.35072,159,199,123,1,20251021_025153
1760982653.3901775,2532659,648360704,648.360704,163,198,125,1,20251021_025153
1760982653.4001615,2532698,648370688,648.370688,167,198,128,1,20251021_025153
1760982653.4101458,2532737,648380672,648.380672,171,199,134,1,20251021_025153
1760982653.4201298,2532776,648390656,648.390656,176,199,135,1,20251021_025153
1760982653.4301138,2532815,648400640,648.40064,181,199,136,1,20251021_025153
1760982653.4400978,2532854,648410624,648.410624,186,199,136,1,20251021_025153
1760982653.4500818,2532893,648420608,648.420608,190,198,136,1,20251021_025153
1760982653.4600658,2532932,648430592,648.430592,195,199,138,1,20251021_025153
1760982653.47005,2532971,648440576,648.440576,200,199,139,1,20251021_025153
1760982653.480034,2533010,648450560,648.45056,205,198,139,1,20251021_025153
1760982653.490018,2533049,648460544,648.460544,209,199,138,1,20251021_025153
1760982653.5000017,2533088,648470528,648.470528,214,199,140,1,20251021_025153
1760982653.5099857,2533127,648480512,648.480512,218,199,139,1,20251021_025153
1760982653.5202258,2533167,648490752,648.490752,222,199,140,1,20251021_025153
1760982653.5302098,2533206,648500736,648.500736,226,199,140,1,20251021_025153
1760982653.5401938,2533245,648510720,648.51072,230,200,141,1,20251021_025153
1760982653.5501778,2533284,648520704,648.520704,233,199,140,1,20251021_025153
1760982653.5601618,2533323,648530688,648.530688,237,200,141,1,20251021_025153
1760982653.5701458,2533362,648540672,648.540672,240,200,141,1,20251021_025153
1760982653.58013,2533401,648550656,648.550656,243,200,142,1,20251021_025153
1760982653.590114,2533440,648560640,648.56064,246,201,144,1,20251021_025153
1760982653.600098,2533479,648570624,648.570624,249,200,140,1,20251021_025153
1760982653.6100817,2533518,648580608,648.580608,252,200,140,1,20251021_025153
1760982653.6200657,2533557,648590592,648.590592,0,201,139,1,20251021_025153
1760982653.6300497,2533596,648600576,648.600576,2,200,138,1,20251021_025153
1760982653.6400335,2533635,648610560,648.61056,5,200,136,1,20251021_025153
1760982653.6500175,2533674,648620544,648.620544,7,200,135,1,20251021_025153
1760982653.6602578,2533714,648630784,648.630784,10,200,131,1,20251021_025153
1760982653.6702418,2533753,648640768,648.640768,12,201,132,1,20251021_025153
1760982653.6802258,2533792,648650752,648.650752,15,200,130,1,20251021_025153
1760982653.69021,2533831,648660736,648.660736,17,200,127,1,20251021_025153
1760982653.700194,2533870,648670720,648.67072,20,200,127,1,20251021_025153
1760982653.710178,2533909,648680704,648.680704,22,201,124,1,20251021_025153
1760982653.7201617,2533948,648690688,648.690688,25,202,118,1,20251021_025153
1760982653.7301457,2533987,648700672,648.700672,28,201,112,1,20251021_025153
1760982653.7401297,2534026,648710656,648.710656,32,200,105,1,20251021_025153
1760982653.7501135,2534065,648720640,648.72064,35,199,101,1,20251021_025153
1760982653.7600975,2534104,648730624,648.730624,40,200,99,1,20251021_025153
1760982653.7700818,2534143,648740608,648.740608,44,200,94,1,20251021_025153
1760982653.7800658,2534182,648750592,648.750592,48,200,90,1,20251021_025153
1760982653.7900498,2534221,648760576,648.760576,53,200,88,1,20251021_025153
1760982653.80029,2534261,648770816,648.770816,58,200,86,1,20251021_025153
1760982653.810274,2534300,648780800,648.7808,63,199,83,1,20251021_025153
1760982653.8202577,2534339,648790784,648.790784,68,200,84,1,20251021_025153
1760982653.8302417,2534378,648800768,648.800768,73,199,84,1,20251021_025153
1760982653.8402257,2534417,648810752,648.810752,77,200,84,1,20251021_025153
1760982653.8502097,2534456,648820736,648.820736,82,200,84,1,20251021_025153
1760982653.8601935,2534495,648830720,648.83072,86,199,85,1,20251021_025153
1760982653.8701775,2534534,648840704,648.840704,91,199,86,1,20251021_025153
1760982653.8801618,2534573,648850688,648.850688,95,199,85,1,20251021_025153
1760982653.8901458,2534612,648860672,648.860672,99,200,86,1,20251021_025153
1760982653.9001298,2534651,648870656,648.870656,102,199,86,1,20251021_025153
1760982653.9101138,2534690,648880640,648.88064,106,199,85,1,20251021_025153
1760982653.9200978,2534729,648890624,648.890624,110,199,85,1,20251021_025153
1760982653.9300818,2534768,648900608,648.900608,113,199,86,1,20251021_025153
1760982653.940066,2534807,648910592,648.910592,116,199,86,1,20251021_025153
1760982653.9503057,2534847,648920832,648.920832,119,198,86,1,20251021_025153
1760982653.9602897,2534886,648930816,648.930816,122,199,87,1,20251021_025153
1760982653.9702735,2534925,648940800,648.9408,125,198,86,1,20251021_025153
1760982653.9802575,2534964,648950784,648.950784,127,199,87,1,20251021_025153
1760982653.9902418,2535003,648960768,648.960768,130,199,88,1,20251021_025153
1760982654.0002258,2535042,648970752,648.970752,133,198,89,1,20251021_025153
1760982654.0102098,2535081,648980736,648.980736,135,199,88,1,20251021_025153
1760982654.0201938,2535120,648990720,648.99072,137,198,90,1,20251021_025153
1760982654.0301778,2535159,649000704,649.000704,140,199,91,1,20251021_025153
1760982654.0401618,2535198,649010688,649.010688,142,199,93,1,20251021_025153
1760982654.050146,2535237,649020672,649.020672,145,199,96,1,20251021_025153
1760982654.06013,2535276,649030656,649.030656,147,198,101,1,20251021_025153
1760982654.0703695,2535316,649040896,649.040896,150,198,105,1,20251021_025153
1760982654.0803535,2535355,649050880,649.05088,153,199,110,1,20251021_025153
1760982654.0903378,2535394,649060864,649.060864,156,200,116,1,20251021_025153
1760982654.1003218,2535433,649070848,649.070848,160,199,120,1,20251021_025153
1760982654.1103058,2535472,649080832,649.080832,163,199,124,1,20251021_025153
1760982654.1202898,2535511,649090816,649.090816,168,199,127,1,20251021_025153
1760982654.1302738,2535550,649100800,649.1008,172,199,127,1,20251021_025153
1760982654.1402578,2535589,649110784,649.110784,176,198,133,1,20251021_025153
1760982654.150242,2535628,649120768,649.120768,181,199,135,1,20251021_025153
1760982654.160226,2535667,649130752,649.130752,186,199,134,1,20251021_025153
1760982654.17021,2535706,649140736,649.140736,190,198,135,1,20251021_025153
1760982654.1801937,2535745,649150720,649.15072,195,199,137,1,20251021_025153
1760982654.1901777,2535784,649160704,649.160704,200,199,138,1,20251021_025153
1760982654.2001617,2535823,649170688,649.170688,204,199,138,1,20251021_025153
1760982654.2101457,2535862,649180672,649.180672,209,199,139,1,20251021_025153
1760982654.2203858,2535902,649190912,649.190912,213,199,139,1,20251021_025153
1760982654.2303698,2535941,649200896,649.200896,218,200,139,1,20251021_025153
1760982654.2403538,2535980,649210880,649.21088,222,199,140,1,20251021_025153
1760982654.2503378,2536019,649220864,649.220864,226,199,139,1,20251021_025153
1760982654.260322,2536058,649230848,649.230848,230,199,140,1,20251021_025153
1760982654.270306,2536097,649240832,649.240832,233,200,141,1,20251021_025153
1760982654.28029,2536136,649250816,649.250816,237,200,141,1,20251021_025153
1760982654.2902737,2536175,649260800,649.2608,240,201,143,1,20251021_025153
1760982654.3002577,2536214,649270784,649.270784,243,199,140,1,20251021_025153
1760982654.3102417,2536253,649280768,649.280768,246,200,141,1,20251021_025153
1760982654.3202257,2536292,649290752,649.290752,249,200,141,1,20251021_025153
1760982654.3302095,2536331,649300736,649.300736,252,200,141,1,20251021_025153
1760982654.3401935,2536370,649310720,649.31072,0,200,139,1,20251021_025153
1760982654.3501778,2536409,649320704,649.320704,2,200,139,1,20251021_025153
1760982654.3604178,2536449,649330944,649.330944,5,200,136,1,20251021_025153
1760982654.370402,2536488,649340928,649.340928,7,200,138,1,20251021_025153
1760982654.380386,2536527,649350912,649.350912,9,200,136,1,20251021_025153
1760982654.39037,2536566,649360896,649.360896,12,200,134,1,20251021_025153
1760982654.4003537,2536605,649370880,649.37088,14,200,132,1,20251021_025153
1760982654.4103377,2536644,649380864,649.380864,17,200,131,1,20251021_025153
1760982654.4203217,2536683,649390848,649.390848,19,200,130,1,20251021_025153
1760982654.4303055,2536722,649400832,649.400832,21,201,129,1,20251021_025153
1760982654.4402895,2536761,649410816,649.410816,24,200,128,1,20251021_025153
1760982654.4502738,2536800,649420800,649.4208,26,200,127,1,20251021_025153
1760982654.4602578,2536839,649430784,649.430784,29,200,122,1,20251021_025153
1760982654.4702418,2536878,649440768,649.440768,31,200,117,1,20251021_025153
1760982654.4802258,2536917,649450752,649.450752,35,200,111,1,20251021_025153
1760982654.4902098,2536956,649460736,649.460736,38,200,104,1,20251021_025153
1760982654.50045,2536996,649470976,649.470976,42,200,100,1,20251021_025153
1760982654.5104337,2537035,649480960,649.48096,46,200,95,1,20251021_025153
1760982654.5204177,2537074,649490944,649.490944,51,200,92,1,20251021_025153
1760982654.5304017,2537113,649500928,649.500928,56,200,88,1,20251021_025153
1760982654.5403855,2537152,649510912,649.510912,61,200,84,1,20251021_025153
1760982654.5503695,2537191,649520896,649.520896,65,200,84,1,20251021_025153
1760982654.5603538,2537230,649530880,649.53088,70,199,84,1,20251021_025153
1760982654.5703378,2537269,649540864,649.540864,75,199,84,1,20251021_025153
1760982654.5803218,2537308,649550848,649.550848,80,199,84,1,20251021_025153
1760982654.5903058,2537347,649560832,649.560832,84,200,84,1,20251021_025153
1760982654.6002898,2537386,649570816,649.570816,89,199,84,1,20251021_025153
1760982654.6102738,2537425,649580800,649.5808,93,199,85,1,20251021_025153
1760982654.620258,2537464,649590784,649.590784,97,199,87,1,20251021_025153
1760982654.630242,2537503,649600768,649.600768,101,199,85,1,20251021_025153
1760982654.6404817,2537543,649611008,649.611008,104,199,84,1,20251021_025153
1760982654.6504655,2537582,649620992,649.620992,108,199,85,1,20251021_025153
1760982654.6604495,2537621,649630976,649.630976,111,198,84,1,20251021_025153
1760982654.6704338,2537660,649640960,649.64096,114,199,85,1,20251021_025153
1760982654.6804178,2537699,649650944,649.650944,118,198,86,1,20251021_025153
1760982654.6904018,2537738,649660928,649.660928,121,198,84,1,20251021_025153
1760982654.7003858,2537777,649670912,649.670912,123,198,86,1,20251021_025153
1760982654.7103698,2537816,649680896,649.680896,126,198,86,1,20251021_025153
1760982654.7203538,2537855,649690880,649.69088,129,198,88,1,20251021_025153
1760982654.730338,2537894,649700864,649.700864,131,198,87,1,20251021_025153
1760982654.740322,2537933,649710848,649.710848,134,198,88,1,20251021_025153
1760982654.750306,2537972,649720832,649.720832,136,199,89,1,20251021_025153
1760982654.7602897,2538011,649730816,649.730816,139,199,90,1,20251021_025153
1760982654.7702737,2538050,649740800,649.7408,141,199,90,1,20251021_025153
1760982654.7802577,2538089,649750784,649.750784,143,199,90,1,20251021_025153
1760982654.7904978,2538129,649761024,649.761024,145,199,92,1,20251021_025153
1760982654.8004818,2538168,649771008,649.771008,148,199,92,1,20251021_025153
1760982654.8104658,2538207,649780992,649.780992,150,198,94,1,20251021_025153
1760982654.8204498,2538246,649790976,649.790976,152,199,97,1,20251021_025153
1760982654.8304338,2538285,649800960,649.80096,155,199,99,1,20251021_025153
1760982654.840418,2538324,649810944,649.810944,157,199,103,1,20251021_025153
1760982654.850402,2538363,649820928,649.820928,160,199,108,1,20251021_025153
1760982654.860386,2538402,649830912,649.830912,163,199,114,1,20251021_025153
1760982654.8703697,2538441,649840896,649.840896,166,199,115,1,20251021_025153
1760982654.8803537,2538480,649850880,649.85088,170,199,118,1,20251021_025153
1760982654.8903377,2538519,649860864,649.860864,173,199,121,1,20251021_025153
1760982654.9003215,2538558,649870848,649.870848,177,198,124,1,20251021_025153
1760982654.9103055,2538597,649880832,649.880832,181,199,127,1,20251021_025153
1760982654.9202898,2538636,649890816,649.890816,185,199,127,1,20251021_025153
1760982654.9302738,2538675,649900800,649.9008,190,199,133,1,20251021_025153
1760982654.9405138,2538715,649911040,649.91104,194,198,135,1,20251021_025153
1760982654.950498,2538754,649921024,649.921024,199,199,135,1,20251021_025153
1760982654.960482,2538793,649931008,649.931008,203,198,136,1,20251021_025153
1760982654.970466,2538832,649940992,649.940992,208,199,136,1,20251021_025153
1760982654.9804497,2538871,649950976,649.950976,212,199,137,1,20251021_025153
1760982654.9904337,2538910,649960960,649.96096,216,199,140,1,20251021_025153
1760982655.0004177,2538949,649970944,649.970944,220,198,139,1,20251021_025153
1760982655.0104015,2538988,649980928,649.980928,224,199,139,1,20251021_025153
1760982655.0203855,2539027,649990912,649.990912,228,199,140,1,20251021_025153
1760982655.0303698,2539066,650000896,650.000896,232,200,140,1,20251021_025153
1760982655.0403538,2539105,650010880,650.01088,235,199,139,1,20251021_025153
1760982655.0503378,2539144,650020864,650.020864,239,200,142,1,20251021_025153
1760982655.0603218,2539183,650030848,650.030848,242,200,142,1,20251021_025153
1760982655.0703058,2539222,650040832,650.040832,245,200,140,1,20251021_025153
1760982655.0805457,2539262,650051072,650.051072,248,200,140,1,20251021_025153
1760982655.0905297,2539301,650061056,650.061056,251,200,140,1,20251021_025153
1760982655.1005137,2539340,650071040,650.07104,254,199,141,1,20251021_025153
1760982655.1104977,2539379,650081024,650.081024,1,200,138,1,20251021_025153
1760982655.1204815,2539418,650091008,650.091008,4,200,136,1,20251021_025153
1760982655.1304655,2539457,650100992,650.100992,6,199,135,1,20251021_025153
1760982655.1404498,2539496,650110976,650.110976,9,199,134,1,20251021_025153
1760982655.1504338,2539535,650120960,650.12096,11,200,134,1,20251021_025153
1760982655.1604178,2539574,650130944,650.130944,14,200,131,1,20251021_025153
1760982655.1704018,2539613,650140928,650.140928,16,199,129,1,20251021_025153
1760982655.1803858,2539652,650150912,650.150912,19,199,129,1,20251021_025153
1760982655.1903698,2539691,650160896,650.160896,21,200,127,1,20251021_025153
1760982655.200354,2539730,650170880,650.17088,23,200,127,1,20251021_025153
1760982655.210338,2539769,650180864,650.180864,26,200,126,1,20251021_025153
1760982655.220322,2539808,650190848,650.190848,29,200,118,1,20251021_025153
1760982655.2305615,2539848,650201088,650.201088,32,200,112,1,20251021_025153
1760982655.2405455,2539887,650211072,650.211072,35,200,107,1,20251021_025153
1760982655.2505298,2539926,650221056,650.221056,39,200,105,1,20251021_025153
1760982655.2605138,2539965,650231040,650.23104,42,200,102,1,20251021_025153
1760982655.2704978,2540004,650241024,650.241024,47,200,97,1,20251021_025153
1760982655.2804818,2540043,650251008,650.251008,51,200,94,1,20251021_025153
1760982655.2904658,2540082,650260992,650.260992,56,200,90,1,20251021_025153
1760982655.3004498,2540121,650270976,650.270976,60,200,88,1,20251021_025153
1760982655.310434,2540160,650280960,650.28096,65,200,85,1,20251021_025153
1760982655.3206737,2540200,650291200,650.2912,70,199,84,1,20251021_025153
1760982655.3306575,2540239,650301184,650.301184,75,199,85,1,20251021_025153
1760982655.3406415,2540278,650311168,650.311168,79,200,85,1,20251021_025153
1760982655.3506258,2540317,650321152,650.321152,84,199,85,1,20251021_025153
1760982655.3606098,2540356,650331136,650.331136,88,199,85,1,20251021_025153
1760982655.3705938,2540395,650341120,650.34112,92,198,84,1,20251021_025153
1760982655.3805778,2540434,650351104,650.351104,96,198,85,1,20251021_025153
1760982655.3905618,2540473,650361088,650.361088,100,199,85,1,20251021_025153
1760982655.400802,2540513,650371328,650.371328,104,199,86,1,20251021_025153
1760982655.4107857,2540552,650381312,650.381312,108,199,86,1,20251021_025153
1760982655.4207697,2540591,650391296,650.391296,111,199,86,1,20251021_025153
1760982655.4307537,2540630,650401280,650.40128,114,199,86,1,20251021_025153
1760982655.4407375,2540669,650411264,650.411264,117,199,85,1,20251021_025153
1760982655.4507215,2540708,650421248,650.421248,120,198,85,1,20251021_025153
1760982655.4609618,2540748,650431488,650.431488,123,198,87,1,20251021_025153
1760982655.4709458,2540787,650441472,650.441472,126,199,85,1,20251021_025153
1760982655.48093,2540826,650451456,650.451456,129,198,87,1,20251021_025153
1760982655.490914,2540865,650461440,650.46144,131,199,88,1,20251021_025153
1760982655.500898,2540904,650471424,650.471424,134,199,89,1,20251021_025153
1760982655.510882,2540943,650481408,650.481408,136,199,88,1,20251021_025153
1760982655.5208657,2540982,650491392,650.491392,138,199,90,1,20251021_025153
1760982655.5308497,2541021,650501376,650.501376,141,199,91,1,20251021_025153
1760982655.5410898,2541061,650511616,650.511616,143,199,92,1,20251021_025153
1760982655.5510738,2541100,650521600,650.5216,145,198,92,1,20251021_025153
1760982655.5610578,2541139,650531584,650.531584,148,199,94,1,20251021_025153
1760982655.5710418,2541178,650541568,650.541568,150,198,96,1,20251021_025153
1760982655.5810258,2541217,650551552,650.551552,152,198,96,1,20251021_025153
1760982655.59101,2541256,650561536,650.561536,155,198,100,1,20251021_025153
1760982655.600994,2541295,650571520,650.57152,158,198,104,1,20251021_025153
1760982655.6112337,2541335,650581760,650.58176,160,198,109,1,20251021_025153
1760982655.6212175,2541374,650591744,650.591744,164,200,115,1,20251021_025153
1760982655.6312015,2541413,650601728,650.601728,167,199,118,1,20251021_025153
1760982655.6411858,2541452,650611712,650.611712,171,199,122,1,20251021_025153
1760982655.6511698,2541491,650621696,650.621696,175,199,126,1,20251021_025153
1760982655.6611538,2541530,650631680,650.63168,179,199,127,1,20251021_025153
1760982655.6711378,2541569,650641664,650.641664,183,199,128,1,20251021_025153
1760982655.681378,2541609,650651904,650.651904,188,199,128,1,20251021_025153
1760982655.6913617,2541648,650661888,650.661888,192,199,134,1,20251021_025153
1760982655.7013457,2541687,650671872,650.671872,197,199,137,1,20251021_025153
1760982655.7113297,2541726,650681856,650.681856,201,199,136,1,20251021_025153
1760982655.7213137,2541765,650691840,650.69184,206,198,135,1,20251021_025153
1760982655.7312975,2541804,650701824,650.701824,210,199,138,1,20251021_025153
1760982655.7412815,2541843,650711808,650.711808,215,198,136,1,20251021_025153
1760982655.7512658,2541882,650721792,650.721792,219,199,138,1,20251021_025153
1760982655.7615058,2541922,650732032,650.732032,223,199,139,1,20251021_025153
1760982655.77149,2541961,650742016,650.742016,227,199,140,1,20251021_025153
1760982655.781474,2542000,650752000,650.752,231,199,138,1,20251021_025153
1760982655.791458,2542039,650761984,650.761984,234,199,140,1,20251021_025153
1760982655.8014417,2542078,650771968,650.771968,238,199,140,1,20251021_025153
1760982655.8114257,2542117,650781952,650.781952,241,199,140,1,20251021_025153
1760982655.8214097,2542156,650791936,650.791936,244,200,140,1,20251021_025153
1760982655.8316498,2542196,650802176,650.802176,247,200,140,1,20251021_025153
1760982655.8416338,2542235,650812160,650.81216,250,200,139,1,20251021_025153
1760982655.8516178,2542274,650822144,650.822144,253,200,140,1,20251021_025153
1760982655.8616018,2542313,650832128,650.832128,0,200,139,1,20251021_025153
1760982655.8715858,2542352,650842112,650.842112,3,200,138,1,20251021_025153
1760982655.88157,2542391,650852096,650.852096,5,200,137,1,20251021_025153
1760982655.891554,2542430,650862080,650.86208,8,201,136,1,20251021_025153
1760982655.901538,2542469,650872064,650.872064,10,200,134,1,20251021_025153
1760982655.9115217,2542508,650882048,650.882048,13,200,132,1,20251021_025153
1760982655.9215057,2542547,650892032,650.892032,15,200,131,1,20251021_025153
1760982655.9314897,2542586,650902016,650.902016,17,200,130,1,20251021_025153
1760982655.9414735,2542625,650912000,650.912,20,201,129,1,20251021_025153
1760982655.9517138,2542665,650922240,650.92224,22,200,127,1,20251021_025153
1760982655.9616978,2542704,650932224,650.932224,25,200,127,1,20251021_025153
1760982655.9716818,2542743,650942208,650.942208,27,200,127,1,20251021_025153
1760982655.9816658,2542782,650952192,650.952192,29,201,123,1,20251021_025153
1760982655.99165,2542821,650962176,650.962176,32,200,115,1,20251021_025153
1760982656.001634,2542860,650972160,650.97216,36,200,109,1,20251021_025153
1760982656.011618,2542899,650982144,650.982144,39,201,105,1,20251021_025153
1760982656.0216017,2542938,650992128,650.992128,43,199,100,1,20251021_025153
1760982656.0315857,2542977,651002112,651.002112,47,200,96,1,20251021_025153
1760982656.0415697,2543016,651012096,651.012096,52,200,91,1,20251021_025153
1760982656.0515535,2543055,651022080,651.02208,56,200,89,1,20251021_025153
1760982656.0615375,2543094,651032064,651.032064,61,200,87,1,20251021_025153
1760982656.0715218,2543133,651042048,651.042048,66,200,86,1,20251021_025153
1760982656.0815058,2543172,651052032,651.052032,71,200,84,1,20251021_025153
1760982656.0914898,2543211,651062016,651.062016,76,200,85,1,20251021_025153
1760982656.10173,2543251,651072256,651.072256,80,199,84,1,20251021_025153
1760982656.111714,2543290,651082240,651.08224,85,199,84,1,20251021_025153
1760982656.1216977,2543329,651092224,651.092224,89,199,84,1,20251021_025153
1760982656.1316817,2543368,651102208,651.102208,93,200,86,1,20251021_025153
1760982656.1416657,2543407,651112192,651.112192,97,199,86,1,20251021_025153
1760982656.1516497,2543446,651122176,651.122176,101,200,86,1,20251021_025153
1760982656.1616335,2543485,651132160,651.13216,105,200,85,1,20251021_025153
1760982656.1716175,2543524,651142144,651.142144,108,199,85,1,20251021_025153
1760982656.1816018,2543563,651152128,651.152128,111,199,85,1,20251021_025153
1760982656.1915858,2543602,651162112,651.162112,115,199,86,1,20251021_025153
1760982656.2015698,2543641,651172096,651.172096,118,198,86,1,20251021_025153
1760982656.2115538,2543680,651182080,651.18208,121,199,87,1,20251021_025153
1760982656.2215378,2543719,651192064,651.192064,124,199,87,1,20251021_025153
1760982656.2315218,2543758,651202048,651.202048,126,199,90,1,20251021_025153
1760982656.241506,2543797,651212032,651.212032,129,198,89,1,20251021_025153
1760982656.2517457,2543837,651222272,651.222272,132,199,90,1,20251021_025153
1760982656.2617297,2543876,651232256,651.232256,134,198,92,1,20251021_025153
1760982656.2717135,2543915,651242240,651.24224,137,199,94,1,20251021_025153
1760982656.2816978,2543954,651252224,651.252224,139,199,98,1,20251021_025153
1760982656.2916818,2543993,651262208,651.262208,142,198,102,1,20251021_025153
1760982656.3016658,2544032,651272192,651.272192,145,199,109,1,20251021_025153
1760982656.3116498,2544071,651282176,651.282176,148,198,114,1,20251021_025153
1760982656.3216338,2544110,651292160,651.29216,152,198,118,1,20251021_025153
1760982656.3316178,2544149,651302144,651.302144,155,198,123,1,20251021_025153
1760982656.3416018,2544188,651312128,651.312128,159,198,125,1,20251021_025153
1760982656.351586,2544227,651322112,651.322112,163,199,127,1,20251021_025153
1760982656.36157,2544266,651332096,651.332096,168,198,130,1,20251021_025153
1760982656.371554,2544305,651342080,651.34208,172,199,134,1,20251021_025153
1760982656.3815377,2544344,651352064,651.352064,177,198,134,1,20251021_025153
1760982656.3917778,2544384,651362304,651.362304,182,199,136,1,20251021_025153
1760982656.4017618,2544423,651372288,651.372288,187,198,136,1,20251021_025153
1760982656.4117458,2544462,651382272,651.382272,191,198,135,1,20251021_025153
1760982656.4217298,2544501,651392256,651.392256,196,199,137,1,20251021_025153
1760982656.4317138,2544540,651402240,651.40224,201,199,138,1,20251021_025153
1760982656.4416978,2544579,651412224,651.412224,206,199,139,1,20251021_025153
1760982656.451682,2544618,651422208,651.422208,210,200,137,1,20251021_025153
1760982656.461666,2544657,651432192,651.432192,214,199,140,1,20251021_025153
1760982656.47165,2544696,651442176,651.442176,219,199,140,1,20251021_025153
1760982656.4816337,2544735,651452160,651.45216,223,199,140,1,20251021_025153
1760982656.4916177,2544774,651462144,651.462144,227,200,141,1,20251021_025153
1760982656.5016017,2544813,651472128,651.472128,230,199,141,1,20251021_025153
1760982656.5115857,2544852,651482112,651.482112,234,199,141,1,20251021_025153
1760982656.5215695,2544891,651492096,651.492096,238,200,141,1,20251021_025153
1760982656.5318098,2544931,651502336,651.502336,241,199,140,1,20251021_025153
1760982656.5417938,2544970,651512320,651.51232,244,200,140,1,20251021_025153
1760982656.5517778,2545009,651522304,651.522304,247,200,142,1,20251021_025153
1760982656.561762,2545048,651532288,651.532288,250,200,141,1,20251021_025153
1760982656.571746,2545087,651542272,651.542272,253,200,140,1,20251021_025153
1760982656.58173,2545126,651552256,651.552256,0,200,139,1,20251021_025153
1760982656.5917137,2545165,651562240,651.56224,3,200,139,1,20251021_025153
1760982656.6016977,2545204,651572224,651.572224,5,200,137,1,20251021_025153
1760982656.6116817,2545243,651582208,651.582208,8,200,135,1,20251021_025153
1760982656.6216657,2545282,651592192,651.592192,10,200,133,1,20251021_025153
1760982656.6316495,2545321,651602176,651.602176,13,200,132,1,20251021_025153
1760982656.6416335,2545360,651612160,651.61216,15,201,128,1,20251021_025153
1760982656.6516178,2545399,651622144,651.622144,18,200,128,1,20251021_025153
1760982656.6616018,2545438,651632128,651.632128,20,200,127,1,20251021_025153
1760982656.6715858,2545477,651642112,651.642112,22,201,127,1,20251021_025153
1760982656.681826,2545517,651652352,651.652352,25,201,123,1,20251021_025153
1760982656.69181,2545556,651662336,651.662336,28,200,116,1,20251021_025153
1760982656.7017937,2545595,651672320,651.67232,31,200,111,1,20251021_025153
1760982656.7117777,2545634,651682304,651.682304,35,200,106,1,20251021_025153
1760982656.7217617,2545673,651692288,651.692288,38,200,104,1,20251021_025153
1760982656.7317455,2545712,651702272,651.702272,42,200,99,1,20251021_025153
1760982656.7417295,2545751,651712256,651.712256,46,200,94,1,20251021_025153
1760982656.7517138,2545790,651722240,651.72224,51,200,90,1,20251021_025153
1760982656.7616978,2545829,651732224,651.732224,56,200,88,1,20251021_025153
1760982656.7716818,2545868,651742208,651.742208,61,200,85,1,20251021_025153
1760982656.7816658,2545907,651752192,651.752192,66,200,83,1,20251021_025153
1760982656.7916498,2545946,651762176,651.762176,71,200,83,1,20251021_025153
1760982656.8016338,2545985,651772160,651.77216,75,200,85,1,20251021_025153
1760982656.811618,2546024,651782144,651.782144,80,200,86,1,20251021_025153
1760982656.8218577,2546064,651792384,651.792384,84,200,85,1,20251021_025153
1760982656.8318417,2546103,651802368,651.802368,89,200,86,1,20251021_025153
1760982656.8418255,2546142,651812352,651.812352,93,200,85,1,20251021_025153
1760982656.8518095,2546181,651822336,651.822336,97,200,85,1,20251021_025153
1760982656.8617938,2546220,651832320,651.83232,101,200,87,1,20251021_025153
1760982656.8717778,2546259,651842304,651.842304,105,199,86,1,20251021_025153
1760982656.8817618,2546298,651852288,651.852288,108,199,85,1,20251021_025153
1760982656.8917458,2546337,651862272,651.862272,111,199,86,1,20251021_025153
1760982656.9017298,2546376,651872256,651.872256,115,198,85,1,20251021_025153
1760982656.9117138,2546415,651882240,651.88224,118,198,85,1,20251021_025153
1760982656.921698,2546454,651892224,651.892224,121,199,86,1,20251021_025153
1760982656.931682,2546493,651902208,651.902208,124,199,86,1,20251021_025153
1760982656.941666,2546532,651912192,651.912192,126,199,85,1,20251021_025153
1760982656.9516497,2546571,651922176,651.922176,129,199,87,1,20251021_025153
1760982656.9618895,2546611,651932416,651.932416,131,199,88,1,20251021_025153
1760982656.9718738,2546650,651942400,651.9424,134,199,88,1,20251021_025153
1760982656.9818578,2546689,651952384,651.952384,136,199,89,1,20251021_025153
1760982656.9918418,2546728,651962368,651.962368,139,199,89,1,20251021_025153
1760982657.0018258,2546767,651972352,651.972352,141,198,89,1,20251021_025153
1760982657.0118098,2546806,651982336,651.982336,143,199,90,1,20251021_025153
1760982657.0217938,2546845,651992320,651.99232,145,199,91,1,20251021_025153
1760982657.031778,2546884,652002304,652.002304,147,199,91,1,20251021_025153
1760982657.041762,2546923,652012288,652.012288,150,199,92,1,20251021_025153
1760982657.051746,2546962,652022272,652.022272,152,199,94,1,20251021_025153
1760982657.0617297,2547001,652032256,652.032256,154,199,94,1,20251021_025153
1760982657.0717137,2547040,652042240,652.04224,156,198,98,1,20251021_025153
1760982657.0819538,2547080,652052480,652.05248,159,198,100,1,20251021_025153
1760982657.0919378,2547119,652062464,652.062464,161,198,105,1,20251021_025153
1760982657.1019218,2547158,652072448,652.072448,164,199,110,1,20251021_025153
1760982657.1119058,2547197,652082432,652.082432,167,199,114,1,20251021_025153
1760982657.1218898,2547236,652092416,652.092416,171,198,115,1,20251021_025153
1760982657.1318738,2547275,652102400,652.1024,174,199,119,1,20251021_025153
1760982657.141858,2547314,652112384,652.112384,178,199,122,1,20251021_025153
1760982657.151842,2547353,652122368,652.122368,182,199,126,1,20251021_025153
1760982657.161826,2547392,652132352,652.132352,186,200,127,1,20251021_025153
1760982657.1718097,2547431,652142336,652.142336,190,198,128,1,20251021_025153
1760982657.1817937,2547470,652152320,652.15232,195,199,134,1,20251021_025153
1760982657.1917777,2547509,652162304,652.162304,199,199,135,1,20251021_025153
1760982657.2017615,2547548,652172288,652.172288,204,199,134,1,20251021_025153
1760982657.2117455,2547587,652182272,652.182272,208,200,136,1,20251021_025153
1760982657.2219858,2547627,652192512,652.192512,213,200,138,1,20251021_025153
1760982657.2319698,2547666,652202496,652.202496,217,200,138,1,20251021_025153
1760982657.2419538,2547705,652212480,652.21248,221,200,139,1,20251021_025153
1760982657.251938,2547744,652222464,652.222464,225,200,139,1,20251021_025153
1760982657.261922,2547783,652232448,652.232448,229,200,140,1,20251021_025153
1760982657.271906,2547822,652242432,652.242432,232,199,139,1,20251021_025153
1760982657.2818897,2547861,652252416,652.252416,236,200,140,1,20251021_025153
1760982657.2918737,2547900,652262400,652.2624,239,200,140,1,20251021_025153
1760982657.3018577,2547939,652272384,652.272384,243,200,140,1,20251021_025153
1760982657.3118415,2547978,652282368,652.282368,246,200,139,1,20251021_025153
1760982657.3218255,2548017,652292352,652.292352,249,199,139,1,20251021_025153
1760982657.3318098,2548056,652302336,652.302336,251,200,139,1,20251021_025153
1760982657.3417938,2548095,652312320,652.31232,254,200,139,1,20251021_025153
1760982657.3517778,2548134,652322304,652.322304,2,200,138,1,20251021_025153
1760982657.3617618,2548173,652332288,652.332288,4,200,137,1,20251021_025153
1760982657.372002,2548213,652342528,652.342528,7,200,136,1,20251021_025153
1760982657.3819857,2548252,652352512,652.352512,9,200,134,1,20251021_025153
1760982657.3919697,2548291,652362496,652.362496,12,200,130,1,20251021_025153
1760982657.4019537,2548330,652372480,652.37248,14,200,129,1,20251021_025153
1760982657.4119377,2548369,652382464,652.382464,17,200,128,1,20251021_025153
1760982657.4219215,2548408,652392448,652.392448,19,200,127,1,20251021_025153
1760982657.4319055,2548447,652402432,652.402432,22,200,127,1,20251021_025153
1760982657.4418898,2548486,652412416,652.412416,24,202,126,1,20251021_025153
1760982657.4518738,2548525,652422400,652.4224,27,200,114,1,20251021_025153
1760982657.4618578,2548564,652432384,652.432384,30,200,109,1,20251021_025153
1760982657.4718418,2548603,652442368,652.442368,34,200,105,1,20251021_025153
1760982657.4818258,2548642,652452352,652.452352,38,200,102,1,20251021_025153
1760982657.4918098,2548681,652462336,652.462336,42,200,101,1,20251021_025153
1760982657.501794,2548720,652472320,652.47232,46,200,96,1,20251021_025153
1760982657.5120337,2548760,652482560,652.48256,50,200,91,1,20251021_025153
1760982657.5220177,2548799,652492544,652.492544,55,200,89,1,20251021_025153
1760982657.5320015,2548838,652502528,652.502528,60,200,87,1,20251021_025153
1760982657.5419858,2548877,652512512,652.512512,65,200,84,1,20251021_025153
1760982657.5519698,2548916,652522496,652.522496,70,200,85,1,20251021_025153
1760982657.5619538,2548955,652532480,652.53248,74,200,85,1,20251021_025153
1760982657.5719378,2548994,652542464,652.542464,79,200,86,1,20251021_025153
1760982657.5819218,2549033,652552448,652.552448,83,199,85,1,20251021_025153
1760982657.5919058,2549072,652562432,652.562432,88,200,85,1,20251021_025153
1760982657.6018898,2549111,652572416,652.572416,92,199,85,1,20251021_025153
1760982657.611874,2549150,652582400,652.5824,96,200,85,1,20251021_025153
1760982657.621858,2549189,652592384,652.592384,100,199,86,1,20251021_025153
1760982657.631842,2549228,652602368,652.602368,104,199,86,1,20251021_025153
1760982657.6418257,2549267,652612352,652.612352,107,199,85,1,20251021_025153
1760982657.6520658,2549307,652622592,652.622592,111,199,86,1,20251021_025153
1760982657.6620498,2549346,652632576,652.632576,114,198,87,1,20251021_025153
1760982657.6720338,2549385,652642560,652.64256,117,199,86,1,20251021_025153
1760982657.6820178,2549424,652652544,652.652544,120,199,87,1,20251021_025153
1760982657.6920018,2549463,652662528,652.662528,123,198,88,1,20251021_025153
1760982657.7019858,2549502,652672512,652.672512,126,199,88,1,20251021_025153
1760982657.71197,2549541,652682496,652.682496,128,199,88,1,20251021_025153
1760982657.721954,2549580,652692480,652.69248,131,198,90,1,20251021_025153
1760982657.731938,2549619,652702464,652.702464,134,198,90,1,20251021_025153
1760982657.7419217,2549658,652712448,652.712448,136,200,94,1,20251021_025153
1760982657.7519057,2549697,652722432,652.722432,139,199,97,1,20251021_025153
1760982657.7618897,2549736,652732416,652.732416,141,199,102,1,20251021_025153
1760982657.7718737,2549775,652742400,652.7424,144,198,109,1,20251021_025153
1760982657.7818575,2549814,652752384,652.752384,147,199,114,1,20251021_025153
1760982657.7918415,2549853,652762368,652.762368,151,199,118,1,20251021_025153
1760982657.8020818,2549893,652772608,652.772608,154,199,122,1,20251021_025153
1760982657.8120658,2549932,652782592,652.782592,158,199,126,1,20251021_025153
1760982657.82205,2549971,652792576,652.792576,162,199,128,1,20251021_025153
1760982657.832034,2550010,652802560,652.80256,167,199,131,1,20251021_025153
1760982657.842018,2550049,652812544,652.812544,171,199,134,1,20251021_025153
1760982657.8520017,2550088,652822528,652.822528,176,199,135,1,20251021_025153
1760982657.8619857,2550127,652832512,652.832512,180,198,136,1,20251021_025153
1760982657.8719697,2550166,652842496,652.842496,185,199,137,1,20251021_025153
1760982657.8819537,2550205,652852480,652.85248,190,199,137,1,20251021_025153
1760982657.8919375,2550244,652862464,652.862464,195,199,139,1,20251021_025153
1760982657.9019215,2550283,652872448,652.872448,200,199,139,1,20251021_025153
1760982657.9119058,2550322,652882432,652.882432,204,199,139,1,20251021_025153
1760982657.9218898,2550361,652892416,652.892416,209,199,139,1,20251021_025153
1760982657.9318738,2550400,652902400,652.9024,213,199,140,1,20251021_025153
1760982657.942114,2550440,652912640,652.91264,218,199,139,1,20251021_025153
1760982657.952098,2550479,652922624,652.922624,222,200,141,1,20251021_025153
1760982657.9620817,2550518,652932608,652.932608,226,200,140,1,20251021_025153
1760982657.9720657,2550557,652942592,652.942592,230,200,140,1,20251021_025153
1760982657.9820497,2550596,652952576,652.952576,233,200,141,1,20251021_025153
1760982657.9920335,2550635,652962560,652.96256,237,199,141,1,20251021_025153
1760982658.0020175,2550674,652972544,652.972544,240,200,142,1,20251021_025153
1760982658.0120018,2550713,652982528,652.982528,243,200,141,1,20251021_025153
1760982658.0219858,2550752,652992512,652.992512,246,200,142,1,20251021_025153
1760982658.0319698,2550791,653002496,653.002496,249,200,142,1,20251021_025153
1760982658.0419538,2550830,653012480,653.01248,252,199,142,1,20251021_025153
1760982658.0519378,2550869,653022464,653.022464,0,200,141,1,20251021_025153
1760982658.0619218,2550908,653032448,653.032448,2,200,140,1,20251021_025153
1760982658.071906,2550947,653042432,653.042432,5,200,138,1,20251021_025153
1760982658.0821457,2550987,653052672,653.052672,7,200,137,1,20251021_025153
1760982658.0921297,2551026,653062656,653.062656,9,200,136,1,20251021_025153
1760982658.1021135,2551065,653072640,653.07264,12,200,135,1,20251021_025153
1760982658.1120975,2551104,653082624,653.082624,14,200,133,1,20251021_025153
1760982658.1220818,2551143,653092608,653.092608,17,200,133,1,20251021_025153
1760982658.1320658,2551182,653102592,653.102592,19,200,133,1,20251021_025153
1760982658.1420498,2551221,653112576,653.112576,21,201,131,1,20251021_025153
1760982658.1520338,2551260,653122560,653.12256,23,200,128,1,20251021_025153
1760982658.1620178,2551299,653132544,653.132544,26,200,127,1,20251021_025153
1760982658.1720018,2551338,653142528,653.142528,28,200,123,1,20251021_025153
1760982658.181986,2551377,653152512,653.152512,31,200,118,1,20251021_025153
1760982658.19197,2551416,653162496,653.162496,34,200,111,1,20251021_025153
1760982658.201954,2551455,653172480,653.17248,38,200,104,1,20251021_025153
1760982658.2119377,2551494,653182464,653.182464,42,200,100,1,20251021_025153
1760982658.2219217,2551533,653192448,653.192448,46,200,94,1,20251021_025153
1760982658.2321618,2551573,653202688,653.202688,51,200,90,1,20251021_025153
1760982658.2421458,2551612,653212672,653.212672,55,201,88,1,20251021_025153
1760982658.2521298,2551651,653222656,653.222656,60,200,85,1,20251021_025153
1760982658.2621138,2551690,653232640,653.23264,65,200,84,1,20251021_025153
1760982658.2720978,2551729,653242624,653.242624,70,200,84,1,20251021_025153
1760982658.2820818,2551768,653252608,653.252608,75,200,85,1,20251021_025153
1760982658.292066,2551807,653262592,653.262592,79,200,85,1,20251021_025153
1760982658.30205,2551846,653272576,653.272576,84,200,84,1,20251021_025153
1760982658.312034,2551885,653282560,653.28256,88,199,84,1,20251021_025153
1760982658.3220177,2551924,653292544,653.292544,92,200,86,1,20251021_025153
1760982658.3320017,2551963,653302528,653.302528,96,200,85,1,20251021_025153
1760982658.3419857,2552002,653312512,653.312512,100,199,85,1,20251021_025153
1760982658.3519697,2552041,653322496,653.322496,104,199,85,1,20251021_025153
1760982658.3619535,2552080,653332480,653.33248,108,198,86,1,20251021_025153
1760982658.3721938,2552120,653342720,653.34272,111,198,85,1,20251021_025153
1760982658.3821778,2552159,653352704,653.352704,114,198,86,1,20251021_025153
1760982658.3921618,2552198,653362688,653.362688,117,199,86,1,20251021_025153
1760982658.402146,2552237,653372672,653.372672,120,199,85,1,20251021_025153
1760982658.41213,2552276,653382656,653.382656,123,198,86,1,20251021_025153
1760982658.422114,2552315,653392640,653.39264,126,198,86,1,20251021_025153
1760982658.4320977,2552354,653402624,653.402624,129,199,87,1,20251021_025153
1760982658.4420817,2552393,653412608,653.412608,131,198,87,1,20251021_025153
1760982658.4520657,2552432,653422592,653.422592,134,199,87,1,20251021_025153
1760982658.4620495,2552471,653432576,653.432576,136,198,87,1,20251021_025153
1760982658.4720335,2552510,653442560,653.44256,138,198,88,1,20251021_025153
1760982658.4820178,2552549,653452544,653.452544,141,198,89,1,20251021_025153
1760982658.4920018,2552588,653462528,653.462528,143,198,89,1,20251021_025153
1760982658.5019858,2552627,653472512,653.472512,145,198,90,1,20251021_025153
1760982658.512226,2552667,653482752,653.482752,147,198,91,1,20251021_025153
1760982658.52221,2552706,653492736,653.492736,149,198,92,1,20251021_025153
1760982658.532194,2552745,653502720,653.50272,151,199,92,1,20251021_025153
1760982658.5421777,2552784,653512704,653.512704,153,199,94,1,20251021_025153
1760982658.5521617,2552823,653522688,653.522688,156,199,97,1,20251021_025153
1760982658.5621457,2552862,653532672,653.532672,158,198,99,1,20251021_025153
1760982658.5721295,2552901,653542656,653.542656,160,199,102,1,20251021_025153
1760982658.5821135,2552940,653552640,653.55264,163,199,106,1,20251021_025153
1760982658.5920978,2552979,653562624,653.562624,166,198,110,1,20251021_025153
1760982658.6020818,2553018,653572608,653.572608,169,199,114,1,20251021_025153
1760982658.6120658,2553057,653582592,653.582592,173,199,116,1,20251021_025153
1760982658.6220498,2553096,653592576,653.592576,176,199,118,1,20251021_025153
1760982658.6320338,2553135,653602560,653.60256,180,199,124,1,20251021_025153
1760982658.6420178,2553174,653612544,653.612544,184,199,126,1,20251021_025153
1760982658.652002,2553213,653622528,653.622528,188,198,127,1,20251021_025153
1760982658.6622417,2553253,653632768,653.632768,193,199,131,1,20251021_025153
1760982658.6722257,2553292,653642752,653.642752,197,199,134,1,20251021_025153
1760982658.6822095,2553331,653652736,653.652736,201,199,134,1,20251021_025153
1760982658.6921935,2553370,653662720,653.66272,206,199,136,1,20251021_025153
1760982658.7021778,2553409,653672704,653.672704,210,199,137,1,20251021_025153
1760982658.7121618,2553448,653682688,653.682688,215,199,137,1,20251021_025153
1760982658.7221458,2553487,653692672,653.692672,219,200,138,1,20251021_025153
1760982658.7321298,2553526,653702656,653.702656,223,199,138,1,20251021_025153
1760982658.7421138,2553565,653712640,653.71264,227,199,138,1,20251021_025153
1760982658.7520978,2553604,653722624,653.722624,230,200,140,1,20251021_025153
1760982658.762082,2553643,653732608,653.732608,234,199,140,1,20251021_025153
1760982658.772066,2553682,653742592,653.742592,237,199,138,1,20251021_025153
1760982658.78205,2553721,653752576,653.752576,241,199,140,1,20251021_025153
1760982658.7920337,2553760,653762560,653.76256,244,199,140,1,20251021_025153
1760982658.8022738,2553800,653772800,653.7728,247,200,141,1,20251021_025153
1760982658.8122578,2553839,653782784,653.782784,250,200,140,1,20251021_025153
1760982658.8222418,2553878,653792768,653.792768,253,200,140,1,20251021_025153
1760982658.8322258,2553917,653802752,653.802752,0,200,139,1,20251021_025153
1760982658.8422098,2553956,653812736,653.812736,3,200,139,1,20251021_025153
1760982658.8521938,2553995,653822720,653.82272,5,200,138,1,20251021_025153
1760982658.8621778,2554034,653832704,653.832704,8,200,137,1,20251021_025153
1760982658.872162,2554073,653842688,653.842688,10,201,136,1,20251021_025153
1760982658.882146,2554112,653852672,653.852672,12,200,134,1,20251021_025153
1760982658.89213,2554151,653862656,653.862656,15,200,131,1,20251021_025153
1760982658.9021137,2554190,653872640,653.87264,17,199,130,1,20251021_025153
1760982658.9120977,2554229,653882624,653.882624,20,201,129,1,20251021_025153
1760982658.9220817,2554268,653892608,653.892608,22,200,127,1,20251021_025153
1760982658.9320655,2554307,653902592,653.902592,24,200,126,1,20251021_025153
1760982658.9420495,2554346,653912576,653.912576,27,200,124,1,20251021_025153
1760982658.9522898,2554386,653922816,653.922816,30,200,118,1,20251021_025153
1760982658.9622738,2554425,653932800,653.9328,33,200,112,1,20251021_025153
1760982658.972258,2554464,653942784,653.942784,36,201,107,1,20251021_025153
1760982658.982242,2554503,653952768,653.952768,40,200,104,1,20251021_025153
1760982658.992226,2554542,653962752,653.962752,44,200,97,1,20251021_025153
1760982659.0022097,2554581,653972736,653.972736,48,200,94,1,20251021_025153
1760982659.0121937,2554620,653982720,653.98272,53,200,92,1,20251021_025153
1760982659.0221777,2554659,653992704,653.992704,58,201,89,1,20251021_025153
1760982659.0321617,2554698,654002688,654.002688,62,200,87,1,20251021_025153
1760982659.0421455,2554737,654012672,654.012672,67,200,85,1,20251021_025153
1760982659.0521295,2554776,654022656,654.022656,72,200,85,1,20251021_025153
1760982659.0621138,2554815,654032640,654.03264,77,199,84,1,20251021_025153
1760982659.0720978,2554854,654042624,654.042624,81,200,85,1,20251021_025153
1760982659.0820818,2554893,654052608,654.052608,86,199,85,1,20251021_025153
1760982659.0920658,2554932,654062592,654.062592,90,200,86,1,20251021_025153
1760982659.102306,2554972,654072832,654.072832,94,199,86,1,20251021_025153
1760982659.1122897,2555011,654082816,654.082816,98,199,86,1,20251021_025153
1760982659.1222737,2555050,654092800,654.0928,102,199,85,1,20251021_025153
1760982659.1322577,2555089,654102784,654.102784,106,199,85,1,20251021_025153
1760982659.1422417,2555128,654112768,654.112768,109,199,85,1,20251021_025153
1760982659.1522255,2555167,654122752,654.122752,112,199,86,1,20251021_025153
1760982659.1622095,2555206,654132736,654.132736,116,199,85,1,20251021_025153
1760982659.1721938,2555245,654142720,654.14272,119,198,85,1,20251021_025153
1760982659.1821778,2555284,654152704,654.152704,122,198,86,1,20251021_025153
1760982659.1921618,2555323,654162688,654.162688,124,199,87,1,20251021_025153
1760982659.2021458,2555362,654172672,654.172672,127,199,87,1,20251021_025153
1760982659.2121298,2555401,654182656,654.182656,130,198,86,1,20251021_025153
1760982659.2221138,2555440,654192640,654.19264,132,199,88,1,20251021_025153
1760982659.232098,2555479,654202624,654.202624,135,198,87,1,20251021_025153
1760982659.2423377,2555519,654212864,654.212864,137,199,89,1,20251021_025153
1760982659.2523215,2555558,654222848,654.222848,139,198,89,1,20251021_025153
1760982659.2623055,2555597,654232832,654.232832,142,198,90,1,20251021_025153
1760982659.2722898,2555636,654242816,654.242816,144,199,91,1,20251021_025153
1760982659.2822738,2555675,654252800,654.2528,146,199,93,1,20251021_025153
1760982659.2922578,2555714,654262784,654.262784,148,198,94,1,20251021_025153
1760982659.3022418,2555753,654272768,654.272768,151,199,96,1,20251021_025153
1760982659.3122258,2555792,654282752,654.282752,153,199,100,1,20251021_025153
1760982659.3222098,2555831,654292736,654.292736,156,199,104,1,20251021_025153
1760982659.332194,2555870,654302720,654.30272,159,199,109,1,20251021_025153
1760982659.342178,2555909,654312704,654.312704,162,199,114,1,20251021_025153
1760982659.352162,2555948,654322688,654.322688,165,199,117,1,20251021_025153
1760982659.362146,2555987,654332672,654.332672,169,199,120,1,20251021_025153
1760982659.3721297,2556026,654342656,654.342656,172,199,122,1,20251021_025153
1760982659.3823698,2556066,654352896,654.352896,176,198,124,1,20251021_025153
1760982659.3923538,2556105,654362880,654.36288,181,199,127,1,20251021_025153
1760982659.4023378,2556144,654372864,654.372864,185,198,128,1,20251021_025153
1760982659.4123218,2556183,654382848,654.382848,189,199,130,1,20251021_025153
1760982659.4223058,2556222,654392832,654.392832,193,199,134,1,20251021_025153
1760982659.4322898,2556261,654402816,654.402816,198,199,134,1,20251021_025153
1760982659.442274,2556300,654412800,654.4128,203,199,137,1,20251021_025153
1760982659.452258,2556339,654422784,654.422784,207,199,136,1,20251021_025153
1760982659.462242,2556378,654432768,654.432768,211,198,138,1,20251021_025153
1760982659.4722257,2556417,654442752,654.442752,216,199,138,1,20251021_025153
1760982659.4822097,2556456,654452736,654.452736,220,199,138,1,20251021_025153
1760982659.4921937,2556495,654462720,654.46272,224,199,139,1,20251021_025153
1760982659.5021777,2556534,654472704,654.472704,228,199,139,1,20251021_025153
1760982659.5121615,2556573,654482688,654.482688,231,199,139,1,20251021_025153
1760982659.5221455,2556612,654492672,654.492672,235,199,140,1,20251021_025153
1760982659.5323858,2556652,654502912,654.502912,238,201,139,1,20251021_025153
1760982659.5423698,2556691,654512896,654.512896,242,200,140,1,20251021_025153
1760982659.552354,2556730,654522880,654.52288,245,200,140,1,20251021_025153
1760982659.562338,2556769,654532864,654.532864,248,199,139,1,20251021_025153
1760982659.572322,2556808,654542848,654.542848,251,200,142,1,20251021_025153
1760982659.5823057,2556847,654552832,654.552832,253,200,139,1,20251021_025153
1760982659.5922897,2556886,654562816,654.562816,1,200,138,1,20251021_025153
1760982659.6022737,2556925,654572800,654.5728,3,200,136,1,20251021_025153
1760982659.6122577,2556964,654582784,654.582784,6,200,136,1,20251021_025153
1760982659.6222415,2557003,654592768,654.592768,8,200,135,1,20251021_025153
1760982659.6322258,2557042,654602752,654.602752,11,200,134,1,20251021_025153
1760982659.6422098,2557081,654612736,654.612736,13,200,133,1,20251021_025153
1760982659.6521938,2557120,654622720,654.62272,16,200,131,1,20251021_025153
1760982659.6621778,2557159,654632704,654.632704,18,200,131,1,20251021_025153
1760982659.672418,2557199,654642944,654.642944,20,200,128,1,20251021_025153
1760982659.682402,2557238,654652928,654.652928,23,200,129,1,20251021_025153
1760982659.6923857,2557277,654662912,654.662912,25,200,127,1,20251021_025153
1760982659.7023697,2557316,654672896,654.672896,27,199,127,1,20251021_025153
1760982659.7123537,2557355,654682880,654.68288,30,200,122,1,20251021_025153
1760982659.7223375,2557394,654692864,654.692864,33,200,118,1,20251021_025153
1760982659.7323215,2557433,654702848,654.702848,36,200,114,1,20251021_025153
1760982659.7423058,2557472,654712832,654.712832,39,200,107,1,20251021_025153
1760982659.7522898,2557511,654722816,654.722816,43,200,102,1,20251021_025153
1760982659.7622738,2557550,654732800,654.7328,47,200,99,1,20251021_025153
1760982659.7722578,2557589,654742784,654.742784,51,200,97,1,20251021_025153
1760982659.7822418,2557628,654752768,654.752768,55,200,94,1,20251021_025153
1760982659.7922258,2557667,654762752,654.762752,60,200,92,1,20251021_025153
1760982659.80221,2557706,654772736,654.772736,65,200,88,1,20251021_025153
1760982659.812194,2557745,654782720,654.78272,69,200,86,1,20251021_025153
1760982659.8224337,2557785,654792960,654.79296,74,200,84,1,20251021_025153
1760982659.8324175,2557824,654802944,654.802944,79,200,84,1,20251021_025153
1760982659.8424015,2557863,654812928,654.812928,83,199,85,1,20251021_025153
1760982659.8523858,2557902,654822912,654.822912,88,199,84,1,20251021_025153
1760982659.8623698,2557941,654832896,654.832896,92,199,85,1,20251021_025153
1760982659.8723538,2557980,654842880,654.84288,96,199,84,1,20251021_025153
1760982659.8823378,2558019,654852864,654.852864,100,199,86,1,20251021_025153
1760982659.8923218,2558058,654862848,654.862848,104,199,86,1,20251021_025153
1760982659.9023058,2558097,654872832,654.872832,107,199,85,1,20251021_025153
1760982659.91229,2558136,654882816,654.882816,111,199,85,1,20251021_025153
1760982659.922274,2558175,654892800,654.8928,114,198,85,1,20251021_025153
1760982659.932258,2558214,654902784,654.902784,117,198,85,1,20251021_025153
1760982659.9422417,2558253,654912768,654.912768,120,199,86,1,20251021_025153
1760982659.9522257,2558292,654922752,654.922752,123,199,87,1,20251021_025153
1760982659.9624658,2558332,654932992,654.932992,126,199,88,1,20251021_025153
1760982659.9724498,2558371,654942976,654.942976,128,199,88,1,20251021_025153
1760982659.9824338,2558410,654952960,654.95296,131,198,88,1,20251021_025153
1760982659.9924178,2558449,654962944,654.962944,133,198,90,1,20251021_025153
1760982660.0024018,2558488,654972928,654.972928,136,199,92,1,20251021_025153
1760982660.0123858,2558527,654982912,654.982912,138,198,93,1,20251021_025153
1760982660.02237,2558566,654992896,654.992896,141,198,97,1,20251021_025153
1760982660.032354,2558605,655002880,655.00288,144,199,103,1,20251021_025153
1760982660.042338,2558644,655012864,655.012864,147,198,110,1,20251021_025153
1760982660.0523217,2558683,655022848,655.022848,150,199,114,1,20251021_025153
1760982660.0623057,2558722,655032832,655.032832,153,199,117,1,20251021_025153
1760982660.0722897,2558761,655042816,655.042816,157,198,121,1,20251021_025153
1760982660.0822735,2558800,655052800,655.0528,161,199,125,1,20251021_025153
1760982660.0922575,2558839,655062784,655.062784,165,199,127,1,20251021_025153
1760982660.1024978,2558879,655073024,655.073024,169,198,129,1,20251021_025153
1760982660.1124818,2558918,655083008,655.083008,174,198,134,1,20251021_025153
1760982660.1224658,2558957,655092992,655.092992,178,199,135,1,20251021_025153
1760982660.13245,2558996,655102976,655.102976,183,199,136,1,20251021_025153
1760982660.142434,2559035,655112960,655.11296,188,199,137,1,20251021_025153
1760982660.152418,2559074,655122944,655.122944,193,199,137,1,20251021_025153
1760982660.1624017,2559113,655132928,655.132928,198,199,137,1,20251021_025153
1760982660.1723857,2559152,655142912,655.142912,202,199,138,1,20251021_025153
1760982660.1823697,2559191,655152896,655.152896,207,199,139,1,20251021_025153
1760982660.1923535,2559230,655162880,655.16288,212,199,139,1,20251021_025153
1760982660.2023375,2559269,655172864,655.172864,216,199,139,1,20251021_025153
1760982660.2123218,2559308,655182848,655.182848,220,199,140,1,20251021_025153
1760982660.2223058,2559347,655192832,655.192832,224,199,140,1,20251021_025153
1760982660.2322898,2559386,655202816,655.202816,228,199,140,1,20251021_025153
1760982660.24253,2559426,655213056,655.213056,232,199,140,1,20251021_025153
1760982660.252514,2559465,655223040,655.22304,235,200,141,1,20251021_025153
1760982660.2624977,2559504,655233024,655.233024,239,200,141,1,20251021_025153
1760982660.2724817,2559543,655243008,655.243008,242,200,142,1,20251021_025153
1760982660.2824657,2559582,655252992,655.252992,245,200,140,1,20251021_025153
1760982660.2924497,2559621,655262976,655.262976,248,200,141,1,20251021_025153
1760982660.3024335,2559660,655272960,655.27296,251,200,140,1,20251021_025153
1760982660.3124175,2559699,655282944,655.282944,254,200,140,1,20251021_025153
1760982660.3224018,2559738,655292928,655.292928,1,200,138,1,20251021_025153
1760982660.3323858,2559777,655302912,655.302912,4,200,138,1,20251021_025153
1760982660.3423698,2559816,655312896,655.312896,6,200,136,1,20251021_025153
1760982660.3523538,2559855,655322880,655.32288,9,200,135,1,20251021_025153
1760982660.3623378,2559894,655332864,655.332864,11,200,132,1,20251021_025153
1760982660.3723218,2559933,655342848,655.342848,13,200,131,1,20251021_025153
1760982660.3825617,2559973,655353088,655.353088,16,201,131,1,20251021_025153
1760982660.3925457,2560012,655363072,655.363072,18,200,127,1,20251021_025153
1760982660.4025297,2560051,655373056,655.373056,21,200,127,1,20251021_025153
1760982660.4125135,2560090,655383040,655.38304,23,200,126,1,20251021_025153
1760982660.4224975,2560129,655393024,655.393024,26,200,120,1,20251021_025153
1760982660.4324818,2560168,655403008,655.403008,29,200,114,1,20251021_025153
1760982660.4424658,2560207,655412992,655.412992,32,200,108,1,20251021_025153
1760982660.4524498,2560246,655422976,655.422976,36,200,104,1,20251021_025153
1760982660.4624338,2560285,655432960,655.43296,40,200,101,1,20251021_025153
1760982660.4724178,2560324,655442944,655.442944,44,200,98,1,20251021_025153
1760982660.4824018,2560363,655452928,655.452928,48,200,95,1,20251021_025153
1760982660.492386,2560402,655462912,655.462912,53,200,91,1,20251021_025153
1760982660.50237,2560441,655472896,655.472896,58,200,89,1,20251021_025153
1760982660.512354,2560480,655482880,655.48288,63,201,86,1,20251021_025153
1760982660.5225935,2560520,655493120,655.49312,67,200,85,1,20251021_025153
1760982660.5325778,2560559,655503104,655.503104,72,199,84,1,20251021_025153
1760982660.5425618,2560598,655513088,655.513088,77,199,84,1,20251021_025153
1760982660.5525458,2560637,655523072,655.523072,81,200,86,1,20251021_025153
1760982660.5625298,2560676,655533056,655.533056,86,199,87,1,20251021_025153
1760982660.5725138,2560715,655543040,655.54304,90,199,86,1,20251021_025153
1760982660.5824978,2560754,655553024,655.553024,94,199,85,1,20251021_025153
1760982660.592482,2560793,655563008,655.563008,98,199,84,1,20251021_025153
1760982660.602466,2560832,655572992,655.572992,102,199,86,1,20251021_025153
1760982660.61245,2560871,655582976,655.582976,106,199,87,1,20251021_025153
1760982660.6224337,2560910,655592960,655.59296,109,199,86,1,20251021_025153
1760982660.6324177,2560949,655602944,655.602944,112,198,86,1,20251021_025153
1760982660.6424017,2560988,655612928,655.612928,116,199,86,1,20251021_025153
1760982660.6523857,2561027,655622912,655.622912,119,199,86,1,20251021_025153
1760982660.6626258,2561067,655633152,655.633152,122,199,88,1,20251021_025153
1760982660.6726098,2561106,655643136,655.643136,124,199,86,1,20251021_025153
1760982660.6825938,2561145,655653120,655.65312,127,198,87,1,20251021_025153
1760982660.6925778,2561184,655663104,655.663104,130,199,87,1,20251021_025153
1760982660.702562,2561223,655673088,655.673088,132,198,87,1,20251021_025153
1760982660.712546,2561262,655683072,655.683072,135,199,87,1,20251021_025153
1760982660.72253,2561301,655693056,655.693056,137,198,87,1,20251021_025153
1760982660.7325137,2561340,655703040,655.70304,139,198,88,1,20251021_025153
1760982660.7424977,2561379,655713024,655.713024,141,199,89,1,20251021_025153
1760982660.7524817,2561418,655723008,655.723008,144,199,90,1,20251021_025153
1760982660.7627218,2561458,655733248,655.733248,146,198,91,1,20251021_025153
1760982660.7727058,2561497,655743232,655.743232,148,199,92,1,20251021_025153
1760982660.7826898,2561536,655753216,655.753216,150,198,92,1,20251021_025153
1760982660.7926738,2561575,655763200,655.7632,152,198,93,1,20251021_025153
1760982660.8026578,2561614,655773184,655.773184,155,199,97,1,20251021_025153
1760982660.812642,2561653,655783168,655.783168,157,198,98,1,20251021_025153
1760982660.822626,2561692,655793152,655.793152,159,198,101,1,20251021_025153
1760982660.8328657,2561732,655803392,655.803392,162,199,106,1,20251021_025153
1760982660.8428495,2561771,655813376,655.813376,165,199,109,1,20251021_025153
1760982660.8528335,2561810,655823360,655.82336,168,198,113,1,20251021_025153
1760982660.8628178,2561849,655833344,655.833344,172,199,117,1,20251021_025153
1760982660.8728018,2561888,655843328,655.843328,175,198,119,1,20251021_025153
1760982660.8827858,2561927,655853312,655.853312,179,198,122,1,20251021_025153
1760982660.8927698,2561966,655863296,655.863296,183,199,124,1,20251021_025153
1760982660.90301,2562006,655873536,655.873536,187,198,126,1,20251021_025153
1760982660.9129937,2562045,655883520,655.88352,191,199,130,1,20251021_025153
1760982660.9229777,2562084,655893504,655.893504,196,199,134,1,20251021_025153
1760982660.9329617,2562123,655903488,655.903488,200,199,135,1,20251021_025153
1760982660.9429457,2562162,655913472,655.913472,205,198,135,1,20251021_025153
1760982660.9529295,2562201,655923456,655.923456,209,199,136,1,20251021_025153
1760982660.9629138,2562240,655933440,655.93344,214,199,137,1,20251021_025153
1760982660.9731538,2562280,655943680,655.94368,218,199,138,1,20251021_025153
1760982660.9831378,2562319,655953664,655.953664,222,199,138,1,20251021_025153
1760982660.993122,2562358,655963648,655.963648,226,199,138,1,20251021_025153
1760982661.003106,2562397,655973632,655.973632,230,199,139,1,20251021_025153
1760982661.01309,2562436,655983616,655.983616,233,199,138,1,20251021_025153
1760982661.0230737,2562475,655993600,655.9936,237,200,139,1,20251021_025153
1760982661.0330577,2562514,656003584,656.003584,240,200,140,1,20251021_025153
1760982661.0430417,2562553,656013568,656.013568,243,200,140,1,20251021_025153
1760982661.0530255,2562592,656023552,656.023552,246,199,140,1,20251021_025153
1760982661.0632658,2562632,656033792,656.033792,249,200,139,1,20251021_025153
1760982661.0732498,2562671,656043776,656.043776,252,200,139,1,20251021_025153
1760982661.0832338,2562710,656053760,656.05376,0,199,135,1,20251021_025153
1760982661.0932178,2562749,656063744,656.063744,2,200,137,1,20251021_025153
1760982661.103202,2562788,656073728,656.073728,5,200,136,1,20251021_025153
1760982661.113186,2562827,656083712,656.083712,7,199,134,1,20251021_025153
1760982661.12317,2562866,656093696,656.093696,10,200,134,1,20251021_025153
1760982661.1331537,2562905,656103680,656.10368,12,200,132,1,20251021_025153
1760982661.1431377,2562944,656113664,656.113664,15,200,131,1,20251021_025153
1760982661.1531217,2562983,656123648,656.123648,17,200,130,1,20251021_025153
1760982661.1631055,2563022,656133632,656.133632,19,200,127,1,20251021_025153
1760982661.1730895,2563061,656143616,656.143616,22,200,127,1,20251021_025153
1760982661.1830738,2563100,656153600,656.1536,24,200,126,1,20251021_025153
1760982661.1930578,2563139,656163584,656.163584,27,200,120,1,20251021_025153
1760982661.2030418,2563178,656173568,656.173568,30,200,113,1,20251021_025153
1760982661.213282,2563218,656183808,656.183808,33,200,108,1,20251021_025153
1760982661.223266,2563257,656193792,656.193792,37,200,103,1,20251021_025153
1760982661.2332497,2563296,656203776,656.203776,41,199,99,1,20251021_025153
1760982661.2432337,2563335,656213760,656.21376,45,200,97,1,20251021_025153
1760982661.2532177,2563374,656223744,656.223744,49,199,93,1,20251021_025153
1760982661.2632017,2563413,656233728,656.233728,54,200,90,1,20251021_025153
1760982661.2731855,2563452,656243712,656.243712,59,200,88,1,20251021_025153
1760982661.2831695,2563491,656253696,656.253696,64,200,87,1,20251021_025153
1760982661.2931538,2563530,656263680,656.26368,68,199,84,1,20251021_025153
1760982661.3031378,2563569,656273664,656.273664,73,199,85,1,20251021_025153
1760982661.3131218,2563608,656283648,656.283648,78,199,85,1,20251021_025153
1760982661.3231058,2563647,656293632,656.293632,82,199,84,1,20251021_025153
1760982661.3330898,2563686,656303616,656.303616,87,199,85,1,20251021_025153
1760982661.3430738,2563725,656313600,656.3136,91,199,85,1,20251021_025153
1760982661.353058,2563764,656323584,656.323584,95,199,87,1,20251021_025153
1760982661.3632977,2563804,656333824,656.333824,99,199,85,1,20251021_025153
1760982661.3732817,2563843,656343808,656.343808,103,198,85,1,20251021_025153
1760982661.3832655,2563882,656353792,656.353792,106,198,83,1,20251021_025153
1760982661.3932498,2563921,656363776,656.363776,110,199,86,1,20251021_025153
1760982661.4032338,2563960,656373760,656.37376,113,199,86,1,20251021_025153
1760982661.4132178,2563999,656383744,656.383744,116,198,86,1,20251021_025153
1760982661.4232018,2564038,656393728,656.393728,119,198,86,1,20251021_025153
1760982661.4331858,2564077,656403712,656.403712,122,198,86,1,20251021_025153
1760982661.4431698,2564116,656413696,656.413696,125,198,88,1,20251021_025153
1760982661.4531538,2564155,656423680,656.42368,128,199,89,1,20251021_025153
1760982661.463138,2564194,656433664,656.433664,130,199,89,1,20251021_025153
1760982661.473122,2564233,656443648,656.443648,133,199,91,1,20251021_025153
1760982661.483106,2564272,656453632,656.453632,136,199,94,1,20251021_025153
1760982661.4930897,2564311,656463616,656.463616,138,199,97,1,20251021_025153
1760982661.5033298,2564351,656473856,656.473856,141,199,101,1,20251021_025153
1760982661.5133138,2564390,656483840,656.48384,144,199,107,1,20251021_025153
1760982661.5232978,2564429,656493824,656.493824,147,199,112,1,20251021_025153
1760982661.5332818,2564468,656503808,656.503808,150,199,117,1,20251021_025153
1760982661.5432658,2564507,656513792,656.513792,154,199,121,1,20251021_025153
1760982661.5532498,2564546,656523776,656.523776,157,199,123,1,20251021_025153
1760982661.563234,2564585,656533760,656.53376,161,199,127,1,20251021_025153
1760982661.573218,2564624,656543744,656.543744,166,199,128,1,20251021_025153
1760982661.583202,2564663,656553728,656.553728,170,199,133,1,20251021_025153
1760982661.5931857,2564702,656563712,656.563712,175,198,135,1,20251021_025153
1760982661.6031697,2564741,656573696,656.573696,179,199,135,1,20251021_025153
1760982661.6131537,2564780,656583680,656.58368,184,199,136,1,20251021_025153
1760982661.6231377,2564819,656593664,656.593664,189,199,136,1,20251021_025153
1760982661.6333778,2564859,656603904,656.603904,194,198,136,1,20251021_025153
1760982661.6433618,2564898,656613888,656.613888,199,198,136,1,20251021_025153
1760982661.6533458,2564937,656623872,656.623872,203,199,137,1,20251021_025153
1760982661.6633298,2564976,656633856,656.633856,208,199,139,1,20251021_025153
1760982661.673314,2565015,656643840,656.64384,212,199,139,1,20251021_025153
1760982661.683298,2565054,656653824,656.653824,217,199,139,1,20251021_025153
1760982661.693282,2565093,656663808,656.663808,221,199,139,1,20251021_025153
1760982661.7035215,2565133,656674048,656.674048,225,199,140,1,20251021_025153
1760982661.7135055,2565172,656684032,656.684032,229,199,140,1,20251021_025153
1760982661.7234898,2565211,656694016,656.694016,232,199,141,1,20251021_025153
1760982661.7334738,2565250,656704000,656.704,236,199,141,1,20251021_025153
1760982661.7434578,2565289,656713984,656.713984,239,199,140,1,20251021_025153
1760982661.7534418,2565328,656723968,656.723968,242,199,140,1,20251021_025153
1760982661.7634258,2565367,656733952,656.733952,246,200,142,1,20251021_025153
1760982661.7734098,2565406,656743936,656.743936,248,200,141,1,20251021_025153
1760982661.783394,2565445,656753920,656.75392,251,199,140,1,20251021_025153
1760982661.793378,2565484,656763904,656.763904,254,199,139,1,20251021_025153
1760982661.8036177,2565524,656774144,656.774144,2,199,138,1,20251021_025153
1760982661.8136015,2565563,656784128,656.784128,4,200,137,1,20251021_025153
1760982661.8235855,2565602,656794112,656.794112,7,199,137,1,20251021_025153
1760982661.8335698,2565641,656804096,656.804096,9,200,136,1,20251021_025153
1760982661.8435538,2565680,656814080,656.81408,11,200,136,1,20251021_025153
1760982661.8535378,2565719,656824064,656.824064,14,200,132,1,20251021_025153
1760982661.8635218,2565758,656834048,656.834048,16,200,130,1,20251021_025153
1760982661.8735058,2565797,656844032,656.844032,19,200,129,1,20251021_025153
1760982661.8834898,2565836,656854016,656.854016,21,200,127,1,20251021_025153
1760982661.893474,2565875,656864000,656.864,24,199,126,1,20251021_025153
1760982661.903458,2565914,656873984,656.873984,26,200,120,1,20251021_025153
1760982661.913442,2565953,656883968,656.883968,29,200,113,1,20251021_025153
1760982661.9234257,2565992,656893952,656.893952,33,200,107,1,20251021_025153
1760982661.9334097,2566031,656903936,656.903936,36,199,102,1,20251021_025153
1760982661.9436498,2566071,656914176,656.914176,40,199,100,1,20251021_025153
1760982661.9536338,2566110,656924160,656.92416,44,199,96,1,20251021_025153
1760982661.9636178,2566149,656934144,656.934144,49,200,93,1,20251021_025153
1760982661.9736018,2566188,656944128,656.944128,54,199,89,1,20251021_025153
1760982661.9835858,2566227,656954112,656.954112,58,199,86,1,20251021_025153
1760982661.99357,2566266,656964096,656.964096,63,200,84,1,20251021_025153
1760982662.003554,2566305,656974080,656.97408,68,200,85,1,20251021_025153
1760982662.013538,2566344,656984064,656.984064,73,199,85,1,20251021_025153
1760982662.023522,2566383,656994048,656.994048,78,199,85,1,20251021_025153
1760982662.0335057,2566422,657004032,657.004032,82,199,84,1,20251021_025153
1760982662.0434897,2566461,657014016,657.014016,87,199,84,1,20251021_025153
1760982662.0534737,2566500,657024000,657.024,91,199,86,1,20251021_025153
1760982662.0634575,2566539,657033984,657.033984,95,199,85,1,20251021_025153
1760982662.0734415,2566578,657043968,657.043968,99,198,85,1,20251021_025153
1760982662.0834258,2566617,657053952,657.053952,103,199,86,1,20251021_025153
1760982662.0936658,2566657,657064192,657.064192,106,198,87,1,20251021_025153
1760982662.10365,2566696,657074176,657.074176,110,198,85,1,20251021_025153
1760982662.113634,2566735,657084160,657.08416,113,198,86,1,20251021_025153
1760982662.123618,2566774,657094144,657.094144,116,200,86,1,20251021_025153
1760982662.1336017,2566813,657104128,657.104128,119,198,85,1,20251021_025153
1760982662.1435857,2566852,657114112,657.114112,122,198,85,1,20251021_025153
1760982662.1535697,2566891,657124096,657.124096,125,198,86,1,20251021_025153
1760982662.1635537,2566930,657134080,657.13408,128,198,87,1,20251021_025153
1760982662.1735375,2566969,657144064,657.144064,130,199,87,1,20251021_025153
1760982662.1835215,2567008,657154048,657.154048,133,199,87,1,20251021_025153
1760982662.1935058,2567047,657164032,657.164032,135,199,90,1,20251021_025153
1760982662.2034898,2567086,657174016,657.174016,137,199,88,1,20251021_025153
1760982662.2134738,2567125,657184000,657.184,140,198,88,1,20251021_025153
1760982662.2234578,2567164,657193984,657.193984,142,199,90,1,20251021_025153
1760982662.233698,2567204,657204224,657.204224,144,199,90,1,20251021_025153
1760982662.2436817,2567243,657214208,657.214208,146,199,91,1,20251021_025153
1760982662.2536657,2567282,657224192,657.224192,148,198,92,1,20251021_025153
1760982662.2636497,2567321,657234176,657.234176,151,198,92,1,20251021_025153
1760982662.2736337,2567360,657244160,657.24416,153,199,94,1,20251021_025153
1760982662.2836175,2567399,657254144,657.254144,155,199,96,1,20251021_025153
1760982662.2936018,2567438,657264128,657.264128,157,198,99,1,20251021_025153
1760982662.3035858,2567477,657274112,657.274112,160,199,104,1,20251021_025153
1760982662.3135698,2567516,657284096,657.284096,163,199,109,1,20251021_025153
1760982662.3235538,2567555,657294080,657.29408,166,199,113,1,20251021_025153
1760982662.3335378,2567594,657304064,657.304064,169,198,117,1,20251021_025153
1760982662.3435218,2567633,657314048,657.314048,173,199,119,1,20251021_025153
1760982662.3535058,2567672,657324032,657.324032,176,199,122,1,20251021_025153
1760982662.36349,2567711,657334016,657.334016,180,199,123,1,20251021_025153
1760982662.373474,2567750,657344000,657.344,184,200,127,1,20251021_025153
1760982662.3837135,2567790,657354240,657.35424,189,199,127,1,20251021_025153
1760982662.3936975,2567829,657364224,657.364224,193,199,132,1,20251021_025153
1760982662.4036818,2567868,657374208,657.374208,197,199,134,1,20251021_025153
1760982662.4136658,2567907,657384192,657.384192,202,198,134,1,20251021_025153
1760982662.4236498,2567946,657394176,657.394176,206,199,136,1,20251021_025153
1760982662.4336338,2567985,657404160,657.40416,211,198,136,1,20251021_025153
1760982662.4436178,2568024,657414144,657.414144,215,199,137,1,20251021_025153
1760982662.4536018,2568063,657424128,657.424128,219,199,136,1,20251021_025153
1760982662.463586,2568102,657434112,657.434112,223,198,137,1,20251021_025153
1760982662.47357,2568141,657444096,657.444096,227,199,138,1,20251021_025153
1760982662.483554,2568180,657454080,657.45408,231,199,139,1,20251021_025153
1760982662.4935377,2568219,657464064,657.464064,234,199,138,1,20251021_025153
1760982662.5035217,2568258,657474048,657.474048,238,199,140,1,20251021_025153
1760982662.5135057,2568297,657484032,657.484032,241,199,140,1,20251021_025153
1760982662.5237458,2568337,657494272,657.494272,244,200,141,1,20251021_025153
1760982662.5337298,2568376,657504256,657.504256,247,199,140,1,20251021_025153
1760982662.5437138,2568415,657514240,657.51424,250,199,139,1,20251021_025153
1760982662.5536978,2568454,657524224,657.524224,253,199,139,1,20251021_025153
1760982662.5636818,2568493,657534208,657.534208,1,199,138,1,20251021_025153
1760982662.573666,2568532,657544192,657.544192,3,199,139,1,20251021_025153
1760982662.58365,2568571,657554176,657.554176,6,200,136,1,20251021_025153
1760982662.593634,2568610,657564160,657.56416,8,200,136,1,20251021_025153
1760982662.6036177,2568649,657574144,657.574144,10,199,134,1,20251021_025153
1760982662.6136017,2568688,657584128,657.584128,13,199,132,1,20251021_025153
1760982662.6235857,2568727,657594112,657.594112,15,199,131,1,20251021_025153
1760982662.6335697,2568766,657604096,657.604096,17,199,129,1,20251021_025153
1760982662.6435535,2568805,657614080,657.61408,20,199,128,1,20251021_025153
1760982662.6535378,2568844,657624064,657.624064,22,200,128,1,20251021_025153
1760982662.6635218,2568883,657634048,657.634048,25,199,126,1,20251021_025153
1760982662.6737618,2568923,657644288,657.644288,27,199,122,1,20251021_025153
1760982662.683746,2568962,657654272,657.654272,30,198,116,1,20251021_025153
1760982662.69373,2569001,657664256,657.664256,33,200,111,1,20251021_025153
1760982662.703714,2569040,657674240,657.67424,37,199,106,1,20251021_025153
1760982662.7136977,2569079,657684224,657.684224,40,199,102,1,20251021_025153
1760982662.7236817,2569118,657694208,657.694208,44,199,98,1,20251021_025153
1760982662.7336657,2569157,657704192,657.704192,49,199,94,1,20251021_025153
1760982662.7436495,2569196,657714176,657.714176,53,199,91,1,20251021_025153
1760982662.7536335,2569235,657724160,657.72416,58,198,87,1,20251021_025153
1760982662.7636178,2569274,657734144,657.734144,63,199,86,1,20251021_025153
1760982662.7736018,2569313,657744128,657.744128,68,198,84,1,20251021_025153
1760982662.7835858,2569352,657754112,657.754112,73,199,84,1,20251021_025153
1760982662.7935698,2569391,657764096,657.764096,77,198,82,1,20251021_025153
1760982662.8035538,2569430,657774080,657.77408,82,199,84,1,20251021_025153
1760982662.813794,2569470,657784320,657.78432,86,198,84,1,20251021_025153
1760982662.8237777,2569509,657794304,657.794304,91,199,85,1,20251021_025153
1760982662.8337617,2569548,657804288,657.804288,95,200,86,1,20251021_025153
1760982662.8437457,2569587,657814272,657.814272,99,198,85,1,20251021_025153
1760982662.8537295,2569626,657824256,657.824256,102,198,85,1,20251021_025153
1760982662.8637135,2569665,657834240,657.83424,106,198,86,1,20251021_025153
1760982662.8736978,2569704,657844224,657.844224,110,198,86,1,20251021_025153
1760982662.8836818,2569743,657854208,657.854208,113,198,86,1,20251021_025153
1760982662.8936658,2569782,657864192,657.864192,116,197,84,1,20251021_025153
1760982662.9036498,2569821,657874176,657.874176,119,198,86,1,20251021_025153
1760982662.9136338,2569860,657884160,657.88416,122,198,86,1,20251021_025153
1760982662.9236178,2569899,657894144,657.894144,125,198,86,1,20251021_025153
1760982662.933602,2569938,657904128,657.904128,127,198,87,1,20251021_025153
1760982662.943586,2569977,657914112,657.914112,130,198,87,1,20251021_025153
1760982662.9538257,2570017,657924352,657.924352,133,198,87,1,20251021_025153
1760982662.9638095,2570056,657934336,657.934336,135,197,89,1,20251021_025153
1760982662.9737935,2570095,657944320,657.94432,137,198,88,1,20251021_025153
1760982662.9837778,2570134,657954304,657.954304,140,198,90,1,20251021_025153
1760982662.9937618,2570173,657964288,657.964288,142,198,90,1,20251021_025153
1760982663.0037458,2570212,657974272,657.974272,144,198,91,1,20251021_025153
1760982663.0137298,2570251,657984256,657.984256,146,198,93,1,20251021_025153
1760982663.0237138,2570290,657994240,657.99424,149,198,94,1,20251021_025153
1760982663.0336978,2570329,658004224,658.004224,151,197,96,1,20251021_025153
1760982663.043682,2570368,658014208,658.014208,153,198,98,1,20251021_025153
1760982663.053666,2570407,658024192,658.024192,156,198,102,1,20251021_025153
1760982663.06365,2570446,658034176,658.034176,159,198,108,1,20251021_025153
1760982663.0736337,2570485,658044160,658.04416,162,198,111,1,20251021_025153
1760982663.0836177,2570524,658054144,658.054144,165,198,115,1,20251021_025153
1760982663.0936017,2570563,658064128,658.064128,168,198,118,1,20251021_025153
1760982663.1038418,2570603,658074368,658.074368,172,198,120,1,20251021_025153
1760982663.1138258,2570642,658084352,658.084352,176,198,122,1,20251021_025153
1760982663.1238098,2570681,658094336,658.094336,180,198,125,1,20251021_025153
1760982663.1337938,2570720,658104320,658.10432,184,198,127,1,20251021_025153
1760982663.1437778,2570759,658114304,658.114304,188,198,128,1,20251021_025153
1760982663.153762,2570798,658124288,658.124288,193,198,134,1,20251021_025153
1760982663.163746,2570837,658134272,658.134272,198,198,135,1,20251021_025153
1760982663.17373,2570876,658144256,658.144256,202,198,136,1,20251021_025153
1760982663.1837137,2570915,658154240,658.15424,207,198,136,1,20251021_025153
1760982663.1936977,2570954,658164224,658.164224,211,198,136,1,20251021_025153
1760982663.2036817,2570993,658174208,658.174208,215,198,137,1,20251021_025153
1760982663.2136655,2571032,658184192,658.184192,219,198,136,1,20251021_025153
1760982663.2236495,2571071,658194176,658.194176,223,198,137,1,20251021_025153
1760982663.2336338,2571110,658204160,658.20416,227,198,139,1,20251021_025153
1760982663.2438738,2571150,658214400,658.2144,231,198,138,1,20251021_025153
1760982663.253858,2571189,658224384,658.224384,235,198,138,1,20251021_025153
1760982663.263842,2571228,658234368,658.234368,238,198,139,1,20251021_025153
1760982663.273826,2571267,658244352,658.244352,241,198,139,1,20251021_025153
1760982663.28381,2571306,658254336,658.254336,244,199,140,1,20251021_025153
1760982663.2937937,2571345,658264320,658.26432,247,199,140,1,20251021_025153
1760982663.3037777,2571384,658274304,658.274304,250,199,138,1,20251021_025153
1760982663.3137617,2571423,658284288,658.284288,253,198,138,1,20251021_025153
1760982663.3237455,2571462,658294272,658.294272,1,199,136,1,20251021_025153
1760982663.3337295,2571501,658304256,658.304256,3,198,136,1,20251021_025153
1760982663.3437138,2571540,658314240,658.31424,6,200,136,1,20251021_025153
1760982663.3536978,2571579,658324224,658.324224,8,199,134,1,20251021_025153
1760982663.3636818,2571618,658334208,658.334208,11,199,134,1,20251021_025153
1760982663.3736658,2571657,658344192,658.344192,13,198,132,1,20251021_025153
1760982663.383906,2571697,658354432,658.354432,15,199,131,1,20251021_025153
1760982663.3938897,2571736,658364416,658.364416,18,199,130,1,20251021_025153
1760982663.4038737,2571775,658374400,658.3744,20,199,128,1,20251021_025153
1760982663.4138577,2571814,658384384,658.384384,23,199,127,1,20251021_025153
1760982663.4238417,2571853,658394368,658.394368,25,199,127,1,20251021_025153
1760982663.4338255,2571892,658404352,658.404352,27,199,126,1,20251021_025153
1760982663.4438095,2571931,658414336,658.414336,30,199,122,1,20251021_025153
1760982663.4537938,2571970,658424320,658.42432,33,198,114,1,20251021_025153
1760982663.4637778,2572009,658434304,658.434304,36,198,111,1,20251021_025153
1760982663.4737618,2572048,658444288,658.444288,39,198,106,1,20251021_025153
1760982663.4837458,2572087,658454272,658.454272,43,200,103,1,20251021_025153
1760982663.4937298,2572126,658464256,658.464256,47,198,98,1,20251021_025153
1760982663.5037138,2572165,658474240,658.47424,52,199,95,1,20251021_025153
1760982663.513698,2572204,658484224,658.484224,56,199,93,1,20251021_025153
1760982663.523682,2572243,658494208,658.494208,61,199,90,1,20251021_025153
1760982663.5339217,2572283,658504448,658.504448,65,199,88,1,20251021_025153
1760982663.5439055,2572322,658514432,658.514432,70,199,86,1,20251021_025153
1760982663.5538898,2572361,658524416,658.524416,75,198,84,1,20251021_025153
1760982663.5638738,2572400,658534400,658.5344,79,198,85,1,20251021_025153
1760982663.5738578,2572439,658544384,658.544384,84,198,85,1,20251021_025153
1760982663.5838418,2572478,658554368,658.554368,88,198,84,1,20251021_025153
1760982663.5938258,2572517,658564352,658.564352,93,198,85,1,20251021_025153
1760982663.6038098,2572556,658574336,658.574336,97,198,85,1,20251021_025153
1760982663.6137938,2572595,658584320,658.58432,100,198,85,1,20251021_025153
1760982663.623778,2572634,658594304,658.594304,104,198,86,1,20251021_025153
1760982663.633762,2572673,658604288,658.604288,108,197,86,1,20251021_025153
1760982663.643746,2572712,658614272,658.614272,111,198,86,1,20251021_025153
1760982663.6537297,2572751,658624256,658.624256,114,198,87,1,20251021_025153
1760982663.6637137,2572790,658634240,658.63424,117,197,86,1,20251021_025153
1760982663.6739538,2572830,658644480,658.64448,120,198,87,1,20251021_025153
1760982663.6839378,2572869,658654464,658.654464,123,197,89,1,20251021_025153
1760982663.6939218,2572908,658664448,658.664448,126,197,87,1,20251021_025153
1760982663.7039058,2572947,658674432,658.674432,129,197,88,1,20251021_025153
1760982663.7138898,2572986,658684416,658.684416,131,197,89,1,20251021_025153
1760982663.723874,2573025,658694400,658.6944,134,198,91,1,20251021_025153
1760982663.733858,2573064,658704384,658.704384,136,198,92,1,20251021_025153
1760982663.743842,2573103,658714368,658.714368,139,198,94,1,20251021_025153
1760982663.7538257,2573142,658724352,658.724352,141,197,98,1,20251021_025153
1760982663.7638097,2573181,658734336,658.734336,144,198,105,1,20251021_025153
1760982663.7737937,2573220,658744320,658.74432,147,197,109,1,20251021_025153
1760982663.7837777,2573259,658754304,658.754304,150,198,114,1,20251021_025153
1760982663.7937615,2573298,658764288,658.764288,154,199,118,1,20251021_025153
1760982663.8037455,2573337,658774272,658.774272,157,199,122,1,20251021_025153
1760982663.8139858,2573377,658784512,658.784512,161,199,126,1,20251021_025153
1760982663.8239698,2573416,658794496,658.794496,166,198,127,1,20251021_025153
1760982663.833954,2573455,658804480,658.80448,170,198,132,1,20251021_025153
1760982663.843938,2573494,658814464,658.814464,175,198,133,1,20251021_025153
1760982663.853922,2573533,658824448,658.824448,179,198,134,1,20251021_025153
1760982663.8639057,2573572,658834432,658.834432,184,198,135,1,20251021_025153
1760982663.8738897,2573611,658844416,658.844416,189,198,136,1,20251021_025153
1760982663.8838737,2573650,658854400,658.8544,194,198,136,1,20251021_025153
1760982663.8938577,2573689,658864384,658.864384,199,198,137,1,20251021_025153
1760982663.9038415,2573728,658874368,658.874368,203,198,137,1,20251021_025153
1760982663.9138258,2573767,658884352,658.884352,208,198,138,1,20251021_025153
1760982663.9238098,2573806,658894336,658.894336,212,198,138,1,20251021_025153
1760982663.9337938,2573845,658904320,658.90432,217,198,140,1,20251021_025153
1760982663.9437778,2573884,658914304,658.914304,221,198,139,1,20251021_025153
1760982663.954018,2573924,658924544,658.924544,225,198,140,1,20251021_025153
1760982663.964002,2573963,658934528,658.934528,229,199,140,1,20251021_025153
1760982663.9739857,2574002,658944512,658.944512,232,198,140,1,20251021_025153
1760982663.9839697,2574041,658954496,658.954496,236,198,141,1,20251021_025153
1760982663.9939537,2574080,658964480,658.96448,239,198,141,1,20251021_025153
1760982664.0039375,2574119,658974464,658.974464,242,198,140,1,20251021_025153
1760982664.0139215,2574158,658984448,658.984448,246,199,141,1,20251021_025153
1760982664.0239058,2574197,658994432,658.994432,248,198,141,1,20251021_025153
1760982664.0338898,2574236,659004416,659.004416,251,199,141,1,20251021_025153
1760982664.0438738,2574275,659014400,659.0144,254,198,139,1,20251021_025153
1760982664.0538578,2574314,659024384,659.024384,2,198,138,1,20251021_025153
1760982664.0638418,2574353,659034368,659.034368,4,199,137,1,20251021_025153
1760982664.0738258,2574392,659044352,659.044352,7,199,136,1,20251021_025153
1760982664.08381,2574431,659054336,659.054336,9,198,133,1,20251021_025153
1760982664.093794,2574470,659064320,659.06432,11,198,132,1,20251021_025153
1760982664.1040337,2574510,659074560,659.07456,14,198,131,1,20251021_025153
1760982664.1140175,2574549,659084544,659.084544,16,198,129,1,20251021_025153
1760982664.1240015,2574588,659094528,659.094528,19,199,127,1,20251021_025153
1760982664.1339858,2574627,659104512,659.104512,21,199,127,1,20251021_025153
1760982664.1439698,2574666,659114496,659.114496,23,199,126,1,20251021_025153
1760982664.1539538,2574705,659124480,659.12448,26,198,120,1,20251021_025153
1760982664.1639378,2574744,659134464,659.134464,29,199,116,1,20251021_025153
1760982664.1739218,2574783,659144448,659.144448,32,198,107,1,20251021_025153
1760982664.1839058,2574822,659154432,659.154432,36,199,104,1,20251021_025153
1760982664.19389,2574861,659164416,659.164416,40,198,101,1,20251021_025153
1760982664.203874,2574900,659174400,659.1744,44,199,98,1,20251021_025153
1760982664.213858,2574939,659184384,659.184384,48,200,93,1,20251021_025153
1760982664.2238417,2574978,659194368,659.194368,53,198,89,1,20251021_025153
1760982664.2338257,2575017,659204352,659.204352,58,198,87,1,20251021_025153
1760982664.2440658,2575057,659214592,659.214592,63,198,84,1,20251021_025153
1760982664.2540498,2575096,659224576,659.224576,67,199,84,1,20251021_025153
1760982664.2640338,2575135,659234560,659.23456,72,198,85,1,20251021_025153
1760982664.2740178,2575174,659244544,659.244544,77,197,85,1,20251021_025153
1760982664.2840018,2575213,659254528,659.254528,82,198,84,1,20251021_025153
1760982664.2939858,2575252,659264512,659.264512,86,198,85,1,20251021_025153
1760982664.30397,2575291,659274496,659.274496,90,197,84,1,20251021_025153
1760982664.313954,2575330,659284480,659.28448,94,198,85,1,20251021_025153
1760982664.323938,2575369,659294464,659.294464,98,197,84,1,20251021_025153
1760982664.3339217,2575408,659304448,659.304448,102,197,85,1,20251021_025153
1760982664.3439057,2575447,659314432,659.314432,106,197,85,1,20251021_025153
1760982664.3538897,2575486,659324416,659.324416,109,196,85,1,20251021_025153
1760982664.3638735,2575525,659334400,659.3344,113,197,85,1,20251021_025153
1760982664.3738575,2575564,659344384,659.344384,116,197,85,1,20251021_025153
1760982664.3840978,2575604,659354624,659.354624,119,196,85,1,20251021_025153
1760982664.3940818,2575643,659364608,659.364608,122,196,86,1,20251021_025153
1760982664.4040658,2575682,659374592,659.374592,125,196,86,1,20251021_025153
1760982664.41405,2575721,659384576,659.384576,127,196,87,1,20251021_025153
1760982664.424034,2575760,659394560,659.39456,130,196,88,1,20251021_025153
1760982664.434018,2575799,659404544,659.404544,132,196,88,1,20251021_025153
1760982664.4440017,2575838,659414528,659.414528,135,197,89,1,20251021_025153
1760982664.4539857,2575877,659424512,659.424512,137,197,89,1,20251021_025153
1760982664.4639697,2575916,659434496,659.434496,139,196,90,1,20251021_025153
1760982664.4739535,2575955,659444480,659.44448,142,197,90,1,20251021_025153
1760982664.4839375,2575994,659454464,659.454464,144,197,91,1,20251021_025153
1760982664.4939218,2576033,659464448,659.464448,146,197,92,1,20251021_025153
1760982664.5039058,2576072,659474432,659.474432,148,197,94,1,20251021_025153
1760982664.5138898,2576111,659484416,659.484416,151,197,95,1,20251021_025153
1760982664.5238738,2576150,659494400,659.4944,153,196,97,1,20251021_025153
1760982664.534114,2576190,659504640,659.50464,156,197,101,1,20251021_025153
1760982664.544098,2576229,659514624,659.514624,158,196,105,1,20251021_025153
1760982664.5540817,2576268,659524608,659.524608,161,197,109,1,20251021_025153
1760982664.5640657,2576307,659534592,659.534592,164,197,114,1,20251021_025153
1760982664.5740497,2576346,659544576,659.544576,168,197,117,1,20251021_025153
1760982664.5840335,2576385,659554560,659.55456,172,198,121,1,20251021_025153
1760982664.5940175,2576424,659564544,659.564544,176,197,124,1,20251021_025153
1760982664.6040018,2576463,659574528,659.574528,180,197,127,1,20251021_025153
1760982664.6139858,2576502,659584512,659.584512,184,197,127,1,20251021_025153
1760982664.6239698,2576541,659594496,659.594496,188,197,127,1,20251021_025153
1760982664.6339538,2576580,659604480,659.60448,193,197,133,1,20251021_025153
1760982664.6439378,2576619,659614464,659.614464,197,197,134,1,20251021_025153
1760982664.6539218,2576658,659624448,659.624448,202,197,136,1,20251021_025153
1760982664.663906,2576697,659634432,659.634432,206,197,136,1,20251021_025153
1760982664.67389,2576736,659644416,659.644416,211,197,138,1,20251021_025153
1760982664.6841297,2576776,659654656,659.654656,215,197,138,1,20251021_025153
1760982664.6941135,2576815,659664640,659.66464,219,197,138,1,20251021_025153
1760982664.7040975,2576854,659674624,659.674624,223,198,139,1,20251021_025153
1760982664.7140818,2576893,659684608,659.684608,227,197,137,1,20251021_025153
1760982664.7240658,2576932,659694592,659.694592,231,198,138,1,20251021_025153
1760982664.7340498,2576971,659704576,659.704576,234,197,139,1,20251021_025153
1760982664.7440338,2577010,659714560,659.71456,238,197,139,1,20251021_025153
1760982664.7540178,2577049,659724544,659.724544,241,198,140,1,20251021_025153
1760982664.7640018,2577088,659734528,659.734528,244,198,140,1,20251021_025153
1760982664.773986,2577127,659744512,659.744512,247,198,139,1,20251021_025153
1760982664.78397,2577166,659754496,659.754496,250,198,139,1,20251021_025153
1760982664.793954,2577205,659764480,659.76448,253,198,140,1,20251021_025153
1760982664.8039377,2577244,659774464,659.774464,1,199,137,1,20251021_025153
1760982664.8139217,2577283,659784448,659.784448,3,198,137,1,20251021_025153
1760982664.8241618,2577323,659794688,659.794688,6,198,136,1,20251021_025153
1760982664.8341458,2577362,659804672,659.804672,8,198,134,1,20251021_025153
1760982664.8441298,2577401,659814656,659.814656,11,198,132,1,20251021_025153
1760982664.8541138,2577440,659824640,659.82464,13,198,130,1,20251021_025153
1760982664.8640978,2577479,659834624,659.834624,15,198,128,1,20251021_025153
1760982664.874082,2577518,659844608,659.844608,18,198,127,1,20251021_025153
1760982664.884066,2577557,659854592,659.854592,20,198,125,1,20251021_025153
1760982664.89405,2577596,659864576,659.864576,23,198,124,1,20251021_025153
1760982664.904034,2577635,659874560,659.87456,26,197,115,1,20251021_025153
1760982664.9140177,2577674,659884544,659.884544,29,197,109,1,20251021_025153
1760982664.9240017,2577713,659894528,659.894528,32,198,106,1,20251021_025153
1760982664.9339857,2577752,659904512,659.904512,36,197,101,1,20251021_025153
1760982664.9439695,2577791,659914496,659.914496,40,198,97,1,20251021_025153
1760982664.9539535,2577830,659924480,659.92448,45,198,94,1,20251021_025153
1760982664.9641938,2577870,659934720,659.93472,49,198,91,1,20251021_025153
1760982664.9741778,2577909,659944704,659.944704,54,198,88,1,20251021_025153
1760982664.984162,2577948,659954688,659.954688,59,198,86,1,20251021_025153
1760982664.994146,2577987,659964672,659.964672,64,198,85,1,20251021_025153
1760982665.00413,2578026,659974656,659.974656,69,198,85,1,20251021_025153
1760982665.0141137,2578065,659984640,659.98464,74,198,84,1,20251021_025153
1760982665.0240977,2578104,659994624,659.994624,78,197,86,1,20251021_025153
1760982665.0340817,2578143,660004608,660.004608,83,197,84,1,20251021_025153
1760982665.0440657,2578182,660014592,660.014592,87,197,84,1,20251021_025153
1760982665.0540495,2578221,660024576,660.024576,91,197,86,1,20251021_025153
1760982665.0640335,2578260,660034560,660.03456,95,196,85,1,20251021_025153
1760982665.0740178,2578299,660044544,660.044544,99,196,86,1,20251021_025153
1760982665.0840018,2578338,660054528,660.054528,103,196,86,1,20251021_025153
1760982665.0939858,2578377,660064512,660.064512,107,196,87,1,20251021_025153
1760982665.1039698,2578416,660074496,660.074496,110,195,86,1,20251021_025153
1760982665.11421,2578456,660084736,660.084736,113,195,86,1,20251021_025153
1760982665.1241937,2578495,660094720,660.09472,117,195,86,1,20251021_025153
1760982665.1341777,2578534,660104704,660.104704,120,195,86,1,20251021_025153
1760982665.1441617,2578573,660114688,660.114688,122,194,87,1,20251021_025153
1760982665.1541457,2578612,660124672,660.124672,125,195,87,1,20251021_025153
1760982665.1641295,2578651,660134656,660.134656,128,194,88,1,20251021_025153
1760982665.1741138,2578690,660144640,660.14464,131,195,89,1,20251021_025153
1760982665.1840978,2578729,660154624,660.154624,133,195,90,1,20251021_025153
1760982665.1940818,2578768,660164608,660.164608,136,195,92,1,20251021_025153
1760982665.2040658,2578807,660174592,660.174592,138,195,94,1,20251021_025153
1760982665.2140498,2578846,660184576,660.184576,141,196,99,1,20251021_025153
1760982665.2240338,2578885,660194560,660.19456,143,196,105,1,20251021_025153
1760982665.2340178,2578924,660204544,660.204544,146,196,111,1,20251021_025153
1760982665.244002,2578963,660214528,660.214528,150,196,116,1,20251021_025153
1760982665.253986,2579002,660224512,660.224512,153,196,120,1,20251021_025153
1760982665.2642255,2579042,660234752,660.234752,157,196,123,1,20251021_025153
1760982665.2742095,2579081,660244736,660.244736,161,196,126,1,20251021_025153
1760982665.2841938,2579120,660254720,660.25472,165,196,127,1,20251021_025153
1760982665.2941778,2579159,660264704,660.264704,169,198,132,1,20251021_025153
1760982665.3041618,2579198,660274688,660.274688,174,196,133,1,20251021_025153
1760982665.3141458,2579237,660284672,660.284672,179,197,135,1,20251021_025153
1760982665.3241298,2579276,660294656,660.294656,184,196,135,1,20251021_025153
1760982665.3341138,2579315,660304640,660.30464,188,197,137,1,20251021_025153
1760982665.344098,2579354,660314624,660.314624,193,196,137,1,20251021_025153
1760982665.354082,2579393,660324608,660.324608,198,196,137,1,20251021_025153
1760982665.364066,2579432,660334592,660.334592,202,197,138,1,20251021_025153
1760982665.3740497,2579471,660344576,660.344576,207,196,139,1,20251021_025153
1760982665.3840337,2579510,660354560,660.35456,212,196,139,1,20251021_025153
1760982665.3940177,2579549,660364544,660.364544,216,196,139,1,20251021_025153
1760982665.4042578,2579589,660374784,660.374784,220,197,140,1,20251021_025153
1760982665.4142418,2579628,660384768,660.384768,224,197,140,1,20251021_025153
1760982665.4242258,2579667,660394752,660.394752,228,197,140,1,20251021_025153
1760982665.4342098,2579706,660404736,660.404736,232,197,140,1,20251021_025153
1760982665.4441938,2579745,660414720,660.41472,235,197,141,1,20251021_025153
1760982665.454178,2579784,660424704,660.424704,239,198,142,1,20251021_025153
1760982665.464162,2579823,660434688,660.434688,242,197,141,1,20251021_025153
1760982665.474146,2579862,660444672,660.444672,245,198,142,1,20251021_025153
1760982665.4841297,2579901,660454656,660.454656,248,197,140,1,20251021_025153
1760982665.4941137,2579940,660464640,660.46464,251,198,140,1,20251021_025153
1760982665.5040977,2579979,660474624,660.474624,254,198,140,1,20251021_025153
1760982665.5140817,2580018,660484608,660.484608,1,198,139,1,20251021_025153
1760982665.5240655,2580057,660494592,660.494592,4,198,138,1,20251021_025153
1760982665.5340495,2580096,660504576,660.504576,6,198,136,1,20251021_025153
1760982665.5440338,2580135,660514560,660.51456,9,197,134,1,20251021_025153
1760982665.5542738,2580175,660524800,660.5248,11,198,133,1,20251021_025153
1760982665.564258,2580214,660534784,660.534784,13,198,131,1,20251021_025153
1760982665.574242,2580253,660544768,660.544768,16,199,130,1,20251021_025153
1760982665.584226,2580292,660554752,660.554752,18,198,128,1,20251021_025153
1760982665.5942097,2580331,660564736,660.564736,21,198,127,1,20251021_025153
1760982665.6041937,2580370,660574720,660.57472,23,198,126,1,20251021_025153
1760982665.6141777,2580409,660584704,660.584704,26,198,123,1,20251021_025153
1760982665.6241615,2580448,660594688,660.594688,28,198,119,1,20251021_025153
1760982665.6341455,2580487,660604672,660.604672,31,198,113,1,20251021_025153
1760982665.6441298,2580526,660614656,660.614656,35,198,107,1,20251021_025153
1760982665.6541138,2580565,660624640,660.62464,38,199,103,1,20251021_025153
1760982665.6640978,2580604,660634624,660.634624,42,198,99,1,20251021_025153
1760982665.6740818,2580643,660644608,660.644608,47,199,95,1,20251021_025153
1760982665.6840658,2580682,660654592,660.654592,51,198,90,1,20251021_025153
1760982665.6940498,2580721,660664576,660.664576,56,198,88,1,20251021_025153
1760982665.7042897,2580761,660674816,660.674816,61,198,86,1,20251021_025153
1760982665.7142737,2580800,660684800,660.6848,66,197,83,1,20251021_025153
1760982665.7242577,2580839,660694784,660.694784,71,197,84,1,20251021_025153
1760982665.7342415,2580878,660704768,660.704768,76,197,85,1,20251021_025153
1760982665.7442255,2580917,660714752,660.714752,80,197,86,1,20251021_025153
1760982665.7542098,2580956,660724736,660.724736,85,197,85,1,20251021_025153
1760982665.7641938,2580995,660734720,660.73472,89,197,85,1,20251021_025153
1760982665.7741778,2581034,660744704,660.744704,93,196,85,1,20251021_025153
1760982665.7841618,2581073,660754688,660.754688,97,197,85,1,20251021_025153
1760982665.7941458,2581112,660764672,660.764672,101,197,86,1,20251021_025153
1760982665.8041298,2581151,660774656,660.774656,105,195,85,1,20251021_025153
1760982665.814114,2581190,660784640,660.78464,108,195,85,1,20251021_025153
1760982665.824098,2581229,660794624,660.794624,112,196,85,1,20251021_025153
1760982665.834082,2581268,660804608,660.804608,115,195,86,1,20251021_025153
1760982665.8443215,2581308,660814848,660.814848,118,194,84,1,20251021_025153
1760982665.8543055,2581347,660824832,660.824832,121,195,86,1,20251021_025153
1760982665.8642898,2581386,660834816,660.834816,124,195,86,1,20251021_025153
1760982665.8742738,2581425,660844800,660.8448,126,195,87,1,20251021_025153
1760982665.8842578,2581464,660854784,660.854784,129,194,85,1,20251021_025153
1760982665.8942418,2581503,660864768,660.864768,132,195,87,1,20251021_025153
1760982665.9042258,2581542,660874752,660.874752,134,195,87,1,20251021_025153
1760982665.9142098,2581581,660884736,660.884736,136,195,89,1,20251021_025153
1760982665.924194,2581620,660894720,660.89472,139,194,88,1,20251021_025153
1760982665.934178,2581659,660904704,660.904704,141,194,89,1,20251021_025153
1760982665.944162,2581698,660914688,660.914688,143,194,90,1,20251021_025153
1760982665.9541457,2581737,660924672,660.924672,145,195,90,1,20251021_025153
1760982665.9641297,2581776,660934656,660.934656,148,195,92,1,20251021_025153
1760982665.9741137,2581815,660944640,660.94464,150,195,93,1,20251021_025153
1760982665.9843538,2581855,660954880,660.95488,152,196,95,1,20251021_025153
1760982665.9943378,2581894,660964864,660.964864,154,195,95,1,20251021_025153
1760982666.0043218,2581933,660974848,660.974848,157,195,98,1,20251021_025153
1760982666.0143058,2581972,660984832,660.984832,159,195,100,1,20251021_025153
1760982666.0242898,2582011,660994816,660.994816,162,196,104,1,20251021_025153
1760982666.034274,2582050,661004800,661.0048,164,195,109,1,20251021_025153
1760982666.044258,2582089,661014784,661.014784,168,196,113,1,20251021_025153
1760982666.054242,2582128,661024768,661.024768,171,196,117,1,20251021_025153
1760982666.0642257,2582167,661034752,661.034752,175,196,121,1,20251021_025153
1760982666.0742097,2582206,661044736,661.044736,179,196,125,1,20251021_025153
1760982666.0841937,2582245,661054720,661.05472,183,196,127,1,20251021_025153
1760982666.0941775,2582284,661064704,661.064704,187,196,127,1,20251021_025153
1760982666.1041615,2582323,661074688,661.074688,191,196,129,1,20251021_025153
1760982666.1141458,2582362,661084672,661.084672,196,196,133,1,20251021_025153
1760982666.1241298,2582401,661094656,661.094656,200,196,135,1,20251021_025153
1760982666.13437,2582441,661104896,661.104896,205,196,135,1,20251021_025153
1760982666.144354,2582480,661114880,661.11488,209,196,136,1,20251021_025153
1760982666.154338,2582519,661124864,661.124864,214,197,137,1,20251021_025153
1760982666.164322,2582558,661134848,661.134848,218,196,138,1,20251021_025153
1760982666.1743057,2582597,661144832,661.144832,222,197,139,1,20251021_025153
1760982666.1842897,2582636,661154816,661.154816,226,197,139,1,20251021_025153
1760982666.1942737,2582675,661164800,661.1648,230,197,139,1,20251021_025153
1760982666.2042575,2582714,661174784,661.174784,233,197,138,1,20251021_025153
1760982666.2142415,2582753,661184768,661.184768,237,198,142,1,20251021_025153
1760982666.2242258,2582792,661194752,661.194752,240,198,140,1,20251021_025153
1760982666.2342098,2582831,661204736,661.204736,243,198,138,1,20251021_025153
1760982666.2441938,2582870,661214720,661.21472,246,198,139,1,20251021_025153
1760982666.2541778,2582909,661224704,661.224704,249,198,140,1,20251021_025153
1760982666.2641618,2582948,661234688,661.234688,252,198,140,1,20251021_025153
1760982666.2744017,2582988,661244928,661.244928,0,198,139,1,20251021_025153
1760982666.2843857,2583027,661254912,661.254912,2,199,139,1,20251021_025153
1760982666.2943697,2583066,661264896,661.264896,5,198,137,1,20251021_025153
1760982666.3043537,2583105,661274880,661.27488,7,198,136,1,20251021_025153
1760982666.3143375,2583144,661284864,661.284864,9,199,136,1,20251021_025153
1760982666.3243215,2583183,661294848,661.294848,12,199,134,1,20251021_025153
1760982666.3343058,2583222,661304832,661.304832,14,199,133,1,20251021_025153
1760982666.3442898,2583261,661314816,661.314816,16,198,129,1,20251021_025153
1760982666.3542738,2583300,661324800,661.3248,19,198,129,1,20251021_025153
1760982666.3642578,2583339,661334784,661.334784,21,199,128,1,20251021_025153
1760982666.3742418,2583378,661344768,661.344768,24,199,127,1,20251021_025153
1760982666.3842258,2583417,661354752,661.354752,26,199,126,1,20251021_025153
1760982666.39421,2583456,661364736,661.364736,29,199,121,1,20251021_025153
1760982666.404194,2583495,661374720,661.37472,31,198,114,1,20251021_025153
1760982666.414178,2583534,661384704,661.384704,35,199,109,1,20251021_025153
1760982666.4244175,2583574,661394944,661.394944,38,199,105,1,20251021_025153
1760982666.4344018,2583613,661404928,661.404928,42,199,101,1,20251021_025153
1760982666.4443858,2583652,661414912,661.414912,46,199,96,1,20251021_025153
1760982666.4543698,2583691,661424896,661.424896,51,198,92,1,20251021_025153
1760982666.4643538,2583730,661434880,661.43488,55,199,89,1,20251021_025153
1760982666.4743378,2583769,661444864,661.444864,60,199,87,1,20251021_025153
1760982666.4843218,2583808,661454848,661.454848,65,199,86,1,20251021_025153
1760982666.4943058,2583847,661464832,661.464832,70,199,84,1,20251021_025153
1760982666.50429,2583886,661474816,661.474816,75,198,84,1,20251021_025153
1760982666.514274,2583925,661484800,661.4848,79,198,83,1,20251021_025153
1760982666.524258,2583964,661494784,661.494784,84,198,86,1,20251021_025153
1760982666.5342417,2584003,661504768,661.504768,88,198,85,1,20251021_025153
1760982666.5442257,2584042,661514752,661.514752,92,199,85,1,20251021_025153
1760982666.5542097,2584081,661524736,661.524736,96,198,85,1,20251021_025153
1760982666.5644498,2584121,661534976,661.534976,100,198,84,1,20251021_025153
1760982666.5744338,2584160,661544960,661.54496,104,197,85,1,20251021_025153
1760982666.5844178,2584199,661554944,661.554944,108,198,85,1,20251021_025153
1760982666.5944018,2584238,661564928,661.564928,111,198,86,1,20251021_025153
1760982666.604386,2584277,661574912,661.574912,114,198,85,1,20251021_025153
1760982666.61437,2584316,661584896,661.584896,117,198,86,1,20251021_025153
1760982666.624354,2584355,661594880,661.59488,120,197,85,1,20251021_025153
1760982666.6343377,2584394,661604864,661.604864,123,197,85,1,20251021_025153
1760982666.6443217,2584433,661614848,661.614848,126,197,86,1,20251021_025153
1760982666.6543057,2584472,661624832,661.624832,129,196,86,1,20251021_025153
1760982666.6642897,2584511,661634816,661.634816,131,196,86,1,20251021_025153
1760982666.6742735,2584550,661644800,661.6448,134,195,86,1,20251021_025153
1760982666.6842575,2584589,661654784,661.654784,136,196,88,1,20251021_025153
1760982666.6942418,2584628,661664768,661.664768,138,196,89,1,20251021_025153
1760982666.7044818,2584668,661675008,661.675008,141,196,92,1,20251021_025153
1760982666.714466,2584707,661684992,661.684992,143,196,90,1,20251021_025153
1760982666.72445,2584746,661694976,661.694976,145,196,92,1,20251021_025153
1760982666.734434,2584785,661704960,661.70496,147,196,92,1,20251021_025153
1760982666.7444177,2584824,661714944,661.714944,150,196,94,1,20251021_025153
1760982666.7544017,2584863,661724928,661.724928,152,196,96,1,20251021_025153
1760982666.7643857,2584902,661734912,661.734912,154,197,100,1,20251021_025153
1760982666.7743697,2584941,661744896,661.744896,157,197,104,1,20251021_025153
1760982666.7843535,2584980,661754880,661.75488,160,197,109,1,20251021_025153
1760982666.7943375,2585019,661764864,661.764864,163,197,113,1,20251021_025153
1760982666.8043218,2585058,661774848,661.774848,166,197,116,1,20251021_025153
1760982666.8143058,2585097,661784832,661.784832,170,197,119,1,20251021_025153
1760982666.8242898,2585136,661794816,661.794816,174,198,123,1,20251021_025153
1760982666.8342738,2585175,661804800,661.8048,178,197,123,1,20251021_025153
1760982666.844514,2585215,661815040,661.81504,182,198,127,1,20251021_025153
1760982666.8544977,2585254,661825024,661.825024,186,198,127,1,20251021_025153
1760982666.8644817,2585293,661835008,661.835008,190,197,129,1,20251021_025153
1760982666.8744657,2585332,661844992,661.844992,195,197,133,1,20251021_025153
1760982666.8844495,2585371,661854976,661.854976,199,197,134,1,20251021_025153
1760982666.8944335,2585410,661864960,661.86496,204,198,136,1,20251021_025153
1760982666.9044178,2585449,661874944,661.874944,208,198,137,1,20251021_025153
1760982666.9144018,2585488,661884928,661.884928,213,198,137,1,20251021_025153
1760982666.9243858,2585527,661894912,661.894912,217,198,138,1,20251021_025153
1760982666.9343698,2585566,661904896,661.904896,221,198,139,1,20251021_025153
1760982666.9443538,2585605,661914880,661.91488,225,198,139,1,20251021_025153
1760982666.9543378,2585644,661924864,661.924864,229,198,140,1,20251021_025153
1760982666.964322,2585683,661934848,661.934848,233,198,139,1,20251021_025153
1760982666.974306,2585722,661944832,661.944832,236,199,140,1,20251021_025153
1760982666.98429,2585761,661954816,661.954816,239,199,140,1,20251021_025153
1760982666.9945295,2585801,661965056,661.965056,243,199,140,1,20251021_025153
1760982667.0045135,2585840,661975040,661.97504,246,199,140,1,20251021_025153
1760982667.0144978,2585879,661985024,661.985024,249,199,140,1,20251021_025153
1760982667.0244818,2585918,661995008,661.995008,252,199,139,1,20251021_025153
1760982667.0344658,2585957,662004992,662.004992,254,200,141,1,20251021_025153
1760982667.0444498,2585996,662014976,662.014976,2,198,135,1,20251021_025153
1760982667.0544338,2586035,662024960,662.02496,4,199,137,1,20251021_025153
1760982667.0644178,2586074,662034944,662.034944,7,199,136,1,20251021_025153
1760982667.074402,2586113,662044928,662.044928,9,199,135,1,20251021_025153
1760982667.084386,2586152,662054912,662.054912,12,199,133,1,20251021_025153
1760982667.09437,2586191,662064896,662.064896,14,200,131,1,20251021_025153
1760982667.1043537,2586230,662074880,662.07488,16,199,130,1,20251021_025153
1760982667.1143377,2586269,662084864,662.084864,19,200,129,1,20251021_025153
1760982667.1243217,2586308,662094848,662.094848,21,199,127,1,20251021_025153
1760982667.1345618,2586348,662105088,662.105088,24,199,127,1,20251021_025153
1760982667.1445458,2586387,662115072,662.115072,26,199,126,1,20251021_025153
1760982667.1545298,2586426,662125056,662.125056,28,200,125,1,20251021_025153
1760982667.1645138,2586465,662135040,662.13504,31,199,121,1,20251021_025153
1760982667.1744978,2586504,662145024,662.145024,34,199,115,1,20251021_025153
1760982667.184482,2586543,662155008,662.155008,37,199,110,1,20251021_025153
1760982667.194466,2586582,662164992,662.164992,41,200,109,1,20251021_025153
1760982667.20445,2586621,662174976,662.174976,44,200,105,1,20251021_025153
1760982667.2144337,2586660,662184960,662.18496,48,199,99,1,20251021_025153
1760982667.2246735,2586700,662195200,662.1952,52,199,97,1,20251021_025153
1760982667.2346578,2586739,662205184,662.205184,57,199,94,1,20251021_025153
1760982667.2446418,2586778,662215168,662.215168,61,200,91,1,20251021_025153
1760982667.2546258,2586817,662225152,662.225152,66,199,88,1,20251021_025153
1760982667.2646098,2586856,662235136,662.235136,71,199,85,1,20251021_025153
1760982667.2745938,2586895,662245120,662.24512,75,199,84,1,20251021_025153
1760982667.2845778,2586934,662255104,662.255104,80,198,83,1,20251021_025153
1760982667.2948177,2586974,662265344,662.265344,84,198,86,1,20251021_025153
1760982667.3048017,2587013,662275328,662.275328,89,198,85,1,20251021_025153
1760982667.3147857,2587052,662285312,662.285312,93,199,84,1,20251021_025153
1760982667.3247695,2587091,662295296,662.295296,97,198,84,1,20251021_025153
1760982667.3347538,2587130,662305280,662.30528,101,199,85,1,20251021_025153
1760982667.3447378,2587169,662315264,662.315264,104,198,83,1,20251021_025153
1760982667.3547218,2587208,662325248,662.325248,108,198,86,1,20251021_025153
1760982667.364962,2587248,662335488,662.335488,111,198,85,1,20251021_025153
1760982667.374946,2587287,662345472,662.345472,115,198,86,1,20251021_025153
1760982667.38493,2587326,662355456,662.355456,118,198,86,1,20251021_025153
1760982667.3949137,2587365,662365440,662.36544,121,198,87,1,20251021_025153
1760982667.4048977,2587404,662375424,662.375424,124,197,87,1,20251021_025153
1760982667.4148817,2587443,662385408,662.385408,126,197,88,1,20251021_025153
1760982667.4248655,2587482,662395392,662.395392,129,196,88,1,20251021_025153
1760982667.4348495,2587521,662405376,662.405376,132,197,90,1,20251021_025153
1760982667.4450898,2587561,662415616,662.415616,134,197,90,1,20251021_025153
1760982667.4550738,2587600,662425600,662.4256,137,197,92,1,20251021_025153
1760982667.4650578,2587639,662435584,662.435584,139,196,94,1,20251021_025153
1760982667.475042,2587678,662445568,662.445568,142,197,98,1,20251021_025153
1760982667.485026,2587717,662455552,662.455552,144,196,103,1,20251021_025153
1760982667.49501,2587756,662465536,662.465536,147,197,110,1,20251021_025153
1760982667.5052495,2587796,662475776,662.475776,151,198,114,1,20251021_025153
1760982667.5152338,2587835,662485760,662.48576,154,197,116,1,20251021_025153
1760982667.5252178,2587874,662495744,662.495744,158,196,118,1,20251021_025153
1760982667.5352018,2587913,662505728,662.505728,161,197,123,1,20251021_025153
1760982667.5451858,2587952,662515712,662.515712,165,198,127,1,20251021_025153
1760982667.5551698,2587991,662525696,662.525696,170,197,129,1,20251021_025153
1760982667.5651538,2588030,662535680,662.53568,174,197,132,1,20251021_025153
1760982667.575138,2588069,662545664,662.545664,179,197,134,1,20251021_025153
1760982667.5853777,2588109,662555904,662.555904,184,198,134,1,20251021_025153
1760982667.5953617,2588148,662565888,662.565888,188,198,134,1,20251021_025153
1760982667.6053455,2588187,662575872,662.575872,193,198,136,1,20251021_025153
1760982667.6153295,2588226,662585856,662.585856,198,198,138,1,20251021_025153
1760982667.6253138,2588265,662595840,662.59584,203,198,138,1,20251021_025153
1760982667.6352978,2588304,662605824,662.605824,207,198,139,1,20251021_025153
1760982667.6452818,2588343,662615808,662.615808,212,198,139,1,20251021_025153
1760982667.6552658,2588382,662625792,662.625792,216,198,138,1,20251021_025153
1760982667.665506,2588422,662636032,662.636032,220,198,139,1,20251021_025153
1760982667.6754897,2588461,662646016,662.646016,224,198,141,1,20251021_025153
1760982667.6854737,2588500,662656000,662.656,228,198,140,1,20251021_025153
1760982667.6954577,2588539,662665984,662.665984,232,199,141,1,20251021_025153
1760982667.7054417,2588578,662675968,662.675968,235,199,141,1,20251021_025153
1760982667.7154255,2588617,662685952,662.685952,239,198,140,1,20251021_025153
1760982667.7254095,2588656,662695936,662.695936,242,198,139,1,20251021_025153
1760982667.7353938,2588695,662705920,662.70592,245,198,140,1,20251021_025153
1760982667.7453778,2588734,662715904,662.715904,248,199,141,1,20251021_025153
1760982667.7553618,2588773,662725888,662.725888,251,199,141,1,20251021_025153
1760982667.7653458,2588812,662735872,662.735872,254,199,141,1,20251021_025153
1760982667.7753298,2588851,662745856,662.745856,1,199,140,1,20251021_025153
1760982667.7853138,2588890,662755840,662.75584,4,200,139,1,20251021_025153
1760982667.795298,2588929,662765824,662.765824,6,200,138,1,20251021_025153
1760982667.8055377,2588969,662776064,662.776064,8,200,137,1,20251021_025153
1760982667.8155217,2589008,662786048,662.786048,11,199,135,1,20251021_025153
1760982667.8255055,2589047,662796032,662.796032,13,199,132,1,20251021_025153
1760982667.8354895,2589086,662806016,662.806016,16,199,130,1,20251021_025153
1760982667.8454738,2589125,662816000,662.816,18,200,128,1,20251021_025153
1760982667.8554578,2589164,662825984,662.825984,20,199,127,1,20251021_025153
1760982667.8654418,2589203,662835968,662.835968,23,200,126,1,20251021_025153
1760982667.8754258,2589242,662845952,662.845952,26,199,121,1,20251021_025153
1760982667.8854098,2589281,662855936,662.855936,28,200,115,1,20251021_025153
1760982667.8953938,2589320,662865920,662.86592,32,199,109,1,20251021_025153
1760982667.905378,2589359,662875904,662.875904,35,200,106,1,20251021_025153
1760982667.915362,2589398,662885888,662.885888,39,199,102,1,20251021_025153
1760982667.925346,2589437,662895872,662.895872,43,200,98,1,20251021_025153
1760982667.9353297,2589476,662905856,662.905856,47,199,93,1,20251021_025153
1760982667.9453137,2589515,662915840,662.91584,52,199,91,1,20251021_025153
1760982667.9555538,2589555,662926080,662.92608,57,199,88,1,20251021_025153
1760982667.9655378,2589594,662936064,662.936064,62,199,86,1,20251021_025153
1760982667.9755218,2589633,662946048,662.946048,67,199,83,1,20251021_025153
1760982667.9855058,2589672,662956032,662.956032,71,199,84,1,20251021_025153
1760982667.9954898,2589711,662966016,662.966016,76,199,85,1,20251021_025153
1760982668.005474,2589750,662976000,662.976,81,199,86,1,20251021_025153
1760982668.015458,2589789,662985984,662.985984,85,199,84,1,20251021_025153
1760982668.025442,2589828,662995968,662.995968,89,199,85,1,20251021_025153
1760982668.0354257,2589867,663005952,663.005952,94,199,86,1,20251021_025153
1760982668.0454097,2589906,663015936,663.015936,98,198,84,1,20251021_025153
1760982668.0553937,2589945,663025920,663.02592,101,199,86,1,20251021_025153
1760982668.0653777,2589984,663035904,663.035904,105,199,85,1,20251021_025153
1760982668.0753615,2590023,663045888,663.045888,109,199,86,1,20251021_025153
1760982668.0853455,2590062,663055872,663.055872,112,199,85,1,20251021_025153
1760982668.0955858,2590102,663066112,663.066112,115,198,84,1,20251021_025153
1760982668.1055698,2590141,663076096,663.076096,118,197,85,1,20251021_025153
1760982668.115554,2590180,663086080,663.08608,121,197,85,1,20251021_025153
1760982668.125538,2590219,663096064,663.096064,124,197,86,1,20251021_025153
1760982668.135522,2590258,663106048,663.106048,127,197,86,1,20251021_025153
1760982668.1455057,2590297,663116032,663.116032,129,197,86,1,20251021_025153
1760982668.1554897,2590336,663126016,663.126016,132,197,86,1,20251021_025153
1760982668.1654737,2590375,663136000,663.136,134,198,87,1,20251021_025153
1760982668.1754577,2590414,663145984,663.145984,137,197,87,1,20251021_025153
1760982668.1854415,2590453,663155968,663.155968,139,197,88,1,20251021_025153
1760982668.1954255,2590492,663165952,663.165952,141,197,89,1,20251021_025153
1760982668.2054098,2590531,663175936,663.175936,143,197,89,1,20251021_025153
1760982668.2153938,2590570,663185920,663.18592,145,197,90,1,20251021_025153
1760982668.2253778,2590609,663195904,663.195904,147,196,88,1,20251021_025153
1760982668.2353618,2590648,663205888,663.205888,150,199,92,1,20251021_025153
1760982668.245602,2590688,663216128,663.216128,152,197,92,1,20251021_025153
1760982668.2555857,2590727,663226112,663.226112,154,197,93,1,20251021_025153
1760982668.2655697,2590766,663236096,663.236096,156,197,94,1,20251021_025153
1760982668.2755537,2590805,663246080,663.24608,158,197,98,1,20251021_025153
1760982668.2855375,2590844,663256064,663.256064,161,198,100,1,20251021_025153
1760982668.2955215,2590883,663266048,663.266048,163,197,102,1,20251021_025153
1760982668.3055058,2590922,663276032,663.276032,166,197,109,1,20251021_025153
1760982668.3154898,2590961,663286016,663.286016,169,198,113,1,20251021_025153
1760982668.3254738,2591000,663296000,663.296,172,198,117,1,20251021_025153
1760982668.3354578,2591039,663305984,663.305984,176,198,120,1,20251021_025153
1760982668.3454418,2591078,663315968,663.315968,180,198,125,1,20251021_025153
1760982668.3554258,2591117,663325952,663.325952,184,198,126,1,20251021_025153
1760982668.36541,2591156,663335936,663.335936,188,198,127,1,20251021_025153
1760982668.3756497,2591196,663346176,663.346176,192,198,128,1,20251021_025153
1760982668.3856337,2591235,663356160,663.35616,197,198,130,1,20251021_025153
1760982668.3956175,2591274,663366144,663.366144,201,198,134,1,20251021_025153
1760982668.4056015,2591313,663376128,663.376128,206,199,135,1,20251021_025153
1760982668.4155858,2591352,663386112,663.386112,210,198,135,1,20251021_025153
1760982668.4255698,2591391,663396096,663.396096,214,198,135,1,20251021_025153
1760982668.4355538,2591430,663406080,663.40608,218,199,136,1,20251021_025153
1760982668.4455378,2591469,663416064,663.416064,222,199,137,1,20251021_025153
1760982668.4555218,2591508,663426048,663.426048,226,199,137,1,20251021_025153
1760982668.4655058,2591547,663436032,663.436032,230,200,138,1,20251021_025153
1760982668.47549,2591586,663446016,663.446016,234,200,137,1,20251021_025153
1760982668.485474,2591625,663456000,663.456,237,199,138,1,20251021_025153
1760982668.495458,2591664,663465984,663.465984,240,200,138,1,20251021_025153
1760982668.5054417,2591703,663475968,663.475968,244,200,139,1,20251021_025153
1760982668.5156815,2591743,663486208,663.486208,247,200,139,1,20251021_025153
1760982668.5256658,2591782,663496192,663.496192,249,199,138,1,20251021_025153
1760982668.5356498,2591821,663506176,663.506176,252,200,139,1,20251021_025153
1760982668.5456338,2591860,663516160,663.51616,0,200,138,1,20251021_025153
1760982668.5556178,2591899,663526144,663.526144,3,199,136,1,20251021_025153
1760982668.5656018,2591938,663536128,663.536128,5,199,136,1,20251021_025153
1760982668.5755858,2591977,663546112,663.546112,7,200,136,1,20251021_025153
1760982668.58557,2592016,663556096,663.556096,10,199,134,1,20251021_025153
1760982668.595554,2592055,663566080,663.56608,12,200,133,1,20251021_025153
1760982668.605538,2592094,663576064,663.576064,15,200,130,1,20251021_025153
1760982668.6155217,2592133,663586048,663.586048,17,200,131,1,20251021_025153
1760982668.6255057,2592172,663596032,663.596032,19,199,130,1,20251021_025153
1760982668.6354897,2592211,663606016,663.606016,22,200,127,1,20251021_025153
1760982668.6454737,2592250,663616000,663.616,24,199,127,1,20251021_025153
1760982668.6554575,2592289,663625984,663.625984,27,199,124,1,20251021_025153
1760982668.6656978,2592329,663636224,663.636224,29,200,117,1,20251021_025153
1760982668.6756818,2592368,663646208,663.646208,32,199,111,1,20251021_025153
1760982668.6856658,2592407,663656192,663.656192,36,200,106,1,20251021_025153
1760982668.69565,2592446,663666176,663.666176,40,200,102,1,20251021_025153
1760982668.705634,2592485,663676160,663.67616,44,200,96,1,20251021_025153
1760982668.715618,2592524,663686144,663.686144,48,199,92,1,20251021_025153
1760982668.7256017,2592563,663696128,663.696128,53,200,91,1,20251021_025153
1760982668.7355857,2592602,663706112,663.706112,58,200,88,1,20251021_025153
1760982668.7455697,2592641,663716096,663.716096,63,200,86,1,20251021_025153
1760982668.7555535,2592680,663726080,663.72608,67,200,84,1,20251021_025153
1760982668.7655375,2592719,663736064,663.736064,72,200,85,1,20251021_025153
1760982668.7755218,2592758,663746048,663.746048,77,200,85,1,20251021_025153
1760982668.7855058,2592797,663756032,663.756032,82,199,85,1,20251021_025153
1760982668.7954898,2592836,663766016,663.766016,86,200,85,1,20251021_025153
1760982668.80573,2592876,663776256,663.776256,90,199,84,1,20251021_025153
1760982668.815714,2592915,663786240,663.78624,94,200,86,1,20251021_025153
1760982668.825698,2592954,663796224,663.796224,98,200,86,1,20251021_025153
1760982668.8356817,2592993,663806208,663.806208,102,199,87,1,20251021_025153
1760982668.8456657,2593032,663816192,663.816192,106,199,85,1,20251021_025153
1760982668.8556497,2593071,663826176,663.826176,109,198,85,1,20251021_025153
1760982668.8656335,2593110,663836160,663.83616,113,199,86,1,20251021_025153
1760982668.8756175,2593149,663846144,663.846144,116,198,85,1,20251021_025153
1760982668.8856018,2593188,663856128,663.856128,119,198,86,1,20251021_025153
1760982668.8955858,2593227,663866112,663.866112,122,198,86,1,20251021_025153
1760982668.9055698,2593266,663876096,663.876096,125,198,87,1,20251021_025153
1760982668.9155538,2593305,663886080,663.88608,127,198,88,1,20251021_025153
1760982668.9255378,2593344,663896064,663.896064,130,197,86,1,20251021_025153
1760982668.9355218,2593383,663906048,663.906048,132,198,89,1,20251021_025153
1760982668.945506,2593422,663916032,663.916032,135,198,90,1,20251021_025153
1760982668.9557457,2593462,663926272,663.926272,137,198,92,1,20251021_025153
1760982668.9657297,2593501,663936256,663.936256,140,197,95,1,20251021_025153
1760982668.9757135,2593540,663946240,663.94624,142,198,101,1,20251021_025153
1760982668.9856975,2593579,663956224,663.956224,145,198,108,1,20251021_025153
1760982668.9956818,2593618,663966208,663.966208,148,198,111,1,20251021_025153
1760982669.0056658,2593657,663976192,663.976192,152,199,117,1,20251021_025153
1760982669.0156498,2593696,663986176,663.986176,155,198,121,1,20251021_025153
1760982669.0256338,2593735,663996160,663.99616,159,199,125,1,20251021_025153
1760982669.0356178,2593774,664006144,664.006144,163,199,127,1,20251021_025153
1760982669.0456018,2593813,664016128,664.016128,168,198,131,1,20251021_025153
1760982669.055586,2593852,664026112,664.026112,172,198,133,1,20251021_025153
1760982669.06557,2593891,664036096,664.036096,177,198,134,1,20251021_025153
1760982669.075554,2593930,664046080,664.04608,182,198,135,1,20251021_025153
1760982669.0855377,2593969,664056064,664.056064,186,198,136,1,20251021_025153
1760982669.0957778,2594009,664066304,664.066304,191,198,136,1,20251021_025153
1760982669.1057618,2594048,664076288,664.076288,196,198,137,1,20251021_025153
1760982669.1157458,2594087,664086272,664.086272,201,199,137,1,20251021_025153
1760982669.1257298,2594126,664096256,664.096256,205,199,137,1,20251021_025153
1760982669.1357138,2594165,664106240,664.10624,210,199,138,1,20251021_025153
1760982669.1456978,2594204,664116224,664.116224,214,199,138,1,20251021_025153
1760982669.1556818,2594243,664126208,664.126208,218,199,138,1,20251021_025153
1760982669.165666,2594282,664136192,664.136192,223,199,139,1,20251021_025153
1760982669.17565,2594321,664146176,664.146176,226,200,140,1,20251021_025153
1760982669.185634,2594360,664156160,664.15616,230,200,140,1,20251021_025153
1760982669.1956177,2594399,664166144,664.166144,234,199,140,1,20251021_025153
1760982669.2056017,2594438,664176128,664.176128,237,200,140,1,20251021_025153
1760982669.2155857,2594477,664186112,664.186112,241,199,140,1,20251021_025153
1760982669.2255695,2594516,664196096,664.196096,244,200,142,1,20251021_025153
1760982669.2355535,2594555,664206080,664.20608,247,200,141,1,20251021_025153
1760982669.2457938,2594595,664216320,664.21632,250,201,141,1,20251021_025153
1760982669.2557778,2594634,664226304,664.226304,252,200,140,1,20251021_025153
1760982669.265762,2594673,664236288,664.236288,0,201,139,1,20251021_025153
1760982669.275746,2594712,664246272,664.246272,3,200,138,1,20251021_025153
1760982669.28573,2594751,664256256,664.256256,5,200,136,1,20251021_025153
1760982669.2957137,2594790,664266240,664.26624,8,200,137,1,20251021_025153
1760982669.3056977,2594829,664276224,664.276224,10,200,132,1,20251021_025153
1760982669.3156817,2594868,664286208,664.286208,12,200,132,1,20251021_025153
1760982669.3256657,2594907,664296192,664.296192,15,201,132,1,20251021_025153
1760982669.3356495,2594946,664306176,664.306176,17,200,128,1,20251021_025153
1760982669.3456335,2594985,664316160,664.31616,20,200,127,1,20251021_025153
1760982669.3556178,2595024,664326144,664.326144,22,200,126,1,20251021_025153
1760982669.3656018,2595063,664336128,664.336128,25,200,124,1,20251021_025153
1760982669.3755858,2595102,664346112,664.346112,28,199,115,1,20251021_025153
1760982669.385826,2595142,664356352,664.356352,31,200,110,1,20251021_025153
1760982669.39581,2595181,664366336,664.366336,34,200,106,1,20251021_025153
1760982669.4057937,2595220,664376320,664.37632,38,201,103,1,20251021_025153
1760982669.4157777,2595259,664386304,664.386304,42,200,98,1,20251021_025153
1760982669.4257617,2595298,664396288,664.396288,46,201,96,1,20251021_025153
1760982669.4357457,2595337,664406272,664.406272,51,200,91,1,20251021_025153
1760982669.4457295,2595376,664416256,664.416256,56,200,88,1,20251021_025153
1760982669.4557135,2595415,664426240,664.42624,61,200,86,1,20251021_025153
1760982669.4656978,2595454,664436224,664.436224,65,200,83,1,20251021_025153
1760982669.4756818,2595493,664446208,664.446208,70,200,84,1,20251021_025153
1760982669.4856658,2595532,664456192,664.456192,75,200,85,1,20251021_025153
1760982669.4956498,2595571,664466176,664.466176,80,200,85,1,20251021_025153
1760982669.5056338,2595610,664476160,664.47616,84,200,85,1,20251021_025153
1760982669.5156178,2595649,664486144,664.486144,88,200,85,1,20251021_025153
1760982669.525602,2595688,664496128,664.496128,93,200,85,1,20251021_025153
1760982669.5358417,2595728,664506368,664.506368,97,199,85,1,20251021_025153
1760982669.5458255,2595767,664516352,664.516352,100,199,86,1,20251021_025153
1760982669.5558095,2595806,664526336,664.526336,104,198,84,1,20251021_025153
1760982669.5657938,2595845,664536320,664.53632,108,199,84,1,20251021_025153
1760982669.5757778,2595884,664546304,664.546304,111,199,86,1,20251021_025153
1760982669.5857618,2595923,664556288,664.556288,114,198,84,1,20251021_025153
1760982669.5957458,2595962,664566272,664.566272,117,199,86,1,20251021_025153
1760982669.6057298,2596001,664576256,664.576256,120,199,86,1,20251021_025153
1760982669.6157138,2596040,664586240,664.58624,123,199,86,1,20251021_025153
1760982669.625698,2596079,664596224,664.596224,126,198,84,1,20251021_025153
1760982669.635682,2596118,664606208,664.606208,129,198,85,1,20251021_025153
1760982669.645666,2596157,664616192,664.616192,131,198,87,1,20251021_025153
1760982669.65565,2596196,664626176,664.626176,134,198,85,1,20251021_025153
1760982669.6656337,2596235,664636160,664.63616,136,198,87,1,20251021_025153
1760982669.6758738,2596275,664646400,664.6464,138,198,88,1,20251021_025153
1760982669.6858578,2596314,664656384,664.656384,140,198,88,1,20251021_025153
1760982669.6958418,2596353,664666368,664.666368,143,198,89,1,20251021_025153
1760982669.7058258,2596392,664676352,664.676352,145,198,90,1,20251021_025153
1760982669.7158098,2596431,664686336,664.686336,147,198,90,1,20251021_025153
1760982669.7257938,2596470,664696320,664.69632,149,198,91,1,20251021_025153
1760982669.735778,2596509,664706304,664.706304,151,198,92,1,20251021_025153
1760982669.745762,2596548,664716288,664.716288,153,198,92,1,20251021_025153
1760982669.755746,2596587,664726272,664.726272,155,198,94,1,20251021_025153
1760982669.7657297,2596626,664736256,664.736256,158,198,97,1,20251021_025153
1760982669.7757137,2596665,664746240,664.74624,160,199,101,1,20251021_025153
1760982669.7856977,2596704,664756224,664.756224,163,198,104,1,20251021_025153
1760982669.7956817,2596743,664766208,664.766208,166,199,110,1,20251021_025153
1760982669.8056655,2596782,664776192,664.776192,169,198,114,1,20251021_025153
1760982669.8159058,2596822,664786432,664.786432,172,198,116,1,20251021_025153
1760982669.8258898,2596861,664796416,664.796416,176,198,120,1,20251021_025153
1760982669.8358738,2596900,664806400,664.8064,180,198,123,1,20251021_025153
1760982669.845858,2596939,664816384,664.816384,184,199,126,1,20251021_025153
1760982669.855842,2596978,664826368,664.826368,188,199,127,1,20251021_025153
1760982669.865826,2597017,664836352,664.836352,193,199,127,1,20251021_025153
1760982669.8758097,2597056,664846336,664.846336,197,199,131,1,20251021_025153
1760982669.8857937,2597095,664856320,664.85632,201,199,134,1,20251021_025153
1760982669.8957777,2597134,664866304,664.866304,206,199,135,1,20251021_025153
1760982669.9057617,2597173,664876288,664.876288,210,199,135,1,20251021_025153
1760982669.9157455,2597212,664886272,664.886272,214,199,134,1,20251021_025153
1760982669.9257298,2597251,664896256,664.896256,219,199,137,1,20251021_025153
1760982669.9357138,2597290,664906240,664.90624,223,200,138,1,20251021_025153
1760982669.9456978,2597329,664916224,664.916224,227,200,138,1,20251021_025153
1760982669.9556818,2597368,664926208,664.926208,230,199,138,1,20251021_025153
1760982669.965922,2597408,664936448,664.936448,234,199,138,1,20251021_025153
1760982669.975906,2597447,664946432,664.946432,237,200,139,1,20251021_025153
1760982669.9858897,2597486,664956416,664.956416,241,200,139,1,20251021_025153
1760982669.9958737,2597525,664966400,664.9664,244,200,140,1,20251021_025153
1760982670.0058577,2597564,664976384,664.976384,247,200,139,1,20251021_025153
1760982670.0158415,2597603,664986368,664.986368,250,200,140,1,20251021_025153
1760982670.0258255,2597642,664996352,664.996352,253,200,139,1,20251021_025153
1760982670.0358098,2597681,665006336,665.006336,0,201,139,1,20251021_025153
1760982670.0457938,2597720,665016320,665.01632,3,200,137,1,20251021_025153
1760982670.0557778,2597759,665026304,665.026304,5,201,136,1,20251021_025153
1760982670.0657618,2597798,665036288,665.036288,8,200,136,1,20251021_025153
1760982670.076002,2597838,665046528,665.046528,10,200,134,1,20251021_025153
1760982670.085986,2597877,665056512,665.056512,12,200,132,1,20251021_025153
1760982670.0959697,2597916,665066496,665.066496,15,200,131,1,20251021_025153
1760982670.1059537,2597955,665076480,665.07648,17,200,130,1,20251021_025153
1760982670.1159377,2597994,665086464,665.086464,19,200,129,1,20251021_025153
1760982670.1259215,2598033,665096448,665.096448,22,200,127,1,20251021_025153
1760982670.1359055,2598072,665106432,665.106432,24,200,127,1,20251021_025153
1760982670.1458898,2598111,665116416,665.116416,26,201,127,1,20251021_025153
1760982670.1558738,2598150,665126400,665.1264,29,200,126,1,20251021_025153
1760982670.1658578,2598189,665136384,665.136384,32,200,118,1,20251021_025153
1760982670.1758418,2598228,665146368,665.146368,34,200,114,1,20251021_025153
1760982670.1858258,2598267,665156352,665.156352,38,200,108,1,20251021_025153
1760982670.1958098,2598306,665166336,665.166336,41,199,105,1,20251021_025153
1760982670.205794,2598345,665176320,665.17632,45,200,99,1,20251021_025153
1760982670.215778,2598384,665186304,665.186304,49,200,96,1,20251021_025153
1760982670.2260177,2598424,665196544,665.196544,54,200,93,1,20251021_025153
1760982670.2360015,2598463,665206528,665.206528,58,200,91,1,20251021_025153
1760982670.2459855,2598502,665216512,665.216512,63,200,87,1,20251021_025153
1760982670.2559698,2598541,665226496,665.226496,68,200,86,1,20251021_025153
1760982670.2659538,2598580,665236480,665.23648,73,200,84,1,20251021_025153
1760982670.2759378,2598619,665246464,665.246464,77,199,83,1,20251021_025153
1760982670.2859218,2598658,665256448,665.256448,82,199,83,1,20251021_025153
1760982670.2959058,2598697,665266432,665.266432,86,200,85,1,20251021_025153
1760982670.3058898,2598736,665276416,665.276416,90,200,86,1,20251021_025153
1760982670.315874,2598775,665286400,665.2864,95,199,85,1,20251021_025153
1760982670.325858,2598814,665296384,665.296384,99,200,86,1,20251021_025153
1760982670.335842,2598853,665306368,665.306368,102,199,84,1,20251021_025153
1760982670.3458257,2598892,665316352,665.316352,106,199,84,1,20251021_025153
1760982670.3560658,2598932,665326592,665.326592,109,199,86,1,20251021_025153
1760982670.3660498,2598971,665336576,665.336576,113,198,84,1,20251021_025153
1760982670.3760338,2599010,665346560,665.34656,116,198,85,1,20251021_025153
1760982670.3860178,2599049,665356544,665.356544,119,198,86,1,20251021_025153
1760982670.3960018,2599088,665366528,665.366528,122,198,85,1,20251021_025153
1760982670.4059858,2599127,665376512,665.376512,125,198,86,1,20251021_025153
1760982670.4159698,2599166,665386496,665.386496,127,198,87,1,20251021_025153
1760982670.425954,2599205,665396480,665.39648,130,198,88,1,20251021_025153
1760982670.435938,2599244,665406464,665.406464,133,198,88,1,20251021_025153
1760982670.445922,2599283,665416448,665.416448,135,198,90,1,20251021_025153
1760982670.4559057,2599322,665426432,665.426432,138,198,92,1,20251021_025153
1760982670.4658897,2599361,665436416,665.436416,140,198,96,1,20251021_025153
1760982670.4758737,2599400,665446400,665.4464,143,199,101,1,20251021_025153
1760982670.4858575,2599439,665456384,665.456384,146,199,105,1,20251021_025153
1760982670.4958415,2599478,665466368,665.466368,149,198,112,1,20251021_025153
1760982670.5060818,2599518,665476608,665.476608,152,198,115,1,20251021_025153
1760982670.5160658,2599557,665486592,665.486592,155,198,120,1,20251021_025153
1760982670.52605,2599596,665496576,665.496576,159,199,124,1,20251021_025153
1760982670.536034,2599635,665506560,665.50656,163,198,126,1,20251021_025153
1760982670.546018,2599674,665516544,665.516544,168,199,131,1,20251021_025153
1760982670.5560017,2599713,665526528,665.526528,172,199,133,1,20251021_025153
1760982670.5659857,2599752,665536512,665.536512,177,198,133,1,20251021_025153
1760982670.5759697,2599791,665546496,665.546496,182,198,134,1,20251021_025153
1760982670.5859537,2599830,665556480,665.55648,186,199,136,1,20251021_025153
1760982670.5959375,2599869,665566464,665.566464,191,198,136,1,20251021_025153
1760982670.6059215,2599908,665576448,665.576448,196,199,137,1,20251021_025153
1760982670.6159058,2599947,665586432,665.586432,201,199,137,1,20251021_025153
1760982670.6258898,2599986,665596416,665.596416,205,200,136,1,20251021_025153
1760982670.6358738,2600025,665606400,665.6064,210,199,138,1,20251021_025153
1760982670.646114,2600065,665616640,665.61664,214,199,139,1,20251021_025153
1760982670.656098,2600104,665626624,665.626624,218,199,139,1,20251021_025153
1760982670.6660817,2600143,665636608,665.636608,222,199,138,1,20251021_025153
1760982670.6760657,2600182,665646592,665.646592,226,200,140,1,20251021_025153
1760982670.6860497,2600221,665656576,665.656576,230,200,140,1,20251021_025153
1760982670.6960337,2600260,665666560,665.66656,234,200,140,1,20251021_025153
1760982670.7060175,2600299,665676544,665.676544,237,200,140,1,20251021_025153
1760982670.7160015,2600338,665686528,665.686528,241,200,140,1,20251021_025153
1760982670.7259858,2600377,665696512,665.696512,244,200,140,1,20251021_025153
1760982670.7359698,2600416,665706496,665.706496,247,200,140,1,20251021_025153
1760982670.7459538,2600455,665716480,665.71648,250,200,140,1,20251021_025153
1760982670.7559378,2600494,665726464,665.726464,252,200,138,1,20251021_025153
1760982670.7659218,2600533,665736448,665.736448,0,200,139,1,20251021_025153
1760982670.7759058,2600572,665746432,665.746432,3,200,136,1,20251021_025153
1760982670.78589,2600611,665756416,665.756416,5,201,136,1,20251021_025153
1760982670.7961297,2600651,665766656,665.766656,8,200,133,1,20251021_025153
1760982670.8061135,2600690,665776640,665.77664,10,201,133,1,20251021_025153
1760982670.8160975,2600729,665786624,665.786624,13,201,130,1,20251021_025153
1760982670.8260818,2600768,665796608,665.796608,15,200,127,1,20251021_025153
1760982670.8360658,2600807,665806592,665.806592,18,200,127,1,20251021_025153
1760982670.8460498,2600846,665816576,665.816576,20,200,124,1,20251021_025153
1760982670.8560338,2600885,665826560,665.82656,23,202,125,1,20251021_025153
1760982670.8660178,2600924,665836544,665.836544,25,200,114,1,20251021_025153
1760982670.8760018,2600963,665846528,665.846528,29,200,111,1,20251021_025153
1760982670.885986,2601002,665856512,665.856512,32,200,106,1,20251021_025153
1760982670.89597,2601041,665866496,665.866496,36,200,101,1,20251021_025153
1760982670.905954,2601080,665876480,665.87648,40,200,100,1,20251021_025153
1760982670.915938,2601119,665886464,665.886464,44,201,97,1,20251021_025153
1760982670.9259217,2601158,665896448,665.896448,48,200,91,1,20251021_025153
1760982670.9361618,2601198,665906688,665.906688,53,200,88,1,20251021_025153
1760982670.9461458,2601237,665916672,665.916672,58,200,86,1,20251021_025153
1760982670.9561298,2601276,665926656,665.926656,63,200,84,1,20251021_025153
1760982670.9661138,2601315,665936640,665.93664,68,200,84,1,20251021_025153
1760982670.9760978,2601354,665946624,665.946624,73,199,84,1,20251021_025153
1760982670.9860818,2601393,665956608,665.956608,77,199,85,1,20251021_025153
1760982670.996066,2601432,665966592,665.966592,82,200,85,1,20251021_025153
1760982671.00605,2601471,665976576,665.976576,86,199,84,1,20251021_025153
1760982671.016034,2601510,665986560,665.98656,91,200,85,1,20251021_025153
1760982671.0260177,2601549,665996544,665.996544,95,199,84,1,20251021_025153
1760982671.0360017,2601588,666006528,666.006528,99,199,85,1,20251021_025153
1760982671.0459857,2601627,666016512,666.016512,102,200,85,1,20251021_025153
1760982671.0559697,2601666,666026496,666.026496,106,199,85,1,20251021_025153
1760982671.0659535,2601705,666036480,666.03648,109,199,85,1,20251021_025153
1760982671.0761938,2601745,666046720,666.04672,113,199,86,1,20251021_025153
1760982671.0861778,2601784,666056704,666.056704,116,198,85,1,20251021_025153
1760982671.0961618,2601823,666066688,666.066688,119,198,85,1,20251021_025153
1760982671.106146,2601862,666076672,666.076672,122,198,85,1,20251021_025153
1760982671.11613,2601901,666086656,666.086656,125,198,85,1,20251021_025153
1760982671.126114,2601940,666096640,666.09664,127,199,88,1,20251021_025153
1760982671.1360977,2601979,666106624,666.106624,130,198,86,1,20251021_025153
1760982671.1460817,2602018,666116608,666.116608,132,199,87,1,20251021_025153
1760982671.1560657,2602057,666126592,666.126592,135,198,86,1,20251021_025153
1760982671.1660497,2602096,666136576,666.136576,137,198,87,1,20251021_025153
1760982671.1760335,2602135,666146560,666.14656,139,198,90,1,20251021_025153
1760982671.1860178,2602174,666156544,666.156544,142,198,88,1,20251021_025153
1760982671.1960018,2602213,666166528,666.166528,144,199,90,1,20251021_025153
1760982671.2059858,2602252,666176512,666.176512,146,199,90,1,20251021_025153
1760982671.216226,2602292,666186752,666.186752,148,199,90,1,20251021_025153
1760982671.22621,2602331,666196736,666.196736,150,199,92,1,20251021_025153
1760982671.236194,2602370,666206720,666.20672,153,199,94,1,20251021_025153
1760982671.2461777,2602409,666216704,666.216704,155,198,96,1,20251021_025153
1760982671.2561617,2602448,666226688,666.226688,157,199,99,1,20251021_025153
1760982671.2661457,2602487,666236672,666.236672,160,199,103,1,20251021_025153
1760982671.2761295,2602526,666246656,666.246656,163,198,106,1,20251021_025153
1760982671.2861135,2602565,666256640,666.25664,166,199,111,1,20251021_025153
1760982671.2960978,2602604,666266624,666.266624,169,198,114,1,20251021_025153
1760982671.3060818,2602643,666276608,666.276608,172,199,118,1,20251021_025153
1760982671.3160658,2602682,666286592,666.286592,176,199,121,1,20251021_025153
1760982671.3260498,2602721,666296576,666.296576,180,199,123,1,20251021_025153
1760982671.3360338,2602760,666306560,666.30656,184,199,126,1,20251021_025153
1760982671.3460178,2602799,666316544,666.316544,188,198,127,1,20251021_025153
1760982671.356002,2602838,666326528,666.326528,193,198,130,1,20251021_025153
1760982671.3662417,2602878,666336768,666.336768,197,199,134,1,20251021_025153
1760982671.3762257,2602917,666346752,666.346752,202,199,135,1,20251021_025153
1760982671.3862095,2602956,666356736,666.356736,206,200,136,1,20251021_025153
1760982671.3961935,2602995,666366720,666.36672,210,199,136,1,20251021_025153
1760982671.4061778,2603034,666376704,666.376704,215,199,136,1,20251021_025153
1760982671.4161618,2603073,666386688,666.386688,219,199,137,1,20251021_025153
1760982671.4261458,2603112,666396672,666.396672,223,199,138,1,20251021_025153
1760982671.4361298,2603151,666406656,666.406656,227,200,139,1,20251021_025153
1760982671.4461138,2603190,666416640,666.41664,231,199,138,1,20251021_025153
1760982671.4560978,2603229,666426624,666.426624,234,200,140,1,20251021_025153
1760982671.466082,2603268,666436608,666.436608,238,200,140,1,20251021_025153
1760982671.476066,2603307,666446592,666.446592,241,200,140,1,20251021_025153
1760982671.48605,2603346,666456576,666.456576,244,200,140,1,20251021_025153
1760982671.4960337,2603385,666466560,666.46656,247,200,138,1,20251021_025153
1760982671.5060177,2603424,666476544,666.476544,250,200,139,1,20251021_025153
1760982671.5162578,2603464,666486784,666.486784,253,200,138,1,20251021_025153
1760982671.5262418,2603503,666496768,666.496768,0,200,137,1,20251021_025153
1760982671.5362258,2603542,666506752,666.506752,3,200,135,1,20251021_025153
1760982671.5462098,2603581,666516736,666.516736,6,200,135,1,20251021_025153
1760982671.5561938,2603620,666526720,666.52672,8,200,132,1,20251021_025153
1760982671.5661778,2603659,666536704,666.536704,10,200,131,1,20251021_025153
1760982671.576162,2603698,666546688,666.546688,13,199,128,1,20251021_025153
1760982671.586146,2603737,666556672,666.556672,15,200,127,1,20251021_025153
1760982671.59613,2603776,666566656,666.566656,18,201,127,1,20251021_025153
1760982671.6061137,2603815,666576640,666.57664,20,200,125,1,20251021_025153
1760982671.6160977,2603854,666586624,666.586624,23,200,124,1,20251021_025153
1760982671.6260817,2603893,666596608,666.596608,26,200,118,1,20251021_025153
1760982671.6360655,2603932,666606592,666.606592,29,200,110,1,20251021_025153
1760982671.6460495,2603971,666616576,666.616576,32,200,105,1,20251021_025153
1760982671.6560338,2604010,666626560,666.62656,36,203,102,1,20251021_025153
1760982671.6662738,2604050,666636800,666.6368,40,199,98,1,20251021_025153
1760982671.6762578,2604089,666646784,666.646784,44,200,95,1,20251021_025153
1760982671.686242,2604128,666656768,666.656768,49,200,91,1,20251021_025153
1760982671.696226,2604167,666666752,666.666752,54,199,87,1,20251021_025153
1760982671.70621,2604206,666676736,666.676736,58,200,86,1,20251021_025153
1760982671.7161937,2604245,666686720,666.68672,63,199,85,1,20251021_025153
1760982671.7261777,2604284,666696704,666.696704,68,200,84,1,20251021_025153
1760982671.7361617,2604323,666706688,666.706688,73,200,85,1,20251021_025153
1760982671.7461455,2604362,666716672,666.716672,78,200,86,1,20251021_025153
1760982671.7561295,2604401,666726656,666.726656,82,199,85,1,20251021_025153
1760982671.7661138,2604440,666736640,666.73664,87,200,84,1,20251021_025153
1760982671.7760978,2604479,666746624,666.746624,91,199,85,1,20251021_025153
1760982671.7860818,2604518,666756608,666.756608,95,199,85,1,20251021_025153
1760982671.7960658,2604557,666766592,666.766592,99,199,86,1,20251021_025153
1760982671.806306,2604597,666776832,666.776832,103,199,86,1,20251021_025153
1760982671.8162897,2604636,666786816,666.786816,106,199,86,1,20251021_025153
1760982671.8262737,2604675,666796800,666.7968,110,199,86,1,20251021_025153
1760982671.8362577,2604714,666806784,666.806784,113,199,86,1,20251021_025153
1760982671.8462417,2604753,666816768,666.816768,116,199,86,1,20251021_025153
1760982671.8562255,2604792,666826752,666.826752,119,198,85,1,20251021_025153
1760982671.8662095,2604831,666836736,666.836736,122,198,86,1,20251021_025153
1760982671.8761938,2604870,666846720,666.84672,125,199,88,1,20251021_025153
1760982671.8861778,2604909,666856704,666.856704,128,199,88,1,20251021_025153
1760982671.8961618,2604948,666866688,666.866688,130,198,87,1,20251021_025153
1760982671.9061458,2604987,666876672,666.876672,133,198,90,1,20251021_025153
1760982671.9161298,2605026,666886656,666.886656,135,198,90,1,20251021_025153
1760982671.9261138,2605065,666896640,666.89664,138,199,95,1,20251021_025153
1760982671.936098,2605104,666906624,666.906624,140,199,98,1,20251021_025153
1760982671.946082,2605143,666916608,666.916608,143,199,102,1,20251021_025153
1760982671.9563217,2605183,666926848,666.926848,146,199,108,1,20251021_025153
1760982671.9663055,2605222,666936832,666.936832,149,199,113,1,20251021_025153
1760982671.9762895,2605261,666946816,666.946816,152,199,116,1,20251021_025153
1760982671.9862738,2605300,666956800,666.9568,156,198,120,1,20251021_025153
1760982671.9962578,2605339,666966784,666.966784,160,200,123,1,20251021_025153
1760982672.0062418,2605378,666976768,666.976768,164,200,127,1,20251021_025153
1760982672.0162258,2605417,666986752,666.986752,168,199,129,1,20251021_025153
1760982672.0262098,2605456,666996736,666.996736,173,199,133,1,20251021_025153
1760982672.0361938,2605495,667006720,667.00672,178,199,134,1,20251021_025153
1760982672.046178,2605534,667016704,667.016704,182,199,134,1,20251021_025153
1760982672.056162,2605573,667026688,667.026688,187,199,136,1,20251021_025153
1760982672.066146,2605612,667036672,667.036672,192,199,137,1,20251021_025153
1760982672.0761297,2605651,667046656,667.046656,197,199,137,1,20251021_025153
1760982672.0861137,2605690,667056640,667.05664,202,199,139,1,20251021_025153
1760982672.0960977,2605729,667066624,667.066624,206,199,137,1,20251021_025153
1760982672.1063378,2605769,667076864,667.076864,211,199,138,1,20251021_025153
1760982672.1163218,2605808,667086848,667.086848,215,198,138,1,20251021_025153
1760982672.1263058,2605847,667096832,667.096832,219,199,139,1,20251021_025153
1760982672.1362898,2605886,667106816,667.106816,223,199,140,1,20251021_025153
1760982672.146274,2605925,667116800,667.1168,227,200,140,1,20251021_025153
1760982672.156258,2605964,667126784,667.126784,231,200,140,1,20251021_025153
1760982672.166242,2606003,667136768,667.136768,235,200,141,1,20251021_025153
1760982672.176226,2606042,667146752,667.146752,238,199,140,1,20251021_025153
1760982672.1862097,2606081,667156736,667.156736,241,200,141,1,20251021_025153
1760982672.1961937,2606120,667166720,667.16672,244,200,141,1,20251021_025153
1760982672.2061777,2606159,667176704,667.176704,247,199,141,1,20251021_025153
1760982672.2161615,2606198,667186688,667.186688,250,200,139,1,20251021_025153
1760982672.2261455,2606237,667196672,667.196672,253,200,140,1,20251021_025153
1760982672.2361298,2606276,667206656,667.206656,1,199,141,1,20251021_025153
1760982672.2463698,2606316,667216896,667.216896,3,200,138,1,20251021_025153
1760982672.256354,2606355,667226880,667.22688,6,200,136,1,20251021_025153
1760982672.266338,2606394,667236864,667.236864,8,200,137,1,20251021_025153
1760982672.276322,2606433,667246848,667.246848,10,200,134,1,20251021_025153
1760982672.2863057,2606472,667256832,667.256832,13,200,132,1,20251021_025153
1760982672.2962897,2606511,667266816,667.266816,15,200,129,1,20251021_025153
1760982672.3062737,2606550,667276800,667.2768,18,200,129,1,20251021_025153
1760982672.3162577,2606589,667286784,667.286784,20,200,128,1,20251021_025153
1760982672.3262415,2606628,667296768,667.296768,23,199,127,1,20251021_025153
1760982672.3362255,2606667,667306752,667.306752,25,200,125,1,20251021_025153
1760982672.3462098,2606706,667316736,667.316736,28,199,119,1,20251021_025153
1760982672.3561938,2606745,667326720,667.32672,31,199,112,1,20251021_025153
1760982672.3661778,2606784,667336704,667.336704,34,200,106,1,20251021_025153
1760982672.3761618,2606823,667346688,667.346688,38,200,103,1,20251021_025153
1760982672.386402,2606863,667356928,667.356928,42,200,98,1,20251021_025153
1760982672.3963857,2606902,667366912,667.366912,46,200,94,1,20251021_025153
1760982672.4063697,2606941,667376896,667.376896,51,200,90,1,20251021_025153
1760982672.4163537,2606980,667386880,667.38688,56,200,87,1,20251021_025153
1760982672.4263377,2607019,667396864,667.396864,60,199,84,1,20251021_025153
1760982672.4363215,2607058,667406848,667.406848,65,199,82,1,20251021_025153
1760982672.4463058,2607097,667416832,667.416832,70,200,84,1,20251021_025153
1760982672.4562898,2607136,667426816,667.426816,75,200,84,1,20251021_025153
1760982672.4662738,2607175,667436800,667.4368,80,200,85,1,20251021_025153
1760982672.4762578,2607214,667446784,667.446784,84,199,84,1,20251021_025153
1760982672.4862418,2607253,667456768,667.456768,88,199,85,1,20251021_025153
1760982672.4962258,2607292,667466752,667.466752,93,199,84,1,20251021_025153
1760982672.50621,2607331,667476736,667.476736,97,200,85,1,20251021_025153
1760982672.516194,2607370,667486720,667.48672,100,199,85,1,20251021_025153
1760982672.5264337,2607410,667496960,667.49696,104,199,85,1,20251021_025153
1760982672.5364175,2607449,667506944,667.506944,108,199,85,1,20251021_025153
1760982672.5464015,2607488,667516928,667.516928,111,199,85,1,20251021_025153
1760982672.5563858,2607527,667526912,667.526912,114,199,85,1,20251021_025153
1760982672.5663698,2607566,667536896,667.536896,117,199,86,1,20251021_025153
1760982672.5763538,2607605,667546880,667.54688,120,198,87,1,20251021_025153
1760982672.5863378,2607644,667556864,667.556864,123,199,86,1,20251021_025153
1760982672.5963218,2607683,667566848,667.566848,126,198,86,1,20251021_025153
1760982672.6063058,2607722,667576832,667.576832,129,198,85,1,20251021_025153
1760982672.61629,2607761,667586816,667.586816,131,198,87,1,20251021_025153
1760982672.626274,2607800,667596800,667.5968,134,198,88,1,20251021_025153
1760982672.636258,2607839,667606784,667.606784,136,199,89,1,20251021_025153
1760982672.6462417,2607878,667616768,667.616768,138,198,88,1,20251021_025153
1760982672.6562257,2607917,667626752,667.626752,141,199,91,1,20251021_025153
1760982672.6664658,2607957,667636992,667.636992,143,199,90,1,20251021_025153
1760982672.6764498,2607996,667646976,667.646976,145,199,91,1,20251021_025153
1760982672.6864338,2608035,667656960,667.65696,147,199,92,1,20251021_025153
1760982672.6964178,2608074,667666944,667.666944,150,198,93,1,20251021_025153
1760982672.7064018,2608113,667676928,667.676928,152,198,94,1,20251021_025153
1760982672.7163858,2608152,667686912,667.686912,154,199,97,1,20251021_025153
1760982672.72637,2608191,667696896,667.696896,156,198,99,1,20251021_025153
1760982672.736354,2608230,667706880,667.70688,159,198,103,1,20251021_025153
1760982672.746338,2608269,667716864,667.716864,162,199,108,1,20251021_025153
1760982672.7563217,2608308,667726848,667.726848,165,199,112,1,20251021_025153
1760982672.7663057,2608347,667736832,667.736832,168,198,115,1,20251021_025153
1760982672.7762897,2608386,667746816,667.746816,172,199,120,1,20251021_025153
1760982672.7862737,2608425,667756800,667.7568,176,199,123,1,20251021_025153
1760982672.7962575,2608464,667766784,667.766784,180,199,126,1,20251021_025153
1760982672.8062418,2608503,667776768,667.776768,184,199,127,1,20251021_025153
1760982672.8164818,2608543,667787008,667.787008,188,199,127,1,20251021_025153
1760982672.8264658,2608582,667796992,667.796992,193,198,130,1,20251021_025153
1760982672.83645,2608621,667806976,667.806976,197,199,134,1,20251021_025153
1760982672.846434,2608660,667816960,667.81696,201,199,135,1,20251021_025153
1760982672.856418,2608699,667826944,667.826944,206,199,134,1,20251021_025153
1760982672.8664017,2608738,667836928,667.836928,210,199,137,1,20251021_025153
1760982672.8763857,2608777,667846912,667.846912,215,199,136,1,20251021_025153
1760982672.8863697,2608816,667856896,667.856896,219,199,137,1,20251021_025153
1760982672.8963535,2608855,667866880,667.86688,223,199,138,1,20251021_025153
1760982672.9063375,2608894,667876864,667.876864,227,199,138,1,20251021_025153
1760982672.9163218,2608933,667886848,667.886848,231,199,138,1,20251021_025153
1760982672.9263058,2608972,667896832,667.896832,234,199,138,1,20251021_025153
1760982672.9365458,2609012,667907072,667.907072,238,200,140,1,20251021_025153
1760982672.94653,2609051,667917056,667.917056,241,200,140,1,20251021_025153
1760982672.956514,2609090,667927040,667.92704,244,200,140,1,20251021_025153
1760982672.966498,2609129,667937024,667.937024,247,200,140,1,20251021_025153
1760982672.9764817,2609168,667947008,667.947008,250,200,139,1,20251021_025153
1760982672.9864657,2609207,667956992,667.956992,253,200,138,1,20251021_025153
1760982672.9964497,2609246,667966976,667.966976,0,200,137,1,20251021_025153
1760982673.0064335,2609285,667976960,667.97696,3,199,137,1,20251021_025153
1760982673.0164175,2609324,667986944,667.986944,5,200,136,1,20251021_025153
1760982673.0264018,2609363,667996928,667.996928,8,200,134,1,20251021_025153
1760982673.0363858,2609402,668006912,668.006912,10,201,133,1,20251021_025153
1760982673.0463698,2609441,668016896,668.016896,13,200,134,1,20251021_025153
1760982673.0563538,2609480,668026880,668.02688,15,200,130,1,20251021_025153
1760982673.0663378,2609519,668036864,668.036864,17,200,129,1,20251021_025153
1760982673.0765777,2609559,668047104,668.047104,20,200,129,1,20251021_025153
1760982673.0865617,2609598,668057088,668.057088,22,200,127,1,20251021_025153
1760982673.0965457,2609637,668067072,668.067072,25,200,127,1,20251021_025153
1760982673.1065297,2609676,668077056,668.077056,27,201,127,1,20251021_025153
1760982673.1165135,2609715,668087040,668.08704,29,200,122,1,20251021_025153
1760982673.1264975,2609754,668097024,668.097024,32,200,115,1,20251021_025153
1760982673.1364818,2609793,668107008,668.107008,35,200,110,1,20251021_025153
1760982673.1464658,2609832,668116992,668.116992,39,200,104,1,20251021_025153
1760982673.1564498,2609871,668126976,668.126976,43,200,100,1,20251021_025153
1760982673.1664338,2609910,668136960,668.13696,47,201,96,1,20251021_025153
1760982673.1764178,2609949,668146944,668.146944,51,200,94,1,20251021_025153
1760982673.1864018,2609988,668156928,668.156928,56,200,90,1,20251021_025153
1760982673.196386,2610027,668166912,668.166912,61,200,88,1,20251021_025153
1760982673.20637,2610066,668176896,668.176896,66,200,86,1,20251021_025153
1760982673.2166097,2610106,668187136,668.187136,71,199,83,1,20251021_025153
1760982673.2265935,2610145,668197120,668.19712,75,200,84,1,20251021_025153
1760982673.2365775,2610184,668207104,668.207104,80,199,84,1,20251021_025153
1760982673.2465618,2610223,668217088,668.217088,84,199,85,1,20251021_025153
1760982673.2565458,2610262,668227072,668.227072,89,200,85,1,20251021_025153
1760982673.2665298,2610301,668237056,668.237056,93,200,85,1,20251021_025153
1760982673.2765138,2610340,668247040,668.24704,97,200,85,1,20251021_025153
1760982673.2864978,2610379,668257024,668.257024,101,200,86,1,20251021_025153
1760982673.2964818,2610418,668267008,668.267008,104,199,86,1,20251021_025153
1760982673.306466,2610457,668276992,668.276992,108,199,86,1,20251021_025153
1760982673.31645,2610496,668286976,668.286976,111,199,86,1,20251021_025153
1760982673.326434,2610535,668296960,668.29696,115,199,86,1,20251021_025153
1760982673.3364177,2610574,668306944,668.306944,118,198,83,1,20251021_025153
1760982673.3464017,2610613,668316928,668.316928,121,198,85,1,20251021_025153
1760982673.3566418,2610653,668327168,668.327168,124,198,87,1,20251021_025153
1760982673.3666258,2610692,668337152,668.337152,126,199,88,1,20251021_025153
1760982673.3766098,2610731,668347136,668.347136,129,199,88,1,20251021_025153
1760982673.3865938,2610770,668357120,668.35712,131,198,89,1,20251021_025153
1760982673.3965778,2610809,668367104,668.367104,134,199,91,1,20251021_025153
1760982673.406562,2610848,668377088,668.377088,137,199,93,1,20251021_025153
1760982673.416546,2610887,668387072,668.387072,139,198,96,1,20251021_025153
1760982673.42653,2610926,668397056,668.397056,142,199,101,1,20251021_025153
1760982673.436514,2610965,668407040,668.40704,145,200,108,1,20251021_025153
1760982673.4464977,2611004,668417024,668.417024,148,199,112,1,20251021_025153
1760982673.4564817,2611043,668427008,668.427008,151,199,116,1,20251021_025153
1760982673.4664657,2611082,668436992,668.436992,154,198,119,1,20251021_025153
1760982673.4764495,2611121,668446976,668.446976,158,199,124,1,20251021_025153
1760982673.4864335,2611160,668456960,668.45696,162,199,126,1,20251021_025153
1760982673.4964178,2611199,668466944,668.466944,166,199,127,1,20251021_025153
1760982673.5066578,2611239,668477184,668.477184,171,198,132,1,20251021_025153
1760982673.516642,2611278,668487168,668.487168,176,198,134,1,20251021_025153
1760982673.526626,2611317,668497152,668.497152,180,199,135,1,20251021_025153
1760982673.53661,2611356,668507136,668.507136,185,198,135,1,20251021_025153
1760982673.5465937,2611395,668517120,668.51712,190,199,136,1,20251021_025153
1760982673.5565777,2611434,668527104,668.527104,195,199,137,1,20251021_025153
1760982673.5665617,2611473,668537088,668.537088,199,199,137,1,20251021_025153
1760982673.5765457,2611512,668547072,668.547072,204,199,138,1,20251021_025153
1760982673.5865295,2611551,668557056,668.557056,208,199,138,1,20251021_025153
1760982673.5965135,2611590,668567040,668.56704,213,199,139,1,20251021_025153
1760982673.6064978,2611629,668577024,668.577024,217,199,138,1,20251021_025153
1760982673.6164818,2611668,668587008,668.587008,221,199,139,1,20251021_025153
1760982673.6264658,2611707,668596992,668.596992,225,200,140,1,20251021_025153
1760982673.6364498,2611746,668606976,668.606976,229,199,140,1,20251021_025153
1760982673.64669,2611786,668617216,668.617216,233,200,140,1,20251021_025153
1760982673.6566737,2611825,668627200,668.6272,236,200,141,1,20251021_025153
1760982673.6666577,2611864,668637184,668.637184,240,200,141,1,20251021_025153
1760982673.6766417,2611903,668647168,668.647168,243,200,141,1,20251021_025153
1760982673.6866257,2611942,668657152,668.657152,246,200,142,1,20251021_025153
1760982673.6966095,2611981,668667136,668.667136,249,200,141,1,20251021_025153
1760982673.7065938,2612020,668677120,668.67712,252,201,141,1,20251021_025153
1760982673.7165778,2612059,668687104,668.687104,254,200,140,1,20251021_025153
1760982673.7265618,2612098,668697088,668.697088,2,200,139,1,20251021_025153
1760982673.7365458,2612137,668707072,668.707072,4,200,138,1,20251021_025153
1760982673.7465298,2612176,668717056,668.717056,7,200,137,1,20251021_025153
1760982673.7565138,2612215,668727040,668.72704,9,200,135,1,20251021_025153
1760982673.766498,2612254,668737024,668.737024,12,200,134,1,20251021_025153
1760982673.7767377,2612294,668747264,668.747264,14,200,134,1,20251021_025153
1760982673.7867217,2612333,668757248,668.757248,16,200,131,1,20251021_025153
1760982673.7967055,2612372,668767232,668.767232,19,200,131,1,20251021_025153
1760982673.8066895,2612411,668777216,668.777216,21,200,128,1,20251021_025153
1760982673.8166738,2612450,668787200,668.7872,23,200,127,1,20251021_025153
1760982673.8266578,2612489,668797184,668.797184,26,200,127,1,20251021_025153
1760982673.8366418,2612528,668807168,668.807168,28,200,119,1,20251021_025153
1760982673.8466258,2612567,668817152,668.817152,31,201,114,1,20251021_025153
1760982673.856866,2612607,668827392,668.827392,35,201,107,1,20251021_025153
1760982673.86685,2612646,668837376,668.837376,39,200,103,1,20251021_025153
1760982673.8768337,2612685,668847360,668.84736,43,200,98,1,20251021_025153
1760982673.8868177,2612724,668857344,668.857344,47,200,94,1,20251021_025153
1760982673.8968017,2612763,668867328,668.867328,52,200,91,1,20251021_025153
1760982673.9067855,2612802,668877312,668.877312,56,200,88,1,20251021_025153
1760982673.9167695,2612841,668887296,668.887296,61,200,86,1,20251021_025153
1760982673.9270098,2612881,668897536,668.897536,66,200,83,1,20251021_025153
1760982673.9369938,2612920,668907520,668.90752,71,200,84,1,20251021_025153
1760982673.946978,2612959,668917504,668.917504,76,200,85,1,20251021_025153
1760982673.956962,2612998,668927488,668.927488,80,200,85,1,20251021_025153
1760982673.966946,2613037,668937472,668.937472,85,200,85,1,20251021_025153
1760982673.9769297,2613076,668947456,668.947456,89,200,86,1,20251021_025153
1760982673.9869137,2613115,668957440,668.95744,93,200,85,1,20251021_025153
1760982673.9971538,2613155,668967680,668.96768,97,200,86,1,20251021_025153
1760982674.0071378,2613194,668977664,668.977664,101,199,85,1,20251021_025153
1760982674.0171218,2613233,668987648,668.987648,105,200,86,1,20251021_025153
1760982674.0271058,2613272,668997632,668.997632,108,199,86,1,20251021_025153
1760982674.0370898,2613311,669007616,669.007616,112,198,86,1,20251021_025153
1760982674.0470738,2613350,669017600,669.0176,115,198,85,1,20251021_025153
1760982674.057058,2613389,669027584,669.027584,118,198,85,1,20251021_025153
1760982674.067042,2613428,669037568,669.037568,121,199,86,1,20251021_025153
1760982674.077026,2613467,669047552,669.047552,124,198,87,1,20251021_025153
1760982674.0870097,2613506,669057536,669.057536,127,199,88,1,20251021_025153
1760982674.0972495,2613546,669067776,669.067776,129,199,89,1,20251021_025153
1760982674.1072338,2613585,669077760,669.07776,132,198,87,1,20251021_025153
1760982674.1172178,2613624,669087744,669.087744,134,199,87,1,20251021_025153
1760982674.1272018,2613663,669097728,669.097728,137,199,89,1,20251021_025153
1760982674.1371858,2613702,669107712,669.107712,139,199,89,1,20251021_025153
1760982674.1471698,2613741,669117696,669.117696,141,199,90,1,20251021_025153
1760982674.1571538,2613780,669127680,669.12768,143,199,91,1,20251021_025153
1760982674.167138,2613819,669137664,669.137664,146,199,91,1,20251021_025153
1760982674.177122,2613858,669147648,669.147648,148,199,91,1,20251021_025153
1760982674.187106,2613897,669157632,669.157632,150,199,92,1,20251021_025153
1760982674.1970897,2613936,669167616,669.167616,152,199,93,1,20251021_025153
1760982674.2070737,2613975,669177600,669.1776,154,199,96,1,20251021_025153
1760982674.2170577,2614014,669187584,669.187584,157,199,98,1,20251021_025153
1760982674.2270415,2614053,669197568,669.197568,159,199,101,1,20251021_025153
1760982674.2370255,2614092,669207552,669.207552,162,199,105,1,20251021_025153
1760982674.2472658,2614132,669217792,669.217792,165,199,110,1,20251021_025153
1760982674.2572498,2614171,669227776,669.227776,168,199,113,1,20251021_025153
1760982674.2672338,2614210,669237760,669.23776,171,199,113,1,20251021_025153
1760982674.277218,2614249,669247744,669.247744,175,199,119,1,20251021_025153
1760982674.287202,2614288,669257728,669.257728,178,198,122,1,20251021_025153
1760982674.297186,2614327,669267712,669.267712,182,199,126,1,20251021_025153
1760982674.3071697,2614366,669277696,669.277696,187,198,127,1,20251021_025153
1760982674.3171537,2614405,669287680,669.28768,191,199,129,1,20251021_025153
1760982674.3271377,2614444,669297664,669.297664,195,199,133,1,20251021_025153
1760982674.3371215,2614483,669307648,669.307648,200,199,134,1,20251021_025153
1760982674.3471055,2614522,669317632,669.317632,204,199,134,1,20251021_025153
1760982674.3570898,2614561,669327616,669.327616,209,199,135,1,20251021_025153
1760982674.3670738,2614600,669337600,669.3376,213,200,137,1,20251021_025153
1760982674.3770578,2614639,669347584,669.347584,217,199,136,1,20251021_025153
1760982674.3870418,2614678,669357568,669.357568,221,199,137,1,20251021_025153
1760982674.397282,2614718,669367808,669.367808,225,200,138,1,20251021_025153
1760982674.4072657,2614757,669377792,669.377792,229,199,138,1,20251021_025153
1760982674.4172497,2614796,669387776,669.387776,233,200,139,1,20251021_025153
1760982674.4272337,2614835,669397760,669.39776,236,200,139,1,20251021_025153
1760982674.4372177,2614874,669407744,669.407744,240,200,140,1,20251021_025153
1760982674.4472015,2614913,669417728,669.417728,243,200,140,1,20251021_025153
1760982674.4571855,2614952,669427712,669.427712,246,200,138,1,20251021_025153
1760982674.4671698,2614991,669437696,669.437696,249,200,139,1,20251021_025153
1760982674.4771538,2615030,669447680,669.44768,252,201,140,1,20251021_025153
1760982674.4871378,2615069,669457664,669.457664,254,200,138,1,20251021_025153
1760982674.4971218,2615108,669467648,669.467648,2,200,137,1,20251021_025153
1760982674.5071058,2615147,669477632,669.477632,4,200,135,1,20251021_025153
1760982674.5170898,2615186,669487616,669.487616,7,200,135,1,20251021_025153
1760982674.527074,2615225,669497600,669.4976,9,200,134,1,20251021_025153
1760982674.5373137,2615265,669507840,669.50784,12,200,131,1,20251021_025153
1760982674.5472977,2615304,669517824,669.517824,14,200,130,1,20251021_025153
1760982674.5572815,2615343,669527808,669.527808,17,201,128,1,20251021_025153
1760982674.5672655,2615382,669537792,669.537792,19,201,127,1,20251021_025153
1760982674.5772498,2615421,669547776,669.547776,22,200,126,1,20251021_025153
1760982674.5872338,2615460,669557760,669.55776,24,201,124,1,20251021_025153
1760982674.5972178,2615499,669567744,669.567744,27,199,114,1,20251021_025153
1760982674.6072018,2615538,669577728,669.577728,30,200,109,1,20251021_025153
1760982674.6171858,2615577,669587712,669.587712,34,200,103,1,20251021_025153
1760982674.6271698,2615616,669597696,669.597696,38,200,100,1,20251021_025153
1760982674.637154,2615655,669607680,669.60768,42,199,96,1,20251021_025153
1760982674.647138,2615694,669617664,669.617664,47,200,92,1,20251021_025153
1760982674.6573775,2615734,669627904,669.627904,51,199,90,1,20251021_025153
1760982674.6673615,2615773,669637888,669.637888,56,200,88,1,20251021_025153
1760982674.6773458,2615812,669647872,669.647872,61,200,85,1,20251021_025153
1760982674.6873298,2615851,669657856,669.657856,66,200,83,1,20251021_025153
1760982674.6973138,2615890,669667840,669.66784,71,200,84,1,20251021_025153
1760982674.7072978,2615929,669677824,669.677824,76,200,85,1,20251021_025153
1760982674.7172818,2615968,669687808,669.687808,80,200,84,1,20251021_025153
1760982674.727522,2616008,669698048,669.698048,85,199,85,1,20251021_025153
1760982674.7375057,2616047,669708032,669.708032,89,199,86,1,20251021_025153
1760982674.7474897,2616086,669718016,669.718016,93,200,85,1,20251021_025153
1760982674.7574737,2616125,669728000,669.728,97,199,83,1,20251021_025153
1760982674.7674575,2616164,669737984,669.737984,101,199,84,1,20251021_025153
1760982674.7774415,2616203,669747968,669.747968,105,199,83,1,20251021_025153
1760982674.7874258,2616242,669757952,669.757952,108,199,85,1,20251021_025153
1760982674.7974098,2616281,669767936,669.767936,112,198,87,1,20251021_025153
1760982674.8073938,2616320,669777920,669.77792,115,199,86,1,20251021_025153
1760982674.8173778,2616359,669787904,669.787904,118,198,85,1,20251021_025153
1760982674.8273618,2616398,669797888,669.797888,121,199,86,1,20251021_025153
1760982674.837602,2616438,669808128,669.808128,124,198,87,1,20251021_025153
1760982674.8475857,2616477,669818112,669.818112,126,199,88,1,20251021_025153
1760982674.8575697,2616516,669828096,669.828096,129,199,88,1,20251021_025153
1760982674.8675537,2616555,669838080,669.83808,132,199,89,1,20251021_025153
1760982674.8775375,2616594,669848064,669.848064,134,198,91,1,20251021_025153
1760982674.8875215,2616633,669858048,669.858048,137,199,93,1,20251021_025153
1760982674.8975058,2616672,669868032,669.868032,139,198,97,1,20251021_025153
1760982674.9074898,2616711,669878016,669.878016,142,198,102,1,20251021_025153
1760982674.9174738,2616750,669888000,669.888,145,199,109,1,20251021_025153
1760982674.9274578,2616789,669897984,669.897984,148,198,112,1,20251021_025153
1760982674.9374418,2616828,669907968,669.907968,151,199,116,1,20251021_025153
1760982674.9474258,2616867,669917952,669.917952,155,199,122,1,20251021_025153
1760982674.95741,2616906,669927936,669.927936,159,199,124,1,20251021_025153
1760982674.967394,2616945,669937920,669.93792,163,199,126,1,20251021_025153
1760982674.977378,2616984,669947904,669.947904,167,199,127,1,20251021_025153
1760982674.9876175,2617024,669958144,669.958144,171,199,133,1,20251021_025153
1760982674.9976015,2617063,669968128,669.968128,176,199,134,1,20251021_025153
1760982675.0075858,2617102,669978112,669.978112,181,199,134,1,20251021_025153
1760982675.0175698,2617141,669988096,669.988096,186,199,136,1,20251021_025153
1760982675.0275538,2617180,669998080,669.99808,190,199,136,1,20251021_025153
1760982675.0375378,2617219,670008064,670.008064,195,198,136,1,20251021_025153
1760982675.0475218,2617258,670018048,670.018048,200,199,137,1,20251021_025153
1760982675.0575058,2617297,670028032,670.028032,204,199,138,1,20251021_025153
1760982675.06749,2617336,670038016,670.038016,209,199,138,1,20251021_025153
1760982675.077474,2617375,670048000,670.048,213,199,140,1,20251021_025153
1760982675.087458,2617414,670057984,670.057984,218,200,140,1,20251021_025153
1760982675.0974417,2617453,670067968,670.067968,222,199,139,1,20251021_025153
1760982675.1074257,2617492,670077952,670.077952,226,200,139,1,20251021_025153
1760982675.1174097,2617531,670087936,670.087936,229,199,140,1,20251021_025153
1760982675.1276498,2617571,670098176,670.098176,233,200,140,1,20251021_025153
1760982675.1376338,2617610,670108160,670.10816,237,200,140,1,20251021_025153
1760982675.1476178,2617649,670118144,670.118144,240,200,140,1,20251021_025153
1760982675.1576018,2617688,670128128,670.128128,243,200,140,1,20251021_025153
1760982675.1675858,2617727,670138112,670.138112,246,200,140,1,20251021_025153
1760982675.17757,2617766,670148096,670.148096,249,200,140,1,20251021_025153
1760982675.187554,2617805,670158080,670.15808,252,200,140,1,20251021_025153
1760982675.197538,2617844,670168064,670.168064,0,200,141,1,20251021_025153
1760982675.2075217,2617883,670178048,670.178048,2,200,139,1,20251021_025153
1760982675.2175057,2617922,670188032,670.188032,5,200,138,1,20251021_025153
1760982675.2274897,2617961,670198016,670.198016,7,200,137,1,20251021_025153
1760982675.2374735,2618000,670208000,670.208,9,200,136,1,20251021_025153
1760982675.2474575,2618039,670217984,670.217984,12,200,134,1,20251021_025153
1760982675.2574418,2618078,670227968,670.227968,14,201,132,1,20251021_025153
1760982675.2674258,2618117,670237952,670.237952,16,200,129,1,20251021_025153
1760982675.277666,2618157,670248192,670.248192,19,201,127,1,20251021_025153
1760982675.28765,2618196,670258176,670.258176,21,200,127,1,20251021_025153
1760982675.297634,2618235,670268160,670.26816,24,200,124,1,20251021_025153
1760982675.3076177,2618274,670278144,670.278144,26,200,122,1,20251021_025153
1760982675.3176017,2618313,670288128,670.288128,29,200,116,1,20251021_025153
1760982675.3275857,2618352,670298112,670.298112,32,200,111,1,20251021_025153
1760982675.3375697,2618391,670308096,670.308096,36,200,106,1,20251021_025153
1760982675.3475535,2618430,670318080,670.31808,39,200,102,1,20251021_025153
1760982675.3575375,2618469,670328064,670.328064,44,199,99,1,20251021_025153
1760982675.3675218,2618508,670338048,670.338048,48,200,96,1,20251021_025153
1760982675.3775058,2618547,670348032,670.348032,52,200,90,1,20251021_025153
1760982675.3874898,2618586,670358016,670.358016,57,200,87,1,20251021_025153
1760982675.3974738,2618625,670368000,670.368,62,200,86,1,20251021_025153
1760982675.4074578,2618664,670377984,670.377984,67,200,83,1,20251021_025153
1760982675.4176977,2618704,670388224,670.388224,72,200,85,1,20251021_025153
1760982675.4276817,2618743,670398208,670.398208,76,199,85,1,20251021_025153
1760982675.4376657,2618782,670408192,670.408192,81,200,85,1,20251021_025153
1760982675.4476497,2618821,670418176,670.418176,85,200,83,1,20251021_025153
1760982675.4576335,2618860,670428160,670.42816,90,200,85,1,20251021_025153
1760982675.4676178,2618899,670438144,670.438144,94,199,84,1,20251021_025153
1760982675.4776018,2618938,670448128,670.448128,98,199,85,1,20251021_025153
1760982675.4875858,2618977,670458112,670.458112,102,199,83,1,20251021_025153
1760982675.4975698,2619016,670468096,670.468096,105,199,85,1,20251021_025153
1760982675.5075538,2619055,670478080,670.47808,109,198,84,1,20251021_025153
1760982675.5175378,2619094,670488064,670.488064,112,198,85,1,20251021_025153
1760982675.5275218,2619133,670498048,670.498048,115,199,85,1,20251021_025153
1760982675.537506,2619172,670508032,670.508032,118,199,86,1,20251021_025153
1760982675.54749,2619211,670518016,670.518016,121,199,86,1,20251021_025153
1760982675.557474,2619250,670528000,670.528,124,198,85,1,20251021_025153
1760982675.5677135,2619290,670538240,670.53824,127,199,86,1,20251021_025153
1760982675.5776978,2619329,670548224,670.548224,129,199,86,1,20251021_025153
1760982675.5876818,2619368,670558208,670.558208,132,199,87,1,20251021_025153
1760982675.5976658,2619407,670568192,670.568192,134,199,88,1,20251021_025153
1760982675.6076498,2619446,670578176,670.578176,137,199,88,1,20251021_025153
1760982675.6176338,2619485,670588160,670.58816,139,198,88,1,20251021_025153
1760982675.6276178,2619524,670598144,670.598144,141,199,90,1,20251021_025153
1760982675.637602,2619563,670608128,670.608128,144,198,91,1,20251021_025153
1760982675.647586,2619602,670618112,670.618112,146,199,91,1,20251021_025153
1760982675.65757,2619641,670628096,670.628096,148,199,93,1,20251021_025153
1760982675.6675537,2619680,670638080,670.63808,150,199,93,1,20251021_025153
1760982675.6775377,2619719,670648064,670.648064,152,198,94,1,20251021_025153
1760982675.6875217,2619758,670658048,670.658048,155,199,97,1,20251021_025153
1760982675.6975057,2619797,670668032,670.668032,157,199,100,1,20251021_025153
1760982675.7077458,2619837,670678272,670.678272,160,199,102,1,20251021_025153
1760982675.7177298,2619876,670688256,670.688256,162,198,107,1,20251021_025153
1760982675.7277138,2619915,670698240,670.69824,166,199,112,1,20251021_025153
1760982675.7376978,2619954,670708224,670.708224,169,199,115,1,20251021_025153
1760982675.747682,2619993,670718208,670.718208,172,199,118,1,20251021_025153
1760982675.757666,2620032,670728192,670.728192,176,199,121,1,20251021_025153
1760982675.76765,2620071,670738176,670.738176,180,199,123,1,20251021_025153
1760982675.7776337,2620110,670748160,670.74816,184,199,126,1,20251021_025153
1760982675.7876177,2620149,670758144,670.758144,188,198,127,1,20251021_025153
1760982675.7976017,2620188,670768128,670.768128,192,199,130,1,20251021_025153
1760982675.8075857,2620227,670778112,670.778112,197,199,134,1,20251021_025153
1760982675.8175695,2620266,670788096,670.788096,201,199,134,1,20251021_025153
1760982675.8275535,2620305,670798080,670.79808,206,200,136,1,20251021_025153
1760982675.8375378,2620344,670808064,670.808064,210,199,136,1,20251021_025153
1760982675.8475218,2620383,670818048,670.818048,215,200,137,1,20251021_025153
1760982675.857762,2620423,670828288,670.828288,219,199,136,1,20251021_025153
1760982675.867746,2620462,670838272,670.838272,223,199,138,1,20251021_025153
1760982675.87773,2620501,670848256,670.848256,227,200,138,1,20251021_025153
1760982675.8877137,2620540,670858240,670.85824,231,200,139,1,20251021_025153
1760982675.8976977,2620579,670868224,670.868224,234,200,139,1,20251021_025153
1760982675.9076817,2620618,670878208,670.878208,238,200,140,1,20251021_025153
1760982675.9176655,2620657,670888192,670.888192,241,200,139,1,20251021_025153
1760982675.9276495,2620696,670898176,670.898176,244,200,140,1,20251021_025153
1760982675.9376338,2620735,670908160,670.90816,247,200,140,1,20251021_025153
1760982675.9476178,2620774,670918144,670.918144,250,199,141,1,20251021_025153
1760982675.9576018,2620813,670928128,670.928128,253,200,140,1,20251021_025153
1760982675.9675858,2620852,670938112,670.938112,0,200,139,1,20251021_025153
1760982675.9775698,2620891,670948096,670.948096,3,200,138,1,20251021_025153
1760982675.9875538,2620930,670958080,670.95808,5,200,138,1,20251021_025153
1760982675.997538,2620969,670968064,670.968064,8,200,136,1,20251021_025153
1760982676.0077777,2621009,670978304,670.978304,10,200,136,1,20251021_025153
1760982676.0177617,2621048,670988288,670.988288,12,200,134,1,20251021_025153
1760982676.0277455,2621087,670998272,670.998272,15,200,132,1,20251021_025153
1760982676.0377295,2621126,671008256,671.008256,17,200,130,1,20251021_025153
1760982676.0477138,2621165,671018240,671.01824,19,200,129,1,20251021_025153
1760982676.0576978,2621204,671028224,671.028224,22,200,127,1,20251021_025153
1760982676.0676818,2621243,671038208,671.038208,24,201,127,1,20251021_025153
1760982676.0776658,2621282,671048192,671.048192,27,200,125,1,20251021_025153
1760982676.0876498,2621321,671058176,671.058176,29,200,121,1,20251021_025153
1760982676.0976338,2621360,671068160,671.06816,32,200,114,1,20251021_025153
1760982676.107618,2621399,671078144,671.078144,35,200,108,1,20251021_025153
1760982676.117602,2621438,671088128,671.088128,39,200,103,1,20251021_025153
1760982676.127586,2621477,671098112,671.098112,43,200,99,1,20251021_025153
1760982676.1375697,2621516,671108096,671.108096,47,200,94,1,20251021_025153
1760982676.1475537,2621555,671118080,671.11808,52,200,91,1,20251021_025153
1760982676.1577938,2621595,671128320,671.12832,56,199,89,1,20251021_025153
1760982676.1677778,2621634,671138304,671.138304,61,200,87,1,20251021_025153
1760982676.1777618,2621673,671148288,671.148288,66,200,85,1,20251021_025153
1760982676.1877458,2621712,671158272,671.158272,71,200,84,1,20251021_025153
1760982676.1977298,2621751,671168256,671.168256,76,199,84,1,20251021_025153
1760982676.2077138,2621790,671178240,671.17824,80,199,85,1,20251021_025153
1760982676.217698,2621829,671188224,671.188224,85,200,85,1,20251021_025153
1760982676.227682,2621868,671198208,671.198208,89,199,84,1,20251021_025153
1760982676.237666,2621907,671208192,671.208192,93,199,85,1,20251021_025153
1760982676.2476497,2621946,671218176,671.218176,97,199,84,1,20251021_025153
1760982676.2576337,2621985,671228160,671.22816,101,198,84,1,20251021_025153
1760982676.2676177,2622024,671238144,671.238144,105,199,85,1,20251021_025153
1760982676.2776017,2622063,671248128,671.248128,108,199,87,1,20251021_025153
1760982676.2875855,2622102,671258112,671.258112,112,199,85,1,20251021_025153
1760982676.2978258,2622142,671268352,671.268352,115,199,86,1,20251021_025153
1760982676.3078098,2622181,671278336,671.278336,118,198,86,1,20251021_025153
1760982676.3177938,2622220,671288320,671.28832,121,199,86,1,20251021_025153
1760982676.327778,2622259,671298304,671.298304,124,198,86,1,20251021_025153
1760982676.337762,2622298,671308288,671.308288,126,198,87,1,20251021_025153
1760982676.347746,2622337,671318272,671.318272,129,198,87,1,20251021_025153
1760982676.3577297,2622376,671328256,671.328256,132,199,88,1,20251021_025153
1760982676.3677137,2622415,671338240,671.33824,134,199,89,1,20251021_025153
1760982676.3776977,2622454,671348224,671.348224,137,199,90,1,20251021_025153
1760982676.3876815,2622493,671358208,671.358208,139,199,89,1,20251021_025153
1760982676.3976655,2622532,671368192,671.368192,141,199,91,1,20251021_025153
1760982676.4076498,2622571,671378176,671.378176,144,199,92,1,20251021_025153
1760982676.4176338,2622610,671388160,671.38816,146,199,93,1,20251021_025153
1760982676.4276178,2622649,671398144,671.398144,148,199,94,1,20251021_025153
1760982676.4376018,2622688,671408128,671.408128,150,198,95,1,20251021_025153
1760982676.447842,2622728,671418368,671.418368,153,199,99,1,20251021_025153
1760982676.457826,2622767,671428352,671.428352,155,199,101,1,20251021_025153
1760982676.4678097,2622806,671438336,671.438336,158,198,104,1,20251021_025153
1760982676.4777937,2622845,671448320,671.44832,161,198,110,1,20251021_025153
1760982676.4877777,2622884,671458304,671.458304,164,199,113,1,20251021_025153
1760982676.4977615,2622923,671468288,671.468288,168,199,116,1,20251021_025153
1760982676.5077455,2622962,671478272,671.478272,171,198,119,1,20251021_025153
1760982676.5177298,2623001,671488256,671.488256,175,199,124,1,20251021_025153
1760982676.5277138,2623040,671498240,671.49824,179,199,127,1,20251021_025153
1760982676.5376978,2623079,671508224,671.508224,183,199,127,1,20251021_025153
1760982676.5476818,2623118,671518208,671.518208,188,199,127,1,20251021_025153
1760982676.5576658,2623157,671528192,671.528192,192,199,133,1,20251021_025153
1760982676.5676498,2623196,671538176,671.538176,197,199,134,1,20251021_025153
1760982676.577634,2623235,671548160,671.54816,201,198,134,1,20251021_025153
1760982676.587618,2623274,671558144,671.558144,206,199,135,1,20251021_025153
1760982676.5978577,2623314,671568384,671.568384,210,199,137,1,20251021_025153
1760982676.6078415,2623353,671578368,671.578368,214,199,136,1,20251021_025153
1760982676.6178255,2623392,671588352,671.588352,219,199,138,1,20251021_025153
1760982676.6278098,2623431,671598336,671.598336,223,199,138,1,20251021_025153
1760982676.6377938,2623470,671608320,671.60832,227,199,138,1,20251021_025153
1760982676.6477778,2623509,671618304,671.618304,230,199,138,1,20251021_025153
1760982676.6577618,2623548,671628288,671.628288,234,200,140,1,20251021_025153
1760982676.6677458,2623587,671638272,671.638272,237,200,140,1,20251021_025153
1760982676.6777298,2623626,671648256,671.648256,241,200,140,1,20251021_025153
1760982676.687714,2623665,671658240,671.65824,244,200,140,1,20251021_025153
1760982676.697698,2623704,671668224,671.668224,247,200,139,1,20251021_025153
1760982676.707682,2623743,671678208,671.678208,250,200,140,1,20251021_025153
1760982676.7176657,2623782,671688192,671.688192,253,200,139,1,20251021_025153
1760982676.7276497,2623821,671698176,671.698176,0,200,138,1,20251021_025153
1760982676.7378898,2623861,671708416,671.708416,3,200,138,1,20251021_025153
1760982676.7478738,2623900,671718400,671.7184,5,200,136,1,20251021_025153
1760982676.7578578,2623939,671728384,671.728384,8,200,135,1,20251021_025153
1760982676.7678418,2623978,671738368,671.738368,10,200,134,1,20251021_025153
1760982676.7778258,2624017,671748352,671.748352,12,200,132,1,20251021_025153
1760982676.7878098,2624056,671758336,671.758336,15,201,131,1,20251021_025153
1760982676.797794,2624095,671768320,671.76832,17,200,129,1,20251021_025153
1760982676.807778,2624134,671778304,671.778304,20,200,127,1,20251021_025153
1760982676.817762,2624173,671788288,671.788288,22,200,127,1,20251021_025153
1760982676.8277457,2624212,671798272,671.798272,25,201,126,1,20251021_025153
1760982676.8377297,2624251,671808256,671.808256,27,200,119,1,20251021_025153
1760982676.8477137,2624290,671818240,671.81824,30,200,115,1,20251021_025153
1760982676.8576975,2624329,671828224,671.828224,33,200,110,1,20251021_025153
1760982676.8676815,2624368,671838208,671.838208,37,200,107,1,20251021_025153
1760982676.8776658,2624407,671848192,671.848192,40,200,103,1,20251021_025153
1760982676.8879058,2624447,671858432,671.858432,44,200,100,1,20251021_025153
1760982676.89789,2624486,671868416,671.868416,48,200,95,1,20251021_025153
1760982676.907874,2624525,671878400,671.8784,53,200,92,1,20251021_025153
1760982676.917858,2624564,671888384,671.888384,58,200,88,1,20251021_025153
1760982676.9278417,2624603,671898368,671.898368,62,201,87,1,20251021_025153
1760982676.9378257,2624642,671908352,671.908352,67,200,84,1,20251021_025153
1760982676.9478097,2624681,671918336,671.918336,72,199,84,1,20251021_025153
1760982676.9577937,2624720,671928320,671.92832,77,199,83,1,20251021_025153
1760982676.9677775,2624759,671938304,671.938304,81,200,85,1,20251021_025153
1760982676.9777615,2624798,671948288,671.948288,86,199,85,1,20251021_025153
1760982676.9877458,2624837,671958272,671.958272,90,199,85,1,20251021_025153
1760982676.9977298,2624876,671968256,671.968256,94,199,86,1,20251021_025153
1760982677.0077138,2624915,671978240,671.97824,98,199,85,1,20251021_025153
1760982677.0176978,2624954,671988224,671.988224,102,199,86,1,20251021_025153
1760982677.027938,2624994,671998464,671.998464,106,199,86,1,20251021_025153
1760982677.0379217,2625033,672008448,672.008448,109,198,84,1,20251021_025153
1760982677.0479057,2625072,672018432,672.018432,112,199,86,1,20251021_025153
1760982677.0578897,2625111,672028416,672.028416,116,198,85,1,20251021_025153
1760982677.0678737,2625150,672038400,672.0384,119,200,86,1,20251021_025153
1760982677.0778575,2625189,672048384,672.048384,122,199,87,1,20251021_025153
1760982677.0878415,2625228,672058368,672.058368,124,199,86,1,20251021_025153
1760982677.0978258,2625267,672068352,672.068352,127,199,88,1,20251021_025153
1760982677.1078098,2625306,672078336,672.078336,130,199,89,1,20251021_025153
1760982677.1177938,2625345,672088320,672.08832,132,199,90,1,20251021_025153
1760982677.1277778,2625384,672098304,672.098304,135,199,90,1,20251021_025153
1760982677.1377618,2625423,672108288,672.108288,137,199,93,1,20251021_025153
1760982677.1477458,2625462,672118272,672.118272,140,199,95,1,20251021_025153
1760982677.15773,2625501,672128256,672.128256,142,198,98,1,20251021_025153
1760982677.1679697,2625541,672138496,672.138496,145,199,104,1,20251021_025153
1760982677.1779535,2625580,672148480,672.14848,148,199,110,1,20251021_025153
1760982677.1879375,2625619,672158464,672.158464,151,198,114,1,20251021_025153
1760982677.1979218,2625658,672168448,672.168448,155,198,116,1,20251021_025153
1760982677.2079058,2625697,672178432,672.178432,158,199,121,1,20251021_025153
1760982677.2178898,2625736,672188416,672.188416,162,199,125,1,20251021_025153
1760982677.2278738,2625775,672198400,672.1984,166,199,125,1,20251021_025153
1760982677.2378578,2625814,672208384,672.208384,171,199,130,1,20251021_025153
1760982677.2478418,2625853,672218368,672.218368,175,199,134,1,20251021_025153
1760982677.257826,2625892,672228352,672.228352,180,199,134,1,20251021_025153
1760982677.26781,2625931,672238336,672.238336,185,199,134,1,20251021_025153
1760982677.277794,2625970,672248320,672.24832,190,198,135,1,20251021_025153
1760982677.287778,2626009,672258304,672.258304,194,198,136,1,20251021_025153
1760982677.2977617,2626048,672268288,672.268288,199,199,136,1,20251021_025153
1760982677.3077457,2626087,672278272,672.278272,204,199,138,1,20251021_025153
1760982677.3179858,2626127,672288512,672.288512,208,199,138,1,20251021_025153
1760982677.3279698,2626166,672298496,672.298496,213,199,137,1,20251021_025153
1760982677.3379538,2626205,672308480,672.30848,217,200,139,1,20251021_025153
1760982677.3479378,2626244,672318464,672.318464,221,199,139,1,20251021_025153
1760982677.3579218,2626283,672328448,672.328448,225,199,139,1,20251021_025153
1760982677.367906,2626322,672338432,672.338432,229,199,140,1,20251021_025153
1760982677.37789,2626361,672348416,672.348416,233,199,140,1,20251021_025153
1760982677.387874,2626400,672358400,672.3584,236,199,140,1,20251021_025153
1760982677.3978577,2626439,672368384,672.368384,240,200,138,1,20251021_025153
1760982677.4078417,2626478,672378368,672.378368,243,200,140,1,20251021_025153
1760982677.4178257,2626517,672388352,672.388352,246,200,140,1,20251021_025153
1760982677.4278097,2626556,672398336,672.398336,249,200,140,1,20251021_025153
1760982677.4377935,2626595,672408320,672.40832,252,200,140,1,20251021_025153
1760982677.4477775,2626634,672418304,672.418304,254,200,139,1,20251021_025153
1760982677.4580178,2626674,672428544,672.428544,2,200,138,1,20251021_025153
1760982677.4680018,2626713,672438528,672.438528,4,202,139,1,20251021_025153
1760982677.477986,2626752,672448512,672.448512,7,201,134,1,20251021_025153
1760982677.48797,2626791,672458496,672.458496,9,200,135,1,20251021_025153
1760982677.497954,2626830,672468480,672.46848,12,200,134,1,20251021_025153
1760982677.5079377,2626869,672478464,672.478464,14,201,131,1,20251021_025153
1760982677.5179217,2626908,672488448,672.488448,16,200,129,1,20251021_025153
1760982677.5279057,2626947,672498432,672.498432,19,200,127,1,20251021_025153
1760982677.5378897,2626986,672508416,672.508416,21,200,126,1,20251021_025153
1760982677.5478735,2627025,672518400,672.5184,24,200,123,1,20251021_025153
1760982677.5578578,2627064,672528384,672.528384,27,200,118,1,20251021_025153
1760982677.5678418,2627103,672538368,672.538368,30,200,111,1,20251021_025153
1760982677.5778258,2627142,672548352,672.548352,33,200,107,1,20251021_025153
1760982677.5878098,2627181,672558336,672.558336,37,200,103,1,20251021_025153
1760982677.59805,2627221,672568576,672.568576,41,200,101,1,20251021_025153
1760982677.608034,2627260,672578560,672.57856,45,200,96,1,20251021_025153
1760982677.6180177,2627299,672588544,672.588544,49,200,92,1,20251021_025153
1760982677.6280017,2627338,672598528,672.598528,54,200,89,1,20251021_025153
1760982677.6379857,2627377,672608512,672.608512,59,200,87,1,20251021_025153
1760982677.6479695,2627416,672618496,672.618496,64,201,85,1,20251021_025153
1760982677.6579535,2627455,672628480,672.62848,69,200,84,1,20251021_025153
1760982677.6679378,2627494,672638464,672.638464,74,200,85,1,20251021_025153
1760982677.6779218,2627533,672648448,672.648448,78,199,85,1,20251021_025153
1760982677.6879058,2627572,672658432,672.658432,83,199,84,1,20251021_025153
1760982677.6978898,2627611,672668416,672.668416,87,200,86,1,20251021_025153
1760982677.7078738,2627650,672678400,672.6784,91,200,85,1,20251021_025153
1760982677.7178578,2627689,672688384,672.688384,95,199,85,1,20251021_025153
1760982677.727842,2627728,672698368,672.698368,99,199,86,1,20251021_025153
1760982677.737826,2627767,672708352,672.708352,103,198,85,1,20251021_025153
1760982677.7480657,2627807,672718592,672.718592,107,199,86,1,20251021_025153
1760982677.7580495,2627846,672728576,672.728576,110,199,85,1,20251021_025153
1760982677.7680335,2627885,672738560,672.73856,113,199,86,1,20251021_025153
1760982677.7780178,2627924,672748544,672.748544,116,198,86,1,20251021_025153
1760982677.7880018,2627963,672758528,672.758528,120,198,85,1,20251021_025153
1760982677.7979858,2628002,672768512,672.768512,122,198,86,1,20251021_025153
1760982677.8079698,2628041,672778496,672.778496,125,199,87,1,20251021_025153
1760982677.8179538,2628080,672788480,672.78848,128,199,87,1,20251021_025153
1760982677.8279378,2628119,672798464,672.798464,130,198,87,1,20251021_025153
1760982677.837922,2628158,672808448,672.808448,133,198,87,1,20251021_025153
1760982677.847906,2628197,672818432,672.818432,135,198,88,1,20251021_025153
1760982677.85789,2628236,672828416,672.828416,138,199,89,1,20251021_025153
1760982677.8678737,2628275,672838400,672.8384,140,198,89,1,20251021_025153
1760982677.8778577,2628314,672848384,672.848384,142,199,91,1,20251021_025153
1760982677.8880978,2628354,672858624,672.858624,144,199,91,1,20251021_025153
1760982677.8980818,2628393,672868608,672.868608,147,199,94,1,20251021_025153
1760982677.9080658,2628432,672878592,672.878592,149,198,93,1,20251021_025153
1760982677.9180498,2628471,672888576,672.888576,151,199,95,1,20251021_025153
1760982677.9280338,2628510,672898560,672.89856,153,199,96,1,20251021_025153
1760982677.9380178,2628549,672908544,672.908544,156,199,99,1,20251021_025153
1760982677.948002,2628588,672918528,672.918528,158,199,102,1,20251021_025153
1760982677.957986,2628627,672928512,672.928512,161,199,106,1,20251021_025153
1760982677.96797,2628666,672938496,672.938496,164,199,111,1,20251021_025153
1760982677.9779537,2628705,672948480,672.94848,167,198,115,1,20251021_025153
1760982677.9879377,2628744,672958464,672.958464,171,199,118,1,20251021_025153
1760982677.9979217,2628783,672968448,672.968448,175,198,120,1,20251021_025153
1760982678.0079055,2628822,672978432,672.978432,178,199,125,1,20251021_025153
1760982678.0178895,2628861,672988416,672.988416,183,199,126,1,20251021_025153
1760982678.0278738,2628900,672998400,672.9984,187,198,127,1,20251021_025153
1760982678.0381138,2628940,673008640,673.00864,191,198,128,1,20251021_025153
1760982678.0480978,2628979,673018624,673.018624,195,198,132,1,20251021_025153
1760982678.058082,2629018,673028608,673.028608,200,199,134,1,20251021_025153
1760982678.068066,2629057,673038592,673.038592,204,198,135,1,20251021_025153
1760982678.07805,2629096,673048576,673.048576,209,198,136,1,20251021_025153
1760982678.0880337,2629135,673058560,673.05856,213,198,136,1,20251021_025153
1760982678.0980177,2629174,673068544,673.068544,217,199,137,1,20251021_025153
1760982678.1080017,2629213,673078528,673.078528,221,199,139,1,20251021_025153
1760982678.1179855,2629252,673088512,673.088512,225,199,137,1,20251021_025153
1760982678.1279695,2629291,673098496,673.098496,229,199,138,1,20251021_025153
1760982678.1379538,2629330,673108480,673.10848,233,199,139,1,20251021_025153
1760982678.1479378,2629369,673118464,673.118464,236,199,139,1,20251021_025153
1760982678.1579218,2629408,673128448,673.128448,240,199,139,1,20251021_025153
1760982678.1679058,2629447,673138432,673.138432,243,199,140,1,20251021_025153
1760982678.1778898,2629486,673148416,673.148416,246,200,139,1,20251021_025153
1760982678.1881297,2629526,673158656,673.158656,249,200,140,1,20251021_025153
1760982678.1981137,2629565,673168640,673.16864,252,200,139,1,20251021_025153
1760982678.2080977,2629604,673178624,673.178624,254,200,138,1,20251021_025153
1760982678.2180817,2629643,673188608,673.188608,2,200,138,1,20251021_025153
1760982678.2280655,2629682,673198592,673.198592,4,200,137,1,20251021_025153
1760982678.2380495,2629721,673208576,673.208576,7,199,136,1,20251021_025153
1760982678.2480338,2629760,673218560,673.21856,9,200,135,1,20251021_025153
1760982678.2580178,2629799,673228544,673.228544,12,199,132,1,20251021_025153
1760982678.2680018,2629838,673238528,673.238528,14,200,132,1,20251021_025153
1760982678.2779858,2629877,673248512,673.248512,16,200,130,1,20251021_025153
1760982678.2879698,2629916,673258496,673.258496,19,199,128,1,20251021_025153
1760982678.2979538,2629955,673268480,673.26848,21,200,127,1,20251021_025153
1760982678.307938,2629994,673278464,673.278464,24,200,126,1,20251021_025153
1760982678.317922,2630033,673288448,673.288448,26,200,125,1,20251021_025153
1760982678.3281617,2630073,673298688,673.298688,29,200,118,1,20251021_025153
1760982678.3381455,2630112,673308672,673.308672,32,200,113,1,20251021_025153
1760982678.3481295,2630151,673318656,673.318656,35,200,108,1,20251021_025153
1760982678.3581138,2630190,673328640,673.32864,39,200,103,1,20251021_025153
1760982678.3680978,2630229,673338624,673.338624,43,200,98,1,20251021_025153
1760982678.3780818,2630268,673348608,673.348608,47,199,94,1,20251021_025153
1760982678.3880658,2630307,673358592,673.358592,52,200,90,1,20251021_025153
1760982678.3980498,2630346,673368576,673.368576,56,200,89,1,20251021_025153
1760982678.4080338,2630385,673378560,673.37856,61,199,87,1,20251021_025153
1760982678.418018,2630424,673388544,673.388544,66,200,84,1,20251021_025153
1760982678.428002,2630463,673398528,673.398528,71,200,84,1,20251021_025153
1760982678.437986,2630502,673408512,673.408512,76,200,85,1,20251021_025153
1760982678.4479697,2630541,673418496,673.418496,80,200,86,1,20251021_025153
1760982678.4579537,2630580,673428480,673.42848,85,199,85,1,20251021_025153
1760982678.4679377,2630619,673438464,673.438464,89,199,84,1,20251021_025153
1760982678.4781778,2630659,673448704,673.448704,93,199,86,1,20251021_025153
1760982678.4881618,2630698,673458688,673.458688,97,199,85,1,20251021_025153
1760982678.4981458,2630737,673468672,673.468672,101,198,85,1,20251021_025153
1760982678.5081298,2630776,673478656,673.478656,105,198,86,1,20251021_025153
1760982678.518114,2630815,673488640,673.48864,108,198,86,1,20251021_025153
1760982678.528098,2630854,673498624,673.498624,112,199,84,1,20251021_025153
1760982678.538082,2630893,673508608,673.508608,115,198,84,1,20251021_025153
1760982678.5480657,2630932,673518592,673.518592,118,198,85,1,20251021_025153
1760982678.5580497,2630971,673528576,673.528576,121,199,86,1,20251021_025153
1760982678.5680337,2631010,673538560,673.53856,124,199,86,1,20251021_025153
1760982678.5780177,2631049,673548544,673.548544,126,198,86,1,20251021_025153
1760982678.5880015,2631088,673558528,673.558528,129,199,87,1,20251021_025153
1760982678.5979855,2631127,673568512,673.568512,132,198,86,1,20251021_025153
1760982678.6079698,2631166,673578496,673.578496,134,198,87,1,20251021_025153
1760982678.6182098,2631206,673588736,673.588736,136,198,87,1,20251021_025153
1760982678.628194,2631245,673598720,673.59872,139,198,89,1,20251021_025153
1760982678.638178,2631284,673608704,673.608704,141,198,89,1,20251021_025153
1760982678.648162,2631323,673618688,673.618688,143,199,90,1,20251021_025153
1760982678.6581457,2631362,673628672,673.628672,145,198,91,1,20251021_025153
1760982678.6681297,2631401,673638656,673.638656,148,198,91,1,20251021_025153
1760982678.6781137,2631440,673648640,673.64864,150,199,93,1,20251021_025153
1760982678.6880977,2631479,673658624,673.658624,152,198,93,1,20251021_025153
1760982678.6980815,2631518,673668608,673.668608,154,199,97,1,20251021_025153
1760982678.7080655,2631557,673678592,673.678592,157,199,100,1,20251021_025153
1760982678.7180498,2631596,673688576,673.688576,159,198,102,1,20251021_025153
1760982678.7280338,2631635,673698560,673.69856,162,199,107,1,20251021_025153
1760982678.7380178,2631674,673708544,673.708544,165,199,111,1,20251021_025153
1760982678.7480018,2631713,673718528,673.718528,168,198,113,1,20251021_025153
1760982678.7579858,2631752,673728512,673.728512,172,199,117,1,20251021_025153
1760982678.7682257,2631792,673738752,673.738752,175,199,120,1,20251021_025153
1760982678.7782097,2631831,673748736,673.748736,179,198,122,1,20251021_025153
1760982678.7881937,2631870,673758720,673.75872,183,198,125,1,20251021_025153
1760982678.7981777,2631909,673768704,673.768704,188,199,127,1,20251021_025153
1760982678.8081615,2631948,673778688,673.778688,192,198,129,1,20251021_025153
1760982678.8181458,2631987,673788672,673.788672,196,198,134,1,20251021_025153
1760982678.8281298,2632026,673798656,673.798656,201,198,134,1,20251021_025153
1760982678.8381138,2632065,673808640,673.80864,205,198,134,1,20251021_025153
1760982678.8480978,2632104,673818624,673.818624,210,199,136,1,20251021_025153
1760982678.8580818,2632143,673828608,673.828608,214,199,134,1,20251021_025153
1760982678.8680658,2632182,673838592,673.838592,218,199,137,1,20251021_025153
1760982678.87805,2632221,673848576,673.848576,222,199,138,1,20251021_025153
1760982678.888034,2632260,673858560,673.85856,226,199,138,1,20251021_025153
1760982678.898018,2632299,673868544,673.868544,230,199,138,1,20251021_025153
1760982678.9082575,2632339,673878784,673.878784,234,199,139,1,20251021_025153
1760982678.9182415,2632378,673888768,673.888768,237,199,138,1,20251021_025153
1760982678.9282258,2632417,673898752,673.898752,240,200,140,1,20251021_025153
1760982678.9382098,2632456,673908736,673.908736,244,199,139,1,20251021_025153
1760982678.9481938,2632495,673918720,673.91872,247,199,140,1,20251021_025153
1760982678.9581778,2632534,673928704,673.928704,250,199,140,1,20251021_025153
1760982678.9681618,2632573,673938688,673.938688,252,200,140,1,20251021_025153
1760982678.9781458,2632612,673948672,673.948672,0,200,139,1,20251021_025153
1760982678.98813,2632651,673958656,673.958656,3,199,138,1,20251021_025153
1760982678.998114,2632690,673968640,673.96864,5,200,139,1,20251021_025153
1760982679.008098,2632729,673978624,673.978624,7,200,138,1,20251021_025153
1760982679.0180817,2632768,673988608,673.988608,10,200,138,1,20251021_025153
1760982679.0280657,2632807,673998592,673.998592,12,200,137,1,20251021_025153
1760982679.0380497,2632846,674008576,674.008576,14,200,137,1,20251021_025153
1760982679.0480337,2632885,674018560,674.01856,16,199,137,1,20251021_025153
1760982679.0582738,2632925,674028800,674.0288,18,200,136,1,20251021_025153
1760982679.0682578,2632964,674038784,674.038784,20,200,136,1,20251021_025153
1760982679.0782418,2633003,674048768,674.048768,22,201,136,1,20251021_025153
1760982679.0882258,2633042,674058752,674.058752,24,199,134,1,20251021_025153
1760982679.09821,2633081,674068736,674.068736,26,199,133,1,20251021_025153
1760982679.108194,2633120,674078720,674.07872,28,200,133,1,20251021_025153
1760982679.118178,2633159,674088704,674.088704,30,199,131,1,20251021_025153
1760982679.1281617,2633198,674098688,674.098688,32,200,131,1,20251021_025153
1760982679.1381457,2633237,674108672,674.108672,34,199,128,1,20251021_025153
1760982679.1481297,2633276,674118656,674.118656,36,199,128,1,20251021_025153
1760982679.1581137,2633315,674128640,674.12864,39,200,127,1,20251021_025153
1760982679.1680975,2633354,674138624,674.138624,41,199,126,1,20251021_025153
1760982679.1780818,2633393,674148608,674.148608,43,199,124,1,20251021_025153
1760982679.1880658,2633432,674158592,674.158592,46,199,119,1,20251021_025153
1760982679.1983058,2633472,674168832,674.168832,49,199,114,1,20251021_025153
1760982679.20829,2633511,674178816,674.178816,52,200,110,1,20251021_025153
1760982679.218274,2633550,674188800,674.1888,55,199,106,1,20251021_025153
1760982679.228258,2633589,674198784,674.198784,59,199,102,1,20251021_025153
1760982679.2382417,2633628,674208768,674.208768,63,199,99,1,20251021_025153
1760982679.2482257,2633667,674218752,674.218752,67,199,96,1,20251021_025153
1760982679.2582097,2633706,674228736,674.228736,72,199,92,1,20251021_025153
1760982679.2681935,2633745,674238720,674.23872,76,199,89,1,20251021_025153
1760982679.2781775,2633784,674248704,674.248704,81,199,87,1,20251021_025153
1760982679.2881618,2633823,674258688,674.258688,85,199,85,1,20251021_025153
1760982679.2981458,2633862,674268672,674.268672,89,199,84,1,20251021_025153
1760982679.3081298,2633901,674278656,674.278656,94,198,84,1,20251021_025153
1760982679.3181138,2633940,674288640,674.28864,98,199,84,1,20251021_025153
1760982679.3280978,2633979,674298624,674.298624,101,199,85,1,20251021_025153
1760982679.3380818,2634018,674308608,674.308608,105,198,84,1,20251021_025153
1760982679.3483217,2634058,674318848,674.318848,109,199,85,1,20251021_025153
1760982679.3583057,2634097,674328832,674.328832,112,199,86,1,20251021_025153
1760982679.3682897,2634136,674338816,674.338816,115,198,86,1,20251021_025153
1760982679.3782735,2634175,674348800,674.3488,118,198,86,1,20251021_025153
1760982679.3882575,2634214,674358784,674.358784,121,199,87,1,20251021_025153
1760982679.3982418,2634253,674368768,674.368768,124,198,88,1,20251021_025153
1760982679.4082258,2634292,674378752,674.378752,127,199,89,1,20251021_025153
1760982679.4182098,2634331,674388736,674.388736,129,199,90,1,20251021_025153
1760982679.4281938,2634370,674398720,674.39872,132,198,91,1,20251021_025153
1760982679.4381778,2634409,674408704,674.408704,135,198,90,1,20251021_025153
1760982679.4481618,2634448,674418688,674.418688,137,198,92,1,20251021_025153
1760982679.458146,2634487,674428672,674.428672,140,199,96,1,20251021_025153
1760982679.46813,2634526,674438656,674.438656,142,199,99,1,20251021_025153
1760982679.478114,2634565,674448640,674.44864,145,199,103,1,20251021_025153
1760982679.4880977,2634604,674458624,674.458624,148,199,110,1,20251021_025153
1760982679.4983375,2634644,674468864,674.468864,151,198,112,1,20251021_025153
1760982679.5083218,2634683,674478848,674.478848,154,199,116,1,20251021_025153
1760982679.5183058,2634722,674488832,674.488832,158,199,119,1,20251021_025153
1760982679.5282898,2634761,674498816,674.498816,162,199,123,1,20251021_025153
1760982679.5382738,2634800,674508800,674.5088,166,199,127,1,20251021_025153
1760982679.5482578,2634839,674518784,674.518784,170,199,129,1,20251021_025153
1760982679.5582418,2634878,674528768,674.528768,174,199,132,1,20251021_025153
1760982679.568226,2634917,674538752,674.538752,179,199,134,1,20251021_025153
1760982679.57821,2634956,674548736,674.548736,184,198,134,1,20251021_025153
1760982679.588194,2634995,674558720,674.55872,189,199,135,1,20251021_025153
1760982679.5981777,2635034,674568704,674.568704,193,199,135,1,20251021_025153
1760982679.6081617,2635073,674578688,674.578688,198,198,136,1,20251021_025153
1760982679.6181457,2635112,674588672,674.588672,203,199,139,1,20251021_025153
1760982679.6281295,2635151,674598656,674.598656,207,199,138,1,20251021_025153
1760982679.6383698,2635191,674608896,674.608896,212,199,138,1,20251021_025153
1760982679.6483538,2635230,674618880,674.61888,216,199,139,1,20251021_025153
1760982679.6583378,2635269,674628864,674.628864,220,199,140,1,20251021_025153
1760982679.6683218,2635308,674638848,674.638848,224,199,138,1,20251021_025153
1760982679.678306,2635347,674648832,674.648832,228,199,139,1,20251021_025153
1760982679.68829,2635386,674658816,674.658816,232,199,140,1,20251021_025153
1760982679.698274,2635425,674668800,674.6688,236,200,140,1,20251021_025153
1760982679.7082577,2635464,674678784,674.678784,239,199,139,1,20251021_025153
1760982679.7182417,2635503,674688768,674.688768,242,199,140,1,20251021_025153
1760982679.7282257,2635542,674698752,674.698752,245,200,141,1,20251021_025153
1760982679.7382095,2635581,674708736,674.708736,248,199,140,1,20251021_025153
1760982679.7481935,2635620,674718720,674.71872,251,200,141,1,20251021_025153
1760982679.7581778,2635659,674728704,674.728704,254,199,139,1,20251021_025153
1760982679.7681618,2635698,674738688,674.738688,1,199,138,1,20251021_025153
1760982679.778402,2635738,674748928,674.748928,4,199,137,1,20251021_025153
1760982679.788386,2635777,674758912,674.758912,6,200,136,1,20251021_025153
1760982679.79837,2635816,674768896,674.768896,9,199,136,1,20251021_025153
1760982679.8083537,2635855,674778880,674.77888,11,199,134,1,20251021_025153
1760982679.8183377,2635894,674788864,674.788864,13,199,132,1,20251021_025153
1760982679.8283217,2635933,674798848,674.798848,16,200,130,1,20251021_025153
1760982679.8383057,2635972,674808832,674.808832,18,200,127,1,20251021_025153
1760982679.8482895,2636011,674818816,674.818816,21,199,127,1,20251021_025153
1760982679.8582735,2636050,674828800,674.8288,23,201,127,1,20251021_025153
1760982679.8682578,2636089,674838784,674.838784,26,200,121,1,20251021_025153
1760982679.8782418,2636128,674848768,674.848768,29,200,115,1,20251021_025153
1760982679.8882258,2636167,674858752,674.858752,32,199,110,1,20251021_025153
1760982679.8982098,2636206,674868736,674.868736,36,199,106,1,20251021_025153
1760982679.9081938,2636245,674878720,674.87872,39,200,102,1,20251021_025153
1760982679.9181778,2636284,674888704,674.888704,43,199,98,1,20251021_025153
1760982679.9284177,2636324,674898944,674.898944,48,200,95,1,20251021_025153
1760982679.9384017,2636363,674908928,674.908928,52,199,92,1,20251021_025153
1760982679.9483857,2636402,674918912,674.918912,57,199,89,1,20251021_025153
1760982679.9583695,2636441,674928896,674.928896,62,200,86,1,20251021_025153
1760982679.9683535,2636480,674938880,674.93888,67,199,84,1,20251021_025153
1760982679.9783378,2636519,674948864,674.948864,72,199,84,1,20251021_025153
1760982679.9883218,2636558,674958848,674.958848,76,199,85,1,20251021_025153
1760982679.9983058,2636597,674968832,674.968832,81,199,85,1,20251021_025153
1760982680.0082898,2636636,674978816,674.978816,85,199,84,1,20251021_025153
1760982680.0182738,2636675,674988800,674.9888,90,199,84,1,20251021_025153
1760982680.0282578,2636714,674998784,674.998784,94,199,86,1,20251021_025153
1760982680.038242,2636753,675008768,675.008768,98,199,86,1,20251021_025153
1760982680.048226,2636792,675018752,675.018752,102,199,86,1,20251021_025153
1760982680.05821,2636831,675028736,675.028736,105,198,85,1,20251021_025153
1760982680.0684495,2636871,675038976,675.038976,109,198,84,1,20251021_025153
1760982680.0784338,2636910,675048960,675.04896,112,199,86,1,20251021_025153
1760982680.0884178,2636949,675058944,675.058944,115,199,86,1,20251021_025153
1760982680.0984018,2636988,675068928,675.068928,118,200,89,1,20251021_025153
1760982680.1083858,2637027,675078912,675.078912,121,198,86,1,20251021_025153
1760982680.1183698,2637066,675088896,675.088896,124,198,87,1,20251021_025153
1760982680.1283538,2637105,675098880,675.09888,127,198,88,1,20251021_025153
1760982680.138338,2637144,675108864,675.108864,130,199,90,1,20251021_025153
1760982680.148322,2637183,675118848,675.118848,132,199,91,1,20251021_025153
1760982680.158306,2637222,675128832,675.128832,135,199,93,1,20251021_025153
1760982680.16829,2637261,675138816,675.138816,137,199,96,1,20251021_025153
1760982680.1782737,2637300,675148800,675.1488,140,199,100,1,20251021_025153
1760982680.1882577,2637339,675158784,675.158784,143,199,105,1,20251021_025153
1760982680.1982417,2637378,675168768,675.168768,146,199,111,1,20251021_025153
1760982680.2084818,2637418,675179008,675.179008,149,199,114,1,20251021_025153
1760982680.2184658,2637457,675188992,675.188992,152,199,118,1,20251021_025153
1760982680.2284498,2637496,675198976,675.198976,156,199,124,1,20251021_025153
1760982680.2384338,2637535,675208960,675.20896,160,199,126,1,20251021_025153
1760982680.248418,2637574,675218944,675.218944,164,199,129,1,20251021_025153
1760982680.258402,2637613,675228928,675.228928,169,199,132,1,20251021_025153
1760982680.268386,2637652,675238912,675.238912,173,199,134,1,20251021_025153
1760982680.2783697,2637691,675248896,675.248896,178,199,134,1,20251021_025153
1760982680.2883537,2637730,675258880,675.25888,183,199,134,1,20251021_025153
1760982680.2983377,2637769,675268864,675.268864,188,198,136,1,20251021_025153
1760982680.3083217,2637808,675278848,675.278848,192,198,135,1,20251021_025153
1760982680.3183055,2637847,675288832,675.288832,197,199,138,1,20251021_025153
1760982680.3282895,2637886,675298816,675.298816,202,198,137,1,20251021_025153
1760982680.3382738,2637925,675308800,675.3088,206,199,139,1,20251021_025153
1760982680.3482578,2637964,675318784,675.318784,211,199,139,1,20251021_025153
1760982680.358498,2638004,675329024,675.329024,215,199,139,1,20251021_025153
1760982680.368482,2638043,675339008,675.339008,220,199,140,1,20251021_025153
1760982680.378466,2638082,675348992,675.348992,224,199,140,1,20251021_025153
1760982680.3884497,2638121,675358976,675.358976,227,199,139,1,20251021_025153
1760982680.3984337,2638160,675368960,675.36896,231,199,140,1,20251021_025153
1760982680.4084177,2638199,675378944,675.378944,235,199,140,1,20251021_025153
1760982680.4184017,2638238,675388928,675.388928,238,199,143,1,20251021_025153
1760982680.4283855,2638277,675398912,675.398912,241,199,140,1,20251021_025153
1760982680.4383698,2638316,675408896,675.408896,245,200,142,1,20251021_025153
1760982680.4483538,2638355,675418880,675.41888,248,199,141,1,20251021_025153
1760982680.4583378,2638394,675428864,675.428864,250,200,140,1,20251021_025153
1760982680.4683218,2638433,675438848,675.438848,253,200,139,1,20251021_025153
1760982680.4783058,2638472,675448832,675.448832,1,199,139,1,20251021_025153
1760982680.4882898,2638511,675458816,675.458816,3,200,138,1,20251021_025153
1760982680.4985297,2638551,675469056,675.469056,6,199,137,1,20251021_025153
1760982680.5085137,2638590,675479040,675.47904,8,200,136,1,20251021_025153
1760982680.5184977,2638629,675489024,675.489024,10,200,135,1,20251021_025153
1760982680.5284815,2638668,675499008,675.499008,13,200,133,1,20251021_025153
1760982680.5384655,2638707,675508992,675.508992,15,199,130,1,20251021_025153
1760982680.5484498,2638746,675518976,675.518976,18,199,128,1,20251021_025153
1760982680.5584338,2638785,675528960,675.52896,20,200,127,1,20251021_025153
1760982680.5684178,2638824,675538944,675.538944,23,199,126,1,20251021_025153
1760982680.5784018,2638863,675548928,675.548928,25,199,124,1,20251021_025153
1760982680.5883858,2638902,675558912,675.558912,28,199,118,1,20251021_025153
1760982680.5983698,2638941,675568896,675.568896,31,200,113,1,20251021_025153
1760982680.608354,2638980,675578880,675.57888,34,200,108,1,20251021_025153
1760982680.618338,2639019,675588864,675.588864,38,199,103,1,20251021_025153
1760982680.628322,2639058,675598848,675.598848,42,200,99,1,20251021_025153
1760982680.6383057,2639097,675608832,675.608832,46,199,95,1,20251021_025153
1760982680.6485455,2639137,675619072,675.619072,51,199,91,1,20251021_025153
1760982680.6585298,2639176,675629056,675.629056,56,199,89,1,20251021_025153
1760982680.6685138,2639215,675639040,675.63904,60,199,86,1,20251021_025153
1760982680.6784978,2639254,675649024,675.649024,65,199,84,1,20251021_025153
1760982680.6884818,2639293,675659008,675.659008,70,199,84,1,20251021_025153
1760982680.6984658,2639332,675668992,675.668992,75,199,85,1,20251021_025153
1760982680.7084498,2639371,675678976,675.678976,80,199,84,1,20251021_025153
1760982680.718434,2639410,675688960,675.68896,84,199,85,1,20251021_025153
1760982680.728418,2639449,675698944,675.698944,88,199,85,1,20251021_025153
1760982680.738402,2639488,675708928,675.708928,93,199,86,1,20251021_025153
1760982680.7483857,2639527,675718912,675.718912,97,198,84,1,20251021_025153
1760982680.7583697,2639566,675728896,675.728896,100,198,85,1,20251021_025153
1760982680.7683537,2639605,675738880,675.73888,104,198,86,1,20251021_025153
1760982680.7783377,2639644,675748864,675.748864,108,198,86,1,20251021_025153
1760982680.7885778,2639684,675759104,675.759104,111,198,84,1,20251021_025153
1760982680.7985618,2639723,675769088,675.769088,114,198,86,1,20251021_025153
1760982680.8085458,2639762,675779072,675.779072,117,198,85,1,20251021_025153
1760982680.8185298,2639801,675789056,675.789056,120,198,86,1,20251021_025153
1760982680.828514,2639840,675799040,675.79904,123,197,83,1,20251021_025153
1760982680.838498,2639879,675809024,675.809024,126,198,86,1,20251021_025153
1760982680.848482,2639918,675819008,675.819008,129,198,87,1,20251021_025153
1760982680.8584657,2639957,675828992,675.828992,131,198,87,1,20251021_025153
1760982680.8684497,2639996,675838976,675.838976,134,198,87,1,20251021_025153
1760982680.8784337,2640035,675848960,675.84896,136,198,86,1,20251021_025153
1760982680.8884175,2640074,675858944,675.858944,138,198,87,1,20251021_025153
1760982680.8984015,2640113,675868928,675.868928,141,198,88,1,20251021_025153
1760982680.9083858,2640152,675878912,675.878912,143,198,90,1,20251021_025153
1760982680.9183698,2640191,675888896,675.888896,145,198,90,1,20251021_025153
1760982680.9286098,2640231,675899136,675.899136,147,198,90,1,20251021_025153
1760982680.938594,2640270,675909120,675.90912,149,198,91,1,20251021_025153
1760982680.948578,2640309,675919104,675.919104,151,198,92,1,20251021_025153
1760982680.958562,2640348,675929088,675.929088,153,199,95,1,20251021_025153
1760982680.9685457,2640387,675939072,675.939072,156,198,96,1,20251021_025153
1760982680.9785297,2640426,675949056,675.949056,158,198,101,1,20251021_025153
1760982680.9885137,2640465,675959040,675.95904,161,198,105,1,20251021_025153
1760982680.9984975,2640504,675969024,675.969024,164,198,109,1,20251021_025153
1760982681.0084815,2640543,675979008,675.979008,167,199,114,1,20251021_025153
1760982681.0184658,2640582,675988992,675.988992,170,198,117,1,20251021_025153
1760982681.0284498,2640621,675998976,675.998976,174,198,120,1,20251021_025153
1760982681.0384338,2640660,676008960,676.00896,178,198,122,1,20251021_025153
1760982681.0484178,2640699,676018944,676.018944,182,198,124,1,20251021_025153
1760982681.0584018,2640738,676028928,676.028928,186,198,127,1,20251021_025153
1760982681.0683858,2640777,676038912,676.038912,190,199,128,1,20251021_025153
1760982681.0786257,2640817,676049152,676.049152,194,198,132,1,20251021_025153
1760982681.0886097,2640856,676059136,676.059136,199,198,134,1,20251021_025153
1760982681.0985937,2640895,676069120,676.06912,203,198,134,1,20251021_025153
1760982681.1085775,2640934,676079104,676.079104,208,198,136,1,20251021_025153
1760982681.1185615,2640973,676089088,676.089088,212,198,137,1,20251021_025153
1760982681.1285458,2641012,676099072,676.099072,216,198,137,1,20251021_025153
1760982681.1385298,2641051,676109056,676.109056,220,198,137,1,20251021_025153
1760982681.1485138,2641090,676119040,676.11904,224,198,138,1,20251021_025153
1760982681.1584978,2641129,676129024,676.129024,228,199,138,1,20251021_025153
1760982681.1684818,2641168,676139008,676.139008,232,198,138,1,20251021_025153
1760982681.1784658,2641207,676148992,676.148992,235,199,141,1,20251021_025153
1760982681.18845,2641246,676158976,676.158976,239,199,139,1,20251021_025153
1760982681.198434,2641285,676168960,676.16896,242,199,139,1,20251021_025153
1760982681.208418,2641324,676178944,676.178944,245,199,139,1,20251021_025153
1760982681.2186575,2641364,676189184,676.189184,248,199,139,1,20251021_025153
1760982681.2286415,2641403,676199168,676.199168,251,199,139,1,20251021_025153
1760982681.2386258,2641442,676209152,676.209152,254,200,139,1,20251021_025153
1760982681.2486098,2641481,676219136,676.219136,1,199,138,1,20251021_025153
1760982681.2585938,2641520,676229120,676.22912,4,199,136,1,20251021_025153
1760982681.2685778,2641559,676239104,676.239104,6,199,136,1,20251021_025153
1760982681.2785618,2641598,676249088,676.249088,9,199,135,1,20251021_025153
1760982681.2885458,2641637,676259072,676.259072,11,199,133,1,20251021_025153
1760982681.29853,2641676,676269056,676.269056,13,199,133,1,20251021_025153
1760982681.308514,2641715,676279040,676.27904,16,199,130,1,20251021_025153
1760982681.318498,2641754,676289024,676.289024,18,199,130,1,20251021_025153
1760982681.3284817,2641793,676299008,676.299008,21,199,128,1,20251021_025153
1760982681.3387218,2641833,676309248,676.309248,23,199,127,1,20251021_025153
1760982681.3487058,2641872,676319232,676.319232,25,199,127,1,20251021_025153
1760982681.3586898,2641911,676329216,676.329216,28,200,124,1,20251021_025153
1760982681.3686738,2641950,676339200,676.3392,31,199,116,1,20251021_025153
1760982681.3786578,2641989,676349184,676.349184,34,199,111,1,20251021_025153
1760982681.3886418,2642028,676359168,676.359168,37,198,106,1,20251021_025153
1760982681.3988817,2642068,676369408,676.369408,41,199,102,1,20251021_025153
1760982681.4088657,2642107,676379392,676.379392,45,200,97,1,20251021_025153
1760982681.4188497,2642146,676389376,676.389376,49,199,93,1,20251021_025153
1760982681.4288335,2642185,676399360,676.39936,54,199,90,1,20251021_025153
1760982681.4388175,2642224,676409344,676.409344,59,199,87,1,20251021_025153
1760982681.4488018,2642263,676419328,676.419328,64,198,85,1,20251021_025153
1760982681.4587858,2642302,676429312,676.429312,69,198,85,1,20251021_025153
1760982681.4687698,2642341,676439296,676.439296,73,199,84,1,20251021_025153
1760982681.47901,2642381,676449536,676.449536,78,198,84,1,20251021_025153
1760982681.488994,2642420,676459520,676.45952,83,198,84,1,20251021_025153
1760982681.498978,2642459,676469504,676.469504,87,199,85,1,20251021_025153
1760982681.5089617,2642498,676479488,676.479488,91,198,85,1,20251021_025153
1760982681.5189457,2642537,676489472,676.489472,95,198,85,1,20251021_025153
1760982681.5289297,2642576,676499456,676.499456,99,197,84,1,20251021_025153
1760982681.5389135,2642615,676509440,676.50944,103,198,84,1,20251021_025153
1760982681.5488975,2642654,676519424,676.519424,107,198,85,1,20251021_025153
1760982681.5591378,2642694,676529664,676.529664,110,197,84,1,20251021_025153
1760982681.5691218,2642733,676539648,676.539648,113,198,86,1,20251021_025153
1760982681.579106,2642772,676549632,676.549632,117,197,85,1,20251021_025153
1760982681.58909,2642811,676559616,676.559616,120,197,86,1,20251021_025153
1760982681.599074,2642850,676569600,676.5696,122,197,86,1,20251021_025153
1760982681.6090577,2642889,676579584,676.579584,125,197,86,1,20251021_025153
1760982681.6192975,2642929,676589824,676.589824,128,197,85,1,20251021_025153
1760982681.6292818,2642968,676599808,676.599808,130,197,87,1,20251021_025153
1760982681.6392658,2643007,676609792,676.609792,133,197,88,1,20251021_025153
1760982681.6492498,2643046,676619776,676.619776,135,197,88,1,20251021_025153
1760982681.6592338,2643085,676629760,676.62976,138,197,90,1,20251021_025153
1760982681.6692178,2643124,676639744,676.639744,140,197,89,1,20251021_025153
1760982681.6792018,2643163,676649728,676.649728,142,198,91,1,20251021_025153
1760982681.6894417,2643203,676659968,676.659968,145,198,92,1,20251021_025153
1760982681.6994257,2643242,676669952,676.669952,147,198,94,1,20251021_025153
1760982681.7094097,2643281,676679936,676.679936,149,197,94,1,20251021_025153
1760982681.7193935,2643320,676689920,676.68992,152,198,98,1,20251021_025153
1760982681.7293775,2643359,676699904,676.699904,154,197,100,1,20251021_025153
1760982681.7393618,2643398,676709888,676.709888,157,197,104,1,20251021_025153
1760982681.7493458,2643437,676719872,676.719872,160,198,109,1,20251021_025153
1760982681.7593298,2643476,676729856,676.729856,163,198,113,1,20251021_025153
1760982681.7693138,2643515,676739840,676.73984,166,198,116,1,20251021_025153
1760982681.779554,2643555,676750080,676.75008,170,198,119,1,20251021_025153
1760982681.7895377,2643594,676760064,676.760064,174,198,121,1,20251021_025153
1760982681.7995217,2643633,676770048,676.770048,177,198,124,1,20251021_025153
1760982681.8095057,2643672,676780032,676.780032,181,198,126,1,20251021_025153
1760982681.8194897,2643711,676790016,676.790016,186,197,127,1,20251021_025153
1760982681.8294735,2643750,676800000,676.8,190,198,129,1,20251021_025153
1760982681.8394578,2643789,676809984,676.809984,194,198,134,1,20251021_025153
1760982681.8494418,2643828,676819968,676.819968,199,198,134,1,20251021_025153
1760982681.8594258,2643867,676829952,676.829952,203,197,134,1,20251021_025153
1760982681.8694098,2643906,676839936,676.839936,208,198,136,1,20251021_025153
1760982681.8793938,2643945,676849920,676.84992,212,198,136,1,20251021_025153
1760982681.8893778,2643984,676859904,676.859904,217,198,137,1,20251021_025153
1760982681.8993618,2644023,676869888,676.869888,221,197,138,1,20251021_025153
1760982681.909346,2644062,676879872,676.879872,225,198,138,1,20251021_025153
1760982681.9195857,2644102,676890112,676.890112,228,198,138,1,20251021_025153
1760982681.9295695,2644141,676900096,676.900096,232,198,139,1,20251021_025153
1760982681.9395535,2644180,676910080,676.91008,236,197,138,1,20251021_025153
1760982681.9495378,2644219,676920064,676.920064,239,198,139,1,20251021_025153
1760982681.9595218,2644258,676930048,676.930048,242,198,138,1,20251021_025153
1760982681.9695058,2644297,676940032,676.940032,245,198,139,1,20251021_025153
1760982681.9794898,2644336,676950016,676.950016,248,198,139,1,20251021_025153
1760982681.9894738,2644375,676960000,676.96,251,198,138,1,20251021_025153
1760982681.9994578,2644414,676969984,676.969984,254,199,138,1,20251021_025153
1760982682.009442,2644453,676979968,676.979968,1,199,138,1,20251021_025153
1760982682.019426,2644492,676989952,676.989952,4,198,138,1,20251021_025153
1760982682.02941,2644531,676999936,676.999936,6,199,137,1,20251021_025153
1760982682.0393937,2644570,677009920,677.00992,9,199,136,1,20251021_025153
1760982682.0493777,2644609,677019904,677.019904,11,199,136,1,20251021_025153
1760982682.0593617,2644648,677029888,677.029888,13,198,135,1,20251021_025153
1760982682.0696018,2644688,677040128,677.040128,16,198,133,1,20251021_025153
1760982682.0795858,2644727,677050112,677.050112,18,199,133,1,20251021_025153
1760982682.0895698,2644766,677060096,677.060096,20,199,132,1,20251021_025153
1760982682.0995538,2644805,677070080,677.07008,22,199,131,1,20251021_025153
1760982682.1095378,2644844,677080064,677.080064,24,198,127,1,20251021_025153
1760982682.119522,2644883,677090048,677.090048,27,198,128,1,20251021_025153
1760982682.129506,2644922,677100032,677.100032,29,199,127,1,20251021_025153
1760982682.13949,2644961,677110016,677.110016,31,198,127,1,20251021_025153
1760982682.1494737,2645000,677120000,677.12,33,198,127,1,20251021_025153
1760982682.1594577,2645039,677129984,677.129984,36,198,124,1,20251021_025153
1760982682.1694417,2645078,677139968,677.139968,39,199,117,1,20251021_025153
1760982682.1794257,2645117,677149952,677.149952,42,198,111,1,20251021_025153
1760982682.1894095,2645156,677159936,677.159936,45,198,106,1,20251021_025153
1760982682.1993935,2645195,677169920,677.16992,49,198,103,1,20251021_025153
1760982682.2096338,2645235,677180160,677.18016,53,198,100,1,20251021_025153
1760982682.2196178,2645274,677190144,677.190144,57,198,97,1,20251021_025153
1760982682.229602,2645313,677200128,677.200128,61,199,93,1,20251021_025153
1760982682.239586,2645352,677210112,677.210112,65,198,92,1,20251021_025153
1760982682.24957,2645391,677220096,677.220096,70,199,91,1,20251021_025153
1760982682.2595537,2645430,677230080,677.23008,74,197,87,1,20251021_025153
1760982682.2695377,2645469,677240064,677.240064,79,198,84,1,20251021_025153
1760982682.2795217,2645508,677250048,677.250048,84,198,84,1,20251021_025153
1760982682.2895055,2645547,677260032,677.260032,88,198,85,1,20251021_025153
1760982682.2994895,2645586,677270016,677.270016,92,197,83,1,20251021_025153
1760982682.3094738,2645625,677280000,677.28,96,198,84,1,20251021_025153
1760982682.3194578,2645664,677289984,677.289984,100,197,84,1,20251021_025153
1760982682.3294418,2645703,677299968,677.299968,104,197,85,1,20251021_025153
1760982682.339682,2645743,677310208,677.310208,107,197,86,1,20251021_025153
1760982682.349666,2645782,677320192,677.320192,111,197,85,1,20251021_025153
1760982682.35965,2645821,677330176,677.330176,114,197,84,1,20251021_025153
1760982682.3696337,2645860,677340160,677.34016,117,197,87,1,20251021_025153
1760982682.3796177,2645899,677350144,677.350144,120,197,85,1,20251021_025153
1760982682.3896017,2645938,677360128,677.360128,123,197,87,1,20251021_025153
1760982682.3995855,2645977,677370112,677.370112,126,197,88,1,20251021_025153
1760982682.4095695,2646016,677380096,677.380096,128,198,88,1,20251021_025153
1760982682.4195538,2646055,677390080,677.39008,131,197,90,1,20251021_025153
1760982682.4295378,2646094,677400064,677.400064,134,197,90,1,20251021_025153
1760982682.4395218,2646133,677410048,677.410048,136,197,92,1,20251021_025153
1760982682.4495058,2646172,677420032,677.420032,139,198,94,1,20251021_025153
1760982682.4594898,2646211,677430016,677.430016,141,198,97,1,20251021_025153
1760982682.4694738,2646250,677440000,677.44,144,197,102,1,20251021_025153
1760982682.4797137,2646290,677450240,677.45024,147,198,107,1,20251021_025153
1760982682.4896977,2646329,677460224,677.460224,150,198,112,1,20251021_025153
1760982682.4996817,2646368,677470208,677.470208,153,198,116,1,20251021_025153
1760982682.5096655,2646407,677480192,677.480192,157,198,120,1,20251021_025153
1760982682.5196495,2646446,677490176,677.490176,161,198,122,1,20251021_025153
1760982682.5296338,2646485,677500160,677.50016,165,197,126,1,20251021_025153
1760982682.5396178,2646524,677510144,677.510144,169,198,129,1,20251021_025153
1760982682.5496018,2646563,677520128,677.520128,173,198,133,1,20251021_025153
1760982682.5595858,2646602,677530112,677.530112,178,198,134,1,20251021_025153
1760982682.5695698,2646641,677540096,677.540096,183,198,135,1,20251021_025153
1760982682.5795538,2646680,677550080,677.55008,188,197,135,1,20251021_025153
1760982682.589538,2646719,677560064,677.560064,193,198,136,1,20251021_025153
1760982682.599522,2646758,677570048,677.570048,197,198,136,1,20251021_025153
1760982682.609506,2646797,677580032,677.580032,202,198,137,1,20251021_025153
1760982682.6194897,2646836,677590016,677.590016,207,198,138,1,20251021_025153
1760982682.6297295,2646876,677600256,677.600256,211,198,138,1,20251021_025153
1760982682.6397138,2646915,677610240,677.61024,215,198,138,1,20251021_025153
1760982682.6496978,2646954,677620224,677.620224,220,198,139,1,20251021_025153
1760982682.6596818,2646993,677630208,677.630208,224,198,138,1,20251021_025153
1760982682.6696658,2647032,677640192,677.640192,228,198,139,1,20251021_025153
1760982682.6796498,2647071,677650176,677.650176,231,198,142,1,20251021_025153
1760982682.6896338,2647110,677660160,677.66016,235,198,140,1,20251021_025153
1760982682.699618,2647149,677670144,677.670144,238,199,140,1,20251021_025153
1760982682.709602,2647188,677680128,677.680128,242,199,139,1,20251021_025153
1760982682.719586,2647227,677690112,677.690112,245,198,140,1,20251021_025153
1760982682.7295697,2647266,677700096,677.700096,248,198,140,1,20251021_025153
1760982682.7395537,2647305,677710080,677.71008,251,199,139,1,20251021_025153
1760982682.7495377,2647344,677720064,677.720064,253,198,138,1,20251021_025153
1760982682.7595215,2647383,677730048,677.730048,1,199,139,1,20251021_025153
1760982682.7695055,2647422,677740032,677.740032,3,198,137,1,20251021_025153
1760982682.7797458,2647462,677750272,677.750272,6,199,136,1,20251021_025153
1760982682.7897298,2647501,677760256,677.760256,8,199,133,1,20251021_025153
1760982682.799714,2647540,677770240,677.77024,11,199,132,1,20251021_025153
1760982682.809698,2647579,677780224,677.780224,13,198,130,1,20251021_025153
1760982682.819682,2647618,677790208,677.790208,16,198,127,1,20251021_025153
1760982682.829666,2647657,677800192,677.800192,18,199,127,1,20251021_025153
1760982682.8396497,2647696,677810176,677.810176,20,199,127,1,20251021_025153
1760982682.8496337,2647735,677820160,677.82016,23,198,125,1,20251021_025153
1760982682.8596177,2647774,677830144,677.830144,25,199,122,1,20251021_025153
1760982682.8696015,2647813,677840128,677.840128,28,198,115,1,20251021_025153
1760982682.8795855,2647852,677850112,677.850112,32,199,108,1,20251021_025153
1760982682.8895698,2647891,677860096,677.860096,35,198,103,1,20251021_025153
1760982682.8995538,2647930,677870080,677.87008,39,198,99,1,20251021_025153
1760982682.9095378,2647969,677880064,677.880064,43,198,95,1,20251021_025153
1760982682.919778,2648009,677890304,677.890304,48,198,91,1,20251021_025153
1760982682.929762,2648048,677900288,677.900288,53,199,89,1,20251021_025153
1760982682.9397457,2648087,677910272,677.910272,57,198,86,1,20251021_025153
1760982682.9497297,2648126,677920256,677.920256,62,199,85,1,20251021_025153
1760982682.9597137,2648165,677930240,677.93024,67,198,85,1,20251021_025153
1760982682.9696977,2648204,677940224,677.940224,72,197,84,1,20251021_025153
1760982682.9796815,2648243,677950208,677.950208,77,197,84,1,20251021_025153
1760982682.9896655,2648282,677960192,677.960192,81,197,85,1,20251021_025153
1760982682.9996498,2648321,677970176,677.970176,86,198,85,1,20251021_025153
1760982683.0096338,2648360,677980160,677.98016,90,198,86,1,20251021_025153
1760982683.0196178,2648399,677990144,677.990144,94,197,85,1,20251021_025153
1760982683.0296018,2648438,678000128,678.000128,98,197,85,1,20251021_025153
1760982683.0395858,2648477,678010112,678.010112,102,197,86,1,20251021_025153
1760982683.0495698,2648516,678020096,678.020096,105,196,86,1,20251021_025153
1760982683.0598097,2648556,678030336,678.030336,109,196,86,1,20251021_025153
1760982683.0697937,2648595,678040320,678.04032,112,196,86,1,20251021_025153
1760982683.0797777,2648634,678050304,678.050304,115,197,86,1,20251021_025153
1760982683.0897615,2648673,678060288,678.060288,119,196,87,1,20251021_025153
1760982683.0997458,2648712,678070272,678.070272,121,196,86,1,20251021_025153
1760982683.1097298,2648751,678080256,678.080256,124,196,87,1,20251021_025153
1760982683.1197138,2648790,678090240,678.09024,127,196,88,1,20251021_025153
1760982683.1296978,2648829,678100224,678.100224,130,196,90,1,20251021_025153
1760982683.1396818,2648868,678110208,678.110208,132,197,91,1,20251021_025153
1760982683.1496658,2648907,678120192,678.120192,135,197,92,1,20251021_025153
1760982683.1596498,2648946,678130176,678.130176,137,196,93,1,20251021_025153
1760982683.169634,2648985,678140160,678.14016,140,197,97,1,20251021_025153
1760982683.179618,2649024,678150144,678.150144,143,197,103,1,20251021_025153
1760982683.189602,2649063,678160128,678.160128,146,197,109,1,20251021_025153
1760982683.1995857,2649102,678170112,678.170112,149,197,114,1,20251021_025153
1760982683.2098258,2649142,678180352,678.180352,152,198,120,1,20251021_025153
1760982683.2198098,2649181,678190336,678.190336,156,197,122,1,20251021_025153
1760982683.2297938,2649220,678200320,678.20032,160,198,126,1,20251021_025153
1760982683.2397778,2649259,678210304,678.210304,164,197,127,1,20251021_025153
1760982683.2497618,2649298,678220288,678.220288,168,198,132,1,20251021_025153
1760982683.2597458,2649337,678230272,678.230272,173,197,133,1,20251021_025153
1760982683.26973,2649376,678240256,678.240256,178,198,134,1,20251021_025153
1760982683.279714,2649415,678250240,678.25024,183,197,134,1,20251021_025153
1760982683.289698,2649454,678260224,678.260224,187,197,135,1,20251021_025153
1760982683.2996817,2649493,678270208,678.270208,192,197,137,1,20251021_025153
1760982683.3096657,2649532,678280192,678.280192,197,197,137,1,20251021_025153
1760982683.3196497,2649571,678290176,678.290176,202,197,138,1,20251021_025153
1760982683.3296337,2649610,678300160,678.30016,206,197,138,1,20251021_025153
1760982683.3396175,2649649,678310144,678.310144,211,197,138,1,20251021_025153
1760982683.3498578,2649689,678320384,678.320384,215,197,139,1,20251021_025153
1760982683.3598418,2649728,678330368,678.330368,219,198,138,1,20251021_025153
1760982683.3698258,2649767,678340352,678.340352,223,198,140,1,20251021_025153
1760982683.37981,2649806,678350336,678.350336,227,197,140,1,20251021_025153
1760982683.389794,2649845,678360320,678.36032,231,198,140,1,20251021_025153
1760982683.399778,2649884,678370304,678.370304,235,197,138,1,20251021_025153
1760982683.4097617,2649923,678380288,678.380288,238,198,140,1,20251021_025153
1760982683.4197457,2649962,678390272,678.390272,241,198,141,1,20251021_025153
1760982683.4297297,2650001,678400256,678.400256,244,198,141,1,20251021_025153
1760982683.4397137,2650040,678410240,678.41024,247,198,141,1,20251021_025153
1760982683.4496975,2650079,678420224,678.420224,250,197,141,1,20251021_025153
1760982683.4596815,2650118,678430208,678.430208,253,198,138,1,20251021_025153
1760982683.4696658,2650157,678440192,678.440192,1,198,139,1,20251021_025153
1760982683.4796498,2650196,678450176,678.450176,3,198,138,1,20251021_025153
1760982683.4896338,2650235,678460160,678.46016,6,198,136,1,20251021_025153
1760982683.499874,2650275,678470400,678.4704,8,198,133,1,20251021_025153
1760982683.509858,2650314,678480384,678.480384,10,198,134,1,20251021_025153
1760982683.5198417,2650353,678490368,678.490368,13,199,132,1,20251021_025153
1760982683.5298257,2650392,678500352,678.500352,15,198,130,1,20251021_025153
1760982683.5398097,2650431,678510336,678.510336,18,198,128,1,20251021_025153
1760982683.5497935,2650470,678520320,678.52032,20,198,127,1,20251021_025153
1760982683.5597775,2650509,678530304,678.530304,23,198,127,1,20251021_025153
1760982683.5697618,2650548,678540288,678.540288,25,198,124,1,20251021_025153
1760982683.5797458,2650587,678550272,678.550272,28,198,121,1,20251021_025153
1760982683.5897298,2650626,678560256,678.560256,31,198,114,1,20251021_025153
1760982683.5997138,2650665,678570240,678.57024,34,200,110,1,20251021_025153
1760982683.6096978,2650704,678580224,678.580224,37,199,106,1,20251021_025153
1760982683.6196818,2650743,678590208,678.590208,41,198,100,1,20251021_025153
1760982683.629666,2650782,678600192,678.600192,45,198,95,1,20251021_025153
1760982683.6399057,2650822,678610432,678.610432,50,198,92,1,20251021_025153
1760982683.6498897,2650861,678620416,678.620416,54,198,89,1,20251021_025153
1760982683.6598735,2650900,678630400,678.6304,59,198,87,1,20251021_025153
1760982683.6698575,2650939,678640384,678.640384,64,198,84,1,20251021_025153
1760982683.6798418,2650978,678650368,678.650368,69,198,84,1,20251021_025153
1760982683.6898258,2651017,678660352,678.660352,74,198,85,1,20251021_025153
1760982683.6998098,2651056,678670336,678.670336,79,197,85,1,20251021_025153
1760982683.7097938,2651095,678680320,678.68032,83,197,84,1,20251021_025153
1760982683.7197778,2651134,678690304,678.690304,88,197,84,1,20251021_025153
1760982683.7297618,2651173,678700288,678.700288,92,197,85,1,20251021_025153
1760982683.739746,2651212,678710272,678.710272,96,197,85,1,20251021_025153
1760982683.74973,2651251,678720256,678.720256,100,196,84,1,20251021_025153
1760982683.759714,2651290,678730240,678.73024,103,196,86,1,20251021_025153
1760982683.7696977,2651329,678740224,678.740224,107,196,85,1,20251021_025153
1760982683.7799375,2651369,678750464,678.750464,110,195,85,1,20251021_025153
1760982683.7899218,2651408,678760448,678.760448,114,196,86,1,20251021_025153
1760982683.7999058,2651447,678770432,678.770432,117,194,84,1,20251021_025153
1760982683.8098898,2651486,678780416,678.780416,120,195,85,1,20251021_025153
1760982683.8198738,2651525,678790400,678.7904,123,195,86,1,20251021_025153
1760982683.8298578,2651564,678800384,678.800384,126,195,87,1,20251021_025153
1760982683.8398418,2651603,678810368,678.810368,128,195,86,1,20251021_025153
1760982683.849826,2651642,678820352,678.820352,131,195,88,1,20251021_025153
1760982683.85981,2651681,678830336,678.830336,133,195,87,1,20251021_025153
1760982683.869794,2651720,678840320,678.84032,136,195,88,1,20251021_025153
1760982683.8797777,2651759,678850304,678.850304,138,195,88,1,20251021_025153
1760982683.8897617,2651798,678860288,678.860288,140,195,90,1,20251021_025153
1760982683.8997457,2651837,678870272,678.870272,143,195,91,1,20251021_025153
1760982683.9097297,2651876,678880256,678.880256,145,196,92,1,20251021_025153
1760982683.9199698,2651916,678890496,678.890496,147,195,93,1,20251021_025153
1760982683.9299538,2651955,678900480,678.90048,149,195,93,1,20251021_025153
1760982683.9399378,2651994,678910464,678.910464,151,195,94,1,20251021_025153
1760982683.9499218,2652033,678920448,678.920448,154,196,98,1,20251021_025153
1760982683.959906,2652072,678930432,678.930432,156,195,99,1,20251021_025153
1760982683.96989,2652111,678940416,678.940416,159,196,104,1,20251021_025153
1760982683.979874,2652150,678950400,678.9504,162,196,109,1,20251021_025153
1760982683.9898577,2652189,678960384,678.960384,165,196,113,1,20251021_025153
1760982683.9998417,2652228,678970368,678.970368,168,196,118,1,20251021_025153
1760982684.0098257,2652267,678980352,678.980352,172,196,122,1,20251021_025153
1760982684.0198095,2652306,678990336,678.990336,176,196,126,1,20251021_025153
1760982684.0297935,2652345,679000320,679.00032,180,197,127,1,20251021_025153
1760982684.0397778,2652384,679010304,679.010304,184,196,127,1,20251021_025153
1760982684.0497618,2652423,679020288,679.020288,189,196,128,1,20251021_025153
1760982684.0597458,2652462,679030272,679.030272,193,196,133,1,20251021_025153
1760982684.069986,2652502,679040512,679.040512,198,196,134,1,20251021_025153
1760982684.07997,2652541,679050496,679.050496,202,196,135,1,20251021_025153
1760982684.089954,2652580,679060480,679.06048,207,196,136,1,20251021_025153
1760982684.0999377,2652619,679070464,679.070464,211,196,136,1,20251021_025153
1760982684.1099217,2652658,679080448,679.080448,215,196,136,1,20251021_025153
1760982684.1199057,2652697,679090432,679.090432,219,196,137,1,20251021_025153
1760982684.1298895,2652736,679100416,679.100416,224,197,138,1,20251021_025153
1760982684.1398735,2652775,679110400,679.1104,227,196,139,1,20251021_025153
1760982684.1498578,2652814,679120384,679.120384,231,197,138,1,20251021_025153
1760982684.1598418,2652853,679130368,679.130368,235,197,139,1,20251021_025153
1760982684.1698258,2652892,679140352,679.140352,238,197,140,1,20251021_025153
1760982684.1798098,2652931,679150336,679.150336,241,197,140,1,20251021_025153
1760982684.1897938,2652970,679160320,679.16032,245,197,139,1,20251021_025153
1760982684.1997778,2653009,679170304,679.170304,248,198,140,1,20251021_025153
1760982684.2100177,2653049,679180544,679.180544,250,198,140,1,20251021_025153
1760982684.2200017,2653088,679190528,679.190528,253,198,140,1,20251021_025153
1760982684.2299857,2653127,679200512,679.200512,1,198,140,1,20251021_025153
1760982684.2399695,2653166,679210496,679.210496,3,198,138,1,20251021_025153
1760982684.2499535,2653205,679220480,679.22048,6,198,138,1,20251021_025153
1760982684.2599378,2653244,679230464,679.230464,8,198,136,1,20251021_025153
1760982684.2699218,2653283,679240448,679.240448,11,197,133,1,20251021_025153
1760982684.2799058,2653322,679250432,679.250432,13,198,132,1,20251021_025153
1760982684.2898898,2653361,679260416,679.260416,15,198,131,1,20251021_025153
1760982684.2998738,2653400,679270400,679.2704,18,198,129,1,20251021_025153
1760982684.3098578,2653439,679280384,679.280384,20,198,127,1,20251021_025153
1760982684.319842,2653478,679290368,679.290368,22,198,127,1,20251021_025153
1760982684.329826,2653517,679300352,679.300352,25,198,126,1,20251021_025153
1760982684.33981,2653556,679310336,679.310336,27,198,123,1,20251021_025153
1760982684.3497937,2653595,679320320,679.32032,30,198,118,1,20251021_025153
1760982684.3600338,2653635,679330560,679.33056,33,198,112,1,20251021_025153
1760982684.3700178,2653674,679340544,679.340544,37,198,108,1,20251021_025153
1760982684.3800018,2653713,679350528,679.350528,40,197,103,1,20251021_025153
1760982684.3899858,2653752,679360512,679.360512,44,198,99,1,20251021_025153
1760982684.3999698,2653791,679370496,679.370496,49,198,96,1,20251021_025153
1760982684.4099538,2653830,679380480,679.38048,53,198,92,1,20251021_025153
1760982684.4199378,2653869,679390464,679.390464,58,198,89,1,20251021_025153
1760982684.429922,2653908,679400448,679.400448,62,198,87,1,20251021_025153
1760982684.439906,2653947,679410432,679.410432,67,197,84,1,20251021_025153
1760982684.44989,2653986,679420416,679.420416,72,198,84,1,20251021_025153
1760982684.4598737,2654025,679430400,679.4304,77,197,85,1,20251021_025153
1760982684.4698577,2654064,679440384,679.440384,81,197,85,1,20251021_025153
1760982684.4798417,2654103,679450368,679.450368,86,197,84,1,20251021_025153
1760982684.4898255,2654142,679460352,679.460352,90,197,85,1,20251021_025153
1760982684.5000658,2654182,679470592,679.470592,94,196,85,1,20251021_025153
1760982684.5100498,2654221,679480576,679.480576,98,196,85,1,20251021_025153
1760982684.5200338,2654260,679490560,679.49056,102,196,85,1,20251021_025153
1760982684.530018,2654299,679500544,679.500544,106,196,86,1,20251021_025153
1760982684.540002,2654338,679510528,679.510528,109,195,86,1,20251021_025153
1760982684.549986,2654377,679520512,679.520512,112,194,86,1,20251021_025153
1760982684.5599697,2654416,679530496,679.530496,116,195,86,1,20251021_025153
1760982684.5699537,2654455,679540480,679.54048,119,194,86,1,20251021_025153
1760982684.5799377,2654494,679550464,679.550464,122,194,86,1,20251021_025153
1760982684.5899217,2654533,679560448,679.560448,124,194,87,1,20251021_025153
1760982684.5999055,2654572,679570432,679.570432,127,194,88,1,20251021_025153
1760982684.6098895,2654611,679580416,679.580416,130,194,88,1,20251021_025153
1760982684.6198738,2654650,679590400,679.5904,132,194,89,1,20251021_025153
1760982684.6298578,2654689,679600384,679.600384,135,194,90,1,20251021_025153
1760982684.6398418,2654728,679610368,679.610368,137,194,89,1,20251021_025153
1760982684.650082,2654768,679620608,679.620608,140,194,91,1,20251021_025153
1760982684.660066,2654807,679630592,679.630592,142,195,91,1,20251021_025153
1760982684.6700497,2654846,679640576,679.640576,144,194,94,1,20251021_025153
1760982684.6800337,2654885,679650560,679.65056,146,195,94,1,20251021_025153
1760982684.6900177,2654924,679660544,679.660544,149,194,94,1,20251021_025153
1760982684.7000017,2654963,679670528,679.670528,151,195,97,1,20251021_025153
1760982684.7099855,2655002,679680512,679.680512,153,195,98,1,20251021_025153
1760982684.7199695,2655041,679690496,679.690496,156,195,101,1,20251021_025153
1760982684.7299538,2655080,679700480,679.70048,159,195,105,1,20251021_025153
1760982684.7399378,2655119,679710464,679.710464,162,195,110,1,20251021_025153
1760982684.7499218,2655158,679720448,679.720448,165,196,114,1,20251021_025153
1760982684.7599058,2655197,679730432,679.730432,168,195,120,1,20251021_025153
1760982684.7698898,2655236,679740416,679.740416,172,196,122,1,20251021_025153
1760982684.7798738,2655275,679750400,679.7504,176,195,125,1,20251021_025153
1760982684.7901137,2655315,679760640,679.76064,180,196,126,1,20251021_025153
1760982684.8000977,2655354,679770624,679.770624,184,196,127,1,20251021_025153
1760982684.8100815,2655393,679780608,679.780608,189,196,129,1,20251021_025153
1760982684.8200655,2655432,679790592,679.790592,193,195,132,1,20251021_025153
1760982684.8300498,2655471,679800576,679.800576,198,195,134,1,20251021_025153
1760982684.8400338,2655510,679810560,679.81056,202,195,135,1,20251021_025153
1760982684.8500178,2655549,679820544,679.820544,207,195,136,1,20251021_025153
1760982684.8600018,2655588,679830528,679.830528,211,196,136,1,20251021_025153
1760982684.8699858,2655627,679840512,679.840512,215,196,138,1,20251021_025153
1760982684.8799698,2655666,679850496,679.850496,219,196,138,1,20251021_025153
1760982684.889954,2655705,679860480,679.86048,224,196,139,1,20251021_025153
1760982684.899938,2655744,679870464,679.870464,227,197,138,1,20251021_025153
1760982684.909922,2655783,679880448,679.880448,231,197,139,1,20251021_025153
1760982684.9199057,2655822,679890432,679.890432,235,197,139,1,20251021_025153
1760982684.9298897,2655861,679900416,679.900416,238,198,140,1,20251021_025153
1760982684.9401298,2655901,679910656,679.910656,241,198,140,1,20251021_025153
1760982684.9501138,2655940,679920640,679.92064,245,198,140,1,20251021_025153
1760982684.9600978,2655979,679930624,679.930624,248,198,139,1,20251021_025153
1760982684.9700818,2656018,679940608,679.940608,250,198,140,1,20251021_025153
1760982684.9800658,2656057,679950592,679.950592,253,197,138,1,20251021_025153
1760982684.9900498,2656096,679960576,679.960576,1,198,138,1,20251021_025153
1760982685.000034,2656135,679970560,679.97056,3,198,138,1,20251021_025153
1760982685.010018,2656174,679980544,679.980544,6,198,136,1,20251021_025153
1760982685.020002,2656213,679990528,679.990528,8,199,134,1,20251021_025153
1760982685.0299857,2656252,680000512,680.000512,11,198,132,1,20251021_025153
1760982685.0399697,2656291,680010496,680.010496,13,199,130,1,20251021_025153
1760982685.0499537,2656330,680020480,680.02048,16,198,128,1,20251021_025153
1760982685.0599377,2656369,680030464,680.030464,18,199,128,1,20251021_025153
1760982685.0699215,2656408,680040448,680.040448,20,198,126,1,20251021_025153
1760982685.0801618,2656448,680050688,680.050688,23,198,127,1,20251021_025153
1760982685.0901458,2656487,680060672,680.060672,26,199,121,1,20251021_025153
1760982685.1001298,2656526,680070656,680.070656,28,199,115,1,20251021_025153
1760982685.110114,2656565,680080640,680.08064,32,199,111,1,20251021_025153
1760982685.120098,2656604,680090624,680.090624,35,199,106,1,20251021_025153
1760982685.130082,2656643,680100608,680.100608,39,199,103,1,20251021_025153
1760982685.1400657,2656682,680110592,680.110592,43,199,99,1,20251021_025153
1760982685.1500497,2656721,680120576,680.120576,47,199,96,1,20251021_025153
1760982685.1600337,2656760,680130560,680.13056,51,198,92,1,20251021_025153
1760982685.1700175,2656799,680140544,680.140544,56,199,88,1,20251021_025153
1760982685.1800015,2656838,680150528,680.150528,61,198,87,1,20251021_025153
1760982685.1899858,2656877,680160512,680.160512,66,198,85,1,20251021_025153
1760982685.1999698,2656916,680170496,680.170496,71,198,82,1,20251021_025153
1760982685.2099538,2656955,680180480,680.18048,75,197,84,1,20251021_025153
1760982685.220194,2656995,680190720,680.19072,80,199,86,1,20251021_025153
1760982685.230178,2657034,680200704,680.200704,84,198,86,1,20251021_025153
1760982685.240162,2657073,680210688,680.210688,89,198,84,1,20251021_025153
1760982685.2501457,2657112,680220672,680.220672,93,198,86,1,20251021_025153
1760982685.2601297,2657151,680230656,680.230656,97,197,85,1,20251021_025153
1760982685.2701137,2657190,680240640,680.24064,101,198,86,1,20251021_025153
1760982685.2800975,2657229,680250624,680.250624,104,197,86,1,20251021_025153
1760982685.2900815,2657268,680260608,680.260608,108,197,86,1,20251021_025153
1760982685.3000658,2657307,680270592,680.270592,111,197,83,1,20251021_025153
1760982685.3100498,2657346,680280576,680.280576,115,197,86,1,20251021_025153
1760982685.3200338,2657385,680290560,680.29056,118,196,85,1,20251021_025153
1760982685.3300178,2657424,680300544,680.300544,121,197,87,1,20251021_025153
1760982685.3400018,2657463,680310528,680.310528,124,198,87,1,20251021_025153
1760982685.3499858,2657502,680320512,680.320512,126,197,88,1,20251021_025153
1760982685.35997,2657541,680330496,680.330496,129,197,89,1,20251021_025153
1760982685.3702097,2657581,680340736,680.340736,132,196,90,1,20251021_025153
1760982685.3801937,2657620,680350720,680.35072,134,196,91,1,20251021_025153
1760982685.3901775,2657659,680360704,680.360704,137,196,92,1,20251021_025153
1760982685.4001615,2657698,680370688,680.370688,139,196,94,1,20251021_025153
1760982685.4101458,2657737,680380672,680.380672,142,196,99,1,20251021_025153
1760982685.4201298,2657776,680390656,680.390656,144,196,102,1,20251021_025153
1760982685.4301138,2657815,680400640,680.40064,147,196,108,1,20251021_025153
1760982685.4400978,2657854,680410624,680.410624,150,196,110,1,20251021_025153
1760982685.4500818,2657893,680420608,680.420608,154,196,116,1,20251021_025153
1760982685.4600658,2657932,680430592,680.430592,157,196,120,1,20251021_025153
1760982685.47005,2657971,680440576,680.440576,161,197,123,1,20251021_025153
1760982685.480034,2658010,680450560,680.45056,165,196,125,1,20251021_025153
1760982685.490018,2658049,680460544,680.460544,169,197,130,1,20251021_025153
1760982685.5000017,2658088,680470528,680.470528,174,197,134,1,20251021_025153
1760982685.5099857,2658127,680480512,680.480512,178,196,134,1,20251021_025153
1760982685.5202258,2658167,680490752,680.490752,183,196,133,1,20251021_025153
1760982685.5302098,2658206,680500736,680.500736,188,196,134,1,20251021_025153
1760982685.5401938,2658245,680510720,680.51072,193,196,136,1,20251021_025153
1760982685.5501778,2658284,680520704,680.520704,197,196,136,1,20251021_025153
1760982685.5601618,2658323,680530688,680.530688,202,196,138,1,20251021_025153
1760982685.5701458,2658362,680540672,680.540672,207,197,138,1,20251021_025153
1760982685.58013,2658401,680550656,680.550656,211,197,139,1,20251021_025153
1760982685.590114,2658440,680560640,680.56064,215,197,139,1,20251021_025153
1760982685.600098,2658479,680570624,680.570624,220,196,139,1,20251021_025153
1760982685.6100817,2658518,680580608,680.580608,224,197,139,1,20251021_025153
1760982685.6200657,2658557,680590592,680.590592,228,197,140,1,20251021_025153
1760982685.6300497,2658596,680600576,680.600576,231,197,140,1,20251021_025153
1760982685.6400335,2658635,680610560,680.61056,235,197,140,1,20251021_025153
1760982685.6500175,2658674,680620544,680.620544,238,198,140,1,20251021_025153
1760982685.6602578,2658714,680630784,680.630784,242,198,141,1,20251021_025153
1760982685.6702418,2658753,680640768,680.640768,245,198,141,1,20251021_025153
1760982685.6802258,2658792,680650752,680.650752,248,198,141,1,20251021_025153
1760982685.69021,2658831,680660736,680.660736,251,198,141,1,20251021_025153
1760982685.700194,2658870,680670720,680.67072,253,198,140,1,20251021_025153
1760982685.710178,2658909,680680704,680.680704,1,198,139,1,20251021_025153
1760982685.7201617,2658948,680690688,680.690688,3,198,139,1,20251021_025153
1760982685.7301457,2658987,680700672,680.700672,6,198,136,1,20251021_025153
1760982685.7401297,2659026,680710656,680.710656,8,199,136,1,20251021_025153
1760982685.7501135,2659065,680720640,680.72064,11,199,133,1,20251021_025153
1760982685.7600975,2659104,680730624,680.730624,13,199,132,1,20251021_025153
1760982685.7700818,2659143,680740608,680.740608,16,199,132,1,20251021_025153
1760982685.7800658,2659182,680750592,680.750592,18,198,128,1,20251021_025153
1760982685.7900498,2659221,680760576,680.760576,20,199,127,1,20251021_025153
1760982685.80029,2659261,680770816,680.770816,23,198,127,1,20251021_025153
1760982685.810274,2659300,680780800,680.7808,25,199,125,1,20251021_025153
1760982685.8202577,2659339,680790784,680.790784,28,199,122,1,20251021_025153
1760982685.8302417,2659378,680800768,680.800768,31,199,116,1,20251021_025153
1760982685.8402257,2659417,680810752,680.810752,34,199,109,1,20251021_025153
1760982685.8502097,2659456,680820736,680.820736,37,199,105,1,20251021_025153
1760982685.8601935,2659495,680830720,680.83072,41,198,101,1,20251021_025153
1760982685.8701775,2659534,680840704,680.840704,45,198,95,1,20251021_025153
1760982685.8801618,2659573,680850688,680.850688,50,199,91,1,20251021_025153
1760982685.8901458,2659612,680860672,680.860672,55,199,89,1,20251021_025153
1760982685.9001298,2659651,680870656,680.870656,59,198,88,1,20251021_025153
1760982685.9101138,2659690,680880640,680.88064,64,198,85,1,20251021_025153
1760982685.9200978,2659729,680890624,680.890624,69,199,84,1,20251021_025153
1760982685.9300818,2659768,680900608,680.900608,74,199,85,1,20251021_025153
1760982685.940066,2659807,680910592,680.910592,79,198,86,1,20251021_025153
1760982685.9503057,2659847,680920832,680.920832,83,198,84,1,20251021_025153
1760982685.9602897,2659886,680930816,680.930816,88,198,84,1,20251021_025153
1760982685.9702735,2659925,680940800,680.9408,92,199,86,1,20251021_025153
1760982685.9802575,2659964,680950784,680.950784,96,198,86,1,20251021_025153
1760982685.9902418,2660003,680960768,680.960768,100,198,86,1,20251021_025153
1760982686.0002258,2660042,680970752,680.970752,103,197,86,1,20251021_025153
1760982686.0102098,2660081,680980736,680.980736,107,198,86,1,20251021_025153
1760982686.0201938,2660120,680990720,680.99072,110,198,86,1,20251021_025153
1760982686.0301778,2660159,681000704,681.000704,114,197,85,1,20251021_025153
1760982686.0401618,2660198,681010688,681.010688,117,198,86,1,20251021_025153
1760982686.050146,2660237,681020672,681.020672,120,197,86,1,20251021_025153
1760982686.06013,2660276,681030656,681.030656,123,197,86,1,20251021_025153
1760982686.070114,2660315,681040640,681.04064,125,196,84,1,20251021_025153
1760982686.0800977,2660354,681050624,681.050624,128,196,86,1,20251021_025153
1760982686.0903378,2660394,681060864,681.060864,131,196,86,1,20251021_025153
1760982686.1003218,2660433,681070848,681.070848,133,196,87,1,20251021_025153
1760982686.1103058,2660472,681080832,681.080832,136,196,88,1,20251021_025153
1760982686.1202898,2660511,681090816,681.090816,138,196,88,1,20251021_025153
1760982686.1302738,2660550,681100800,681.1008,140,196,89,1,20251021_025153
1760982686.1402578,2660589,681110784,681.110784,142,196,90,1,20251021_025153
1760982686.150242,2660628,681120768,681.120768,145,197,91,1,20251021_025153
1760982686.160226,2660667,681130752,681.130752,147,196,91,1,20251021_025153
1760982686.17021,2660706,681140736,681.140736,149,197,93,1,20251021_025153
1760982686.1801937,2660745,681150720,681.15072,151,196,94,1,20251021_025153
1760982686.1901777,2660784,681160704,681.160704,153,196,94,1,20251021_025153
1760982686.2001617,2660823,681170688,681.170688,156,196,96,1,20251021_025153
1760982686.2101457,2660862,681180672,681.180672,158,197,99,1,20251021_025153
1760982686.2201295,2660901,681190656,681.190656,160,196,103,1,20251021_025153
1760982686.2301135,2660940,681200640,681.20064,163,198,106,1,20251021_025153
1760982686.2403538,2660980,681210880,681.21088,166,197,110,1,20251021_025153
1760982686.2503378,2661019,681220864,681.220864,169,197,113,1,20251021_025153
1760982686.260322,2661058,681230848,681.230848,173,198,117,1,20251021_025153
1760982686.270306,2661097,681240832,681.240832,176,198,120,1,20251021_025153
1760982686.28029,2661136,681250816,681.250816,180,200,124,1,20251021_025153
1760982686.2902737,2661175,681260800,681.2608,184,199,127,1,20251021_025153
1760982686.3002577,2661214,681270784,681.270784,189,198,127,1,20251021_025153
1760982686.3102417,2661253,681280768,681.280768,193,198,128,1,20251021_025153
1760982686.3202257,2661292,681290752,681.290752,197,198,133,1,20251021_025153
1760982686.3302095,2661331,681300736,681.300736,202,198,134,1,20251021_025153
1760982686.3401935,2661370,681310720,681.31072,206,198,133,1,20251021_025153
1760982686.3501778,2661409,681320704,681.320704,210,198,134,1,20251021_025153
1760982686.3601618,2661448,681330688,681.330688,215,198,136,1,20251021_025153
1760982686.3701458,2661487,681340672,681.340672,219,198,135,1,20251021_025153
1760982686.380386,2661527,681350912,681.350912,223,199,138,1,20251021_025153
1760982686.39037,2661566,681360896,681.360896,227,198,138,1,20251021_025153
1760982686.4003537,2661605,681370880,681.37088,230,199,138,1,20251021_025153
1760982686.4103377,2661644,681380864,681.380864,234,198,137,1,20251021_025153
1760982686.4203217,2661683,681390848,681.390848,237,199,139,1,20251021_025153
1760982686.4303055,2661722,681400832,681.400832,241,199,140,1,20251021_025153
1760982686.4402895,2661761,681410816,681.410816,244,199,138,1,20251021_025153
1760982686.4502738,2661800,681420800,681.4208,247,200,140,1,20251021_025153
1760982686.4602578,2661839,681430784,681.430784,250,199,139,1,20251021_025153
1760982686.4702418,2661878,681440768,681.440768,253,200,138,1,20251021_025153
1760982686.4802258,2661917,681450752,681.450752,0,199,137,1,20251021_025153
1760982686.4902098,2661956,681460736,681.460736,3,200,137,1,20251021_025153
1760982686.5001938,2661995,681470720,681.47072,5,199,135,1,20251021_025153
1760982686.510178,2662034,681480704,681.480704,8,199,133,1,20251021_025153
1760982686.5204177,2662074,681490944,681.490944,10,199,131,1,20251021_025153
1760982686.5304017,2662113,681500928,681.500928,13,199,131,1,20251021_025153
1760982686.5403855,2662152,681510912,681.510912,15,199,128,1,20251021_025153
1760982686.5503695,2662191,681520896,681.520896,18,200,127,1,20251021_025153
1760982686.5603538,2662230,681530880,681.53088,20,199,126,1,20251021_025153
1760982686.5703378,2662269,681540864,681.540864,23,201,127,1,20251021_025153
1760982686.5803218,2662308,681550848,681.550848,25,200,123,1,20251021_025153
1760982686.5903058,2662347,681560832,681.560832,28,199,115,1,20251021_025153
1760982686.6002898,2662386,681570816,681.570816,31,199,111,1,20251021_025153
1760982686.6102738,2662425,681580800,681.5808,35,200,105,1,20251021_025153
1760982686.620258,2662464,681590784,681.590784,38,199,104,1,20251021_025153
1760982686.630242,2662503,681600768,681.600768,42,200,100,1,20251021_025153
1760982686.640226,2662542,681610752,681.610752,46,199,97,1,20251021_025153
1760982686.6502097,2662581,681620736,681.620736,51,199,92,1,20251021_025153
1760982686.6604495,2662621,681630976,681.630976,55,200,91,1,20251021_025153
1760982686.6704338,2662660,681640960,681.64096,60,200,88,1,20251021_025153
1760982686.6804178,2662699,681650944,681.650944,65,199,83,1,20251021_025153
1760982686.6904018,2662738,681660928,681.660928,70,199,84,1,20251021_025153
1760982686.7003858,2662777,681670912,681.670912,75,199,85,1,20251021_025153
1760982686.7103698,2662816,681680896,681.680896,79,199,85,1,20251021_025153
1760982686.7203538,2662855,681690880,681.69088,84,199,85,1,20251021_025153
1760982686.730338,2662894,681700864,681.700864,88,200,84,1,20251021_025153
1760982686.740322,2662933,681710848,681.710848,92,199,84,1,20251021_025153
1760982686.750306,2662972,681720832,681.720832,96,199,86,1,20251021_025153
1760982686.7602897,2663011,681730816,681.730816,100,199,85,1,20251021_025153
1760982686.7702737,2663050,681740800,681.7408,104,199,83,1,20251021_025153
1760982686.7802577,2663089,681750784,681.750784,107,199,86,1,20251021_025153
1760982686.7902417,2663128,681760768,681.760768,111,198,85,1,20251021_025153
1760982686.8002255,2663167,681770752,681.770752,114,198,85,1,20251021_025153
1760982686.8104658,2663207,681780992,681.780992,117,197,85,1,20251021_025153
1760982686.8204498,2663246,681790976,681.790976,120,197,85,1,20251021_025153
1760982686.8304338,2663285,681800960,681.80096,123,197,87,1,20251021_025153
1760982686.840418,2663324,681810944,681.810944,126,197,87,1,20251021_025153
1760982686.850402,2663363,681820928,681.820928,129,197,88,1,20251021_025153
1760982686.860386,2663402,681830912,681.830912,131,197,89,1,20251021_025153
1760982686.8703697,2663441,681840896,681.840896,134,196,88,1,20251021_025153
1760982686.8803537,2663480,681850880,681.85088,136,197,92,1,20251021_025153
1760982686.8903377,2663519,681860864,681.860864,139,197,94,1,20251021_025153
1760982686.9003215,2663558,681870848,681.870848,141,197,100,1,20251021_025153
1760982686.9103055,2663597,681880832,681.880832,144,197,103,1,20251021_025153
1760982686.9202898,2663636,681890816,681.890816,147,197,110,1,20251021_025153
1760982686.9302738,2663675,681900800,681.9008,150,197,114,1,20251021_025153
1760982686.9402578,2663714,681910784,681.910784,154,197,119,1,20251021_025153
1760982686.950498,2663754,681921024,681.921024,157,198,124,1,20251021_025153
1760982686.960482,2663793,681931008,681.931008,161,197,125,1,20251021_025153
1760982686.970466,2663832,681940992,681.940992,166,197,128,1,20251021_025153
1760982686.9804497,2663871,681950976,681.950976,170,197,131,1,20251021_025153
1760982686.9904337,2663910,681960960,681.96096,175,198,133,1,20251021_025153
1760982687.0004177,2663949,681970944,681.970944,179,197,133,1,20251021_025153
1760982687.0104015,2663988,681980928,681.980928,184,198,134,1,20251021_025153
1760982687.0203855,2664027,681990912,681.990912,189,198,136,1,20251021_025153
1760982687.0303698,2664066,682000896,682.000896,193,197,133,1,20251021_025153
1760982687.0403538,2664105,682010880,682.01088,198,198,137,1,20251021_025153
1760982687.0503378,2664144,682020864,682.020864,203,198,136,1,20251021_025153
1760982687.0603218,2664183,682030848,682.030848,207,199,138,1,20251021_025153
1760982687.0703058,2664222,682040832,682.040832,212,198,138,1,20251021_025153
1760982687.0802898,2664261,682050816,682.050816,216,198,139,1,20251021_025153
1760982687.090274,2664300,682060800,682.0608,220,199,139,1,20251021_025153
1760982687.1005137,2664340,682071040,682.07104,224,199,139,1,20251021_025153
1760982687.1104977,2664379,682081024,682.081024,228,198,140,1,20251021_025153
1760982687.1204815,2664418,682091008,682.091008,232,199,139,1,20251021_025153
1760982687.1304655,2664457,682100992,682.100992,235,199,140,1,20251021_025153
1760982687.1404498,2664496,682110976,682.110976,239,199,140,1,20251021_025153
1760982687.1504338,2664535,682120960,682.12096,242,199,139,1,20251021_025153
1760982687.1604178,2664574,682130944,682.130944,245,199,140,1,20251021_025153
1760982687.1704018,2664613,682140928,682.140928,248,199,140,1,20251021_025153
1760982687.1803858,2664652,682150912,682.150912,251,200,139,1,20251021_025153
1760982687.1903698,2664691,682160896,682.160896,254,200,139,1,20251021_025153
1760982687.200354,2664730,682170880,682.17088,1,199,138,1,20251021_025153
1760982687.210338,2664769,682180864,682.180864,4,200,137,1,20251021_025153
1760982687.220322,2664808,682190848,682.190848,6,200,135,1,20251021_025153
1760982687.2303057,2664847,682200832,682.200832,9,200,134,1,20251021_025153
1760982687.2402897,2664886,682210816,682.210816,11,199,131,1,20251021_025153
1760982687.2505298,2664926,682221056,682.221056,14,200,130,1,20251021_025153
1760982687.2605138,2664965,682231040,682.23104,16,200,129,1,20251021_025153
1760982687.2704978,2665004,682241024,682.241024,18,200,127,1,20251021_025153
1760982687.2804818,2665043,682251008,682.251008,21,199,127,1,20251021_025153
1760982687.2904658,2665082,682260992,682.260992,23,199,125,1,20251021_025153
1760982687.3004498,2665121,682270976,682.270976,26,200,124,1,20251021_025153
1760982687.310434,2665160,682280960,682.28096,29,200,118,1,20251021_025153
1760982687.320418,2665199,682290944,682.290944,32,199,113,1,20251021_025153
1760982687.330402,2665238,682300928,682.300928,35,200,108,1,20251021_025153
1760982687.3403857,2665277,682310912,682.310912,39,199,104,1,20251021_025153
1760982687.3503697,2665316,682320896,682.320896,43,199,98,1,20251021_025153
1760982687.3603537,2665355,682330880,682.33088,47,199,95,1,20251021_025153
1760982687.3703375,2665394,682340864,682.340864,51,199,90,1,20251021_025153
1760982687.3803215,2665433,682350848,682.350848,56,199,88,1,20251021_025153
1760982687.3905618,2665473,682361088,682.361088,61,200,86,1,20251021_025153
1760982687.4005458,2665512,682371072,682.371072,66,200,84,1,20251021_025153
1760982687.41053,2665551,682381056,682.381056,71,200,84,1,20251021_025153
1760982687.420514,2665590,682391040,682.39104,76,199,86,1,20251021_025153
1760982687.430498,2665629,682401024,682.401024,80,199,85,1,20251021_025153
1760982687.4404817,2665668,682411008,682.411008,85,199,86,1,20251021_025153
1760982687.4504657,2665707,682420992,682.420992,89,199,85,1,20251021_025153
1760982687.4604497,2665746,682430976,682.430976,93,199,85,1,20251021_025153
1760982687.4704337,2665785,682440960,682.44096,97,199,85,1,20251021_025153
1760982687.4804175,2665824,682450944,682.450944,101,199,86,1,20251021_025153
1760982687.4904015,2665863,682460928,682.460928,105,199,85,1,20251021_025153
1760982687.5003858,2665902,682470912,682.470912,108,199,85,1,20251021_025153
1760982687.5103698,2665941,682480896,682.480896,112,198,86,1,20251021_025153
1760982687.5203538,2665980,682490880,682.49088,115,198,86,1,20251021_025153
1760982687.5303378,2666019,682500864,682.500864,118,198,85,1,20251021_025153
1760982687.540578,2666059,682511104,682.511104,121,197,86,1,20251021_025153
1760982687.5505617,2666098,682521088,682.521088,124,198,86,1,20251021_025153
1760982687.5605457,2666137,682531072,682.531072,126,197,86,1,20251021_025153
1760982687.5705297,2666176,682541056,682.541056,129,199,87,1,20251021_025153
1760982687.5805137,2666215,682551040,682.55104,131,198,87,1,20251021_025153
1760982687.5904975,2666254,682561024,682.561024,134,198,88,1,20251021_025153
1760982687.6004815,2666293,682571008,682.571008,136,198,88,1,20251021_025153
1760982687.6104658,2666332,682580992,682.580992,139,197,88,1,20251021_025153
1760982687.6204498,2666371,682590976,682.590976,141,198,89,1,20251021_025153
1760982687.6304338,2666410,682600960,682.60096,143,198,90,1,20251021_025153
1760982687.6404178,2666449,682610944,682.610944,145,197,90,1,20251021_025153
1760982687.6504018,2666488,682620928,682.620928,147,197,90,1,20251021_025153
1760982687.6603858,2666527,682630912,682.630912,150,198,92,1,20251021_025153
1760982687.67037,2666566,682640896,682.640896,152,198,92,1,20251021_025153
1760982687.6806097,2666606,682651136,682.651136,154,198,93,1,20251021_025153
1760982687.6905935,2666645,682661120,682.66112,156,198,96,1,20251021_025153
1760982687.7005775,2666684,682671104,682.671104,158,197,100,1,20251021_025153
1760982687.7105618,2666723,682681088,682.681088,161,198,103,1,20251021_025153
1760982687.7205458,2666762,682691072,682.691072,164,198,110,1,20251021_025153
1760982687.7305298,2666801,682701056,682.701056,167,198,113,1,20251021_025153
1760982687.7405138,2666840,682711040,682.71104,171,197,118,1,20251021_025153
1760982687.7504978,2666879,682721024,682.721024,174,198,119,1,20251021_025153
1760982687.7604818,2666918,682731008,682.731008,178,198,123,1,20251021_025153
1760982687.770466,2666957,682740992,682.740992,182,198,125,1,20251021_025153
1760982687.78045,2666996,682750976,682.750976,186,198,126,1,20251021_025153
1760982687.790434,2667035,682760960,682.76096,191,197,128,1,20251021_025153
1760982687.8006735,2667075,682771200,682.7712,195,198,132,1,20251021_025153
1760982687.8106575,2667114,682781184,682.781184,199,199,134,1,20251021_025153
1760982687.8206418,2667153,682791168,682.791168,204,199,134,1,20251021_025153
1760982687.8306258,2667192,682801152,682.801152,208,199,134,1,20251021_025153
1760982687.8406098,2667231,682811136,682.811136,213,199,136,1,20251021_025153
1760982687.8505938,2667270,682821120,682.82112,217,200,137,1,20251021_025153
1760982687.860834,2667310,682831360,682.83136,221,199,137,1,20251021_025153
1760982687.870818,2667349,682841344,682.841344,225,198,136,1,20251021_025153
1760982687.8808017,2667388,682851328,682.851328,229,200,138,1,20251021_025153
1760982687.8907857,2667427,682861312,682.861312,232,200,139,1,20251021_025153
1760982687.9007697,2667466,682871296,682.871296,236,200,139,1,20251021_025153
1760982687.9107535,2667505,682881280,682.88128,239,200,139,1,20251021_025153
1760982687.9207375,2667544,682891264,682.891264,243,199,138,1,20251021_025153
1760982687.9307218,2667583,682901248,682.901248,246,200,139,1,20251021_025153
1760982687.9409618,2667623,682911488,682.911488,249,201,140,1,20251021_025153
1760982687.950946,2667662,682921472,682.921472,251,200,136,1,20251021_025153
1760982687.96093,2667701,682931456,682.931456,254,201,139,1,20251021_025153
1760982687.970914,2667740,682941440,682.94144,2,200,138,1,20251021_025153
1760982687.9808977,2667779,682951424,682.951424,4,200,138,1,20251021_025153
1760982687.9908817,2667818,682961408,682.961408,7,200,136,1,20251021_025153
1760982688.0008657,2667857,682971392,682.971392,9,200,136,1,20251021_025153
1760982688.0111058,2667897,682981632,682.981632,11,200,133,1,20251021_025153
1760982688.0210898,2667936,682991616,682.991616,14,200,132,1,20251021_025153
1760982688.0310738,2667975,683001600,683.0016,16,200,131,1,20251021_025153
1760982688.0410578,2668014,683011584,683.011584,18,200,129,1,20251021_025153
1760982688.0510418,2668053,683021568,683.021568,21,200,127,1,20251021_025153
1760982688.061026,2668092,683031552,683.031552,23,199,127,1,20251021_025153
1760982688.07101,2668131,683041536,683.041536,25,200,127,1,20251021_025153
1760982688.080994,2668170,683051520,683.05152,28,200,124,1,20251021_025153
1760982688.0909777,2668209,683061504,683.061504,31,200,115,1,20251021_025153
1760982688.1009617,2668248,683071488,683.071488,34,200,109,1,20251021_025153
1760982688.1109457,2668287,683081472,683.081472,37,200,105,1,20251021_025153
1760982688.1209297,2668326,683091456,683.091456,41,200,100,1,20251021_025153
1760982688.1309135,2668365,683101440,683.10144,45,200,96,1,20251021_025153
1760982688.1411538,2668405,683111680,683.11168,50,200,94,1,20251021_025153
1760982688.1511378,2668444,683121664,683.121664,54,201,90,1,20251021_025153
1760982688.1611218,2668483,683131648,683.131648,59,200,88,1,20251021_025153
1760982688.171106,2668522,683141632,683.141632,64,200,86,1,20251021_025153
1760982688.18109,2668561,683151616,683.151616,69,200,84,1,20251021_025153
1760982688.191074,2668600,683161600,683.1616,74,200,83,1,20251021_025153
1760982688.2010577,2668639,683171584,683.171584,78,200,85,1,20251021_025153
1760982688.2110417,2668678,683181568,683.181568,83,200,85,1,20251021_025153
1760982688.2210257,2668717,683191552,683.191552,87,200,86,1,20251021_025153
1760982688.2310095,2668756,683201536,683.201536,91,200,86,1,20251021_025153
1760982688.2409935,2668795,683211520,683.21152,96,199,85,1,20251021_025153
1760982688.2509778,2668834,683221504,683.221504,99,199,86,1,20251021_025153
1760982688.2609618,2668873,683231488,683.231488,103,199,86,1,20251021_025153
1760982688.2709458,2668912,683241472,683.241472,107,199,86,1,20251021_025153
1760982688.281186,2668952,683251712,683.251712,110,199,85,1,20251021_025153
1760982688.29117,2668991,683261696,683.261696,113,199,86,1,20251021_025153
1760982688.301154,2669030,683271680,683.27168,117,199,86,1,20251021_025153
1760982688.3111377,2669069,683281664,683.281664,120,199,86,1,20251021_025153
1760982688.3211217,2669108,683291648,683.291648,123,198,85,1,20251021_025153
1760982688.3311057,2669147,683301632,683.301632,125,198,84,1,20251021_025153
1760982688.3410895,2669186,683311616,683.311616,128,198,84,1,20251021_025153
1760982688.3510735,2669225,683321600,683.3216,130,198,87,1,20251021_025153
1760982688.3610578,2669264,683331584,683.331584,133,198,86,1,20251021_025153
1760982688.3710418,2669303,683341568,683.341568,135,198,88,1,20251021_025153
1760982688.3810258,2669342,683351552,683.351552,138,198,87,1,20251021_025153
1760982688.3910098,2669381,683361536,683.361536,140,198,90,1,20251021_025153
1760982688.4009938,2669420,683371520,683.37152,142,198,90,1,20251021_025153
1760982688.4109778,2669459,683381504,683.381504,144,198,91,1,20251021_025153
1760982688.420962,2669498,683391488,683.391488,147,198,94,1,20251021_025153
1760982688.4312017,2669538,683401728,683.401728,149,198,94,1,20251021_025153
1760982688.4411857,2669577,683411712,683.411712,151,198,96,1,20251021_025153
1760982688.4511695,2669616,683421696,683.421696,154,198,98,1,20251021_025153
1760982688.4611535,2669655,683431680,683.43168,156,198,101,1,20251021_025153
1760982688.4711378,2669694,683441664,683.441664,159,199,104,1,20251021_025153
1760982688.4811218,2669733,683451648,683.451648,162,199,108,1,20251021_025153
1760982688.4911058,2669772,683461632,683.461632,165,198,112,1,20251021_025153
1760982688.5010898,2669811,683471616,683.471616,168,198,115,1,20251021_025153
1760982688.5110738,2669850,683481600,683.4816,172,198,116,1,20251021_025153
1760982688.5210578,2669889,683491584,683.491584,175,199,120,1,20251021_025153
1760982688.531042,2669928,683501568,683.501568,179,198,122,1,20251021_025153
1760982688.541026,2669967,683511552,683.511552,183,199,124,1,20251021_025153
1760982688.55101,2670006,683521536,683.521536,187,199,127,1,20251021_025153
1760982688.5609937,2670045,683531520,683.53152,192,199,130,1,20251021_025153
1760982688.5709777,2670084,683541504,683.541504,196,199,134,1,20251021_025153
1760982688.5812178,2670124,683551744,683.551744,201,199,134,1,20251021_025153
1760982688.5912018,2670163,683561728,683.561728,205,199,135,1,20251021_025153
1760982688.6011858,2670202,683571712,683.571712,210,199,136,1,20251021_025153
1760982688.6111698,2670241,683581696,683.581696,214,198,136,1,20251021_025153
1760982688.6211538,2670280,683591680,683.59168,218,200,137,1,20251021_025153
1760982688.6311378,2670319,683601664,683.601664,222,199,137,1,20251021_025153
1760982688.641122,2670358,683611648,683.611648,226,199,138,1,20251021_025153
1760982688.651106,2670397,683621632,683.621632,230,200,139,1,20251021_025153
1760982688.6613455,2670437,683631872,683.631872,234,200,138,1,20251021_025153
1760982688.6713295,2670476,683641856,683.641856,237,200,139,1,20251021_025153
1760982688.6813138,2670515,683651840,683.65184,240,200,139,1,20251021_025153
1760982688.6912978,2670554,683661824,683.661824,244,200,140,1,20251021_025153
1760982688.7012818,2670593,683671808,683.671808,247,200,140,1,20251021_025153
1760982688.7112658,2670632,683681792,683.681792,249,200,139,1,20251021_025153
1760982688.7212498,2670671,683691776,683.691776,252,200,138,1,20251021_025153
1760982688.7312338,2670710,683701760,683.70176,0,200,138,1,20251021_025153
1760982688.7414737,2670750,683712000,683.712,3,200,136,1,20251021_025153
1760982688.7514577,2670789,683721984,683.721984,5,200,137,1,20251021_025153
1760982688.7614417,2670828,683731968,683.731968,8,201,136,1,20251021_025153
1760982688.7714255,2670867,683741952,683.741952,10,200,134,1,20251021_025153
1760982688.7814095,2670906,683751936,683.751936,12,201,133,1,20251021_025153
1760982688.7913938,2670945,683761920,683.76192,15,201,132,1,20251021_025153
1760982688.8013778,2670984,683771904,683.771904,17,200,128,1,20251021_025153
1760982688.811618,2671024,683782144,683.782144,19,200,129,1,20251021_025153
1760982688.821602,2671063,683792128,683.792128,22,200,127,1,20251021_025153
1760982688.831586,2671102,683802112,683.802112,24,200,127,1,20251021_025153
1760982688.84157,2671141,683812096,683.812096,26,201,127,1,20251021_025153
1760982688.8515537,2671180,683822080,683.82208,29,200,124,1,20251021_025153
1760982688.8615377,2671219,683832064,683.832064,31,200,121,1,20251021_025153
1760982688.8715217,2671258,683842048,683.842048,34,200,114,1,20251021_025153
1760982688.8815055,2671297,683852032,683.852032,37,200,111,1,20251021_025153
1760982688.8914895,2671336,683862016,683.862016,41,200,107,1,20251021_025153
1760982688.9014738,2671375,683872000,683.872,45,200,103,1,20251021_025153
1760982688.9114578,2671414,683881984,683.881984,49,201,99,1,20251021_025153
1760982688.921698,2671454,683892224,683.892224,53,200,97,1,20251021_025153
1760982688.931682,2671493,683902208,683.902208,57,200,94,1,20251021_025153
1760982688.941666,2671532,683912192,683.912192,62,200,91,1,20251021_025153
1760982688.9516497,2671571,683922176,683.922176,66,200,88,1,20251021_025153
1760982688.9616337,2671610,683932160,683.93216,71,200,86,1,20251021_025153
1760982688.9716177,2671649,683942144,683.942144,76,200,83,1,20251021_025153
1760982688.9816017,2671688,683952128,683.952128,80,200,85,1,20251021_025153
1760982688.9915855,2671727,683962112,683.962112,85,200,85,1,20251021_025153
1760982689.0015695,2671766,683972096,683.972096,89,199,85,1,20251021_025153
1760982689.0115538,2671805,683982080,683.98208,93,199,83,1,20251021_025153
1760982689.0215378,2671844,683992064,683.992064,97,199,84,1,20251021_025153
1760982689.0315218,2671883,684002048,684.002048,101,198,84,1,20251021_025153
1760982689.0415058,2671922,684012032,684.012032,105,199,86,1,20251021_025153
1760982689.0514898,2671961,684022016,684.022016,108,198,85,1,20251021_025153
1760982689.0614738,2672000,684032000,684.032,112,198,81,1,20251021_025153
1760982689.0717137,2672040,684042240,684.04224,115,199,85,1,20251021_025153
1760982689.0816977,2672079,684052224,684.052224,118,199,86,1,20251021_025153
1760982689.0916817,2672118,684062208,684.062208,121,199,86,1,20251021_025153
1760982689.1016655,2672157,684072192,684.072192,124,199,87,1,20251021_025153
1760982689.1116498,2672196,684082176,684.082176,127,198,88,1,20251021_025153
1760982689.1216338,2672235,684092160,684.09216,129,198,89,1,20251021_025153
1760982689.1316178,2672274,684102144,684.102144,132,198,89,1,20251021_025153
1760982689.1416018,2672313,684112128,684.112128,134,198,89,1,20251021_025153
1760982689.1515858,2672352,684122112,684.122112,137,198,91,1,20251021_025153
1760982689.1615698,2672391,684132096,684.132096,139,198,95,1,20251021_025153
1760982689.171554,2672430,684142080,684.14208,142,198,98,1,20251021_025153
1760982689.181538,2672469,684152064,684.152064,145,198,104,1,20251021_025153
1760982689.191522,2672508,684162048,684.162048,148,199,112,1,20251021_025153
1760982689.201506,2672547,684172032,684.172032,151,198,113,1,20251021_025153
1760982689.2114897,2672586,684182016,684.182016,154,198,118,1,20251021_025153
1760982689.2217298,2672626,684192256,684.192256,158,199,121,1,20251021_025153
1760982689.2317138,2672665,684202240,684.20224,162,198,124,1,20251021_025153
1760982689.2416978,2672704,684212224,684.212224,166,198,127,1,20251021_025153
1760982689.2516818,2672743,684222208,684.222208,170,198,132,1,20251021_025153
1760982689.2616658,2672782,684232192,684.232192,175,198,132,1,20251021_025153
1760982689.2716498,2672821,684242176,684.242176,180,198,134,1,20251021_025153
1760982689.281634,2672860,684252160,684.25216,185,199,134,1,20251021_025153
1760982689.291618,2672899,684262144,684.262144,189,198,135,1,20251021_025153
1760982689.301602,2672938,684272128,684.272128,194,199,136,1,20251021_025153
1760982689.3115857,2672977,684282112,684.282112,199,199,137,1,20251021_025153
1760982689.3215697,2673016,684292096,684.292096,204,199,137,1,20251021_025153
1760982689.3315537,2673055,684302080,684.30208,208,199,138,1,20251021_025153
1760982689.3415377,2673094,684312064,684.312064,213,199,138,1,20251021_025153
1760982689.3515215,2673133,684322048,684.322048,217,199,139,1,20251021_025153
1760982689.3617618,2673173,684332288,684.332288,221,199,140,1,20251021_025153
1760982689.3717458,2673212,684342272,684.342272,225,199,138,1,20251021_025153
1760982689.3817298,2673251,684352256,684.352256,229,200,140,1,20251021_025153
1760982689.391714,2673290,684362240,684.36224,233,200,139,1,20251021_025153
1760982689.401698,2673329,684372224,684.372224,236,199,138,1,20251021_025153
1760982689.411682,2673368,684382208,684.382208,239,200,140,1,20251021_025153
1760982689.4216657,2673407,684392192,684.392192,243,200,140,1,20251021_025153
1760982689.4316497,2673446,684402176,684.402176,246,200,140,1,20251021_025153
1760982689.4416337,2673485,684412160,684.41216,249,200,140,1,20251021_025153
1760982689.4516177,2673524,684422144,684.422144,251,200,137,1,20251021_025153
1760982689.4616015,2673563,684432128,684.432128,254,200,138,1,20251021_025153
1760982689.4715858,2673602,684442112,684.442112,2,200,137,1,20251021_025153
1760982689.4815698,2673641,684452096,684.452096,4,200,136,1,20251021_025153
1760982689.4915538,2673680,684462080,684.46208,7,201,135,1,20251021_025153
1760982689.5015378,2673719,684472064,684.472064,9,200,134,1,20251021_025153
1760982689.511778,2673759,684482304,684.482304,12,200,131,1,20251021_025153
1760982689.521762,2673798,684492288,684.492288,14,200,128,1,20251021_025153
1760982689.5317457,2673837,684502272,684.502272,16,200,128,1,20251021_025153
1760982689.5417297,2673876,684512256,684.512256,19,200,127,1,20251021_025153
1760982689.5517137,2673915,684522240,684.52224,21,201,126,1,20251021_025153
1760982689.5616975,2673954,684532224,684.532224,24,201,123,1,20251021_025153
1760982689.5716815,2673993,684542208,684.542208,27,200,114,1,20251021_025153
1760982689.5816658,2674032,684552192,684.552192,30,200,109,1,20251021_025153
1760982689.5916498,2674071,684562176,684.562176,34,200,104,1,20251021_025153
1760982689.6016338,2674110,684572160,684.57216,37,200,101,1,20251021_025153
1760982689.6116178,2674149,684582144,684.582144,42,200,98,1,20251021_025153
1760982689.6216018,2674188,684592128,684.592128,46,200,93,1,20251021_025153
1760982689.6315858,2674227,684602112,684.602112,51,201,89,1,20251021_025153
1760982689.64157,2674266,684612096,684.612096,55,200,87,1,20251021_025153
1760982689.6518097,2674306,684622336,684.622336,60,200,84,1,20251021_025153
1760982689.6617937,2674345,684632320,684.63232,65,200,83,1,20251021_025153
1760982689.6717775,2674384,684642304,684.642304,70,200,84,1,20251021_025153
1760982689.6817615,2674423,684652288,684.652288,75,200,85,1,20251021_025153
1760982689.6917458,2674462,684662272,684.662272,79,200,84,1,20251021_025153
1760982689.7017298,2674501,684672256,684.672256,84,200,85,1,20251021_025153
1760982689.7117138,2674540,684682240,684.68224,88,200,86,1,20251021_025153
1760982689.7216978,2674579,684692224,684.692224,92,200,86,1,20251021_025153
1760982689.7316818,2674618,684702208,684.702208,97,199,85,1,20251021_025153
1760982689.7416658,2674657,684712192,684.712192,100,199,86,1,20251021_025153
1760982689.75165,2674696,684722176,684.722176,104,200,86,1,20251021_025153
1760982689.761634,2674735,684732160,684.73216,108,199,86,1,20251021_025153
1760982689.771618,2674774,684742144,684.742144,111,199,86,1,20251021_025153
1760982689.7816017,2674813,684752128,684.752128,114,199,86,1,20251021_025153
1760982689.7915857,2674852,684762112,684.762112,117,198,86,1,20251021_025153
1760982689.8018258,2674892,684772352,684.772352,120,198,85,1,20251021_025153
1760982689.8118098,2674931,684782336,684.782336,123,198,84,1,20251021_025153
1760982689.8217938,2674970,684792320,684.79232,126,199,85,1,20251021_025153
1760982689.8317778,2675009,684802304,684.802304,129,199,85,1,20251021_025153
1760982689.8417618,2675048,684812288,684.812288,131,199,86,1,20251021_025153
1760982689.8517458,2675087,684822272,684.822272,133,198,84,1,20251021_025153
1760982689.86173,2675126,684832256,684.832256,136,199,86,1,20251021_025153
1760982689.871714,2675165,684842240,684.84224,138,198,85,1,20251021_025153
1760982689.881698,2675204,684852224,684.852224,140,198,87,1,20251021_025153
1760982689.8916817,2675243,684862208,684.862208,142,198,87,1,20251021_025153
1760982689.9016657,2675282,684872192,684.872192,144,198,87,1,20251021_025153
1760982689.9116497,2675321,684882176,684.882176,147,198,88,1,20251021_025153
1760982689.9216335,2675360,684892160,684.89216,149,198,89,1,20251021_025153
1760982689.9316175,2675399,684902144,684.902144,151,199,90,1,20251021_025153
1760982689.9418578,2675439,684912384,684.912384,153,198,92,1,20251021_025153
1760982689.9518418,2675478,684922368,684.922368,155,199,94,1,20251021_025153
1760982689.9618258,2675517,684932352,684.932352,157,199,98,1,20251021_025153
1760982689.97181,2675556,684942336,684.942336,159,198,102,1,20251021_025153
1760982689.981794,2675595,684952320,684.95232,162,199,108,1,20251021_025153
1760982689.991778,2675634,684962304,684.962304,165,199,113,1,20251021_025153
1760982690.0017617,2675673,684972288,684.972288,169,199,118,1,20251021_025153
1760982690.0117457,2675712,684982272,684.982272,173,199,121,1,20251021_025153
1760982690.0217297,2675751,684992256,684.992256,177,199,125,1,20251021_025153
1760982690.0317135,2675790,685002240,685.00224,181,199,126,1,20251021_025153
1760982690.0416975,2675829,685012224,685.012224,185,198,128,1,20251021_025153
1760982690.0519378,2675869,685022464,685.022464,190,198,132,1,20251021_025153
1760982690.0619218,2675908,685032448,685.032448,194,198,133,1,20251021_025153
1760982690.071906,2675947,685042432,685.042432,199,199,134,1,20251021_025153
1760982690.08189,2675986,685052416,685.052416,203,199,135,1,20251021_025153
1760982690.091874,2676025,685062400,685.0624,208,199,135,1,20251021_025153
1760982690.101858,2676064,685072384,685.072384,212,199,136,1,20251021_025153
1760982690.1118417,2676103,685082368,685.082368,216,199,136,1,20251021_025153
1760982690.1218257,2676142,685092352,685.092352,220,199,137,1,20251021_025153
1760982690.1318097,2676181,685102336,685.102336,224,199,139,1,20251021_025153
1760982690.1417935,2676220,685112320,685.11232,228,200,140,1,20251021_025153
1760982690.1517775,2676259,685122304,685.122304,232,200,139,1,20251021_025153
1760982690.1617618,2676298,685132288,685.132288,236,199,139,1,20251021_025153
1760982690.1717458,2676337,685142272,685.142272,239,199,138,1,20251021_025153
1760982690.1817298,2676376,685152256,685.152256,242,200,139,1,20251021_025153
1760982690.19197,2676416,685162496,685.162496,245,200,141,1,20251021_025153
1760982690.201954,2676455,685172480,685.17248,248,200,139,1,20251021_025153
1760982690.2119377,2676494,685182464,685.182464,251,200,138,1,20251021_025153
1760982690.2219217,2676533,685192448,685.192448,254,200,138,1,20251021_025153
1760982690.2319057,2676572,685202432,685.202432,1,200,137,1,20251021_025153
1760982690.2418897,2676611,685212416,685.212416,4,199,138,1,20251021_025153
1760982690.2518735,2676650,685222400,685.2224,6,200,135,1,20251021_025153
1760982690.2618575,2676689,685232384,685.232384,9,201,135,1,20251021_025153
1760982690.2718418,2676728,685242368,685.242368,11,200,132,1,20251021_025153
1760982690.2818258,2676767,685252352,685.252352,13,200,132,1,20251021_025153
1760982690.2918098,2676806,685262336,685.262336,16,200,130,1,20251021_025153
1760982690.3017938,2676845,685272320,685.27232,18,201,130,1,20251021_025153
1760982690.3117778,2676884,685282304,685.282304,21,200,128,1,20251021_025153
1760982690.3217618,2676923,685292288,685.292288,23,200,127,1,20251021_025153
1760982690.331746,2676962,685302272,685.302272,25,200,127,1,20251021_025153
1760982690.3419857,2677002,685312512,685.312512,28,200,126,1,20251021_025153
1760982690.3519697,2677041,685322496,685.322496,30,201,123,1,20251021_025153
1760982690.3619535,2677080,685332480,685.33248,33,200,118,1,20251021_025153
1760982690.3719378,2677119,685342464,685.342464,36,200,114,1,20251021_025153
1760982690.3819218,2677158,685352448,685.352448,39,200,108,1,20251021_025153
1760982690.3919058,2677197,685362432,685.362432,43,200,102,1,20251021_025153
1760982690.4018898,2677236,685372416,685.372416,47,201,98,1,20251021_025153
1760982690.4118738,2677275,685382400,685.3824,51,200,92,1,20251021_025153
1760982690.4218578,2677314,685392384,685.392384,56,200,89,1,20251021_025153
1760982690.431842,2677353,685402368,685.402368,61,200,86,1,20251021_025153
1760982690.441826,2677392,685412352,685.412352,66,200,84,1,20251021_025153
1760982690.45181,2677431,685422336,685.422336,71,200,83,1,20251021_025153
1760982690.461794,2677470,685432320,685.43232,75,200,84,1,20251021_025153
1760982690.4717777,2677509,685442304,685.442304,80,199,84,1,20251021_025153
1760982690.4820178,2677549,685452544,685.452544,84,200,84,1,20251021_025153
1760982690.4920018,2677588,685462528,685.462528,89,200,85,1,20251021_025153
1760982690.5019858,2677627,685472512,685.472512,93,200,84,1,20251021_025153
1760982690.5119698,2677666,685482496,685.482496,97,199,85,1,20251021_025153
1760982690.5219538,2677705,685492480,685.49248,101,199,85,1,20251021_025153
1760982690.5319378,2677744,685502464,685.502464,104,199,84,1,20251021_025153
1760982690.541922,2677783,685512448,685.512448,108,198,85,1,20251021_025153
1760982690.551906,2677822,685522432,685.522432,111,198,85,1,20251021_025153
1760982690.56189,2677861,685532416,685.532416,115,199,86,1,20251021_025153
1760982690.5718737,2677900,685542400,685.5424,118,199,86,1,20251021_025153
1760982690.5818577,2677939,685552384,685.552384,121,198,86,1,20251021_025153
1760982690.5918417,2677978,685562368,685.562368,124,198,85,1,20251021_025153
1760982690.6018257,2678017,685572352,685.572352,126,198,86,1,20251021_025153
1760982690.6118095,2678056,685582336,685.582336,129,199,86,1,20251021_025153
1760982690.6220498,2678096,685592576,685.592576,131,198,87,1,20251021_025153
1760982690.6320338,2678135,685602560,685.60256,134,198,87,1,20251021_025153
1760982690.6420178,2678174,685612544,685.612544,136,198,88,1,20251021_025153
1760982690.652002,2678213,685622528,685.622528,139,199,130,1,20251021_025153
1760982690.661986,2678252,685632512,685.632512,141,198,89,1,20251021_025153
1760982690.67197,2678291,685642496,685.642496,144,199,92,1,20251021_025153
1760982690.6819537,2678330,685652480,685.65248,146,198,94,1,20251021_025153
1760982690.6919377,2678369,685662464,685.662464,148,198,92,1,20251021_025153
1760982690.7019217,2678408,685672448,685.672448,150,199,96,1,20251021_025153
1760982690.7119057,2678447,685682432,685.682432,153,199,96,1,20251021_025153
1760982690.7218895,2678486,685692416,685.692416,155,199,102,1,20251021_025153
1760982690.7318738,2678525,685702400,685.7024,158,199,107,1,20251021_025153
1760982690.7418578,2678564,685712384,685.712384,161,199,112,1,20251021_025153
1760982690.7518418,2678603,685722368,685.722368,164,199,116,1,20251021_025153
1760982690.762082,2678643,685732608,685.732608,168,199,119,1,20251021_025153
1760982690.772066,2678682,685742592,685.742592,172,199,122,1,20251021_025153
1760982690.78205,2678721,685752576,685.752576,176,198,124,1,20251021_025153
1760982690.7920337,2678760,685762560,685.76256,180,199,126,1,20251021_025153
1760982690.8020177,2678799,685772544,685.772544,184,199,127,1,20251021_025153
1760982690.8120017,2678838,685782528,685.782528,189,199,130,1,20251021_025153
1760982690.8219855,2678877,685792512,685.792512,193,199,133,1,20251021_025153
1760982690.8319695,2678916,685802496,685.802496,198,198,133,1,20251021_025153
1760982690.8419538,2678955,685812480,685.81248,202,198,133,1,20251021_025153
1760982690.8519378,2678994,685822464,685.822464,207,199,136,1,20251021_025153
1760982690.8619218,2679033,685832448,685.832448,211,199,136,1,20251021_025153
1760982690.8719058,2679072,685842432,685.842432,215,200,137,1,20251021_025153
1760982690.8818898,2679111,685852416,685.852416,219,200,137,1,20251021_025153
1760982690.8918738,2679150,685862400,685.8624,224,199,137,1,20251021_025153
1760982690.9021137,2679190,685872640,685.87264,227,200,138,1,20251021_025153
1760982690.9120977,2679229,685882624,685.882624,231,200,138,1,20251021_025153
1760982690.9220817,2679268,685892608,685.892608,235,200,139,1,20251021_025153
1760982690.9320655,2679307,685902592,685.902592,238,200,139,1,20251021_025153
1760982690.9420495,2679346,685912576,685.912576,241,199,139,1,20251021_025153
1760982690.9520338,2679385,685922560,685.92256,245,199,137,1,20251021_025153
1760982690.9620178,2679424,685932544,685.932544,248,200,139,1,20251021_025153
1760982690.9720018,2679463,685942528,685.942528,250,200,139,1,20251021_025153
1760982690.9819858,2679502,685952512,685.952512,253,200,138,1,20251021_025153
1760982690.9919698,2679541,685962496,685.962496,1,201,137,1,20251021_025153
1760982691.0019538,2679580,685972480,685.97248,3,200,136,1,20251021_025153
1760982691.011938,2679619,685982464,685.982464,6,200,133,1,20251021_025153
1760982691.021922,2679658,685992448,685.992448,8,200,132,1,20251021_025153
1760982691.031906,2679697,686002432,686.002432,11,200,131,1,20251021_025153
1760982691.0418897,2679736,686012416,686.012416,13,200,129,1,20251021_025153
1760982691.0521295,2679776,686022656,686.022656,16,200,127,1,20251021_025153
1760982691.0621138,2679815,686032640,686.03264,18,200,126,1,20251021_025153
1760982691.0720978,2679854,686042624,686.042624,21,200,124,1,20251021_025153
1760982691.0820818,2679893,686052608,686.052608,23,200,119,1,20251021_025153
1760982691.0920658,2679932,686062592,686.062592,26,200,111,1,20251021_025153
1760982691.1020498,2679971,686072576,686.072576,30,200,106,1,20251021_025153
1760982691.1120338,2680010,686082560,686.08256,34,200,102,1,20251021_025153
1760982691.122018,2680049,686092544,686.092544,38,199,96,1,20251021_025153
1760982691.132002,2680088,686102528,686.102528,42,200,94,1,20251021_025153
1760982691.141986,2680127,686112512,686.112512,47,199,89,1,20251021_025153
1760982691.1519697,2680166,686122496,686.122496,51,200,87,1,20251021_025153
1760982691.1619537,2680205,686132480,686.13248,56,200,88,1,20251021_025153
1760982691.1719377,2680244,686142464,686.142464,61,200,84,1,20251021_025153
1760982691.1819215,2680283,686152448,686.152448,66,200,84,1,20251021_025153
1760982691.1921618,2680323,686162688,686.162688,71,200,85,1,20251021_025153
1760982691.2021458,2680362,686172672,686.172672,76,199,84,1,20251021_025153
1760982691.2121298,2680401,686182656,686.182656,80,200,84,1,20251021_025153
1760982691.2221138,2680440,686192640,686.19264,85,200,85,1,20251021_025153
1760982691.232098,2680479,686202624,686.202624,89,199,85,1,20251021_025153
1760982691.242082,2680518,686212608,686.212608,93,198,83,1,20251021_025153
1760982691.252066,2680557,686222592,686.222592,97,199,86,1,20251021_025153
1760982691.2620497,2680596,686232576,686.232576,101,198,85,1,20251021_025153
1760982691.2720337,2680635,686242560,686.24256,105,200,86,1,20251021_025153
1760982691.2820177,2680674,686252544,686.252544,108,199,86,1,20251021_025153
1760982691.2920015,2680713,686262528,686.262528,112,198,84,1,20251021_025153
1760982691.3019855,2680752,686272512,686.272512,115,199,86,1,20251021_025153
1760982691.3119698,2680791,686282496,686.282496,118,199,85,1,20251021_025153
1760982691.3219538,2680830,686292480,686.29248,121,199,86,1,20251021_025153
1760982691.3319378,2680869,686302464,686.302464,124,198,86,1,20251021_025153
1760982691.342178,2680909,686312704,686.312704,126,199,87,1,20251021_025153
1760982691.352162,2680948,686322688,686.322688,129,199,88,1,20251021_025153
1760982691.362146,2680987,686332672,686.332672,132,199,89,1,20251021_025153
1760982691.3721297,2681026,686342656,686.342656,134,199,91,1,20251021_025153
1760982691.3821137,2681065,686352640,686.35264,137,199,92,1,20251021_025153
1760982691.3920977,2681104,686362624,686.362624,139,199,96,1,20251021_025153
1760982691.4020815,2681143,686372608,686.372608,142,200,101,1,20251021_025153
1760982691.4120655,2681182,686382592,686.382592,145,199,105,1,20251021_025153
1760982691.4220498,2681221,686392576,686.392576,148,200,111,1,20251021_025153
1760982691.4320338,2681260,686402560,686.40256,151,199,116,1,20251021_025153
1760982691.4420178,2681299,686412544,686.412544,155,199,120,1,20251021_025153
1760982691.4520018,2681338,686422528,686.422528,159,199,126,1,20251021_025153
1760982691.4619858,2681377,686432512,686.432512,163,198,127,1,20251021_025153
1760982691.4719698,2681416,686442496,686.442496,167,199,128,1,20251021_025153
1760982691.4822097,2681456,686452736,686.452736,171,199,131,1,20251021_025153
1760982691.4921937,2681495,686462720,686.46272,176,199,132,1,20251021_025153
1760982691.5021777,2681534,686472704,686.472704,181,199,135,1,20251021_025153
1760982691.5121615,2681573,686482688,686.482688,186,198,133,1,20251021_025153
1760982691.5221455,2681612,686492672,686.492672,191,199,136,1,20251021_025153
1760982691.5321298,2681651,686502656,686.502656,195,199,138,1,20251021_025153
1760982691.5421138,2681690,686512640,686.51264,200,199,138,1,20251021_025153
1760982691.5520978,2681729,686522624,686.522624,205,198,138,1,20251021_025153
1760982691.5620818,2681768,686532608,686.532608,209,199,138,1,20251021_025153
1760982691.5720658,2681807,686542592,686.542592,214,200,139,1,20251021_025153
1760982691.5820498,2681846,686552576,686.552576,218,200,140,1,20251021_025153
1760982691.592034,2681885,686562560,686.56256,222,199,140,1,20251021_025153
1760982691.602018,2681924,686572544,686.572544,226,199,140,1,20251021_025153
1760982691.612002,2681963,686582528,686.582528,230,199,139,1,20251021_025153
1760982691.6222415,2682003,686592768,686.592768,234,200,140,1,20251021_025153
1760982691.6322258,2682042,686602752,686.602752,237,200,140,1,20251021_025153
1760982691.6422098,2682081,686612736,686.612736,240,199,139,1,20251021_025153
1760982691.6521938,2682120,686622720,686.62272,244,199,140,1,20251021_025153
1760982691.6621778,2682159,686632704,686.632704,247,200,141,1,20251021_025153
1760982691.6721618,2682198,686642688,686.642688,249,200,140,1,20251021_025153
1760982691.6821458,2682237,686652672,686.652672,252,200,139,1,20251021_025153
1760982691.69213,2682276,686662656,686.662656,0,200,139,1,20251021_025153
1760982691.702114,2682315,686672640,686.67264,2,200,138,1,20251021_025153
1760982691.712098,2682354,686682624,686.682624,5,200,137,1,20251021_025153
1760982691.722082,2682393,686692608,686.692608,7,200,136,1,20251021_025153
1760982691.7320657,2682432,686702592,686.702592,10,199,133,1,20251021_025153
1760982691.7420497,2682471,686712576,686.712576,12,200,131,1,20251021_025153
1760982691.7520337,2682510,686722560,686.72256,15,200,129,1,20251021_025153
1760982691.7622738,2682550,686732800,686.7328,17,200,128,1,20251021_025153
1760982691.7722578,2682589,686742784,686.742784,19,200,127,1,20251021_025153
1760982691.7822418,2682628,686752768,686.752768,22,200,126,1,20251021_025153
1760982691.7922258,2682667,686762752,686.762752,24,200,124,1,20251021_025153
1760982691.80221,2682706,686772736,686.772736,27,200,118,1,20251021_025153
1760982691.812194,2682745,686782720,686.78272,30,199,110,1,20251021_025153
1760982691.822178,2682784,686792704,686.792704,33,199,107,1,20251021_025153
1760982691.8321617,2682823,686802688,686.802688,37,200,103,1,20251021_025153
1760982691.8421457,2682862,686812672,686.812672,41,200,101,1,20251021_025153
1760982691.8521297,2682901,686822656,686.822656,45,200,96,1,20251021_025153
1760982691.8621137,2682940,686832640,686.83264,50,200,92,1,20251021_025153
1760982691.8720975,2682979,686842624,686.842624,54,200,88,1,20251021_025153
1760982691.8820815,2683018,686852608,686.852608,59,199,86,1,20251021_025153
1760982691.8920658,2683057,686862592,686.862592,64,200,82,1,20251021_025153
1760982691.9020498,2683096,686872576,686.872576,69,200,84,1,20251021_025153
1760982691.9120338,2683135,686882560,686.88256,74,200,85,1,20251021_025153
1760982691.922274,2683175,686892800,686.8928,78,200,86,1,20251021_025153
1760982691.932258,2683214,686902784,686.902784,83,200,85,1,20251021_025153
1760982691.9422417,2683253,686912768,686.912768,87,199,86,1,20251021_025153
1760982691.9522257,2683292,686922752,686.922752,91,199,86,1,20251021_025153
1760982691.9622097,2683331,686932736,686.932736,96,200,85,1,20251021_025153
1760982691.9721937,2683370,686942720,686.94272,99,199,86,1,20251021_025153
1760982691.9821775,2683409,686952704,686.952704,103,198,85,1,20251021_025153
1760982691.9921618,2683448,686962688,686.962688,107,199,86,1,20251021_025153
1760982692.0021458,2683487,686972672,686.972672,110,199,86,1,20251021_025153
1760982692.0121298,2683526,686982656,686.982656,113,199,86,1,20251021_025153
1760982692.0221138,2683565,686992640,686.99264,117,199,86,1,20251021_025153
1760982692.0320978,2683604,687002624,687.002624,120,199,86,1,20251021_025153
1760982692.0420818,2683643,687012608,687.012608,123,198,86,1,20251021_025153
1760982692.0520658,2683682,687022592,687.022592,125,198,87,1,20251021_025153
1760982692.0623057,2683722,687032832,687.032832,128,198,87,1,20251021_025153
1760982692.0722897,2683761,687042816,687.042816,131,198,88,1,20251021_025153
1760982692.0822735,2683800,687052800,687.0528,133,198,88,1,20251021_025153
1760982692.0922575,2683839,687062784,687.062784,135,199,89,1,20251021_025153
1760982692.1022418,2683878,687072768,687.072768,138,198,89,1,20251021_025153
1760982692.1122258,2683917,687082752,687.082752,140,198,89,1,20251021_025153
1760982692.1222098,2683956,687092736,687.092736,142,199,90,1,20251021_025153
1760982692.1321938,2683995,687102720,687.10272,145,198,90,1,20251021_025153
1760982692.1421778,2684034,687112704,687.112704,147,198,91,1,20251021_025153
1760982692.1521618,2684073,687122688,687.122688,149,198,92,1,20251021_025153
1760982692.162146,2684112,687132672,687.132672,151,199,94,1,20251021_025153
1760982692.17213,2684151,687142656,687.142656,153,198,94,1,20251021_025153
1760982692.182114,2684190,687152640,687.15264,156,199,96,1,20251021_025153
1760982692.1920977,2684229,687162624,687.162624,158,199,98,1,20251021_025153
1760982692.2023375,2684269,687172864,687.172864,160,198,101,1,20251021_025153
1760982692.2123218,2684308,687182848,687.182848,163,199,104,1,20251021_025153
1760982692.2223058,2684347,687192832,687.192832,166,198,108,1,20251021_025153
1760982692.2322898,2684386,687202816,687.202816,169,199,112,1,20251021_025153
1760982692.2422738,2684425,687212800,687.2128,172,199,116,1,20251021_025153
1760982692.2522578,2684464,687222784,687.222784,176,199,119,1,20251021_025153
1760982692.2622418,2684503,687232768,687.232768,180,198,123,1,20251021_025153
1760982692.272226,2684542,687242752,687.242752,184,199,126,1,20251021_025153
1760982692.28221,2684581,687252736,687.252736,188,199,127,1,20251021_025153
1760982692.292194,2684620,687262720,687.26272,192,199,128,1,20251021_025153
1760982692.3021777,2684659,687272704,687.272704,197,198,133,1,20251021_025153
1760982692.3121617,2684698,687282688,687.282688,201,199,133,1,20251021_025153
1760982692.3221457,2684737,687292672,687.292672,206,199,134,1,20251021_025153
1760982692.3321297,2684776,687302656,687.302656,210,199,134,1,20251021_025153
1760982692.3421135,2684815,687312640,687.31264,214,199,137,1,20251021_025153
1760982692.3523538,2684855,687322880,687.32288,219,199,137,1,20251021_025153
1760982692.3623378,2684894,687332864,687.332864,223,198,136,1,20251021_025153
1760982692.3723218,2684933,687342848,687.342848,227,199,138,1,20251021_025153
1760982692.382306,2684972,687352832,687.352832,230,199,139,1,20251021_025153
1760982692.39229,2685011,687362816,687.362816,234,199,139,1,20251021_025153
1760982692.402274,2685050,687372800,687.3728,237,200,140,1,20251021_025153
1760982692.4122577,2685089,687382784,687.382784,241,200,140,1,20251021_025153
1760982692.4222417,2685128,687392768,687.392768,244,200,140,1,20251021_025153
1760982692.4322257,2685167,687402752,687.402752,247,200,139,1,20251021_025153
1760982692.4422095,2685206,687412736,687.412736,250,200,141,1,20251021_025153
1760982692.4521935,2685245,687422720,687.42272,252,200,138,1,20251021_025153
1760982692.4621778,2685284,687432704,687.432704,0,200,138,1,20251021_025153
1760982692.4721618,2685323,687442688,687.442688,3,200,137,1,20251021_025153
1760982692.4821458,2685362,687452672,687.452672,5,200,136,1,20251021_025153
1760982692.4921298,2685401,687462656,687.462656,8,200,135,1,20251021_025153
1760982692.50237,2685441,687472896,687.472896,10,201,134,1,20251021_025153
1760982692.512354,2685480,687482880,687.48288,12,200,131,1,20251021_025153
1760982692.5223377,2685519,687492864,687.492864,15,200,131,1,20251021_025153
1760982692.5323217,2685558,687502848,687.502848,17,200,128,1,20251021_025153
1760982692.5423057,2685597,687512832,687.512832,20,200,128,1,20251021_025153
1760982692.5522895,2685636,687522816,687.522816,22,201,127,1,20251021_025153
1760982692.5622735,2685675,687532800,687.5328,25,200,126,1,20251021_025153
1760982692.5722578,2685714,687542784,687.542784,27,200,123,1,20251021_025153
1760982692.5822418,2685753,687552768,687.552768,30,201,116,1,20251021_025153
1760982692.5922258,2685792,687562752,687.562752,33,200,109,1,20251021_025153
1760982692.6022098,2685831,687572736,687.572736,37,200,104,1,20251021_025153
1760982692.6121938,2685870,687582720,687.58272,41,200,100,1,20251021_025153
1760982692.6221778,2685909,687592704,687.592704,45,200,96,1,20251021_025153
1760982692.632162,2685948,687602688,687.602688,49,200,90,1,20251021_025153
1760982692.642146,2685987,687612672,687.612672,54,200,89,1,20251021_025153
1760982692.6523857,2686027,687622912,687.622912,59,200,87,1,20251021_025153
1760982692.6623695,2686066,687632896,687.632896,64,200,84,1,20251021_025153
1760982692.6723535,2686105,687642880,687.64288,69,200,85,1,20251021_025153
1760982692.6823378,2686144,687652864,687.652864,74,200,86,1,20251021_025153
1760982692.6923218,2686183,687662848,687.662848,78,200,85,1,20251021_025153
1760982692.7023058,2686222,687672832,687.672832,83,199,84,1,20251021_025153
1760982692.7122898,2686261,687682816,687.682816,87,199,85,1,20251021_025153
1760982692.7222738,2686300,687692800,687.6928,91,200,86,1,20251021_025153
1760982692.7322578,2686339,687702784,687.702784,95,200,86,1,20251021_025153
1760982692.742242,2686378,687712768,687.712768,99,200,86,1,20251021_025153
1760982692.752226,2686417,687722752,687.722752,103,199,85,1,20251021_025153
1760982692.76221,2686456,687732736,687.732736,107,199,86,1,20251021_025153
1760982692.7721937,2686495,687742720,687.74272,110,199,86,1,20251021_025153
1760982692.7821777,2686534,687752704,687.752704,113,199,85,1,20251021_025153
1760982692.7924178,2686574,687762944,687.762944,117,199,85,1,20251021_025153
1760982692.8024018,2686613,687772928,687.772928,120,198,86,1,20251021_025153
1760982692.8123858,2686652,687782912,687.782912,123,198,86,1,20251021_025153
1760982692.8223698,2686691,687792896,687.792896,125,199,88,1,20251021_025153
1760982692.8323538,2686730,687802880,687.80288,128,199,88,1,20251021_025153
1760982692.8423378,2686769,687812864,687.812864,131,199,88,1,20251021_025153
1760982692.852322,2686808,687822848,687.822848,133,199,88,1,20251021_025153
1760982692.862306,2686847,687832832,687.832832,135,199,89,1,20251021_025153
1760982692.87229,2686886,687842816,687.842816,138,199,90,1,20251021_025153
1760982692.8822737,2686925,687852800,687.8528,140,199,90,1,20251021_025153
1760982692.8922577,2686964,687862784,687.862784,142,199,91,1,20251021_025153
1760982692.9022417,2687003,687872768,687.872768,145,199,92,1,20251021_025153
1760982692.9122255,2687042,687882752,687.882752,147,199,93,1,20251021_025153
1760982692.9222095,2687081,687892736,687.892736,149,199,94,1,20251021_025153
1760982692.9321938,2687120,687902720,687.90272,152,199,96,1,20251021_025153
1760982692.9424338,2687160,687912960,687.91296,154,198,98,1,20251021_025153
1760982692.952418,2687199,687922944,687.922944,156,199,102,1,20251021_025153
1760982692.962402,2687238,687932928,687.932928,159,198,106,1,20251021_025153
1760982692.972386,2687277,687942912,687.942912,162,199,111,1,20251021_025153
1760982692.98237,2687316,687952896,687.952896,166,199,117,1,20251021_025153
1760982692.9923537,2687355,687962880,687.96288,169,199,120,1,20251021_025153
1760982693.0023377,2687394,687972864,687.972864,173,198,121,1,20251021_025153
1760982693.0123217,2687433,687982848,687.982848,177,198,124,1,20251021_025153
1760982693.0223055,2687472,687992832,687.992832,181,199,126,1,20251021_025153
1760982693.0322895,2687511,688002816,688.002816,185,199,127,1,20251021_025153
1760982693.0422738,2687550,688012800,688.0128,190,199,129,1,20251021_025153
1760982693.0522578,2687589,688022784,688.022784,194,199,134,1,20251021_025153
1760982693.0622418,2687628,688032768,688.032768,199,199,132,1,20251021_025153
1760982693.0722258,2687667,688042752,688.042752,203,199,134,1,20251021_025153
1760982693.082466,2687707,688052992,688.052992,208,199,135,1,20251021_025153
1760982693.0924497,2687746,688062976,688.062976,212,199,137,1,20251021_025153
1760982693.1024337,2687785,688072960,688.07296,216,199,138,1,20251021_025153
1760982693.1124177,2687824,688082944,688.082944,220,200,138,1,20251021_025153
1760982693.1224017,2687863,688092928,688.092928,224,200,138,1,20251021_025153
1760982693.1323855,2687902,688102912,688.102912,228,200,140,1,20251021_025153
1760982693.1423695,2687941,688112896,688.112896,232,200,139,1,20251021_025153
1760982693.1523538,2687980,688122880,688.12288,236,199,138,1,20251021_025153
1760982693.1623378,2688019,688132864,688.132864,239,200,139,1,20251021_025153
1760982693.1723218,2688058,688142848,688.142848,242,200,140,1,20251021_025153
1760982693.1823058,2688097,688152832,688.152832,245,200,140,1,20251021_025153
1760982693.1922898,2688136,688162816,688.162816,248,200,139,1,20251021_025153
1760982693.2022738,2688175,688172800,688.1728,251,200,139,1,20251021_025153
1760982693.212258,2688214,688182784,688.182784,254,200,139,1,20251021_025153
1760982693.2224977,2688254,688193024,688.193024,1,200,138,1,20251021_025153
1760982693.2324817,2688293,688203008,688.203008,4,200,138,1,20251021_025153
1760982693.2424655,2688332,688212992,688.212992,6,200,136,1,20251021_025153
1760982693.2524498,2688371,688222976,688.222976,9,200,135,1,20251021_025153
1760982693.2624338,2688410,688232960,688.23296,11,200,133,1,20251021_025153
1760982693.2724178,2688449,688242944,688.242944,14,200,130,1,20251021_025153
1760982693.2824018,2688488,688252928,688.252928,16,200,130,1,20251021_025153
1760982693.2923858,2688527,688262912,688.262912,18,200,129,1,20251021_025153
1760982693.3023698,2688566,688272896,688.272896,21,200,127,1,20251021_025153
1760982693.3123538,2688605,688282880,688.28288,23,200,127,1,20251021_025153
1760982693.322338,2688644,688292864,688.292864,26,200,126,1,20251021_025153
1760982693.332322,2688683,688302848,688.302848,28,200,123,1,20251021_025153
1760982693.342306,2688722,688312832,688.312832,31,200,117,1,20251021_025153
1760982693.3522897,2688761,688322816,688.322816,34,200,112,1,20251021_025153
1760982693.3622737,2688800,688332800,688.3328,37,200,108,1,20251021_025153
1760982693.3725138,2688840,688343040,688.34304,41,200,104,1,20251021_025153
1760982693.3824978,2688879,688353024,688.353024,45,200,99,1,20251021_025153
1760982693.3924818,2688918,688363008,688.363008,49,200,94,1,20251021_025153
1760982693.4024658,2688957,688372992,688.372992,54,200,92,1,20251021_025153
1760982693.4124498,2688996,688382976,688.382976,58,200,89,1,20251021_025153
1760982693.422434,2689035,688392960,688.39296,63,199,89,1,20251021_025153
1760982693.432418,2689074,688402944,688.402944,68,200,85,1,20251021_025153
1760982693.442402,2689113,688412928,688.412928,73,200,84,1,20251021_025153
1760982693.4523857,2689152,688422912,688.422912,77,200,85,1,20251021_025153
1760982693.4623697,2689191,688432896,688.432896,82,200,85,1,20251021_025153
1760982693.4723537,2689230,688442880,688.44288,86,200,86,1,20251021_025153
1760982693.4823377,2689269,688452864,688.452864,91,200,84,1,20251021_025153
1760982693.4923215,2689308,688462848,688.462848,95,200,85,1,20251021_025153
1760982693.5023055,2689347,688472832,688.472832,99,199,83,1,20251021_025153
1760982693.5125458,2689387,688483072,688.483072,102,200,86,1,20251021_025153
1760982693.5225298,2689426,688493056,688.493056,106,199,86,1,20251021_025153
1760982693.532514,2689465,688503040,688.50304,110,199,86,1,20251021_025153
1760982693.542498,2689504,688513024,688.513024,113,199,86,1,20251021_025153
1760982693.552482,2689543,688523008,688.523008,116,198,86,1,20251021_025153
1760982693.5624657,2689582,688532992,688.532992,119,199,86,1,20251021_025153
1760982693.5724497,2689621,688542976,688.542976,122,199,88,1,20251021_025153
1760982693.5824337,2689660,688552960,688.55296,125,199,86,1,20251021_025153
1760982693.5924177,2689699,688562944,688.562944,127,199,89,1,20251021_025153
1760982693.6024015,2689738,688572928,688.572928,130,198,89,1,20251021_025153
1760982693.6123855,2689777,688582912,688.582912,133,198,90,1,20251021_025153
1760982693.6223698,2689816,688592896,688.592896,135,199,94,1,20251021_025153
1760982693.6323538,2689855,688602880,688.60288,138,199,97,1,20251021_025153
1760982693.6423378,2689894,688612864,688.612864,141,198,100,1,20251021_025153
1760982693.6523218,2689933,688622848,688.622848,143,199,106,1,20251021_025153
1760982693.662562,2689973,688633088,688.633088,146,199,112,1,20251021_025153
1760982693.6725457,2690012,688643072,688.643072,150,199,116,1,20251021_025153
1760982693.6825297,2690051,688653056,688.653056,153,199,120,1,20251021_025153
1760982693.6925137,2690090,688663040,688.66304,157,199,124,1,20251021_025153
1760982693.7024975,2690129,688673024,688.673024,161,199,127,1,20251021_025153
1760982693.7124815,2690168,688683008,688.683008,166,199,127,1,20251021_025153
1760982693.7224658,2690207,688692992,688.692992,170,199,132,1,20251021_025153
1760982693.7324498,2690246,688702976,688.702976,175,199,133,1,20251021_025153
1760982693.7424338,2690285,688712960,688.71296,179,199,135,1,20251021_025153
1760982693.752674,2690325,688723200,688.7232,184,199,136,1,20251021_025153
1760982693.762658,2690364,688733184,688.733184,189,198,136,1,20251021_025153
1760982693.772642,2690403,688743168,688.743168,194,199,137,1,20251021_025153
1760982693.7826257,2690442,688753152,688.753152,199,198,137,1,20251021_025153
1760982693.7926097,2690481,688763136,688.763136,203,199,137,1,20251021_025153
1760982693.8025937,2690520,688773120,688.77312,208,199,138,1,20251021_025153
1760982693.8125775,2690559,688783104,688.783104,212,199,138,1,20251021_025153
1760982693.8228178,2690599,688793344,688.793344,217,199,138,1,20251021_025153
1760982693.8328018,2690638,688803328,688.803328,221,199,137,1,20251021_025153
1760982693.8427858,2690677,688813312,688.813312,225,200,140,1,20251021_025153
1760982693.85277,2690716,688823296,688.823296,229,199,140,1,20251021_025153
1760982693.862754,2690755,688833280,688.83328,232,199,140,1,20251021_025153
1760982693.872738,2690794,688843264,688.843264,236,200,140,1,20251021_025153
1760982693.8829775,2690834,688853504,688.853504,239,199,140,1,20251021_025153
1760982693.8929615,2690873,688863488,688.863488,243,200,141,1,20251021_025153
1760982693.9029458,2690912,688873472,688.873472,246,199,141,1,20251021_025153
1760982693.9129298,2690951,688883456,688.883456,249,200,141,1,20251021_025153
1760982693.9229138,2690990,688893440,688.89344,251,200,141,1,20251021_025153
1760982693.9328978,2691029,688903424,688.903424,254,200,141,1,20251021_025153
1760982693.9428818,2691068,688913408,688.913408,2,200,140,1,20251021_025153
1760982693.9528658,2691107,688923392,688.923392,4,200,138,1,20251021_025153
1760982693.9631057,2691147,688933632,688.933632,7,200,137,1,20251021_025153
1760982693.9730897,2691186,688943616,688.943616,9,200,136,1,20251021_025153
1760982693.9830737,2691225,688953600,688.9536,11,200,135,1,20251021_025153
1760982693.9930575,2691264,688963584,688.963584,13,200,135,1,20251021_025153
1760982694.0030415,2691303,688973568,688.973568,16,200,133,1,20251021_025153
1760982694.0130258,2691342,688983552,688.983552,18,200,132,1,20251021_025153
1760982694.0230098,2691381,688993536,688.993536,20,200,132,1,20251021_025153
1760982694.0329938,2691420,689003520,689.00352,23,200,128,1,20251021_025153
1760982694.043234,2691460,689013760,689.01376,25,200,127,1,20251021_025153
1760982694.053218,2691499,689023744,689.023744,27,200,123,1,20251021_025153
1760982694.0632017,2691538,689033728,689.033728,30,200,116,1,20251021_025153
1760982694.0731857,2691577,689043712,689.043712,34,200,109,1,20251021_025153
1760982694.0831697,2691616,689053696,689.053696,37,200,102,1,20251021_025153
1760982694.0931537,2691655,689063680,689.06368,41,200,98,1,20251021_025153
1760982694.1031375,2691694,689073664,689.073664,46,200,94,1,20251021_025153
1760982694.1131215,2691733,689083648,689.083648,50,200,92,1,20251021_025153
1760982694.1231058,2691772,689093632,689.093632,55,200,87,1,20251021_025153
1760982694.1330898,2691811,689103616,689.103616,60,200,86,1,20251021_025153
1760982694.1430738,2691850,689113600,689.1136,65,200,85,1,20251021_025153
1760982694.1530578,2691889,689123584,689.123584,70,200,85,1,20251021_025153
1760982694.1630418,2691928,689133568,689.133568,74,200,84,1,20251021_025153
1760982694.1730258,2691967,689143552,689.143552,79,200,85,1,20251021_025153
1760982694.1832657,2692007,689153792,689.153792,84,200,86,1,20251021_025153
1760982694.1932497,2692046,689163776,689.163776,88,200,85,1,20251021_025153
1760982694.2032337,2692085,689173760,689.17376,92,200,86,1,20251021_025153
1760982694.2132175,2692124,689183744,689.183744,96,199,86,1,20251021_025153
1760982694.2232018,2692163,689193728,689.193728,100,199,86,1,20251021_025153
1760982694.2331858,2692202,689203712,689.203712,104,199,87,1,20251021_025153
1760982694.2431698,2692241,689213696,689.213696,107,199,87,1,20251021_025153
1760982694.2531538,2692280,689223680,689.22368,111,198,88,1,20251021_025153
1760982694.2631378,2692319,689233664,689.233664,114,199,87,1,20251021_025153
1760982694.2731218,2692358,689243648,689.243648,117,197,87,1,20251021_025153
1760982694.283106,2692397,689253632,689.253632,120,199,87,1,20251021_025153
1760982694.29309,2692436,689263616,689.263616,123,198,85,1,20251021_025153
1760982694.303074,2692475,689273600,689.2736,126,199,87,1,20251021_025153
1760982694.313058,2692514,689283584,689.283584,128,199,88,1,20251021_025153
1760982694.3230417,2692553,689293568,689.293568,131,199,88,1,20251021_025153
1760982694.3332818,2692593,689303808,689.303808,133,198,87,1,20251021_025153
1760982694.3432658,2692632,689313792,689.313792,136,198,88,1,20251021_025153
1760982694.3532498,2692671,689323776,689.323776,138,199,89,1,20251021_025153
1760982694.3632338,2692710,689333760,689.33376,140,199,90,1,20251021_025153
1760982694.3732178,2692749,689343744,689.343744,143,198,90,1,20251021_025153
1760982694.3832018,2692788,689353728,689.353728,145,198,90,1,20251021_025153
1760982694.393186,2692827,689363712,689.363712,147,199,92,1,20251021_025153
1760982694.40317,2692866,689373696,689.373696,149,198,93,1,20251021_025153
1760982694.413154,2692905,689383680,689.38368,151,199,96,1,20251021_025153
1760982694.4231377,2692944,689393664,689.393664,154,198,96,1,20251021_025153
1760982694.4331217,2692983,689403648,689.403648,156,199,99,1,20251021_025153
1760982694.4431057,2693022,689413632,689.413632,159,198,101,1,20251021_025153
1760982694.4530897,2693061,689423616,689.423616,161,198,105,1,20251021_025153
1760982694.4630735,2693100,689433600,689.4336,164,199,110,1,20251021_025153
1760982694.4733138,2693140,689443840,689.44384,167,199,114,1,20251021_025153
1760982694.4832978,2693179,689453824,689.453824,171,199,116,1,20251021_025153
1760982694.4932818,2693218,689463808,689.463808,174,199,118,1,20251021_025153
1760982694.503266,2693257,689473792,689.473792,178,199,121,1,20251021_025153
1760982694.51325,2693296,689483776,689.483776,182,199,124,1,20251021_025153
1760982694.523234,2693335,689493760,689.49376,186,199,127,1,20251021_025153
1760982694.5332177,2693374,689503744,689.503744,190,199,129,1,20251021_025153
1760982694.5432017,2693413,689513728,689.513728,195,199,133,1,20251021_025153
1760982694.5531857,2693452,689523712,689.523712,199,199,133,1,20251021_025153
1760982694.5631697,2693491,689533696,689.533696,204,199,134,1,20251021_025153
1760982694.5731535,2693530,689543680,689.54368,208,198,134,1,20251021_025153
1760982694.5831378,2693569,689553664,689.553664,212,199,136,1,20251021_025153
1760982694.5931218,2693608,689563648,689.563648,217,200,137,1,20251021_025153
1760982694.6031058,2693647,689573632,689.573632,221,200,137,1,20251021_025153
1760982694.6130898,2693686,689583616,689.583616,225,199,136,1,20251021_025153
1760982694.62333,2693726,689593856,689.593856,229,200,138,1,20251021_025153
1760982694.633314,2693765,689603840,689.60384,232,200,139,1,20251021_025153
1760982694.6432977,2693804,689613824,689.613824,236,200,141,1,20251021_025153
1760982694.6532817,2693843,689623808,689.623808,239,199,139,1,20251021_025153
1760982694.6632657,2693882,689633792,689.633792,242,200,139,1,20251021_025153
1760982694.6732495,2693921,689643776,689.643776,245,200,139,1,20251021_025153
1760982694.6834898,2693961,689654016,689.654016,248,200,140,1,20251021_025153
1760982694.6934738,2694000,689664000,689.664,251,200,138,1,20251021_025153
1760982694.7034578,2694039,689673984,689.673984,254,200,138,1,20251021_025153
1760982694.7134418,2694078,689683968,689.683968,2,200,138,1,20251021_025153
1760982694.723426,2694117,689693952,689.693952,4,200,137,1,20251021_025153
1760982694.73341,2694156,689703936,689.703936,7,200,135,1,20251021_025153
1760982694.743394,2694195,689713920,689.71392,9,200,134,1,20251021_025153
1760982694.7533777,2694234,689723904,689.723904,12,200,131,1,20251021_025153
1760982694.7633617,2694273,689733888,689.733888,14,200,129,1,20251021_025153
1760982694.7736018,2694313,689744128,689.744128,16,200,128,1,20251021_025153
1760982694.7835858,2694352,689754112,689.754112,19,200,127,1,20251021_025153
1760982694.7935698,2694391,689764096,689.764096,21,199,125,1,20251021_025153
1760982694.8035538,2694430,689774080,689.77408,24,199,125,1,20251021_025153
1760982694.8135378,2694469,689784064,689.784064,27,199,119,1,20251021_025153
1760982694.823522,2694508,689794048,689.794048,30,200,112,1,20251021_025153
1760982694.833506,2694547,689804032,689.804032,33,200,105,1,20251021_025153
1760982694.84349,2694586,689814016,689.814016,37,200,100,1,20251021_025153
1760982694.8534737,2694625,689824000,689.824,41,199,98,1,20251021_025153
1760982694.8634577,2694664,689833984,689.833984,45,200,94,1,20251021_025153
1760982694.8734417,2694703,689843968,689.843968,50,200,91,1,20251021_025153
1760982694.8834257,2694742,689853952,689.853952,55,200,89,1,20251021_025153
1760982694.8934095,2694781,689863936,689.863936,60,200,87,1,20251021_025153
1760982694.9033935,2694820,689873920,689.87392,65,199,84,1,20251021_025153
1760982694.9133778,2694859,689883904,689.883904,70,200,84,1,20251021_025153
1760982694.9236178,2694899,689894144,689.894144,74,200,84,1,20251021_025153
1760982694.933602,2694938,689904128,689.904128,79,200,85,1,20251021_025153
1760982694.943586,2694977,689914112,689.914112,83,200,85,1,20251021_025153
1760982694.95357,2695016,689924096,689.924096,88,200,85,1,20251021_025153
1760982694.9635537,2695055,689934080,689.93408,92,199,85,1,20251021_025153
1760982694.9735377,2695094,689944064,689.944064,96,199,84,1,20251021_025153
1760982694.9835217,2695133,689954048,689.954048,100,199,85,1,20251021_025153
1760982694.9935057,2695172,689964032,689.964032,104,199,86,1,20251021_025153
1760982695.0034895,2695211,689974016,689.974016,107,199,86,1,20251021_025153
1760982695.0134735,2695250,689984000,689.984,111,199,86,1,20251021_025153
1760982695.0234578,2695289,689993984,689.993984,114,198,86,1,20251021_025153
1760982695.0334418,2695328,690003968,690.003968,117,199,86,1,20251021_025153
1760982695.0434258,2695367,690013952,690.013952,120,198,86,1,20251021_025153
1760982695.053666,2695407,690024192,690.024192,123,198,87,1,20251021_025153
1760982695.06365,2695446,690034176,690.034176,126,198,86,1,20251021_025153
1760982695.0736337,2695485,690044160,690.04416,128,198,88,1,20251021_025153
1760982695.0836177,2695524,690054144,690.054144,131,198,89,1,20251021_025153
1760982695.0936017,2695563,690064128,690.064128,134,199,91,1,20251021_025153
1760982695.1035855,2695602,690074112,690.074112,136,199,93,1,20251021_025153
1760982695.1135695,2695641,690084096,690.084096,139,198,95,1,20251021_025153
1760982695.1235538,2695680,690094080,690.09408,141,198,99,1,20251021_025153
1760982695.1335378,2695719,690104064,690.104064,144,199,106,1,20251021_025153
1760982695.1435218,2695758,690114048,690.114048,147,198,110,1,20251021_025153
1760982695.1535058,2695797,690124032,690.124032,150,198,115,1,20251021_025153
1760982695.1634898,2695836,690134016,690.134016,154,199,118,1,20251021_025153
1760982695.1734738,2695875,690144000,690.144,157,199,122,1,20251021_025153
1760982695.183458,2695914,690153984,690.153984,161,199,125,1,20251021_025153
1760982695.193442,2695953,690163968,690.163968,165,199,127,1,20251021_025153
1760982695.2036817,2695993,690174208,690.174208,170,199,132,1,20251021_025153
1760982695.2136655,2696032,690184192,690.184192,174,198,132,1,20251021_025153
1760982695.2236495,2696071,690194176,690.194176,179,198,133,1,20251021_025153
1760982695.2336338,2696110,690204160,690.20416,184,198,134,1,20251021_025153
1760982695.2436178,2696149,690214144,690.214144,188,198,135,1,20251021_025153
1760982695.2536018,2696188,690224128,690.224128,193,199,136,1,20251021_025153
1760982695.2635858,2696227,690234112,690.234112,198,199,136,1,20251021_025153
1760982695.2735698,2696266,690244096,690.244096,202,198,136,1,20251021_025153
1760982695.2835538,2696305,690254080,690.25408,207,198,137,1,20251021_025153
1760982695.293538,2696344,690264064,690.264064,211,199,138,1,20251021_025153
1760982695.303522,2696383,690274048,690.274048,216,199,138,1,20251021_025153
1760982695.313506,2696422,690284032,690.284032,220,200,139,1,20251021_025153
1760982695.3234897,2696461,690294016,690.294016,224,199,138,1,20251021_025153
1760982695.3334737,2696500,690304000,690.304,228,200,140,1,20251021_025153
1760982695.3434577,2696539,690313984,690.313984,232,199,139,1,20251021_025153
1760982695.3536978,2696579,690324224,690.324224,235,200,140,1,20251021_025153
1760982695.3636818,2696618,690334208,690.334208,239,199,138,1,20251021_025153
1760982695.3736658,2696657,690344192,690.344192,242,200,140,1,20251021_025153
1760982695.3836498,2696696,690354176,690.354176,245,200,140,1,20251021_025153
1760982695.3936338,2696735,690364160,690.36416,248,200,139,1,20251021_025153
1760982695.403618,2696774,690374144,690.374144,251,200,140,1,20251021_025153
1760982695.413602,2696813,690384128,690.384128,253,200,139,1,20251021_025153
1760982695.423586,2696852,690394112,690.394112,1,200,139,1,20251021_025153
1760982695.4335697,2696891,690404096,690.404096,4,200,138,1,20251021_025153
1760982695.4435537,2696930,690414080,690.41408,6,200,137,1,20251021_025153
1760982695.4535377,2696969,690424064,690.424064,8,200,135,1,20251021_025153
1760982695.4635217,2697008,690434048,690.434048,11,200,133,1,20251021_025153
1760982695.4735055,2697047,690444032,690.444032,13,200,132,1,20251021_025153
1760982695.4834898,2697086,690454016,690.454016,16,200,130,1,20251021_025153
1760982695.4934738,2697125,690464000,690.464,18,200,127,1,20251021_025153
1760982695.5037138,2697165,690474240,690.47424,21,200,127,1,20251021_025153
1760982695.513698,2697204,690484224,690.484224,23,200,126,1,20251021_025153
1760982695.523682,2697243,690494208,690.494208,25,201,124,1,20251021_025153
1760982695.533666,2697282,690504192,690.504192,28,200,117,1,20251021_025153
1760982695.5436497,2697321,690514176,690.514176,31,200,112,1,20251021_025153
1760982695.5536337,2697360,690524160,690.52416,35,200,107,1,20251021_025153
1760982695.5636177,2697399,690534144,690.534144,38,200,104,1,20251021_025153
1760982695.5736015,2697438,690544128,690.544128,42,199,99,1,20251021_025153
1760982695.5835855,2697477,690554112,690.554112,47,200,96,1,20251021_025153
1760982695.5935698,2697516,690564096,690.564096,51,200,92,1,20251021_025153
1760982695.6035538,2697555,690574080,690.57408,56,200,88,1,20251021_025153
1760982695.6135378,2697594,690584064,690.584064,61,200,86,1,20251021_025153
1760982695.6235218,2697633,690594048,690.594048,66,200,83,1,20251021_025153
1760982695.6335058,2697672,690604032,690.604032,71,200,85,1,20251021_025153
1760982695.643746,2697712,690614272,690.614272,75,200,85,1,20251021_025153
1760982695.6537297,2697751,690624256,690.624256,80,200,84,1,20251021_025153
1760982695.6637137,2697790,690634240,690.63424,84,200,87,1,20251021_025153
1760982695.6736977,2697829,690644224,690.644224,89,199,85,1,20251021_025153
1760982695.6836815,2697868,690654208,690.654208,93,199,85,1,20251021_025153
1760982695.6936655,2697907,690664192,690.664192,97,199,86,1,20251021_025153
1760982695.7036498,2697946,690674176,690.674176,101,199,86,1,20251021_025153
1760982695.7136338,2697985,690684160,690.68416,104,199,87,1,20251021_025153
1760982695.7236178,2698024,690694144,690.694144,108,199,86,1,20251021_025153
1760982695.7336018,2698063,690704128,690.704128,111,199,86,1,20251021_025153
1760982695.7435858,2698102,690714112,690.714112,115,199,88,1,20251021_025153
1760982695.7535698,2698141,690724096,690.724096,118,198,85,1,20251021_025153
1760982695.763554,2698180,690734080,690.73408,121,199,85,1,20251021_025153
1760982695.773538,2698219,690744064,690.744064,124,198,85,1,20251021_025153
1760982695.7837777,2698259,690754304,690.754304,126,199,86,1,20251021_025153
1760982695.7937615,2698298,690764288,690.764288,129,199,86,1,20251021_025153
1760982695.8037455,2698337,690774272,690.774272,131,199,87,1,20251021_025153
1760982695.8137298,2698376,690784256,690.784256,134,199,87,1,20251021_025153
1760982695.8237138,2698415,690794240,690.79424,136,199,88,1,20251021_025153
1760982695.8336978,2698454,690804224,690.804224,138,199,88,1,20251021_025153
1760982695.8436818,2698493,690814208,690.814208,141,199,89,1,20251021_025153
1760982695.8536658,2698532,690824192,690.824192,143,198,90,1,20251021_025153
1760982695.8636498,2698571,690834176,690.834176,145,198,90,1,20251021_025153
1760982695.873634,2698610,690844160,690.84416,147,198,91,1,20251021_025153
1760982695.883618,2698649,690854144,690.854144,149,198,92,1,20251021_025153
1760982695.893602,2698688,690864128,690.864128,152,199,95,1,20251021_025153
1760982695.9035857,2698727,690874112,690.874112,154,199,97,1,20251021_025153
1760982695.9135697,2698766,690884096,690.884096,156,199,99,1,20251021_025153
1760982695.9235537,2698805,690894080,690.89408,159,199,104,1,20251021_025153
1760982695.9337938,2698845,690904320,690.90432,162,199,107,1,20251021_025153
1760982695.9437778,2698884,690914304,690.914304,165,199,112,1,20251021_025153
1760982695.9537618,2698923,690924288,690.924288,168,199,115,1,20251021_025153
1760982695.9637458,2698962,690934272,690.934272,172,198,117,1,20251021_025153
1760982695.9737298,2699001,690944256,690.944256,175,199,120,1,20251021_025153
1760982695.983714,2699040,690954240,690.95424,179,199,122,1,20251021_025153
1760982695.993698,2699079,690964224,690.964224,183,200,126,1,20251021_025153
1760982696.003682,2699118,690974208,690.974208,187,199,127,1,20251021_025153
1760982696.0136657,2699157,690984192,690.984192,192,198,130,1,20251021_025153
1760982696.0236497,2699196,690994176,690.994176,196,199,133,1,20251021_025153
1760982696.0336337,2699235,691004160,691.00416,201,199,134,1,20251021_025153
1760982696.0436175,2699274,691014144,691.014144,205,199,135,1,20251021_025153
1760982696.0536015,2699313,691024128,691.024128,209,199,131,1,20251021_025153
1760982696.0635858,2699352,691034112,691.034112,214,199,136,1,20251021_025153
1760982696.0738258,2699392,691044352,691.044352,218,199,137,1,20251021_025153
1760982696.08381,2699431,691054336,691.054336,222,199,137,1,20251021_025153
1760982696.093794,2699470,691064320,691.06432,226,199,137,1,20251021_025153
1760982696.103778,2699509,691074304,691.074304,230,199,137,1,20251021_025153
1760982696.1137617,2699548,691084288,691.084288,233,200,138,1,20251021_025153
1760982696.1237457,2699587,691094272,691.094272,237,200,139,1,20251021_025153
1760982696.1337297,2699626,691104256,691.104256,240,200,138,1,20251021_025153
1760982696.1437137,2699665,691114240,691.11424,243,200,139,1,20251021_025153
1760982696.1536975,2699704,691124224,691.124224,246,200,139,1,20251021_025153
1760982696.1636815,2699743,691134208,691.134208,249,200,138,1,20251021_025153
1760982696.1736658,2699782,691144192,691.144192,252,200,138,1,20251021_025153
1760982696.1836498,2699821,691154176,691.154176,0,200,137,1,20251021_025153
1760982696.1936338,2699860,691164160,691.16416,2,201,136,1,20251021_025153
1760982696.2036178,2699899,691174144,691.174144,5,200,135,1,20251021_025153
1760982696.2136018,2699938,691184128,691.184128,7,200,134,1,20251021_025153
1760982696.2238417,2699978,691194368,691.194368,10,200,133,1,20251021_025153
1760982696.2338257,2700017,691204352,691.204352,12,200,131,1,20251021_025153
1760982696.2438097,2700056,691214336,691.214336,15,200,129,1,20251021_025153
1760982696.2537937,2700095,691224320,691.22432,17,200,128,1,20251021_025153
1760982696.2637775,2700134,691234304,691.234304,19,200,127,1,20251021_025153
1760982696.2737615,2700173,691244288,691.244288,22,200,127,1,20251021_025153
1760982696.2837458,2700212,691254272,691.254272,24,200,124,1,20251021_025153
1760982696.2937298,2700251,691264256,691.264256,27,200,117,1,20251021_025153
1760982696.3037138,2700290,691274240,691.27424,30,200,110,1,20251021_025153
1760982696.3136978,2700329,691284224,691.284224,34,200,105,1,20251021_025153
1760982696.3236818,2700368,691294208,691.294208,37,200,102,1,20251021_025153
1760982696.3336658,2700407,691304192,691.304192,41,200,97,1,20251021_025153
1760982696.34365,2700446,691314176,691.314176,46,200,95,1,20251021_025153
1760982696.353634,2700485,691324160,691.32416,50,199,92,1,20251021_025153
1760982696.3638735,2700525,691334400,691.3344,55,200,87,1,20251021_025153
1760982696.3738575,2700564,691344384,691.344384,60,199,85,1,20251021_025153
1760982696.3838418,2700603,691354368,691.354368,65,200,84,1,20251021_025153
1760982696.3938258,2700642,691364352,691.364352,70,200,84,1,20251021_025153
1760982696.4038098,2700681,691374336,691.374336,74,199,85,1,20251021_025153
1760982696.4137938,2700720,691384320,691.38432,79,200,85,1,20251021_025153
1760982696.4237778,2700759,691394304,691.394304,84,199,85,1,20251021_025153
1760982696.4337618,2700798,691404288,691.404288,88,199,86,1,20251021_025153
1760982696.443746,2700837,691414272,691.414272,92,199,85,1,20251021_025153
1760982696.45373,2700876,691424256,691.424256,96,198,86,1,20251021_025153
1760982696.463714,2700915,691434240,691.43424,100,199,86,1,20251021_025153
1760982696.473698,2700954,691444224,691.444224,104,199,86,1,20251021_025153
1760982696.4836817,2700993,691454208,691.454208,107,198,86,1,20251021_025153
1760982696.4936657,2701032,691464192,691.464192,111,199,86,1,20251021_025153
1760982696.5036497,2701071,691474176,691.474176,114,198,85,1,20251021_025153
1760982696.5138898,2701111,691484416,691.484416,117,199,86,1,20251021_025153
1760982696.5238738,2701150,691494400,691.4944,120,198,84,1,20251021_025153
1760982696.5338578,2701189,691504384,691.504384,123,199,86,1,20251021_025153
1760982696.5438418,2701228,691514368,691.514368,126,198,86,1,20251021_025153
1760982696.553826,2701267,691524352,691.524352,128,198,87,1,20251021_025153
1760982696.56381,2701306,691534336,691.534336,131,199,87,1,20251021_025153
1760982696.573794,2701345,691544320,691.54432,133,199,89,1,20251021_025153
1760982696.5837777,2701384,691554304,691.554304,136,199,89,1,20251021_025153
1760982696.5937617,2701423,691564288,691.564288,138,198,90,1,20251021_025153
1760982696.6037457,2701462,691574272,691.574272,141,199,93,1,20251021_025153
1760982696.6137297,2701501,691584256,691.584256,143,199,92,1,20251021_025153
1760982696.6237135,2701540,691594240,691.59424,145,199,94,1,20251021_025153
1760982696.6336975,2701579,691604224,691.604224,148,199,96,1,20251021_025153
1760982696.6436818,2701618,691614208,691.614208,150,199,99,1,20251021_025153
1760982696.6536658,2701657,691624192,691.624192,153,199,107,1,20251021_025153
1760982696.663906,2701697,691634432,691.634432,156,199,113,1,20251021_025153
1760982696.67389,2701736,691644416,691.644416,159,199,118,1,20251021_025153
1760982696.683874,2701775,691654400,691.6544,163,198,124,1,20251021_025153
1760982696.6938577,2701814,691664384,691.664384,167,198,127,1,20251021_025153
1760982696.7038417,2701853,691674368,691.674368,172,199,127,1,20251021_025153
1760982696.7138257,2701892,691684352,691.684352,176,199,130,1,20251021_025153
1760982696.7238097,2701931,691694336,691.694336,180,199,133,1,20251021_025153
1760982696.7337935,2701970,691704320,691.70432,185,199,134,1,20251021_025153
1760982696.7437778,2702009,691714304,691.714304,190,199,134,1,20251021_025153
1760982696.7537618,2702048,691724288,691.724288,195,198,136,1,20251021_025153
1760982696.7637458,2702087,691734272,691.734272,199,198,135,1,20251021_025153
1760982696.7737298,2702126,691744256,691.744256,204,198,136,1,20251021_025153
1760982696.7837138,2702165,691754240,691.75424,208,200,138,1,20251021_025153
1760982696.7936978,2702204,691764224,691.764224,213,199,138,1,20251021_025153
1760982696.8039377,2702244,691774464,691.774464,217,199,136,1,20251021_025153
1760982696.8139217,2702283,691784448,691.784448,221,199,139,1,20251021_025153
1760982696.8239057,2702322,691794432,691.794432,225,199,139,1,20251021_025153
1760982696.8338895,2702361,691804416,691.804416,229,199,138,1,20251021_025153
1760982696.8438735,2702400,691814400,691.8144,233,199,141,1,20251021_025153
1760982696.8538578,2702439,691824384,691.824384,236,200,139,1,20251021_025153
1760982696.8638418,2702478,691834368,691.834368,240,200,140,1,20251021_025153
1760982696.8738258,2702517,691844352,691.844352,243,200,140,1,20251021_025153
1760982696.8838098,2702556,691854336,691.854336,246,200,140,1,20251021_025153
1760982696.8937938,2702595,691864320,691.86432,249,200,142,1,20251021_025153
1760982696.9037778,2702634,691874304,691.874304,252,200,139,1,20251021_025153
1760982696.913762,2702673,691884288,691.884288,254,200,140,1,20251021_025153
1760982696.923746,2702712,691894272,691.894272,2,200,137,1,20251021_025153
1760982696.93373,2702751,691904256,691.904256,4,200,137,1,20251021_025153
1760982696.9439695,2702791,691914496,691.914496,7,200,136,1,20251021_025153
1760982696.9539535,2702830,691924480,691.92448,9,200,132,1,20251021_025153
1760982696.9639378,2702869,691934464,691.934464,12,200,132,1,20251021_025153
1760982696.9739218,2702908,691944448,691.944448,14,200,130,1,20251021_025153
1760982696.9839058,2702947,691954432,691.954432,16,200,130,1,20251021_025153
1760982696.9938898,2702986,691964416,691.964416,19,202,129,1,20251021_025153
1760982697.0038738,2703025,691974400,691.9744,21,200,127,1,20251021_025153
1760982697.0138578,2703064,691984384,691.984384,24,200,127,1,20251021_025153
1760982697.023842,2703103,691994368,691.994368,26,200,124,1,20251021_025153
1760982697.033826,2703142,692004352,692.004352,29,200,122,1,20251021_025153
1760982697.04381,2703181,692014336,692.014336,31,199,117,1,20251021_025153
1760982697.0537937,2703220,692024320,692.02432,34,200,111,1,20251021_025153
1760982697.0637777,2703259,692034304,692.034304,38,200,107,1,20251021_025153
1760982697.0737617,2703298,692044288,692.044288,42,199,100,1,20251021_025153
1760982697.0837457,2703337,692054272,692.054272,46,200,97,1,20251021_025153
1760982697.0939858,2703377,692064512,692.064512,50,200,92,1,20251021_025153
1760982697.1039698,2703416,692074496,692.074496,55,200,89,1,20251021_025153
1760982697.1139538,2703455,692084480,692.08448,60,199,87,1,20251021_025153
1760982697.1239378,2703494,692094464,692.094464,65,200,86,1,20251021_025153
1760982697.133922,2703533,692104448,692.104448,69,200,84,1,20251021_025153
1760982697.143906,2703572,692114432,692.114432,74,199,86,1,20251021_025153
1760982697.15389,2703611,692124416,692.124416,79,199,84,1,20251021_025153
1760982697.1638737,2703650,692134400,692.1344,83,199,82,1,20251021_025153
1760982697.1738577,2703689,692144384,692.144384,88,199,85,1,20251021_025153
1760982697.1838417,2703728,692154368,692.154368,92,199,84,1,20251021_025153
1760982697.1938255,2703767,692164352,692.164352,96,199,84,1,20251021_025153
1760982697.2038095,2703806,692174336,692.174336,100,199,86,1,20251021_025153
1760982697.2137938,2703845,692184320,692.18432,104,199,85,1,20251021_025153
1760982697.2237778,2703884,692194304,692.194304,107,198,84,1,20251021_025153
1760982697.2340178,2703924,692204544,692.204544,111,198,84,1,20251021_025153
1760982697.244002,2703963,692214528,692.214528,114,199,85,1,20251021_025153
1760982697.253986,2704002,692224512,692.224512,117,199,86,1,20251021_025153
1760982697.26397,2704041,692234496,692.234496,120,199,86,1,20251021_025153
1760982697.2739537,2704080,692244480,692.24448,123,199,86,1,20251021_025153
1760982697.2839377,2704119,692254464,692.254464,126,199,86,1,20251021_025153
1760982697.2939217,2704158,692264448,692.264448,128,199,86,1,20251021_025153
1760982697.3039055,2704197,692274432,692.274432,131,199,87,1,20251021_025153
1760982697.3138895,2704236,692284416,692.284416,133,199,88,1,20251021_025153
1760982697.3238738,2704275,692294400,692.2944,136,199,88,1,20251021_025153
1760982697.3338578,2704314,692304384,692.304384,138,198,90,1,20251021_025153
1760982697.3438418,2704353,692314368,692.314368,140,199,89,1,20251021_025153
1760982697.3538258,2704392,692324352,692.324352,143,199,89,1,20251021_025153
1760982697.3638098,2704431,692334336,692.334336,145,199,90,1,20251021_025153
1760982697.3737938,2704470,692344320,692.34432,147,198,91,1,20251021_025153
1760982697.3840337,2704510,692354560,692.35456,149,199,93,1,20251021_025153
1760982697.3940177,2704549,692364544,692.364544,151,198,94,1,20251021_025153
1760982697.4040017,2704588,692374528,692.374528,154,199,96,1,20251021_025153
1760982697.4139855,2704627,692384512,692.384512,156,199,99,1,20251021_025153
1760982697.4239695,2704666,692394496,692.394496,159,199,104,1,20251021_025153
1760982697.4339538,2704705,692404480,692.40448,161,198,107,1,20251021_025153
1760982697.4439378,2704744,692414464,692.414464,165,198,110,1,20251021_025153
1760982697.4539218,2704783,692424448,692.424448,168,199,114,1,20251021_025153
1760982697.4639058,2704822,692434432,692.434432,171,199,117,1,20251021_025153
1760982697.4738898,2704861,692444416,692.444416,175,199,119,1,20251021_025153
1760982697.4838738,2704900,692454400,692.4544,179,199,122,1,20251021_025153
1760982697.493858,2704939,692464384,692.464384,183,199,126,1,20251021_025153
1760982697.503842,2704978,692474368,692.474368,187,199,127,1,20251021_025153
1760982697.513826,2705017,692484352,692.484352,191,198,129,1,20251021_025153
1760982697.5240655,2705057,692494592,692.494592,196,199,133,1,20251021_025153
1760982697.5340495,2705096,692504576,692.504576,200,199,134,1,20251021_025153
1760982697.5440338,2705135,692514560,692.51456,205,198,135,1,20251021_025153
1760982697.5540178,2705174,692524544,692.524544,209,198,134,1,20251021_025153
1760982697.5640018,2705213,692534528,692.534528,214,199,136,1,20251021_025153
1760982697.5739858,2705252,692544512,692.544512,218,199,136,1,20251021_025153
1760982697.5839698,2705291,692554496,692.554496,222,199,137,1,20251021_025153
1760982697.5939538,2705330,692564480,692.56448,226,199,137,1,20251021_025153
1760982697.603938,2705369,692574464,692.574464,230,199,138,1,20251021_025153
1760982697.613922,2705408,692584448,692.584448,233,200,139,1,20251021_025153
1760982697.623906,2705447,692594432,692.594432,237,199,138,1,20251021_025153
1760982697.6338897,2705486,692604416,692.604416,240,201,138,1,20251021_025153
1760982697.6438737,2705525,692614400,692.6144,243,199,140,1,20251021_025153
1760982697.6538577,2705564,692624384,692.624384,246,200,139,1,20251021_025153
1760982697.6640978,2705604,692634624,692.634624,249,200,138,1,20251021_025153
1760982697.6740818,2705643,692644608,692.644608,252,200,138,1,20251021_025153
1760982697.6840658,2705682,692654592,692.654592,0,199,136,1,20251021_025153
1760982697.6940498,2705721,692664576,692.664576,2,200,136,1,20251021_025153
1760982697.704034,2705760,692674560,692.67456,5,199,134,1,20251021_025153
1760982697.714018,2705799,692684544,692.684544,7,200,134,1,20251021_025153
1760982697.724002,2705838,692694528,692.694528,10,199,131,1,20251021_025153
1760982697.7339857,2705877,692704512,692.704512,12,201,128,1,20251021_025153
1760982697.7439697,2705916,692714496,692.714496,15,200,129,1,20251021_025153
1760982697.7539537,2705955,692724480,692.72448,17,200,127,1,20251021_025153
1760982697.7639377,2705994,692734464,692.734464,19,200,127,1,20251021_025153
1760982697.7739215,2706033,692744448,692.744448,22,200,126,1,20251021_025153
1760982697.7839055,2706072,692754432,692.754432,24,199,124,1,20251021_025153
1760982697.7938898,2706111,692764416,692.764416,27,199,119,1,20251021_025153
1760982697.8038738,2706150,692774400,692.7744,30,199,112,1,20251021_025153
1760982697.814114,2706190,692784640,692.78464,34,200,107,1,20251021_025153
1760982697.824098,2706229,692794624,692.794624,37,200,103,1,20251021_025153
1760982697.834082,2706268,692804608,692.804608,41,199,99,1,20251021_025153
1760982697.8440657,2706307,692814592,692.814592,45,199,97,1,20251021_025153
1760982697.8540497,2706346,692824576,692.824576,50,200,93,1,20251021_025153
1760982697.8640337,2706385,692834560,692.83456,54,200,90,1,20251021_025153
1760982697.8740177,2706424,692844544,692.844544,59,199,88,1,20251021_025153
1760982697.8840015,2706463,692854528,692.854528,64,199,86,1,20251021_025153
1760982697.8939855,2706502,692864512,692.864512,69,199,85,1,20251021_025153
1760982697.9039698,2706541,692874496,692.874496,73,199,85,1,20251021_025153
1760982697.9139538,2706580,692884480,692.88448,78,199,85,1,20251021_025153
1760982697.9239378,2706619,692894464,692.894464,83,199,85,1,20251021_025153
1760982697.9339218,2706658,692904448,692.904448,87,199,84,1,20251021_025153
1760982697.9439058,2706697,692914432,692.914432,91,199,86,1,20251021_025153
1760982697.9541457,2706737,692924672,692.924672,95,199,86,1,20251021_025153
1760982697.9641297,2706776,692934656,692.934656,99,198,86,1,20251021_025153
1760982697.9741137,2706815,692944640,692.94464,103,199,86,1,20251021_025153
1760982697.9840977,2706854,692954624,692.954624,107,199,86,1,20251021_025153
1760982697.9940815,2706893,692964608,692.964608,110,198,86,1,20251021_025153
1760982698.0040658,2706932,692974592,692.974592,113,198,86,1,20251021_025153
1760982698.0140498,2706971,692984576,692.984576,116,199,87,1,20251021_025153
1760982698.0240338,2707010,692994560,692.99456,119,198,86,1,20251021_025153
1760982698.0340178,2707049,693004544,693.004544,122,198,87,1,20251021_025153
1760982698.0440018,2707088,693014528,693.014528,125,198,88,1,20251021_025153
1760982698.0539858,2707127,693024512,693.024512,128,199,90,1,20251021_025153
1760982698.06397,2707166,693034496,693.034496,130,199,90,1,20251021_025153
1760982698.073954,2707205,693044480,693.04448,133,198,92,1,20251021_025153
1760982698.083938,2707244,693054464,693.054464,136,199,93,1,20251021_025153
1760982698.093922,2707283,693064448,693.064448,138,199,95,1,20251021_025153
1760982698.1041615,2707323,693074688,693.074688,141,199,99,1,20251021_025153
1760982698.1141458,2707362,693084672,693.084672,143,199,104,1,20251021_025153
1760982698.1241298,2707401,693094656,693.094656,146,198,109,1,20251021_025153
1760982698.1341138,2707440,693104640,693.10464,150,199,114,1,20251021_025153
1760982698.1440978,2707479,693114624,693.114624,153,199,116,1,20251021_025153
1760982698.1540818,2707518,693124608,693.124608,157,199,120,1,20251021_025153
1760982698.1640658,2707557,693134592,693.134592,161,199,124,1,20251021_025153
1760982698.17405,2707596,693144576,693.144576,165,198,126,1,20251021_025153
1760982698.184034,2707635,693154560,693.15456,169,199,129,1,20251021_025153
1760982698.194018,2707674,693164544,693.164544,174,199,133,1,20251021_025153
1760982698.2040017,2707713,693174528,693.174528,178,199,134,1,20251021_025153
1760982698.2139857,2707752,693184512,693.184512,183,198,135,1,20251021_025153
1760982698.2239697,2707791,693194496,693.194496,188,199,135,1,20251021_025153
1760982698.2339537,2707830,693204480,693.20448,193,198,136,1,20251021_025153
1760982698.2441938,2707870,693214720,693.21472,197,199,137,1,20251021_025153
1760982698.2541778,2707909,693224704,693.224704,202,199,137,1,20251021_025153
1760982698.2641618,2707948,693234688,693.234688,207,198,138,1,20251021_025153
1760982698.2741458,2707987,693244672,693.244672,211,199,138,1,20251021_025153
1760982698.28413,2708026,693254656,693.254656,216,199,138,1,20251021_025153
1760982698.294114,2708065,693264640,693.26464,220,198,138,1,20251021_025153
1760982698.304098,2708104,693274624,693.274624,224,199,139,1,20251021_025153
1760982698.3140817,2708143,693284608,693.284608,228,199,138,1,20251021_025153
1760982698.3240657,2708182,693294592,693.294592,231,199,139,1,20251021_025153
1760982698.3340497,2708221,693304576,693.304576,235,199,140,1,20251021_025153
1760982698.3440337,2708260,693314560,693.31456,238,199,140,1,20251021_025153
1760982698.3540175,2708299,693324544,693.324544,242,199,140,1,20251021_025153
1760982698.3640018,2708338,693334528,693.334528,245,200,140,1,20251021_025153
1760982698.3739858,2708377,693344512,693.344512,248,200,140,1,20251021_025153
1760982698.3839698,2708416,693354496,693.354496,251,200,140,1,20251021_025153
1760982698.39421,2708456,693364736,693.364736,253,200,138,1,20251021_025153
1760982698.404194,2708495,693374720,693.37472,1,199,137,1,20251021_025153
1760982698.414178,2708534,693384704,693.384704,3,199,137,1,20251021_025153
1760982698.4241617,2708573,693394688,693.394688,6,200,136,1,20251021_025153
1760982698.4341457,2708612,693404672,693.404672,8,200,134,1,20251021_025153
1760982698.4441297,2708651,693414656,693.414656,11,199,132,1,20251021_025153
1760982698.4541135,2708690,693424640,693.42464,13,199,128,1,20251021_025153
1760982698.4640975,2708729,693434624,693.434624,16,200,129,1,20251021_025153
1760982698.4740818,2708768,693444608,693.444608,18,200,127,1,20251021_025153
1760982698.4840658,2708807,693454592,693.454592,21,199,127,1,20251021_025153
1760982698.4940498,2708846,693464576,693.464576,23,199,124,1,20251021_025153
1760982698.5040338,2708885,693474560,693.47456,26,199,119,1,20251021_025153
1760982698.5140178,2708924,693484544,693.484544,29,199,113,1,20251021_025153
1760982698.5240018,2708963,693494528,693.494528,32,199,107,1,20251021_025153
1760982698.5342417,2709003,693504768,693.504768,36,199,102,1,20251021_025153
1760982698.5442257,2709042,693514752,693.514752,40,199,99,1,20251021_025153
1760982698.5542097,2709081,693524736,693.524736,44,199,96,1,20251021_025153
1760982698.5641935,2709120,693534720,693.53472,48,199,91,1,20251021_025153
1760982698.5741775,2709159,693544704,693.544704,53,199,91,1,20251021_025153
1760982698.5841618,2709198,693554688,693.554688,58,199,86,1,20251021_025153
1760982698.5941458,2709237,693564672,693.564672,63,199,85,1,20251021_025153
1760982698.6041298,2709276,693574656,693.574656,68,198,84,1,20251021_025153
1760982698.6141138,2709315,693584640,693.58464,72,198,84,1,20251021_025153
1760982698.6240978,2709354,693594624,693.594624,77,199,86,1,20251021_025153
1760982698.6340818,2709393,693604608,693.604608,82,198,85,1,20251021_025153
1760982698.644066,2709432,693614592,693.614592,86,198,85,1,20251021_025153
1760982698.65405,2709471,693624576,693.624576,90,198,86,1,20251021_025153
1760982698.664034,2709510,693634560,693.63456,95,198,85,1,20251021_025153
1760982698.6740177,2709549,693644544,693.644544,98,197,84,1,20251021_025153
1760982698.6842575,2709589,693654784,693.654784,102,197,86,1,20251021_025153
1760982698.6942418,2709628,693664768,693.664768,106,198,86,1,20251021_025153
1760982698.7042258,2709667,693674752,693.674752,109,198,86,1,20251021_025153
1760982698.7142098,2709706,693684736,693.684736,113,198,86,1,20251021_025153
1760982698.7241938,2709745,693694720,693.69472,116,197,86,1,20251021_025153
1760982698.7341778,2709784,693704704,693.704704,119,198,87,1,20251021_025153
1760982698.7441618,2709823,693714688,693.714688,122,197,86,1,20251021_025153
1760982698.754146,2709862,693724672,693.724672,125,197,86,1,20251021_025153
1760982698.76413,2709901,693734656,693.734656,127,198,87,1,20251021_025153
1760982698.774114,2709940,693744640,693.74464,130,198,87,1,20251021_025153
1760982698.7840977,2709979,693754624,693.754624,132,197,87,1,20251021_025153
1760982698.7940817,2710018,693764608,693.764608,135,197,88,1,20251021_025153
1760982698.8040657,2710057,693774592,693.774592,137,198,88,1,20251021_025153
1760982698.8140495,2710096,693784576,693.784576,139,197,88,1,20251021_025153
1760982698.8242898,2710136,693794816,693.794816,142,198,90,1,20251021_025153
1760982698.8342738,2710175,693804800,693.8048,144,197,90,1,20251021_025153
1760982698.8442578,2710214,693814784,693.814784,146,198,91,1,20251021_025153
1760982698.8542418,2710253,693824768,693.824768,148,198,92,1,20251021_025153
1760982698.864226,2710292,693834752,693.834752,150,197,92,1,20251021_025153
1760982698.87421,2710331,693844736,693.844736,153,199,95,1,20251021_025153
1760982698.884194,2710370,693854720,693.85472,155,198,97,1,20251021_025153
1760982698.8941777,2710409,693864704,693.864704,157,200,100,1,20251021_025153
1760982698.9041617,2710448,693874688,693.874688,160,198,102,1,20251021_025153
1760982698.9141457,2710487,693884672,693.884672,162,198,108,1,20251021_025153
1760982698.9241295,2710526,693894656,693.894656,165,197,111,1,20251021_025153
1760982698.9341135,2710565,693904640,693.90464,169,198,114,1,20251021_025153
1760982698.9440978,2710604,693914624,693.914624,172,198,117,1,20251021_025153
1760982698.9540818,2710643,693924608,693.924608,176,198,118,1,20251021_025153
1760982698.964322,2710683,693934848,693.934848,180,200,123,1,20251021_025153
1760982698.974306,2710722,693944832,693.944832,184,197,123,1,20251021_025153
1760982698.98429,2710761,693954816,693.954816,188,198,127,1,20251021_025153
1760982698.9942737,2710800,693964800,693.9648,192,197,128,1,20251021_025153
1760982699.0042577,2710839,693974784,693.974784,197,198,133,1,20251021_025153
1760982699.0142417,2710878,693984768,693.984768,201,198,134,1,20251021_025153
1760982699.0242257,2710917,693994752,693.994752,206,198,135,1,20251021_025153
1760982699.0342095,2710956,694004736,694.004736,210,197,134,1,20251021_025153
1760982699.0441935,2710995,694014720,694.01472,214,198,134,1,20251021_025153
1760982699.0541778,2711034,694024704,694.024704,218,199,136,1,20251021_025153
1760982699.0641618,2711073,694034688,694.034688,222,197,137,1,20251021_025153
1760982699.0741458,2711112,694044672,694.044672,226,198,138,1,20251021_025153
1760982699.0841298,2711151,694054656,694.054656,230,198,138,1,20251021_025153
1760982699.0941138,2711190,694064640,694.06464,234,198,138,1,20251021_025153
1760982699.1040978,2711229,694074624,694.074624,237,198,139,1,20251021_025153
1760982699.1143377,2711269,694084864,694.084864,241,197,138,1,20251021_025153
1760982699.1243217,2711308,694094848,694.094848,244,198,138,1,20251021_025153
1760982699.1343057,2711347,694104832,694.104832,247,198,138,1,20251021_025153
1760982699.1442895,2711386,694114816,694.114816,250,198,140,1,20251021_025153
1760982699.1542735,2711425,694124800,694.1248,252,198,138,1,20251021_025153
1760982699.1642578,2711464,694134784,694.134784,0,199,139,1,20251021_025153
1760982699.1742418,2711503,694144768,694.144768,3,198,139,1,20251021_025153
1760982699.1842258,2711542,694154752,694.154752,5,199,138,1,20251021_025153
1760982699.1942098,2711581,694164736,694.164736,7,199,139,1,20251021_025153
1760982699.2041938,2711620,694174720,694.17472,10,199,138,1,20251021_025153
1760982699.2141778,2711659,694184704,694.184704,12,199,138,1,20251021_025153
1760982699.224162,2711698,694194688,694.194688,14,199,139,1,20251021_025153
1760982699.234146,2711737,694204672,694.204672,16,199,140,1,20251021_025153
1760982699.24413,2711776,694214656,694.214656,18,199,141,1,20251021_025153
1760982699.2541137,2711815,694224640,694.22464,20,199,144,1,20251021_025153
1760982699.2643538,2711855,694234880,694.23488,22,199,142,1,20251021_025153
1760982699.2743378,2711894,694244864,694.244864,23,198,145,1,20251021_025153
1760982699.2843218,2711933,694254848,694.254848,25,199,147,1,20251021_025153
1760982699.2943058,2711972,694264832,694.264832,27,198,147,1,20251021_025153
1760982699.3042898,2712011,694274816,694.274816,28,198,147,1,20251021_025153
1760982699.3142738,2712050,694284800,694.2848,30,199,148,1,20251021_025153
1760982699.324258,2712089,694294784,694.294784,32,199,146,1,20251021_025153
1760982699.334242,2712128,694304768,694.304768,33,199,149,1,20251021_025153
1760982699.344226,2712167,694314752,694.314752,35,199,149,1,20251021_025153
1760982699.35421,2712206,694324736,694.324736,36,199,149,1,20251021_025153
1760982699.3641937,2712245,694334720,694.33472,38,199,150,1,20251021_025153
1760982699.3741777,2712284,694344704,694.344704,39,199,150,1,20251021_025153
1760982699.3841617,2712323,694354688,694.354688,40,200,150,1,20251021_025153
1760982699.3941455,2712362,694364672,694.364672,42,199,149,1,20251021_025153
1760982699.4043858,2712402,694374912,694.374912,43,199,149,1,20251021_025153
1760982699.4143698,2712441,694384896,694.384896,45,200,150,1,20251021_025153
1760982699.4243538,2712480,694394880,694.39488,46,199,149,1,20251021_025153
1760982699.434338,2712519,694404864,694.404864,47,200,150,1,20251021_025153
1760982699.444322,2712558,694414848,694.414848,49,200,150,1,20251021_025153
1760982699.454306,2712597,694424832,694.424832,50,200,150,1,20251021_025153
1760982699.4642897,2712636,694434816,694.434816,51,200,151,1,20251021_025153
1760982699.4742737,2712675,694444800,694.4448,53,200,151,1,20251021_025153
1760982699.4842577,2712714,694454784,694.454784,54,200,151,1,20251021_025153
1760982699.4942417,2712753,694464768,694.464768,55,198,150,1,20251021_025153
1760982699.5042255,2712792,694474752,694.474752,57,197,150,1,20251021_025153
1760982699.5142095,2712831,694484736,694.484736,58,197,150,1,20251021_025153
1760982699.5241938,2712870,694494720,694.49472,60,199,150,1,20251021_025153
1760982699.5341778,2712909,694504704,694.504704,61,199,147,1,20251021_025153
1760982699.5441618,2712948,694514688,694.514688,63,200,149,1,20251021_025153
1760982699.554402,2712988,694524928,694.524928,64,195,146,1,20251021_025153
1760982699.564386,2713027,694534912,694.534912,66,194,145,1,20251021_025153
1760982699.5743697,2713066,694544896,694.544896,68,174,145,1,20251021_025153
1760982699.5843537,2713105,694554880,694.55488,69,174,143,1,20251021_025153
1760982699.5943377,2713144,694564864,694.564864,71,170,144,1,20251021_025153
1760982699.6043217,2713183,694574848,694.574848,73,162,145,1,20251021_025153
1760982699.6143055,2713222,694584832,694.584832,75,152,145,1,20251021_025153
1760982699.6242898,2713261,694594816,694.594816,77,138,146,1,20251021_025153
1760982699.6342738,2713300,694604800,694.6048,78,113,145,1,20251021_025153
1760982699.6442578,2713339,694614784,694.614784,80,126,147,1,20251021_025153
1760982699.6542418,2713378,694624768,694.624768,82,165,148,1,20251021_025153
1760982699.6642258,2713417,694634752,694.634752,84,195,148,1,20251021_025153
1760982699.6742098,2713456,694644736,694.644736,86,198,148,1,20251021_025153
1760982699.6841938,2713495,694654720,694.65472,88,163,148,1,20251021_025153
1760982699.694178,2713534,694664704,694.664704,90,183,148,1,20251021_025153
1760982699.7044177,2713574,694674944,694.674944,93,175,148,1,20251021_025153
1760982699.7144015,2713613,694684928,694.684928,95,168,150,1,20251021_025153
1760982699.7243855,2713652,694694912,694.694912,97,193,149,1,20251021_025153
1760982699.7343698,2713691,694704896,694.704896,100,189,148,1,20251021_025153
1760982699.7443538,2713730,694714880,694.71488,103,195,148,1,20251021_025153
1760982699.7543378,2713769,694724864,694.724864,105,196,149,1,20251021_025153
1760982699.7643218,2713808,694734848,694.734848,108,198,150,1,20251021_025153
1760982699.7743058,2713847,694744832,694.744832,111,197,149,1,20251021_025153
1760982699.7842898,2713886,694754816,694.754816,114,197,149,1,20251021_025153
1760982699.794274,2713925,694764800,694.7648,117,196,149,1,20251021_025153
1760982699.804258,2713964,694774784,694.774784,121,196,150,1,20251021_025153
1760982699.814242,2714003,694784768,694.784768,124,197,150,1,20251021_025153
1760982699.8242257,2714042,694794752,694.794752,128,197,150,1,20251021_025153
1760982699.8342097,2714081,694804736,694.804736,132,198,149,1,20251021_025153
1760982699.8444498,2714121,694814976,694.814976,136,198,150,1,20251021_025153
1760982699.8544338,2714160,694824960,694.82496,140,198,149,1,20251021_025153
1760982699.8644178,2714199,694834944,694.834944,145,199,149,1,20251021_025153
1760982699.8744018,2714238,694844928,694.844928,149,198,150,1,20251021_025153
1760982699.8843858,2714277,694854912,694.854912,154,199,151,1,20251021_025153
1760982699.8943698,2714316,694864896,694.864896,159,199,150,1,20251021_025153
1760982699.904354,2714355,694874880,694.87488,163,198,151,1,20251021_025153
1760982699.914338,2714394,694884864,694.884864,168,199,152,1,20251021_025153
1760982699.924322,2714433,694894848,694.894848,173,199,151,1,20251021_025153
1760982699.9343057,2714472,694904832,694.904832,178,199,151,1,20251021_025153
1760982699.9442897,2714511,694914816,694.914816,183,199,151,1,20251021_025153
1760982699.9542737,2714550,694924800,694.9248,188,199,152,1,20251021_025153
1760982699.9642577,2714589,694934784,694.934784,193,200,151,1,20251021_025153
1760982699.9742415,2714628,694944768,694.944768,198,199,152,1,20251021_025153
1760982699.9844818,2714668,694955008,694.955008,203,200,152,1,20251021_025153
1760982699.9944658,2714707,694964992,694.964992,207,200,152,1,20251021_025153
1760982700.0044498,2714746,694974976,694.974976,212,200,152,1,20251021_025153
1760982700.014434,2714785,694984960,694.98496,216,200,152,1,20251021_025153
1760982700.024418,2714824,694994944,694.994944,220,200,152,1,20251021_025153
1760982700.034402,2714863,695004928,695.004928,224,201,151,1,20251021_025153
1760982700.0443857,2714902,695014912,695.014912,228,201,154,1,20251021_025153
1760982700.0543697,2714941,695024896,695.024896,232,201,152,1,20251021_025153
1760982700.0643537,2714980,695034880,695.03488,236,201,152,1,20251021_025153
1760982700.0743375,2715019,695044864,695.044864,239,201,152,1,20251021_025153
1760982700.0843215,2715058,695054848,695.054848,242,201,151,1,20251021_025153
1760982700.0943058,2715097,695064832,695.064832,245,201,151,1,20251021_025153
1760982700.1042898,2715136,695074816,695.074816,248,201,147,1,20251021_025153
1760982700.1142738,2715175,695084800,695.0848,251,201,144,1,20251021_025153
1760982700.1242578,2715214,695094784,695.094784,254,201,138,1,20251021_025153
1760982700.134498,2715254,695105024,695.105024,2,200,130,1,20251021_025153
1760982700.144482,2715293,695115008,695.115008,5,201,117,1,20251021_025153
1760982700.1544657,2715332,695124992,695.124992,8,201,102,1,20251021_025153
1760982700.1644497,2715371,695134976,695.134976,12,200,92,1,20251021_025153
1760982700.1744337,2715410,695144960,695.14496,17,201,86,1,20251021_025153
1760982700.1844175,2715449,695154944,695.154944,21,201,84,1,20251021_025153
1760982700.1944015,2715488,695164928,695.164928,26,201,83,1,20251021_025153
1760982700.2043858,2715527,695174912,695.174912,31,201,84,1,20251021_025153
1760982700.2143698,2715566,695184896,695.184896,35,201,84,1,20251021_025153
1760982700.2243538,2715605,695194880,695.19488,40,201,82,1,20251021_025153
1760982700.2343378,2715644,695204864,695.204864,45,201,84,1,20251021_025153
1760982700.2443218,2715683,695214848,695.214848,50,201,84,1,20251021_025153
1760982700.2543058,2715722,695224832,695.224832,55,201,85,1,20251021_025153
1760982700.26429,2715761,695234816,695.234816,60,201,84,1,20251021_025153
1760982700.2745297,2715801,695245056,695.245056,65,200,86,1,20251021_025153
1760982700.2845137,2715840,695255040,695.25504,70,200,85,1,20251021_025153
1760982700.2944975,2715879,695265024,695.265024,75,201,86,1,20251021_025153
1760982700.3044815,2715918,695275008,695.275008,79,201,86,1,20251021_025153
1760982700.3144658,2715957,695284992,695.284992,84,201,86,1,20251021_025153
1760982700.3244498,2715996,695294976,695.294976,88,201,86,1,20251021_025153
1760982700.3344338,2716035,695304960,695.30496,93,201,86,1,20251021_025153
1760982700.3444178,2716074,695314944,695.314944,97,201,86,1,20251021_025153
1760982700.3544018,2716113,695324928,695.324928,100,200,85,1,20251021_025153
1760982700.3643858,2716152,695334912,695.334912,104,201,86,1,20251021_025153
1760982700.37437,2716191,695344896,695.344896,108,200,86,1,20251021_025153
1760982700.384354,2716230,695354880,695.35488,111,200,85,1,20251021_025153
1760982700.394338,2716269,695364864,695.364864,114,201,86,1,20251021_025153
1760982700.4043217,2716308,695374848,695.374848,117,201,87,1,20251021_025153
1760982700.4145615,2716348,695385088,695.385088,120,200,86,1,20251021_025153
1760982700.4245458,2716387,695395072,695.395072,123,200,88,1,20251021_025153
1760982700.4345298,2716426,695405056,695.405056,126,200,87,1,20251021_025153
1760982700.4445138,2716465,695415040,695.41504,129,201,88,1,20251021_025153
1760982637.1718683,2252924,576748544,576.748544,0,178,162,2,20251021_025154
1760982637.1818523,2252963,576758528,576.758528,2,178,163,2,20251021_025154
1760982637.1918364,2253002,576768512,576.768512,4,179,162,2,20251021_025154
1760982637.2018204,2253041,576778496,576.778496,6,179,162,2,20251021_025154
1760982637.2120605,2253081,576788736,576.788736,8,180,162,2,20251021_025154
1760982637.2220442,2253120,576798720,576.79872,10,182,162,2,20251021_025154
1760982637.2320282,2253159,576808704,576.808704,12,184,162,2,20251021_025154
1760982637.2420125,2253198,576818688,576.818688,14,186,162,2,20251021_025154
1760982637.2519965,2253237,576828672,576.828672,16,186,162,2,20251021_025154
1760982637.2619803,2253276,576838656,576.838656,18,187,162,2,20251021_025154
1760982637.2719643,2253315,576848640,576.84864,19,188,161,2,20251021_025154
1760982637.2819483,2253354,576858624,576.858624,21,188,161,2,20251021_025154
1760982637.2919323,2253393,576868608,576.868608,23,189,160,2,20251021_025154
1760982637.3019164,2253432,576878592,576.878592,25,189,160,2,20251021_025154
1760982637.3119004,2253471,576888576,576.888576,27,189,157,2,20251021_025154
1760982637.3218844,2253510,576898560,576.89856,29,189,156,2,20251021_025154
1760982637.3318684,2253549,576908544,576.908544,31,190,153,2,20251021_025154
1760982637.3418524,2253588,576918528,576.918528,33,190,152,2,20251021_025154
1760982637.3520925,2253628,576928768,576.928768,35,190,151,2,20251021_025154
1760982637.3620763,2253667,576938752,576.938752,37,190,151,2,20251021_025154
1760982637.3720603,2253706,576948736,576.948736,38,192,152,2,20251021_025154
1760982637.3820443,2253745,576958720,576.95872,40,191,151,2,20251021_025154
1760982637.3920283,2253784,576968704,576.968704,42,191,153,2,20251021_025154
1760982637.4020123,2253823,576978688,576.978688,44,191,154,2,20251021_025154
1760982637.4119964,2253862,576988672,576.988672,46,191,155,2,20251021_025154
1760982637.4219804,2253901,576998656,576.998656,152,191,153,2,20251021_025154
1760982637.4319644,2253940,577008640,577.00864,154,190,157,2,20251021_025154
1760982637.4419484,2253979,577018624,577.018624,156,189,157,2,20251021_025154
1760982637.4519324,2254018,577028608,577.028608,158,186,158,2,20251021_025154
1760982637.4619164,2254057,577038592,577.038592,160,184,159,2,20251021_025154
1760982637.4719005,2254096,577048576,577.048576,162,182,159,2,20251021_025154
1760982637.4818842,2254135,577058560,577.05856,163,183,158,2,20251021_025154
1760982637.4921243,2254175,577068800,577.0688,165,187,159,2,20251021_025154
1760982637.5021083,2254214,577078784,577.078784,167,189,157,2,20251021_025154
1760982637.5120924,2254253,577088768,577.088768,169,189,160,2,20251021_025154
1760982637.5220764,2254292,577098752,577.098752,171,189,159,2,20251021_025154
1760982637.5320604,2254331,577108736,577.108736,173,188,159,2,20251021_025154
1760982637.5420444,2254370,577118720,577.11872,175,189,159,2,20251021_025154
1760982637.5520284,2254409,577128704,577.128704,177,189,159,2,20251021_025154
1760982637.5620124,2254448,577138688,577.138688,179,189,160,2,20251021_025154
1760982637.5719965,2254487,577148672,577.148672,181,189,160,2,20251021_025154
1760982637.5819802,2254526,577158656,577.158656,183,190,160,2,20251021_025154
1760982637.5919642,2254565,577168640,577.16864,185,190,161,2,20251021_025154
1760982637.6019485,2254604,577178624,577.178624,186,190,160,2,20251021_025154
1760982637.6119325,2254643,577188608,577.188608,188,190,160,2,20251021_025154
1760982637.6219163,2254682,577198592,577.198592,190,190,160,2,20251021_025154
1760982637.6319003,2254721,577208576,577.208576,192,191,161,2,20251021_025154
1760982637.6421404,2254761,577218816,577.218816,194,191,161,2,20251021_025154
1760982637.6521244,2254800,577228800,577.2288,196,192,160,2,20251021_025154
1760982637.6621084,2254839,577238784,577.238784,198,192,160,2,20251021_025154
1760982637.6720924,2254878,577248768,577.248768,200,193,161,2,20251021_025154
1760982637.6820765,2254917,577258752,577.258752,202,193,161,2,20251021_025154
1760982637.6920602,2254956,577268736,577.268736,204,194,161,2,20251021_025154
1760982637.7020442,2254995,577278720,577.27872,206,194,161,2,20251021_025154
1760982637.7120285,2255034,577288704,577.288704,207,193,161,2,20251021_025154
1760982637.7220123,2255073,577298688,577.298688,209,194,161,2,20251021_025154
1760982637.7319963,2255112,577308672,577.308672,211,193,162,2,20251021_025154
1760982637.7419803,2255151,577318656,577.318656,213,194,160,2,20251021_025154
1760982637.7519643,2255190,577328640,577.32864,215,195,161,2,20251021_025154
1760982637.7619483,2255229,577338624,577.338624,217,195,161,2,20251021_025154
1760982637.7719324,2255268,577348608,577.348608,219,196,161,2,20251021_025154
1760982637.7821724,2255308,577358848,577.358848,221,196,161,2,20251021_025154
1760982637.7921565,2255347,577368832,577.368832,223,196,161,2,20251021_025154
1760982637.8021402,2255386,577378816,577.378816,225,197,161,2,20251021_025154
1760982637.8121245,2255425,577388800,577.3888,227,197,162,2,20251021_025154
1760982637.8221085,2255464,577398784,577.398784,228,197,162,2,20251021_025154
1760982637.8320923,2255503,577408768,577.408768,230,197,161,2,20251021_025154
1760982637.8420763,2255542,577418752,577.418752,232,197,161,2,20251021_025154
1760982637.8520603,2255581,577428736,577.428736,234,197,161,2,20251021_025154
1760982637.8620443,2255620,577438720,577.43872,236,197,162,2,20251021_025154
1760982637.8720284,2255659,577448704,577.448704,238,197,163,2,20251021_025154
1760982637.8820124,2255698,577458688,577.458688,240,197,161,2,20251021_025154
1760982637.8919964,2255737,577468672,577.468672,242,197,161,2,20251021_025154
1760982637.9019804,2255776,577478656,577.478656,244,197,162,2,20251021_025154
1760982637.9119644,2255815,577488640,577.48864,246,196,161,2,20251021_025154
1760982637.9222045,2255855,577498880,577.49888,248,197,162,2,20251021_025154
1760982637.9321885,2255894,577508864,577.508864,250,197,162,2,20251021_025154
1760982637.9421723,2255933,577518848,577.518848,251,197,161,2,20251021_025154
1760982637.9521563,2255972,577528832,577.528832,253,196,163,2,20251021_025154
1760982637.9621403,2256011,577538816,577.538816,0,196,162,2,20251021_025154
1760982637.9721243,2256050,577548800,577.5488,2,196,161,2,20251021_025154
1760982637.9821084,2256089,577558784,577.558784,4,196,162,2,20251021_025154
1760982637.9920924,2256128,577568768,577.568768,6,199,162,2,20251021_025154
1760982638.0020764,2256167,577578752,577.578752,8,200,162,2,20251021_025154
1760982638.0120604,2256206,577588736,577.588736,10,199,161,2,20251021_025154
1760982638.0220444,2256245,577598720,577.59872,12,199,162,2,20251021_025154
1760982638.0320284,2256284,577608704,577.608704,14,199,162,2,20251021_025154
1760982638.0420125,2256323,577618688,577.618688,16,199,162,2,20251021_025154
1760982638.0519962,2256362,577628672,577.628672,17,199,162,2,20251021_025154
1760982638.0619802,2256401,577638656,577.638656,19,199,162,2,20251021_025154
1760982638.0722203,2256441,577648896,577.648896,21,199,162,2,20251021_025154
1760982638.0822043,2256480,577658880,577.65888,23,198,162,2,20251021_025154
1760982638.0921884,2256519,577668864,577.668864,25,199,162,2,20251021_025154
1760982638.1021724,2256558,577678848,577.678848,27,199,161,2,20251021_025154
1760982638.1121564,2256597,577688832,577.688832,29,198,162,2,20251021_025154
1760982638.1221404,2256636,577698816,577.698816,31,198,162,2,20251021_025154
1760982638.1321244,2256675,577708800,577.7088,33,198,162,2,20251021_025154
1760982638.1421084,2256714,577718784,577.718784,35,198,162,2,20251021_025154
1760982638.1520925,2256753,577728768,577.728768,37,198,162,2,20251021_025154
1760982638.1620762,2256792,577738752,577.738752,38,199,162,2,20251021_025154
1760982638.1720605,2256831,577748736,577.748736,40,199,162,2,20251021_025154
1760982638.1820445,2256870,577758720,577.75872,42,198,161,2,20251021_025154
1760982638.1920283,2256909,577768704,577.768704,44,199,161,2,20251021_025154
1760982638.2020123,2256948,577778688,577.778688,46,197,161,2,20251021_025154
1760982638.2122524,2256988,577788928,577.788928,48,199,161,2,20251021_025154
1760982638.2222364,2257027,577798912,577.798912,50,198,160,2,20251021_025154
1760982638.2322204,2257066,577808896,577.808896,52,199,161,2,20251021_025154
1760982638.2422044,2257105,577818880,577.81888,54,199,161,2,20251021_025154
1760982638.2521884,2257144,577828864,577.828864,56,198,160,2,20251021_025154
1760982638.2621725,2257183,577838848,577.838848,58,199,162,2,20251021_025154
1760982638.2721562,2257222,577848832,577.848832,60,199,161,2,20251021_025154
1760982638.2821405,2257261,577858816,577.858816,61,199,162,2,20251021_025154
1760982638.2921245,2257300,577868800,577.8688,63,199,161,2,20251021_025154
1760982638.3021083,2257339,577878784,577.878784,65,199,162,2,20251021_025154
1760982638.3120923,2257378,577888768,577.888768,67,199,161,2,20251021_025154
1760982638.3220763,2257417,577898752,577.898752,69,199,161,2,20251021_025154
1760982638.3320603,2257456,577908736,577.908736,71,199,162,2,20251021_025154
1760982638.3420444,2257495,577918720,577.91872,73,199,161,2,20251021_025154
1760982638.3522844,2257535,577928960,577.92896,75,199,160,2,20251021_025154
1760982638.3622684,2257574,577938944,577.938944,77,199,161,2,20251021_025154
1760982638.3722525,2257613,577948928,577.948928,79,199,160,2,20251021_025154
1760982638.3822362,2257652,577958912,577.958912,81,199,161,2,20251021_025154
1760982638.3922205,2257691,577968896,577.968896,82,199,162,2,20251021_025154
1760982638.4022045,2257730,577978880,577.97888,84,199,161,2,20251021_025154
1760982638.4121883,2257769,577988864,577.988864,86,199,161,2,20251021_025154
1760982638.4221723,2257808,577998848,577.998848,88,199,161,2,20251021_025154
1760982638.4321563,2257847,578008832,578.008832,90,199,162,2,20251021_025154
1760982638.4421403,2257886,578018816,578.018816,92,199,159,2,20251021_025154
1760982638.4521244,2257925,578028800,578.0288,94,199,160,2,20251021_025154
1760982638.4621084,2257964,578038784,578.038784,96,200,160,2,20251021_025154
1760982638.4720924,2258003,578048768,578.048768,98,199,160,2,20251021_025154
1760982638.4820764,2258042,578058752,578.058752,100,199,160,2,20251021_025154
1760982638.4923162,2258082,578068992,578.068992,102,200,158,2,20251021_025154
1760982638.5023005,2258121,578078976,578.078976,103,199,161,2,20251021_025154
1760982638.5122845,2258160,578088960,578.08896,105,199,160,2,20251021_025154
1760982638.5222683,2258199,578098944,578.098944,107,199,160,2,20251021_025154
1760982638.5322523,2258238,578108928,578.108928,109,199,159,2,20251021_025154
1760982638.5422363,2258277,578118912,578.118912,111,199,159,2,20251021_025154
1760982638.5522203,2258316,578128896,578.128896,113,199,160,2,20251021_025154
1760982638.5622044,2258355,578138880,578.13888,115,199,159,2,20251021_025154
1760982638.5721884,2258394,578148864,578.148864,117,199,159,2,20251021_025154
1760982638.5821724,2258433,578158848,578.158848,119,199,160,2,20251021_025154
1760982638.5921564,2258472,578168832,578.168832,121,199,160,2,20251021_025154
1760982638.6021404,2258511,578178816,578.178816,123,200,159,2,20251021_025154
1760982638.6121244,2258550,578188800,578.1888,125,199,160,2,20251021_025154
1760982638.6221085,2258589,578198784,578.198784,126,200,160,2,20251021_025154
1760982638.6320922,2258628,578208768,578.208768,128,200,160,2,20251021_025154
1760982638.6423323,2258668,578219008,578.219008,130,199,160,2,20251021_025154
1760982638.6523163,2258707,578228992,578.228992,132,200,161,2,20251021_025154
1760982638.6623003,2258746,578238976,578.238976,134,199,160,2,20251021_025154
1760982638.6722844,2258785,578248960,578.24896,136,200,160,2,20251021_025154
1760982638.6822684,2258824,578258944,578.258944,138,199,160,2,20251021_025154
1760982638.6922524,2258863,578268928,578.268928,140,199,161,2,20251021_025154
1760982638.7022364,2258902,578278912,578.278912,142,200,161,2,20251021_025154
1760982638.7122204,2258941,578288896,578.288896,144,199,161,2,20251021_025154
1760982638.7222044,2258980,578298880,578.29888,146,200,160,2,20251021_025154
1760982638.7321885,2259019,578308864,578.308864,147,199,161,2,20251021_025154
1760982638.7421722,2259058,578318848,578.318848,149,199,161,2,20251021_025154
1760982638.7521565,2259097,578328832,578.328832,151,199,161,2,20251021_025154
1760982638.7621405,2259136,578338816,578.338816,153,200,161,2,20251021_025154
1760982638.7721243,2259175,578348800,578.3488,155,200,162,2,20251021_025154
1760982638.7823644,2259215,578359040,578.35904,157,200,162,2,20251021_025154
1760982638.7923484,2259254,578369024,578.369024,159,199,161,2,20251021_025154
1760982638.8023324,2259293,578379008,578.379008,161,199,162,2,20251021_025154
1760982638.8123164,2259332,578388992,578.388992,163,200,162,2,20251021_025154
1760982638.8223004,2259371,578398976,578.398976,165,199,162,2,20251021_025154
1760982638.8322845,2259410,578408960,578.40896,167,200,162,2,20251021_025154
1760982638.8422682,2259449,578418944,578.418944,168,199,162,2,20251021_025154
1760982638.8522522,2259488,578428928,578.428928,170,199,162,2,20251021_025154
1760982638.8622365,2259527,578438912,578.438912,172,199,162,2,20251021_025154
1760982638.8722205,2259566,578448896,578.448896,174,199,162,2,20251021_025154
1760982638.8822043,2259605,578458880,578.45888,176,199,162,2,20251021_025154
1760982638.8921883,2259644,578468864,578.468864,178,199,162,2,20251021_025154
1760982638.9021723,2259683,578478848,578.478848,180,199,162,2,20251021_025154
1760982638.9121563,2259722,578488832,578.488832,182,199,162,2,20251021_025154
1760982638.9223964,2259762,578499072,578.499072,184,199,163,2,20251021_025154
1760982638.9323804,2259801,578509056,578.509056,186,199,163,2,20251021_025154
1760982638.9423645,2259840,578519040,578.51904,188,199,162,2,20251021_025154
1760982638.9523482,2259879,578529024,578.529024,190,199,162,2,20251021_025154
1760982638.9623322,2259918,578539008,578.539008,191,199,161,2,20251021_025154
1760982638.9723165,2259957,578548992,578.548992,193,200,162,2,20251021_025154
1760982638.9823003,2259996,578558976,578.558976,195,199,162,2,20251021_025154
1760982638.9922843,2260035,578568960,578.56896,197,199,162,2,20251021_025154
1760982639.0022683,2260074,578578944,578.578944,199,199,162,2,20251021_025154
1760982639.0122523,2260113,578588928,578.588928,201,200,162,2,20251021_025154
1760982639.0222363,2260152,578598912,578.598912,203,199,162,2,20251021_025154
1760982639.0322204,2260191,578608896,578.608896,205,200,164,2,20251021_025154
1760982639.0422044,2260230,578618880,578.61888,207,199,162,2,20251021_025154
1760982639.0521884,2260269,578628864,578.628864,209,199,162,2,20251021_025154
1760982639.0624282,2260309,578639104,578.639104,211,199,162,2,20251021_025154
1760982639.0724125,2260348,578649088,578.649088,212,199,162,2,20251021_025154
1760982639.0823965,2260387,578659072,578.659072,214,200,162,2,20251021_025154
1760982639.0923803,2260426,578669056,578.669056,216,199,162,2,20251021_025154
1760982639.1023643,2260465,578679040,578.67904,218,200,163,2,20251021_025154
1760982639.1123483,2260504,578689024,578.689024,220,199,162,2,20251021_025154
1760982639.1223323,2260543,578699008,578.699008,222,200,162,2,20251021_025154
1760982639.1323164,2260582,578708992,578.708992,224,199,162,2,20251021_025154
1760982639.1423004,2260621,578718976,578.718976,226,200,162,2,20251021_025154
1760982639.1522844,2260660,578728960,578.72896,228,199,162,2,20251021_025154
1760982639.1622684,2260699,578738944,578.738944,230,199,162,2,20251021_025154
1760982639.1722524,2260738,578748928,578.748928,232,199,163,2,20251021_025154
1760982639.1822364,2260777,578758912,578.758912,233,200,163,2,20251021_025154
1760982639.1922204,2260816,578768896,578.768896,235,200,162,2,20251021_025154
1760982639.2022042,2260855,578778880,578.77888,237,200,162,2,20251021_025154
1760982639.2124443,2260895,578789120,578.78912,239,199,162,2,20251021_025154
1760982639.2224283,2260934,578799104,578.799104,241,200,162,2,20251021_025154
1760982639.2324123,2260973,578809088,578.809088,243,200,162,2,20251021_025154
1760982639.2423964,2261012,578819072,578.819072,245,200,162,2,20251021_025154
1760982639.2523804,2261051,578829056,578.829056,247,200,162,2,20251021_025154
1760982639.2623644,2261090,578839040,578.83904,249,200,163,2,20251021_025154
1760982639.2723484,2261129,578849024,578.849024,251,199,162,2,20251021_025154
1760982639.2823324,2261168,578859008,578.859008,253,199,162,2,20251021_025154
1760982639.2923164,2261207,578868992,578.868992,0,200,162,2,20251021_025154
1760982639.3023005,2261246,578878976,578.878976,1,200,162,2,20251021_025154
1760982639.3122842,2261285,578888960,578.88896,3,200,162,2,20251021_025154
1760982639.3222682,2261324,578898944,578.898944,5,200,162,2,20251021_025154
1760982639.3322525,2261363,578908928,578.908928,7,200,162,2,20251021_025154
1760982639.3422365,2261402,578918912,578.918912,9,200,161,2,20251021_025154
1760982639.3524764,2261442,578929152,578.929152,11,200,161,2,20251021_025154
1760982639.3624604,2261481,578939136,578.939136,13,200,161,2,20251021_025154
1760982639.3724444,2261520,578949120,578.94912,15,200,161,2,20251021_025154
1760982639.3824284,2261559,578959104,578.959104,17,200,161,2,20251021_025154
1760982639.3924124,2261598,578969088,578.969088,19,200,161,2,20251021_025154
1760982639.4023964,2261637,578979072,578.979072,21,200,160,2,20251021_025154
1760982639.4123805,2261676,578989056,578.989056,22,200,160,2,20251021_025154
1760982639.4223642,2261715,578999040,578.99904,24,200,160,2,20251021_025154
1760982639.4323485,2261754,579009024,579.009024,26,199,159,2,20251021_025154
1760982639.4423325,2261793,579019008,579.019008,28,200,157,2,20251021_025154
1760982639.4523163,2261832,579028992,579.028992,30,200,156,2,20251021_025154
1760982639.4623003,2261871,579038976,579.038976,32,200,152,2,20251021_025154
1760982639.4722843,2261910,579048960,579.04896,34,200,148,2,20251021_025154
1760982639.4822683,2261949,579058944,579.058944,36,199,140,2,20251021_025154
1760982639.4925084,2261989,579069184,579.069184,38,200,137,2,20251021_025154
1760982639.5024924,2262028,579079168,579.079168,40,200,132,2,20251021_025154
1760982639.5124764,2262067,579089152,579.089152,42,200,127,2,20251021_025154
1760982639.5224605,2262106,579099136,579.099136,44,200,125,2,20251021_025154
1760982639.5324442,2262145,579109120,579.10912,45,200,121,2,20251021_025154
1760982639.5424285,2262184,579119104,579.119104,47,199,117,2,20251021_025154
1760982639.5524125,2262223,579129088,579.129088,49,199,114,2,20251021_025154
1760982639.5623963,2262262,579139072,579.139072,51,199,112,2,20251021_025154
1760982639.5723803,2262301,579149056,579.149056,53,200,112,2,20251021_025154
1760982639.5823643,2262340,579159040,579.15904,55,200,107,2,20251021_025154
1760982639.5923483,2262379,579169024,579.169024,57,200,106,2,20251021_025154
1760982639.6023324,2262418,579179008,579.179008,59,199,105,2,20251021_025154
1760982639.6123164,2262457,579188992,579.188992,61,200,105,2,20251021_025154
1760982639.6223004,2262496,579198976,579.198976,63,199,105,2,20251021_025154
1760982639.6322844,2262535,579208960,579.20896,65,199,105,2,20251021_025154
1760982639.6425242,2262575,579219200,579.2192,66,199,105,2,20251021_025154
1760982639.6525085,2262614,579229184,579.229184,68,199,105,2,20251021_025154
1760982639.6624925,2262653,579239168,579.239168,70,200,104,2,20251021_025154
1760982639.6724763,2262692,579249152,579.249152,72,199,104,2,20251021_025154
1760982639.6824603,2262731,579259136,579.259136,74,199,105,2,20251021_025154
1760982639.6924443,2262770,579269120,579.26912,76,200,106,2,20251021_025154
1760982639.7024283,2262809,579279104,579.279104,78,199,105,2,20251021_025154
1760982639.7124124,2262848,579289088,579.289088,80,199,105,2,20251021_025154
1760982639.7223964,2262887,579299072,579.299072,82,199,104,2,20251021_025154
1760982639.7323804,2262926,579309056,579.309056,84,200,104,2,20251021_025154
1760982639.7423644,2262965,579319040,579.31904,86,199,104,2,20251021_025154
1760982639.7523484,2263004,579329024,579.329024,87,199,104,2,20251021_025154
1760982639.7623324,2263043,579339008,579.339008,89,199,104,2,20251021_025154
1760982639.7723165,2263082,579348992,579.348992,91,199,104,2,20251021_025154
1760982639.7823002,2263121,579358976,579.358976,93,199,104,2,20251021_025154
1760982639.7925403,2263161,579369216,579.369216,95,199,104,2,20251021_025154
1760982639.8025243,2263200,579379200,579.3792,97,200,105,2,20251021_025154
1760982639.8125083,2263239,579389184,579.389184,99,199,105,2,20251021_025154
1760982639.8224924,2263278,579399168,579.399168,101,199,106,2,20251021_025154
1760982639.8324764,2263317,579409152,579.409152,103,199,106,2,20251021_025154
1760982639.8424604,2263356,579419136,579.419136,105,199,107,2,20251021_025154
1760982639.8524444,2263395,579429120,579.42912,107,199,108,2,20251021_025154
1760982639.8624284,2263434,579439104,579.439104,109,199,108,2,20251021_025154
1760982639.8724124,2263473,579449088,579.449088,110,199,109,2,20251021_025154
1760982639.8823965,2263512,579459072,579.459072,112,199,110,2,20251021_025154
1760982639.8923802,2263551,579469056,579.469056,114,199,112,2,20251021_025154
1760982639.9023645,2263590,579479040,579.47904,116,199,114,2,20251021_025154
1760982639.9123485,2263629,579489024,579.489024,118,200,115,2,20251021_025154
1760982639.9223323,2263668,579499008,579.499008,120,199,118,2,20251021_025154
1760982639.9325724,2263708,579509248,579.509248,122,200,121,2,20251021_025154
1760982639.9425564,2263747,579519232,579.519232,124,199,125,2,20251021_025154
1760982639.9525404,2263786,579529216,579.529216,126,199,127,2,20251021_025154
1760982639.9625244,2263825,579539200,579.5392,128,199,132,2,20251021_025154
1760982639.9725084,2263864,579549184,579.549184,130,199,137,2,20251021_025154
1760982639.9824924,2263903,579559168,579.559168,131,199,141,2,20251021_025154
1760982639.9924765,2263942,579569152,579.569152,133,200,143,2,20251021_025154
1760982640.0024602,2263981,579579136,579.579136,135,199,145,2,20251021_025154
1760982640.0124445,2264020,579589120,579.58912,137,200,145,2,20251021_025154
1760982640.0224285,2264059,579599104,579.599104,139,200,150,2,20251021_025154
1760982640.0324123,2264098,579609088,579.609088,141,200,150,2,20251021_025154
1760982640.0423963,2264137,579619072,579.619072,143,200,151,2,20251021_025154
1760982640.0523803,2264176,579629056,579.629056,145,199,152,2,20251021_025154
1760982640.0623643,2264215,579639040,579.63904,147,200,152,2,20251021_025154
1760982640.0726044,2264255,579649280,579.64928,149,199,152,2,20251021_025154
1760982640.0825884,2264294,579659264,579.659264,151,200,152,2,20251021_025154
1760982640.0925725,2264333,579669248,579.669248,152,200,152,2,20251021_025154
1760982640.1025562,2264372,579679232,579.679232,154,200,152,2,20251021_025154
1760982640.1125402,2264411,579689216,579.689216,156,200,153,2,20251021_025154
1760982640.1225245,2264450,579699200,579.6992,158,200,153,2,20251021_025154
1760982640.1325085,2264489,579709184,579.709184,160,200,154,2,20251021_025154
1760982640.1424923,2264528,579719168,579.719168,162,199,154,2,20251021_025154
1760982640.1524763,2264567,579729152,579.729152,164,200,154,2,20251021_025154
1760982640.1624603,2264606,579739136,579.739136,166,200,154,2,20251021_025154
1760982640.1724443,2264645,579749120,579.74912,168,200,154,2,20251021_025154
1760982640.1824284,2264684,579759104,579.759104,170,199,154,2,20251021_025154
1760982640.1924124,2264723,579769088,579.769088,172,200,155,2,20251021_025154
1760982640.2023964,2264762,579779072,579.779072,174,200,154,2,20251021_025154
1760982640.2123804,2264801,579789056,579.789056,175,200,155,2,20251021_025154
1760982640.2226202,2264841,579799296,579.799296,177,200,155,2,20251021_025154
1760982640.2326045,2264880,579809280,579.80928,179,200,155,2,20251021_025154
1760982640.2425883,2264919,579819264,579.819264,181,200,155,2,20251021_025154
1760982640.2525723,2264958,579829248,579.829248,183,200,155,2,20251021_025154
1760982640.2625563,2264997,579839232,579.839232,185,200,155,2,20251021_025154
1760982640.2725403,2265036,579849216,579.849216,187,200,156,2,20251021_025154
1760982640.2825243,2265075,579859200,579.8592,189,200,155,2,20251021_025154
1760982640.2925084,2265114,579869184,579.869184,191,200,156,2,20251021_025154
1760982640.3024924,2265153,579879168,579.879168,193,200,156,2,20251021_025154
1760982640.3124764,2265192,579889152,579.889152,195,199,156,2,20251021_025154
1760982640.3224604,2265231,579899136,579.899136,196,200,156,2,20251021_025154
1760982640.3324444,2265270,579909120,579.90912,198,199,156,2,20251021_025154
1760982640.3424284,2265309,579919104,579.919104,200,200,155,2,20251021_025154
1760982640.3524125,2265348,579929088,579.929088,202,200,156,2,20251021_025154
1760982640.3626523,2265388,579939328,579.939328,204,200,156,2,20251021_025154
1760982640.3726363,2265427,579949312,579.949312,206,202,157,2,20251021_025154
1760982640.3826203,2265466,579959296,579.959296,208,200,155,2,20251021_025154
1760982640.3926044,2265505,579969280,579.96928,210,200,156,2,20251021_025154
1760982640.4025884,2265544,579979264,579.979264,212,200,156,2,20251021_025154
1760982640.4125724,2265583,579989248,579.989248,214,200,156,2,20251021_025154
1760982640.4225564,2265622,579999232,579.999232,216,200,156,2,20251021_025154
1760982640.4325404,2265661,580009216,580.009216,217,200,156,2,20251021_025154
1760982640.4425244,2265700,580019200,580.0192,219,199,156,2,20251021_025154
1760982640.4525084,2265739,580029184,580.029184,221,200,156,2,20251021_025154
1760982640.4624922,2265778,580039168,580.039168,223,199,157,2,20251021_025154
1760982640.4724762,2265817,580049152,580.049152,225,199,157,2,20251021_025154
1760982640.4824605,2265856,580059136,580.059136,227,200,157,2,20251021_025154
1760982640.4924445,2265895,580069120,580.06912,229,200,157,2,20251021_025154
1760982640.5024283,2265934,580079104,580.079104,231,200,157,2,20251021_025154
1760982640.5126684,2265974,580089344,580.089344,233,200,157,2,20251021_025154
1760982640.5226524,2266013,580099328,580.099328,235,200,157,2,20251021_025154
1760982640.5326364,2266052,580109312,580.109312,237,200,156,2,20251021_025154
1760982640.5426204,2266091,580119296,580.119296,239,199,156,2,20251021_025154
1760982640.5526044,2266130,580129280,580.12928,240,199,156,2,20251021_025154
1760982640.5625885,2266169,580139264,580.139264,242,199,156,2,20251021_025154
1760982640.5725722,2266208,580149248,580.149248,244,199,157,2,20251021_025154
1760982640.5825562,2266247,580159232,580.159232,246,200,156,2,20251021_025154
1760982640.5925405,2266286,580169216,580.169216,248,200,156,2,20251021_025154
1760982640.6025245,2266325,580179200,580.1792,250,200,157,2,20251021_025154
1760982640.6125083,2266364,580189184,580.189184,252,200,157,2,20251021_025154
1760982640.6224923,2266403,580199168,580.199168,254,200,157,2,20251021_025154
1760982640.6324763,2266442,580209152,580.209152,1,199,157,2,20251021_025154
1760982640.6424603,2266481,580219136,580.219136,3,199,156,2,20251021_025154
1760982640.6527004,2266521,580229376,580.229376,5,200,157,2,20251021_025154
1760982640.6626844,2266560,580239360,580.23936,6,199,158,2,20251021_025154
1760982640.6726685,2266599,580249344,580.249344,8,199,157,2,20251021_025154
1760982640.6826522,2266638,580259328,580.259328,10,199,157,2,20251021_025154
1760982640.6926365,2266677,580269312,580.269312,12,200,157,2,20251021_025154
1760982640.7026205,2266716,580279296,580.279296,14,200,158,2,20251021_025154
1760982640.7126043,2266755,580289280,580.28928,16,200,157,2,20251021_025154
1760982640.7225883,2266794,580299264,580.299264,18,200,157,2,20251021_025154
1760982640.7325723,2266833,580309248,580.309248,20,200,157,2,20251021_025154
1760982640.7425563,2266872,580319232,580.319232,22,201,158,2,20251021_025154
1760982640.7525403,2266911,580329216,580.329216,24,199,157,2,20251021_025154
1760982640.7625244,2266950,580339200,580.3392,26,200,157,2,20251021_025154
1760982640.7725084,2266989,580349184,580.349184,27,199,157,2,20251021_025154
1760982640.7824924,2267028,580359168,580.359168,29,200,157,2,20251021_025154
1760982640.7924764,2267067,580369152,580.369152,31,200,157,2,20251021_025154
1760982640.8027165,2267107,580379392,580.379392,33,199,156,2,20251021_025154
1760982640.8127005,2267146,580389376,580.389376,35,200,156,2,20251021_025154
1760982640.8226843,2267185,580399360,580.39936,37,200,156,2,20251021_025154
1760982640.8326683,2267224,580409344,580.409344,39,200,156,2,20251021_025154
1760982640.8426523,2267263,580419328,580.419328,41,200,156,2,20251021_025154
1760982640.8526363,2267302,580429312,580.429312,43,200,155,2,20251021_025154
1760982640.8626204,2267341,580439296,580.439296,45,200,154,2,20251021_025154
1760982640.8726044,2267380,580449280,580.44928,47,200,153,2,20251021_025154
1760982640.8825884,2267419,580459264,580.459264,49,200,151,2,20251021_025154
1760982640.8925724,2267458,580469248,580.469248,50,200,151,2,20251021_025154
1760982640.9025564,2267497,580479232,580.479232,52,200,145,2,20251021_025154
1760982640.9125404,2267536,580489216,580.489216,54,200,143,2,20251021_025154
1760982640.9225245,2267575,580499200,580.4992,56,200,140,2,20251021_025154
1760982640.9325082,2267614,580509184,580.509184,58,200,138,2,20251021_025154
1760982640.9427483,2267654,580519424,580.519424,60,199,136,2,20251021_025154
1760982640.9527323,2267693,580529408,580.529408,62,200,133,2,20251021_025154
1760982640.9627163,2267732,580539392,580.539392,64,200,130,2,20251021_025154
1760982640.9727004,2267771,580549376,580.549376,66,200,127,2,20251021_025154
1760982640.9826844,2267810,580559360,580.55936,68,200,127,2,20251021_025154
1760982640.9926684,2267849,580569344,580.569344,70,200,126,2,20251021_025154
1760982641.0026524,2267888,580579328,580.579328,71,200,124,2,20251021_025154
1760982641.0126364,2267927,580589312,580.589312,73,200,122,2,20251021_025154
1760982641.0226204,2267966,580599296,580.599296,75,200,120,2,20251021_025154
1760982641.0326045,2268005,580609280,580.60928,77,200,119,2,20251021_025154
1760982641.0425882,2268044,580619264,580.619264,79,200,117,2,20251021_025154
1760982641.0525725,2268083,580629248,580.629248,81,200,117,2,20251021_025154
1760982641.0625565,2268122,580639232,580.639232,83,200,115,2,20251021_025154
1760982641.0725403,2268161,580649216,580.649216,85,200,114,2,20251021_025154
1760982641.0825243,2268200,580659200,580.6592,87,200,112,2,20251021_025154
1760982641.0927644,2268240,580669440,580.66944,89,199,112,2,20251021_025154
1760982641.1027484,2268279,580679424,580.679424,91,199,111,2,20251021_025154
1760982641.1127324,2268318,580689408,580.689408,92,199,111,2,20251021_025154
1760982641.1227164,2268357,580699392,580.699392,94,199,110,2,20251021_025154
1760982641.1327004,2268396,580709376,580.709376,96,200,109,2,20251021_025154
1760982641.1426845,2268435,580719360,580.71936,98,199,109,2,20251021_025154
1760982641.1526682,2268474,580729344,580.729344,100,200,108,2,20251021_025154
1760982641.1626525,2268513,580739328,580.739328,102,199,108,2,20251021_025154
1760982641.1726365,2268552,580749312,580.749312,104,199,108,2,20251021_025154
1760982641.1826203,2268591,580759296,580.759296,106,199,109,2,20251021_025154
1760982641.1926043,2268630,580769280,580.76928,108,199,108,2,20251021_025154
1760982641.2025883,2268669,580779264,580.779264,110,199,108,2,20251021_025154
1760982641.2125723,2268708,580789248,580.789248,112,199,108,2,20251021_025154
1760982641.2225564,2268747,580799232,580.799232,114,199,108,2,20251021_025154
1760982641.2327964,2268787,580809472,580.809472,115,199,108,2,20251021_025154
1760982641.2427804,2268826,580819456,580.819456,117,199,109,2,20251021_025154
1760982641.2527645,2268865,580829440,580.82944,119,199,109,2,20251021_025154
1760982641.2627482,2268904,580839424,580.839424,121,200,110,2,20251021_025154
1760982641.2727325,2268943,580849408,580.849408,123,199,110,2,20251021_025154
1760982641.2827165,2268982,580859392,580.859392,125,199,110,2,20251021_025154
1760982641.2927003,2269021,580869376,580.869376,127,199,110,2,20251021_025154
1760982641.3026843,2269060,580879360,580.87936,129,199,111,2,20251021_025154
1760982641.3126683,2269099,580889344,580.889344,131,200,112,2,20251021_025154
1760982641.3226523,2269138,580899328,580.899328,133,200,113,2,20251021_025154
1760982641.3326364,2269177,580909312,580.909312,135,199,113,2,20251021_025154
1760982641.3426204,2269216,580919296,580.919296,136,199,116,2,20251021_025154
1760982641.3526044,2269255,580929280,580.92928,138,199,116,2,20251021_025154
1760982641.3625884,2269294,580939264,580.939264,140,200,117,2,20251021_025154
1760982641.3728282,2269334,580949504,580.949504,142,200,119,2,20251021_025154
1760982641.3828125,2269373,580959488,580.959488,144,199,121,2,20251021_025154
1760982641.3927965,2269412,580969472,580.969472,146,200,122,2,20251021_025154
1760982641.4027803,2269451,580979456,580.979456,148,200,126,2,20251021_025154
1760982641.4127643,2269490,580989440,580.98944,150,199,127,2,20251021_025154
1760982641.4227483,2269529,580999424,580.999424,152,200,130,2,20251021_025154
1760982641.4327323,2269568,581009408,581.009408,154,200,136,2,20251021_025154
1760982641.4427164,2269607,581019392,581.019392,156,200,139,2,20251021_025154
1760982641.4527004,2269646,581029376,581.029376,157,200,142,2,20251021_025154
1760982641.4626844,2269685,581039360,581.03936,159,199,146,2,20251021_025154
1760982641.4726684,2269724,581049344,581.049344,161,199,148,2,20251021_025154
1760982641.4826524,2269763,581059328,581.059328,163,199,149,2,20251021_025154
1760982641.4926364,2269802,581069312,581.069312,165,200,150,2,20251021_025154
1760982641.5026205,2269841,581079296,581.079296,167,200,150,2,20251021_025154
1760982641.5128603,2269881,581089536,581.089536,169,200,151,2,20251021_025154
1760982641.5228443,2269920,581099520,581.09952,171,200,150,2,20251021_025154
1760982641.5328283,2269959,581109504,581.109504,173,199,151,2,20251021_025154
1760982641.5428123,2269998,581119488,581.119488,175,200,151,2,20251021_025154
1760982641.5527964,2270037,581129472,581.129472,177,200,152,2,20251021_025154
1760982641.5627804,2270076,581139456,581.139456,179,200,152,2,20251021_025154
1760982641.5727644,2270115,581149440,581.14944,180,200,152,2,20251021_025154
1760982641.5827484,2270154,581159424,581.159424,182,200,152,2,20251021_025154
1760982641.5927324,2270193,581169408,581.169408,184,200,153,2,20251021_025154
1760982641.6027164,2270232,581179392,581.179392,186,199,153,2,20251021_025154
1760982641.6127005,2270271,581189376,581.189376,188,200,153,2,20251021_025154
1760982641.6226842,2270310,581199360,581.19936,190,200,153,2,20251021_025154
1760982641.6326685,2270349,581209344,581.209344,192,200,153,2,20251021_025154
1760982641.6426525,2270388,581219328,581.219328,194,199,155,2,20251021_025154
1760982641.6526363,2270427,581229312,581.229312,196,199,153,2,20251021_025154
1760982641.6628764,2270467,581239552,581.239552,198,199,154,2,20251021_025154
1760982641.6728604,2270506,581249536,581.249536,200,200,154,2,20251021_025154
1760982641.6828444,2270545,581259520,581.25952,201,200,154,2,20251021_025154
1760982641.6928284,2270584,581269504,581.269504,203,200,154,2,20251021_025154
1760982641.7028124,2270623,581279488,581.279488,205,200,155,2,20251021_025154
1760982641.7127964,2270662,581289472,581.289472,207,200,153,2,20251021_025154
1760982641.7227802,2270701,581299456,581.299456,209,200,154,2,20251021_025154
1760982641.7327642,2270740,581309440,581.30944,211,200,154,2,20251021_025154
1760982641.7427485,2270779,581319424,581.319424,213,199,154,2,20251021_025154
1760982641.7527325,2270818,581329408,581.329408,215,199,154,2,20251021_025154
1760982641.7627163,2270857,581339392,581.339392,217,199,154,2,20251021_025154
1760982641.7727003,2270896,581349376,581.349376,219,200,155,2,20251021_025154
1760982641.7826843,2270935,581359360,581.35936,221,200,155,2,20251021_025154
1760982641.7926683,2270974,581369344,581.369344,222,200,155,2,20251021_025154
1760982641.8029084,2271014,581379584,581.379584,224,199,155,2,20251021_025154
1760982641.8128924,2271053,581389568,581.389568,226,200,154,2,20251021_025154
1760982641.8228765,2271092,581399552,581.399552,228,199,156,2,20251021_025154
1760982641.8328602,2271131,581409536,581.409536,230,200,155,2,20251021_025154
1760982641.8428442,2271170,581419520,581.41952,232,200,155,2,20251021_025154
1760982641.8528285,2271209,581429504,581.429504,234,200,156,2,20251021_025154
1760982641.8628125,2271248,581439488,581.439488,236,200,155,2,20251021_025154
1760982641.8727963,2271287,581449472,581.449472,238,199,155,2,20251021_025154
1760982641.8827803,2271326,581459456,581.459456,240,200,155,2,20251021_025154
1760982641.8927643,2271365,581469440,581.46944,242,200,156,2,20251021_025154
1760982641.9027483,2271404,581479424,581.479424,244,200,154,2,20251021_025154
1760982641.9127324,2271443,581489408,581.489408,245,200,154,2,20251021_025154
1760982641.9227164,2271482,581499392,581.499392,247,200,154,2,20251021_025154
1760982641.9327004,2271521,581509376,581.509376,249,200,154,2,20251021_025154
1760982641.9426844,2271560,581519360,581.51936,251,200,153,2,20251021_025154
1760982641.9529245,2271600,581529600,581.5296,253,200,153,2,20251021_025154
1760982641.9629085,2271639,581539584,581.539584,0,200,154,2,20251021_025154
1760982641.9728923,2271678,581549568,581.549568,2,200,152,2,20251021_025154
1760982641.9828763,2271717,581559552,581.559552,4,200,153,2,20251021_025154
1760982641.9928603,2271756,581569536,581.569536,6,200,153,2,20251021_025154
1760982642.0028443,2271795,581579520,581.57952,8,200,152,2,20251021_025154
1760982642.0128284,2271834,581589504,581.589504,10,201,152,2,20251021_025154
1760982642.0228124,2271873,581599488,581.599488,11,200,151,2,20251021_025154
1760982642.0327964,2271912,581609472,581.609472,13,200,151,2,20251021_025154
1760982642.0430365,2271952,581619712,581.619712,15,200,149,2,20251021_025154
1760982642.0530202,2271991,581629696,581.629696,17,200,148,2,20251021_025154
1760982642.0630045,2272030,581639680,581.63968,19,200,146,2,20251021_025154
1760982642.0729885,2272069,581649664,581.649664,21,201,145,2,20251021_025154
1760982642.0829723,2272108,581659648,581.659648,23,200,142,2,20251021_025154
1760982642.0929563,2272147,581669632,581.669632,25,201,140,2,20251021_025154
1760982642.1029403,2272186,581679616,581.679616,27,200,138,2,20251021_025154
1760982642.1129243,2272225,581689600,581.6896,29,200,131,2,20251021_025154
1760982642.1229084,2272264,581699584,581.699584,31,200,131,2,20251021_025154
1760982642.1328924,2272303,581709568,581.709568,33,200,128,2,20251021_025154
1760982642.1428764,2272342,581719552,581.719552,34,200,127,2,20251021_025154
1760982642.1528604,2272381,581729536,581.729536,36,200,126,2,20251021_025154
1760982642.1628444,2272420,581739520,581.73952,38,200,122,2,20251021_025154
1760982642.1728284,2272459,581749504,581.749504,41,200,120,2,20251021_025154
1760982642.1830685,2272499,581759744,581.759744,44,200,118,2,20251021_025154
1760982642.1930523,2272538,581769728,581.769728,47,200,118,2,20251021_025154
1760982642.2030363,2272577,581779712,581.779712,50,200,117,2,20251021_025154
1760982642.2130203,2272616,581789696,581.789696,53,202,115,2,20251021_025154
1760982642.2230043,2272655,581799680,581.79968,57,200,115,2,20251021_025154
1760982642.2329884,2272694,581809664,581.809664,60,200,113,2,20251021_025154
1760982642.2429724,2272733,581819648,581.819648,64,200,111,2,20251021_025154
1760982642.2529564,2272772,581829632,581.829632,68,200,109,2,20251021_025154
1760982642.2629404,2272811,581839616,581.839616,71,200,108,2,20251021_025154
1760982642.2729244,2272850,581849600,581.8496,75,200,108,2,20251021_025154
1760982642.2829084,2272889,581859584,581.859584,78,200,106,2,20251021_025154
1760982642.2928925,2272928,581869568,581.869568,81,200,104,2,20251021_025154
1760982642.3028762,2272967,581879552,581.879552,85,200,104,2,20251021_025154
1760982642.3128605,2273006,581889536,581.889536,88,200,104,2,20251021_025154
1760982642.3228445,2273045,581899520,581.89952,91,200,105,2,20251021_025154
1760982642.3330843,2273085,581909760,581.90976,94,200,105,2,20251021_025154
1760982642.3430684,2273124,581919744,581.919744,96,200,107,2,20251021_025154
1760982642.3530524,2273163,581929728,581.929728,99,199,106,2,20251021_025154
1760982642.3630364,2273202,581939712,581.939712,101,199,106,2,20251021_025154
1760982642.3730204,2273241,581949696,581.949696,104,199,107,2,20251021_025154
1760982642.3830044,2273280,581959680,581.95968,106,199,107,2,20251021_025154
1760982642.3929884,2273319,581969664,581.969664,108,200,109,2,20251021_025154
1760982642.4029725,2273358,581979648,581.979648,111,199,110,2,20251021_025154
1760982642.4129562,2273397,581989632,581.989632,113,199,110,2,20251021_025154
1760982642.4229405,2273436,581999616,581.999616,115,199,113,2,20251021_025154
1760982642.4329245,2273475,582009600,582.0096,116,200,111,2,20251021_025154
1760982642.4429083,2273514,582019584,582.019584,118,200,115,2,20251021_025154
1760982642.4528923,2273553,582029568,582.029568,120,199,118,2,20251021_025154
1760982642.4628763,2273592,582039552,582.039552,122,199,121,2,20251021_025154
1760982642.4728603,2273631,582049536,582.049536,123,199,124,2,20251021_025154
1760982642.4831004,2273671,582059776,582.059776,125,199,127,2,20251021_025154
1760982642.4930844,2273710,582069760,582.06976,127,199,131,2,20251021_025154
1760982642.5030684,2273749,582079744,582.079744,129,200,136,2,20251021_025154
1760982642.5130525,2273788,582089728,582.089728,131,200,139,2,20251021_025154
1760982642.5230362,2273827,582099712,582.099712,133,200,141,2,20251021_025154
1760982642.5330205,2273866,582109696,582.109696,136,200,143,2,20251021_025154
1760982642.5430045,2273905,582119680,582.11968,138,200,147,2,20251021_025154
1760982642.5529883,2273944,582129664,582.129664,140,200,147,2,20251021_025154
1760982642.5629723,2273983,582139648,582.139648,143,200,149,2,20251021_025154
1760982642.5729563,2274022,582149632,582.149632,146,200,149,2,20251021_025154
1760982642.5829403,2274061,582159616,582.159616,149,200,149,2,20251021_025154
1760982642.5929244,2274100,582169600,582.1696,152,200,150,2,20251021_025154
1760982642.6029084,2274139,582179584,582.179584,155,200,150,2,20251021_025154
1760982642.6128924,2274178,582189568,582.189568,158,200,150,2,20251021_025154
1760982642.6231322,2274218,582199808,582.199808,161,200,151,2,20251021_025154
1760982642.6331162,2274257,582209792,582.209792,164,200,151,2,20251021_025154
1760982642.6431005,2274296,582219776,582.219776,167,199,152,2,20251021_025154
1760982642.6530845,2274335,582229760,582.22976,171,200,152,2,20251021_025154
1760982642.6630683,2274374,582239744,582.239744,174,200,152,2,20251021_025154
1760982642.6730523,2274413,582249728,582.249728,178,200,152,2,20251021_025154
1760982642.6830363,2274452,582259712,582.259712,181,200,151,2,20251021_025154
1760982642.6930203,2274491,582269696,582.269696,185,200,152,2,20251021_025154
1760982642.7030044,2274530,582279680,582.27968,188,200,153,2,20251021_025154
1760982642.7129884,2274569,582289664,582.289664,192,200,153,2,20251021_025154
1760982642.7229724,2274608,582299648,582.299648,195,200,153,2,20251021_025154
1760982642.7329564,2274647,582309632,582.309632,198,200,152,2,20251021_025154
1760982642.7429404,2274686,582319616,582.319616,202,200,153,2,20251021_025154
1760982642.7529244,2274725,582329600,582.3296,205,200,154,2,20251021_025154
1760982642.7631643,2274765,582339840,582.33984,208,200,154,2,20251021_025154
1760982642.7731483,2274804,582349824,582.349824,212,200,154,2,20251021_025154
1760982642.7831323,2274843,582359808,582.359808,215,200,154,2,20251021_025154
1760982642.7931163,2274882,582369792,582.369792,218,200,153,2,20251021_025154
1760982642.8031003,2274921,582379776,582.379776,220,200,154,2,20251021_025154
1760982642.8130844,2274960,582389760,582.38976,223,200,155,2,20251021_025154
1760982642.8230684,2274999,582399744,582.399744,226,200,153,2,20251021_025154
1760982642.8330524,2275038,582409728,582.409728,228,200,154,2,20251021_025154
1760982642.8430364,2275077,582419712,582.419712,231,200,154,2,20251021_025154
1760982642.8530204,2275116,582429696,582.429696,233,200,154,2,20251021_025154
1760982642.8630044,2275155,582439680,582.43968,235,200,153,2,20251021_025154
1760982642.8729885,2275194,582449664,582.449664,238,200,154,2,20251021_025154
1760982642.8829722,2275233,582459648,582.459648,240,200,154,2,20251021_025154
1760982642.8929565,2275272,582469632,582.469632,242,200,154,2,20251021_025154
1760982642.9029405,2275311,582479616,582.479616,243,200,155,2,20251021_025154
1760982642.9131804,2275351,582489856,582.489856,245,200,155,2,20251021_025154
1760982642.9231644,2275390,582499840,582.49984,247,200,155,2,20251021_025154
1760982642.9331484,2275429,582509824,582.509824,249,200,153,2,20251021_025154
1760982642.9431324,2275468,582519808,582.519808,250,200,155,2,20251021_025154
1760982642.9531164,2275507,582529792,582.529792,252,199,155,2,20251021_025154
1760982642.9631004,2275546,582539776,582.539776,253,200,155,2,20251021_025154
1760982642.9730844,2275585,582549760,582.54976,254,200,155,2,20251021_025154
1760982642.9830682,2275624,582559744,582.559744,1,200,155,2,20251021_025154
1760982642.9930522,2275663,582569728,582.569728,2,200,156,2,20251021_025154
1760982643.0030365,2275702,582579712,582.579712,3,200,156,2,20251021_025154
1760982643.0130205,2275741,582589696,582.589696,4,200,155,2,20251021_025154
1760982643.0230043,2275780,582599680,582.59968,6,200,156,2,20251021_025154
1760982643.0329883,2275819,582609664,582.609664,7,200,156,2,20251021_025154
1760982643.0429723,2275858,582619648,582.619648,8,200,156,2,20251021_025154
1760982643.0532124,2275898,582629888,582.629888,9,200,156,2,20251021_025154
1760982643.0631964,2275937,582639872,582.639872,10,200,156,2,20251021_025154
1760982643.0731804,2275976,582649856,582.649856,10,200,156,2,20251021_025154
1760982643.0831645,2276015,582659840,582.65984,11,200,156,2,20251021_025154
1760982643.0931482,2276054,582669824,582.669824,12,200,156,2,20251021_025154
1760982643.1031322,2276093,582679808,582.679808,13,200,156,2,20251021_025154
1760982643.1131165,2276132,582689792,582.689792,14,200,155,2,20251021_025154
1760982643.1231005,2276171,582699776,582.699776,15,200,156,2,20251021_025154
1760982643.1330843,2276210,582709760,582.70976,15,200,156,2,20251021_025154
1760982643.1430683,2276249,582719744,582.719744,16,200,156,2,20251021_025154
1760982643.1530523,2276288,582729728,582.729728,17,200,156,2,20251021_025154
1760982643.1630363,2276327,582739712,582.739712,17,200,156,2,20251021_025154
1760982643.1730204,2276366,582749696,582.749696,18,200,156,2,20251021_025154
1760982643.1830044,2276405,582759680,582.75968,19,200,156,2,20251021_025154
1760982643.1932445,2276445,582769920,582.76992,19,200,156,2,20251021_025154
1760982643.2032282,2276484,582779904,582.779904,20,200,157,2,20251021_025154
1760982643.2132125,2276523,582789888,582.789888,20,200,156,2,20251021_025154
1760982643.2231965,2276562,582799872,582.799872,21,200,155,2,20251021_025154
1760982643.2331803,2276601,582809856,582.809856,22,200,156,2,20251021_025154
1760982643.2431643,2276640,582819840,582.81984,22,200,156,2,20251021_025154
1760982643.2531483,2276679,582829824,582.829824,23,200,156,2,20251021_025154
1760982643.2631323,2276718,582839808,582.839808,23,200,156,2,20251021_025154
1760982643.2731164,2276757,582849792,582.849792,24,199,157,2,20251021_025154
1760982643.2831004,2276796,582859776,582.859776,24,200,157,2,20251021_025154
1760982643.2930844,2276835,582869760,582.86976,24,200,156,2,20251021_025154
1760982643.3030684,2276874,582879744,582.879744,25,200,157,2,20251021_025154
1760982643.3130524,2276913,582889728,582.889728,25,200,156,2,20251021_025154
1760982643.3230364,2276952,582899712,582.899712,26,200,156,2,20251021_025154
1760982643.3332765,2276992,582909952,582.909952,26,200,156,2,20251021_025154
1760982643.3432603,2277031,582919936,582.919936,27,200,156,2,20251021_025154
1760982643.3532443,2277070,582929920,582.92992,27,200,156,2,20251021_025154
1760982643.3632283,2277109,582939904,582.939904,27,200,157,2,20251021_025154
1760982643.3732123,2277148,582949888,582.949888,28,200,156,2,20251021_025154
1760982643.3831964,2277187,582959872,582.959872,28,200,155,2,20251021_025154
1760982643.3931804,2277226,582969856,582.969856,29,200,155,2,20251021_025154
1760982643.4031644,2277265,582979840,582.97984,29,200,155,2,20251021_025154
1760982643.4131484,2277304,582989824,582.989824,29,200,155,2,20251021_025154
1760982643.4231324,2277343,582999808,582.999808,30,200,155,2,20251021_025154
1760982643.4331164,2277382,583009792,583.009792,30,200,155,2,20251021_025154
1760982643.4431005,2277421,583019776,583.019776,31,200,155,2,20251021_025154
1760982643.4530842,2277460,583029760,583.02976,31,200,154,2,20251021_025154
1760982643.4630682,2277499,583039744,583.039744,31,200,153,2,20251021_025154
1760982643.4730525,2277538,583049728,583.049728,32,200,152,2,20251021_025154
1760982643.4832923,2277578,583059968,583.059968,32,200,153,2,20251021_025154
1760982643.4932764,2277617,583069952,583.069952,33,200,153,2,20251021_025154
1760982643.5032604,2277656,583079936,583.079936,33,200,153,2,20251021_025154
1760982643.5132444,2277695,583089920,583.08992,34,200,152,2,20251021_025154
1760982643.5232284,2277734,583099904,583.099904,35,200,152,2,20251021_025154
1760982643.5332124,2277773,583109888,583.109888,35,200,151,2,20251021_025154
1760982643.5431964,2277812,583119872,583.119872,36,200,150,2,20251021_025154
1760982643.5531805,2277851,583129856,583.129856,37,200,149,2,20251021_025154
1760982643.5631642,2277890,583139840,583.13984,37,200,148,2,20251021_025154
1760982643.5731485,2277929,583149824,583.149824,38,200,147,2,20251021_025154
1760982643.5831325,2277968,583159808,583.159808,39,200,147,2,20251021_025154
1760982643.5931163,2278007,583169792,583.169792,40,200,147,2,20251021_025154
1760982643.6031003,2278046,583179776,583.179776,41,200,146,2,20251021_025154
1760982643.6130843,2278085,583189760,583.18976,42,200,146,2,20251021_025154
1760982643.6233244,2278125,583200000,583.2,43,200,145,2,20251021_025154
1760982643.6333084,2278164,583209984,583.209984,44,200,144,2,20251021_025154
1760982643.6432924,2278203,583219968,583.219968,45,200,143,2,20251021_025154
1760982643.6532764,2278242,583229952,583.229952,46,200,142,2,20251021_025154
1760982643.6632605,2278281,583239936,583.239936,48,200,140,2,20251021_025154
1760982643.6732442,2278320,583249920,583.24992,49,200,139,2,20251021_025154
1760982643.6832285,2278359,583259904,583.259904,51,200,138,2,20251021_025154
1760982643.6932125,2278398,583269888,583.269888,52,200,140,2,20251021_025154
1760982643.7031963,2278437,583279872,583.279872,54,200,140,2,20251021_025154
1760982643.7131803,2278476,583289856,583.289856,55,200,140,2,20251021_025154
1760982643.7231643,2278515,583299840,583.29984,57,200,140,2,20251021_025154
1760982643.7331483,2278554,583309824,583.309824,58,200,141,2,20251021_025154
1760982643.7431324,2278593,583319808,583.319808,60,200,142,2,20251021_025154
1760982643.7531164,2278632,583329792,583.329792,61,200,142,2,20251021_025154
1760982643.7633564,2278672,583340032,583.340032,62,200,143,2,20251021_025154
1760982643.7733405,2278711,583350016,583.350016,63,200,144,2,20251021_025154
1760982643.7833242,2278750,583360000,583.36,64,198,144,2,20251021_025154
1760982643.7933085,2278789,583369984,583.369984,65,200,147,2,20251021_025154
1760982643.8032925,2278828,583379968,583.379968,66,200,148,2,20251021_025154
1760982643.8132763,2278867,583389952,583.389952,67,200,148,2,20251021_025154
1760982643.8232603,2278906,583399936,583.399936,68,200,149,2,20251021_025154
1760982643.8332443,2278945,583409920,583.40992,68,200,150,2,20251021_025154
1760982643.8432283,2278984,583419904,583.419904,69,200,150,2,20251021_025154
1760982643.8532124,2279023,583429888,583.429888,70,200,151,2,20251021_025154
1760982643.8631964,2279062,583439872,583.439872,71,200,151,2,20251021_025154
1760982643.8731804,2279101,583449856,583.449856,71,200,152,2,20251021_025154
1760982643.8831644,2279140,583459840,583.45984,72,200,153,2,20251021_025154
1760982643.8931484,2279179,583469824,583.469824,72,200,153,2,20251021_025154
1760982643.9033885,2279219,583480064,583.480064,73,200,154,2,20251021_025154
1760982643.9133725,2279258,583490048,583.490048,73,200,155,2,20251021_025154
1760982643.9233563,2279297,583500032,583.500032,74,200,155,2,20251021_025154
1760982643.9333403,2279336,583510016,583.510016,74,200,156,2,20251021_025154
1760982643.9433243,2279375,583520000,583.52,75,200,155,2,20251021_025154
1760982643.9533083,2279414,583529984,583.529984,75,199,155,2,20251021_025154
1760982643.9632924,2279453,583539968,583.539968,76,200,155,2,20251021_025154
1760982643.9732764,2279492,583549952,583.549952,76,200,155,2,20251021_025154
1760982643.9832604,2279531,583559936,583.559936,76,200,156,2,20251021_025154
1760982643.9932444,2279570,583569920,583.56992,77,200,156,2,20251021_025154
1760982644.0032284,2279609,583579904,583.579904,77,200,156,2,20251021_025154
1760982644.0132124,2279648,583589888,583.589888,78,200,156,2,20251021_025154
1760982644.0231965,2279687,583599872,583.599872,79,200,156,2,20251021_025154
1760982644.0331802,2279726,583609856,583.609856,79,200,156,2,20251021_025154
1760982644.0434203,2279766,583620096,583.620096,80,200,156,2,20251021_025154
1760982644.0534043,2279805,583630080,583.63008,80,200,154,2,20251021_025154
1760982644.0633883,2279844,583640064,583.640064,81,200,155,2,20251021_025154
1760982644.0733724,2279883,583650048,583.650048,82,199,156,2,20251021_025154
1760982644.0833564,2279922,583660032,583.660032,82,200,155,2,20251021_025154
1760982644.0933404,2279961,583670016,583.670016,83,200,156,2,20251021_025154
1760982644.1033244,2280000,583680000,583.68,84,200,155,2,20251021_025154
1760982644.1133084,2280039,583689984,583.689984,84,200,155,2,20251021_025154
1760982644.1232924,2280078,583699968,583.699968,85,200,155,2,20251021_025154
1760982644.1332765,2280117,583709952,583.709952,86,200,155,2,20251021_025154
1760982644.1432602,2280156,583719936,583.719936,87,200,154,2,20251021_025154
1760982644.1532445,2280195,583729920,583.72992,88,199,154,2,20251021_025154
1760982644.1632285,2280234,583739904,583.739904,89,200,153,2,20251021_025154
1760982644.1732123,2280273,583749888,583.749888,90,200,151,2,20251021_025154
1760982644.1831963,2280312,583759872,583.759872,91,200,150,2,20251021_025154
1760982644.1934364,2280352,583770112,583.770112,92,202,148,2,20251021_025154
1760982644.2034204,2280391,583780096,583.780096,93,199,144,2,20251021_025154
1760982644.2134044,2280430,583790080,583.79008,95,199,140,2,20251021_025154
1760982644.2233884,2280469,583800064,583.800064,97,200,138,2,20251021_025154
1760982644.2333724,2280508,583810048,583.810048,99,200,136,2,20251021_025154
1760982644.2433562,2280547,583820032,583.820032,101,200,133,2,20251021_025154
1760982644.2533402,2280586,583830016,583.830016,103,199,132,2,20251021_025154
1760982644.2633245,2280625,583840000,583.84,105,200,128,2,20251021_025154
1760982644.2733085,2280664,583849984,583.849984,107,199,127,2,20251021_025154
1760982644.2832923,2280703,583859968,583.859968,109,199,126,2,20251021_025154
1760982644.2932763,2280742,583869952,583.869952,111,199,124,2,20251021_025154
1760982644.3032603,2280781,583879936,583.879936,113,199,122,2,20251021_025154
1760982644.3132443,2280820,583889920,583.88992,115,199,122,2,20251021_025154
1760982644.3232284,2280859,583899904,583.899904,117,199,120,2,20251021_025154
1760982644.3332124,2280898,583909888,583.909888,119,200,122,2,20251021_025154
1760982644.3434525,2280938,583920128,583.920128,120,199,120,2,20251021_025154
1760982644.3534362,2280977,583930112,583.930112,122,200,121,2,20251021_025154
1760982644.3634202,2281016,583940096,583.940096,124,199,120,2,20251021_025154
1760982644.3734045,2281055,583950080,583.95008,125,199,121,2,20251021_025154
1760982644.3833883,2281094,583960064,583.960064,126,199,122,2,20251021_025154
1760982644.3933723,2281133,583970048,583.970048,128,199,123,2,20251021_025154
1760982644.4033563,2281172,583980032,583.980032,129,200,126,2,20251021_025154
1760982644.4133403,2281211,583990016,583.990016,130,199,126,2,20251021_025154
1760982644.4233243,2281250,584000000,584.0,132,199,127,2,20251021_025154
1760982644.4333084,2281289,584009984,584.009984,133,200,127,2,20251021_025154
1760982644.4432924,2281328,584019968,584.019968,134,199,128,2,20251021_025154
1760982644.4532764,2281367,584029952,584.029952,135,199,130,2,20251021_025154
1760982644.4632604,2281406,584039936,584.039936,136,199,133,2,20251021_025154
1760982644.4732444,2281445,584049920,584.04992,138,200,138,2,20251021_025154
1760982644.4834845,2281485,584060160,584.06016,139,200,142,2,20251021_025154
1760982644.4934683,2281524,584070144,584.070144,141,200,144,2,20251021_025154
1760982644.5034523,2281563,584080128,584.080128,143,199,146,2,20251021_025154
1760982644.5134363,2281602,584090112,584.090112,146,200,148,2,20251021_025154
1760982644.5234203,2281641,584100096,584.100096,148,200,150,2,20251021_025154
1760982644.5334044,2281680,584110080,584.11008,151,200,151,2,20251021_025154
1760982644.5433884,2281719,584120064,584.120064,154,199,152,2,20251021_025154
1760982644.5533724,2281758,584130048,584.130048,157,200,152,2,20251021_025154
1760982644.5633564,2281797,584140032,584.140032,160,200,153,2,20251021_025154
1760982644.5733404,2281836,584150016,584.150016,163,200,153,2,20251021_025154
1760982644.5833244,2281875,584160000,584.16,166,200,153,2,20251021_025154
1760982644.5935645,2281915,584170240,584.17024,169,200,153,2,20251021_025154
1760982644.6035483,2281954,584180224,584.180224,173,200,153,2,20251021_025154
1760982644.6135323,2281993,584190208,584.190208,176,199,153,2,20251021_025154
1760982644.6235163,2282032,584200192,584.200192,180,199,154,2,20251021_025154
1760982644.6335003,2282071,584210176,584.210176,183,200,154,2,20251021_025154
1760982644.6434844,2282110,584220160,584.22016,186,199,154,2,20251021_025154
1760982644.6534684,2282149,584230144,584.230144,190,200,154,2,20251021_025154
1760982644.6637084,2282189,584240384,584.240384,193,200,155,2,20251021_025154
1760982644.6736925,2282228,584250368,584.250368,197,200,154,2,20251021_025154
1760982644.6836762,2282267,584260352,584.260352,200,200,155,2,20251021_025154
1760982644.6936605,2282306,584270336,584.270336,203,200,155,2,20251021_025154
1760982644.7036445,2282345,584280320,584.28032,206,200,155,2,20251021_025154
1760982644.7136283,2282384,584290304,584.290304,210,199,155,2,20251021_025154
1760982644.7236123,2282423,584300288,584.300288,213,200,155,2,20251021_025154
1760982644.7335963,2282462,584310272,584.310272,216,200,156,2,20251021_025154
1760982644.7438364,2282502,584320512,584.320512,218,200,155,2,20251021_025154
1760982644.7538204,2282541,584330496,584.330496,221,200,155,2,20251021_025154
1760982644.7638044,2282580,584340480,584.34048,224,200,155,2,20251021_025154
1760982644.7737885,2282619,584350464,584.350464,227,200,155,2,20251021_025154
1760982644.7837722,2282658,584360448,584.360448,229,200,156,2,20251021_025154
1760982644.7937562,2282697,584370432,584.370432,231,200,156,2,20251021_025154
1760982644.8039963,2282737,584380672,584.380672,234,200,155,2,20251021_025154
1760982644.8139803,2282776,584390656,584.390656,236,200,156,2,20251021_025154
1760982644.8239644,2282815,584400640,584.40064,238,200,156,2,20251021_025154
1760982644.8339484,2282854,584410624,584.410624,240,200,156,2,20251021_025154
1760982644.8439324,2282893,584420608,584.420608,242,200,156,2,20251021_025154
1760982644.8539164,2282932,584430592,584.430592,244,200,155,2,20251021_025154
1760982644.8639004,2282971,584440576,584.440576,246,200,155,2,20251021_025154
1760982644.8738844,2283010,584450560,584.45056,247,200,155,2,20251021_025154
1760982644.8841245,2283050,584460800,584.4608,249,200,155,2,20251021_025154
1760982644.8941083,2283089,584470784,584.470784,251,200,155,2,20251021_025154
1760982644.9040923,2283128,584480768,584.480768,252,200,155,2,20251021_025154
1760982644.9140763,2283167,584490752,584.490752,254,200,155,2,20251021_025154
1760982644.9240603,2283206,584500736,584.500736,0,199,155,2,20251021_025154
1760982644.9340444,2283245,584510720,584.51072,1,199,154,2,20251021_025154
1760982644.9440284,2283284,584520704,584.520704,3,200,154,2,20251021_025154
1760982644.9540124,2283323,584530688,584.530688,4,200,154,2,20251021_025154
1760982644.9642522,2283363,584540928,584.540928,5,200,153,2,20251021_025154
1760982644.9742362,2283402,584550912,584.550912,7,200,152,2,20251021_025154
1760982644.9842205,2283441,584560896,584.560896,8,200,152,2,20251021_025154
1760982644.9942043,2283480,584570880,584.57088,9,200,151,2,20251021_025154
1760982645.0041883,2283519,584580864,584.580864,11,200,149,2,20251021_025154
1760982645.0141723,2283558,584590848,584.590848,12,200,147,2,20251021_025154
1760982645.0244124,2283598,584601088,584.601088,14,200,146,2,20251021_025154
1760982645.0343964,2283637,584611072,584.611072,16,200,144,2,20251021_025154
1760982645.0443804,2283676,584621056,584.621056,18,200,141,2,20251021_025154
1760982645.0543644,2283715,584631040,584.63104,20,200,140,2,20251021_025154
1760982645.0643485,2283754,584641024,584.641024,23,200,136,2,20251021_025154
1760982645.0743322,2283793,584651008,584.651008,25,200,135,2,20251021_025154
1760982645.0843165,2283832,584660992,584.660992,28,201,134,2,20251021_025154
1760982645.0943005,2283871,584670976,584.670976,32,200,131,2,20251021_025154
1760982645.1042843,2283910,584680960,584.68096,35,200,128,2,20251021_025154
1760982645.1142683,2283949,584690944,584.690944,39,200,127,2,20251021_025154
1760982645.1242523,2283988,584700928,584.700928,43,200,125,2,20251021_025154
1760982645.1342363,2284027,584710912,584.710912,46,200,122,2,20251021_025154
1760982645.1444764,2284067,584721152,584.721152,50,200,117,2,20251021_025154
1760982645.1544604,2284106,584731136,584.731136,54,200,116,2,20251021_025154
1760982645.1644444,2284145,584741120,584.74112,57,200,111,2,20251021_025154
1760982645.1744285,2284184,584751104,584.751104,61,200,108,2,20251021_025154
1760982645.1844122,2284223,584761088,584.761088,65,200,105,2,20251021_025154
1760982645.1943965,2284262,584771072,584.771072,68,200,105,2,20251021_025154
1760982645.2043805,2284301,584781056,584.781056,72,200,104,2,20251021_025154
1760982645.2143643,2284340,584791040,584.79104,75,200,105,2,20251021_025154
1760982645.2243483,2284379,584801024,584.801024,79,200,104,2,20251021_025154
1760982645.2343323,2284418,584811008,584.811008,82,200,105,2,20251021_025154
1760982645.2443163,2284457,584820992,584.820992,85,200,104,2,20251021_025154
1760982645.2543004,2284496,584830976,584.830976,88,200,104,2,20251021_025154
1760982645.2642844,2284535,584840960,584.84096,91,199,104,2,20251021_025154
1760982645.2742684,2284574,584850944,584.850944,94,200,104,2,20251021_025154
1760982645.2845082,2284614,584861184,584.861184,97,200,104,2,20251021_025154
1760982645.2944922,2284653,584871168,584.871168,99,200,105,2,20251021_025154
1760982645.3044765,2284692,584881152,584.881152,102,199,105,2,20251021_025154
1760982645.3144605,2284731,584891136,584.891136,104,199,106,2,20251021_025154
1760982645.3244443,2284770,584901120,584.90112,107,200,106,2,20251021_025154
1760982645.3344283,2284809,584911104,584.911104,109,199,107,2,20251021_025154
1760982645.3444123,2284848,584921088,584.921088,111,199,108,2,20251021_025154
1760982645.3543963,2284887,584931072,584.931072,113,200,110,2,20251021_025154
1760982645.3643804,2284926,584941056,584.941056,115,200,111,2,20251021_025154
1760982645.3743644,2284965,584951040,584.95104,117,200,114,2,20251021_025154
1760982645.3843484,2285004,584961024,584.961024,119,199,116,2,20251021_025154
1760982645.3943324,2285043,584971008,584.971008,120,199,120,2,20251021_025154
1760982645.4043164,2285082,584980992,584.980992,122,199,125,2,20251021_025154
1760982645.4143004,2285121,584990976,584.990976,124,200,129,2,20251021_025154
1760982645.4242845,2285160,585000960,585.00096,126,200,133,2,20251021_025154
1760982645.4345243,2285200,585011200,585.0112,128,200,137,2,20251021_025154
1760982645.4445083,2285239,585021184,585.021184,130,200,140,2,20251021_025154
1760982645.4544923,2285278,585031168,585.031168,132,200,142,2,20251021_025154
1760982645.4644763,2285317,585041152,585.041152,134,200,145,2,20251021_025154
1760982645.4744604,2285356,585051136,585.051136,137,200,147,2,20251021_025154
1760982645.4844444,2285395,585061120,585.06112,139,200,148,2,20251021_025154
1760982645.4944284,2285434,585071104,585.071104,142,200,149,2,20251021_025154
1760982645.5044124,2285473,585081088,585.081088,145,200,149,2,20251021_025154
1760982645.5143964,2285512,585091072,585.091072,148,200,149,2,20251021_025154
1760982645.5243804,2285551,585101056,585.101056,150,200,149,2,20251021_025154
1760982645.5343645,2285590,585111040,585.11104,153,200,150,2,20251021_025154
1760982645.5443482,2285629,585121024,585.121024,156,199,150,2,20251021_025154
1760982645.5543325,2285668,585131008,585.131008,160,200,151,2,20251021_025154
1760982645.5643165,2285707,585140992,585.140992,163,200,152,2,20251021_025154
1760982645.5745564,2285747,585151232,585.151232,166,200,151,2,20251021_025154
1760982645.5845404,2285786,585161216,585.161216,170,200,152,2,20251021_025154
1760982645.5945244,2285825,585171200,585.1712,173,200,152,2,20251021_025154
1760982645.6045084,2285864,585181184,585.181184,177,200,152,2,20251021_025154
1760982645.6144924,2285903,585191168,585.191168,180,200,152,2,20251021_025154
1760982645.6244764,2285942,585201152,585.201152,183,200,152,2,20251021_025154
1760982645.6344604,2285981,585211136,585.211136,187,200,153,2,20251021_025154
1760982645.6444445,2286020,585221120,585.22112,190,200,153,2,20251021_025154
1760982645.6544282,2286059,585231104,585.231104,194,200,153,2,20251021_025154
1760982645.6644125,2286098,585241088,585.241088,197,199,152,2,20251021_025154
1760982645.6743965,2286137,585251072,585.251072,200,200,153,2,20251021_025154
1760982645.6843803,2286176,585261056,585.261056,204,200,153,2,20251021_025154
1760982645.6943643,2286215,585271040,585.27104,207,200,153,2,20251021_025154
1760982645.7043483,2286254,585281024,585.281024,210,200,153,2,20251021_025154
1760982645.7145884,2286294,585291264,585.291264,213,199,154,2,20251021_025154
1760982645.7245724,2286333,585301248,585.301248,216,200,153,2,20251021_025154
1760982645.7345564,2286372,585311232,585.311232,219,200,154,2,20251021_025154
1760982645.7445405,2286411,585321216,585.321216,222,200,154,2,20251021_025154
1760982645.7545242,2286450,585331200,585.3312,224,200,154,2,20251021_025154
1760982645.7645082,2286489,585341184,585.341184,227,200,154,2,20251021_025154
1760982645.7744925,2286528,585351168,585.351168,229,199,154,2,20251021_025154
1760982645.7844765,2286567,585361152,585.361152,232,200,154,2,20251021_025154
1760982645.7944603,2286606,585371136,585.371136,234,200,154,2,20251021_025154
1760982645.8044443,2286645,585381120,585.38112,236,200,154,2,20251021_025154
1760982645.8144283,2286684,585391104,585.391104,238,201,152,2,20251021_025154
1760982645.8244123,2286723,585401088,585.401088,240,200,154,2,20251021_025154
1760982645.8343964,2286762,585411072,585.411072,242,200,153,2,20251021_025154
1760982645.8443804,2286801,585421056,585.421056,244,200,154,2,20251021_025154
1760982645.8543644,2286840,585431040,585.43104,246,200,154,2,20251021_025154
1760982645.8646042,2286880,585441280,585.44128,248,200,153,2,20251021_025154
1760982645.8745885,2286919,585451264,585.451264,249,200,154,2,20251021_025154
1760982645.8845725,2286958,585461248,585.461248,251,200,153,2,20251021_025154
1760982645.8945563,2286997,585471232,585.471232,252,200,153,2,20251021_025154
1760982645.9045403,2287036,585481216,585.481216,254,200,153,2,20251021_025154
1760982645.9145243,2287075,585491200,585.4912,0,200,153,2,20251021_025154
1760982645.9245083,2287114,585501184,585.501184,1,200,154,2,20251021_025154
1760982645.9344923,2287153,585511168,585.511168,3,201,154,2,20251021_025154
1760982645.9444764,2287192,585521152,585.521152,4,200,154,2,20251021_025154
1760982645.9544604,2287231,585531136,585.531136,5,200,154,2,20251021_025154
1760982645.9644444,2287270,585541120,585.54112,6,200,154,2,20251021_025154
1760982645.9744284,2287309,585551104,585.551104,7,200,154,2,20251021_025154
1760982645.9844124,2287348,585561088,585.561088,9,200,154,2,20251021_025154
1760982645.9943964,2287387,585571072,585.571072,10,200,154,2,20251021_025154
1760982646.0046363,2287427,585581312,585.581312,11,199,154,2,20251021_025154
1760982646.0146203,2287466,585591296,585.591296,11,200,153,2,20251021_025154
1760982646.0246043,2287505,585601280,585.60128,12,200,156,2,20251021_025154
1760982646.0345883,2287544,585611264,585.611264,13,200,155,2,20251021_025154
1760982646.0445724,2287583,585621248,585.621248,14,200,156,2,20251021_025154
1760982646.0545564,2287622,585631232,585.631232,15,200,156,2,20251021_025154
1760982646.0645404,2287661,585641216,585.641216,15,200,155,2,20251021_025154
1760982646.0745244,2287700,585651200,585.6512,16,199,156,2,20251021_025154
1760982646.0845084,2287739,585661184,585.661184,17,200,156,2,20251021_025154
1760982646.0944924,2287778,585671168,585.671168,17,200,155,2,20251021_025154
1760982646.1044765,2287817,585681152,585.681152,18,199,155,2,20251021_025154
1760982646.1144602,2287856,585691136,585.691136,19,200,156,2,20251021_025154
1760982646.1244442,2287895,585701120,585.70112,19,199,155,2,20251021_025154
1760982646.1344285,2287934,585711104,585.711104,20,200,156,2,20251021_025154
1760982646.1446683,2287974,585721344,585.721344,21,200,155,2,20251021_025154
1760982646.1546524,2288013,585731328,585.731328,21,199,156,2,20251021_025154
1760982646.1646364,2288052,585741312,585.741312,22,200,155,2,20251021_025154
1760982646.1746204,2288091,585751296,585.751296,22,200,156,2,20251021_025154
1760982646.1846044,2288130,585761280,585.76128,23,200,156,2,20251021_025154
1760982646.1945884,2288169,585771264,585.771264,23,200,156,2,20251021_025154
1760982646.2045724,2288208,585781248,585.781248,24,200,156,2,20251021_025154
1760982646.2145565,2288247,585791232,585.791232,24,200,157,2,20251021_025154
1760982646.2245402,2288286,585801216,585.801216,24,200,156,2,20251021_025154
1760982646.2345245,2288325,585811200,585.8112,25,200,156,2,20251021_025154
1760982646.2445085,2288364,585821184,585.821184,25,200,156,2,20251021_025154
1760982646.2544923,2288403,585831168,585.831168,26,200,154,2,20251021_025154
1760982646.2644763,2288442,585841152,585.841152,26,200,156,2,20251021_025154
1760982646.2744603,2288481,585851136,585.851136,27,200,156,2,20251021_025154
1760982646.2844443,2288520,585861120,585.86112,27,200,157,2,20251021_025154
1760982646.2946844,2288560,585871360,585.87136,27,200,156,2,20251021_025154
1760982646.3046684,2288599,585881344,585.881344,28,200,157,2,20251021_025154
1760982646.3146524,2288638,585891328,585.891328,28,200,156,2,20251021_025154
1760982646.3246365,2288677,585901312,585.901312,28,200,157,2,20251021_025154
1760982646.3346202,2288716,585911296,585.911296,29,200,156,2,20251021_025154
1760982646.3446045,2288755,585921280,585.92128,29,200,156,2,20251021_025154
1760982646.3545885,2288794,585931264,585.931264,29,200,157,2,20251021_025154
1760982646.3645723,2288833,585941248,585.941248,30,200,156,2,20251021_025154
1760982646.3745563,2288872,585951232,585.951232,30,200,156,2,20251021_025154
1760982646.3845403,2288911,585961216,585.961216,30,200,156,2,20251021_025154
1760982646.3945243,2288950,585971200,585.9712,31,200,156,2,20251021_025154
1760982646.4045084,2288989,585981184,585.981184,31,200,156,2,20251021_025154
1760982646.4144924,2289028,585991168,585.991168,31,200,156,2,20251021_025154
1760982646.4244764,2289067,586001152,586.001152,32,200,156,2,20251021_025154
1760982646.4347165,2289107,586011392,586.011392,32,200,155,2,20251021_025154
1760982646.4447002,2289146,586021376,586.021376,32,200,155,2,20251021_025154
1760982646.4546845,2289185,586031360,586.03136,33,200,155,2,20251021_025154
1760982646.4646685,2289224,586041344,586.041344,33,200,155,2,20251021_025154
1760982646.4746523,2289263,586051328,586.051328,33,200,154,2,20251021_025154
1760982646.4846363,2289302,586061312,586.061312,34,200,154,2,20251021_025154
1760982646.4946203,2289341,586071296,586.071296,34,200,154,2,20251021_025154
1760982646.5046043,2289380,586081280,586.08128,34,200,154,2,20251021_025154
1760982646.5145884,2289419,586091264,586.091264,35,200,154,2,20251021_025154
1760982646.5245724,2289458,586101248,586.101248,35,200,153,2,20251021_025154
1760982646.5345564,2289497,586111232,586.111232,36,200,153,2,20251021_025154
1760982646.5445404,2289536,586121216,586.121216,36,200,153,2,20251021_025154
1760982646.5545244,2289575,586131200,586.1312,37,200,153,2,20251021_025154
1760982646.5645084,2289614,586141184,586.141184,37,200,153,2,20251021_025154
1760982646.5747485,2289654,586151424,586.151424,38,200,153,2,20251021_025154
1760982646.5847323,2289693,586161408,586.161408,38,200,153,2,20251021_025154
1760982646.5947163,2289732,586171392,586.171392,38,200,153,2,20251021_025154
1760982646.6047003,2289771,586181376,586.181376,39,200,153,2,20251021_025154
1760982646.6146843,2289810,586191360,586.19136,39,200,153,2,20251021_025154
1760982646.6246684,2289849,586201344,586.201344,40,200,153,2,20251021_025154
1760982646.6346524,2289888,586211328,586.211328,40,200,153,2,20251021_025154
1760982646.6446364,2289927,586221312,586.221312,40,200,153,2,20251021_025154
1760982646.6546204,2289966,586231296,586.231296,41,200,152,2,20251021_025154
1760982646.6646044,2290005,586241280,586.24128,41,200,152,2,20251021_025154
1760982646.6745884,2290044,586251264,586.251264,42,200,151,2,20251021_025154
1760982646.6845725,2290083,586261248,586.261248,42,200,152,2,20251021_025154
1760982646.6945562,2290122,586271232,586.271232,43,200,151,2,20251021_025154
1760982646.7045405,2290161,586281216,586.281216,43,200,151,2,20251021_025154
1760982646.7145245,2290200,586291200,586.2912,44,200,152,2,20251021_025154
1760982646.7247643,2290240,586301440,586.30144,44,200,151,2,20251021_025154
1760982646.7347484,2290279,586311424,586.311424,44,200,153,2,20251021_025154
1760982646.7447324,2290318,586321408,586.321408,45,200,153,2,20251021_025154
1760982646.7547164,2290357,586331392,586.331392,45,200,153,2,20251021_025154
1760982646.7647004,2290396,586341376,586.341376,45,200,154,2,20251021_025154
1760982646.7746844,2290435,586351360,586.35136,46,200,154,2,20251021_025154
1760982646.7846684,2290474,586361344,586.361344,46,200,155,2,20251021_025154
1760982646.7946525,2290513,586371328,586.371328,46,200,156,2,20251021_025154
1760982646.8046362,2290552,586381312,586.381312,46,200,156,2,20251021_025154
1760982646.8146205,2290591,586391296,586.391296,46,200,156,2,20251021_025154
1760982646.8246045,2290630,586401280,586.40128,46,200,156,2,20251021_025154
1760982646.8345883,2290669,586411264,586.411264,46,200,156,2,20251021_025154
1760982646.8445723,2290708,586421248,586.421248,47,200,158,2,20251021_025154
1760982646.8545563,2290747,586431232,586.431232,47,200,157,2,20251021_025154
1760982646.8645403,2290786,586441216,586.441216,47,201,155,2,20251021_025154
1760982646.8747804,2290826,586451456,586.451456,47,200,157,2,20251021_025154
1760982646.8847644,2290865,586461440,586.46144,47,200,159,2,20251021_025154
1760982646.8947484,2290904,586471424,586.471424,47,200,157,2,20251021_025154
1760982646.9047325,2290943,586481408,586.481408,47,200,157,2,20251021_025154
1760982646.9147162,2290982,586491392,586.491392,47,200,157,2,20251021_025154
1760982646.9247005,2291021,586501376,586.501376,47,200,158,2,20251021_025154
1760982646.9346845,2291060,586511360,586.51136,47,200,157,2,20251021_025154
1760982646.9446683,2291099,586521344,586.521344,47,200,158,2,20251021_025154
1760982646.9546523,2291138,586531328,586.531328,48,200,157,2,20251021_025154
1760982646.9646363,2291177,586541312,586.541312,48,200,158,2,20251021_025154
1760982646.9746203,2291216,586551296,586.551296,48,200,158,2,20251021_025154
1760982646.9846044,2291255,586561280,586.56128,48,200,157,2,20251021_025154
1760982646.9945884,2291294,586571264,586.571264,48,200,158,2,20251021_025154
1760982647.0045724,2291333,586581248,586.581248,48,200,158,2,20251021_025154
1760982647.0148122,2291373,586591488,586.591488,48,200,158,2,20251021_025154
1760982647.0247962,2291412,586601472,586.601472,48,200,158,2,20251021_025154
1760982647.0347805,2291451,586611456,586.611456,48,200,158,2,20251021_025154
1760982647.0447645,2291490,586621440,586.62144,48,200,158,2,20251021_025154
1760982647.0547483,2291529,586631424,586.631424,48,200,158,2,20251021_025154
1760982647.0647323,2291568,586641408,586.641408,49,200,158,2,20251021_025154
1760982647.0747163,2291607,586651392,586.651392,49,200,159,2,20251021_025154
1760982647.0847003,2291646,586661376,586.661376,49,200,158,2,20251021_025154
1760982647.0946844,2291685,586671360,586.67136,49,200,158,2,20251021_025154
1760982647.1046684,2291724,586681344,586.681344,49,200,158,2,20251021_025154
1760982647.1146524,2291763,586691328,586.691328,49,200,158,2,20251021_025154
1760982647.1246364,2291802,586701312,586.701312,49,200,158,2,20251021_025154
1760982647.1346204,2291841,586711296,586.711296,49,200,158,2,20251021_025154
1760982647.1446044,2291880,586721280,586.72128,49,200,158,2,20251021_025154
1760982647.1548443,2291920,586731520,586.73152,49,200,158,2,20251021_025154
1760982647.1648283,2291959,586741504,586.741504,49,200,157,2,20251021_025154
1760982647.1748123,2291998,586751488,586.751488,50,200,157,2,20251021_025154
1760982647.1847963,2292037,586761472,586.761472,50,200,157,2,20251021_025154
1760982647.1947803,2292076,586771456,586.771456,50,200,157,2,20251021_025154
1760982647.2047644,2292115,586781440,586.78144,50,200,158,2,20251021_025154
1760982647.2147484,2292154,586791424,586.791424,50,200,158,2,20251021_025154
1760982647.2247324,2292193,586801408,586.801408,50,200,156,2,20251021_025154
1760982647.2347164,2292232,586811392,586.811392,51,200,156,2,20251021_025154
1760982647.2447004,2292271,586821376,586.821376,51,200,156,2,20251021_025154
1760982647.2546844,2292310,586831360,586.83136,52,200,156,2,20251021_025154
1760982647.2646685,2292349,586841344,586.841344,52,200,156,2,20251021_025154
1760982647.2746522,2292388,586851328,586.851328,53,200,155,2,20251021_025154
1760982647.2846365,2292427,586861312,586.861312,55,200,155,2,20251021_025154
1760982647.2946205,2292466,586871296,586.871296,56,200,153,2,20251021_025154
1760982647.3048604,2292506,586881536,586.881536,58,200,153,2,20251021_025154
1760982647.3148444,2292545,586891520,586.89152,60,200,152,2,20251021_025154
1760982647.3248284,2292584,586901504,586.901504,63,200,150,2,20251021_025154
1760982647.3348124,2292623,586911488,586.911488,67,200,148,2,20251021_025154
1760982647.3447964,2292662,586921472,586.921472,70,200,145,2,20251021_025154
1760982647.3547804,2292701,586931456,586.931456,74,200,141,2,20251021_025154
1760982647.3647645,2292740,586941440,586.94144,77,200,137,2,20251021_025154
1760982647.3747482,2292779,586951424,586.951424,80,200,129,2,20251021_025154
1760982647.3847322,2292818,586961408,586.961408,84,200,125,2,20251021_025154
1760982647.3947165,2292857,586971392,586.971392,87,200,118,2,20251021_025154
1760982647.4047005,2292896,586981376,586.981376,90,200,114,2,20251021_025154
1760982647.4146843,2292935,586991360,586.99136,93,200,110,2,20251021_025154
1760982647.4246683,2292974,587001344,587.001344,95,200,106,2,20251021_025154
1760982647.4346523,2293013,587011328,587.011328,98,200,105,2,20251021_025154
1760982647.4448924,2293053,587021568,587.021568,101,200,104,2,20251021_025154
1760982647.4548764,2293092,587031552,587.031552,103,200,104,2,20251021_025154
1760982647.4648604,2293131,587041536,587.041536,106,200,103,2,20251021_025154
1760982647.4748445,2293170,587051520,587.05152,108,199,106,2,20251021_025154
1760982647.4848282,2293209,587061504,587.061504,110,200,107,2,20251021_025154
1760982647.4948125,2293248,587071488,587.071488,112,200,109,2,20251021_025154
1760982647.5047965,2293287,587081472,587.081472,114,200,109,2,20251021_025154
1760982647.5147803,2293326,587091456,587.091456,116,200,112,2,20251021_025154
1760982647.5247643,2293365,587101440,587.10144,118,199,112,2,20251021_025154
1760982647.5347483,2293404,587111424,587.111424,119,200,115,2,20251021_025154
1760982647.5447323,2293443,587121408,587.121408,121,200,118,2,20251021_025154
1760982647.5547163,2293482,587131392,587.131392,123,200,123,2,20251021_025154
1760982647.5647004,2293521,587141376,587.141376,124,200,127,2,20251021_025154
1760982647.5746844,2293560,587151360,587.15136,126,200,133,2,20251021_025154
1760982647.5846684,2293599,587161344,587.161344,127,200,138,2,20251021_025154
1760982647.5949082,2293639,587171584,587.171584,129,200,142,2,20251021_025154
1760982647.6048925,2293678,587181568,587.181568,131,200,144,2,20251021_025154
1760982647.6148765,2293717,587191552,587.191552,133,200,146,2,20251021_025154
1760982647.6248603,2293756,587201536,587.201536,135,200,149,2,20251021_025154
1760982647.6348443,2293795,587211520,587.21152,137,200,150,2,20251021_025154
1760982647.6448283,2293834,587221504,587.221504,139,200,150,2,20251021_025154
1760982647.6548123,2293873,587231488,587.231488,142,200,150,2,20251021_025154
1760982647.6647964,2293912,587241472,587.241472,144,200,150,2,20251021_025154
1760982647.6747804,2293951,587251456,587.251456,147,200,151,2,20251021_025154
1760982647.6847644,2293990,587261440,587.26144,149,200,152,2,20251021_025154
1760982647.6947484,2294029,587271424,587.271424,152,200,151,2,20251021_025154
1760982647.7047324,2294068,587281408,587.281408,155,200,152,2,20251021_025154
1760982647.7147164,2294107,587291392,587.291392,158,200,153,2,20251021_025154
1760982647.7247005,2294146,587301376,587.301376,160,199,153,2,20251021_025154
1760982647.7346842,2294185,587311360,587.31136,164,201,154,2,20251021_025154
1760982647.7449243,2294225,587321600,587.3216,167,199,153,2,20251021_025154
1760982647.7549083,2294264,587331584,587.331584,170,200,155,2,20251021_025154
1760982647.7648923,2294303,587341568,587.341568,173,199,153,2,20251021_025154
1760982647.7748764,2294342,587351552,587.351552,176,200,154,2,20251021_025154
1760982647.7848604,2294381,587361536,587.361536,179,200,153,2,20251021_025154
1760982647.7948444,2294420,587371520,587.37152,182,200,154,2,20251021_025154
1760982647.8048284,2294459,587381504,587.381504,186,200,155,2,20251021_025154
1760982647.8148124,2294498,587391488,587.391488,189,199,154,2,20251021_025154
1760982647.8247964,2294537,587401472,587.401472,192,199,154,2,20251021_025154
1760982647.8347805,2294576,587411456,587.411456,195,199,154,2,20251021_025154
1760982647.8447642,2294615,587421440,587.42144,198,200,154,2,20251021_025154
1760982647.8547482,2294654,587431424,587.431424,201,200,154,2,20251021_025154
1760982647.8647325,2294693,587441408,587.441408,204,200,154,2,20251021_025154
1760982647.8749723,2294733,587451648,587.451648,207,200,154,2,20251021_025154
1760982647.8849564,2294772,587461632,587.461632,210,200,154,2,20251021_025154
1760982647.8949404,2294811,587471616,587.471616,213,200,154,2,20251021_025154
1760982647.9049244,2294850,587481600,587.4816,216,200,154,2,20251021_025154
1760982647.9149084,2294889,587491584,587.491584,218,200,155,2,20251021_025154
1760982647.9248924,2294928,587501568,587.501568,221,200,155,2,20251021_025154
1760982647.9348764,2294967,587511552,587.511552,224,200,154,2,20251021_025154
1760982647.9448605,2295006,587521536,587.521536,226,200,155,2,20251021_025154
1760982647.9548442,2295045,587531520,587.53152,229,200,154,2,20251021_025154
1760982647.9648285,2295084,587541504,587.541504,231,200,154,2,20251021_025154
1760982647.9748125,2295123,587551488,587.551488,233,200,154,2,20251021_025154
1760982647.9847963,2295162,587561472,587.561472,235,200,154,2,20251021_025154
1760982647.9947803,2295201,587571456,587.571456,237,200,154,2,20251021_025154
1760982648.0047643,2295240,587581440,587.58144,239,200,154,2,20251021_025154
1760982648.0147483,2295279,587591424,587.591424,241,200,154,2,20251021_025154
1760982648.0249884,2295319,587601664,587.601664,243,200,154,2,20251021_025154
1760982648.0349724,2295358,587611648,587.611648,245,200,154,2,20251021_025154
1760982648.0449564,2295397,587621632,587.621632,247,200,154,2,20251021_025154
1760982648.0549405,2295436,587631616,587.631616,249,200,154,2,20251021_025154
1760982648.0649242,2295475,587641600,587.6416,250,200,154,2,20251021_025154
1760982648.0749085,2295514,587651584,587.651584,252,200,153,2,20251021_025154
1760982648.0848925,2295553,587661568,587.661568,253,200,154,2,20251021_025154
1760982648.0948763,2295592,587671552,587.671552,0,200,153,2,20251021_025154
1760982648.1048603,2295631,587681536,587.681536,1,200,152,2,20251021_025154
1760982648.1148443,2295670,587691520,587.69152,3,200,153,2,20251021_025154
1760982648.1248283,2295709,587701504,587.701504,4,200,153,2,20251021_025154
1760982648.1348124,2295748,587711488,587.711488,6,200,152,2,20251021_025154
1760982648.1447964,2295787,587721472,587.721472,7,200,150,2,20251021_025154
1760982648.1547804,2295826,587731456,587.731456,9,200,151,2,20251021_025154
1760982648.1650202,2295866,587741696,587.741696,10,200,150,2,20251021_025154
1760982648.1750042,2295905,587751680,587.75168,12,200,153,2,20251021_025154
1760982648.1849885,2295944,587761664,587.761664,13,200,152,2,20251021_025154
1760982648.1949725,2295983,587771648,587.771648,14,200,150,2,20251021_025154
1760982648.2049563,2296022,587781632,587.781632,16,200,150,2,20251021_025154
1760982648.2149403,2296061,587791616,587.791616,17,200,151,2,20251021_025154
1760982648.2249243,2296100,587801600,587.8016,18,200,151,2,20251021_025154
1760982648.2349083,2296139,587811584,587.811584,20,200,150,2,20251021_025154
1760982648.2448924,2296178,587821568,587.821568,21,200,152,2,20251021_025154
1760982648.2548764,2296217,587831552,587.831552,22,200,152,2,20251021_025154
1760982648.2648604,2296256,587841536,587.841536,23,200,152,2,20251021_025154
1760982648.2748444,2296295,587851520,587.85152,24,200,152,2,20251021_025154
1760982648.2848284,2296334,587861504,587.861504,25,200,152,2,20251021_025154
1760982648.2948124,2296373,587871488,587.871488,26,200,153,2,20251021_025154
1760982648.3047965,2296412,587881472,587.881472,27,200,153,2,20251021_025154
1760982648.3150363,2296452,587891712,587.891712,28,200,154,2,20251021_025154
1760982648.3250203,2296491,587901696,587.901696,29,200,154,2,20251021_025154
1760982648.3350043,2296530,587911680,587.91168,29,200,154,2,20251021_025154
1760982648.3449883,2296569,587921664,587.921664,30,200,155,2,20251021_025154
1760982648.3549724,2296608,587931648,587.931648,31,200,154,2,20251021_025154
1760982648.3649564,2296647,587941632,587.941632,31,200,155,2,20251021_025154
1760982648.3749404,2296686,587951616,587.951616,32,200,156,2,20251021_025154
1760982648.3849244,2296725,587961600,587.9616,32,200,156,2,20251021_025154
1760982648.3949084,2296764,587971584,587.971584,33,200,156,2,20251021_025154
1760982648.4048924,2296803,587981568,587.981568,33,200,156,2,20251021_025154
1760982648.4148765,2296842,587991552,587.991552,34,200,157,2,20251021_025154
1760982648.4248602,2296881,588001536,588.001536,34,200,156,2,20251021_025154
1760982648.4348445,2296920,588011520,588.01152,34,200,156,2,20251021_025154
1760982648.4448285,2296959,588021504,588.021504,35,200,156,2,20251021_025154
1760982648.4550683,2296999,588031744,588.031744,35,200,156,2,20251021_025154
1760982648.4650524,2297038,588041728,588.041728,35,200,157,2,20251021_025154
1760982648.4750364,2297077,588051712,588.051712,36,200,156,2,20251021_025154
1760982648.4850204,2297116,588061696,588.061696,36,200,157,2,20251021_025154
1760982648.4950044,2297155,588071680,588.07168,36,200,157,2,20251021_025154
1760982648.5049884,2297194,588081664,588.081664,37,200,158,2,20251021_025154
1760982648.5149724,2297233,588091648,588.091648,37,200,157,2,20251021_025154
1760982648.5249565,2297272,588101632,588.101632,37,200,157,2,20251021_025154
1760982648.5349402,2297311,588111616,588.111616,37,200,157,2,20251021_025154
1760982648.5449245,2297350,588121600,588.1216,38,200,157,2,20251021_025154
1760982648.5549085,2297389,588131584,588.131584,38,200,157,2,20251021_025154
1760982648.5648923,2297428,588141568,588.141568,38,200,158,2,20251021_025154
1760982648.5748763,2297467,588151552,588.151552,38,199,157,2,20251021_025154
1760982648.5848603,2297506,588161536,588.161536,38,200,157,2,20251021_025154
1760982648.5951004,2297546,588171776,588.171776,39,200,157,2,20251021_025154
1760982648.6050844,2297585,588181760,588.18176,39,200,156,2,20251021_025154
1760982648.6150684,2297624,588191744,588.191744,39,200,157,2,20251021_025154
1760982648.6250525,2297663,588201728,588.201728,39,199,157,2,20251021_025154
1760982648.6350362,2297702,588211712,588.211712,40,200,157,2,20251021_025154
1760982648.6450202,2297741,588221696,588.221696,40,200,156,2,20251021_025154
1760982648.6550045,2297780,588231680,588.23168,40,200,157,2,20251021_025154
1760982648.6649885,2297819,588241664,588.241664,40,200,157,2,20251021_025154
1760982648.6749723,2297858,588251648,588.251648,41,200,156,2,20251021_025154
1760982648.6849563,2297897,588261632,588.261632,41,200,156,2,20251021_025154
1760982648.6949403,2297936,588271616,588.271616,41,200,156,2,20251021_025154
1760982648.7049243,2297975,588281600,588.2816,42,200,154,2,20251021_025154
1760982648.7149084,2298014,588291584,588.291584,42,200,156,2,20251021_025154
1760982648.7248924,2298053,588301568,588.301568,43,200,155,2,20251021_025154
1760982648.7351325,2298093,588311808,588.311808,43,200,156,2,20251021_025154
1760982648.7451162,2298132,588321792,588.321792,43,200,155,2,20251021_025154
1760982648.7551005,2298171,588331776,588.331776,44,200,154,2,20251021_025154
1760982648.7650845,2298210,588341760,588.34176,45,200,154,2,20251021_025154
1760982648.7750683,2298249,588351744,588.351744,45,200,154,2,20251021_025154
1760982648.7850523,2298288,588361728,588.361728,46,200,154,2,20251021_025154
1760982648.7950363,2298327,588371712,588.371712,46,199,154,2,20251021_025154
1760982648.8050203,2298366,588381696,588.381696,47,200,154,2,20251021_025154
1760982648.8150043,2298405,588391680,588.39168,47,200,153,2,20251021_025154
1760982648.8249884,2298444,588401664,588.401664,48,200,153,2,20251021_025154
1760982648.8349724,2298483,588411648,588.411648,49,200,152,2,20251021_025154
1760982648.8449564,2298522,588421632,588.421632,50,199,151,2,20251021_025154
1760982648.8549404,2298561,588431616,588.431616,51,200,150,2,20251021_025154
1760982648.8649244,2298600,588441600,588.4416,52,200,150,2,20251021_025154
1760982648.8749084,2298639,588451584,588.451584,53,200,149,2,20251021_025154
1760982648.8851483,2298679,588461824,588.461824,55,200,148,2,20251021_025154
1760982648.8951323,2298718,588471808,588.471808,56,200,148,2,20251021_025154
1760982648.9051163,2298757,588481792,588.481792,58,199,146,2,20251021_025154
1760982648.9151003,2298796,588491776,588.491776,59,200,145,2,20251021_025154
1760982648.9250844,2298835,588501760,588.50176,61,200,143,2,20251021_025154
1760982648.9350684,2298874,588511744,588.511744,64,200,140,2,20251021_025154
1760982648.9450524,2298913,588521728,588.521728,66,200,137,2,20251021_025154
1760982648.9550364,2298952,588531712,588.531712,69,200,135,2,20251021_025154
1760982648.9650204,2298991,588541696,588.541696,73,200,134,2,20251021_025154
1760982648.9750044,2299030,588551680,588.55168,76,200,133,2,20251021_025154
1760982648.9849885,2299069,588561664,588.561664,79,200,129,2,20251021_025154
1760982648.9949722,2299108,588571648,588.571648,82,200,127,2,20251021_025154
1760982649.0049562,2299147,588581632,588.581632,86,200,127,2,20251021_025154
1760982649.0149405,2299186,588591616,588.591616,89,200,125,2,20251021_025154
1760982649.0251803,2299226,588601856,588.601856,92,200,122,2,20251021_025154
1760982649.0351644,2299265,588611840,588.61184,94,199,121,2,20251021_025154
1760982649.0451484,2299304,588621824,588.621824,97,200,119,2,20251021_025154
1760982649.0551324,2299343,588631808,588.631808,100,199,118,2,20251021_025154
1760982649.0651164,2299382,588641792,588.641792,102,199,117,2,20251021_025154
1760982649.0751004,2299421,588651776,588.651776,105,199,118,2,20251021_025154
1760982649.0850844,2299460,588661760,588.66176,107,199,118,2,20251021_025154
1760982649.0950685,2299499,588671744,588.671744,109,200,120,2,20251021_025154
1760982649.1050522,2299538,588681728,588.681728,111,200,122,2,20251021_025154
1760982649.1150362,2299577,588691712,588.691712,113,200,123,2,20251021_025154
1760982649.1250205,2299616,588701696,588.701696,115,199,125,2,20251021_025154
1760982649.1350043,2299655,588711680,588.71168,117,199,127,2,20251021_025154
1760982649.1449883,2299694,588721664,588.721664,119,200,128,2,20251021_025154
1760982649.1549723,2299733,588731648,588.731648,121,200,132,2,20251021_025154
1760982649.1649563,2299772,588741632,588.741632,122,200,135,2,20251021_025154
1760982649.1751964,2299812,588751872,588.751872,124,200,138,2,20251021_025154
1760982649.1851804,2299851,588761856,588.761856,126,200,142,2,20251021_025154
1760982649.1951644,2299890,588771840,588.77184,128,200,144,2,20251021_025154
1760982649.2051485,2299929,588781824,588.781824,130,200,145,2,20251021_025154
1760982649.2151322,2299968,588791808,588.791808,133,200,147,2,20251021_025154
1760982649.2251165,2300007,588801792,588.801792,135,200,148,2,20251021_025154
1760982649.2351005,2300046,588811776,588.811776,138,200,149,2,20251021_025154
1760982649.2450843,2300085,588821760,588.82176,140,200,151,2,20251021_025154
1760982649.2550683,2300124,588831744,588.831744,143,200,152,2,20251021_025154
1760982649.2650523,2300163,588841728,588.841728,146,200,152,2,20251021_025154
1760982649.2750363,2300202,588851712,588.851712,149,200,152,2,20251021_025154
1760982649.2850204,2300241,588861696,588.861696,152,199,152,2,20251021_025154
1760982649.2950044,2300280,588871680,588.87168,155,200,153,2,20251021_025154
1760982649.3049884,2300319,588881664,588.881664,158,200,153,2,20251021_025154
1760982649.3152285,2300359,588891904,588.891904,161,200,153,2,20251021_025154
1760982649.3252122,2300398,588901888,588.901888,164,200,153,2,20251021_025154
1760982649.3351965,2300437,588911872,588.911872,168,200,154,2,20251021_025154
1760982649.3451805,2300476,588921856,588.921856,171,200,154,2,20251021_025154
1760982649.3551643,2300515,588931840,588.93184,175,200,154,2,20251021_025154
1760982649.3651483,2300554,588941824,588.941824,178,200,154,2,20251021_025154
1760982649.3751323,2300593,588951808,588.951808,182,200,154,2,20251021_025154
1760982649.3851163,2300632,588961792,588.961792,185,200,154,2,20251021_025154
1760982649.3951004,2300671,588971776,588.971776,189,200,154,2,20251021_025154
1760982649.4050844,2300710,588981760,588.98176,192,200,154,2,20251021_025154
1760982649.4150684,2300749,588991744,588.991744,195,200,156,2,20251021_025154
1760982649.4250524,2300788,589001728,589.001728,199,199,155,2,20251021_025154
1760982649.4350364,2300827,589011712,589.011712,202,200,155,2,20251021_025154
1760982649.4450204,2300866,589021696,589.021696,205,200,156,2,20251021_025154
1760982649.4552605,2300906,589031936,589.031936,209,200,155,2,20251021_025154
1760982649.4652443,2300945,589041920,589.04192,212,200,155,2,20251021_025154
1760982649.4752283,2300984,589051904,589.051904,215,199,155,2,20251021_025154
1760982649.4852123,2301023,589061888,589.061888,218,200,155,2,20251021_025154
1760982649.4951963,2301062,589071872,589.071872,220,200,156,2,20251021_025154
1760982649.5051804,2301101,589081856,589.081856,223,200,155,2,20251021_025154
1760982649.5151644,2301140,589091840,589.09184,226,200,156,2,20251021_025154
1760982649.5251484,2301179,589101824,589.101824,228,200,156,2,20251021_025154
1760982649.5351324,2301218,589111808,589.111808,231,200,156,2,20251021_025154
1760982649.5451164,2301257,589121792,589.121792,233,200,157,2,20251021_025154
1760982649.5551004,2301296,589131776,589.131776,235,200,155,2,20251021_025154
1760982649.5650845,2301335,589141760,589.14176,237,200,155,2,20251021_025154
1760982649.5750682,2301374,589151744,589.151744,239,200,156,2,20251021_025154
1760982649.5850525,2301413,589161728,589.161728,241,200,156,2,20251021_025154
1760982649.5952923,2301453,589171968,589.171968,243,200,156,2,20251021_025154
1760982649.6052763,2301492,589181952,589.181952,245,200,156,2,20251021_025154
1760982649.6152604,2301531,589191936,589.191936,247,200,157,2,20251021_025154
1760982649.6252444,2301570,589201920,589.20192,248,200,156,2,20251021_025154
1760982649.6352284,2301609,589211904,589.211904,250,200,155,2,20251021_025154
1760982649.6452124,2301648,589221888,589.221888,252,200,155,2,20251021_025154
1760982649.6551964,2301687,589231872,589.231872,253,200,156,2,20251021_025154
1760982649.6651804,2301726,589241856,589.241856,0,200,156,2,20251021_025154
1760982649.6751645,2301765,589251840,589.25184,1,201,156,2,20251021_025154
1760982649.6851482,2301804,589261824,589.261824,2,200,156,2,20251021_025154
1760982649.6951325,2301843,589271808,589.271808,3,200,155,2,20251021_025154
1760982649.7051165,2301882,589281792,589.281792,5,200,156,2,20251021_025154
1760982649.7151003,2301921,589291776,589.291776,6,200,156,2,20251021_025154
1760982649.7250843,2301960,589301760,589.30176,7,200,155,2,20251021_025154
1760982649.7350683,2301999,589311744,589.311744,8,200,156,2,20251021_025154
1760982649.7453084,2302039,589321984,589.321984,9,200,157,2,20251021_025154
1760982649.7552924,2302078,589331968,589.331968,10,200,158,2,20251021_025154
1760982649.7652764,2302117,589341952,589.341952,11,200,157,2,20251021_025154
1760982649.7752604,2302156,589351936,589.351936,12,200,157,2,20251021_025154
1760982649.7852445,2302195,589361920,589.36192,13,200,157,2,20251021_025154
1760982649.7952282,2302234,589371904,589.371904,13,200,157,2,20251021_025154
1760982649.8052125,2302273,589381888,589.381888,14,200,157,2,20251021_025154
1760982649.8151965,2302312,589391872,589.391872,15,200,157,2,20251021_025154
1760982649.8251803,2302351,589401856,589.401856,16,200,157,2,20251021_025154
1760982649.8351643,2302390,589411840,589.41184,16,201,157,2,20251021_025154
1760982649.8451483,2302429,589421824,589.421824,17,200,157,2,20251021_025154
1760982649.8551323,2302468,589431808,589.431808,18,200,157,2,20251021_025154
1760982649.8651164,2302507,589441792,589.441792,18,200,157,2,20251021_025154
1760982649.8751004,2302546,589451776,589.451776,19,200,157,2,20251021_025154
1760982649.8853405,2302586,589462016,589.462016,20,200,157,2,20251021_025154
1760982649.8953242,2302625,589472000,589.472,20,200,157,2,20251021_025154
1760982649.9053082,2302664,589481984,589.481984,21,200,158,2,20251021_025154
1760982649.9152925,2302703,589491968,589.491968,21,200,157,2,20251021_025154
1760982649.9252765,2302742,589501952,589.501952,22,200,157,2,20251021_025154
1760982649.9352603,2302781,589511936,589.511936,22,200,157,2,20251021_025154
1760982649.9452443,2302820,589521920,589.52192,23,201,157,2,20251021_025154
1760982649.9552283,2302859,589531904,589.531904,23,200,157,2,20251021_025154
1760982649.9652123,2302898,589541888,589.541888,24,200,157,2,20251021_025154
1760982649.9751964,2302937,589551872,589.551872,24,200,157,2,20251021_025154
1760982649.9851804,2302976,589561856,589.561856,25,200,158,2,20251021_025154
1760982649.9954205,2303016,589572096,589.572096,25,200,158,2,20251021_025154
1760982650.0054042,2303055,589582080,589.58208,26,200,159,2,20251021_025154
1760982650.0153885,2303094,589592064,589.592064,26,200,158,2,20251021_025154
1760982650.0253725,2303133,589602048,589.602048,26,200,158,2,20251021_025154
1760982650.0353563,2303172,589612032,589.612032,27,200,158,2,20251021_025154
1760982650.0453403,2303211,589622016,589.622016,27,200,158,2,20251021_025154
1760982650.0553243,2303250,589632000,589.632,28,201,158,2,20251021_025154
1760982650.0653083,2303289,589641984,589.641984,28,200,158,2,20251021_025154
1760982650.0752923,2303328,589651968,589.651968,28,200,158,2,20251021_025154
1760982650.0852764,2303367,589661952,589.661952,29,200,157,2,20251021_025154
1760982650.0955164,2303407,589672192,589.672192,29,200,157,2,20251021_025154
1760982650.1055005,2303446,589682176,589.682176,29,200,158,2,20251021_025154
1760982650.1154842,2303485,589692160,589.69216,30,200,158,2,20251021_025154
1760982650.1254685,2303524,589702144,589.702144,30,200,159,2,20251021_025154
1760982650.1354525,2303563,589712128,589.712128,30,200,158,2,20251021_025154
1760982650.1454363,2303602,589722112,589.722112,31,200,157,2,20251021_025154
1760982650.1554203,2303641,589732096,589.732096,31,200,157,2,20251021_025154
1760982650.1654043,2303680,589742080,589.74208,32,200,157,2,20251021_025154
1760982650.1756444,2303720,589752320,589.75232,32,200,157,2,20251021_025154
1760982650.1856284,2303759,589762304,589.762304,32,200,156,2,20251021_025154
1760982650.1956124,2303798,589772288,589.772288,33,201,157,2,20251021_025154
1760982650.2055964,2303837,589782272,589.782272,33,200,156,2,20251021_025154
1760982650.2155805,2303876,589792256,589.792256,34,200,155,2,20251021_025154
1760982650.2255642,2303915,589802240,589.80224,34,200,156,2,20251021_025154
1760982650.2355485,2303954,589812224,589.812224,35,201,157,2,20251021_025154
1760982650.2455325,2303993,589822208,589.822208,35,201,156,2,20251021_025154
1760982650.2557724,2304033,589832448,589.832448,36,200,156,2,20251021_025154
1760982650.2657564,2304072,589842432,589.842432,36,200,155,2,20251021_025154
1760982650.2757404,2304111,589852416,589.852416,37,200,155,2,20251021_025154
1760982650.2857244,2304150,589862400,589.8624,37,200,154,2,20251021_025154
1760982650.2957084,2304189,589872384,589.872384,38,200,155,2,20251021_025154
1760982650.3056924,2304228,589882368,589.882368,39,200,155,2,20251021_025154
1760982650.3159325,2304268,589892608,589.892608,39,200,155,2,20251021_025154
1760982650.3259163,2304307,589902592,589.902592,40,200,155,2,20251021_025154
1760982650.3359003,2304346,589912576,589.912576,40,200,155,2,20251021_025154
1760982650.3458843,2304385,589922560,589.92256,41,200,155,2,20251021_025154
1760982650.3558683,2304424,589932544,589.932544,41,200,155,2,20251021_025154
1760982650.3658524,2304463,589942528,589.942528,42,200,155,2,20251021_025154
1760982650.3758364,2304502,589952512,589.952512,43,200,154,2,20251021_025154
1760982650.3858204,2304541,589962496,589.962496,43,200,153,2,20251021_025154
1760982650.3960602,2304581,589972736,589.972736,44,200,153,2,20251021_025154
1760982650.4060442,2304620,589982720,589.98272,45,200,152,2,20251021_025154
1760982650.4160285,2304659,589992704,589.992704,46,200,153,2,20251021_025154
1760982650.4260125,2304698,590002688,590.002688,47,200,153,2,20251021_025154
1760982650.4359963,2304737,590012672,590.012672,48,200,151,2,20251021_025154
1760982650.4459803,2304776,590022656,590.022656,49,200,152,2,20251021_025154
1760982650.4562204,2304816,590032896,590.032896,49,200,153,2,20251021_025154
1760982650.4662044,2304855,590042880,590.04288,50,200,154,2,20251021_025154
1760982650.4761884,2304894,590052864,590.052864,51,200,154,2,20251021_025154
1760982650.4861724,2304933,590062848,590.062848,51,200,154,2,20251021_025154
1760982650.4961565,2304972,590072832,590.072832,52,200,155,2,20251021_025154
1760982650.5061402,2305011,590082816,590.082816,53,200,154,2,20251021_025154
1760982650.5161242,2305050,590092800,590.0928,53,200,155,2,20251021_025154
1760982650.5263643,2305090,590103040,590.10304,54,200,156,2,20251021_025154
1760982650.5363483,2305129,590113024,590.113024,54,200,155,2,20251021_025154
1760982650.5463324,2305168,590123008,590.123008,55,200,156,2,20251021_025154
1760982650.5563164,2305207,590132992,590.132992,55,200,156,2,20251021_025154
1760982650.5663004,2305246,590142976,590.142976,55,200,156,2,20251021_025154
1760982650.5762844,2305285,590152960,590.15296,55,200,157,2,20251021_025154
1760982650.5862684,2305324,590162944,590.162944,56,200,157,2,20251021_025154
1760982650.5962524,2305363,590172928,590.172928,56,200,156,2,20251021_025154
1760982650.6062365,2305402,590182912,590.182912,56,200,157,2,20251021_025154
1760982650.6162202,2305441,590192896,590.192896,56,200,158,2,20251021_025154
1760982650.6262045,2305480,590202880,590.20288,56,200,158,2,20251021_025154
1760982650.6361885,2305519,590212864,590.212864,56,200,158,2,20251021_025154
1760982650.6461723,2305558,590222848,590.222848,56,200,158,2,20251021_025154
1760982650.6564124,2305598,590233088,590.233088,56,200,158,2,20251021_025154
1760982650.6663964,2305637,590243072,590.243072,56,200,158,2,20251021_025154
1760982650.6763804,2305676,590253056,590.253056,57,200,158,2,20251021_025154
1760982650.6863644,2305715,590263040,590.26304,57,200,158,2,20251021_025154
1760982650.6963484,2305754,590273024,590.273024,57,200,158,2,20251021_025154
1760982650.7063324,2305793,590283008,590.283008,57,200,158,2,20251021_025154
1760982650.7163165,2305832,590292992,590.292992,57,200,158,2,20251021_025154
1760982650.7263002,2305871,590302976,590.302976,57,200,159,2,20251021_025154
1760982650.7362845,2305910,590312960,590.31296,57,200,158,2,20251021_025154
1760982650.7462685,2305949,590322944,590.322944,57,200,158,2,20251021_025154
1760982650.7562523,2305988,590332928,590.332928,58,200,158,2,20251021_025154
1760982650.7662363,2306027,590342912,590.342912,58,200,159,2,20251021_025154
1760982650.7762203,2306066,590352896,590.352896,58,199,158,2,20251021_025154
1760982650.7862043,2306105,590362880,590.36288,58,200,158,2,20251021_025154
1760982650.7964444,2306145,590373120,590.37312,58,200,158,2,20251021_025154
1760982650.8064284,2306184,590383104,590.383104,58,200,158,2,20251021_025154
1760982650.8164124,2306223,590393088,590.393088,58,200,158,2,20251021_025154
1760982650.8263965,2306262,590403072,590.403072,58,200,158,2,20251021_025154
1760982650.8363802,2306301,590413056,590.413056,59,200,160,2,20251021_025154
1760982650.8463645,2306340,590423040,590.42304,59,200,158,2,20251021_025154
1760982650.8563485,2306379,590433024,590.433024,59,200,158,2,20251021_025154
1760982650.8663323,2306418,590443008,590.443008,59,200,158,2,20251021_025154
1760982650.8763163,2306457,590452992,590.452992,59,200,158,2,20251021_025154
1760982650.8863003,2306496,590462976,590.462976,59,200,158,2,20251021_025154
1760982650.8962843,2306535,590472960,590.47296,59,200,158,2,20251021_025154
1760982650.9062684,2306574,590482944,590.482944,60,200,157,2,20251021_025154
1760982650.9162524,2306613,590492928,590.492928,60,200,158,2,20251021_025154
1760982650.9262364,2306652,590502912,590.502912,60,200,157,2,20251021_025154
1760982650.9362204,2306691,590512896,590.512896,60,200,157,2,20251021_025154
1760982650.9464602,2306731,590523136,590.523136,61,200,156,2,20251021_025154
1760982650.9564445,2306770,590533120,590.53312,61,200,156,2,20251021_025154
1760982650.9664285,2306809,590543104,590.543104,62,200,156,2,20251021_025154
1760982650.9764123,2306848,590553088,590.553088,62,200,156,2,20251021_025154
1760982650.9863963,2306887,590563072,590.563072,63,200,155,2,20251021_025154
1760982650.9963803,2306926,590573056,590.573056,64,199,154,2,20251021_025154
1760982651.0063643,2306965,590583040,590.58304,65,200,153,2,20251021_025154
1760982651.0163484,2307004,590593024,590.593024,67,200,152,2,20251021_025154
1760982651.0263324,2307043,590603008,590.603008,70,199,151,2,20251021_025154
1760982651.0363164,2307082,590612992,590.612992,73,199,149,2,20251021_025154
1760982651.0463004,2307121,590622976,590.622976,76,199,146,2,20251021_025154
1760982651.0562844,2307160,590632960,590.63296,80,201,143,2,20251021_025154
1760982651.0662684,2307199,590642944,590.642944,83,199,138,2,20251021_025154
1760982651.0762525,2307238,590652928,590.652928,86,200,134,2,20251021_025154
1760982651.0864923,2307278,590663168,590.663168,89,199,127,2,20251021_025154
1760982651.0964763,2307317,590673152,590.673152,92,199,122,2,20251021_025154
1760982651.1064603,2307356,590683136,590.683136,95,200,118,2,20251021_025154
1760982651.1164443,2307395,590693120,590.69312,98,200,113,2,20251021_025154
1760982651.1264284,2307434,590703104,590.703104,100,199,110,2,20251021_025154
1760982651.1364124,2307473,590713088,590.713088,103,199,108,2,20251021_025154
1760982651.1463964,2307512,590723072,590.723072,105,199,106,2,20251021_025154
1760982651.1563804,2307551,590733056,590.733056,107,199,104,2,20251021_025154
1760982651.1663644,2307590,590743040,590.74304,109,199,104,2,20251021_025154
1760982651.1763484,2307629,590753024,590.753024,112,199,104,2,20251021_025154
1760982651.1863325,2307668,590763008,590.763008,114,199,104,2,20251021_025154
1760982651.1963162,2307707,590772992,590.772992,115,199,104,2,20251021_025154
1760982651.2063005,2307746,590782976,590.782976,117,199,105,2,20251021_025154
1760982651.2162845,2307785,590792960,590.79296,119,199,106,2,20251021_025154
1760982651.2265244,2307825,590803200,590.8032,121,199,106,2,20251021_025154
1760982651.2365084,2307864,590813184,590.813184,122,199,108,2,20251021_025154
1760982651.2464924,2307903,590823168,590.823168,124,199,109,2,20251021_025154
1760982651.2564764,2307942,590833152,590.833152,125,199,110,2,20251021_025154
1760982651.2664604,2307981,590843136,590.843136,127,199,112,2,20251021_025154
1760982651.2764444,2308020,590853120,590.85312,128,199,114,2,20251021_025154
1760982651.2864285,2308059,590863104,590.863104,129,199,118,2,20251021_025154
1760982651.2964122,2308098,590873088,590.873088,130,199,123,2,20251021_025154
1760982651.3063962,2308137,590883072,590.883072,132,199,127,2,20251021_025154
1760982651.3163805,2308176,590893056,590.893056,133,199,134,2,20251021_025154
1760982651.3263645,2308215,590903040,590.90304,135,199,138,2,20251021_025154
1760982651.3363483,2308254,590913024,590.913024,137,199,142,2,20251021_025154
1760982651.3463323,2308293,590923008,590.923008,139,199,144,2,20251021_025154
1760982651.3563163,2308332,590932992,590.932992,141,199,145,2,20251021_025154
1760982651.3665564,2308372,590943232,590.943232,143,199,149,2,20251021_025154
1760982651.3765404,2308411,590953216,590.953216,146,199,150,2,20251021_025154
1760982651.3865244,2308450,590963200,590.9632,149,199,150,2,20251021_025154
1760982651.3965085,2308489,590973184,590.973184,151,199,151,2,20251021_025154
1760982651.4064922,2308528,590983168,590.983168,154,199,151,2,20251021_025154
1760982651.4164762,2308567,590993152,590.993152,157,199,151,2,20251021_025154
1760982651.4264605,2308606,591003136,591.003136,160,199,153,2,20251021_025154
1760982651.4364443,2308645,591013120,591.01312,163,199,151,2,20251021_025154
1760982651.4464283,2308684,591023104,591.023104,166,199,152,2,20251021_025154
1760982651.4564123,2308723,591033088,591.033088,169,199,152,2,20251021_025154
1760982651.4663963,2308762,591043072,591.043072,172,199,153,2,20251021_025154
1760982651.4763803,2308801,591053056,591.053056,175,199,153,2,20251021_025154
1760982651.4863644,2308840,591063040,591.06304,178,199,151,2,20251021_025154
1760982651.4963484,2308879,591073024,591.073024,182,199,153,2,20251021_025154
1760982651.5063324,2308918,591083008,591.083008,185,199,153,2,20251021_025154
1760982651.5165722,2308958,591093248,591.093248,188,199,153,2,20251021_025154
1760982651.5265565,2308997,591103232,591.103232,191,199,153,2,20251021_025154
1760982651.5365405,2309036,591113216,591.113216,194,200,153,2,20251021_025154
1760982651.5465243,2309075,591123200,591.1232,197,199,154,2,20251021_025154
1760982651.5565083,2309114,591133184,591.133184,201,199,154,2,20251021_025154
1760982651.5664923,2309153,591143168,591.143168,204,199,154,2,20251021_025154
1760982651.5764763,2309192,591153152,591.153152,207,199,154,2,20251021_025154
1760982651.5864604,2309231,591163136,591.163136,210,199,156,2,20251021_025154
1760982651.5964444,2309270,591173120,591.17312,212,199,154,2,20251021_025154
1760982651.6064284,2309309,591183104,591.183104,215,199,154,2,20251021_025154
1760982651.6164124,2309348,591193088,591.193088,218,200,155,2,20251021_025154
1760982651.6263964,2309387,591203072,591.203072,221,200,155,2,20251021_025154
1760982651.6363804,2309426,591213056,591.213056,223,200,154,2,20251021_025154
1760982651.6463645,2309465,591223040,591.22304,226,199,155,2,20251021_025154
1760982651.6566043,2309505,591233280,591.23328,228,199,155,2,20251021_025154
1760982651.6665883,2309544,591243264,591.243264,231,199,155,2,20251021_025154
1760982651.6765723,2309583,591253248,591.253248,233,200,155,2,20251021_025154
1760982651.6865563,2309622,591263232,591.263232,235,200,155,2,20251021_025154
1760982651.6965404,2309661,591273216,591.273216,237,200,155,2,20251021_025154
1760982651.7065244,2309700,591283200,591.2832,239,199,154,2,20251021_025154
1760982651.7165084,2309739,591293184,591.293184,241,200,154,2,20251021_025154
1760982651.7264924,2309778,591303168,591.303168,243,200,155,2,20251021_025154
1760982651.7364764,2309817,591313152,591.313152,245,200,155,2,20251021_025154
1760982651.7464604,2309856,591323136,591.323136,247,200,154,2,20251021_025154
1760982651.7564445,2309895,591333120,591.33312,248,200,153,2,20251021_025154
1760982651.7664282,2309934,591343104,591.343104,250,200,154,2,20251021_025154
1760982651.7764122,2309973,591353088,591.353088,252,199,154,2,20251021_025154
1760982651.7863965,2310012,591363072,591.363072,253,200,153,2,20251021_025154
1760982651.7966363,2310052,591373312,591.373312,0,200,152,2,20251021_025154
1760982651.8066204,2310091,591383296,591.383296,1,199,154,2,20251021_025154
1760982651.8166044,2310130,591393280,591.39328,3,200,152,2,20251021_025154
1760982651.8265884,2310169,591403264,591.403264,4,200,152,2,20251021_025154
1760982651.8365724,2310208,591413248,591.413248,5,200,152,2,20251021_025154
1760982651.8465564,2310247,591423232,591.423232,7,200,152,2,20251021_025154
1760982651.8565404,2310286,591433216,591.433216,8,200,150,2,20251021_025154
1760982651.8665245,2310325,591443200,591.4432,10,200,150,2,20251021_025154
1760982651.8765082,2310364,591453184,591.453184,11,200,149,2,20251021_025154
1760982651.8864925,2310403,591463168,591.463168,12,200,148,2,20251021_025154
1760982651.8964765,2310442,591473152,591.473152,14,200,146,2,20251021_025154
1760982651.9064603,2310481,591483136,591.483136,16,200,146,2,20251021_025154
1760982651.9164443,2310520,591493120,591.49312,17,200,146,2,20251021_025154
1760982651.9264283,2310559,591503104,591.503104,19,200,145,2,20251021_025154
1760982651.9366684,2310599,591513344,591.513344,20,200,145,2,20251021_025154
1760982651.9466524,2310638,591523328,591.523328,22,200,145,2,20251021_025154
1760982651.9566364,2310677,591533312,591.533312,23,200,145,2,20251021_025154
1760982651.9666204,2310716,591543296,591.543296,25,200,145,2,20251021_025154
1760982651.9766045,2310755,591553280,591.55328,26,200,146,2,20251021_025154
1760982651.9865882,2310794,591563264,591.563264,28,200,148,2,20251021_025154
1760982651.9965725,2310833,591573248,591.573248,29,200,147,2,20251021_025154
1760982652.0065565,2310872,591583232,591.583232,31,200,147,2,20251021_025154
1760982652.0165403,2310911,591593216,591.593216,32,200,148,2,20251021_025154
1760982652.0265243,2310950,591603200,591.6032,33,200,149,2,20251021_025154
1760982652.0365083,2310989,591613184,591.613184,34,200,149,2,20251021_025154
1760982652.0464923,2311028,591623168,591.623168,35,200,149,2,20251021_025154
1760982652.0564764,2311067,591633152,591.633152,36,199,150,2,20251021_025154
1760982652.0664604,2311106,591643136,591.643136,37,199,150,2,20251021_025154
1760982652.0767004,2311146,591653376,591.653376,38,199,151,2,20251021_025154
1760982652.0866845,2311185,591663360,591.66336,39,199,151,2,20251021_025154
1760982652.0966682,2311224,591673344,591.673344,40,199,151,2,20251021_025154
1760982652.1066525,2311263,591683328,591.683328,41,200,151,2,20251021_025154
1760982652.1166365,2311302,591693312,591.693312,42,199,150,2,20251021_025154
1760982652.1266203,2311341,591703296,591.703296,42,200,152,2,20251021_025154
1760982652.1366043,2311380,591713280,591.71328,43,199,152,2,20251021_025154
1760982652.1465883,2311419,591723264,591.723264,44,200,152,2,20251021_025154
1760982652.1565723,2311458,591733248,591.733248,45,199,152,2,20251021_025154
1760982652.1665564,2311497,591743232,591.743232,45,200,153,2,20251021_025154
1760982652.1765404,2311536,591753216,591.753216,46,199,153,2,20251021_025154
1760982652.1865244,2311575,591763200,591.7632,47,199,153,2,20251021_025154
1760982652.1965084,2311614,591773184,591.773184,47,199,153,2,20251021_025154
1760982652.2064924,2311653,591783168,591.783168,48,200,153,2,20251021_025154
1760982652.2164764,2311692,591793152,591.793152,48,199,154,2,20251021_025154
1760982652.2267165,2311732,591803392,591.803392,49,200,154,2,20251021_025154
1760982652.2367003,2311771,591813376,591.813376,49,199,155,2,20251021_025154
1760982652.2466843,2311810,591823360,591.82336,50,200,155,2,20251021_025154
1760982652.2566683,2311849,591833344,591.833344,50,199,155,2,20251021_025154
1760982652.2666523,2311888,591843328,591.843328,50,199,156,2,20251021_025154
1760982652.2766364,2311927,591853312,591.853312,51,199,156,2,20251021_025154
1760982652.2866204,2311966,591863296,591.863296,51,199,157,2,20251021_025154
1760982652.2966044,2312005,591873280,591.87328,51,200,156,2,20251021_025154
1760982652.3065884,2312044,591883264,591.883264,52,200,156,2,20251021_025154
1760982652.3165724,2312083,591893248,591.893248,52,199,156,2,20251021_025154
1760982652.3265564,2312122,591903232,591.903232,52,200,156,2,20251021_025154
1760982652.3365405,2312161,591913216,591.913216,52,200,156,2,20251021_025154
1760982652.3465242,2312200,591923200,591.9232,53,199,156,2,20251021_025154
1760982652.3565085,2312239,591933184,591.933184,53,199,156,2,20251021_025154
1760982652.3667483,2312279,591943424,591.943424,53,199,156,2,20251021_025154
1760982652.3767323,2312318,591953408,591.953408,54,199,156,2,20251021_025154
1760982652.3867164,2312357,591963392,591.963392,54,199,155,2,20251021_025154
1760982652.3967004,2312396,591973376,591.973376,55,199,155,2,20251021_025154
1760982652.4066844,2312435,591983360,591.98336,55,199,155,2,20251021_025154
1760982652.4166684,2312474,591993344,591.993344,56,200,154,2,20251021_025154
1760982652.4266524,2312513,592003328,592.003328,56,199,154,2,20251021_025154
1760982652.4366364,2312552,592013312,592.013312,57,200,153,2,20251021_025154
1760982652.4466205,2312591,592023296,592.023296,57,199,153,2,20251021_025154
1760982652.4566042,2312630,592033280,592.03328,58,200,152,2,20251021_025154
1760982652.4665885,2312669,592043264,592.043264,59,199,152,2,20251021_025154
1760982652.4765725,2312708,592053248,592.053248,60,199,150,2,20251021_025154
1760982652.4865563,2312747,592063232,592.063232,61,200,148,2,20251021_025154
1760982652.4965403,2312786,592073216,592.073216,62,199,146,2,20251021_025154
1760982652.5067804,2312826,592083456,592.083456,63,200,145,2,20251021_025154
1760982652.5167644,2312865,592093440,592.09344,65,199,142,2,20251021_025154
1760982652.5267484,2312904,592103424,592.103424,67,199,139,2,20251021_025154
1760982652.5367324,2312943,592113408,592.113408,69,199,137,2,20251021_025154
1760982652.5467165,2312982,592123392,592.123392,72,199,134,2,20251021_025154
1760982652.5567002,2313021,592133376,592.133376,74,199,131,2,20251021_025154
1760982652.5666842,2313060,592143360,592.14336,77,199,128,2,20251021_025154
1760982652.5766685,2313099,592153344,592.153344,80,199,127,2,20251021_025154
1760982652.5866525,2313138,592163328,592.163328,83,200,124,2,20251021_025154
1760982652.5966363,2313177,592173312,592.173312,86,199,121,2,20251021_025154
1760982652.6066203,2313216,592183296,592.183296,89,199,116,2,20251021_025154
1760982652.6166043,2313255,592193280,592.19328,92,199,114,2,20251021_025154
1760982652.6265883,2313294,592203264,592.203264,95,199,112,2,20251021_025154
1760982652.6365724,2313333,592213248,592.213248,98,199,109,2,20251021_025154
1760982652.6465564,2313372,592223232,592.223232,100,199,107,2,20251021_025154
1760982652.6567965,2313412,592233472,592.233472,103,199,106,2,20251021_025154
1760982652.6667802,2313451,592243456,592.243456,105,199,105,2,20251021_025154
1760982652.6767642,2313490,592253440,592.25344,108,198,104,2,20251021_025154
1760982652.6867485,2313529,592263424,592.263424,110,199,104,2,20251021_025154
1760982652.6967323,2313568,592273408,592.273408,112,198,104,2,20251021_025154
1760982652.7067163,2313607,592283392,592.283392,114,198,104,2,20251021_025154
1760982652.7167003,2313646,592293376,592.293376,116,198,104,2,20251021_025154
1760982652.7266843,2313685,592303360,592.30336,117,199,104,2,20251021_025154
1760982652.7366683,2313724,592313344,592.313344,119,199,106,2,20251021_025154
1760982652.7466524,2313763,592323328,592.323328,121,199,107,2,20251021_025154
1760982652.7566364,2313802,592333312,592.333312,122,198,108,2,20251021_025154
1760982652.7666204,2313841,592343296,592.343296,124,198,109,2,20251021_025154
1760982652.7766044,2313880,592353280,592.35328,125,198,110,2,20251021_025154
1760982652.7865884,2313919,592363264,592.363264,127,199,113,2,20251021_025154
1760982652.7968285,2313959,592373504,592.373504,128,198,115,2,20251021_025154
1760982652.8068123,2313998,592383488,592.383488,130,198,119,2,20251021_025154
1760982652.8167963,2314037,592393472,592.393472,132,198,125,2,20251021_025154
1760982652.8267803,2314076,592403456,592.403456,133,199,130,2,20251021_025154
1760982652.8367643,2314115,592413440,592.41344,135,199,136,2,20251021_025154
1760982652.8467484,2314154,592423424,592.423424,137,199,139,2,20251021_025154
1760982652.8567324,2314193,592433408,592.433408,140,199,141,2,20251021_025154
1760982652.8667164,2314232,592443392,592.443392,142,198,144,2,20251021_025154
1760982652.8767004,2314271,592453376,592.453376,145,199,146,2,20251021_025154
1760982652.8866844,2314310,592463360,592.46336,148,199,148,2,20251021_025154
1760982652.8966684,2314349,592473344,592.473344,150,199,148,2,20251021_025154
1760982652.9066525,2314388,592483328,592.483328,153,199,150,2,20251021_025154
1760982652.9166362,2314427,592493312,592.493312,157,199,150,2,20251021_025154
1760982652.9266202,2314466,592503296,592.503296,160,199,150,2,20251021_025154
1760982652.9368603,2314506,592513536,592.513536,163,199,151,2,20251021_025154
1760982652.9468443,2314545,592523520,592.52352,166,199,150,2,20251021_025154
1760982652.9568284,2314584,592533504,592.533504,170,199,151,2,20251021_025154
1760982652.9668124,2314623,592543488,592.543488,173,199,151,2,20251021_025154
1760982652.9767964,2314662,592553472,592.553472,177,198,153,2,20251021_025154
1760982652.9867804,2314701,592563456,592.563456,180,199,153,2,20251021_025154
1760982652.9967644,2314740,592573440,592.57344,184,198,152,2,20251021_025154
1760982653.0067484,2314779,592583424,592.583424,187,199,152,2,20251021_025154
1760982653.0167325,2314818,592593408,592.593408,191,199,152,2,20251021_025154
1760982653.0267162,2314857,592603392,592.603392,194,199,153,2,20251021_025154
1760982653.0367002,2314896,592613376,592.613376,198,199,153,2,20251021_025154
1760982653.0466845,2314935,592623360,592.62336,201,199,153,2,20251021_025154
1760982653.0566683,2314974,592633344,592.633344,204,199,153,2,20251021_025154
1760982653.0666523,2315013,592643328,592.643328,208,199,153,2,20251021_025154
1760982653.0766363,2315052,592653312,592.653312,211,199,154,2,20251021_025154
1760982653.0868764,2315092,592663552,592.663552,214,199,153,2,20251021_025154
1760982653.0968604,2315131,592673536,592.673536,217,199,153,2,20251021_025154
1760982653.1068444,2315170,592683520,592.68352,220,199,154,2,20251021_025154
1760982653.1168284,2315209,592693504,592.693504,222,199,153,2,20251021_025154
1760982653.1268125,2315248,592703488,592.703488,225,199,154,2,20251021_025154
1760982653.1367962,2315287,592713472,592.713472,228,200,154,2,20251021_025154
1760982653.1467805,2315326,592723456,592.723456,230,199,154,2,20251021_025154
1760982653.1567645,2315365,592733440,592.73344,232,199,154,2,20251021_025154
1760982653.1667483,2315404,592743424,592.743424,235,199,153,2,20251021_025154
1760982653.1767323,2315443,592753408,592.753408,237,199,153,2,20251021_025154
1760982653.1867163,2315482,592763392,592.763392,239,199,154,2,20251021_025154
1760982653.1967003,2315521,592773376,592.773376,241,199,153,2,20251021_025154
1760982653.2066844,2315560,592783360,592.78336,243,199,154,2,20251021_025154
1760982653.2166684,2315599,592793344,592.793344,245,199,154,2,20251021_025154
1760982653.2269084,2315639,592803584,592.803584,246,199,153,2,20251021_025154
1760982653.2368925,2315678,592813568,592.813568,248,199,153,2,20251021_025154
1760982653.2468762,2315717,592823552,592.823552,250,199,146,2,20251021_025154
1760982653.2568605,2315756,592833536,592.833536,251,200,153,2,20251021_025154
1760982653.2668445,2315795,592843520,592.84352,253,196,152,2,20251021_025154
1760982653.2768283,2315834,592853504,592.853504,254,199,152,2,20251021_025154
1760982653.2868123,2315873,592863488,592.863488,1,200,151,2,20251021_025154
1760982653.2967963,2315912,592873472,592.873472,2,199,151,2,20251021_025154
1760982653.3067803,2315951,592883456,592.883456,3,200,150,2,20251021_025154
1760982653.3167644,2315990,592893440,592.89344,5,200,149,2,20251021_025154
1760982653.3267484,2316029,592903424,592.903424,6,200,148,2,20251021_025154
1760982653.3367324,2316068,592913408,592.913408,8,200,146,2,20251021_025154
1760982653.3467164,2316107,592923392,592.923392,9,200,144,2,20251021_025154
1760982653.3567004,2316146,592933376,592.933376,11,200,142,2,20251021_025154
1760982653.3666844,2316185,592943360,592.94336,12,200,139,2,20251021_025154
1760982653.3769245,2316225,592953600,592.9536,14,199,137,2,20251021_025154
1760982653.3869083,2316264,592963584,592.963584,16,199,136,2,20251021_025154
1760982653.3968923,2316303,592973568,592.973568,18,199,134,2,20251021_025154
1760982653.4068763,2316342,592983552,592.983552,20,199,132,2,20251021_025154
1760982653.4168603,2316381,592993536,592.993536,22,199,131,2,20251021_025154
1760982653.4268444,2316420,593003520,593.00352,25,199,131,2,20251021_025154
1760982653.4368284,2316459,593013504,593.013504,27,200,130,2,20251021_025154
1760982653.4468124,2316498,593023488,593.023488,30,199,128,2,20251021_025154
1760982653.4567964,2316537,593033472,593.033472,32,200,129,2,20251021_025154
1760982653.4667804,2316576,593043456,593.043456,35,199,127,2,20251021_025154
1760982653.4767644,2316615,593053440,593.05344,38,200,127,2,20251021_025154
1760982653.4867485,2316654,593063424,593.063424,40,199,127,2,20251021_025154
1760982653.4967322,2316693,593073408,593.073408,43,200,127,2,20251021_025154
1760982653.5067165,2316732,593083392,593.083392,46,199,126,2,20251021_025154
1760982653.5169563,2316772,593093632,593.093632,49,199,124,2,20251021_025154
1760982653.5269403,2316811,593103616,593.103616,52,200,121,2,20251021_025154
1760982653.5369244,2316850,593113600,593.1136,56,200,120,2,20251021_025154
1760982653.5469084,2316889,593123584,593.123584,59,199,119,2,20251021_025154
1760982653.5568924,2316928,593133568,593.133568,63,199,117,2,20251021_025154
1760982653.5668764,2316967,593143552,593.143552,67,199,115,2,20251021_025154
1760982653.5768604,2317006,593153536,593.153536,70,199,114,2,20251021_025154
1760982653.5868444,2317045,593163520,593.16352,74,200,112,2,20251021_025154
1760982653.5968285,2317084,593173504,593.173504,77,199,110,2,20251021_025154
1760982653.6068122,2317123,593183488,593.183488,80,200,109,2,20251021_025154
1760982653.6167965,2317162,593193472,593.193472,84,199,108,2,20251021_025154
1760982653.6267805,2317201,593203456,593.203456,87,199,106,2,20251021_025154
1760982653.6367643,2317240,593213440,593.21344,90,199,105,2,20251021_025154
1760982653.6467483,2317279,593223424,593.223424,93,199,104,2,20251021_025154
1760982653.6569884,2317319,593233664,593.233664,95,199,104,2,20251021_025154
1760982653.6669724,2317358,593243648,593.243648,98,199,104,2,20251021_025154
1760982653.6769564,2317397,593253632,593.253632,101,198,106,2,20251021_025154
1760982653.6869404,2317436,593263616,593.263616,103,198,104,2,20251021_025154
1760982653.6969244,2317475,593273600,593.2736,105,198,105,2,20251021_025154
1760982653.7069085,2317514,593283584,593.283584,108,198,106,2,20251021_025154
1760982653.7168922,2317553,593293568,593.293568,110,198,106,2,20251021_025154
1760982653.7268765,2317592,593303552,593.303552,112,198,108,2,20251021_025154
1760982653.7368605,2317631,593313536,593.313536,114,198,108,2,20251021_025154
1760982653.7468443,2317670,593323520,593.32352,116,198,110,2,20251021_025154
1760982653.7568283,2317709,593333504,593.333504,118,198,111,2,20251021_025154
1760982653.7668123,2317748,593343488,593.343488,119,199,112,2,20251021_025154
1760982653.7767963,2317787,593353472,593.353472,121,198,114,2,20251021_025154
1760982653.7867804,2317826,593363456,593.363456,123,198,116,2,20251021_025154
1760982653.7970204,2317866,593373696,593.373696,124,198,119,2,20251021_025154
1760982653.8070045,2317905,593383680,593.38368,126,198,124,2,20251021_025154
1760982653.8169882,2317944,593393664,593.393664,128,199,127,2,20251021_025154
1760982653.8269722,2317983,593403648,593.403648,130,198,129,2,20251021_025154
1760982653.8369565,2318022,593413632,593.413632,132,198,133,2,20251021_025154
1760982653.8469405,2318061,593423616,593.423616,134,198,136,2,20251021_025154
1760982653.8569243,2318100,593433600,593.4336,136,198,139,2,20251021_025154
1760982653.8669083,2318139,593443584,593.443584,138,199,141,2,20251021_025154
1760982653.8768923,2318178,593453568,593.453568,141,199,142,2,20251021_025154
1760982653.8868763,2318217,593463552,593.463552,143,198,143,2,20251021_025154
1760982653.8968604,2318256,593473536,593.473536,146,198,144,2,20251021_025154
1760982653.9068444,2318295,593483520,593.48352,148,198,145,2,20251021_025154
1760982653.9168284,2318334,593493504,593.493504,151,199,147,2,20251021_025154
1760982653.9268124,2318373,593503488,593.503488,154,199,150,2,20251021_025154
1760982653.9367964,2318412,593513472,593.513472,157,199,149,2,20251021_025154
1760982653.9470365,2318452,593523712,593.523712,161,199,150,2,20251021_025154
1760982653.9570203,2318491,593533696,593.533696,164,198,150,2,20251021_025154
1760982653.9670043,2318530,593543680,593.54368,167,199,150,2,20251021_025154
1760982653.9769883,2318569,593553664,593.553664,171,198,150,2,20251021_025154
1760982653.9869723,2318608,593563648,593.563648,174,198,151,2,20251021_025154
1760982653.9969563,2318647,593573632,593.573632,177,199,151,2,20251021_025154
1760982654.0069404,2318686,593583616,593.583616,181,198,151,2,20251021_025154
1760982654.0169244,2318725,593593600,593.5936,184,199,151,2,20251021_025154
1760982654.0269084,2318764,593603584,593.603584,188,199,152,2,20251021_025154
1760982654.0368924,2318803,593613568,593.613568,191,199,152,2,20251021_025154
1760982654.0468764,2318842,593623552,593.623552,195,198,152,2,20251021_025154
1760982654.0568604,2318881,593633536,593.633536,198,199,154,2,20251021_025154
1760982654.0668445,2318920,593643520,593.64352,202,199,152,2,20251021_025154
1760982654.0768282,2318959,593653504,593.653504,205,199,152,2,20251021_025154
1760982654.0870683,2318999,593663744,593.663744,208,199,152,2,20251021_025154
1760982654.0970523,2319038,593673728,593.673728,211,199,154,2,20251021_025154
1760982654.1070364,2319077,593683712,593.683712,214,199,153,2,20251021_025154
1760982654.1170204,2319116,593693696,593.693696,217,199,153,2,20251021_025154
1760982654.1270044,2319155,593703680,593.70368,220,201,154,2,20251021_025154
1760982654.1369884,2319194,593713664,593.713664,223,199,152,2,20251021_025154
1760982654.1469724,2319233,593723648,593.723648,226,199,154,2,20251021_025154
1760982654.1569564,2319272,593733632,593.733632,228,199,154,2,20251021_025154
1760982654.1669405,2319311,593743616,593.743616,231,199,154,2,20251021_025154
1760982654.1769242,2319350,593753600,593.7536,233,199,153,2,20251021_025154
1760982654.1869082,2319389,593763584,593.763584,235,199,153,2,20251021_025154
1760982654.1968925,2319428,593773568,593.773568,237,199,154,2,20251021_025154
1760982654.2068765,2319467,593783552,593.783552,239,199,154,2,20251021_025154
1760982654.2168603,2319506,593793536,593.793536,241,199,153,2,20251021_025154
1760982654.2271004,2319546,593803776,593.803776,243,199,154,2,20251021_025154
1760982654.2370844,2319585,593813760,593.81376,245,199,154,2,20251021_025154
1760982654.2470684,2319624,593823744,593.823744,247,199,155,2,20251021_025154
1760982654.2570524,2319663,593833728,593.833728,248,199,154,2,20251021_025154
1760982654.2670364,2319702,593843712,593.843712,250,199,154,2,20251021_025154
1760982654.2770205,2319741,593853696,593.853696,251,199,155,2,20251021_025154
1760982654.2870042,2319780,593863680,593.86368,253,199,155,2,20251021_025154
1760982654.2969882,2319819,593873664,593.873664,254,199,154,2,20251021_025154
1760982654.3069725,2319858,593883648,593.883648,1,199,155,2,20251021_025154
1760982654.3169563,2319897,593893632,593.893632,2,199,155,2,20251021_025154
1760982654.3269403,2319936,593903616,593.903616,3,199,154,2,20251021_025154
1760982654.3369243,2319975,593913600,593.9136,4,199,154,2,20251021_025154
1760982654.3469083,2320014,593923584,593.923584,5,199,154,2,20251021_025154
1760982654.3568923,2320053,593933568,593.933568,6,199,155,2,20251021_025154
1760982654.3671324,2320093,593943808,593.943808,8,199,155,2,20251021_025154
1760982654.3771164,2320132,593953792,593.953792,9,199,155,2,20251021_025154
1760982654.3871005,2320171,593963776,593.963776,9,199,155,2,20251021_025154
1760982654.3970842,2320210,593973760,593.97376,10,199,155,2,20251021_025154
1760982654.4070685,2320249,593983744,593.983744,11,200,155,2,20251021_025154
1760982654.4170525,2320288,593993728,593.993728,12,199,155,2,20251021_025154
1760982654.4270363,2320327,594003712,594.003712,13,200,155,2,20251021_025154
1760982654.4370203,2320366,594013696,594.013696,14,199,155,2,20251021_025154
1760982654.4470043,2320405,594023680,594.02368,15,199,154,2,20251021_025154
1760982654.4569883,2320444,594033664,594.033664,15,199,155,2,20251021_025154
1760982654.4669724,2320483,594043648,594.043648,16,199,156,2,20251021_025154
1760982654.4769564,2320522,594053632,594.053632,17,199,155,2,20251021_025154
1760982654.4869404,2320561,594063616,594.063616,17,199,155,2,20251021_025154
1760982654.4969244,2320600,594073600,594.0736,18,199,155,2,20251021_025154
1760982654.5069084,2320639,594083584,594.083584,19,199,155,2,20251021_025154
1760982654.5171485,2320679,594093824,594.093824,19,199,155,2,20251021_025154
1760982654.5271325,2320718,594103808,594.103808,20,199,155,2,20251021_025154
1760982654.5371163,2320757,594113792,594.113792,20,199,156,2,20251021_025154
1760982654.5471003,2320796,594123776,594.123776,21,199,155,2,20251021_025154
1760982654.5570843,2320835,594133760,594.13376,21,199,155,2,20251021_025154
1760982654.5670683,2320874,594143744,594.143744,22,199,155,2,20251021_025154
1760982654.5770524,2320913,594153728,594.153728,22,199,155,2,20251021_025154
1760982654.5870364,2320952,594163712,594.163712,23,199,155,2,20251021_025154
1760982654.5970204,2320991,594173696,594.173696,23,199,155,2,20251021_025154
1760982654.6070044,2321030,594183680,594.18368,24,199,155,2,20251021_025154
1760982654.6169884,2321069,594193664,594.193664,24,199,155,2,20251021_025154
1760982654.6269724,2321108,594203648,594.203648,25,199,155,2,20251021_025154
1760982654.6369565,2321147,594213632,594.213632,25,199,155,2,20251021_025154
1760982654.6471963,2321187,594223872,594.223872,26,199,156,2,20251021_025154
1760982654.6571803,2321226,594233856,594.233856,26,199,154,2,20251021_025154
1760982654.6671643,2321265,594243840,594.24384,27,199,154,2,20251021_025154
1760982654.6771483,2321304,594253824,594.253824,27,199,154,2,20251021_025154
1760982654.6871324,2321343,594263808,594.263808,27,199,154,2,20251021_025154
1760982654.6971164,2321382,594273792,594.273792,28,199,154,2,20251021_025154
1760982654.7071004,2321421,594283776,594.283776,28,199,153,2,20251021_025154
1760982654.7170844,2321460,594293760,594.29376,29,199,153,2,20251021_025154
1760982654.7270684,2321499,594303744,594.303744,29,199,153,2,20251021_025154
1760982654.7370524,2321538,594313728,594.313728,30,199,153,2,20251021_025154
1760982654.7470365,2321577,594323712,594.323712,30,199,153,2,20251021_025154
1760982654.7570202,2321616,594333696,594.333696,31,199,153,2,20251021_025154
1760982654.7670045,2321655,594343680,594.34368,31,199,152,2,20251021_025154
1760982654.7769885,2321694,594353664,594.353664,32,199,152,2,20251021_025154
1760982654.7869723,2321733,594363648,594.363648,32,199,152,2,20251021_025154
1760982654.7972124,2321773,594373888,594.373888,33,199,152,2,20251021_025154
1760982654.8071964,2321812,594383872,594.383872,33,199,151,2,20251021_025154
1760982654.8171804,2321851,594393856,594.393856,34,199,151,2,20251021_025154
1760982654.8271644,2321890,594403840,594.40384,34,199,150,2,20251021_025154
1760982654.8371484,2321929,594413824,594.413824,35,199,149,2,20251021_025154
1760982654.8471324,2321968,594423808,594.423808,36,199,149,2,20251021_025154
1760982654.8571165,2322007,594433792,594.433792,37,200,149,2,20251021_025154
1760982654.8671002,2322046,594443776,594.443776,37,199,147,2,20251021_025154
1760982654.8770845,2322085,594453760,594.45376,38,199,148,2,20251021_025154
1760982654.8870685,2322124,594463744,594.463744,39,199,147,2,20251021_025154
1760982654.8970523,2322163,594473728,594.473728,40,199,146,2,20251021_025154
1760982654.9070363,2322202,594483712,594.483712,41,199,145,2,20251021_025154
1760982654.9170203,2322241,594493696,594.493696,42,199,145,2,20251021_025154
1760982654.9270043,2322280,594503680,594.50368,43,199,144,2,20251021_025154
1760982654.9372444,2322320,594513920,594.51392,44,199,143,2,20251021_025154
1760982654.9472284,2322359,594523904,594.523904,45,199,142,2,20251021_025154
1760982654.9572124,2322398,594533888,594.533888,46,199,143,2,20251021_025154
1760982654.9671965,2322437,594543872,594.543872,47,199,143,2,20251021_025154
1760982654.9771802,2322476,594553856,594.553856,49,199,143,2,20251021_025154
1760982654.9871645,2322515,594563840,594.56384,50,199,145,2,20251021_025154
1760982654.9971485,2322554,594573824,594.573824,50,199,147,2,20251021_025154
1760982655.0071323,2322593,594583808,594.583808,51,199,147,2,20251021_025154
1760982655.0171163,2322632,594593792,594.593792,52,199,148,2,20251021_025154
1760982655.0271003,2322671,594603776,594.603776,52,199,149,2,20251021_025154
1760982655.0370843,2322710,594613760,594.61376,53,199,149,2,20251021_025154
1760982655.0470684,2322749,594623744,594.623744,54,199,149,2,20251021_025154
1760982655.0570524,2322788,594633728,594.633728,54,199,151,2,20251021_025154
1760982655.0670364,2322827,594643712,594.643712,55,198,151,2,20251021_025154
1760982655.0770204,2322866,594653696,594.653696,55,198,152,2,20251021_025154
1760982655.0872602,2322906,594663936,594.663936,55,198,152,2,20251021_025154
1760982655.0972445,2322945,594673920,594.67392,56,198,152,2,20251021_025154
1760982655.1072285,2322984,594683904,594.683904,56,198,153,2,20251021_025154
1760982655.1172123,2323023,594693888,594.693888,56,199,153,2,20251021_025154
1760982655.1271963,2323062,594703872,594.703872,56,198,155,2,20251021_025154
1760982655.1371803,2323101,594713856,594.713856,57,198,155,2,20251021_025154
1760982655.1471643,2323140,594723840,594.72384,57,199,155,2,20251021_025154
1760982655.1571484,2323179,594733824,594.733824,57,199,155,2,20251021_025154
1760982655.1671324,2323218,594743808,594.743808,57,198,155,2,20251021_025154
1760982655.1771164,2323257,594753792,594.753792,57,198,155,2,20251021_025154
1760982655.1871004,2323296,594763776,594.763776,57,198,155,2,20251021_025154
1760982655.1970844,2323335,594773760,594.77376,57,199,156,2,20251021_025154
1760982655.2070684,2323374,594783744,594.783744,57,198,156,2,20251021_025154
1760982655.2170525,2323413,594793728,594.793728,57,198,157,2,20251021_025154
1760982655.2272923,2323453,594803968,594.803968,58,198,155,2,20251021_025154
1760982655.2372763,2323492,594813952,594.813952,58,198,156,2,20251021_025154
1760982655.2472603,2323531,594823936,594.823936,58,198,156,2,20251021_025154
1760982655.2572443,2323570,594833920,594.83392,58,198,156,2,20251021_025154
1760982655.2672284,2323609,594843904,594.843904,58,198,156,2,20251021_025154
1760982655.2772124,2323648,594853888,594.853888,58,198,156,2,20251021_025154
1760982655.2871964,2323687,594863872,594.863872,58,198,157,2,20251021_025154
1760982655.2971804,2323726,594873856,594.873856,58,198,157,2,20251021_025154
1760982655.3071644,2323765,594883840,594.88384,58,198,157,2,20251021_025154
1760982655.3171484,2323804,594893824,594.893824,59,198,157,2,20251021_025154
1760982655.3271325,2323843,594903808,594.903808,59,198,158,2,20251021_025154
1760982655.3371162,2323882,594913792,594.913792,59,198,158,2,20251021_025154
1760982655.3471005,2323921,594923776,594.923776,59,198,156,2,20251021_025154
1760982655.3570845,2323960,594933760,594.93376,59,198,157,2,20251021_025154
1760982655.3673244,2324000,594944000,594.944,59,198,156,2,20251021_025154
1760982655.3773084,2324039,594953984,594.953984,59,197,155,2,20251021_025154
1760982655.3872924,2324078,594963968,594.963968,60,198,156,2,20251021_025154
1760982655.3972764,2324117,594973952,594.973952,60,198,156,2,20251021_025154
1760982655.4072604,2324156,594983936,594.983936,60,198,156,2,20251021_025154
1760982655.4172444,2324195,594993920,594.99392,60,198,156,2,20251021_025154
1760982655.4272285,2324234,595003904,595.003904,60,198,156,2,20251021_025154
1760982655.4372122,2324273,595013888,595.013888,60,198,156,2,20251021_025154
1760982655.4471962,2324312,595023872,595.023872,61,198,155,2,20251021_025154
1760982655.4571805,2324351,595033856,595.033856,61,198,155,2,20251021_025154
1760982655.4671645,2324390,595043840,595.04384,61,198,154,2,20251021_025154
1760982655.4771483,2324429,595053824,595.053824,61,198,154,2,20251021_025154
1760982655.4871323,2324468,595063808,595.063808,62,198,154,2,20251021_025154
1760982655.4971163,2324507,595073792,595.073792,62,198,153,2,20251021_025154
1760982655.5073564,2324547,595084032,595.084032,63,198,153,2,20251021_025154
1760982655.5173404,2324586,595094016,595.094016,63,198,153,2,20251021_025154
1760982655.5273244,2324625,595104000,595.104,63,198,153,2,20251021_025154
1760982655.5373085,2324664,595113984,595.113984,64,198,151,2,20251021_025154
1760982655.5472922,2324703,595123968,595.123968,65,198,150,2,20251021_025154
1760982655.5572762,2324742,595133952,595.133952,65,198,150,2,20251021_025154
1760982655.5672605,2324781,595143936,595.143936,66,198,150,2,20251021_025154
1760982655.5772443,2324820,595153920,595.15392,67,198,149,2,20251021_025154
1760982655.5872283,2324859,595163904,595.163904,68,198,148,2,20251021_025154
1760982655.5972123,2324898,595173888,595.173888,69,198,146,2,20251021_025154
1760982655.6071963,2324937,595183872,595.183872,70,198,144,2,20251021_025154
1760982655.6171803,2324976,595193856,595.193856,72,198,142,2,20251021_025154
1760982655.6271644,2325015,595203840,595.20384,74,198,140,2,20251021_025154
1760982655.6371484,2325054,595213824,595.213824,76,198,138,2,20251021_025154
1760982655.6473885,2325094,595224064,595.224064,79,199,136,2,20251021_025154
1760982655.6573722,2325133,595234048,595.234048,83,198,135,2,20251021_025154
1760982655.6673565,2325172,595244032,595.244032,86,198,132,2,20251021_025154
1760982655.6773405,2325211,595254016,595.254016,89,198,128,2,20251021_025154
1760982655.6873243,2325250,595264000,595.264,92,198,126,2,20251021_025154
1760982655.6973083,2325289,595273984,595.273984,95,198,123,2,20251021_025154
1760982655.7072923,2325328,595283968,595.283968,97,198,120,2,20251021_025154
1760982655.7172763,2325367,595293952,595.293952,100,198,118,2,20251021_025154
1760982655.7272604,2325406,595303936,595.303936,102,198,116,2,20251021_025154
1760982655.7372444,2325445,595313920,595.31392,105,197,114,2,20251021_025154
1760982655.7472284,2325484,595323904,595.323904,107,198,114,2,20251021_025154
1760982655.7572124,2325523,595333888,595.333888,109,198,116,2,20251021_025154
1760982655.7671964,2325562,595343872,595.343872,111,198,116,2,20251021_025154
1760982655.7774365,2325602,595354112,595.354112,113,198,118,2,20251021_025154
1760982655.7874205,2325641,595364096,595.364096,115,197,119,2,20251021_025154
1760982655.7974043,2325680,595374080,595.37408,117,198,120,2,20251021_025154
1760982655.8073883,2325719,595384064,595.384064,119,198,122,2,20251021_025154
1760982655.8173723,2325758,595394048,595.394048,121,198,125,2,20251021_025154
1760982655.8273563,2325797,595404032,595.404032,122,198,127,2,20251021_025154
1760982655.8373404,2325836,595414016,595.414016,124,197,130,2,20251021_025154
1760982655.8473244,2325875,595424000,595.424,125,197,134,2,20251021_025154
1760982655.8575644,2325915,595434240,595.43424,127,198,138,2,20251021_025154
1760982655.8675485,2325954,595444224,595.444224,128,197,141,2,20251021_025154
1760982655.8775322,2325993,595454208,595.454208,130,198,144,2,20251021_025154
1760982655.8875165,2326032,595464192,595.464192,132,198,146,2,20251021_025154
1760982655.8975005,2326071,595474176,595.474176,134,198,147,2,20251021_025154
1760982655.9074843,2326110,595484160,595.48416,136,198,149,2,20251021_025154
1760982655.9174683,2326149,595494144,595.494144,138,198,150,2,20251021_025154
1760982655.9277084,2326189,595504384,595.504384,140,198,151,2,20251021_025154
1760982655.9376924,2326228,595514368,595.514368,143,198,151,2,20251021_025154
1760982655.9476764,2326267,595524352,595.524352,145,198,152,2,20251021_025154
1760982655.9576604,2326306,595534336,595.534336,148,198,152,2,20251021_025154
1760982655.9676445,2326345,595544320,595.54432,151,197,152,2,20251021_025154
1760982655.9776282,2326384,595554304,595.554304,154,198,152,2,20251021_025154
1760982655.9876122,2326423,595564288,595.564288,156,197,152,2,20251021_025154
1760982655.9978523,2326463,595574528,595.574528,159,198,153,2,20251021_025154
1760982656.0078363,2326502,595584512,595.584512,163,197,154,2,20251021_025154
1760982656.0178204,2326541,595594496,595.594496,166,198,153,2,20251021_025154
1760982656.0278044,2326580,595604480,595.60448,169,198,154,2,20251021_025154
1760982656.0377884,2326619,595614464,595.614464,172,198,155,2,20251021_025154
1760982656.0477724,2326658,595624448,595.624448,175,198,154,2,20251021_025154
1760982656.0577564,2326697,595634432,595.634432,179,198,155,2,20251021_025154
1760982656.0677404,2326736,595644416,595.644416,182,198,154,2,20251021_025154
1760982656.0779805,2326776,595654656,595.654656,186,198,154,2,20251021_025154
1760982656.0879643,2326815,595664640,595.66464,189,197,154,2,20251021_025154
1760982656.0979483,2326854,595674624,595.674624,192,198,154,2,20251021_025154
1760982656.1079323,2326893,595684608,595.684608,196,198,154,2,20251021_025154
1760982656.1179163,2326932,595694592,595.694592,199,198,154,2,20251021_025154
1760982656.1279004,2326971,595704576,595.704576,202,198,155,2,20251021_025154
1760982656.1381404,2327011,595714816,595.714816,206,198,155,2,20251021_025154
1760982656.1481245,2327050,595724800,595.7248,209,198,155,2,20251021_025154
1760982656.1581082,2327089,595734784,595.734784,212,198,155,2,20251021_025154
1760982656.1680925,2327128,595744768,595.744768,215,198,156,2,20251021_025154
1760982656.1780765,2327167,595754752,595.754752,218,198,155,2,20251021_025154
1760982656.1880603,2327206,595764736,595.764736,221,198,155,2,20251021_025154
1760982656.1983004,2327246,595774976,595.774976,223,198,154,2,20251021_025154
1760982656.2082844,2327285,595784960,595.78496,226,198,155,2,20251021_025154
1760982656.2182684,2327324,595794944,595.794944,228,198,155,2,20251021_025154
1760982656.2282524,2327363,595804928,595.804928,231,198,155,2,20251021_025154
1760982656.2382364,2327402,595814912,595.814912,233,198,155,2,20251021_025154
1760982656.2482204,2327441,595824896,595.824896,235,198,153,2,20251021_025154
1760982656.2582045,2327480,595834880,595.83488,237,198,155,2,20251021_025154
1760982656.2681882,2327519,595844864,595.844864,239,198,155,2,20251021_025154
1760982656.2781725,2327558,595854848,595.854848,241,198,155,2,20251021_025154
1760982656.2881565,2327597,595864832,595.864832,243,198,153,2,20251021_025154
1760982656.2983963,2327637,595875072,595.875072,245,198,155,2,20251021_025154
1760982656.3083804,2327676,595885056,595.885056,247,198,153,2,20251021_025154
1760982656.3183644,2327715,595895040,595.89504,249,198,155,2,20251021_025154
1760982656.3283484,2327754,595905024,595.905024,250,198,154,2,20251021_025154
1760982656.3383324,2327793,595915008,595.915008,252,199,154,2,20251021_025154
1760982656.3483164,2327832,595924992,595.924992,253,198,154,2,20251021_025154
1760982656.3583004,2327871,595934976,595.934976,0,198,154,2,20251021_025154
1760982656.3682845,2327910,595944960,595.94496,1,198,154,2,20251021_025154
1760982656.3782682,2327949,595954944,595.954944,3,199,153,2,20251021_025154
1760982656.3882525,2327988,595964928,595.964928,4,198,153,2,20251021_025154
1760982656.3982365,2328027,595974912,595.974912,5,198,154,2,20251021_025154
1760982656.4082203,2328066,595984896,595.984896,6,198,154,2,20251021_025154
1760982656.4182043,2328105,595994880,595.99488,8,198,154,2,20251021_025154
1760982656.4281883,2328144,596004864,596.004864,9,198,154,2,20251021_025154
1760982656.4384284,2328184,596015104,596.015104,10,198,154,2,20251021_025154
1760982656.4484124,2328223,596025088,596.025088,11,198,154,2,20251021_025154
1760982656.4583964,2328262,596035072,596.035072,12,198,154,2,20251021_025154
1760982656.4683805,2328301,596045056,596.045056,13,198,154,2,20251021_025154
1760982656.4783642,2328340,596055040,596.05504,14,198,155,2,20251021_025154
1760982656.4883482,2328379,596065024,596.065024,15,198,155,2,20251021_025154
1760982656.4983325,2328418,596075008,596.075008,16,199,155,2,20251021_025154
1760982656.5083165,2328457,596084992,596.084992,17,198,155,2,20251021_025154
1760982656.5183003,2328496,596094976,596.094976,17,198,156,2,20251021_025154
1760982656.5282843,2328535,596104960,596.10496,18,198,156,2,20251021_025154
1760982656.5382683,2328574,596114944,596.114944,19,199,156,2,20251021_025154
1760982656.5482523,2328613,596124928,596.124928,19,198,156,2,20251021_025154
1760982656.5582364,2328652,596134912,596.134912,20,198,156,2,20251021_025154
1760982656.5682204,2328691,596144896,596.144896,20,198,156,2,20251021_025154
1760982656.5784605,2328731,596155136,596.155136,21,198,156,2,20251021_025154
1760982656.5884442,2328770,596165120,596.16512,22,198,156,2,20251021_025154
1760982656.5984282,2328809,596175104,596.175104,22,198,157,2,20251021_025154
1760982656.6084125,2328848,596185088,596.185088,23,198,156,2,20251021_025154
1760982656.6183963,2328887,596195072,596.195072,23,198,156,2,20251021_025154
1760982656.6283803,2328926,596205056,596.205056,24,198,156,2,20251021_025154
1760982656.6383643,2328965,596215040,596.21504,24,198,156,2,20251021_025154
1760982656.6483483,2329004,596225024,596.225024,24,198,157,2,20251021_025154
1760982656.6583323,2329043,596235008,596.235008,25,198,156,2,20251021_025154
1760982656.6683164,2329082,596244992,596.244992,25,198,157,2,20251021_025154
1760982656.6783004,2329121,596254976,596.254976,26,198,156,2,20251021_025154
1760982656.6882844,2329160,596264960,596.26496,26,198,157,2,20251021_025154
1760982656.6982684,2329199,596274944,596.274944,27,198,157,2,20251021_025154
1760982656.7082524,2329238,596284928,596.284928,27,198,157,2,20251021_025154
1760982656.7184925,2329278,596295168,596.295168,27,198,157,2,20251021_025154
1760982656.7284763,2329317,596305152,596.305152,28,198,158,2,20251021_025154
1760982656.7384603,2329356,596315136,596.315136,28,198,158,2,20251021_025154
1760982656.7484443,2329395,596325120,596.32512,28,198,159,2,20251021_025154
1760982656.7584283,2329434,596335104,596.335104,29,198,158,2,20251021_025154
1760982656.7684124,2329473,596345088,596.345088,29,198,158,2,20251021_025154
1760982656.7783964,2329512,596355072,596.355072,29,198,158,2,20251021_025154
1760982656.7883804,2329551,596365056,596.365056,30,199,159,2,20251021_025154
1760982656.7983644,2329590,596375040,596.37504,30,198,157,2,20251021_025154
1760982656.8083484,2329629,596385024,596.385024,30,198,157,2,20251021_025154
1760982656.8183324,2329668,596395008,596.395008,31,198,157,2,20251021_025154
1760982656.8283165,2329707,596404992,596.404992,31,198,157,2,20251021_025154
1760982656.8383002,2329746,596414976,596.414976,31,198,157,2,20251021_025154
1760982656.8482842,2329785,596424960,596.42496,32,198,157,2,20251021_025154
1760982656.8585243,2329825,596435200,596.4352,32,198,155,2,20251021_025154
1760982656.8685083,2329864,596445184,596.445184,32,198,157,2,20251021_025154
1760982656.8784924,2329903,596455168,596.455168,33,198,156,2,20251021_025154
1760982656.8884764,2329942,596465152,596.465152,33,198,157,2,20251021_025154
1760982656.8984604,2329981,596475136,596.475136,33,198,156,2,20251021_025154
1760982656.9084444,2330020,596485120,596.48512,34,198,156,2,20251021_025154
1760982656.9184284,2330059,596495104,596.495104,34,198,155,2,20251021_025154
1760982656.9284124,2330098,596505088,596.505088,35,198,155,2,20251021_025154
1760982656.9383965,2330137,596515072,596.515072,35,198,154,2,20251021_025154
1760982656.9483802,2330176,596525056,596.525056,36,198,154,2,20251021_025154
1760982656.9583642,2330215,596535040,596.53504,36,198,153,2,20251021_025154
1760982656.9683485,2330254,596545024,596.545024,37,198,154,2,20251021_025154
1760982656.9783323,2330293,596555008,596.555008,38,198,155,2,20251021_025154
1760982656.9883163,2330332,596564992,596.564992,39,198,154,2,20251021_025154
1760982656.9983003,2330371,596574976,596.574976,39,198,154,2,20251021_025154
1760982657.0085404,2330411,596585216,596.585216,40,198,153,2,20251021_025154
1760982657.0185244,2330450,596595200,596.5952,41,198,153,2,20251021_025154
1760982657.0285084,2330489,596605184,596.605184,42,198,152,2,20251021_025154
1760982657.0384924,2330528,596615168,596.615168,43,198,152,2,20251021_025154
1760982657.0484765,2330567,596625152,596.625152,44,198,150,2,20251021_025154
1760982657.0584602,2330606,596635136,596.635136,46,198,148,2,20251021_025154
1760982657.0684445,2330645,596645120,596.64512,47,198,147,2,20251021_025154
1760982657.0784285,2330684,596655104,596.655104,49,198,146,2,20251021_025154
1760982657.0884123,2330723,596665088,596.665088,51,198,144,2,20251021_025154
1760982657.0983963,2330762,596675072,596.675072,54,198,142,2,20251021_025154
1760982657.1083803,2330801,596685056,596.685056,57,198,141,2,20251021_025154
1760982657.1183643,2330840,596695040,596.69504,60,198,138,2,20251021_025154
1760982657.1283484,2330879,596705024,596.705024,64,198,134,2,20251021_025154
1760982657.1383324,2330918,596715008,596.715008,67,198,131,2,20251021_025154
1760982657.1485724,2330958,596725248,596.725248,71,198,127,2,20251021_025154
1760982657.1585565,2330997,596735232,596.735232,74,198,125,2,20251021_025154
1760982657.1685402,2331036,596745216,596.745216,78,198,120,2,20251021_025154
1760982657.1785245,2331075,596755200,596.7552,81,198,116,2,20251021_025154
1760982657.1885085,2331114,596765184,596.765184,84,198,112,2,20251021_025154
1760982657.1984923,2331153,596775168,596.775168,87,198,110,2,20251021_025154
1760982657.2084763,2331192,596785152,596.785152,90,198,109,2,20251021_025154
1760982657.2184603,2331231,596795136,596.795136,93,197,106,2,20251021_025154
1760982657.2284443,2331270,596805120,596.80512,96,197,106,2,20251021_025154
1760982657.2384284,2331309,596815104,596.815104,99,198,105,2,20251021_025154
1760982657.2484124,2331348,596825088,596.825088,101,197,104,2,20251021_025154
1760982657.2583964,2331387,596835072,596.835072,104,197,104,2,20251021_025154
1760982657.2683804,2331426,596845056,596.845056,106,197,105,2,20251021_025154
1760982657.2783644,2331465,596855040,596.85504,108,197,105,2,20251021_025154
1760982657.2883484,2331504,596865024,596.865024,110,197,106,2,20251021_025154
1760982657.2985885,2331544,596875264,596.875264,112,197,107,2,20251021_025154
1760982657.3085723,2331583,596885248,596.885248,114,197,109,2,20251021_025154
1760982657.3185563,2331622,596895232,596.895232,116,197,109,2,20251021_025154
1760982657.3285403,2331661,596905216,596.905216,118,197,111,2,20251021_025154
1760982657.3385243,2331700,596915200,596.9152,120,197,112,2,20251021_025154
1760982657.3485084,2331739,596925184,596.925184,121,197,114,2,20251021_025154
1760982657.3584924,2331778,596935168,596.935168,123,197,118,2,20251021_025154
1760982657.3684764,2331817,596945152,596.945152,124,197,120,2,20251021_025154
1760982657.3784604,2331856,596955136,596.955136,126,198,124,2,20251021_025154
1760982657.3884444,2331895,596965120,596.96512,128,198,127,2,20251021_025154
1760982657.3984284,2331934,596975104,596.975104,129,198,132,2,20251021_025154
1760982657.4084125,2331973,596985088,596.985088,131,198,137,2,20251021_025154
1760982657.4183962,2332012,596995072,596.995072,133,198,140,2,20251021_025154
1760982657.4286363,2332052,597005312,597.005312,135,198,142,2,20251021_025154
1760982657.4386203,2332091,597015296,597.015296,138,198,144,2,20251021_025154
1760982657.4486043,2332130,597025280,597.02528,140,198,146,2,20251021_025154
1760982657.4585884,2332169,597035264,597.035264,143,198,148,2,20251021_025154
1760982657.4685724,2332208,597045248,597.045248,145,198,149,2,20251021_025154
1760982657.4785564,2332247,597055232,597.055232,148,198,150,2,20251021_025154
1760982657.4885404,2332286,597065216,597.065216,151,199,150,2,20251021_025154
1760982657.4985244,2332325,597075200,597.0752,154,198,150,2,20251021_025154
1760982657.5085084,2332364,597085184,597.085184,157,198,150,2,20251021_025154
1760982657.5184925,2332403,597095168,597.095168,160,198,151,2,20251021_025154
1760982657.5284762,2332442,597105152,597.105152,163,198,152,2,20251021_025154
1760982657.5384605,2332481,597115136,597.115136,166,198,151,2,20251021_025154
1760982657.5484445,2332520,597125120,597.12512,169,198,151,2,20251021_025154
1760982657.5584283,2332559,597135104,597.135104,173,198,152,2,20251021_025154
1760982657.5686684,2332599,597145344,597.145344,176,198,152,2,20251021_025154
1760982657.5786524,2332638,597155328,597.155328,179,198,152,2,20251021_025154
1760982657.5886364,2332677,597165312,597.165312,183,198,152,2,20251021_025154
1760982657.5986204,2332716,597175296,597.175296,186,198,152,2,20251021_025154
1760982657.6086044,2332755,597185280,597.18528,189,198,153,2,20251021_025154
1760982657.6185884,2332794,597195264,597.195264,193,198,153,2,20251021_025154
1760982657.6285725,2332833,597205248,597.205248,196,198,153,2,20251021_025154
1760982657.6385562,2332872,597215232,597.215232,199,198,153,2,20251021_025154
1760982657.6485405,2332911,597225216,597.225216,202,198,154,2,20251021_025154
1760982657.6585245,2332950,597235200,597.2352,206,199,153,2,20251021_025154
1760982657.6685083,2332989,597245184,597.245184,209,198,153,2,20251021_025154
1760982657.6784923,2333028,597255168,597.255168,212,198,154,2,20251021_025154
1760982657.6884763,2333067,597265152,597.265152,215,198,154,2,20251021_025154
1760982657.6984603,2333106,597275136,597.275136,217,198,154,2,20251021_025154
1760982657.7084444,2333145,597285120,597.28512,220,198,154,2,20251021_025154
1760982657.7186844,2333185,597295360,597.29536,223,198,154,2,20251021_025154
1760982657.7286685,2333224,597305344,597.305344,225,198,154,2,20251021_025154
1760982657.7386522,2333263,597315328,597.315328,228,198,154,2,20251021_025154
1760982657.7486362,2333302,597325312,597.325312,230,199,154,2,20251021_025154
1760982657.7586205,2333341,597335296,597.335296,233,199,154,2,20251021_025154
1760982657.7686045,2333380,597345280,597.34528,235,198,153,2,20251021_025154
1760982657.7785883,2333419,597355264,597.355264,237,198,154,2,20251021_025154
1760982657.7885723,2333458,597365248,597.365248,239,198,154,2,20251021_025154
1760982657.7985563,2333497,597375232,597.375232,241,198,154,2,20251021_025154
1760982657.8085403,2333536,597385216,597.385216,243,198,154,2,20251021_025154
1760982657.8185244,2333575,597395200,597.3952,245,198,155,2,20251021_025154
1760982657.8285084,2333614,597405184,597.405184,247,198,154,2,20251021_025154
1760982657.8384924,2333653,597415168,597.415168,248,198,154,2,20251021_025154
1760982657.8484764,2333692,597425152,597.425152,250,198,154,2,20251021_025154
1760982657.8587162,2333732,597435392,597.435392,251,198,154,2,20251021_025154
1760982657.8687005,2333771,597445376,597.445376,253,199,154,2,20251021_025154
1760982657.8786843,2333810,597455360,597.45536,254,198,154,2,20251021_025154
1760982657.8886683,2333849,597465344,597.465344,1,199,155,2,20251021_025154
1760982657.8986523,2333888,597475328,597.475328,2,198,154,2,20251021_025154
1760982657.9086363,2333927,597485312,597.485312,3,199,155,2,20251021_025154
1760982657.9186203,2333966,597495296,597.495296,5,199,155,2,20251021_025154
1760982657.9286044,2334005,597505280,597.50528,6,198,155,2,20251021_025154
1760982657.9385884,2334044,597515264,597.515264,7,198,155,2,20251021_025154
1760982657.9485724,2334083,597525248,597.525248,8,198,155,2,20251021_025154
1760982657.9585564,2334122,597535232,597.535232,9,199,156,2,20251021_025154
1760982657.9685404,2334161,597545216,597.545216,10,199,156,2,20251021_025154
1760982657.9785244,2334200,597555200,597.5552,11,198,156,2,20251021_025154
1760982657.9885085,2334239,597565184,597.565184,12,199,156,2,20251021_025154
1760982657.9984922,2334278,597575168,597.575168,13,198,154,2,20251021_025154
1760982658.0087323,2334318,597585408,597.585408,14,198,156,2,20251021_025154
1760982658.0187163,2334357,597595392,597.595392,14,198,155,2,20251021_025154
1760982658.0287004,2334396,597605376,597.605376,15,199,157,2,20251021_025154
1760982658.0386844,2334435,597615360,597.61536,16,199,156,2,20251021_025154
1760982658.0486684,2334474,597625344,597.625344,17,199,155,2,20251021_025154
1760982658.0586524,2334513,597635328,597.635328,17,199,156,2,20251021_025154
1760982658.0686364,2334552,597645312,597.645312,18,199,156,2,20251021_025154
1760982658.0786204,2334591,597655296,597.655296,19,199,156,2,20251021_025154
1760982658.0886045,2334630,597665280,597.66528,19,199,156,2,20251021_025154
1760982658.0985882,2334669,597675264,597.675264,20,199,156,2,20251021_025154
1760982658.1085722,2334708,597685248,597.685248,21,198,156,2,20251021_025154
1760982658.1185565,2334747,597695232,597.695232,21,199,156,2,20251021_025154
1760982658.1285405,2334786,597705216,597.705216,22,199,156,2,20251021_025154
1760982658.1385243,2334825,597715200,597.7152,22,199,157,2,20251021_025154
1760982658.1487644,2334865,597725440,597.72544,23,199,157,2,20251021_025154
1760982658.1587484,2334904,597735424,597.735424,23,199,156,2,20251021_025154
1760982658.1687324,2334943,597745408,597.745408,24,199,156,2,20251021_025154
1760982658.1787164,2334982,597755392,597.755392,24,199,156,2,20251021_025154
1760982658.1887004,2335021,597765376,597.765376,25,199,157,2,20251021_025154
1760982658.1986845,2335060,597775360,597.77536,25,199,156,2,20251021_025154
1760982658.2086682,2335099,597785344,597.785344,26,198,156,2,20251021_025154
1760982658.2186522,2335138,597795328,597.795328,26,199,156,2,20251021_025154
1760982658.2286365,2335177,597805312,597.805312,27,199,156,2,20251021_025154
1760982658.2386203,2335216,597815296,597.815296,27,199,156,2,20251021_025154
1760982658.2486043,2335255,597825280,597.82528,27,199,156,2,20251021_025154
1760982658.2585883,2335294,597835264,597.835264,28,199,157,2,20251021_025154
1760982658.2685723,2335333,597845248,597.845248,28,198,156,2,20251021_025154
1760982658.2785563,2335372,597855232,597.855232,29,199,158,2,20251021_025154
1760982658.2887964,2335412,597865472,597.865472,29,199,156,2,20251021_025154
1760982658.2987804,2335451,597875456,597.875456,29,199,156,2,20251021_025154
1760982658.3087645,2335490,597885440,597.88544,30,199,156,2,20251021_025154
1760982658.3187482,2335529,597895424,597.895424,30,199,157,2,20251021_025154
1760982658.3287325,2335568,597905408,597.905408,30,198,156,2,20251021_025154
1760982658.3387165,2335607,597915392,597.915392,31,199,157,2,20251021_025154
1760982658.3487003,2335646,597925376,597.925376,31,199,156,2,20251021_025154
1760982658.3586843,2335685,597935360,597.93536,32,199,155,2,20251021_025154
1760982658.3686683,2335724,597945344,597.945344,32,199,156,2,20251021_025154
1760982658.3786523,2335763,597955328,597.955328,32,199,156,2,20251021_025154
1760982658.3886364,2335802,597965312,597.965312,33,199,156,2,20251021_025154
1760982658.3986204,2335841,597975296,597.975296,33,199,155,2,20251021_025154
1760982658.4086044,2335880,597985280,597.98528,34,199,155,2,20251021_025154
1760982658.4185884,2335919,597995264,597.995264,34,199,155,2,20251021_025154
1760982658.4288282,2335959,598005504,598.005504,34,199,154,2,20251021_025154
1760982658.4388125,2335998,598015488,598.015488,35,199,154,2,20251021_025154
1760982658.4487965,2336037,598025472,598.025472,35,199,154,2,20251021_025154
1760982658.4587803,2336076,598035456,598.035456,36,199,154,2,20251021_025154
1760982658.4687643,2336115,598045440,598.04544,36,199,153,2,20251021_025154
1760982658.4787483,2336154,598055424,598.055424,37,199,153,2,20251021_025154
1760982658.4887323,2336193,598065408,598.065408,37,199,153,2,20251021_025154
1760982658.4987164,2336232,598075392,598.075392,38,199,154,2,20251021_025154
1760982658.5087004,2336271,598085376,598.085376,38,199,154,2,20251021_025154
1760982658.5186844,2336310,598095360,598.09536,39,199,153,2,20251021_025154
1760982658.5286684,2336349,598105344,598.105344,40,199,153,2,20251021_025154
1760982658.5386524,2336388,598115328,598.115328,40,199,154,2,20251021_025154
1760982658.5486364,2336427,598125312,598.125312,41,199,152,2,20251021_025154
1760982658.5586205,2336466,598135296,598.135296,41,199,152,2,20251021_025154
1760982658.5686042,2336505,598145280,598.14528,42,199,153,2,20251021_025154
1760982658.5788443,2336545,598155520,598.15552,42,199,154,2,20251021_025154
1760982658.5888283,2336584,598165504,598.165504,43,199,152,2,20251021_025154
1760982658.5988123,2336623,598175488,598.175488,43,199,152,2,20251021_025154
1760982658.6087964,2336662,598185472,598.185472,44,199,152,2,20251021_025154
1760982658.6187804,2336701,598195456,598.195456,45,199,152,2,20251021_025154
1760982658.6287644,2336740,598205440,598.20544,45,199,151,2,20251021_025154
1760982658.6387484,2336779,598215424,598.215424,46,199,151,2,20251021_025154
1760982658.6487324,2336818,598225408,598.225408,47,198,151,2,20251021_025154
1760982658.6587164,2336857,598235392,598.235392,47,199,152,2,20251021_025154
1760982658.6687005,2336896,598245376,598.245376,48,199,151,2,20251021_025154
1760982658.6786842,2336935,598255360,598.25536,49,199,151,2,20251021_025154
1760982658.6886685,2336974,598265344,598.265344,49,199,152,2,20251021_025154
1760982658.6986525,2337013,598275328,598.275328,50,199,152,2,20251021_025154
1760982658.7086363,2337052,598285312,598.285312,50,199,153,2,20251021_025154
1760982658.7188764,2337092,598295552,598.295552,51,199,153,2,20251021_025154
1760982658.7288604,2337131,598305536,598.305536,51,199,153,2,20251021_025154
1760982658.7388444,2337170,598315520,598.31552,52,199,154,2,20251021_025154
1760982658.7488284,2337209,598325504,598.325504,52,199,154,2,20251021_025154
1760982658.7588124,2337248,598335488,598.335488,52,199,155,2,20251021_025154
1760982658.7687964,2337287,598345472,598.345472,52,199,155,2,20251021_025154
1760982658.7787805,2337326,598355456,598.355456,53,199,156,2,20251021_025154
1760982658.7887642,2337365,598365440,598.36544,53,199,156,2,20251021_025154
1760982658.7987485,2337404,598375424,598.375424,53,199,156,2,20251021_025154
1760982658.8087325,2337443,598385408,598.385408,53,199,157,2,20251021_025154
1760982658.8187163,2337482,598395392,598.395392,53,199,157,2,20251021_025154
1760982658.8287003,2337521,598405376,598.405376,53,199,156,2,20251021_025154
1760982658.8386843,2337560,598415360,598.41536,53,199,156,2,20251021_025154
1760982658.8486683,2337599,598425344,598.425344,53,199,157,2,20251021_025154
1760982658.8586524,2337638,598435328,598.435328,53,199,157,2,20251021_025154
1760982658.8688924,2337678,598445568,598.445568,53,199,157,2,20251021_025154
1760982658.8788764,2337717,598455552,598.455552,54,199,157,2,20251021_025154
1760982658.8888605,2337756,598465536,598.465536,54,199,157,2,20251021_025154
1760982658.8988442,2337795,598475520,598.47552,54,199,157,2,20251021_025154
1760982658.9088285,2337834,598485504,598.485504,54,199,157,2,20251021_025154
1760982658.9188125,2337873,598495488,598.495488,54,199,157,2,20251021_025154
1760982658.9287963,2337912,598505472,598.505472,54,199,158,2,20251021_025154
1760982658.9387803,2337951,598515456,598.515456,54,199,158,2,20251021_025154
1760982658.9487643,2337990,598525440,598.52544,54,199,158,2,20251021_025154
1760982658.9587483,2338029,598535424,598.535424,54,199,158,2,20251021_025154
1760982658.9687324,2338068,598545408,598.545408,54,199,158,2,20251021_025154
1760982658.9787164,2338107,598555392,598.555392,54,199,158,2,20251021_025154
1760982658.9887004,2338146,598565376,598.565376,55,199,158,2,20251021_025154
1760982658.9986844,2338185,598575360,598.57536,55,199,158,2,20251021_025154
1760982659.0089242,2338225,598585600,598.5856,55,199,158,2,20251021_025154
1760982659.0189085,2338264,598595584,598.595584,55,199,158,2,20251021_025154
1760982659.0288925,2338303,598605568,598.605568,55,199,156,2,20251021_025154
1760982659.0388763,2338342,598615552,598.615552,55,199,158,2,20251021_025154
1760982659.0488603,2338381,598625536,598.625536,55,199,159,2,20251021_025154
1760982659.0588443,2338420,598635520,598.63552,55,199,159,2,20251021_025154
1760982659.0688283,2338459,598645504,598.645504,55,199,157,2,20251021_025154
1760982659.0788124,2338498,598655488,598.655488,56,199,158,2,20251021_025154
1760982659.0887964,2338537,598665472,598.665472,56,199,157,2,20251021_025154
1760982659.0987804,2338576,598675456,598.675456,56,199,158,2,20251021_025154
1760982659.1087644,2338615,598685440,598.68544,56,199,157,2,20251021_025154
1760982659.1187484,2338654,598695424,598.695424,56,199,157,2,20251021_025154
1760982659.1287324,2338693,598705408,598.705408,56,199,157,2,20251021_025154
1760982659.1387165,2338732,598715392,598.715392,56,199,155,2,20251021_025154
1760982659.1489563,2338772,598725632,598.725632,56,199,157,2,20251021_025154
1760982659.1589403,2338811,598735616,598.735616,57,199,156,2,20251021_025154
1760982659.1689243,2338850,598745600,598.7456,57,199,156,2,20251021_025154
1760982659.1789083,2338889,598755584,598.755584,57,199,156,2,20251021_025154
1760982659.1888924,2338928,598765568,598.765568,57,199,156,2,20251021_025154
1760982659.1988764,2338967,598775552,598.775552,57,199,156,2,20251021_025154
1760982659.2088604,2339006,598785536,598.785536,58,199,155,2,20251021_025154
1760982659.2188444,2339045,598795520,598.79552,58,199,156,2,20251021_025154
1760982659.2288284,2339084,598805504,598.805504,59,199,154,2,20251021_025154
1760982659.2388124,2339123,598815488,598.815488,60,199,154,2,20251021_025154
1760982659.2487965,2339162,598825472,598.825472,61,200,155,2,20251021_025154
1760982659.2587802,2339201,598835456,598.835456,62,199,153,2,20251021_025154
1760982659.2687645,2339240,598845440,598.84544,64,199,152,2,20251021_025154
1760982659.2787485,2339279,598855424,598.855424,67,199,151,2,20251021_025154
1760982659.2889884,2339319,598865664,598.865664,71,199,150,2,20251021_025154
1760982659.2989724,2339358,598875648,598.875648,74,199,145,2,20251021_025154
1760982659.3089564,2339397,598885632,598.885632,77,199,141,2,20251021_025154
1760982659.3189404,2339436,598895616,598.895616,81,199,136,2,20251021_025154
1760982659.3289244,2339475,598905600,598.9056,84,199,130,2,20251021_025154
1760982659.3389084,2339514,598915584,598.915584,87,199,126,2,20251021_025154
1760982659.3488925,2339553,598925568,598.925568,90,199,120,2,20251021_025154
1760982659.3588762,2339592,598935552,598.935552,93,200,115,2,20251021_025154
1760982659.3688602,2339631,598945536,598.945536,96,199,111,2,20251021_025154
1760982659.3788445,2339670,598955520,598.95552,98,199,108,2,20251021_025154
1760982659.3888285,2339709,598965504,598.965504,101,199,106,2,20251021_025154
1760982659.3988123,2339748,598975488,598.975488,103,199,104,2,20251021_025154
1760982659.4087963,2339787,598985472,598.985472,106,199,105,2,20251021_025154
1760982659.4187803,2339826,598995456,598.995456,108,199,104,2,20251021_025154
1760982659.4287643,2339865,599005440,599.00544,110,199,104,2,20251021_025154
1760982659.4390044,2339905,599015680,599.01568,112,199,106,2,20251021_025154
1760982659.4489884,2339944,599025664,599.025664,114,199,107,2,20251021_025154
1760982659.4589725,2339983,599035648,599.035648,116,199,108,2,20251021_025154
1760982659.4689562,2340022,599045632,599.045632,118,199,108,2,20251021_025154
1760982659.4789402,2340061,599055616,599.055616,120,199,112,2,20251021_025154
1760982659.4889245,2340100,599065600,599.0656,121,199,112,2,20251021_025154
1760982659.4989083,2340139,599075584,599.075584,123,199,114,2,20251021_025154
1760982659.5088923,2340178,599085568,599.085568,124,199,116,2,20251021_025154
1760982659.5188763,2340217,599095552,599.095552,126,199,119,2,20251021_025154
1760982659.5288603,2340256,599105536,599.105536,127,199,125,2,20251021_025154
1760982659.5388443,2340295,599115520,599.11552,128,199,129,2,20251021_025154
1760982659.5488284,2340334,599125504,599.125504,130,200,136,2,20251021_025154
1760982659.5588124,2340373,599135488,599.135488,132,199,138,2,20251021_025154
1760982659.5687964,2340412,599145472,599.145472,133,199,142,2,20251021_025154
1760982659.5790362,2340452,599155712,599.155712,135,199,145,2,20251021_025154
1760982659.5890205,2340491,599165696,599.165696,138,199,147,2,20251021_025154
1760982659.5990045,2340530,599175680,599.17568,140,200,149,2,20251021_025154
1760982659.6089883,2340569,599185664,599.185664,142,199,150,2,20251021_025154
1760982659.6189723,2340608,599195648,599.195648,145,199,150,2,20251021_025154
1760982659.6289563,2340647,599205632,599.205632,148,199,151,2,20251021_025154
1760982659.6389403,2340686,599215616,599.215616,150,199,150,2,20251021_025154
1760982659.6489244,2340725,599225600,599.2256,153,200,150,2,20251021_025154
1760982659.6589084,2340764,599235584,599.235584,156,199,151,2,20251021_025154
1760982659.6688924,2340803,599245568,599.245568,159,199,151,2,20251021_025154
1760982659.6788764,2340842,599255552,599.255552,162,199,152,2,20251021_025154
1760982659.6888604,2340881,599265536,599.265536,165,199,152,2,20251021_025154
1760982659.6988444,2340920,599275520,599.27552,168,199,151,2,20251021_025154
1760982659.7088284,2340959,599285504,599.285504,171,199,152,2,20251021_025154
1760982659.7190683,2340999,599295744,599.295744,174,199,153,2,20251021_025154
1760982659.7290523,2341038,599305728,599.305728,177,199,154,2,20251021_025154
1760982659.7390363,2341077,599315712,599.315712,180,199,153,2,20251021_025154
1760982659.7490203,2341116,599325696,599.325696,184,199,154,2,20251021_025154
1760982659.7590044,2341155,599335680,599.33568,187,199,152,2,20251021_025154
1760982659.7689884,2341194,599345664,599.345664,190,199,153,2,20251021_025154
1760982659.7789724,2341233,599355648,599.355648,193,199,153,2,20251021_025154
1760982659.7889564,2341272,599365632,599.365632,196,199,153,2,20251021_025154
1760982659.7989404,2341311,599375616,599.375616,200,200,155,2,20251021_025154
1760982659.8089244,2341350,599385600,599.3856,203,199,154,2,20251021_025154
1760982659.8189085,2341389,599395584,599.395584,206,199,154,2,20251021_025154
1760982659.8288922,2341428,599405568,599.405568,209,199,154,2,20251021_025154
1760982659.8388762,2341467,599415552,599.415552,212,199,154,2,20251021_025154
1760982659.8488605,2341506,599425536,599.425536,215,199,154,2,20251021_025154
1760982659.8588445,2341545,599435520,599.43552,217,200,155,2,20251021_025154
1760982659.8690844,2341585,599445760,599.44576,220,199,155,2,20251021_025154
1760982659.8790684,2341624,599455744,599.455744,223,200,154,2,20251021_025154
1760982659.8890524,2341663,599465728,599.465728,225,199,154,2,20251021_025154
1760982659.8990364,2341702,599475712,599.475712,228,199,154,2,20251021_025154
1760982659.9090204,2341741,599485696,599.485696,230,199,154,2,20251021_025154
1760982659.9190044,2341780,599495680,599.49568,232,199,154,2,20251021_025154
1760982659.9289885,2341819,599505664,599.505664,235,199,154,2,20251021_025154
1760982659.9389722,2341858,599515648,599.515648,237,199,154,2,20251021_025154
1760982659.9489565,2341897,599525632,599.525632,239,199,154,2,20251021_025154
1760982659.9589405,2341936,599535616,599.535616,241,199,155,2,20251021_025154
1760982659.9689243,2341975,599545600,599.5456,243,199,154,2,20251021_025154
1760982659.9789083,2342014,599555584,599.555584,244,200,154,2,20251021_025154
1760982659.9888923,2342053,599565568,599.565568,246,200,154,2,20251021_025154
1760982659.9988763,2342092,599575552,599.575552,248,199,154,2,20251021_025154
1760982660.0091164,2342132,599585792,599.585792,250,199,154,2,20251021_025154
1760982660.0191004,2342171,599595776,599.595776,251,200,153,2,20251021_025154
1760982660.0290844,2342210,599605760,599.60576,253,199,153,2,20251021_025154
1760982660.0390685,2342249,599615744,599.615744,254,199,153,2,20251021_025154
1760982660.0490522,2342288,599625728,599.625728,1,199,153,2,20251021_025154
1760982660.0590365,2342327,599635712,599.635712,2,199,153,2,20251021_025154
1760982660.0690205,2342366,599645696,599.645696,4,200,152,2,20251021_025154
1760982660.0790043,2342405,599655680,599.65568,5,200,152,2,20251021_025154
1760982660.0889883,2342444,599665664,599.665664,6,200,153,2,20251021_025154
1760982660.0989723,2342483,599675648,599.675648,8,199,151,2,20251021_025154
1760982660.1089563,2342522,599685632,599.685632,9,199,150,2,20251021_025154
1760982660.1189404,2342561,599695616,599.695616,11,200,150,2,20251021_025154
1760982660.1289244,2342600,599705600,599.7056,12,200,150,2,20251021_025154
1760982660.1389084,2342639,599715584,599.715584,13,200,149,2,20251021_025154
1760982660.1491485,2342679,599725824,599.725824,15,199,149,2,20251021_025154
1760982660.1591322,2342718,599735808,599.735808,16,199,149,2,20251021_025154
1760982660.1691165,2342757,599745792,599.745792,18,200,149,2,20251021_025154
1760982660.1791005,2342796,599755776,599.755776,19,199,150,2,20251021_025154
1760982660.1890843,2342835,599765760,599.76576,20,199,150,2,20251021_025154
1760982660.1990683,2342874,599775744,599.775744,21,199,150,2,20251021_025154
1760982660.2090523,2342913,599785728,599.785728,22,200,151,2,20251021_025154
1760982660.2190363,2342952,599795712,599.795712,24,199,151,2,20251021_025154
1760982660.2290204,2342991,599805696,599.805696,25,199,151,2,20251021_025154
1760982660.2390044,2343030,599815680,599.81568,26,200,151,2,20251021_025154
1760982660.2489884,2343069,599825664,599.825664,27,199,152,2,20251021_025154
1760982660.2589724,2343108,599835648,599.835648,27,199,152,2,20251021_025154
1760982660.2689564,2343147,599845632,599.845632,28,199,153,2,20251021_025154
1760982660.2789404,2343186,599855616,599.855616,29,200,152,2,20251021_025154
1760982660.2889245,2343225,599865600,599.8656,30,199,153,2,20251021_025154
1760982660.2991643,2343265,599875840,599.87584,31,200,153,2,20251021_025154
1760982660.3091483,2343304,599885824,599.885824,31,199,153,2,20251021_025154
1760982660.3191323,2343343,599895808,599.895808,32,199,154,2,20251021_025154
1760982660.3291163,2343382,599905792,599.905792,33,199,155,2,20251021_025154
1760982660.3391004,2343421,599915776,599.915776,33,200,154,2,20251021_025154
1760982660.3490844,2343460,599925760,599.92576,34,200,155,2,20251021_025154
1760982660.3590684,2343499,599935744,599.935744,34,200,155,2,20251021_025154
1760982660.3690524,2343538,599945728,599.945728,35,200,155,2,20251021_025154
1760982660.3790364,2343577,599955712,599.955712,35,200,156,2,20251021_025154
1760982660.3890204,2343616,599965696,599.965696,36,200,156,2,20251021_025154
1760982660.3990045,2343655,599975680,599.97568,36,200,156,2,20251021_025154
1760982660.4089882,2343694,599985664,599.985664,36,200,156,2,20251021_025154
1760982660.4189725,2343733,599995648,599.995648,36,200,156,2,20251021_025154
1760982660.4289565,2343772,600005632,600.005632,37,200,156,2,20251021_025154
1760982660.4391963,2343812,600015872,600.015872,37,199,156,2,20251021_025154
1760982660.4491804,2343851,600025856,600.025856,37,200,156,2,20251021_025154
1760982660.4591644,2343890,600035840,600.03584,38,199,157,2,20251021_025154
1760982660.4691484,2343929,600045824,600.045824,38,200,157,2,20251021_025154
1760982660.4791324,2343968,600055808,600.055808,38,200,157,2,20251021_025154
1760982660.4891164,2344007,600065792,600.065792,38,200,157,2,20251021_025154
1760982660.4991004,2344046,600075776,600.075776,38,200,157,2,20251021_025154
1760982660.5090845,2344085,600085760,600.08576,39,200,157,2,20251021_025154
1760982660.5190682,2344124,600095744,600.095744,39,200,157,2,20251021_025154
1760982660.5290525,2344163,600105728,600.105728,39,200,157,2,20251021_025154
1760982660.5390365,2344202,600115712,600.115712,39,200,157,2,20251021_025154
1760982660.5490203,2344241,600125696,600.125696,39,200,157,2,20251021_025154
1760982660.5590043,2344280,600135680,600.13568,40,200,156,2,20251021_025154
1760982660.5689883,2344319,600145664,600.145664,40,200,157,2,20251021_025154
1760982660.5792284,2344359,600155904,600.155904,40,200,157,2,20251021_025154
1760982660.5892124,2344398,600165888,600.165888,40,200,156,2,20251021_025154
1760982660.5991964,2344437,600175872,600.175872,41,200,158,2,20251021_025154
1760982660.6091805,2344476,600185856,600.185856,41,200,157,2,20251021_025154
1760982660.6191642,2344515,600195840,600.19584,41,200,156,2,20251021_025154
1760982660.6291482,2344554,600205824,600.205824,41,199,156,2,20251021_025154
1760982660.6391325,2344593,600215808,600.215808,42,200,156,2,20251021_025154
1760982660.6491165,2344632,600225792,600.225792,42,200,156,2,20251021_025154
1760982660.6591003,2344671,600235776,600.235776,42,200,155,2,20251021_025154
1760982660.6690843,2344710,600245760,600.24576,43,200,155,2,20251021_025154
1760982660.6790683,2344749,600255744,600.255744,43,200,156,2,20251021_025154
1760982660.6890523,2344788,600265728,600.265728,44,200,155,2,20251021_025154
1760982660.6990364,2344827,600275712,600.275712,44,200,155,2,20251021_025154
1760982660.7090204,2344866,600285696,600.285696,45,200,154,2,20251021_025154
1760982660.7192605,2344906,600295936,600.295936,45,200,154,2,20251021_025154
1760982660.7292442,2344945,600305920,600.30592,45,200,154,2,20251021_025154
1760982660.7392282,2344984,600315904,600.315904,46,200,154,2,20251021_025154
1760982660.7492125,2345023,600325888,600.325888,46,200,154,2,20251021_025154
1760982660.7591963,2345062,600335872,600.335872,47,200,154,2,20251021_025154
1760982660.7691803,2345101,600345856,600.345856,48,200,152,2,20251021_025154
1760982660.7791643,2345140,600355840,600.35584,49,200,150,2,20251021_025154
1760982660.7891483,2345179,600365824,600.365824,49,200,151,2,20251021_025154
1760982660.7991323,2345218,600375808,600.375808,50,200,150,2,20251021_025154
1760982660.8091164,2345257,600385792,600.385792,52,200,148,2,20251021_025154
1760982660.8191004,2345296,600395776,600.395776,53,200,147,2,20251021_025154
1760982660.8290844,2345335,600405760,600.40576,54,200,146,2,20251021_025154
1760982660.8390684,2345374,600415744,600.415744,56,200,145,2,20251021_025154
1760982660.8490524,2345413,600425728,600.425728,57,200,143,2,20251021_025154
1760982660.8592925,2345453,600435968,600.435968,59,200,141,2,20251021_025154
1760982660.8692763,2345492,600445952,600.445952,61,200,139,2,20251021_025154
1760982660.8792603,2345531,600455936,600.455936,64,200,136,2,20251021_025154
1760982660.8892443,2345570,600465920,600.46592,67,199,133,2,20251021_025154
1760982660.8992283,2345609,600475904,600.475904,70,200,130,2,20251021_025154
1760982660.9092124,2345648,600485888,600.485888,73,200,127,2,20251021_025154
1760982660.9191964,2345687,600495872,600.495872,77,199,126,2,20251021_025154
1760982660.9291804,2345726,600505856,600.505856,80,200,122,2,20251021_025154
1760982660.9391644,2345765,600515840,600.51584,83,200,119,2,20251021_025154
1760982660.9491484,2345804,600525824,600.525824,86,199,117,2,20251021_025154
1760982660.9591324,2345843,600535808,600.535808,89,199,114,2,20251021_025154
1760982660.9691164,2345882,600545792,600.545792,92,199,112,2,20251021_025154
1760982660.9791002,2345921,600555776,600.555776,95,199,110,2,20251021_025154
1760982660.9890842,2345960,600565760,600.56576,98,199,109,2,20251021_025154
1760982660.9990685,2345999,600575744,600.575744,100,199,108,2,20251021_025154
1760982661.0093083,2346039,600585984,600.585984,103,199,108,2,20251021_025154
1760982661.0192924,2346078,600595968,600.595968,105,199,108,2,20251021_025154
1760982661.0292764,2346117,600605952,600.605952,107,199,109,2,20251021_025154
1760982661.0392604,2346156,600615936,600.615936,110,199,109,2,20251021_025154
1760982661.0492444,2346195,600625920,600.62592,112,199,110,2,20251021_025154
1760982661.0592284,2346234,600635904,600.635904,114,200,111,2,20251021_025154
1760982661.0692124,2346273,600645888,600.645888,116,199,113,2,20251021_025154
1760982661.0791965,2346312,600655872,600.655872,117,200,113,2,20251021_025154
1760982661.0891802,2346351,600665856,600.665856,119,199,115,2,20251021_025154
1760982661.0991642,2346390,600675840,600.67584,121,199,118,2,20251021_025154
1760982661.1091485,2346429,600685824,600.685824,123,200,119,2,20251021_025154
1760982661.1191325,2346468,600695808,600.695808,124,199,122,2,20251021_025154
1760982661.1291163,2346507,600705792,600.705792,126,200,125,2,20251021_025154
1760982661.1391003,2346546,600715776,600.715776,128,200,127,2,20251021_025154
1760982661.1493404,2346586,600726016,600.726016,129,200,131,2,20251021_025154
1760982661.1593244,2346625,600736000,600.736,131,199,136,2,20251021_025154
1760982661.1693084,2346664,600745984,600.745984,133,200,140,2,20251021_025154
1760982661.1792924,2346703,600755968,600.755968,136,200,142,2,20251021_025154
1760982661.1892765,2346742,600765952,600.765952,138,200,142,2,20251021_025154
1760982661.1992602,2346781,600775936,600.775936,140,200,145,2,20251021_025154
1760982661.2092445,2346820,600785920,600.78592,143,200,147,2,20251021_025154
1760982661.2192285,2346859,600795904,600.795904,146,200,149,2,20251021_025154
1760982661.2292123,2346898,600805888,600.805888,148,200,149,2,20251021_025154
1760982661.2391963,2346937,600815872,600.815872,151,200,150,2,20251021_025154
1760982661.2491803,2346976,600825856,600.825856,154,200,151,2,20251021_025154
1760982661.2591643,2347015,600835840,600.83584,158,200,151,2,20251021_025154
1760982661.2691483,2347054,600845824,600.845824,161,200,151,2,20251021_025154
1760982661.2791324,2347093,600855808,600.855808,164,200,152,2,20251021_025154
1760982661.2893724,2347133,600866048,600.866048,167,200,152,2,20251021_025154
1760982661.2993565,2347172,600876032,600.876032,171,200,152,2,20251021_025154
1760982661.3093402,2347211,600886016,600.886016,174,199,152,2,20251021_025154
1760982661.3193245,2347250,600896000,600.896,177,200,152,2,20251021_025154
1760982661.3293085,2347289,600905984,600.905984,181,200,152,2,20251021_025154
1760982661.3392923,2347328,600915968,600.915968,184,200,152,2,20251021_025154
1760982661.3492763,2347367,600925952,600.925952,188,200,153,2,20251021_025154
1760982661.3592603,2347406,600935936,600.935936,191,200,153,2,20251021_025154
1760982661.3692443,2347445,600945920,600.94592,195,200,153,2,20251021_025154
1760982661.3792284,2347484,600955904,600.955904,198,200,153,2,20251021_025154
1760982661.3892124,2347523,600965888,600.965888,201,200,154,2,20251021_025154
1760982661.3991964,2347562,600975872,600.975872,204,200,154,2,20251021_025154
1760982661.4091804,2347601,600985856,600.985856,208,200,154,2,20251021_025154
1760982661.4191644,2347640,600995840,600.99584,211,200,154,2,20251021_025154
1760982661.4291484,2347679,601005824,601.005824,214,200,154,2,20251021_025154
1760982661.4393885,2347719,601016064,601.016064,217,200,154,2,20251021_025154
1760982661.4493723,2347758,601026048,601.026048,219,200,154,2,20251021_025154
1760982661.4593563,2347797,601036032,601.036032,222,200,153,2,20251021_025154
1760982661.4693403,2347836,601046016,601.046016,225,200,153,2,20251021_025154
1760982661.4793243,2347875,601056000,601.056,227,200,154,2,20251021_025154
1760982661.4893084,2347914,601065984,601.065984,230,200,154,2,20251021_025154
1760982661.4992924,2347953,601075968,601.075968,232,200,155,2,20251021_025154
1760982661.5092764,2347992,601085952,601.085952,234,200,154,2,20251021_025154
1760982661.5192604,2348031,601095936,601.095936,236,200,154,2,20251021_025154
1760982661.5292444,2348070,601105920,601.10592,239,200,154,2,20251021_025154
1760982661.5392284,2348109,601115904,601.115904,241,200,155,2,20251021_025154
1760982661.5492125,2348148,601125888,601.125888,242,200,154,2,20251021_025154
1760982661.5591962,2348187,601135872,601.135872,244,200,154,2,20251021_025154
1760982661.5691805,2348226,601145856,601.145856,246,200,152,2,20251021_025154
1760982661.5794203,2348266,601156096,601.156096,248,200,154,2,20251021_025154
1760982661.5894043,2348305,601166080,601.16608,249,200,153,2,20251021_025154
1760982661.5993884,2348344,601176064,601.176064,251,200,155,2,20251021_025154
1760982661.6093724,2348383,601186048,601.186048,253,200,154,2,20251021_025154
1760982661.6193564,2348422,601196032,601.196032,254,200,154,2,20251021_025154
1760982661.6293404,2348461,601206016,601.206016,0,200,153,2,20251021_025154
1760982661.6393244,2348500,601216000,601.216,2,200,154,2,20251021_025154
1760982661.6493084,2348539,601225984,601.225984,3,200,154,2,20251021_025154
1760982661.6592925,2348578,601235968,601.235968,4,200,155,2,20251021_025154
1760982661.6692762,2348617,601245952,601.245952,6,200,155,2,20251021_025154
1760982661.6792605,2348656,601255936,601.255936,7,200,156,2,20251021_025154
1760982661.6892445,2348695,601265920,601.26592,8,200,156,2,20251021_025154
1760982661.6992283,2348734,601275904,601.275904,9,200,156,2,20251021_025154
1760982661.7092123,2348773,601285888,601.285888,10,200,156,2,20251021_025154
1760982661.7191963,2348812,601295872,601.295872,11,200,156,2,20251021_025154
1760982661.7294364,2348852,601306112,601.306112,11,200,156,2,20251021_025154
1760982661.7394204,2348891,601316096,601.316096,12,200,156,2,20251021_025154
1760982661.7494044,2348930,601326080,601.32608,13,200,156,2,20251021_025154
1760982661.7593884,2348969,601336064,601.336064,14,200,156,2,20251021_025154
1760982661.7693725,2349008,601346048,601.346048,15,200,156,2,20251021_025154
1760982661.7793562,2349047,601356032,601.356032,15,200,156,2,20251021_025154
1760982661.7893405,2349086,601366016,601.366016,16,200,156,2,20251021_025154
1760982661.7993245,2349125,601376000,601.376,17,200,156,2,20251021_025154
1760982661.8093083,2349164,601385984,601.385984,18,200,156,2,20251021_025154
1760982661.8192923,2349203,601395968,601.395968,18,200,157,2,20251021_025154
1760982661.8292763,2349242,601405952,601.405952,19,200,156,2,20251021_025154
1760982661.8392603,2349281,601415936,601.415936,19,200,157,2,20251021_025154
1760982661.8492444,2349320,601425920,601.42592,20,200,156,2,20251021_025154
1760982661.8592284,2349359,601435904,601.435904,21,200,157,2,20251021_025154
1760982661.8694685,2349399,601446144,601.446144,21,200,156,2,20251021_025154
1760982661.8794522,2349438,601456128,601.456128,22,200,156,2,20251021_025154
1760982661.8894362,2349477,601466112,601.466112,22,200,158,2,20251021_025154
1760982661.8994205,2349516,601476096,601.476096,23,200,156,2,20251021_025154
1760982661.9094045,2349555,601486080,601.48608,23,200,156,2,20251021_025154
1760982661.9193883,2349594,601496064,601.496064,24,200,156,2,20251021_025154
1760982661.9293723,2349633,601506048,601.506048,24,200,156,2,20251021_025154
1760982661.9393563,2349672,601516032,601.516032,25,200,157,2,20251021_025154
1760982661.9493403,2349711,601526016,601.526016,25,200,156,2,20251021_025154
1760982661.9593244,2349750,601536000,601.536,26,200,156,2,20251021_025154
1760982661.9693084,2349789,601545984,601.545984,26,200,156,2,20251021_025154
1760982661.9792924,2349828,601555968,601.555968,26,200,157,2,20251021_025154
1760982661.9892764,2349867,601565952,601.565952,27,200,157,2,20251021_025154
1760982661.9992604,2349906,601575936,601.575936,27,200,156,2,20251021_025154
1760982662.0092444,2349945,601585920,601.58592,28,200,155,2,20251021_025154
1760982662.0194843,2349985,601596160,601.59616,28,200,157,2,20251021_025154
1760982662.0294683,2350024,601606144,601.606144,28,200,157,2,20251021_025154
1760982662.0394523,2350063,601616128,601.616128,29,200,157,2,20251021_025154
1760982662.0494363,2350102,601626112,601.626112,29,200,158,2,20251021_025154
1760982662.0594203,2350141,601636096,601.636096,29,200,157,2,20251021_025154
1760982662.0694044,2350180,601646080,601.64608,30,200,156,2,20251021_025154
1760982662.0793884,2350219,601656064,601.656064,30,200,156,2,20251021_025154
1760982662.0893724,2350258,601666048,601.666048,30,200,156,2,20251021_025154
1760982662.0993564,2350297,601676032,601.676032,31,200,157,2,20251021_025154
1760982662.1093404,2350336,601686016,601.686016,31,201,156,2,20251021_025154
1760982662.1195805,2350376,601696256,601.696256,31,200,156,2,20251021_025154
1760982662.1295643,2350415,601706240,601.70624,32,200,154,2,20251021_025154
1760982662.1395483,2350454,601716224,601.716224,32,200,155,2,20251021_025154
1760982662.1495323,2350493,601726208,601.726208,33,200,155,2,20251021_025154
1760982662.1595163,2350532,601736192,601.736192,33,200,155,2,20251021_025154
1760982662.1695004,2350571,601746176,601.746176,34,200,156,2,20251021_025154
1760982662.1797404,2350611,601756416,601.756416,34,200,155,2,20251021_025154
1760982662.1897244,2350650,601766400,601.7664,34,200,154,2,20251021_025154
1760982662.1997085,2350689,601776384,601.776384,35,201,154,2,20251021_025154
1760982662.2096922,2350728,601786368,601.786368,35,200,154,2,20251021_025154
1760982662.2196765,2350767,601796352,601.796352,36,200,153,2,20251021_025154
1760982662.2296605,2350806,601806336,601.806336,37,200,153,2,20251021_025154
1760982662.2396443,2350845,601816320,601.81632,37,200,153,2,20251021_025154
1760982662.2496283,2350884,601826304,601.826304,38,200,152,2,20251021_025154
1760982662.2598684,2350924,601836544,601.836544,38,200,152,2,20251021_025154
1760982662.2698524,2350963,601846528,601.846528,39,200,152,2,20251021_025154
1760982662.2798364,2351002,601856512,601.856512,40,200,153,2,20251021_025154
1760982662.2898204,2351041,601866496,601.866496,40,200,152,2,20251021_025154
1760982662.2998044,2351080,601876480,601.87648,41,200,152,2,20251021_025154
1760982662.3097885,2351119,601886464,601.886464,41,200,152,2,20251021_025154
1760982662.3197722,2351158,601896448,601.896448,42,200,152,2,20251021_025154
1760982662.3300123,2351198,601906688,601.906688,43,200,151,2,20251021_025154
1760982662.3399963,2351237,601916672,601.916672,43,200,150,2,20251021_025154
1760982662.3499804,2351276,601926656,601.926656,44,200,149,2,20251021_025154
1760982662.3599644,2351315,601936640,601.93664,45,200,150,2,20251021_025154
1760982662.3699484,2351354,601946624,601.946624,46,200,150,2,20251021_025154
1760982662.3799324,2351393,601956608,601.956608,47,200,149,2,20251021_025154
1760982662.3899164,2351432,601966592,601.966592,48,200,149,2,20251021_025154
1760982662.4001565,2351472,601976832,601.976832,49,200,148,2,20251021_025154
1760982662.4101405,2351511,601986816,601.986816,50,200,149,2,20251021_025154
1760982662.4201243,2351550,601996800,601.9968,51,200,151,2,20251021_025154
1760982662.4301083,2351589,602006784,602.006784,51,200,151,2,20251021_025154
1760982662.4400923,2351628,602016768,602.016768,52,200,151,2,20251021_025154
1760982662.4500763,2351667,602026752,602.026752,53,200,151,2,20251021_025154
1760982662.4600604,2351706,602036736,602.036736,53,200,152,2,20251021_025154
1760982662.4703004,2351746,602046976,602.046976,54,200,152,2,20251021_025154
1760982662.4802845,2351785,602056960,602.05696,55,200,154,2,20251021_025154
1760982662.4902682,2351824,602066944,602.066944,55,200,153,2,20251021_025154
1760982662.5002522,2351863,602076928,602.076928,55,200,154,2,20251021_025154
1760982662.5102365,2351902,602086912,602.086912,56,200,154,2,20251021_025154
1760982662.5202205,2351941,602096896,602.096896,56,200,154,2,20251021_025154
1760982662.5302043,2351980,602106880,602.10688,56,200,157,2,20251021_025154
1760982662.5404444,2352020,602117120,602.11712,57,200,156,2,20251021_025154
1760982662.5504284,2352059,602127104,602.127104,57,200,156,2,20251021_025154
1760982662.5604124,2352098,602137088,602.137088,57,200,158,2,20251021_025154
1760982662.5703964,2352137,602147072,602.147072,57,200,156,2,20251021_025154
1760982662.5803804,2352176,602157056,602.157056,57,200,158,2,20251021_025154
1760982662.5903645,2352215,602167040,602.16704,57,200,156,2,20251021_025154
1760982662.6003482,2352254,602177024,602.177024,57,200,156,2,20251021_025154
1760982662.6103325,2352293,602187008,602.187008,57,200,157,2,20251021_025154
1760982662.6203165,2352332,602196992,602.196992,58,200,157,2,20251021_025154
1760982662.6303003,2352371,602206976,602.206976,58,200,159,2,20251021_025154
1760982662.6402843,2352410,602216960,602.21696,58,200,157,2,20251021_025154
1760982662.6502683,2352449,602226944,602.226944,58,200,157,2,20251021_025154
1760982662.6602523,2352488,602236928,602.236928,58,200,157,2,20251021_025154
1760982662.6704924,2352528,602247168,602.247168,58,200,157,2,20251021_025154
1760982662.6804764,2352567,602257152,602.257152,58,200,157,2,20251021_025154
1760982662.6904604,2352606,602267136,602.267136,58,200,157,2,20251021_025154
1760982662.7004445,2352645,602277120,602.27712,59,200,157,2,20251021_025154
1760982662.7104282,2352684,602287104,602.287104,59,200,158,2,20251021_025154
1760982662.7204125,2352723,602297088,602.297088,59,200,158,2,20251021_025154
1760982662.7303965,2352762,602307072,602.307072,59,200,158,2,20251021_025154
1760982662.7403803,2352801,602317056,602.317056,59,200,158,2,20251021_025154
1760982662.7503643,2352840,602327040,602.32704,59,200,158,2,20251021_025154
1760982662.7603483,2352879,602337024,602.337024,59,200,158,2,20251021_025154
1760982662.7703323,2352918,602347008,602.347008,59,200,158,2,20251021_025154
1760982662.7803164,2352957,602356992,602.356992,60,200,158,2,20251021_025154
1760982662.7903004,2352996,602366976,602.366976,60,200,159,2,20251021_025154
1760982662.8002844,2353035,602376960,602.37696,60,200,158,2,20251021_025154
1760982662.8105245,2353075,602387200,602.3872,60,200,157,2,20251021_025154
1760982662.8205082,2353114,602397184,602.397184,60,200,158,2,20251021_025154
1760982662.8304925,2353153,602407168,602.407168,60,200,158,2,20251021_025154
1760982662.8404765,2353192,602417152,602.417152,60,200,157,2,20251021_025154
1760982662.8504603,2353231,602427136,602.427136,61,200,158,2,20251021_025154
1760982662.8604443,2353270,602437120,602.43712,61,199,157,2,20251021_025154
1760982662.8704283,2353309,602447104,602.447104,61,200,157,2,20251021_025154
1760982662.8804123,2353348,602457088,602.457088,61,200,157,2,20251021_025154
1760982662.8903964,2353387,602467072,602.467072,61,200,156,2,20251021_025154
1760982662.9003804,2353426,602477056,602.477056,62,200,156,2,20251021_025154
1760982662.9103644,2353465,602487040,602.48704,62,200,156,2,20251021_025154
1760982662.9203484,2353504,602497024,602.497024,62,200,156,2,20251021_025154
1760982662.9303324,2353543,602507008,602.507008,62,200,155,2,20251021_025154
1760982662.9403164,2353582,602516992,602.516992,63,200,156,2,20251021_025154
1760982662.9503005,2353621,602526976,602.526976,63,200,154,2,20251021_025154
1760982662.9605403,2353661,602537216,602.537216,64,200,154,2,20251021_025154
1760982662.9705243,2353700,602547200,602.5472,65,200,153,2,20251021_025154
1760982662.9805083,2353739,602557184,602.557184,66,200,152,2,20251021_025154
1760982662.9904923,2353778,602567168,602.567168,68,200,151,2,20251021_025154
1760982663.0004764,2353817,602577152,602.577152,70,200,150,2,20251021_025154
1760982663.0104604,2353856,602587136,602.587136,73,200,148,2,20251021_025154
1760982663.0204444,2353895,602597120,602.59712,76,200,145,2,20251021_025154
1760982663.0304284,2353934,602607104,602.607104,79,200,143,2,20251021_025154
1760982663.0404124,2353973,602617088,602.617088,83,200,140,2,20251021_025154
1760982663.0503964,2354012,602627072,602.627072,86,200,134,2,20251021_025154
1760982663.0603805,2354051,602637056,602.637056,89,200,128,2,20251021_025154
1760982663.0703642,2354090,602647040,602.64704,92,200,125,2,20251021_025154
1760982663.0803485,2354129,602657024,602.657024,95,200,118,2,20251021_025154
1760982663.0903325,2354168,602667008,602.667008,97,200,114,2,20251021_025154
1760982663.1005723,2354208,602677248,602.677248,100,200,111,2,20251021_025154
1760982663.1105564,2354247,602687232,602.687232,102,199,108,2,20251021_025154
1760982663.1205404,2354286,602697216,602.697216,105,199,106,2,20251021_025154
1760982663.1305244,2354325,602707200,602.7072,107,200,106,2,20251021_025154
1760982663.1405084,2354364,602717184,602.717184,109,200,105,2,20251021_025154
1760982663.1504924,2354403,602727168,602.727168,111,200,104,2,20251021_025154
1760982663.1604764,2354442,602737152,602.737152,113,199,106,2,20251021_025154
1760982663.1704605,2354481,602747136,602.747136,115,200,105,2,20251021_025154
1760982663.1804442,2354520,602757120,602.75712,117,199,106,2,20251021_025154
1760982663.1904285,2354559,602767104,602.767104,119,199,106,2,20251021_025154
1760982663.2004125,2354598,602777088,602.777088,120,200,107,2,20251021_025154
1760982663.2103963,2354637,602787072,602.787072,122,200,110,2,20251021_025154
1760982663.2203803,2354676,602797056,602.797056,124,199,109,2,20251021_025154
1760982663.2303643,2354715,602807040,602.80704,125,200,110,2,20251021_025154
1760982663.2406044,2354755,602817280,602.81728,126,199,112,2,20251021_025154
1760982663.2505884,2354794,602827264,602.827264,128,200,116,2,20251021_025154
1760982663.2605724,2354833,602837248,602.837248,129,200,118,2,20251021_025154
1760982663.2705564,2354872,602847232,602.847232,130,200,123,2,20251021_025154
1760982663.2805402,2354911,602857216,602.857216,132,200,127,2,20251021_025154
1760982663.2905242,2354950,602867200,602.8672,133,199,134,2,20251021_025154
1760982663.3005085,2354989,602877184,602.877184,135,200,138,2,20251021_025154
1760982663.3104925,2355028,602887168,602.887168,137,200,141,2,20251021_025154
1760982663.3204763,2355067,602897152,602.897152,139,200,144,2,20251021_025154
1760982663.3304603,2355106,602907136,602.907136,141,200,146,2,20251021_025154
1760982663.3404443,2355145,602917120,602.91712,143,200,149,2,20251021_025154
1760982663.3504283,2355184,602927104,602.927104,146,200,149,2,20251021_025154
1760982663.3604124,2355223,602937088,602.937088,148,200,150,2,20251021_025154
1760982663.3703964,2355262,602947072,602.947072,151,200,152,2,20251021_025154
1760982663.3803804,2355301,602957056,602.957056,154,200,151,2,20251021_025154
1760982663.3906202,2355341,602967296,602.967296,157,200,151,2,20251021_025154
1760982663.4006042,2355380,602977280,602.97728,160,200,151,2,20251021_025154
1760982663.4105885,2355419,602987264,602.987264,163,199,151,2,20251021_025154
1760982663.4205723,2355458,602997248,602.997248,166,200,151,2,20251021_025154
1760982663.4305563,2355497,603007232,603.007232,169,200,152,2,20251021_025154
1760982663.4405403,2355536,603017216,603.017216,172,200,152,2,20251021_025154
1760982663.4505243,2355575,603027200,603.0272,175,200,153,2,20251021_025154
1760982663.4605083,2355614,603037184,603.037184,178,199,152,2,20251021_025154
1760982663.4704924,2355653,603047168,603.047168,181,200,153,2,20251021_025154
1760982663.4804764,2355692,603057152,603.057152,185,200,153,2,20251021_025154
1760982663.4904604,2355731,603067136,603.067136,188,200,153,2,20251021_025154
1760982663.5004444,2355770,603077120,603.07712,191,200,153,2,20251021_025154
1760982663.5104284,2355809,603087104,603.087104,194,200,153,2,20251021_025154
1760982663.5204124,2355848,603097088,603.097088,197,200,153,2,20251021_025154
1760982663.5303965,2355887,603107072,603.107072,201,200,153,2,20251021_025154
1760982663.5406363,2355927,603117312,603.117312,204,200,154,2,20251021_025154
1760982663.5506203,2355966,603127296,603.127296,207,200,153,2,20251021_025154
1760982663.5606043,2356005,603137280,603.13728,210,200,154,2,20251021_025154
1760982663.5705884,2356044,603147264,603.147264,212,200,155,2,20251021_025154
1760982663.5805724,2356083,603157248,603.157248,215,200,154,2,20251021_025154
1760982663.5905564,2356122,603167232,603.167232,218,200,154,2,20251021_025154
1760982663.6005404,2356161,603177216,603.177216,221,201,154,2,20251021_025154
1760982663.6105244,2356200,603187200,603.1872,223,200,154,2,20251021_025154
1760982663.6205084,2356239,603197184,603.197184,226,200,154,2,20251021_025154
1760982663.6304924,2356278,603207168,603.207168,228,200,155,2,20251021_025154
1760982663.6404765,2356317,603217152,603.217152,231,200,155,2,20251021_025154
1760982663.6504602,2356356,603227136,603.227136,233,200,154,2,20251021_025154
1760982663.6604445,2356395,603237120,603.23712,235,200,154,2,20251021_025154
1760982663.6704285,2356434,603247104,603.247104,237,200,154,2,20251021_025154
1760982663.6806684,2356474,603257344,603.257344,239,200,153,2,20251021_025154
1760982663.6906524,2356513,603267328,603.267328,241,200,154,2,20251021_025154
1760982663.7006364,2356552,603277312,603.277312,243,200,154,2,20251021_025154
1760982663.7106204,2356591,603287296,603.287296,245,200,154,2,20251021_025154
1760982663.7206044,2356630,603297280,603.29728,247,200,154,2,20251021_025154
1760982663.7305884,2356669,603307264,603.307264,248,200,154,2,20251021_025154
1760982663.7405725,2356708,603317248,603.317248,250,200,154,2,20251021_025154
1760982663.7505562,2356747,603327232,603.327232,252,200,152,2,20251021_025154
1760982663.7605402,2356786,603337216,603.337216,253,200,154,2,20251021_025154
1760982663.7705245,2356825,603347200,603.3472,0,200,153,2,20251021_025154
1760982663.7805085,2356864,603357184,603.357184,1,200,152,2,20251021_025154
1760982663.7904923,2356903,603367168,603.367168,3,200,153,2,20251021_025154
1760982663.8004763,2356942,603377152,603.377152,4,200,153,2,20251021_025154
1760982663.8104603,2356981,603387136,603.387136,5,200,152,2,20251021_025154
1760982663.8204443,2357020,603397120,603.39712,7,200,151,2,20251021_025154
1760982663.8306844,2357060,603407360,603.40736,8,200,151,2,20251021_025154
1760982663.8406684,2357099,603417344,603.417344,9,200,150,2,20251021_025154
1760982663.8506525,2357138,603427328,603.427328,11,200,150,2,20251021_025154
1760982663.8606362,2357177,603437312,603.437312,12,200,150,2,20251021_025154
1760982663.8706205,2357216,603447296,603.447296,13,199,150,2,20251021_025154
1760982663.8806045,2357255,603457280,603.45728,15,200,149,2,20251021_025154
1760982663.8905883,2357294,603467264,603.467264,16,200,150,2,20251021_025154
1760982663.9005723,2357333,603477248,603.477248,17,200,149,2,20251021_025154
1760982663.9105563,2357372,603487232,603.487232,18,200,150,2,20251021_025154
1760982663.9205403,2357411,603497216,603.497216,19,200,150,2,20251021_025154
1760982663.9305243,2357450,603507200,603.5072,21,200,151,2,20251021_025154
1760982663.9405084,2357489,603517184,603.517184,22,200,151,2,20251021_025154
1760982663.9504924,2357528,603527168,603.527168,23,200,151,2,20251021_025154
1760982663.9604764,2357567,603537152,603.537152,24,200,151,2,20251021_025154
1760982663.9707162,2357607,603547392,603.547392,25,200,152,2,20251021_025154
1760982663.9807005,2357646,603557376,603.557376,25,199,152,2,20251021_025154
1760982663.9906845,2357685,603567360,603.56736,26,200,152,2,20251021_025154
1760982664.0006683,2357724,603577344,603.577344,27,200,153,2,20251021_025154
1760982664.0106523,2357763,603587328,603.587328,28,200,155,2,20251021_025154
1760982664.0206363,2357802,603597312,603.597312,29,200,153,2,20251021_025154
1760982664.0306203,2357841,603607296,603.607296,29,200,154,2,20251021_025154
1760982664.0406044,2357880,603617280,603.61728,30,200,154,2,20251021_025154
1760982664.0505884,2357919,603627264,603.627264,31,200,154,2,20251021_025154
1760982664.0605724,2357958,603637248,603.637248,31,200,155,2,20251021_025154
1760982664.0705564,2357997,603647232,603.647232,32,200,155,2,20251021_025154
1760982664.0805404,2358036,603657216,603.657216,32,200,156,2,20251021_025154
1760982664.0905244,2358075,603667200,603.6672,32,200,156,2,20251021_025154
1760982664.1005085,2358114,603677184,603.677184,33,200,156,2,20251021_025154
1760982664.1107483,2358154,603687424,603.687424,33,200,156,2,20251021_025154
1760982664.1207323,2358193,603697408,603.697408,33,200,156,2,20251021_025154
1760982664.1307163,2358232,603707392,603.707392,34,200,156,2,20251021_025154
1760982664.1407003,2358271,603717376,603.717376,34,200,156,2,20251021_025154
1760982664.1506844,2358310,603727360,603.72736,34,200,156,2,20251021_025154
1760982664.1606684,2358349,603737344,603.737344,34,200,156,2,20251021_025154
1760982664.1706524,2358388,603747328,603.747328,35,199,157,2,20251021_025154
1760982664.1806364,2358427,603757312,603.757312,35,200,156,2,20251021_025154
1760982664.1906204,2358466,603767296,603.767296,35,200,157,2,20251021_025154
1760982664.2006044,2358505,603777280,603.77728,35,200,157,2,20251021_025154
1760982664.2105885,2358544,603787264,603.787264,36,200,157,2,20251021_025154
1760982664.2205722,2358583,603797248,603.797248,36,200,158,2,20251021_025154
1760982664.2305562,2358622,603807232,603.807232,36,200,157,2,20251021_025154
1760982664.2405405,2358661,603817216,603.817216,36,200,157,2,20251021_025154
1760982664.2507803,2358701,603827456,603.827456,37,200,157,2,20251021_025154
1760982664.2607644,2358740,603837440,603.83744,37,200,157,2,20251021_025154
1760982664.2707484,2358779,603847424,603.847424,37,200,157,2,20251021_025154
1760982664.2807324,2358818,603857408,603.857408,37,200,156,2,20251021_025154
1760982664.2907164,2358857,603867392,603.867392,37,200,157,2,20251021_025154
1760982664.3007004,2358896,603877376,603.877376,37,200,157,2,20251021_025154
1760982664.3106844,2358935,603887360,603.88736,38,200,157,2,20251021_025154
1760982664.3206685,2358974,603897344,603.897344,38,200,157,2,20251021_025154
1760982664.3306522,2359013,603907328,603.907328,38,200,157,2,20251021_025154
1760982664.3406365,2359052,603917312,603.917312,38,200,157,2,20251021_025154
1760982664.3506205,2359091,603927296,603.927296,38,200,157,2,20251021_025154
1760982664.3606043,2359130,603937280,603.93728,39,200,156,2,20251021_025154
1760982664.3705883,2359169,603947264,603.947264,39,200,156,2,20251021_025154
1760982664.3805723,2359208,603957248,603.957248,39,200,156,2,20251021_025154
1760982664.3908124,2359248,603967488,603.967488,39,200,156,2,20251021_025154
1760982664.4007964,2359287,603977472,603.977472,40,200,156,2,20251021_025154
1760982664.4107804,2359326,603987456,603.987456,40,200,155,2,20251021_025154
1760982664.4207644,2359365,603997440,603.99744,40,200,155,2,20251021_025154
1760982664.4307485,2359404,604007424,604.007424,41,200,154,2,20251021_025154
1760982664.4407322,2359443,604017408,604.017408,41,200,154,2,20251021_025154
1760982664.4507165,2359482,604027392,604.027392,42,200,154,2,20251021_025154
1760982664.4607005,2359521,604037376,604.037376,42,200,154,2,20251021_025154
1760982664.4706843,2359560,604047360,604.04736,43,200,154,2,20251021_025154
1760982664.4806683,2359599,604057344,604.057344,43,200,152,2,20251021_025154
1760982664.4906523,2359638,604067328,604.067328,44,200,152,2,20251021_025154
1760982664.5006363,2359677,604077312,604.077312,45,200,151,2,20251021_025154
1760982664.5106204,2359716,604087296,604.087296,45,200,152,2,20251021_025154
1760982664.5206044,2359755,604097280,604.09728,46,200,150,2,20251021_025154
1760982664.5308444,2359795,604107520,604.10752,47,200,148,2,20251021_025154
1760982664.5408282,2359834,604117504,604.117504,48,200,148,2,20251021_025154
1760982664.5508122,2359873,604127488,604.127488,50,200,146,2,20251021_025154
1760982664.5607965,2359912,604137472,604.137472,51,200,145,2,20251021_025154
1760982664.5707805,2359951,604147456,604.147456,53,200,144,2,20251021_025154
1760982664.5807643,2359990,604157440,604.15744,54,200,141,2,20251021_025154
1760982664.5907483,2360029,604167424,604.167424,56,200,142,2,20251021_025154
1760982664.6007323,2360068,604177408,604.177408,59,200,138,2,20251021_025154
1760982664.6107163,2360107,604187392,604.187392,61,200,136,2,20251021_025154
1760982664.6207004,2360146,604197376,604.197376,64,200,133,2,20251021_025154
1760982664.6306844,2360185,604207360,604.20736,66,200,131,2,20251021_025154
1760982664.6406684,2360224,604217344,604.217344,70,200,127,2,20251021_025154
1760982664.6506524,2360263,604227328,604.227328,73,200,127,2,20251021_025154
1760982664.6606364,2360302,604237312,604.237312,76,200,125,2,20251021_025154
1760982664.6706204,2360341,604247296,604.247296,79,200,122,2,20251021_025154
1760982664.6808603,2360381,604257536,604.257536,83,200,120,2,20251021_025154
1760982664.6908443,2360420,604267520,604.26752,86,200,118,2,20251021_025154
1760982664.7008283,2360459,604277504,604.277504,89,200,116,2,20251021_025154
1760982664.7108123,2360498,604287488,604.287488,92,200,114,2,20251021_025154
1760982664.7207963,2360537,604297472,604.297472,95,200,113,2,20251021_025154
1760982664.7307804,2360576,604307456,604.307456,97,199,113,2,20251021_025154
1760982664.7407644,2360615,604317440,604.31744,100,200,112,2,20251021_025154
1760982664.7507484,2360654,604327424,604.327424,102,200,113,2,20251021_025154
1760982664.7607324,2360693,604337408,604.337408,105,200,112,2,20251021_025154
1760982664.7707164,2360732,604347392,604.347392,107,200,112,2,20251021_025154
1760982664.7807004,2360771,604357376,604.357376,109,200,113,2,20251021_025154
1760982664.7906845,2360810,604367360,604.36736,111,200,114,2,20251021_025154
1760982664.8006682,2360849,604377344,604.377344,113,200,116,2,20251021_025154
1760982664.8106525,2360888,604387328,604.387328,115,200,117,2,20251021_025154
1760982664.8208923,2360928,604397568,604.397568,117,200,119,2,20251021_025154
1760982664.8308764,2360967,604407552,604.407552,119,199,120,2,20251021_025154
1760982664.8408604,2361006,604417536,604.417536,121,200,123,2,20251021_025154
1760982664.8508444,2361045,604427520,604.42752,122,199,126,2,20251021_025154
1760982664.8608284,2361084,604437504,604.437504,124,200,127,2,20251021_025154
1760982664.8708124,2361123,604447488,604.447488,126,200,131,2,20251021_025154
1760982664.8807964,2361162,604457472,604.457472,128,199,134,2,20251021_025154
1760982664.8907804,2361201,604467456,604.467456,130,200,138,2,20251021_025154
1760982664.9007645,2361240,604477440,604.47744,132,200,141,2,20251021_025154
1760982664.9107482,2361279,604487424,604.487424,134,200,144,2,20251021_025154
1760982664.9207325,2361318,604497408,604.497408,136,200,145,2,20251021_025154
1760982664.9307165,2361357,604507392,604.507392,139,199,146,2,20251021_025154
1760982664.9407003,2361396,604517376,604.517376,141,200,148,2,20251021_025154
1760982664.9506843,2361435,604527360,604.52736,144,200,150,2,20251021_025154
1760982664.9609244,2361475,604537600,604.5376,147,200,151,2,20251021_025154
1760982664.9709084,2361514,604547584,604.547584,150,200,151,2,20251021_025154
1760982664.9808924,2361553,604557568,604.557568,153,200,151,2,20251021_025154
1760982664.9908764,2361592,604567552,604.567552,156,200,151,2,20251021_025154
1760982665.0008605,2361631,604577536,604.577536,159,200,152,2,20251021_025154
1760982665.0108442,2361670,604587520,604.58752,162,200,151,2,20251021_025154
1760982665.0208282,2361709,604597504,604.597504,165,200,153,2,20251021_025154
1760982665.0308125,2361748,604607488,604.607488,169,200,153,2,20251021_025154
1760982665.0407965,2361787,604617472,604.617472,172,200,152,2,20251021_025154
1760982665.0507803,2361826,604627456,604.627456,176,200,152,2,20251021_025154
1760982665.0607643,2361865,604637440,604.63744,179,200,152,2,20251021_025154
1760982665.0707483,2361904,604647424,604.647424,182,200,152,2,20251021_025154
1760982665.0807323,2361943,604657408,604.657408,186,200,153,2,20251021_025154
1760982665.0907164,2361982,604667392,604.667392,189,200,153,2,20251021_025154
1760982665.1007004,2362021,604677376,604.677376,193,200,153,2,20251021_025154
1760982665.1109405,2362061,604687616,604.687616,196,200,154,2,20251021_025154
1760982665.1209242,2362100,604697600,604.6976,199,200,154,2,20251021_025154
1760982665.1309085,2362139,604707584,604.707584,203,200,153,2,20251021_025154
1760982665.1408925,2362178,604717568,604.717568,206,200,154,2,20251021_025154
1760982665.1508763,2362217,604727552,604.727552,209,200,154,2,20251021_025154
1760982665.1608603,2362256,604737536,604.737536,212,200,154,2,20251021_025154
1760982665.1708443,2362295,604747520,604.74752,215,200,154,2,20251021_025154
1760982665.1808283,2362334,604757504,604.757504,218,200,154,2,20251021_025154
1760982665.1908123,2362373,604767488,604.767488,221,200,154,2,20251021_025154
1760982665.2007964,2362412,604777472,604.777472,223,201,155,2,20251021_025154
1760982665.2107804,2362451,604787456,604.787456,226,200,155,2,20251021_025154
1760982665.2207644,2362490,604797440,604.79744,228,200,154,2,20251021_025154
1760982665.2307484,2362529,604807424,604.807424,231,200,154,2,20251021_025154
1760982665.2407324,2362568,604817408,604.817408,233,200,154,2,20251021_025154
1760982665.2507164,2362607,604827392,604.827392,235,200,155,2,20251021_025154
1760982665.2609563,2362647,604837632,604.837632,237,200,155,2,20251021_025154
1760982665.2709403,2362686,604847616,604.847616,239,200,154,2,20251021_025154
1760982665.2809243,2362725,604857600,604.8576,241,200,155,2,20251021_025154
1760982665.2909083,2362764,604867584,604.867584,243,200,155,2,20251021_025154
1760982665.3008924,2362803,604877568,604.877568,245,200,156,2,20251021_025154
1760982665.3108764,2362842,604887552,604.887552,247,200,153,2,20251021_025154
1760982665.3208604,2362881,604897536,604.897536,249,199,155,2,20251021_025154
1760982665.3308444,2362920,604907520,604.90752,250,200,155,2,20251021_025154
1760982665.3408284,2362959,604917504,604.917504,252,200,155,2,20251021_025154
1760982665.3508124,2362998,604927488,604.927488,253,200,155,2,20251021_025154
1760982665.3607965,2363037,604937472,604.937472,0,200,155,2,20251021_025154
1760982665.3707802,2363076,604947456,604.947456,1,200,155,2,20251021_025154
1760982665.3807642,2363115,604957440,604.95744,2,200,156,2,20251021_025154
1760982665.3907485,2363154,604967424,604.967424,3,200,156,2,20251021_025154
1760982665.4009883,2363194,604977664,604.977664,5,200,155,2,20251021_025154
1760982665.4109724,2363233,604987648,604.987648,6,200,156,2,20251021_025154
1760982665.4209564,2363272,604997632,604.997632,7,200,156,2,20251021_025154
1760982665.4309404,2363311,605007616,605.007616,8,200,155,2,20251021_025154
1760982665.4409244,2363350,605017600,605.0176,9,200,156,2,20251021_025154
1760982665.4509084,2363389,605027584,605.027584,10,200,156,2,20251021_025154
1760982665.4608924,2363428,605037568,605.037568,11,200,158,2,20251021_025154
1760982665.4708765,2363467,605047552,605.047552,12,200,156,2,20251021_025154
1760982665.4808602,2363506,605057536,605.057536,13,200,156,2,20251021_025154
1760982665.4908442,2363545,605067520,605.06752,14,200,156,2,20251021_025154
1760982665.5008285,2363584,605077504,605.077504,14,200,156,2,20251021_025154
1760982665.5108123,2363623,605087488,605.087488,15,200,156,2,20251021_025154
1760982665.5207963,2363662,605097472,605.097472,16,200,156,2,20251021_025154
1760982665.5307803,2363701,605107456,605.107456,17,200,156,2,20251021_025154
1760982665.5410204,2363741,605117696,605.117696,17,200,156,2,20251021_025154
1760982665.5510044,2363780,605127680,605.12768,18,200,156,2,20251021_025154
1760982665.5609884,2363819,605137664,605.137664,19,200,155,2,20251021_025154
1760982665.5709724,2363858,605147648,605.147648,19,200,156,2,20251021_025154
1760982665.5809565,2363897,605157632,605.157632,20,200,156,2,20251021_025154
1760982665.5909402,2363936,605167616,605.167616,21,200,156,2,20251021_025154
1760982665.6009245,2363975,605177600,605.1776,21,200,157,2,20251021_025154
1760982665.6109085,2364014,605187584,605.187584,22,200,156,2,20251021_025154
1760982665.6208923,2364053,605197568,605.197568,22,200,156,2,20251021_025154
1760982665.6308763,2364092,605207552,605.207552,23,200,156,2,20251021_025154
1760982665.6408603,2364131,605217536,605.217536,23,200,158,2,20251021_025154
1760982665.6508443,2364170,605227520,605.22752,24,200,156,2,20251021_025154
1760982665.6608284,2364209,605237504,605.237504,24,200,157,2,20251021_025154
1760982665.6708124,2364248,605247488,605.247488,25,200,157,2,20251021_025154
1760982665.6807964,2364287,605257472,605.257472,25,200,157,2,20251021_025154
1760982665.6910365,2364327,605267712,605.267712,26,200,157,2,20251021_025154
1760982665.7010202,2364366,605277696,605.277696,26,200,157,2,20251021_025154
1760982665.7110045,2364405,605287680,605.28768,26,200,156,2,20251021_025154
1760982665.7209885,2364444,605297664,605.297664,27,200,155,2,20251021_025154
1760982665.7309723,2364483,605307648,605.307648,27,200,157,2,20251021_025154
1760982665.7409563,2364522,605317632,605.317632,28,201,157,2,20251021_025154
1760982665.7509403,2364561,605327616,605.327616,28,200,156,2,20251021_025154
1760982665.7609243,2364600,605337600,605.3376,28,200,157,2,20251021_025154
1760982665.7709084,2364639,605347584,605.347584,29,200,156,2,20251021_025154
1760982665.7808924,2364678,605357568,605.357568,29,200,158,2,20251021_025154
1760982665.7908764,2364717,605367552,605.367552,30,200,156,2,20251021_025154
1760982665.8008604,2364756,605377536,605.377536,30,200,156,2,20251021_025154
1760982665.8108444,2364795,605387520,605.38752,30,200,156,2,20251021_025154
1760982665.8208284,2364834,605397504,605.397504,31,200,156,2,20251021_025154
1760982665.8310685,2364874,605407744,605.407744,31,200,155,2,20251021_025154
1760982665.8410523,2364913,605417728,605.417728,32,200,155,2,20251021_025154
1760982665.8510363,2364952,605427712,605.427712,32,200,156,2,20251021_025154
1760982665.8610203,2364991,605437696,605.437696,33,200,155,2,20251021_025154
1760982665.8710043,2365030,605447680,605.44768,33,200,155,2,20251021_025154
1760982665.8809884,2365069,605457664,605.457664,34,200,154,2,20251021_025154
1760982665.8909724,2365108,605467648,605.467648,34,200,154,2,20251021_025154
1760982665.9009564,2365147,605477632,605.477632,35,200,154,2,20251021_025154
1760982665.9109404,2365186,605487616,605.487616,35,200,154,2,20251021_025154
1760982665.9209244,2365225,605497600,605.4976,36,200,154,2,20251021_025154
1760982665.9309084,2365264,605507584,605.507584,36,200,153,2,20251021_025154
1760982665.9408925,2365303,605517568,605.517568,37,200,154,2,20251021_025154
1760982665.9508762,2365342,605527552,605.527552,38,200,153,2,20251021_025154
1760982665.9608605,2365381,605537536,605.537536,38,200,153,2,20251021_025154
1760982665.9708445,2365420,605547520,605.54752,39,200,153,2,20251021_025154
1760982665.9810843,2365460,605557760,605.55776,40,200,153,2,20251021_025154
1760982665.9910684,2365499,605567744,605.567744,40,200,153,2,20251021_025154
1760982666.0010524,2365538,605577728,605.577728,41,200,153,2,20251021_025154
1760982666.0110364,2365577,605587712,605.587712,41,200,153,2,20251021_025154
1760982666.0210204,2365616,605597696,605.597696,42,200,153,2,20251021_025154
1760982666.0310044,2365655,605607680,605.60768,43,200,152,2,20251021_025154
1760982666.0409884,2365694,605617664,605.617664,43,200,152,2,20251021_025154
1760982666.0509725,2365733,605627648,605.627648,44,200,151,2,20251021_025154
1760982666.0609562,2365772,605637632,605.637632,45,200,151,2,20251021_025154
1760982666.0709405,2365811,605647616,605.647616,46,200,151,2,20251021_025154
1760982666.0809245,2365850,605657600,605.6576,47,200,153,2,20251021_025154
1760982666.0909083,2365889,605667584,605.667584,47,200,151,2,20251021_025154
1760982666.1008923,2365928,605677568,605.677568,48,200,152,2,20251021_025154
1760982666.1108763,2365967,605687552,605.687552,49,200,151,2,20251021_025154
1760982666.1211164,2366007,605697792,605.697792,50,200,150,2,20251021_025154
1760982666.1311004,2366046,605707776,605.707776,51,200,151,2,20251021_025154
1760982666.1410844,2366085,605717760,605.71776,51,200,152,2,20251021_025154
1760982666.1510684,2366124,605727744,605.727744,52,200,152,2,20251021_025154
1760982666.1610525,2366163,605737728,605.737728,53,200,153,2,20251021_025154
1760982666.1710362,2366202,605747712,605.747712,53,201,153,2,20251021_025154
1760982666.1810205,2366241,605757696,605.757696,54,200,153,2,20251021_025154
1760982666.1910045,2366280,605767680,605.76768,54,200,153,2,20251021_025154
1760982666.2009883,2366319,605777664,605.777664,55,200,154,2,20251021_025154
1760982666.2109723,2366358,605787648,605.787648,55,200,154,2,20251021_025154
1760982666.2209563,2366397,605797632,605.797632,56,200,155,2,20251021_025154
1760982666.2309403,2366436,605807616,605.807616,56,200,156,2,20251021_025154
1760982666.2409244,2366475,605817600,605.8176,56,200,156,2,20251021_025154
1760982666.2509084,2366514,605827584,605.827584,56,200,156,2,20251021_025154
1760982666.2608924,2366553,605837568,605.837568,56,200,157,2,20251021_025154
1760982666.2711322,2366593,605847808,605.847808,56,200,157,2,20251021_025154
1760982666.2811162,2366632,605857792,605.857792,56,199,158,2,20251021_025154
1760982666.2911005,2366671,605867776,605.867776,56,200,157,2,20251021_025154
1760982666.3010845,2366710,605877760,605.87776,57,200,157,2,20251021_025154
1760982666.3110683,2366749,605887744,605.887744,57,200,156,2,20251021_025154
1760982666.3210523,2366788,605897728,605.897728,57,200,156,2,20251021_025154
1760982666.3310363,2366827,605907712,605.907712,57,200,157,2,20251021_025154
1760982666.3410203,2366866,605917696,605.917696,57,200,157,2,20251021_025154
1760982666.3510044,2366905,605927680,605.92768,57,200,157,2,20251021_025154
1760982666.3609884,2366944,605937664,605.937664,57,200,157,2,20251021_025154
1760982666.3709724,2366983,605947648,605.947648,57,199,159,2,20251021_025154
1760982666.3809564,2367022,605957632,605.957632,58,200,158,2,20251021_025154
1760982666.3909404,2367061,605967616,605.967616,58,200,157,2,20251021_025154
1760982666.4009244,2367100,605977600,605.9776,58,200,157,2,20251021_025154
1760982666.4111643,2367140,605987840,605.98784,58,200,158,2,20251021_025154
1760982666.4211483,2367179,605997824,605.997824,58,200,158,2,20251021_025154
1760982666.4311323,2367218,606007808,606.007808,58,200,158,2,20251021_025154
1760982666.4411163,2367257,606017792,606.017792,58,200,158,2,20251021_025154
1760982666.4511003,2367296,606027776,606.027776,58,200,158,2,20251021_025154
1760982666.4610844,2367335,606037760,606.03776,58,200,159,2,20251021_025154
1760982666.4710684,2367374,606047744,606.047744,59,200,158,2,20251021_025154
1760982666.4810524,2367413,606057728,606.057728,59,200,158,2,20251021_025154
1760982666.4910364,2367452,606067712,606.067712,59,200,158,2,20251021_025154
1760982666.5010204,2367491,606077696,606.077696,59,200,158,2,20251021_025154
1760982666.5110044,2367530,606087680,606.08768,59,200,158,2,20251021_025154
1760982666.5209885,2367569,606097664,606.097664,59,200,158,2,20251021_025154
1760982666.5309722,2367608,606107648,606.107648,59,200,158,2,20251021_025154
1760982666.5409565,2367647,606117632,606.117632,60,200,158,2,20251021_025154
1760982666.5511963,2367687,606127872,606.127872,60,200,157,2,20251021_025154
1760982666.5611804,2367726,606137856,606.137856,60,200,157,2,20251021_025154
1760982666.5711644,2367765,606147840,606.14784,60,200,157,2,20251021_025154
1760982666.5811484,2367804,606157824,606.157824,60,200,157,2,20251021_025154
1760982666.5911324,2367843,606167808,606.167808,60,199,157,2,20251021_025154
1760982666.6011164,2367882,606177792,606.177792,61,200,157,2,20251021_025154
1760982666.6111004,2367921,606187776,606.187776,61,200,156,2,20251021_025154
1760982666.6210845,2367960,606197760,606.19776,61,200,156,2,20251021_025154
1760982666.6310682,2367999,606207744,606.207744,61,200,155,2,20251021_025154
1760982666.6410522,2368038,606217728,606.217728,62,199,155,2,20251021_025154
1760982666.6510365,2368077,606227712,606.227712,62,200,154,2,20251021_025154
1760982666.6610205,2368116,606237696,606.237696,63,200,153,2,20251021_025154
1760982666.6710043,2368155,606247680,606.24768,64,199,153,2,20251021_025154
1760982666.6809883,2368194,606257664,606.257664,65,200,151,2,20251021_025154
1760982666.6909723,2368233,606267648,606.267648,66,200,150,2,20251021_025154
1760982666.7012124,2368273,606277888,606.277888,68,200,147,2,20251021_025154
1760982666.7111964,2368312,606287872,606.287872,71,200,148,2,20251021_025154
1760982666.7211804,2368351,606297856,606.297856,74,200,143,2,20251021_025154
1760982666.7311645,2368390,606307840,606.30784,77,199,142,2,20251021_025154
1760982666.7411482,2368429,606317824,606.317824,81,199,137,2,20251021_025154
1760982666.7511322,2368468,606327808,606.327808,84,200,133,2,20251021_025154
1760982666.7611165,2368507,606337792,606.337792,87,200,128,2,20251021_025154
1760982666.7711003,2368546,606347776,606.347776,90,200,124,2,20251021_025154
1760982666.7810843,2368585,606357760,606.35776,93,199,119,2,20251021_025154
1760982666.7910683,2368624,606367744,606.367744,96,200,115,2,20251021_025154
1760982666.8010523,2368663,606377728,606.377728,98,200,112,2,20251021_025154
1760982666.8110363,2368702,606387712,606.387712,101,199,109,2,20251021_025154
1760982666.8210204,2368741,606397696,606.397696,103,199,107,2,20251021_025154
1760982666.8310044,2368780,606407680,606.40768,106,200,105,2,20251021_025154
1760982666.8412445,2368820,606417920,606.41792,108,200,104,2,20251021_025154
1760982666.8512282,2368859,606427904,606.427904,110,200,104,2,20251021_025154
1760982666.8612125,2368898,606437888,606.437888,112,199,104,2,20251021_025154
1760982666.8711965,2368937,606447872,606.447872,114,199,104,2,20251021_025154
1760982666.8811803,2368976,606457856,606.457856,116,199,104,2,20251021_025154
1760982666.8911643,2369015,606467840,606.46784,118,199,106,2,20251021_025154
1760982666.9011483,2369054,606477824,606.477824,119,199,106,2,20251021_025154
1760982666.9111323,2369093,606487808,606.487808,121,200,107,2,20251021_025154
1760982666.9211164,2369132,606497792,606.497792,123,200,109,2,20251021_025154
1760982666.9311004,2369171,606507776,606.507776,124,200,109,2,20251021_025154
1760982666.9410844,2369210,606517760,606.51776,126,199,111,2,20251021_025154
1760982666.9510684,2369249,606527744,606.527744,127,199,113,2,20251021_025154
1760982666.9610524,2369288,606537728,606.537728,128,200,116,2,20251021_025154
1760982666.9710364,2369327,606547712,606.547712,130,200,120,2,20251021_025154
1760982666.9812765,2369367,606557952,606.557952,131,200,125,2,20251021_025154
1760982666.9912603,2369406,606567936,606.567936,132,200,129,2,20251021_025154
1760982667.0012443,2369445,606577920,606.57792,134,200,136,2,20251021_025154
1760982667.0112283,2369484,606587904,606.587904,136,200,139,2,20251021_025154
1760982667.0212123,2369523,606597888,606.597888,138,200,142,2,20251021_025154
1760982667.0311964,2369562,606607872,606.607872,140,200,144,2,20251021_025154
1760982667.0411804,2369601,606617856,606.617856,142,200,147,2,20251021_025154
1760982667.0511644,2369640,606627840,606.62784,145,200,149,2,20251021_025154
1760982667.0611484,2369679,606637824,606.637824,147,200,149,2,20251021_025154
1760982667.0711324,2369718,606647808,606.647808,150,200,150,2,20251021_025154
1760982667.0811164,2369757,606657792,606.657792,153,200,150,2,20251021_025154
1760982667.0911005,2369796,606667776,606.667776,155,200,150,2,20251021_025154
1760982667.1010842,2369835,606677760,606.67776,158,200,151,2,20251021_025154
1760982667.1110682,2369874,606687744,606.687744,161,200,151,2,20251021_025154
1760982667.1210525,2369913,606697728,606.697728,164,200,152,2,20251021_025154
1760982667.1312923,2369953,606707968,606.707968,167,200,152,2,20251021_025154
1760982667.1412764,2369992,606717952,606.717952,170,200,152,2,20251021_025154
1760982667.1512604,2370031,606727936,606.727936,174,200,152,2,20251021_025154
1760982667.1612444,2370070,606737920,606.73792,177,200,152,2,20251021_025154
1760982667.1712284,2370109,606747904,606.747904,180,200,152,2,20251021_025154
1760982667.1812124,2370148,606757888,606.757888,183,200,153,2,20251021_025154
1760982667.1911964,2370187,606767872,606.767872,187,200,153,2,20251021_025154
1760982667.2011805,2370226,606777856,606.777856,190,200,153,2,20251021_025154
1760982667.2111642,2370265,606787840,606.78784,193,200,153,2,20251021_025154
1760982667.2211485,2370304,606797824,606.797824,196,199,153,2,20251021_025154
1760982667.2311325,2370343,606807808,606.807808,199,199,153,2,20251021_025154
1760982667.2411163,2370382,606817792,606.817792,202,200,153,2,20251021_025154
1760982667.2511003,2370421,606827776,606.827776,205,200,153,2,20251021_025154
1760982667.2610843,2370460,606837760,606.83776,208,200,154,2,20251021_025154
1760982667.2713244,2370500,606848000,606.848,211,200,154,2,20251021_025154
1760982667.2813084,2370539,606857984,606.857984,214,200,154,2,20251021_025154
1760982667.2912924,2370578,606867968,606.867968,217,200,154,2,20251021_025154
1760982667.3012764,2370617,606877952,606.877952,220,200,155,2,20251021_025154
1760982667.3112605,2370656,606887936,606.887936,222,200,154,2,20251021_025154
1760982667.3212442,2370695,606897920,606.89792,225,200,154,2,20251021_025154
1760982667.3312285,2370734,606907904,606.907904,227,200,154,2,20251021_025154
1760982667.3412125,2370773,606917888,606.917888,230,200,154,2,20251021_025154
1760982667.3511963,2370812,606927872,606.927872,232,200,154,2,20251021_025154
1760982667.3611803,2370851,606937856,606.937856,234,200,154,2,20251021_025154
1760982667.3711643,2370890,606947840,606.94784,237,200,154,2,20251021_025154
1760982667.3811483,2370929,606957824,606.957824,239,200,154,2,20251021_025154
1760982667.3911324,2370968,606967808,606.967808,241,200,153,2,20251021_025154
1760982667.4011164,2371007,606977792,606.977792,243,200,153,2,20251021_025154
1760982667.4111004,2371046,606987776,606.987776,244,200,153,2,20251021_025154
1760982667.4213405,2371086,606998016,606.998016,246,200,153,2,20251021_025154
1760982667.4313242,2371125,607008000,607.008,248,200,153,2,20251021_025154
1760982667.4413085,2371164,607017984,607.017984,250,200,153,2,20251021_025154
1760982667.4512925,2371203,607027968,607.027968,251,200,152,2,20251021_025154
1760982667.4612763,2371242,607037952,607.037952,253,200,152,2,20251021_025154
1760982667.4712603,2371281,607047936,607.047936,254,200,151,2,20251021_025154
1760982667.4812443,2371320,607057920,607.05792,1,200,152,2,20251021_025154
1760982667.4912283,2371359,607067904,607.067904,2,200,152,2,20251021_025154
1760982667.5012124,2371398,607077888,607.077888,4,199,152,2,20251021_025154
1760982667.5111964,2371437,607087872,607.087872,5,200,151,2,20251021_025154
1760982667.5211804,2371476,607097856,607.097856,7,200,150,2,20251021_025154
1760982667.5311644,2371515,607107840,607.10784,8,200,149,2,20251021_025154
1760982667.5411484,2371554,607117824,607.117824,9,200,148,2,20251021_025154
1760982667.5511324,2371593,607127808,607.127808,11,200,146,2,20251021_025154
1760982667.5613725,2371633,607138048,607.138048,12,200,144,2,20251021_025154
1760982667.5713563,2371672,607148032,607.148032,14,200,143,2,20251021_025154
1760982667.5813403,2371711,607158016,607.158016,16,200,144,2,20251021_025154
1760982667.5913243,2371750,607168000,607.168,17,200,145,2,20251021_025154
1760982667.6013083,2371789,607177984,607.177984,19,200,143,2,20251021_025154
1760982667.6112924,2371828,607187968,607.187968,21,200,143,2,20251021_025154
1760982667.6212764,2371867,607197952,607.197952,22,200,143,2,20251021_025154
1760982667.6312604,2371906,607207936,607.207936,24,200,143,2,20251021_025154
1760982667.6412444,2371945,607217920,607.21792,26,200,143,2,20251021_025154
1760982667.6512284,2371984,607227904,607.227904,27,200,146,2,20251021_025154
1760982667.6612124,2372023,607237888,607.237888,29,200,144,2,20251021_025154
1760982667.6711965,2372062,607247872,607.247872,30,200,145,2,20251021_025154
1760982667.6811802,2372101,607257856,607.257856,32,200,145,2,20251021_025154
1760982667.6911645,2372140,607267840,607.26784,33,200,146,2,20251021_025154
1760982667.7014043,2372180,607278080,607.27808,34,200,146,2,20251021_025154
1760982667.7113883,2372219,607288064,607.288064,36,200,146,2,20251021_025154
1760982667.7213724,2372258,607298048,607.298048,37,200,147,2,20251021_025154
1760982667.7313564,2372297,607308032,607.308032,38,200,147,2,20251021_025154
1760982667.7413404,2372336,607318016,607.318016,39,200,148,2,20251021_025154
1760982667.7513244,2372375,607328000,607.328,40,200,150,2,20251021_025154
1760982667.7613084,2372414,607337984,607.337984,41,200,148,2,20251021_025154
1760982667.7712924,2372453,607347968,607.347968,42,200,148,2,20251021_025154
1760982667.7812765,2372492,607357952,607.357952,43,200,149,2,20251021_025154
1760982667.7912602,2372531,607367936,607.367936,44,200,149,2,20251021_025154
1760982667.8015003,2372571,607378176,607.378176,45,200,149,2,20251021_025154
1760982667.8114843,2372610,607388160,607.38816,46,200,150,2,20251021_025154
1760982667.8214684,2372649,607398144,607.398144,47,200,150,2,20251021_025154
1760982667.8314524,2372688,607408128,607.408128,48,200,150,2,20251021_025154
1760982667.8414364,2372727,607418112,607.418112,49,200,151,2,20251021_025154
1760982667.8514204,2372766,607428096,607.428096,49,200,150,2,20251021_025154
1760982667.8614044,2372805,607438080,607.43808,50,200,151,2,20251021_025154
1760982667.8713884,2372844,607448064,607.448064,51,200,152,2,20251021_025154
1760982667.8816285,2372884,607458304,607.458304,51,200,152,2,20251021_025154
1760982667.8916123,2372923,607468288,607.468288,52,200,152,2,20251021_025154
1760982667.9015963,2372962,607478272,607.478272,53,200,152,2,20251021_025154
1760982667.9115803,2373001,607488256,607.488256,53,201,153,2,20251021_025154
1760982667.9215643,2373040,607498240,607.49824,54,200,154,2,20251021_025154
1760982667.9315484,2373079,607508224,607.508224,54,200,153,2,20251021_025154
1760982667.9417884,2373119,607518464,607.518464,55,200,153,2,20251021_025154
1760982667.9517725,2373158,607528448,607.528448,55,200,153,2,20251021_025154
1760982667.9617562,2373197,607538432,607.538432,56,200,154,2,20251021_025154
1760982667.9717402,2373236,607548416,607.548416,56,200,154,2,20251021_025154
1760982667.9817245,2373275,607558400,607.5584,57,200,154,2,20251021_025154
1760982667.9917085,2373314,607568384,607.568384,57,200,154,2,20251021_025154
1760982668.0016923,2373353,607578368,607.578368,58,200,154,2,20251021_025154
1760982668.0116763,2373392,607588352,607.588352,58,200,154,2,20251021_025154
1760982668.0219164,2373432,607598592,607.598592,59,200,153,2,20251021_025154
1760982668.0319004,2373471,607608576,607.608576,59,200,155,2,20251021_025154
1760982668.0418844,2373510,607618560,607.61856,59,200,155,2,20251021_025154
1760982668.0518684,2373549,607628544,607.628544,60,200,155,2,20251021_025154
1760982668.0618525,2373588,607638528,607.638528,60,201,155,2,20251021_025154
1760982668.0718362,2373627,607648512,607.648512,60,200,155,2,20251021_025154
1760982668.0820763,2373667,607658752,607.658752,61,200,155,2,20251021_025154
1760982668.0920603,2373706,607668736,607.668736,61,200,155,2,20251021_025154
1760982668.1020443,2373745,607678720,607.67872,61,200,154,2,20251021_025154
1760982668.1120284,2373784,607688704,607.688704,62,200,155,2,20251021_025154
1760982668.1220124,2373823,607698688,607.698688,62,200,155,2,20251021_025154
1760982668.1319964,2373862,607708672,607.708672,63,200,154,2,20251021_025154
1760982668.1419804,2373901,607718656,607.718656,63,200,154,2,20251021_025154
1760982668.1522202,2373941,607728896,607.728896,64,199,156,2,20251021_025154
1760982668.1622045,2373980,607738880,607.73888,64,200,154,2,20251021_025154
1760982668.1721883,2374019,607748864,607.748864,64,200,155,2,20251021_025154
1760982668.1821723,2374058,607758848,607.758848,65,200,154,2,20251021_025154
1760982668.1921563,2374097,607768832,607.768832,65,200,154,2,20251021_025154
1760982668.2021403,2374136,607778816,607.778816,66,200,154,2,20251021_025154
1760982668.2121243,2374175,607788800,607.7888,67,200,154,2,20251021_025154
1760982668.2223644,2374215,607799040,607.79904,67,200,155,2,20251021_025154
1760982668.2323484,2374254,607809024,607.809024,68,200,154,2,20251021_025154
1760982668.2423325,2374293,607819008,607.819008,68,200,154,2,20251021_025154
1760982668.2523162,2374332,607828992,607.828992,69,200,153,2,20251021_025154
1760982668.2623005,2374371,607838976,607.838976,70,200,153,2,20251021_025154
1760982668.2722845,2374410,607848960,607.84896,70,200,153,2,20251021_025154
1760982668.2822683,2374449,607858944,607.858944,71,200,153,2,20251021_025154
1760982668.2922523,2374488,607868928,607.868928,72,200,154,2,20251021_025154
1760982668.3022363,2374527,607878912,607.878912,72,200,152,2,20251021_025154
1760982668.3122203,2374566,607888896,607.888896,73,200,152,2,20251021_025154
1760982668.3224604,2374606,607899136,607.899136,74,200,151,2,20251021_025154
1760982668.3324444,2374645,607909120,607.90912,75,199,150,2,20251021_025154
1760982668.3424284,2374684,607919104,607.919104,76,200,148,2,20251021_025154
1760982668.3524125,2374723,607929088,607.929088,78,200,149,2,20251021_025154
1760982668.3623962,2374762,607939072,607.939072,79,200,148,2,20251021_025154
1760982668.3723805,2374801,607949056,607.949056,80,199,147,2,20251021_025154
1760982668.3823645,2374840,607959040,607.95904,81,200,146,2,20251021_025154
1760982668.3923483,2374879,607969024,607.969024,83,201,145,2,20251021_025154
1760982668.4023323,2374918,607979008,607.979008,85,200,144,2,20251021_025154
1760982668.4123163,2374957,607988992,607.988992,86,200,146,2,20251021_025154
1760982668.4223003,2374996,607998976,607.998976,87,200,147,2,20251021_025154
1760982668.4322844,2375035,608008960,608.00896,89,200,147,2,20251021_025154
1760982668.4422684,2375074,608018944,608.018944,90,200,148,2,20251021_025154
1760982668.4522524,2375113,608028928,608.028928,92,200,149,2,20251021_025154
1760982668.4624922,2375153,608039168,608.039168,93,200,151,2,20251021_025154
1760982668.4724762,2375192,608049152,608.049152,94,199,150,2,20251021_025154
1760982668.4824605,2375231,608059136,608.059136,95,200,151,2,20251021_025154
1760982668.4924445,2375270,608069120,608.06912,97,200,152,2,20251021_025154
1760982668.5024283,2375309,608079104,608.079104,98,200,152,2,20251021_025154
1760982668.5124123,2375348,608089088,608.089088,99,200,153,2,20251021_025154
1760982668.5223963,2375387,608099072,608.099072,101,199,153,2,20251021_025154
1760982668.5323803,2375426,608109056,608.109056,102,200,154,2,20251021_025154
1760982668.5423644,2375465,608119040,608.11904,104,200,155,2,20251021_025154
1760982668.5523484,2375504,608129024,608.129024,105,200,155,2,20251021_025154
1760982668.5623324,2375543,608139008,608.139008,107,200,156,2,20251021_025154
1760982668.5723164,2375582,608148992,608.148992,108,199,156,2,20251021_025154
1760982668.5823004,2375621,608158976,608.158976,110,200,156,2,20251021_025154
1760982668.5922844,2375660,608168960,608.16896,112,200,156,2,20251021_025154
1760982668.6022685,2375699,608178944,608.178944,113,200,156,2,20251021_025154
1760982668.6125083,2375739,608189184,608.189184,115,201,156,2,20251021_025154
1760982668.6224923,2375778,608199168,608.199168,117,200,156,2,20251021_025154
1760982668.6324763,2375817,608209152,608.209152,119,200,156,2,20251021_025154
1760982668.6424603,2375856,608219136,608.219136,122,199,156,2,20251021_025154
1760982668.6524444,2375895,608229120,608.22912,124,200,156,2,20251021_025154
1760982668.6624284,2375934,608239104,608.239104,126,199,155,2,20251021_025154
1760982668.6724124,2375973,608249088,608.249088,129,200,156,2,20251021_025154
1760982668.6823964,2376012,608259072,608.259072,131,200,156,2,20251021_025154
1760982668.6923804,2376051,608269056,608.269056,134,200,156,2,20251021_025154
1760982668.7023644,2376090,608279040,608.27904,137,199,156,2,20251021_025154
1760982668.7123485,2376129,608289024,608.289024,140,200,156,2,20251021_025154
1760982668.7223322,2376168,608299008,608.299008,143,199,156,2,20251021_025154
1760982668.7323165,2376207,608308992,608.308992,146,200,156,2,20251021_025154
1760982668.7423005,2376246,608318976,608.318976,149,199,156,2,20251021_025154
1760982668.7525403,2376286,608329216,608.329216,153,200,157,2,20251021_025154
1760982668.7625244,2376325,608339200,608.3392,156,200,157,2,20251021_025154
1760982668.7725084,2376364,608349184,608.349184,160,200,158,2,20251021_025154
1760982668.7824924,2376403,608359168,608.359168,163,200,157,2,20251021_025154
1760982668.7924764,2376442,608369152,608.369152,167,199,157,2,20251021_025154
1760982668.8024604,2376481,608379136,608.379136,171,200,158,2,20251021_025154
1760982668.8124444,2376520,608389120,608.38912,174,199,156,2,20251021_025154
1760982668.8224285,2376559,608399104,608.399104,178,200,158,2,20251021_025154
1760982668.8324122,2376598,608409088,608.409088,182,199,158,2,20251021_025154
1760982668.8423965,2376637,608419072,608.419072,186,199,158,2,20251021_025154
1760982668.8523805,2376676,608429056,608.429056,189,199,158,2,20251021_025154
1760982668.8623643,2376715,608439040,608.43904,193,199,158,2,20251021_025154
1760982668.8723483,2376754,608449024,608.449024,196,200,157,2,20251021_025154
1760982668.8823323,2376793,608459008,608.459008,200,199,156,2,20251021_025154
1760982668.8925724,2376833,608469248,608.469248,203,199,158,2,20251021_025154
1760982668.9025564,2376872,608479232,608.479232,207,199,158,2,20251021_025154
1760982668.9125404,2376911,608489216,608.489216,210,199,159,2,20251021_025154
1760982668.9225245,2376950,608499200,608.4992,213,200,158,2,20251021_025154
1760982668.9325082,2376989,608509184,608.509184,216,200,158,2,20251021_025154
1760982668.9424922,2377028,608519168,608.519168,219,200,159,2,20251021_025154
1760982668.9524765,2377067,608529152,608.529152,222,200,158,2,20251021_025154
1760982668.9624605,2377106,608539136,608.539136,225,200,159,2,20251021_025154
1760982668.9724443,2377145,608549120,608.54912,227,200,159,2,20251021_025154
1760982668.9824283,2377184,608559104,608.559104,230,200,158,2,20251021_025154
1760982668.9924123,2377223,608569088,608.569088,232,200,158,2,20251021_025154
1760982669.0023963,2377262,608579072,608.579072,234,199,158,2,20251021_025154
1760982669.0123804,2377301,608589056,608.589056,237,200,158,2,20251021_025154
1760982669.0223644,2377340,608599040,608.59904,239,200,159,2,20251021_025154
1760982669.0326045,2377380,608609280,608.60928,241,200,158,2,20251021_025154
1760982669.0425882,2377419,608619264,608.619264,243,200,158,2,20251021_025154
1760982669.0525725,2377458,608629248,608.629248,244,200,158,2,20251021_025154
1760982669.0625565,2377497,608639232,608.639232,246,200,158,2,20251021_025154
1760982669.0725403,2377536,608649216,608.649216,248,200,158,2,20251021_025154
1760982669.0825243,2377575,608659200,608.6592,250,200,158,2,20251021_025154
1760982669.0925083,2377614,608669184,608.669184,251,200,158,2,20251021_025154
1760982669.1024923,2377653,608679168,608.679168,253,200,158,2,20251021_025154
1760982669.1124763,2377692,608689152,608.689152,254,200,158,2,20251021_025154
1760982669.1224604,2377731,608699136,608.699136,0,200,158,2,20251021_025154
1760982669.1324444,2377770,608709120,608.70912,2,200,158,2,20251021_025154
1760982669.1424284,2377809,608719104,608.719104,3,200,159,2,20251021_025154
1760982669.1524124,2377848,608729088,608.729088,4,200,159,2,20251021_025154
1760982669.1623964,2377887,608739072,608.739072,5,200,160,2,20251021_025154
1760982669.1723804,2377926,608749056,608.749056,6,200,159,2,20251021_025154
1760982669.1826203,2377966,608759296,608.759296,7,200,159,2,20251021_025154
1760982669.1926043,2378005,608769280,608.76928,8,200,159,2,20251021_025154
1760982669.2025883,2378044,608779264,608.779264,9,200,159,2,20251021_025154
1760982669.2125723,2378083,608789248,608.789248,10,200,159,2,20251021_025154
1760982669.2225564,2378122,608799232,608.799232,11,200,159,2,20251021_025154
1760982669.2325404,2378161,608809216,608.809216,12,200,159,2,20251021_025154
1760982669.2425244,2378200,608819200,608.8192,13,200,160,2,20251021_025154
1760982669.2525084,2378239,608829184,608.829184,14,200,160,2,20251021_025154
1760982669.2624924,2378278,608839168,608.839168,14,200,159,2,20251021_025154
1760982669.2724764,2378317,608849152,608.849152,15,200,159,2,20251021_025154
1760982669.2824605,2378356,608859136,608.859136,16,200,159,2,20251021_025154
1760982669.2924442,2378395,608869120,608.86912,17,200,159,2,20251021_025154
1760982669.3024282,2378434,608879104,608.879104,17,200,159,2,20251021_025154
1760982669.3124125,2378473,608889088,608.889088,18,200,160,2,20251021_025154
1760982669.3226523,2378513,608899328,608.899328,19,200,159,2,20251021_025154
1760982669.3326364,2378552,608909312,608.909312,19,200,159,2,20251021_025154
1760982669.3426204,2378591,608919296,608.919296,20,200,159,2,20251021_025154
1760982669.3526044,2378630,608929280,608.92928,20,199,159,2,20251021_025154
1760982669.3625884,2378669,608939264,608.939264,21,200,159,2,20251021_025154
1760982669.3725724,2378708,608949248,608.949248,21,200,159,2,20251021_025154
1760982669.3825564,2378747,608959232,608.959232,22,200,159,2,20251021_025154
1760982669.3925405,2378786,608969216,608.969216,23,200,159,2,20251021_025154
1760982669.4025242,2378825,608979200,608.9792,23,200,159,2,20251021_025154
1760982669.4125082,2378864,608989184,608.989184,24,200,159,2,20251021_025154
1760982669.4224925,2378903,608999168,608.999168,24,200,160,2,20251021_025154
1760982669.4324763,2378942,609009152,609.009152,24,200,159,2,20251021_025154
1760982669.4424603,2378981,609019136,609.019136,25,199,159,2,20251021_025154
1760982669.4524443,2379020,609029120,609.02912,25,199,158,2,20251021_025154
1760982669.4626844,2379060,609039360,609.03936,26,200,159,2,20251021_025154
1760982669.4726684,2379099,609049344,609.049344,26,200,159,2,20251021_025154
1760982669.4826524,2379138,609059328,609.059328,27,199,158,2,20251021_025154
1760982669.4926364,2379177,609069312,609.069312,27,200,158,2,20251021_025154
1760982669.5026205,2379216,609079296,609.079296,28,199,160,2,20251021_025154
1760982669.5126042,2379255,609089280,609.08928,28,200,159,2,20251021_025154
1760982669.5225885,2379294,609099264,609.099264,28,200,159,2,20251021_025154
1760982669.5325725,2379333,609109248,609.109248,29,200,159,2,20251021_025154
1760982669.5425563,2379372,609119232,609.119232,29,200,158,2,20251021_025154
1760982669.5525403,2379411,609129216,609.129216,30,200,158,2,20251021_025154
1760982669.5625243,2379450,609139200,609.1392,30,200,158,2,20251021_025154
1760982669.5725083,2379489,609149184,609.149184,31,199,158,2,20251021_025154
1760982669.5824924,2379528,609159168,609.159168,31,199,158,2,20251021_025154
1760982669.5924764,2379567,609169152,609.169152,32,199,158,2,20251021_025154
1760982669.6027164,2379607,609179392,609.179392,33,200,157,2,20251021_025154
1760982669.6127005,2379646,609189376,609.189376,33,200,157,2,20251021_025154
1760982669.6226842,2379685,609199360,609.19936,34,199,157,2,20251021_025154
1760982669.6326685,2379724,609209344,609.209344,35,200,157,2,20251021_025154
1760982669.6426525,2379763,609219328,609.219328,36,200,156,2,20251021_025154
1760982669.6526363,2379802,609229312,609.229312,37,199,156,2,20251021_025154
1760982669.6626203,2379841,609239296,609.239296,38,199,156,2,20251021_025154
1760982669.6726043,2379880,609249280,609.24928,39,199,155,2,20251021_025154
1760982669.6825883,2379919,609259264,609.259264,41,200,154,2,20251021_025154
1760982669.6925724,2379958,609269248,609.269248,43,199,154,2,20251021_025154
1760982669.7025564,2379997,609279232,609.279232,45,199,153,2,20251021_025154
1760982669.7125404,2380036,609289216,609.289216,47,201,155,2,20251021_025154
1760982669.7225244,2380075,609299200,609.2992,50,199,151,2,20251021_025154
1760982669.7325084,2380114,609309184,609.309184,53,199,147,2,20251021_025154
1760982669.7424924,2380153,609319168,609.319168,57,200,142,2,20251021_025154
1760982669.7527325,2380193,609329408,609.329408,61,199,138,2,20251021_025154
1760982669.7627163,2380232,609339392,609.339392,65,200,133,2,20251021_025154
1760982669.7727003,2380271,609349376,609.349376,68,200,128,2,20251021_025154
1760982669.7826843,2380310,609359360,609.35936,72,200,124,2,20251021_025154
1760982669.7926683,2380349,609369344,609.369344,75,199,118,2,20251021_025154
1760982669.8026524,2380388,609379328,609.379328,78,199,114,2,20251021_025154
1760982669.8126364,2380427,609389312,609.389312,82,200,111,2,20251021_025154
1760982669.8226204,2380466,609399296,609.399296,85,199,107,2,20251021_025154
1760982669.8326044,2380505,609409280,609.40928,88,199,105,2,20251021_025154
1760982669.8425884,2380544,609419264,609.419264,91,199,105,2,20251021_025154
1760982669.8525724,2380583,609429248,609.429248,94,199,105,2,20251021_025154
1760982669.8625565,2380622,609439232,609.439232,97,199,106,2,20251021_025154
1760982669.8725402,2380661,609449216,609.449216,99,199,107,2,20251021_025154
1760982669.8825245,2380700,609459200,609.4592,102,199,106,2,20251021_025154
1760982669.8927643,2380740,609469440,609.46944,104,199,106,2,20251021_025154
1760982669.9027483,2380779,609479424,609.479424,106,199,108,2,20251021_025154
1760982669.9127324,2380818,609489408,609.489408,109,199,108,2,20251021_025154
1760982669.9227164,2380857,609499392,609.499392,111,199,109,2,20251021_025154
1760982669.9327004,2380896,609509376,609.509376,113,200,111,2,20251021_025154
1760982669.9426844,2380935,609519360,609.51936,115,199,112,2,20251021_025154
1760982669.9526684,2380974,609529344,609.529344,117,199,112,2,20251021_025154
1760982669.9626524,2381013,609539328,609.539328,118,199,116,2,20251021_025154
1760982669.9726365,2381052,609549312,609.549312,120,199,119,2,20251021_025154
1760982669.9826202,2381091,609559296,609.559296,122,199,124,2,20251021_025154
1760982669.9926045,2381130,609569280,609.56928,123,199,127,2,20251021_025154
1760982670.0025885,2381169,609579264,609.579264,125,199,132,2,20251021_025154
1760982670.0125723,2381208,609589248,609.589248,127,199,138,2,20251021_025154
1760982670.0225563,2381247,609599232,609.599232,128,199,141,2,20251021_025154
1760982670.0327964,2381287,609609472,609.609472,130,199,143,2,20251021_025154
1760982670.0427804,2381326,609619456,609.619456,132,199,146,2,20251021_025154
1760982670.0527644,2381365,609629440,609.62944,135,199,148,2,20251021_025154
1760982670.0627484,2381404,609639424,609.639424,137,199,149,2,20251021_025154
1760982670.0727324,2381443,609649408,609.649408,139,199,150,2,20251021_025154
1760982670.0827165,2381482,609659392,609.659392,142,199,150,2,20251021_025154
1760982670.0927002,2381521,609669376,609.669376,144,199,152,2,20251021_025154
1760982670.1026845,2381560,609679360,609.67936,147,199,150,2,20251021_025154
1760982670.1126685,2381599,609689344,609.689344,149,199,150,2,20251021_025154
1760982670.1226523,2381638,609699328,609.699328,152,199,151,2,20251021_025154
1760982670.1326363,2381677,609709312,609.709312,155,199,151,2,20251021_025154
1760982670.1426203,2381716,609719296,609.719296,158,199,152,2,20251021_025154
1760982670.1526043,2381755,609729280,609.72928,161,199,152,2,20251021_025154
1760982670.1625884,2381794,609739264,609.739264,164,199,152,2,20251021_025154
1760982670.1725724,2381833,609749248,609.749248,167,199,153,2,20251021_025154
1760982670.1828125,2381873,609759488,609.759488,170,198,153,2,20251021_025154
1760982670.1927962,2381912,609769472,609.769472,173,199,153,2,20251021_025154
1760982670.2027802,2381951,609779456,609.779456,176,200,154,2,20251021_025154
1760982670.2127645,2381990,609789440,609.78944,179,199,154,2,20251021_025154
1760982670.2227485,2382029,609799424,609.799424,182,199,154,2,20251021_025154
1760982670.2327323,2382068,609809408,609.809408,185,199,154,2,20251021_025154
1760982670.2427163,2382107,609819392,609.819392,188,199,154,2,20251021_025154
1760982670.2527003,2382146,609829376,609.829376,192,199,154,2,20251021_025154
1760982670.2626843,2382185,609839360,609.83936,195,199,155,2,20251021_025154
1760982670.2726684,2382224,609849344,609.849344,198,199,154,2,20251021_025154
1760982670.2826524,2382263,609859328,609.859328,201,199,154,2,20251021_025154
1760982670.2926364,2382302,609869312,609.869312,204,199,154,2,20251021_025154
1760982670.3026204,2382341,609879296,609.879296,207,199,154,2,20251021_025154
1760982670.3126044,2382380,609889280,609.88928,210,199,155,2,20251021_025154
1760982670.3228445,2382420,609899520,609.89952,213,199,155,2,20251021_025154
1760982670.3328283,2382459,609909504,609.909504,215,199,155,2,20251021_025154
1760982670.3428123,2382498,609919488,609.919488,218,199,155,2,20251021_025154
1760982670.3527963,2382537,609929472,609.929472,221,199,155,2,20251021_025154
1760982670.3627803,2382576,609939456,609.939456,223,199,155,2,20251021_025154
1760982670.3727643,2382615,609949440,609.94944,226,199,155,2,20251021_025154
1760982670.3827484,2382654,609959424,609.959424,228,200,155,2,20251021_025154
1760982670.3927324,2382693,609969408,609.969408,231,200,156,2,20251021_025154
1760982670.4027164,2382732,609979392,609.979392,233,199,155,2,20251021_025154
1760982670.4127004,2382771,609989376,609.989376,235,199,153,2,20251021_025154
1760982670.4226844,2382810,609999360,609.99936,237,200,155,2,20251021_025154
1760982670.4326684,2382849,610009344,610.009344,239,200,155,2,20251021_025154
1760982670.4426525,2382888,610019328,610.019328,241,199,156,2,20251021_025154
1760982670.4526362,2382927,610029312,610.029312,243,199,155,2,20251021_025154
1760982670.4628763,2382967,610039552,610.039552,245,199,155,2,20251021_025154
1760982670.4728603,2383006,610049536,610.049536,247,199,155,2,20251021_025154
1760982670.4828444,2383045,610059520,610.05952,248,200,155,2,20251021_025154
1760982670.4928284,2383084,610069504,610.069504,250,199,155,2,20251021_025154
1760982670.5028124,2383123,610079488,610.079488,252,199,155,2,20251021_025154
1760982670.5127964,2383162,610089472,610.089472,253,199,154,2,20251021_025154
1760982670.5227804,2383201,610099456,610.099456,0,199,154,2,20251021_025154
1760982670.5327644,2383240,610109440,610.10944,1,200,155,2,20251021_025154
1760982670.5427485,2383279,610119424,610.119424,3,200,154,2,20251021_025154
1760982670.5527322,2383318,610129408,610.129408,4,200,153,2,20251021_025154
1760982670.5627162,2383357,610139392,610.139392,5,200,153,2,20251021_025154
1760982670.5727005,2383396,610149376,610.149376,7,199,153,2,20251021_025154
1760982670.5826845,2383435,610159360,610.15936,8,200,153,2,20251021_025154
1760982670.5926683,2383474,610169344,610.169344,9,200,153,2,20251021_025154
1760982670.6026523,2383513,610179328,610.179328,11,199,153,2,20251021_025154
1760982670.6128924,2383553,610189568,610.189568,12,200,154,2,20251021_025154
1760982670.6228764,2383592,610199552,610.199552,13,199,154,2,20251021_025154
1760982670.6328604,2383631,610209536,610.209536,14,199,154,2,20251021_025154
1760982670.6428444,2383670,610219520,610.21952,15,200,154,2,20251021_025154
1760982670.6528285,2383709,610229504,610.229504,16,200,154,2,20251021_025154
1760982670.6628122,2383748,610239488,610.239488,17,199,154,2,20251021_025154
1760982670.6727962,2383787,610249472,610.249472,18,201,155,2,20251021_025154
1760982670.6827805,2383826,610259456,610.259456,19,199,156,2,20251021_025154
1760982670.6927643,2383865,610269440,610.26944,20,199,155,2,20251021_025154
1760982670.7027483,2383904,610279424,610.279424,21,200,156,2,20251021_025154
1760982670.7127323,2383943,610289408,610.289408,22,199,156,2,20251021_025154
1760982670.7227163,2383982,610299392,610.299392,22,199,155,2,20251021_025154
1760982670.7327003,2384021,610309376,610.309376,23,199,156,2,20251021_025154
1760982670.7426844,2384060,610319360,610.31936,24,200,156,2,20251021_025154
1760982670.7529244,2384100,610329600,610.3296,24,199,156,2,20251021_025154
1760982670.7629085,2384139,610339584,610.339584,25,199,156,2,20251021_025154
1760982670.7728922,2384178,610349568,610.349568,26,199,156,2,20251021_025154
1760982670.7828765,2384217,610359552,610.359552,26,199,156,2,20251021_025154
1760982670.7928605,2384256,610369536,610.369536,27,200,156,2,20251021_025154
1760982670.8028443,2384295,610379520,610.37952,28,200,156,2,20251021_025154
1760982670.8128283,2384334,610389504,610.389504,28,199,156,2,20251021_025154
1760982670.8228123,2384373,610399488,610.399488,29,199,156,2,20251021_025154
1760982670.8327963,2384412,610409472,610.409472,29,199,156,2,20251021_025154
1760982670.8427804,2384451,610419456,610.419456,30,199,156,2,20251021_025154
1760982670.8527644,2384490,610429440,610.42944,30,199,157,2,20251021_025154
1760982670.8627484,2384529,610439424,610.439424,31,199,156,2,20251021_025154
1760982670.8727324,2384568,610449408,610.449408,31,199,157,2,20251021_025154
1760982670.8827164,2384607,610459392,610.459392,32,199,157,2,20251021_025154
1760982670.8929565,2384647,610469632,610.469632,32,199,158,2,20251021_025154
1760982670.9029405,2384686,610479616,610.479616,33,199,157,2,20251021_025154
1760982670.9129243,2384725,610489600,610.4896,33,199,157,2,20251021_025154
1760982670.9229083,2384764,610499584,610.499584,34,199,157,2,20251021_025154
1760982670.9328923,2384803,610509568,610.509568,34,199,157,2,20251021_025154
1760982670.9428763,2384842,610519552,610.519552,34,200,157,2,20251021_025154
1760982670.9528604,2384881,610529536,610.529536,35,199,157,2,20251021_025154
1760982670.9628444,2384920,610539520,610.53952,35,199,158,2,20251021_025154
1760982670.9728284,2384959,610549504,610.549504,36,199,157,2,20251021_025154
1760982670.9828124,2384998,610559488,610.559488,36,199,157,2,20251021_025154
1760982670.9927964,2385037,610569472,610.569472,36,199,157,2,20251021_025154
1760982671.0027804,2385076,610579456,610.579456,37,199,158,2,20251021_025154
1760982671.0127645,2385115,610589440,610.58944,37,199,158,2,20251021_025154
1760982671.0227482,2385154,610599424,610.599424,37,199,158,2,20251021_025154
1760982671.0327322,2385193,610609408,610.609408,38,199,157,2,20251021_025154
1760982671.0429723,2385233,610619648,610.619648,38,199,157,2,20251021_025154
1760982671.0529563,2385272,610629632,610.629632,38,199,157,2,20251021_025154
1760982671.0629404,2385311,610639616,610.639616,39,199,157,2,20251021_025154
1760982671.0729244,2385350,610649600,610.6496,39,199,156,2,20251021_025154
1760982671.0829084,2385389,610659584,610.659584,39,199,157,2,20251021_025154
1760982671.0928924,2385428,610669568,610.669568,40,199,156,2,20251021_025154
1760982671.1028764,2385467,610679552,610.679552,40,199,156,2,20251021_025154
1760982671.1128604,2385506,610689536,610.689536,41,199,156,2,20251021_025154
1760982671.1228445,2385545,610699520,610.69952,41,199,156,2,20251021_025154
1760982671.1328282,2385584,610709504,610.709504,42,199,156,2,20251021_025154
1760982671.1428125,2385623,610719488,610.719488,42,199,155,2,20251021_025154
1760982671.1527965,2385662,610729472,610.729472,43,199,155,2,20251021_025154
1760982671.1627803,2385701,610739456,610.739456,43,200,155,2,20251021_025154
1760982671.1727643,2385740,610749440,610.74944,44,199,154,2,20251021_025154
1760982671.1830044,2385780,610759680,610.75968,44,199,154,2,20251021_025154
1760982671.1929884,2385819,610769664,610.769664,45,199,154,2,20251021_025154
1760982671.2029724,2385858,610779648,610.779648,45,199,154,2,20251021_025154
1760982671.2129564,2385897,610789632,610.789632,46,199,152,2,20251021_025154
1760982671.2229404,2385936,610799616,610.799616,47,199,155,2,20251021_025154
1760982671.2329245,2385975,610809600,610.8096,47,200,154,2,20251021_025154
1760982671.2429082,2386014,610819584,610.819584,48,199,152,2,20251021_025154
1760982671.2528925,2386053,610829568,610.829568,49,199,154,2,20251021_025154
1760982671.2628765,2386092,610839552,610.839552,50,199,152,2,20251021_025154
1760982671.2728603,2386131,610849536,610.849536,51,199,150,2,20251021_025154
1760982671.2828443,2386170,610859520,610.85952,52,199,149,2,20251021_025154
1760982671.2928283,2386209,610869504,610.869504,53,199,149,2,20251021_025154
1760982671.3028123,2386248,610879488,610.879488,54,199,148,2,20251021_025154
1760982671.3127964,2386287,610889472,610.889472,55,199,147,2,20251021_025154
1760982671.3230364,2386327,610899712,610.899712,57,199,146,2,20251021_025154
1760982671.3330204,2386366,610909696,610.909696,58,199,145,2,20251021_025154
1760982671.3430045,2386405,610919680,610.91968,60,199,143,2,20251021_025154
1760982671.3529882,2386444,610929664,610.929664,62,199,140,2,20251021_025154
1760982671.3629725,2386483,610939648,610.939648,64,199,137,2,20251021_025154
1760982671.3729565,2386522,610949632,610.949632,66,199,136,2,20251021_025154
1760982671.3829403,2386561,610959616,610.959616,69,199,136,2,20251021_025154
1760982671.3929243,2386600,610969600,610.9696,71,199,136,2,20251021_025154
1760982671.4029083,2386639,610979584,610.979584,74,199,134,2,20251021_025154
1760982671.4128923,2386678,610989568,610.989568,76,199,133,2,20251021_025154
1760982671.4228764,2386717,610999552,610.999552,79,199,132,2,20251021_025154
1760982671.4328604,2386756,611009536,611.009536,82,199,131,2,20251021_025154
1760982671.4428444,2386795,611019520,611.01952,84,199,130,2,20251021_025154
1760982671.4528284,2386834,611029504,611.029504,87,199,130,2,20251021_025154
1760982671.4630682,2386874,611039744,611.039744,90,199,129,2,20251021_025154
1760982671.4730525,2386913,611049728,611.049728,92,198,128,2,20251021_025154
1760982671.4830365,2386952,611059712,611.059712,95,199,128,2,20251021_025154
1760982671.4930203,2386991,611069696,611.069696,97,200,128,2,20251021_025154
1760982671.5030043,2387030,611079680,611.07968,100,199,127,2,20251021_025154
1760982671.5129883,2387069,611089664,611.089664,102,198,128,2,20251021_025154
1760982671.5229723,2387108,611099648,611.099648,105,199,128,2,20251021_025154
1760982671.5329564,2387147,611109632,611.109632,107,199,129,2,20251021_025154
1760982671.5429404,2387186,611119616,611.119616,109,198,131,2,20251021_025154
1760982671.5529244,2387225,611129600,611.1296,111,198,132,2,20251021_025154
1760982671.5629084,2387264,611139584,611.139584,113,198,134,2,20251021_025154
1760982671.5728924,2387303,611149568,611.149568,115,198,136,2,20251021_025154
1760982671.5828764,2387342,611159552,611.159552,117,198,138,2,20251021_025154
1760982671.5928605,2387381,611169536,611.169536,119,198,141,2,20251021_025154
1760982671.6028442,2387420,611179520,611.17952,120,198,144,2,20251021_025154
1760982671.6130843,2387460,611189760,611.18976,122,198,146,2,20251021_025154
1760982671.6230683,2387499,611199744,611.199744,125,198,146,2,20251021_025154
1760982671.6330523,2387538,611209728,611.209728,127,198,148,2,20251021_025154
1760982671.6430364,2387577,611219712,611.219712,129,198,148,2,20251021_025154
1760982671.6530204,2387616,611229696,611.229696,131,198,150,2,20251021_025154
1760982671.6630044,2387655,611239680,611.23968,134,198,152,2,20251021_025154
1760982671.6729884,2387694,611249664,611.249664,136,198,153,2,20251021_025154
1760982671.6829724,2387733,611259648,611.259648,139,198,153,2,20251021_025154
1760982671.6929564,2387772,611269632,611.269632,141,198,153,2,20251021_025154
1760982671.7029405,2387811,611279616,611.279616,144,198,153,2,20251021_025154
1760982671.7129242,2387850,611289600,611.2896,147,198,154,2,20251021_025154
1760982671.7229085,2387889,611299584,611.299584,150,199,153,2,20251021_025154
1760982671.7328925,2387928,611309568,611.309568,153,198,154,2,20251021_025154
1760982671.7428763,2387967,611319552,611.319552,156,198,154,2,20251021_025154
1760982671.7531164,2388007,611329792,611.329792,160,198,154,2,20251021_025154
1760982671.7631004,2388046,611339776,611.339776,163,198,154,2,20251021_025154
1760982671.7730844,2388085,611349760,611.34976,166,198,155,2,20251021_025154
1760982671.7830684,2388124,611359744,611.359744,170,198,155,2,20251021_025154
1760982671.7930524,2388163,611369728,611.369728,173,198,155,2,20251021_025154
1760982671.8030365,2388202,611379712,611.379712,177,198,155,2,20251021_025154
1760982671.8130202,2388241,611389696,611.389696,180,198,155,2,20251021_025154
1760982671.8230042,2388280,611399680,611.39968,184,198,156,2,20251021_025154
1760982671.8329885,2388319,611409664,611.409664,187,198,156,2,20251021_025154
1760982671.8429725,2388358,611419648,611.419648,191,198,156,2,20251021_025154
1760982671.8529563,2388397,611429632,611.429632,194,198,156,2,20251021_025154
1760982671.8629403,2388436,611439616,611.439616,198,198,156,2,20251021_025154
1760982671.8729243,2388475,611449600,611.4496,201,199,156,2,20251021_025154
1760982671.8829083,2388514,611459584,611.459584,205,198,156,2,20251021_025154
1760982671.8931484,2388554,611469824,611.469824,208,198,156,2,20251021_025154
1760982671.9031324,2388593,611479808,611.479808,211,199,157,2,20251021_025154
1760982671.9131165,2388632,611489792,611.489792,214,198,156,2,20251021_025154
1760982671.9231002,2388671,611499776,611.499776,217,199,156,2,20251021_025154
1760982671.9330842,2388710,611509760,611.50976,220,198,156,2,20251021_025154
1760982671.9430685,2388749,611519744,611.519744,223,199,156,2,20251021_025154
1760982671.9530523,2388788,611529728,611.529728,225,199,157,2,20251021_025154
1760982671.9630363,2388827,611539712,611.539712,228,199,156,2,20251021_025154
1760982671.9730203,2388866,611549696,611.549696,230,199,156,2,20251021_025154
1760982671.9830043,2388905,611559680,611.55968,233,199,156,2,20251021_025154
1760982671.9929883,2388944,611569664,611.569664,235,199,156,2,20251021_025154
1760982672.0029724,2388983,611579648,611.579648,237,199,157,2,20251021_025154
1760982672.0129564,2389022,611589632,611.589632,239,199,156,2,20251021_025154
1760982672.0229404,2389061,611599616,611.599616,241,199,156,2,20251021_025154
1760982672.0331802,2389101,611609856,611.609856,243,199,156,2,20251021_025154
1760982672.0431645,2389140,611619840,611.61984,245,199,156,2,20251021_025154
1760982672.0531485,2389179,611629824,611.629824,247,199,157,2,20251021_025154
1760982672.0631323,2389218,611639808,611.639808,248,199,157,2,20251021_025154
1760982672.0731163,2389257,611649792,611.649792,250,199,156,2,20251021_025154
1760982672.0831003,2389296,611659776,611.659776,251,199,157,2,20251021_025154
1760982672.0930843,2389335,611669760,611.66976,253,199,157,2,20251021_025154
1760982672.1030684,2389374,611679744,611.679744,254,199,157,2,20251021_025154
1760982672.1130524,2389413,611689728,611.689728,0,199,158,2,20251021_025154
1760982672.1230364,2389452,611699712,611.699712,2,199,157,2,20251021_025154
1760982672.1330204,2389491,611709696,611.709696,3,199,157,2,20251021_025154
1760982672.1430044,2389530,611719680,611.71968,4,199,157,2,20251021_025154
1760982672.1529884,2389569,611729664,611.729664,5,199,158,2,20251021_025154
1760982672.1629725,2389608,611739648,611.739648,6,199,159,2,20251021_025154
1760982672.1729562,2389647,611749632,611.749632,7,199,158,2,20251021_025154
1760982672.1831963,2389687,611759872,611.759872,8,199,157,2,20251021_025154
1760982672.1931803,2389726,611769856,611.769856,9,199,158,2,20251021_025154
1760982672.2031643,2389765,611779840,611.77984,10,199,158,2,20251021_025154
1760982672.2131484,2389804,611789824,611.789824,11,199,158,2,20251021_025154
1760982672.2231324,2389843,611799808,611.799808,12,199,158,2,20251021_025154
1760982672.2331164,2389882,611809792,611.809792,13,199,158,2,20251021_025154
1760982672.2431004,2389921,611819776,611.819776,14,199,158,2,20251021_025154
1760982672.2530844,2389960,611829760,611.82976,14,199,158,2,20251021_025154
1760982672.2630684,2389999,611839744,611.839744,15,199,158,2,20251021_025154
1760982672.2730525,2390038,611849728,611.849728,16,199,158,2,20251021_025154
1760982672.2830362,2390077,611859712,611.859712,17,199,158,2,20251021_025154
1760982672.2930202,2390116,611869696,611.869696,17,199,156,2,20251021_025154
1760982672.3030045,2390155,611879680,611.87968,18,199,159,2,20251021_025154
1760982672.3129883,2390194,611889664,611.889664,19,198,158,2,20251021_025154
1760982672.3229723,2390233,611899648,611.899648,19,199,158,2,20251021_025154
1760982672.3332124,2390273,611909888,611.909888,20,199,158,2,20251021_025154
1760982672.3431964,2390312,611919872,611.919872,20,199,158,2,20251021_025154
1760982672.3531804,2390351,611929856,611.929856,21,199,158,2,20251021_025154
1760982672.3631644,2390390,611939840,611.93984,22,198,157,2,20251021_025154
1760982672.3731484,2390429,611949824,611.949824,22,199,158,2,20251021_025154
1760982672.3831325,2390468,611959808,611.959808,23,199,159,2,20251021_025154
1760982672.3931162,2390507,611969792,611.969792,23,198,158,2,20251021_025154
1760982672.4031005,2390546,611979776,611.979776,24,199,158,2,20251021_025154
1760982672.4130845,2390585,611989760,611.98976,24,199,157,2,20251021_025154
1760982672.4230683,2390624,611999744,611.999744,25,198,158,2,20251021_025154
1760982672.4330523,2390663,612009728,612.009728,25,198,158,2,20251021_025154
1760982672.4430363,2390702,612019712,612.019712,25,198,158,2,20251021_025154
1760982672.4530203,2390741,612029696,612.029696,26,198,156,2,20251021_025154
1760982672.4630044,2390780,612039680,612.03968,26,198,157,2,20251021_025154
1760982672.4732444,2390820,612049920,612.04992,27,199,157,2,20251021_025154
1760982672.4832284,2390859,612059904,612.059904,27,198,157,2,20251021_025154
1760982672.4932125,2390898,612069888,612.069888,28,199,157,2,20251021_025154
1760982672.5031962,2390937,612079872,612.079872,28,199,157,2,20251021_025154
1760982672.5131805,2390976,612089856,612.089856,29,198,157,2,20251021_025154
1760982672.5231645,2391015,612099840,612.09984,29,198,157,2,20251021_025154
1760982672.5331483,2391054,612109824,612.109824,30,198,156,2,20251021_025154
1760982672.5431323,2391093,612119808,612.119808,30,198,156,2,20251021_025154
1760982672.5531163,2391132,612129792,612.129792,31,198,156,2,20251021_025154
1760982672.5631003,2391171,612139776,612.139776,32,198,156,2,20251021_025154
1760982672.5730844,2391210,612149760,612.14976,32,198,156,2,20251021_025154
1760982672.5830684,2391249,612159744,612.159744,33,198,155,2,20251021_025154
1760982672.5930524,2391288,612169728,612.169728,33,198,155,2,20251021_025154
1760982672.6030364,2391327,612179712,612.179712,34,199,154,2,20251021_025154
1760982672.6132762,2391367,612189952,612.189952,35,199,154,2,20251021_025154
1760982672.6232605,2391406,612199936,612.199936,36,199,154,2,20251021_025154
1760982672.6332445,2391445,612209920,612.20992,37,199,153,2,20251021_025154
1760982672.6432283,2391484,612219904,612.219904,38,198,152,2,20251021_025154
1760982672.6532123,2391523,612229888,612.229888,39,199,150,2,20251021_025154
1760982672.6631963,2391562,612239872,612.239872,41,198,150,2,20251021_025154
1760982672.6731803,2391601,612249856,612.249856,42,198,149,2,20251021_025154
1760982672.6831644,2391640,612259840,612.25984,44,198,148,2,20251021_025154
1760982672.6931484,2391679,612269824,612.269824,46,198,147,2,20251021_025154
1760982672.7031324,2391718,612279808,612.279808,48,198,145,2,20251021_025154
1760982672.7131164,2391757,612289792,612.289792,51,199,143,2,20251021_025154
1760982672.7231004,2391796,612299776,612.299776,54,198,138,2,20251021_025154
1760982672.7330844,2391835,612309760,612.30976,57,198,135,2,20251021_025154
1760982672.7430685,2391874,612319744,612.319744,61,199,132,2,20251021_025154
1760982672.7533083,2391914,612329984,612.329984,65,198,129,2,20251021_025154
1760982672.7632923,2391953,612339968,612.339968,68,198,127,2,20251021_025154
1760982672.7732763,2391992,612349952,612.349952,72,198,124,2,20251021_025154
1760982672.7832603,2392031,612359936,612.359936,75,198,119,2,20251021_025154
1760982672.7932444,2392070,612369920,612.36992,79,198,115,2,20251021_025154
1760982672.8032284,2392109,612379904,612.379904,82,198,112,2,20251021_025154
1760982672.8132124,2392148,612389888,612.389888,85,198,108,2,20251021_025154
1760982672.8231964,2392187,612399872,612.399872,88,198,105,2,20251021_025154
1760982672.8331804,2392226,612409856,612.409856,91,198,104,2,20251021_025154
1760982672.8431644,2392265,612419840,612.41984,94,198,104,2,20251021_025154
1760982672.8531485,2392304,612429824,612.429824,97,198,106,2,20251021_025154
1760982672.8631322,2392343,612439808,612.439808,99,198,107,2,20251021_025154
1760982672.8731165,2392382,612449792,612.449792,102,197,107,2,20251021_025154
1760982672.8831005,2392421,612459776,612.459776,104,197,108,2,20251021_025154
1760982672.8930843,2392460,612469760,612.46976,107,197,109,2,20251021_025154
1760982672.9033244,2392500,612480000,612.48,109,197,110,2,20251021_025154
1760982672.9133084,2392539,612489984,612.489984,111,198,112,2,20251021_025154
1760982672.9232924,2392578,612499968,612.499968,113,197,114,2,20251021_025154
1760982672.9332764,2392617,612509952,612.509952,115,197,116,2,20251021_025154
1760982672.9432604,2392656,612519936,612.519936,117,197,119,2,20251021_025154
1760982672.9532444,2392695,612529920,612.52992,118,198,123,2,20251021_025154
1760982672.9632285,2392734,612539904,612.539904,120,197,127,2,20251021_025154
1760982672.9732122,2392773,612549888,612.549888,122,197,131,2,20251021_025154
1760982672.9831965,2392812,612559872,612.559872,123,198,136,2,20251021_025154
1760982672.9931805,2392851,612569856,612.569856,125,198,140,2,20251021_025154
1760982673.0031643,2392890,612579840,612.57984,127,198,142,2,20251021_025154
1760982673.0131483,2392929,612589824,612.589824,129,198,145,2,20251021_025154
1760982673.0231323,2392968,612599808,612.599808,131,197,147,2,20251021_025154
1760982673.0331163,2393007,612609792,612.609792,133,198,149,2,20251021_025154
1760982673.0433564,2393047,612620032,612.620032,136,198,150,2,20251021_025154
1760982673.0533404,2393086,612630016,612.630016,138,197,150,2,20251021_025154
1760982673.0633245,2393125,612640000,612.64,141,198,150,2,20251021_025154
1760982673.0733082,2393164,612649984,612.649984,143,198,150,2,20251021_025154
1760982673.0832922,2393203,612659968,612.659968,146,198,151,2,20251021_025154
1760982673.0932765,2393242,612669952,612.669952,148,198,150,2,20251021_025154
1760982673.1032605,2393281,612679936,612.679936,151,198,151,2,20251021_025154
1760982673.1132443,2393320,612689920,612.68992,154,198,152,2,20251021_025154
1760982673.1232283,2393359,612699904,612.699904,156,198,151,2,20251021_025154
1760982673.1332123,2393398,612709888,612.709888,159,198,153,2,20251021_025154
1760982673.1431963,2393437,612719872,612.719872,162,198,153,2,20251021_025154
1760982673.1531804,2393476,612729856,612.729856,165,198,153,2,20251021_025154
1760982673.1631644,2393515,612739840,612.73984,168,198,153,2,20251021_025154
1760982673.1731484,2393554,612749824,612.749824,172,197,153,2,20251021_025154
1760982673.1831324,2393593,612759808,612.759808,175,198,154,2,20251021_025154
1760982673.1933722,2393633,612770048,612.770048,178,197,154,2,20251021_025154
1760982673.2033565,2393672,612780032,612.780032,181,197,154,2,20251021_025154
1760982673.2133403,2393711,612790016,612.790016,184,197,154,2,20251021_025154
1760982673.2233243,2393750,612800000,612.8,188,197,154,2,20251021_025154
1760982673.2333083,2393789,612809984,612.809984,191,198,154,2,20251021_025154
1760982673.2432923,2393828,612819968,612.819968,194,198,154,2,20251021_025154
1760982673.2532763,2393867,612829952,612.829952,197,198,154,2,20251021_025154
1760982673.2632604,2393906,612839936,612.839936,200,198,154,2,20251021_025154
1760982673.2732444,2393945,612849920,612.84992,203,199,155,2,20251021_025154
1760982673.2832284,2393984,612859904,612.859904,206,198,155,2,20251021_025154
1760982673.2932124,2394023,612869888,612.869888,209,198,154,2,20251021_025154
1760982673.3031964,2394062,612879872,612.879872,212,198,155,2,20251021_025154
1760982673.3131804,2394101,612889856,612.889856,215,198,155,2,20251021_025154
1760982673.3231645,2394140,612899840,612.89984,218,198,155,2,20251021_025154
1760982673.3334043,2394180,612910080,612.91008,221,198,154,2,20251021_025154
1760982673.3433883,2394219,612920064,612.920064,223,198,155,2,20251021_025154
1760982673.3533723,2394258,612930048,612.930048,226,198,156,2,20251021_025154
1760982673.3633564,2394297,612940032,612.940032,228,198,155,2,20251021_025154
1760982673.3733404,2394336,612950016,612.950016,230,198,155,2,20251021_025154
1760982673.3833244,2394375,612960000,612.96,233,198,155,2,20251021_025154
1760982673.3933084,2394414,612969984,612.969984,235,198,156,2,20251021_025154
1760982673.4032924,2394453,612979968,612.979968,237,198,155,2,20251021_025154
1760982673.4132764,2394492,612989952,612.989952,239,198,155,2,20251021_025154
1760982673.4232605,2394531,612999936,612.999936,241,198,155,2,20251021_025154
1760982673.4332442,2394570,613009920,613.00992,243,198,152,2,20251021_025154
1760982673.4432282,2394609,613019904,613.019904,245,198,155,2,20251021_025154
1760982673.4532125,2394648,613029888,613.029888,247,198,155,2,20251021_025154
1760982673.4631965,2394687,613039872,613.039872,248,198,155,2,20251021_025154
1760982673.4734364,2394727,613050112,613.050112,250,198,155,2,20251021_025154
1760982673.4834204,2394766,613060096,613.060096,252,198,155,2,20251021_025154
1760982673.4934044,2394805,613070080,613.07008,253,198,154,2,20251021_025154
1760982673.5033884,2394844,613080064,613.080064,0,198,154,2,20251021_025154
1760982673.5133724,2394883,613090048,613.090048,1,198,154,2,20251021_025154
1760982673.5233564,2394922,613100032,613.100032,2,198,154,2,20251021_025154
1760982673.5333405,2394961,613110016,613.110016,4,198,154,2,20251021_025154
1760982673.5433242,2395000,613120000,613.12,5,198,154,2,20251021_025154
1760982673.5533082,2395039,613129984,613.129984,6,198,155,2,20251021_025154
1760982673.5632925,2395078,613139968,613.139968,8,199,155,2,20251021_025154
1760982673.5732763,2395117,613149952,613.149952,9,198,154,2,20251021_025154
1760982673.5832603,2395156,613159936,613.159936,10,199,155,2,20251021_025154
1760982673.5932443,2395195,613169920,613.16992,11,198,155,2,20251021_025154
1760982673.6032283,2395234,613179904,613.179904,12,198,155,2,20251021_025154
1760982673.6134684,2395274,613190144,613.190144,13,198,155,2,20251021_025154
1760982673.6234524,2395313,613200128,613.200128,14,198,156,2,20251021_025154
1760982673.6334364,2395352,613210112,613.210112,15,198,156,2,20251021_025154
1760982673.6434205,2395391,613220096,613.220096,16,198,156,2,20251021_025154
1760982673.6534042,2395430,613230080,613.23008,17,198,156,2,20251021_025154
1760982673.6633885,2395469,613240064,613.240064,17,198,156,2,20251021_025154
1760982673.6733725,2395508,613250048,613.250048,18,198,157,2,20251021_025154
1760982673.6833563,2395547,613260032,613.260032,19,198,157,2,20251021_025154
1760982673.6933403,2395586,613270016,613.270016,20,198,157,2,20251021_025154
1760982673.7033243,2395625,613280000,613.28,20,198,156,2,20251021_025154
1760982673.7133083,2395664,613289984,613.289984,21,198,157,2,20251021_025154
1760982673.7232924,2395703,613299968,613.299968,22,198,157,2,20251021_025154
1760982673.7332764,2395742,613309952,613.309952,22,198,156,2,20251021_025154
1760982673.7432604,2395781,613319936,613.319936,23,198,157,2,20251021_025154
1760982673.7535005,2395821,613330176,613.330176,23,199,156,2,20251021_025154
1760982673.7634842,2395860,613340160,613.34016,24,198,157,2,20251021_025154
1760982673.7734685,2395899,613350144,613.350144,25,198,157,2,20251021_025154
1760982673.7834525,2395938,613360128,613.360128,25,198,155,2,20251021_025154
1760982673.7934363,2395977,613370112,613.370112,26,198,156,2,20251021_025154
1760982673.8034203,2396016,613380096,613.380096,26,198,157,2,20251021_025154
1760982673.8134043,2396055,613390080,613.39008,27,198,157,2,20251021_025154
1760982673.8233883,2396094,613400064,613.400064,27,198,157,2,20251021_025154
1760982673.8333724,2396133,613410048,613.410048,28,198,157,2,20251021_025154
1760982673.8433564,2396172,613420032,613.420032,28,198,157,2,20251021_025154
1760982673.8533404,2396211,613430016,613.430016,29,198,157,2,20251021_025154
1760982673.8633244,2396250,613440000,613.44,29,198,157,2,20251021_025154
1760982673.8733084,2396289,613449984,613.449984,29,198,157,2,20251021_025154
1760982673.8832924,2396328,613459968,613.459968,30,198,157,2,20251021_025154
1760982673.8932765,2396367,613469952,613.469952,30,198,157,2,20251021_025154
1760982673.9035163,2396407,613480192,613.480192,31,198,157,2,20251021_025154
1760982673.9135003,2396446,613490176,613.490176,31,198,158,2,20251021_025154
1760982673.9234843,2396485,613500160,613.50016,31,198,157,2,20251021_025154
1760982673.9334683,2396524,613510144,613.510144,32,198,158,2,20251021_025154
1760982673.9434524,2396563,613520128,613.520128,32,198,157,2,20251021_025154
1760982673.9534364,2396602,613530112,613.530112,32,198,157,2,20251021_025154
1760982673.9634204,2396641,613540096,613.540096,33,198,158,2,20251021_025154
1760982673.9734044,2396680,613550080,613.55008,33,198,157,2,20251021_025154
1760982673.9833884,2396719,613560064,613.560064,33,198,157,2,20251021_025154
1760982673.9933724,2396758,613570048,613.570048,34,198,157,2,20251021_025154
1760982674.0033565,2396797,613580032,613.580032,34,198,157,2,20251021_025154
1760982674.0133402,2396836,613590016,613.590016,35,198,156,2,20251021_025154
1760982674.0233245,2396875,613600000,613.6,35,198,156,2,20251021_025154
1760982674.0333085,2396914,613609984,613.609984,35,198,156,2,20251021_025154
1760982674.0435483,2396954,613620224,613.620224,36,198,156,2,20251021_025154
1760982674.0535324,2396993,613630208,613.630208,36,198,156,2,20251021_025154
1760982674.0635164,2397032,613640192,613.640192,37,198,155,2,20251021_025154
1760982674.0735004,2397071,613650176,613.650176,37,198,155,2,20251021_025154
1760982674.0834844,2397110,613660160,613.66016,37,198,155,2,20251021_025154
1760982674.0934684,2397149,613670144,613.670144,38,198,155,2,20251021_025154
1760982674.1034524,2397188,613680128,613.680128,39,198,155,2,20251021_025154
1760982674.1134365,2397227,613690112,613.690112,39,198,155,2,20251021_025154
1760982674.1234202,2397266,613700096,613.700096,40,198,154,2,20251021_025154
1760982674.1334045,2397305,613710080,613.71008,40,198,154,2,20251021_025154
1760982674.1433885,2397344,613720064,613.720064,41,198,154,2,20251021_025154
1760982674.1536283,2397384,613730304,613.730304,41,198,154,2,20251021_025154
1760982674.1636124,2397423,613740288,613.740288,42,198,154,2,20251021_025154
1760982674.1735964,2397462,613750272,613.750272,43,198,153,2,20251021_025154
1760982674.1835804,2397501,613760256,613.760256,43,198,153,2,20251021_025154
1760982674.1935644,2397540,613770240,613.77024,44,198,152,2,20251021_025154
1760982674.2035484,2397579,613780224,613.780224,45,198,150,2,20251021_025154
1760982674.2135324,2397618,613790208,613.790208,46,198,151,2,20251021_025154
1760982674.2237723,2397658,613800448,613.800448,47,198,151,2,20251021_025154
1760982674.2337563,2397697,613810432,613.810432,48,198,150,2,20251021_025154
1760982674.2437403,2397736,613820416,613.820416,49,198,150,2,20251021_025154
1760982674.2537243,2397775,613830400,613.8304,50,198,148,2,20251021_025154
1760982674.2637084,2397814,613840384,613.840384,51,198,147,2,20251021_025154
1760982674.2736924,2397853,613850368,613.850368,53,198,147,2,20251021_025154
1760982674.2836764,2397892,613860352,613.860352,54,198,145,2,20251021_025154
1760982674.2936604,2397931,613870336,613.870336,56,198,145,2,20251021_025154
1760982674.3039002,2397971,613880576,613.880576,58,198,143,2,20251021_025154
1760982674.3138845,2398010,613890560,613.89056,60,198,142,2,20251021_025154
1760982674.3238685,2398049,613900544,613.900544,62,198,139,2,20251021_025154
1760982674.3338523,2398088,613910528,613.910528,64,198,137,2,20251021_025154
1760982674.3438363,2398127,613920512,613.920512,67,198,135,2,20251021_025154
1760982674.3538203,2398166,613930496,613.930496,69,198,135,2,20251021_025154
1760982674.3638043,2398205,613940480,613.94048,72,198,133,2,20251021_025154
1760982674.3737884,2398244,613950464,613.950464,75,198,133,2,20251021_025154
1760982674.3840284,2398284,613960704,613.960704,78,198,131,2,20251021_025154
1760982674.3940125,2398323,613970688,613.970688,81,198,132,2,20251021_025154
1760982674.4039962,2398362,613980672,613.980672,84,198,127,2,20251021_025154
1760982674.4139802,2398401,613990656,613.990656,87,198,127,2,20251021_025154
1760982674.4239645,2398440,614000640,614.00064,90,197,125,2,20251021_025154
1760982674.4342043,2398480,614010880,614.01088,93,198,126,2,20251021_025154
1760982674.4441884,2398519,614020864,614.020864,96,198,122,2,20251021_025154
1760982674.4541724,2398558,614030848,614.030848,99,198,123,2,20251021_025154
1760982674.4641564,2398597,614040832,614.040832,101,197,123,2,20251021_025154
1760982674.4741404,2398636,614050816,614.050816,104,198,122,2,20251021_025154
1760982674.4841244,2398675,614060800,614.0608,106,198,123,2,20251021_025154
1760982674.4941084,2398714,614070784,614.070784,108,197,124,2,20251021_025154
1760982674.5043485,2398754,614081024,614.081024,110,197,127,2,20251021_025154
1760982674.5143323,2398793,614091008,614.091008,112,197,127,2,20251021_025154
1760982674.5243163,2398832,614100992,614.100992,114,198,127,2,20251021_025154
1760982674.5343003,2398871,614110976,614.110976,116,198,128,2,20251021_025154
1760982674.5442843,2398910,614120960,614.12096,118,198,130,2,20251021_025154
1760982674.5542684,2398949,614130944,614.130944,120,197,132,2,20251021_025154
1760982674.5642524,2398988,614140928,614.140928,122,198,137,2,20251021_025154
1760982674.5742364,2399027,614150912,614.150912,123,198,138,2,20251021_025154
1760982674.5842204,2399066,614160896,614.160896,125,198,141,2,20251021_025154
1760982674.5944602,2399106,614171136,614.171136,127,198,143,2,20251021_025154
1760982674.6044445,2399145,614181120,614.18112,129,198,145,2,20251021_025154
1760982674.6144283,2399184,614191104,614.191104,132,198,147,2,20251021_025154
1760982674.6244123,2399223,614201088,614.201088,134,198,147,2,20251021_025154
1760982674.6343963,2399262,614211072,614.211072,136,198,149,2,20251021_025154
1760982674.6443803,2399301,614221056,614.221056,139,198,150,2,20251021_025154
1760982674.6543643,2399340,614231040,614.23104,141,198,151,2,20251021_025154
1760982674.6643484,2399379,614241024,614.241024,144,198,152,2,20251021_025154
1760982674.6743324,2399418,614251008,614.251008,147,198,154,2,20251021_025154
1760982674.6843164,2399457,614260992,614.260992,150,198,153,2,20251021_025154
1760982674.6943004,2399496,614270976,614.270976,153,198,153,2,20251021_025154
1760982674.7042844,2399535,614280960,614.28096,156,198,153,2,20251021_025154
1760982674.7142684,2399574,614290944,614.290944,159,199,154,2,20251021_025154
1760982674.7242525,2399613,614300928,614.300928,162,198,154,2,20251021_025154
1760982674.7342362,2399652,614310912,614.310912,166,198,154,2,20251021_025154
1760982674.7444763,2399692,614321152,614.321152,169,198,154,2,20251021_025154
1760982674.7544603,2399731,614331136,614.331136,173,198,154,2,20251021_025154
1760982674.7644444,2399770,614341120,614.34112,176,198,154,2,20251021_025154
1760982674.7744284,2399809,614351104,614.351104,179,198,154,2,20251021_025154
1760982674.7844124,2399848,614361088,614.361088,183,198,154,2,20251021_025154
1760982674.7943964,2399887,614371072,614.371072,186,198,155,2,20251021_025154
1760982674.8043804,2399926,614381056,614.381056,190,198,155,2,20251021_025154
1760982674.8143644,2399965,614391040,614.39104,193,198,154,2,20251021_025154
1760982674.8243484,2400004,614401024,614.401024,197,198,155,2,20251021_025154
1760982674.8343322,2400043,614411008,614.411008,200,198,155,2,20251021_025154
1760982674.8443162,2400082,614420992,614.420992,203,198,156,2,20251021_025154
1760982674.8543005,2400121,614430976,614.430976,206,198,156,2,20251021_025154
1760982674.8642845,2400160,614440960,614.44096,210,198,155,2,20251021_025154
1760982674.8742683,2400199,614450944,614.450944,213,198,156,2,20251021_025154
1760982674.8845084,2400239,614461184,614.461184,216,198,156,2,20251021_025154
1760982674.8944924,2400278,614471168,614.471168,218,198,156,2,20251021_025154
1760982674.9044764,2400317,614481152,614.481152,221,198,154,2,20251021_025154
1760982674.9144604,2400356,614491136,614.491136,224,198,156,2,20251021_025154
1760982674.9244444,2400395,614501120,614.50112,226,198,155,2,20251021_025154
1760982674.9344285,2400434,614511104,614.511104,229,198,156,2,20251021_025154
1760982674.9444122,2400473,614521088,614.521088,231,198,156,2,20251021_025154
1760982674.9543962,2400512,614531072,614.531072,234,198,156,2,20251021_025154
1760982674.9643805,2400551,614541056,614.541056,236,199,157,2,20251021_025154
1760982674.9743645,2400590,614551040,614.55104,238,198,156,2,20251021_025154
1760982674.9843483,2400629,614561024,614.561024,240,199,156,2,20251021_025154
1760982674.9943323,2400668,614571008,614.571008,242,198,156,2,20251021_025154
1760982675.0043163,2400707,614580992,614.580992,244,198,156,2,20251021_025154
1760982675.0143003,2400746,614590976,614.590976,246,199,156,2,20251021_025154
1760982675.0242844,2400785,614600960,614.60096,247,198,158,2,20251021_025154
1760982675.0345244,2400825,614611200,614.6112,249,198,156,2,20251021_025154
1760982675.0445085,2400864,614621184,614.621184,250,198,156,2,20251021_025154
1760982675.0544922,2400903,614631168,614.631168,252,198,156,2,20251021_025154
1760982675.0644765,2400942,614641152,614.641152,253,199,156,2,20251021_025154
1760982675.0744605,2400981,614651136,614.651136,0,198,156,2,20251021_025154
1760982675.0844443,2401020,614661120,614.66112,1,198,156,2,20251021_025154
1760982675.0944283,2401059,614671104,614.671104,2,198,156,2,20251021_025154
1760982675.1044123,2401098,614681088,614.681088,4,198,157,2,20251021_025154
1760982675.1143963,2401137,614691072,614.691072,5,199,157,2,20251021_025154
1760982675.1243804,2401176,614701056,614.701056,6,199,157,2,20251021_025154
1760982675.1343644,2401215,614711040,614.71104,7,198,157,2,20251021_025154
1760982675.1443484,2401254,614721024,614.721024,8,199,157,2,20251021_025154
1760982675.1543324,2401293,614731008,614.731008,9,199,157,2,20251021_025154
1760982675.1643164,2401332,614740992,614.740992,10,199,157,2,20251021_025154
1760982675.1745565,2401372,614751232,614.751232,11,199,158,2,20251021_025154
1760982675.1845405,2401411,614761216,614.761216,12,199,157,2,20251021_025154
1760982675.1945243,2401450,614771200,614.7712,13,199,157,2,20251021_025154
1760982675.2045083,2401489,614781184,614.781184,13,199,157,2,20251021_025154
1760982675.2144923,2401528,614791168,614.791168,14,199,157,2,20251021_025154
1760982675.2244763,2401567,614801152,614.801152,15,199,157,2,20251021_025154
1760982675.2344604,2401606,614811136,614.811136,16,199,157,2,20251021_025154
1760982675.2444444,2401645,614821120,614.82112,16,199,157,2,20251021_025154
1760982675.2544284,2401684,614831104,614.831104,17,199,158,2,20251021_025154
1760982675.2644124,2401723,614841088,614.841088,18,199,157,2,20251021_025154
1760982675.2743964,2401762,614851072,614.851072,18,199,157,2,20251021_025154
1760982675.2843804,2401801,614861056,614.861056,19,199,157,2,20251021_025154
1760982675.2943645,2401840,614871040,614.87104,20,199,157,2,20251021_025154
1760982675.3043482,2401879,614881024,614.881024,20,199,158,2,20251021_025154
1760982675.3143322,2401918,614891008,614.891008,21,199,157,2,20251021_025154
1760982675.3245723,2401958,614901248,614.901248,21,199,157,2,20251021_025154
1760982675.3345563,2401997,614911232,614.911232,22,199,157,2,20251021_025154
1760982675.3445404,2402036,614921216,614.921216,22,199,157,2,20251021_025154
1760982675.3545244,2402075,614931200,614.9312,23,199,157,2,20251021_025154
1760982675.3645084,2402114,614941184,614.941184,23,199,157,2,20251021_025154
1760982675.3744924,2402153,614951168,614.951168,24,199,157,2,20251021_025154
1760982675.3844764,2402192,614961152,614.961152,24,199,158,2,20251021_025154
1760982675.3944604,2402231,614971136,614.971136,25,199,157,2,20251021_025154
1760982675.4044445,2402270,614981120,614.98112,25,199,158,2,20251021_025154
1760982675.4144282,2402309,614991104,614.991104,26,199,158,2,20251021_025154
1760982675.4244125,2402348,615001088,615.001088,26,199,158,2,20251021_025154
1760982675.4343965,2402387,615011072,615.011072,26,199,157,2,20251021_025154
1760982675.4443803,2402426,615021056,615.021056,27,199,157,2,20251021_025154
1760982675.4543643,2402465,615031040,615.03104,27,199,158,2,20251021_025154
1760982675.4646044,2402505,615041280,615.04128,28,199,157,2,20251021_025154
1760982675.4745884,2402544,615051264,615.051264,28,199,158,2,20251021_025154
1760982675.4845724,2402583,615061248,615.061248,28,199,158,2,20251021_025154
1760982675.4945564,2402622,615071232,615.071232,29,199,157,2,20251021_025154
1760982675.5045404,2402661,615081216,615.081216,29,199,157,2,20251021_025154
1760982675.5145245,2402700,615091200,615.0912,30,199,157,2,20251021_025154
1760982675.5245082,2402739,615101184,615.101184,30,199,156,2,20251021_025154
1760982675.5344925,2402778,615111168,615.111168,30,199,156,2,20251021_025154
1760982675.5444765,2402817,615121152,615.121152,31,199,156,2,20251021_025154
1760982675.5544603,2402856,615131136,615.131136,31,199,156,2,20251021_025154
1760982675.5644443,2402895,615141120,615.14112,32,199,157,2,20251021_025154
1760982675.5744283,2402934,615151104,615.151104,32,199,156,2,20251021_025154
1760982675.5844123,2402973,615161088,615.161088,32,199,156,2,20251021_025154
1760982675.5943964,2403012,615171072,615.171072,33,199,156,2,20251021_025154
1760982675.6043804,2403051,615181056,615.181056,33,199,155,2,20251021_025154
1760982675.6146204,2403091,615191296,615.191296,34,199,155,2,20251021_025154
1760982675.6246045,2403130,615201280,615.20128,34,199,155,2,20251021_025154
1760982675.6345882,2403169,615211264,615.211264,35,199,154,2,20251021_025154
1760982675.6445725,2403208,615221248,615.221248,35,199,155,2,20251021_025154
1760982675.6545565,2403247,615231232,615.231232,36,199,155,2,20251021_025154
1760982675.6645403,2403286,615241216,615.241216,36,199,155,2,20251021_025154
1760982675.6745243,2403325,615251200,615.2512,37,199,154,2,20251021_025154
1760982675.6845083,2403364,615261184,615.261184,37,199,155,2,20251021_025154
1760982675.6944923,2403403,615271168,615.271168,38,199,154,2,20251021_025154
1760982675.7044764,2403442,615281152,615.281152,39,199,156,2,20251021_025154
1760982675.7144604,2403481,615291136,615.291136,39,199,154,2,20251021_025154
1760982675.7244444,2403520,615301120,615.30112,40,199,155,2,20251021_025154
1760982675.7344284,2403559,615311104,615.311104,40,199,155,2,20251021_025154
1760982675.7444124,2403598,615321088,615.321088,41,199,154,2,20251021_025154
1760982675.7546525,2403638,615331328,615.331328,41,199,154,2,20251021_025154
1760982675.7646365,2403677,615341312,615.341312,42,199,154,2,20251021_025154
1760982675.7746203,2403716,615351296,615.351296,43,199,154,2,20251021_025154
1760982675.7846043,2403755,615361280,615.36128,43,199,153,2,20251021_025154
1760982675.7945883,2403794,615371264,615.371264,44,199,153,2,20251021_025154
1760982675.8045723,2403833,615381248,615.381248,45,199,153,2,20251021_025154
1760982675.8145564,2403872,615391232,615.391232,46,199,153,2,20251021_025154
1760982675.8245404,2403911,615401216,615.401216,46,199,154,2,20251021_025154
1760982675.8345244,2403950,615411200,615.4112,47,199,154,2,20251021_025154
1760982675.8445084,2403989,615421184,615.421184,48,199,153,2,20251021_025154
1760982675.8544924,2404028,615431168,615.431168,48,199,154,2,20251021_025154
1760982675.8644764,2404067,615441152,615.441152,49,199,155,2,20251021_025154
1760982675.8744605,2404106,615451136,615.451136,49,198,155,2,20251021_025154
1760982675.8844442,2404145,615461120,615.46112,49,199,155,2,20251021_025154
1760982675.8944285,2404184,615471104,615.471104,50,199,155,2,20251021_025154
1760982675.9046683,2404224,615481344,615.481344,50,199,156,2,20251021_025154
1760982675.9146523,2404263,615491328,615.491328,50,199,157,2,20251021_025154
1760982675.9246364,2404302,615501312,615.501312,50,199,157,2,20251021_025154
1760982675.9346204,2404341,615511296,615.511296,51,199,158,2,20251021_025154
1760982675.9446044,2404380,615521280,615.52128,51,199,158,2,20251021_025154
1760982675.9545884,2404419,615531264,615.531264,51,199,158,2,20251021_025154
1760982675.9645724,2404458,615541248,615.541248,51,199,158,2,20251021_025154
1760982675.9745564,2404497,615551232,615.551232,51,199,158,2,20251021_025154
1760982675.9845405,2404536,615561216,615.561216,51,199,157,2,20251021_025154
1760982675.9945242,2404575,615571200,615.5712,51,199,156,2,20251021_025154
1760982676.0045085,2404614,615581184,615.581184,51,199,158,2,20251021_025154
1760982676.0144925,2404653,615591168,615.591168,51,199,158,2,20251021_025154
1760982676.0244763,2404692,615601152,615.601152,51,199,159,2,20251021_025154
1760982676.0344603,2404731,615611136,615.611136,51,199,157,2,20251021_025154
1760982676.0447004,2404771,615621376,615.621376,52,199,158,2,20251021_025154
1760982676.0546844,2404810,615631360,615.63136,52,199,158,2,20251021_025154
1760982676.0646684,2404849,615641344,615.641344,52,200,159,2,20251021_025154
1760982676.0746524,2404888,615651328,615.651328,52,199,158,2,20251021_025154
1760982676.0846364,2404927,615661312,615.661312,52,199,158,2,20251021_025154
1760982676.0946202,2404966,615671296,615.671296,52,199,159,2,20251021_025154
1760982676.1046042,2405005,615681280,615.68128,52,199,159,2,20251021_025154
1760982676.1145885,2405044,615691264,615.691264,52,199,159,2,20251021_025154
1760982676.1245725,2405083,615701248,615.701248,52,199,157,2,20251021_025154
1760982676.1345563,2405122,615711232,615.711232,52,199,159,2,20251021_025154
1760982676.1445403,2405161,615721216,615.721216,52,199,158,2,20251021_025154
1760982676.1545243,2405200,615731200,615.7312,53,199,159,2,20251021_025154
1760982676.1645083,2405239,615741184,615.741184,53,199,159,2,20251021_025154
1760982676.1744924,2405278,615751168,615.751168,53,199,159,2,20251021_025154
1760982676.1844764,2405317,615761152,615.761152,53,199,159,2,20251021_025154
1760982676.1947165,2405357,615771392,615.771392,53,199,158,2,20251021_025154
1760982676.2047002,2405396,615781376,615.781376,53,199,158,2,20251021_025154
1760982676.2146842,2405435,615791360,615.79136,53,199,159,2,20251021_025154
1760982676.2246685,2405474,615801344,615.801344,53,199,156,2,20251021_025154
1760982676.2346523,2405513,615811328,615.811328,53,199,158,2,20251021_025154
1760982676.2446363,2405552,615821312,615.821312,53,199,159,2,20251021_025154
1760982676.2546203,2405591,615831296,615.831296,54,199,158,2,20251021_025154
1760982676.2646043,2405630,615841280,615.84128,54,199,159,2,20251021_025154
1760982676.2745883,2405669,615851264,615.851264,54,199,159,2,20251021_025154
1760982676.2845724,2405708,615861248,615.861248,54,199,158,2,20251021_025154
1760982676.2945564,2405747,615871232,615.871232,54,199,158,2,20251021_025154
1760982676.3045404,2405786,615881216,615.881216,54,199,158,2,20251021_025154
1760982676.3145244,2405825,615891200,615.8912,54,199,158,2,20251021_025154
1760982676.3245084,2405864,615901184,615.901184,55,199,157,2,20251021_025154
1760982676.3347485,2405904,615911424,615.911424,55,199,157,2,20251021_025154
1760982676.3447323,2405943,615921408,615.921408,55,199,156,2,20251021_025154
1760982676.3547163,2405982,615931392,615.931392,56,199,156,2,20251021_025154
1760982676.3647003,2406021,615941376,615.941376,56,199,156,2,20251021_025154
1760982676.3746843,2406060,615951360,615.95136,57,199,155,2,20251021_025154
1760982676.3846684,2406099,615961344,615.961344,57,199,147,2,20251021_025154
1760982676.3946524,2406138,615971328,615.971328,58,199,155,2,20251021_025154
1760982676.4046364,2406177,615981312,615.981312,59,199,155,2,20251021_025154
1760982676.4146204,2406216,615991296,615.991296,60,199,154,2,20251021_025154
1760982676.4246044,2406255,616001280,616.00128,62,199,153,2,20251021_025154
1760982676.4345884,2406294,616011264,616.011264,64,199,152,2,20251021_025154
1760982676.4445724,2406333,616021248,616.021248,66,199,151,2,20251021_025154
1760982676.4545565,2406372,616031232,616.031232,70,199,150,2,20251021_025154
1760982676.4645402,2406411,616041216,616.041216,73,199,147,2,20251021_025154
1760982676.4747803,2406451,616051456,616.051456,77,199,144,2,20251021_025154
1760982676.4847643,2406490,616061440,616.06144,80,199,139,2,20251021_025154
1760982676.4947484,2406529,616071424,616.071424,83,200,134,2,20251021_025154
1760982676.5047324,2406568,616081408,616.081408,86,201,127,2,20251021_025154
1760982676.5147164,2406607,616091392,616.091392,89,199,123,2,20251021_025154
1760982676.5247004,2406646,616101376,616.101376,92,199,117,2,20251021_025154
1760982676.5346844,2406685,616111360,616.11136,95,199,113,2,20251021_025154
1760982676.5446684,2406724,616121344,616.121344,98,199,110,2,20251021_025154
1760982676.5546525,2406763,616131328,616.131328,100,199,107,2,20251021_025154
1760982676.5646362,2406802,616141312,616.141312,103,199,106,2,20251021_025154
1760982676.5746202,2406841,616151296,616.151296,105,199,104,2,20251021_025154
1760982676.5846045,2406880,616161280,616.16128,108,199,104,2,20251021_025154
1760982676.5945885,2406919,616171264,616.171264,110,199,104,2,20251021_025154
1760982676.6045723,2406958,616181248,616.181248,112,198,105,2,20251021_025154
1760982676.6148124,2406998,616191488,616.191488,114,199,105,2,20251021_025154
1760982676.6247964,2407037,616201472,616.201472,116,199,106,2,20251021_025154
1760982676.6347804,2407076,616211456,616.211456,117,198,107,2,20251021_025154
1760982676.6447644,2407115,616221440,616.22144,119,199,108,2,20251021_025154
1760982676.6547484,2407154,616231424,616.231424,121,199,109,2,20251021_025154
1760982676.6647325,2407193,616241408,616.241408,122,199,108,2,20251021_025154
1760982676.6747162,2407232,616251392,616.251392,124,199,111,2,20251021_025154
1760982676.6847005,2407271,616261376,616.261376,125,199,115,2,20251021_025154
1760982676.6946845,2407310,616271360,616.27136,127,199,116,2,20251021_025154
1760982676.7046683,2407349,616281344,616.281344,128,199,120,2,20251021_025154
1760982676.7146523,2407388,616291328,616.291328,129,199,123,2,20251021_025154
1760982676.7246363,2407427,616301312,616.301312,131,199,128,2,20251021_025154
1760982676.7346203,2407466,616311296,616.311296,132,199,133,2,20251021_025154
1760982676.7446043,2407505,616321280,616.32128,134,199,139,2,20251021_025154
1760982676.7545884,2407544,616331264,616.331264,136,199,141,2,20251021_025154
1760982676.7648284,2407584,616341504,616.341504,138,199,143,2,20251021_025154
1760982676.7748125,2407623,616351488,616.351488,140,199,144,2,20251021_025154
1760982676.7847962,2407662,616361472,616.361472,142,199,147,2,20251021_025154
1760982676.7947805,2407701,616371456,616.371456,144,200,149,2,20251021_025154
1760982676.8047645,2407740,616381440,616.38144,147,199,150,2,20251021_025154
1760982676.8147483,2407779,616391424,616.391424,150,200,151,2,20251021_025154
1760982676.8247323,2407818,616401408,616.401408,152,200,151,2,20251021_025154
1760982676.8347163,2407857,616411392,616.411392,155,199,151,2,20251021_025154
1760982676.8447003,2407896,616421376,616.421376,158,200,151,2,20251021_025154
1760982676.8546844,2407935,616431360,616.43136,161,199,151,2,20251021_025154
1760982676.8646684,2407974,616441344,616.441344,164,199,152,2,20251021_025154
1760982676.8746524,2408013,616451328,616.451328,167,199,153,2,20251021_025154
1760982676.8846364,2408052,616461312,616.461312,170,199,152,2,20251021_025154
1760982676.8946204,2408091,616471296,616.471296,173,199,152,2,20251021_025154
1760982676.9048605,2408131,616481536,616.481536,176,199,153,2,20251021_025154
1760982676.9148445,2408170,616491520,616.49152,179,201,154,2,20251021_025154
1760982676.9248283,2408209,616501504,616.501504,183,199,153,2,20251021_025154
1760982676.9348123,2408248,616511488,616.511488,186,200,153,2,20251021_025154
1760982676.9447963,2408287,616521472,616.521472,189,200,153,2,20251021_025154
1760982676.9547803,2408326,616531456,616.531456,192,199,153,2,20251021_025154
1760982676.9647644,2408365,616541440,616.54144,195,199,153,2,20251021_025154
1760982676.9747484,2408404,616551424,616.551424,198,200,154,2,20251021_025154
1760982676.9847324,2408443,616561408,616.561408,201,199,154,2,20251021_025154
1760982676.9947164,2408482,616571392,616.571392,204,199,154,2,20251021_025154
1760982677.0047004,2408521,616581376,616.581376,207,199,154,2,20251021_025154
1760982677.0146844,2408560,616591360,616.59136,210,199,154,2,20251021_025154
1760982677.0246685,2408599,616601344,616.601344,213,199,154,2,20251021_025154
1760982677.0346522,2408638,616611328,616.611328,216,199,154,2,20251021_025154
1760982677.0448923,2408678,616621568,616.621568,219,199,154,2,20251021_025154
1760982677.0548763,2408717,616631552,616.631552,221,199,154,2,20251021_025154
1760982677.0648603,2408756,616641536,616.641536,224,199,154,2,20251021_025154
1760982677.0748444,2408795,616651520,616.65152,226,199,154,2,20251021_025154
1760982677.0848284,2408834,616661504,616.661504,229,199,155,2,20251021_025154
1760982677.0948124,2408873,616671488,616.671488,231,200,155,2,20251021_025154
1760982677.1047964,2408912,616681472,616.681472,233,199,155,2,20251021_025154
1760982677.1147804,2408951,616691456,616.691456,236,200,155,2,20251021_025154
1760982677.1247644,2408990,616701440,616.70144,238,200,154,2,20251021_025154
1760982677.1347485,2409029,616711424,616.711424,240,200,155,2,20251021_025154
1760982677.1447322,2409068,616721408,616.721408,242,199,155,2,20251021_025154
1760982677.1547165,2409107,616731392,616.731392,243,199,155,2,20251021_025154
1760982677.1647005,2409146,616741376,616.741376,245,200,154,2,20251021_025154
1760982677.1746843,2409185,616751360,616.75136,247,199,154,2,20251021_025154
1760982677.1846683,2409224,616761344,616.761344,249,199,154,2,20251021_025154
1760982677.1949084,2409264,616771584,616.771584,250,200,155,2,20251021_025154
1760982677.2048924,2409303,616781568,616.781568,252,200,154,2,20251021_025154
1760982677.2148764,2409342,616791552,616.791552,253,200,155,2,20251021_025154
1760982677.2248604,2409381,616801536,616.801536,0,199,155,2,20251021_025154
1760982677.2348444,2409420,616811520,616.81152,1,200,154,2,20251021_025154
1760982677.2448285,2409459,616821504,616.821504,3,199,154,2,20251021_025154
1760982677.2548122,2409498,616831488,616.831488,4,199,153,2,20251021_025154
1760982677.2647965,2409537,616841472,616.841472,6,199,153,2,20251021_025154
1760982677.2747805,2409576,616851456,616.851456,7,200,153,2,20251021_025154
1760982677.2847643,2409615,616861440,616.86144,8,199,153,2,20251021_025154
1760982677.2947483,2409654,616871424,616.871424,9,199,154,2,20251021_025154
1760982677.3047323,2409693,616881408,616.881408,11,199,154,2,20251021_025154
1760982677.3147163,2409732,616891392,616.891392,12,199,154,2,20251021_025154
1760982677.3247004,2409771,616901376,616.901376,13,200,154,2,20251021_025154
1760982677.3349404,2409811,616911616,616.911616,14,200,154,2,20251021_025154
1760982677.3449244,2409850,616921600,616.9216,15,199,152,2,20251021_025154
1760982677.3549082,2409889,616931584,616.931584,16,200,155,2,20251021_025154
1760982677.3648922,2409928,616941568,616.941568,17,200,155,2,20251021_025154
1760982677.3748765,2409967,616951552,616.951552,18,200,155,2,20251021_025154
1760982677.3848605,2410006,616961536,616.961536,19,200,155,2,20251021_025154
1760982677.3948443,2410045,616971520,616.97152,19,200,156,2,20251021_025154
1760982677.4048283,2410084,616981504,616.981504,20,200,156,2,20251021_025154
1760982677.4148123,2410123,616991488,616.991488,21,200,156,2,20251021_025154
1760982677.4247963,2410162,617001472,617.001472,22,200,157,2,20251021_025154
1760982677.4347804,2410201,617011456,617.011456,22,200,156,2,20251021_025154
1760982677.4447644,2410240,617021440,617.02144,23,200,156,2,20251021_025154
1760982677.4547484,2410279,617031424,617.031424,24,200,156,2,20251021_025154
1760982677.4647324,2410318,617041408,617.041408,24,200,156,2,20251021_025154
1760982677.4749722,2410358,617051648,617.051648,25,200,156,2,20251021_025154
1760982677.4849565,2410397,617061632,617.061632,26,200,155,2,20251021_025154
1760982677.4949403,2410436,617071616,617.071616,26,200,156,2,20251021_025154
1760982677.5049243,2410475,617081600,617.0816,27,200,156,2,20251021_025154
1760982677.5149083,2410514,617091584,617.091584,27,200,156,2,20251021_025154
1760982677.5248923,2410553,617101568,617.101568,28,200,156,2,20251021_025154
1760982677.5348763,2410592,617111552,617.111552,28,200,156,2,20251021_025154
1760982677.5448604,2410631,617121536,617.121536,29,200,156,2,20251021_025154
1760982677.5548444,2410670,617131520,617.13152,30,200,157,2,20251021_025154
1760982677.5648284,2410709,617141504,617.141504,30,200,156,2,20251021_025154
1760982677.5748124,2410748,617151488,617.151488,31,200,156,2,20251021_025154
1760982677.5847964,2410787,617161472,617.161472,31,200,156,2,20251021_025154
1760982677.5947804,2410826,617171456,617.171456,32,200,156,2,20251021_025154
1760982677.6047645,2410865,617181440,617.18144,32,200,156,2,20251021_025154
1760982677.6147482,2410904,617191424,617.191424,33,200,156,2,20251021_025154
1760982677.6249883,2410944,617201664,617.201664,33,200,156,2,20251021_025154
1760982677.6349723,2410983,617211648,617.211648,33,200,156,2,20251021_025154
1760982677.6449564,2411022,617221632,617.221632,34,200,156,2,20251021_025154
1760982677.6549404,2411061,617231616,617.231616,34,200,156,2,20251021_025154
1760982677.6649244,2411100,617241600,617.2416,35,200,156,2,20251021_025154
1760982677.6749084,2411139,617251584,617.251584,35,200,156,2,20251021_025154
1760982677.6848924,2411178,617261568,617.261568,35,200,158,2,20251021_025154
1760982677.6948764,2411217,617271552,617.271552,36,200,156,2,20251021_025154
1760982677.7048604,2411256,617281536,617.281536,36,200,157,2,20251021_025154
1760982677.7148445,2411295,617291520,617.29152,37,200,157,2,20251021_025154
1760982677.7248282,2411334,617301504,617.301504,37,200,156,2,20251021_025154
1760982677.7348125,2411373,617311488,617.311488,37,200,156,2,20251021_025154
1760982677.7447965,2411412,617321472,617.321472,38,200,156,2,20251021_025154
1760982677.7547803,2411451,617331456,617.331456,38,200,156,2,20251021_025154
1760982677.7650204,2411491,617341696,617.341696,38,200,156,2,20251021_025154
1760982677.7750044,2411530,617351680,617.35168,39,200,155,2,20251021_025154
1760982677.7849884,2411569,617361664,617.361664,39,200,156,2,20251021_025154
1760982677.7949724,2411608,617371648,617.371648,40,200,156,2,20251021_025154
1760982677.8049564,2411647,617381632,617.381632,40,200,155,2,20251021_025154
1760982677.8149405,2411686,617391616,617.391616,40,200,156,2,20251021_025154
1760982677.8249242,2411725,617401600,617.4016,41,200,155,2,20251021_025154
1760982677.8349082,2411764,617411584,617.411584,41,200,155,2,20251021_025154
1760982677.8448925,2411803,617421568,617.421568,42,200,153,2,20251021_025154
1760982677.8548765,2411842,617431552,617.431552,42,200,154,2,20251021_025154
1760982677.8648603,2411881,617441536,617.441536,43,200,154,2,20251021_025154
1760982677.8748443,2411920,617451520,617.45152,43,200,154,2,20251021_025154
1760982677.8848283,2411959,617461504,617.461504,44,200,154,2,20251021_025154
1760982677.8948123,2411998,617471488,617.471488,45,200,152,2,20251021_025154
1760982677.9050524,2412038,617481728,617.481728,45,200,154,2,20251021_025154
1760982677.9150364,2412077,617491712,617.491712,46,200,153,2,20251021_025154
1760982677.9250205,2412116,617501696,617.501696,46,200,153,2,20251021_025154
1760982677.9350042,2412155,617511680,617.51168,47,200,153,2,20251021_025154
1760982677.9449885,2412194,617521664,617.521664,48,200,152,2,20251021_025154
1760982677.9549725,2412233,617531648,617.531648,48,200,152,2,20251021_025154
1760982677.9649563,2412272,617541632,617.541632,49,200,151,2,20251021_025154
1760982677.9749403,2412311,617551616,617.551616,50,200,151,2,20251021_025154
1760982677.9849243,2412350,617561600,617.5616,51,200,151,2,20251021_025154
1760982677.9949083,2412389,617571584,617.571584,51,200,151,2,20251021_025154
1760982678.0048923,2412428,617581568,617.581568,52,200,151,2,20251021_025154
1760982678.0148764,2412467,617591552,617.591552,53,200,148,2,20251021_025154
1760982678.0248604,2412506,617601536,617.601536,54,200,149,2,20251021_025154
1760982678.0348444,2412545,617611520,617.61152,55,200,148,2,20251021_025154
1760982678.0450842,2412585,617621760,617.62176,57,200,147,2,20251021_025154
1760982678.0550685,2412624,617631744,617.631744,58,199,147,2,20251021_025154
1760982678.0650525,2412663,617641728,617.641728,59,200,147,2,20251021_025154
1760982678.0750363,2412702,617651712,617.651712,60,201,147,2,20251021_025154
1760982678.0850203,2412741,617661696,617.661696,62,200,147,2,20251021_025154
1760982678.0950043,2412780,617671680,617.67168,63,199,148,2,20251021_025154
1760982678.1049883,2412819,617681664,617.681664,64,200,149,2,20251021_025154
1760982678.1149724,2412858,617691648,617.691648,65,200,150,2,20251021_025154
1760982678.1249564,2412897,617701632,617.701632,66,200,150,2,20251021_025154
1760982678.1349404,2412936,617711616,617.711616,67,200,152,2,20251021_025154
1760982678.1449244,2412975,617721600,617.7216,68,200,151,2,20251021_025154
1760982678.1549084,2413014,617731584,617.731584,69,200,151,2,20251021_025154
1760982678.1648924,2413053,617741568,617.741568,69,200,153,2,20251021_025154
1760982678.1748765,2413092,617751552,617.751552,70,200,152,2,20251021_025154
1760982678.1848602,2413131,617761536,617.761536,71,200,153,2,20251021_025154
1760982678.1951003,2413171,617771776,617.771776,71,200,153,2,20251021_025154
1760982678.2050843,2413210,617781760,617.78176,72,200,153,2,20251021_025154
1760982678.2150683,2413249,617791744,617.791744,73,200,154,2,20251021_025154
1760982678.2250524,2413288,617801728,617.801728,73,200,156,2,20251021_025154
1760982678.2350364,2413327,617811712,617.811712,74,200,155,2,20251021_025154
1760982678.2450204,2413366,617821696,617.821696,74,200,156,2,20251021_025154
1760982678.2550044,2413405,617831680,617.83168,75,200,156,2,20251021_025154
1760982678.2649884,2413444,617841664,617.841664,75,200,156,2,20251021_025154
1760982678.2749724,2413483,617851648,617.851648,75,200,157,2,20251021_025154
1760982678.2849565,2413522,617861632,617.861632,76,200,156,2,20251021_025154
1760982678.2949402,2413561,617871616,617.871616,76,201,158,2,20251021_025154
1760982678.3049242,2413600,617881600,617.8816,77,200,156,2,20251021_025154
1760982678.3149085,2413639,617891584,617.891584,77,200,156,2,20251021_025154
1760982678.3248923,2413678,617901568,617.901568,78,200,156,2,20251021_025154
1760982678.3351324,2413718,617911808,617.911808,78,200,157,2,20251021_025154
1760982678.3451164,2413757,617921792,617.921792,79,200,156,2,20251021_025154
1760982678.3551004,2413796,617931776,617.931776,79,200,156,2,20251021_025154
1760982678.3650844,2413835,617941760,617.94176,80,200,156,2,20251021_025154
1760982678.3750684,2413874,617951744,617.951744,80,200,156,2,20251021_025154
1760982678.3850524,2413913,617961728,617.961728,81,200,156,2,20251021_025154
1760982678.3950365,2413952,617971712,617.971712,82,200,157,2,20251021_025154
1760982678.4050202,2413991,617981696,617.981696,82,200,156,2,20251021_025154
1760982678.4150045,2414030,617991680,617.99168,83,200,158,2,20251021_025154
1760982678.4249885,2414069,618001664,618.001664,83,200,156,2,20251021_025154
1760982678.4349723,2414108,618011648,618.011648,84,200,155,2,20251021_025154
1760982678.4449563,2414147,618021632,618.021632,85,199,156,2,20251021_025154
1760982678.4549403,2414186,618031616,618.031616,86,200,156,2,20251021_025154
1760982678.4649243,2414225,618041600,618.0416,86,200,156,2,20251021_025154
1760982678.4751644,2414265,618051840,618.05184,87,200,155,2,20251021_025154
1760982678.4851484,2414304,618061824,618.061824,88,200,155,2,20251021_025154
1760982678.4951324,2414343,618071808,618.071808,89,200,154,2,20251021_025154
1760982678.5051165,2414382,618081792,618.081792,90,200,154,2,20251021_025154
1760982678.5151002,2414421,618091776,618.091776,91,199,151,2,20251021_025154
1760982678.5250845,2414460,618101760,618.10176,93,200,151,2,20251021_025154
1760982678.5350685,2414499,618111744,618.111744,94,200,150,2,20251021_025154
1760982678.5450523,2414538,618121728,618.121728,96,200,147,2,20251021_025154
1760982678.5550363,2414577,618131712,618.131712,98,200,143,2,20251021_025154
1760982678.5650203,2414616,618141696,618.141696,101,200,140,2,20251021_025154
1760982678.5750043,2414655,618151680,618.15168,103,200,138,2,20251021_025154
1760982678.5849884,2414694,618161664,618.161664,105,200,134,2,20251021_025154
1760982678.5949724,2414733,618171648,618.171648,108,200,131,2,20251021_025154
1760982678.6049564,2414772,618181632,618.181632,110,200,127,2,20251021_025154
1760982678.6149404,2414811,618191616,618.191616,112,199,126,2,20251021_025154
1760982678.6251802,2414851,618201856,618.201856,114,200,125,2,20251021_025154
1760982678.6351645,2414890,618211840,618.21184,116,200,123,2,20251021_025154
1760982678.6451485,2414929,618221824,618.221824,118,200,120,2,20251021_025154
1760982678.6551323,2414968,618231808,618.231808,119,199,120,2,20251021_025154
1760982678.6651163,2415007,618241792,618.241792,121,200,119,2,20251021_025154
1760982678.6751003,2415046,618251776,618.251776,123,199,118,2,20251021_025154
1760982678.6850843,2415085,618261760,618.26176,124,199,118,2,20251021_025154
1760982678.6950684,2415124,618271744,618.271744,126,200,118,2,20251021_025154
1760982678.7050524,2415163,618281728,618.281728,127,200,118,2,20251021_025154
1760982678.7150364,2415202,618291712,618.291712,128,199,120,2,20251021_025154
1760982678.7250204,2415241,618301696,618.301696,129,200,121,2,20251021_025154
1760982678.7350044,2415280,618311680,618.31168,131,200,122,2,20251021_025154
1760982678.7449884,2415319,618321664,618.321664,132,200,123,2,20251021_025154
1760982678.7549725,2415358,618331648,618.331648,133,200,125,2,20251021_025154
1760982678.7652123,2415398,618341888,618.341888,134,200,127,2,20251021_025154
1760982678.7751963,2415437,618351872,618.351872,135,200,127,2,20251021_025154
1760982678.7851803,2415476,618361856,618.361856,136,199,127,2,20251021_025154
1760982678.7951643,2415515,618371840,618.37184,137,200,127,2,20251021_025154
1760982678.8051484,2415554,618381824,618.381824,138,200,130,2,20251021_025154
1760982678.8151324,2415593,618391808,618.391808,139,200,131,2,20251021_025154
1760982678.8251164,2415632,618401792,618.401792,140,200,135,2,20251021_025154
1760982678.8351004,2415671,618411776,618.411776,142,200,139,2,20251021_025154
1760982678.8450844,2415710,618421760,618.42176,143,200,142,2,20251021_025154
1760982678.8550684,2415749,618431744,618.431744,145,200,144,2,20251021_025154
1760982678.8650525,2415788,618441728,618.441728,147,200,146,2,20251021_025154
1760982678.8750362,2415827,618451712,618.451712,150,200,147,2,20251021_025154
1760982678.8850205,2415866,618461696,618.461696,152,200,150,2,20251021_025154
1760982678.8950045,2415905,618471680,618.47168,155,200,151,2,20251021_025154
1760982678.9052444,2415945,618481920,618.48192,158,200,151,2,20251021_025154
1760982678.9152284,2415984,618491904,618.491904,161,200,151,2,20251021_025154
1760982678.9252124,2416023,618501888,618.501888,164,200,152,2,20251021_025154
1760982678.9351964,2416062,618511872,618.511872,167,200,153,2,20251021_025154
1760982678.9451804,2416101,618521856,618.521856,170,200,153,2,20251021_025154
1760982678.9551644,2416140,618531840,618.53184,173,200,154,2,20251021_025154
1760982678.9651484,2416179,618541824,618.541824,177,200,153,2,20251021_025154
1760982678.9751325,2416218,618551808,618.551808,180,200,153,2,20251021_025154
1760982678.9851162,2416257,618561792,618.561792,183,200,154,2,20251021_025154
1760982678.9951005,2416296,618571776,618.571776,187,200,154,2,20251021_025154
1760982679.0050845,2416335,618581760,618.58176,190,200,154,2,20251021_025154
1760982679.0150683,2416374,618591744,618.591744,193,200,154,2,20251021_025154
1760982679.0250523,2416413,618601728,618.601728,197,200,154,2,20251021_025154
1760982679.0350363,2416452,618611712,618.611712,200,200,153,2,20251021_025154
1760982679.0452764,2416492,618621952,618.621952,203,200,155,2,20251021_025154
1760982679.0552604,2416531,618631936,618.631936,206,200,155,2,20251021_025154
1760982679.0652444,2416570,618641920,618.64192,209,200,155,2,20251021_025154
1760982679.0752285,2416609,618651904,618.651904,212,200,155,2,20251021_025154
1760982679.0852122,2416648,618661888,618.661888,215,200,155,2,20251021_025154
1760982679.0951962,2416687,618671872,618.671872,218,200,155,2,20251021_025154
1760982679.1051805,2416726,618681856,618.681856,221,200,155,2,20251021_025154
1760982679.1151645,2416765,618691840,618.69184,224,200,155,2,20251021_025154
1760982679.1251483,2416804,618701824,618.701824,226,200,155,2,20251021_025154
1760982679.1351323,2416843,618711808,618.711808,229,200,155,2,20251021_025154
1760982679.1451163,2416882,618721792,618.721792,231,200,155,2,20251021_025154
1760982679.1551003,2416921,618731776,618.731776,233,200,155,2,20251021_025154
1760982679.1650844,2416960,618741760,618.74176,236,200,156,2,20251021_025154
1760982679.1750684,2416999,618751744,618.751744,238,200,155,2,20251021_025154
1760982679.1850524,2417038,618761728,618.761728,240,200,155,2,20251021_025154
1760982679.1952922,2417078,618771968,618.771968,242,200,155,2,20251021_025154
1760982679.2052765,2417117,618781952,618.781952,244,201,155,2,20251021_025154
1760982679.2152605,2417156,618791936,618.791936,245,200,156,2,20251021_025154
1760982679.2252443,2417195,618801920,618.80192,247,200,155,2,20251021_025154
1760982679.2352283,2417234,618811904,618.811904,249,200,155,2,20251021_025154
1760982679.2452123,2417273,618821888,618.821888,250,200,155,2,20251021_025154
1760982679.2551963,2417312,618831872,618.831872,252,200,155,2,20251021_025154
1760982679.2651803,2417351,618841856,618.841856,253,200,154,2,20251021_025154
1760982679.2751644,2417390,618851840,618.85184,0,200,154,2,20251021_025154
1760982679.2851484,2417429,618861824,618.861824,1,200,154,2,20251021_025154
1760982679.2951324,2417468,618871808,618.871808,3,200,156,2,20251021_025154
1760982679.3051164,2417507,618881792,618.881792,4,200,153,2,20251021_025154
1760982679.3151004,2417546,618891776,618.891776,5,200,153,2,20251021_025154
1760982679.3250844,2417585,618901760,618.90176,7,200,152,2,20251021_025154
1760982679.3353243,2417625,618912000,618.912,8,200,151,2,20251021_025154
1760982679.3453083,2417664,618921984,618.921984,9,200,150,2,20251021_025154
1760982679.3552923,2417703,618931968,618.931968,11,200,147,2,20251021_025154
1760982679.3652763,2417742,618941952,618.941952,12,200,146,2,20251021_025154
1760982679.3752604,2417781,618951936,618.951936,14,200,144,2,20251021_025154
1760982679.3852444,2417820,618961920,618.96192,16,200,141,2,20251021_025154
1760982679.3952284,2417859,618971904,618.971904,18,200,139,2,20251021_025154
1760982679.4052124,2417898,618981888,618.981888,21,200,136,2,20251021_025154
1760982679.4151964,2417937,618991872,618.991872,24,200,134,2,20251021_025154
1760982679.4251804,2417976,619001856,619.001856,27,200,131,2,20251021_025154
1760982679.4351645,2418015,619011840,619.01184,30,200,129,2,20251021_025154
1760982679.4451482,2418054,619021824,619.021824,34,201,127,2,20251021_025154
1760982679.4551322,2418093,619031808,619.031808,37,200,126,2,20251021_025154
1760982679.4651165,2418132,619041792,619.041792,41,200,122,2,20251021_025154
1760982679.4751005,2418171,619051776,619.051776,45,200,120,2,20251021_025154
1760982679.4853404,2418211,619062016,619.062016,48,200,116,2,20251021_025154
1760982679.4953244,2418250,619072000,619.072,52,200,113,2,20251021_025154
1760982679.5053084,2418289,619081984,619.081984,56,200,110,2,20251021_025154
1760982679.5152924,2418328,619091968,619.091968,60,200,107,2,20251021_025154
1760982679.5252764,2418367,619101952,619.101952,63,200,105,2,20251021_025154
1760982679.5352604,2418406,619111936,619.111936,67,200,105,2,20251021_025154
1760982679.5452445,2418445,619121920,619.12192,70,200,105,2,20251021_025154
1760982679.5552282,2418484,619131904,619.131904,74,200,106,2,20251021_025154
1760982679.5652122,2418523,619141888,619.141888,77,200,105,2,20251021_025154
1760982679.5751965,2418562,619151872,619.151872,81,200,105,2,20251021_025154
1760982679.5851803,2418601,619161856,619.161856,84,201,105,2,20251021_025154
1760982679.5951643,2418640,619171840,619.17184,87,200,104,2,20251021_025154
1760982679.6051483,2418679,619181824,619.181824,90,200,104,2,20251021_025154
1760982679.6151323,2418718,619191808,619.191808,93,200,104,2,20251021_025154
1760982679.6253724,2418758,619202048,619.202048,96,200,105,2,20251021_025154
1760982679.6353564,2418797,619212032,619.212032,98,200,105,2,20251021_025154
1760982679.6453404,2418836,619222016,619.222016,101,201,106,2,20251021_025154
1760982679.6553245,2418875,619232000,619.232,103,199,106,2,20251021_025154
1760982679.6653082,2418914,619241984,619.241984,106,200,108,2,20251021_025154
1760982679.6752925,2418953,619251968,619.251968,108,200,107,2,20251021_025154
1760982679.6852765,2418992,619261952,619.261952,110,200,108,2,20251021_025154
1760982679.6952603,2419031,619271936,619.271936,112,200,108,2,20251021_025154
1760982679.7052443,2419070,619281920,619.28192,114,199,110,2,20251021_025154
1760982679.7152283,2419109,619291904,619.291904,116,200,112,2,20251021_025154
1760982679.7252123,2419148,619301888,619.301888,118,200,113,2,20251021_025154
1760982679.7351964,2419187,619311872,619.311872,120,200,114,2,20251021_025154
1760982679.7451804,2419226,619321856,619.321856,121,200,120,2,20251021_025154
1760982679.7551644,2419265,619331840,619.33184,123,200,124,2,20251021_025154
1760982679.7654045,2419305,619342080,619.34208,125,200,127,2,20251021_025154
1760982679.7753882,2419344,619352064,619.352064,127,200,132,2,20251021_025154
1760982679.7853725,2419383,619362048,619.362048,129,200,137,2,20251021_025154
1760982679.7953565,2419422,619372032,619.372032,131,200,140,2,20251021_025154
1760982679.8053403,2419461,619382016,619.382016,133,200,142,2,20251021_025154
1760982679.8153243,2419500,619392000,619.392,135,200,144,2,20251021_025154
1760982679.8253083,2419539,619401984,619.401984,138,200,146,2,20251021_025154
1760982679.8352923,2419578,619411968,619.411968,140,200,148,2,20251021_025154
1760982679.8452764,2419617,619421952,619.421952,143,200,149,2,20251021_025154
1760982679.8555164,2419657,619432192,619.432192,146,201,150,2,20251021_025154
1760982679.8655005,2419696,619442176,619.442176,148,200,150,2,20251021_025154
1760982679.8754842,2419735,619452160,619.45216,151,200,151,2,20251021_025154
1760982679.8854682,2419774,619462144,619.462144,154,200,150,2,20251021_025154
1760982679.8954525,2419813,619472128,619.472128,157,200,150,2,20251021_025154
1760982679.9054365,2419852,619482112,619.482112,161,200,151,2,20251021_025154
1760982679.9156764,2419892,619492352,619.492352,164,200,151,2,20251021_025154
1760982679.9256604,2419931,619502336,619.502336,167,200,151,2,20251021_025154
1760982679.9356444,2419970,619512320,619.51232,171,200,152,2,20251021_025154
1760982679.9456284,2420009,619522304,619.522304,174,201,152,2,20251021_025154
1760982679.9556124,2420048,619532288,619.532288,177,200,152,2,20251021_025154
1760982679.9655964,2420087,619542272,619.542272,181,200,152,2,20251021_025154
1760982679.9755805,2420126,619552256,619.552256,184,200,153,2,20251021_025154
1760982679.9855642,2420165,619562240,619.56224,188,200,152,2,20251021_025154
1760982679.9958043,2420205,619572480,619.57248,191,200,152,2,20251021_025154
1760982680.0057883,2420244,619582464,619.582464,194,200,152,2,20251021_025154
1760982680.0157723,2420283,619592448,619.592448,198,200,153,2,20251021_025154
1760982680.0257564,2420322,619602432,619.602432,201,200,153,2,20251021_025154
1760982680.0357404,2420361,619612416,619.612416,204,200,152,2,20251021_025154
1760982680.0457244,2420400,619622400,619.6224,207,200,153,2,20251021_025154
1760982680.0557084,2420439,619632384,619.632384,210,200,153,2,20251021_025154
1760982680.0656924,2420478,619642368,619.642368,213,200,153,2,20251021_025154
1760982680.0759325,2420518,619652608,619.652608,216,200,153,2,20251021_025154
1760982680.0859165,2420557,619662592,619.662592,219,200,154,2,20251021_025154
1760982680.0959003,2420596,619672576,619.672576,222,200,153,2,20251021_025154
1760982680.1058843,2420635,619682560,619.68256,224,200,153,2,20251021_025154
1760982680.1158683,2420674,619692544,619.692544,227,201,154,2,20251021_025154
1760982680.1258523,2420713,619702528,619.702528,229,200,153,2,20251021_025154
1760982680.1360924,2420753,619712768,619.712768,232,200,154,2,20251021_025154
1760982680.1460764,2420792,619722752,619.722752,234,200,154,2,20251021_025154
1760982680.1560605,2420831,619732736,619.732736,236,200,154,2,20251021_025154
1760982680.1660442,2420870,619742720,619.74272,238,200,154,2,20251021_025154
1760982680.1760285,2420909,619752704,619.752704,240,200,154,2,20251021_025154
1760982680.1860125,2420948,619762688,619.762688,242,200,154,2,20251021_025154
1760982680.1962523,2420988,619772928,619.772928,244,200,154,2,20251021_025154
1760982680.2062364,2421027,619782912,619.782912,246,200,154,2,20251021_025154
1760982680.2162204,2421066,619792896,619.792896,248,200,154,2,20251021_025154
1760982680.2262044,2421105,619802880,619.80288,249,200,153,2,20251021_025154
1760982680.2361884,2421144,619812864,619.812864,251,200,153,2,20251021_025154
1760982680.2461724,2421183,619822848,619.822848,252,200,153,2,20251021_025154
1760982680.2561564,2421222,619832832,619.832832,254,200,152,2,20251021_025154
1760982680.2661405,2421261,619842816,619.842816,0,200,153,2,20251021_025154
1760982680.2761242,2421300,619852800,619.8528,2,200,152,2,20251021_025154
1760982680.2863643,2421340,619863040,619.86304,3,200,152,2,20251021_025154
1760982680.2963483,2421379,619873024,619.873024,4,200,153,2,20251021_025154
1760982680.3063323,2421418,619883008,619.883008,5,200,153,2,20251021_025154
1760982680.3163164,2421457,619892992,619.892992,7,200,152,2,20251021_025154
1760982680.3263004,2421496,619902976,619.902976,8,201,153,2,20251021_025154
1760982680.3362844,2421535,619912960,619.91296,9,200,154,2,20251021_025154
1760982680.3462684,2421574,619922944,619.922944,10,200,153,2,20251021_025154
1760982680.3562524,2421613,619932928,619.932928,11,200,153,2,20251021_025154
1760982680.3662364,2421652,619942912,619.942912,12,200,154,2,20251021_025154
1760982680.3762205,2421691,619952896,619.952896,13,200,153,2,20251021_025154
1760982680.3862042,2421730,619962880,619.96288,14,200,154,2,20251021_025154
1760982680.3961885,2421769,619972864,619.972864,14,200,154,2,20251021_025154
1760982680.4061725,2421808,619982848,619.982848,15,200,155,2,20251021_025154
1760982680.4161563,2421847,619992832,619.992832,16,200,155,2,20251021_025154
1760982680.4263964,2421887,620003072,620.003072,17,200,155,2,20251021_025154
1760982680.4363804,2421926,620013056,620.013056,17,200,155,2,20251021_025154
1760982680.4463644,2421965,620023040,620.02304,18,200,155,2,20251021_025154
1760982680.4563484,2422004,620033024,620.033024,19,200,156,2,20251021_025154
1760982680.4663324,2422043,620043008,620.043008,19,200,155,2,20251021_025154
1760982680.4763165,2422082,620052992,620.052992,20,200,155,2,20251021_025154
1760982680.4863002,2422121,620062976,620.062976,20,200,155,2,20251021_025154
1760982680.4962842,2422160,620072960,620.07296,21,200,155,2,20251021_025154
1760982680.5062685,2422199,620082944,620.082944,22,200,156,2,20251021_025154
1760982680.5162525,2422238,620092928,620.092928,22,200,156,2,20251021_025154
1760982680.5262363,2422277,620102912,620.102912,23,200,157,2,20251021_025154
1760982680.5362203,2422316,620112896,620.112896,23,200,156,2,20251021_025154
1760982680.5462043,2422355,620122880,620.12288,24,200,156,2,20251021_025154
1760982680.5561883,2422394,620132864,620.132864,24,200,156,2,20251021_025154
1760982680.5661724,2422433,620142848,620.142848,24,200,156,2,20251021_025154
1760982680.5764124,2422473,620153088,620.153088,25,200,156,2,20251021_025154
1760982680.5863965,2422512,620163072,620.163072,25,200,156,2,20251021_025154
1760982680.5963802,2422551,620173056,620.173056,26,200,156,2,20251021_025154
1760982680.6063645,2422590,620183040,620.18304,26,200,156,2,20251021_025154
1760982680.6163485,2422629,620193024,620.193024,27,200,157,2,20251021_025154
1760982680.6263323,2422668,620203008,620.203008,27,200,157,2,20251021_025154
1760982680.6363163,2422707,620212992,620.212992,27,200,158,2,20251021_025154
1760982680.6463003,2422746,620222976,620.222976,28,200,156,2,20251021_025154
1760982680.6562843,2422785,620232960,620.23296,28,200,157,2,20251021_025154
1760982680.6662683,2422824,620242944,620.242944,28,200,156,2,20251021_025154
1760982680.6762524,2422863,620252928,620.252928,29,200,158,2,20251021_025154
1760982680.6862364,2422902,620262912,620.262912,29,200,156,2,20251021_025154
1760982680.6962204,2422941,620272896,620.272896,29,200,156,2,20251021_025154
1760982680.7062044,2422980,620282880,620.28288,30,200,156,2,20251021_025154
1760982680.7164445,2423020,620293120,620.29312,30,200,157,2,20251021_025154
1760982680.7264285,2423059,620303104,620.303104,30,200,156,2,20251021_025154
1760982680.7364123,2423098,620313088,620.313088,31,200,157,2,20251021_025154
1760982680.7463963,2423137,620323072,620.323072,31,200,156,2,20251021_025154
1760982680.7563803,2423176,620333056,620.333056,31,200,156,2,20251021_025154
1760982680.7663643,2423215,620343040,620.34304,32,200,155,2,20251021_025154
1760982680.7763484,2423254,620353024,620.353024,32,200,156,2,20251021_025154
1760982680.7863324,2423293,620363008,620.363008,32,200,156,2,20251021_025154
1760982680.7963164,2423332,620372992,620.372992,32,200,156,2,20251021_025154
1760982680.8063004,2423371,620382976,620.382976,33,200,155,2,20251021_025154
1760982680.8162844,2423410,620392960,620.39296,33,200,154,2,20251021_025154
1760982680.8262684,2423449,620402944,620.402944,33,200,154,2,20251021_025154
1760982680.8362525,2423488,620412928,620.412928,34,200,154,2,20251021_025154
1760982680.8462362,2423527,620422912,620.422912,34,200,154,2,20251021_025154
1760982680.8564763,2423567,620433152,620.433152,35,200,153,2,20251021_025154
1760982680.8664603,2423606,620443136,620.443136,35,200,152,2,20251021_025154
1760982680.8764443,2423645,620453120,620.45312,36,200,152,2,20251021_025154
1760982680.8864284,2423684,620463104,620.463104,36,200,152,2,20251021_025154
1760982680.8964124,2423723,620473088,620.473088,37,200,152,2,20251021_025154
1760982680.9063964,2423762,620483072,620.483072,37,200,152,2,20251021_025154
1760982680.9163804,2423801,620493056,620.493056,38,200,152,2,20251021_025154
1760982680.9263644,2423840,620503040,620.50304,38,200,151,2,20251021_025154
1760982680.9363484,2423879,620513024,620.513024,39,200,151,2,20251021_025154
1760982680.9463325,2423918,620523008,620.523008,39,200,150,2,20251021_025154
1760982680.9563162,2423957,620532992,620.532992,40,200,150,2,20251021_025154
1760982680.9663002,2423996,620542976,620.542976,41,200,150,2,20251021_025154
1760982680.9765403,2424036,620553216,620.553216,41,200,149,2,20251021_025154
1760982680.9865243,2424075,620563200,620.5632,42,200,149,2,20251021_025154
1760982680.9965084,2424114,620573184,620.573184,43,200,148,2,20251021_025154
1760982681.0064924,2424153,620583168,620.583168,44,200,147,2,20251021_025154
1760982681.0164764,2424192,620593152,620.593152,45,200,146,2,20251021_025154
1760982681.0264604,2424231,620603136,620.603136,46,200,145,2,20251021_025154
1760982681.0364444,2424270,620613120,620.61312,47,200,144,2,20251021_025154
1760982681.0464284,2424309,620623104,620.623104,48,200,144,2,20251021_025154
1760982681.0564125,2424348,620633088,620.633088,49,200,143,2,20251021_025154
1760982681.0663962,2424387,620643072,620.643072,50,200,142,2,20251021_025154
1760982681.0763805,2424426,620653056,620.653056,51,200,142,2,20251021_025154
1760982681.0863645,2424465,620663040,620.66304,53,200,141,2,20251021_025154
1760982681.0963483,2424504,620673024,620.673024,54,200,143,2,20251021_025154
1760982681.1063323,2424543,620683008,620.683008,55,201,142,2,20251021_025154
1760982681.1163163,2424582,620692992,620.692992,56,200,143,2,20251021_025154
1760982681.1265564,2424622,620703232,620.703232,57,200,143,2,20251021_025154
1760982681.1365404,2424661,620713216,620.713216,58,200,145,2,20251021_025154
1760982681.1465244,2424700,620723200,620.7232,59,200,145,2,20251021_025154
1760982681.1565084,2424739,620733184,620.733184,60,200,146,2,20251021_025154
1760982681.1664925,2424778,620743168,620.743168,61,200,147,2,20251021_025154
1760982681.1764762,2424817,620753152,620.753152,62,200,149,2,20251021_025154
1760982681.1864605,2424856,620763136,620.763136,63,200,149,2,20251021_025154
1760982681.1964445,2424895,620773120,620.77312,63,200,150,2,20251021_025154
1760982681.2064283,2424934,620783104,620.783104,64,200,150,2,20251021_025154
1760982681.2164123,2424973,620793088,620.793088,64,200,151,2,20251021_025154
1760982681.2263963,2425012,620803072,620.803072,65,200,152,2,20251021_025154
1760982681.2363803,2425051,620813056,620.813056,66,200,152,2,20251021_025154
1760982681.2463644,2425090,620823040,620.82304,66,200,153,2,20251021_025154
1760982681.2563484,2425129,620833024,620.833024,67,200,153,2,20251021_025154
1760982681.2665884,2425169,620843264,620.843264,67,200,155,2,20251021_025154
1760982681.2765722,2425208,620853248,620.853248,67,200,155,2,20251021_025154
1760982681.2865562,2425247,620863232,620.863232,68,200,155,2,20251021_025154
1760982681.2965405,2425286,620873216,620.873216,68,200,155,2,20251021_025154
1760982681.3065245,2425325,620883200,620.8832,68,200,155,2,20251021_025154
1760982681.3165083,2425364,620893184,620.893184,69,200,155,2,20251021_025154
1760982681.3264923,2425403,620903168,620.903168,69,200,155,2,20251021_025154
1760982681.3364763,2425442,620913152,620.913152,69,200,155,2,20251021_025154
1760982681.3464603,2425481,620923136,620.923136,70,200,155,2,20251021_025154
1760982681.3564444,2425520,620933120,620.93312,70,200,156,2,20251021_025154
1760982681.3664284,2425559,620943104,620.943104,70,200,155,2,20251021_025154
1760982681.3764124,2425598,620953088,620.953088,71,200,155,2,20251021_025154
1760982681.3863964,2425637,620963072,620.963072,71,200,156,2,20251021_025154
1760982681.3963804,2425676,620973056,620.973056,71,200,155,2,20251021_025154
1760982681.4063644,2425715,620983040,620.98304,72,200,156,2,20251021_025154
1760982681.4166045,2425755,620993280,620.99328,72,200,156,2,20251021_025154
1760982681.4265883,2425794,621003264,621.003264,72,200,156,2,20251021_025154
1760982681.4365723,2425833,621013248,621.013248,73,200,157,2,20251021_025154
1760982681.4465563,2425872,621023232,621.023232,73,200,156,2,20251021_025154
1760982681.4565403,2425911,621033216,621.033216,74,200,156,2,20251021_025154
1760982681.4665244,2425950,621043200,621.0432,74,200,156,2,20251021_025154
1760982681.4765084,2425989,621053184,621.053184,74,199,158,2,20251021_025154
1760982681.4864924,2426028,621063168,621.063168,75,200,157,2,20251021_025154
1760982681.4964764,2426067,621073152,621.073152,75,200,156,2,20251021_025154
1760982681.5064604,2426106,621083136,621.083136,76,200,157,2,20251021_025154
1760982681.5164444,2426145,621093120,621.09312,76,200,156,2,20251021_025154
1760982681.5264285,2426184,621103104,621.103104,77,200,157,2,20251021_025154
1760982681.5364122,2426223,621113088,621.113088,77,200,156,2,20251021_025154
1760982681.5463965,2426262,621123072,621.123072,77,200,157,2,20251021_025154
1760982681.5566363,2426302,621133312,621.133312,78,200,156,2,20251021_025154
1760982681.5666203,2426341,621143296,621.143296,79,200,156,2,20251021_025154
1760982681.5766044,2426380,621153280,621.15328,79,200,154,2,20251021_025154
1760982681.5865884,2426419,621163264,621.163264,80,200,154,2,20251021_025154
1760982681.5965724,2426458,621173248,621.173248,81,199,154,2,20251021_025154
1760982681.6065564,2426497,621183232,621.183232,82,200,152,2,20251021_025154
1760982681.6165404,2426536,621193216,621.193216,84,200,152,2,20251021_025154
1760982681.6265244,2426575,621203200,621.2032,85,200,150,2,20251021_025154
1760982681.6365085,2426614,621213184,621.213184,87,200,148,2,20251021_025154
1760982681.6464922,2426653,621223168,621.223168,90,200,146,2,20251021_025154
1760982681.6564765,2426692,621233152,621.233152,92,200,143,2,20251021_025154
1760982681.6664605,2426731,621243136,621.243136,95,200,140,2,20251021_025154
1760982681.6764443,2426770,621253120,621.25312,98,200,134,2,20251021_025154
1760982681.6864283,2426809,621263104,621.263104,100,199,131,2,20251021_025154
1760982681.6966684,2426849,621273344,621.273344,103,199,127,2,20251021_025154
1760982681.7066524,2426888,621283328,621.283328,105,199,125,2,20251021_025154
1760982681.7166364,2426927,621293312,621.293312,107,200,122,2,20251021_025154
1760982681.7266204,2426966,621303296,621.303296,110,200,119,2,20251021_025154
1760982681.7366045,2427005,621313280,621.31328,112,199,117,2,20251021_025154
1760982681.7465882,2427044,621323264,621.323264,114,200,116,2,20251021_025154
1760982681.7565722,2427083,621333248,621.333248,116,199,114,2,20251021_025154
1760982681.7665565,2427122,621343232,621.343232,117,200,114,2,20251021_025154
1760982681.7765405,2427161,621353216,621.353216,119,199,113,2,20251021_025154
1760982681.7865243,2427200,621363200,621.3632,121,199,114,2,20251021_025154
1760982681.7965083,2427239,621373184,621.373184,122,199,113,2,20251021_025154
1760982681.8064923,2427278,621383168,621.383168,124,200,113,2,20251021_025154
1760982681.8164763,2427317,621393152,621.393152,125,200,114,2,20251021_025154
1760982681.8264604,2427356,621403136,621.403136,127,199,115,2,20251021_025154
1760982681.8367004,2427396,621413376,621.413376,128,200,116,2,20251021_025154
1760982681.8466845,2427435,621423360,621.42336,129,200,117,2,20251021_025154
1760982681.8566682,2427474,621433344,621.433344,131,199,119,2,20251021_025154
1760982681.8666525,2427513,621443328,621.443328,132,199,122,2,20251021_025154
1760982681.8766365,2427552,621453312,621.453312,133,200,126,2,20251021_025154
1760982681.8866203,2427591,621463296,621.463296,134,199,127,2,20251021_025154
1760982681.8966043,2427630,621473280,621.47328,135,200,133,2,20251021_025154
1760982681.9065883,2427669,621483264,621.483264,136,200,139,2,20251021_025154
1760982681.9165723,2427708,621493248,621.493248,138,200,142,2,20251021_025154
1760982681.9265563,2427747,621503232,621.503232,140,200,144,2,20251021_025154
1760982681.9365404,2427786,621513216,621.513216,142,200,147,2,20251021_025154
1760982681.9465244,2427825,621523200,621.5232,144,200,149,2,20251021_025154
1760982681.9565084,2427864,621533184,621.533184,147,200,150,2,20251021_025154
1760982681.9664924,2427903,621543168,621.543168,150,200,152,2,20251021_025154
1760982681.9767325,2427943,621553408,621.553408,152,200,150,2,20251021_025154
1760982681.9867165,2427982,621563392,621.563392,155,200,151,2,20251021_025154
1760982681.9967003,2428021,621573376,621.573376,158,200,151,2,20251021_025154
1760982682.0066843,2428060,621583360,621.58336,161,200,152,2,20251021_025154
1760982682.0166683,2428099,621593344,621.593344,164,200,152,2,20251021_025154
1760982682.0266523,2428138,621603328,621.603328,167,200,153,2,20251021_025154
1760982682.0366364,2428177,621613312,621.613312,170,200,152,2,20251021_025154
1760982682.0466204,2428216,621623296,621.623296,174,200,154,2,20251021_025154
1760982682.0566044,2428255,621633280,621.63328,177,199,153,2,20251021_025154
1760982682.0665884,2428294,621643264,621.643264,180,200,152,2,20251021_025154
1760982682.0765724,2428333,621653248,621.653248,183,199,153,2,20251021_025154
1760982682.0865564,2428372,621663232,621.663232,187,200,154,2,20251021_025154
1760982682.0965405,2428411,621673216,621.673216,190,200,153,2,20251021_025154
1760982682.1065242,2428450,621683200,621.6832,193,199,153,2,20251021_025154
1760982682.1165082,2428489,621693184,621.693184,196,200,154,2,20251021_025154
1760982682.1267483,2428529,621703424,621.703424,200,200,154,2,20251021_025154
1760982682.1367323,2428568,621713408,621.713408,203,200,154,2,20251021_025154
1760982682.1467164,2428607,621723392,621.723392,206,200,154,2,20251021_025154
1760982682.1567004,2428646,621733376,621.733376,209,199,154,2,20251021_025154
1760982682.1666844,2428685,621743360,621.74336,212,200,154,2,20251021_025154
1760982682.1766684,2428724,621753344,621.753344,215,200,154,2,20251021_025154
1760982682.1866524,2428763,621763328,621.763328,217,201,155,2,20251021_025154
1760982682.1966364,2428802,621773312,621.773312,220,200,155,2,20251021_025154
1760982682.2066205,2428841,621783296,621.783296,223,200,154,2,20251021_025154
1760982682.2166042,2428880,621793280,621.79328,225,200,155,2,20251021_025154
1760982682.2265882,2428919,621803264,621.803264,228,200,155,2,20251021_025154
1760982682.2365725,2428958,621813248,621.813248,230,200,156,2,20251021_025154
1760982682.2465563,2428997,621823232,621.823232,233,200,154,2,20251021_025154
1760982682.2565403,2429036,621833216,621.833216,235,200,154,2,20251021_025154
1760982682.2667804,2429076,621843456,621.843456,237,200,155,2,20251021_025154
1760982682.2767644,2429115,621853440,621.85344,239,200,154,2,20251021_025154
1760982682.2867484,2429154,621863424,621.863424,241,200,154,2,20251021_025154
1760982682.2967324,2429193,621873408,621.873408,243,200,154,2,20251021_025154
1760982682.3067164,2429232,621883392,621.883392,245,200,154,2,20251021_025154
1760982682.3167005,2429271,621893376,621.893376,247,200,154,2,20251021_025154
1760982682.3266842,2429310,621903360,621.90336,248,200,154,2,20251021_025154
1760982682.3366685,2429349,621913344,621.913344,250,200,153,2,20251021_025154
1760982682.3466525,2429388,621923328,621.923328,252,200,153,2,20251021_025154
1760982682.3566363,2429427,621933312,621.933312,253,200,153,2,20251021_025154
1760982682.3666203,2429466,621943296,621.943296,0,200,152,2,20251021_025154
1760982682.3766043,2429505,621953280,621.95328,1,200,152,2,20251021_025154
1760982682.3865883,2429544,621963264,621.963264,3,200,152,2,20251021_025154
1760982682.3965724,2429583,621973248,621.973248,4,200,150,2,20251021_025154
1760982682.4065564,2429622,621983232,621.983232,6,199,148,2,20251021_025154
1760982682.4167964,2429662,621993472,621.993472,7,200,148,2,20251021_025154
1760982682.4267805,2429701,622003456,622.003456,9,200,146,2,20251021_025154
1760982682.4367642,2429740,622013440,622.01344,11,200,144,2,20251021_025154
1760982682.4467485,2429779,622023424,622.023424,13,200,142,2,20251021_025154
1760982682.4567325,2429818,622033408,622.033408,15,200,140,2,20251021_025154
1760982682.4667163,2429857,622043392,622.043392,17,200,138,2,20251021_025154
1760982682.4767003,2429896,622053376,622.053376,20,200,136,2,20251021_025154
1760982682.4866843,2429935,622063360,622.06336,22,200,133,2,20251021_025154
1760982682.4966683,2429974,622073344,622.073344,25,200,133,2,20251021_025154
1760982682.5066524,2430013,622083328,622.083328,29,200,130,2,20251021_025154
1760982682.5166364,2430052,622093312,622.093312,32,200,128,2,20251021_025154
1760982682.5266204,2430091,622103296,622.103296,36,200,127,2,20251021_025154
1760982682.5366044,2430130,622113280,622.11328,40,200,125,2,20251021_025154
1760982682.5465884,2430169,622123264,622.123264,43,200,124,2,20251021_025154
1760982682.5568285,2430209,622133504,622.133504,47,200,121,2,20251021_025154
1760982682.5668125,2430248,622143488,622.143488,51,200,117,2,20251021_025154
1760982682.5767963,2430287,622153472,622.153472,54,200,115,2,20251021_025154
1760982682.5867803,2430326,622163456,622.163456,58,200,110,2,20251021_025154
1760982682.5967643,2430365,622173440,622.17344,62,200,108,2,20251021_025154
1760982682.6067483,2430404,622183424,622.183424,66,200,106,2,20251021_025154
1760982682.6167324,2430443,622193408,622.193408,69,200,105,2,20251021_025154
1760982682.6267164,2430482,622203392,622.203392,73,201,104,2,20251021_025154
1760982682.6367004,2430521,622213376,622.213376,76,200,104,2,20251021_025154
1760982682.6466844,2430560,622223360,622.22336,79,200,104,2,20251021_025154
1760982682.6566684,2430599,622233344,622.233344,83,200,104,2,20251021_025154
1760982682.6666524,2430638,622243328,622.243328,86,200,104,2,20251021_025154
1760982682.6766365,2430677,622253312,622.253312,89,200,106,2,20251021_025154
1760982682.6866202,2430716,622263296,622.263296,92,200,103,2,20251021_025154
1760982682.6968603,2430756,622273536,622.273536,95,199,104,2,20251021_025154
1760982682.7068443,2430795,622283520,622.28352,97,200,105,2,20251021_025154
1760982682.7168283,2430834,622293504,622.293504,100,200,105,2,20251021_025154
1760982682.7268124,2430873,622303488,622.303488,102,199,105,2,20251021_025154
1760982682.7367964,2430912,622313472,622.313472,105,200,106,2,20251021_025154
1760982682.7467804,2430951,622323456,622.323456,107,199,106,2,20251021_025154
1760982682.7567644,2430990,622333440,622.33344,109,200,107,2,20251021_025154
1760982682.7667484,2431029,622343424,622.343424,111,199,108,2,20251021_025154
1760982682.7767324,2431068,622353408,622.353408,113,200,109,2,20251021_025154
1760982682.7867165,2431107,622363392,622.363392,115,199,110,2,20251021_025154
1760982682.7967002,2431146,622373376,622.373376,117,199,112,2,20251021_025154
1760982682.8066845,2431185,622383360,622.38336,119,199,114,2,20251021_025154
1760982682.8166685,2431224,622393344,622.393344,121,199,116,2,20251021_025154
1760982682.8266523,2431263,622403328,622.403328,122,200,119,2,20251021_025154
1760982682.8368924,2431303,622413568,622.413568,124,199,122,2,20251021_025154
1760982682.8468764,2431342,622423552,622.423552,126,200,127,2,20251021_025154
1760982682.8568604,2431381,622433536,622.433536,128,199,130,2,20251021_025154
1760982682.8668444,2431420,622443520,622.44352,129,200,135,2,20251021_025154
1760982682.8768284,2431459,622453504,622.453504,132,200,139,2,20251021_025154
1760982682.8868124,2431498,622463488,622.463488,134,200,140,2,20251021_025154
1760982682.8967965,2431537,622473472,622.473472,136,200,143,2,20251021_025154
1760982682.9067802,2431576,622483456,622.483456,138,200,145,2,20251021_025154
1760982682.9167645,2431615,622493440,622.49344,141,200,147,2,20251021_025154
1760982682.9267485,2431654,622503424,622.503424,144,200,148,2,20251021_025154
1760982682.9367323,2431693,622513408,622.513408,146,200,149,2,20251021_025154
1760982682.9467163,2431732,622523392,622.523392,149,200,149,2,20251021_025154
1760982682.9567003,2431771,622533376,622.533376,152,200,149,2,20251021_025154
1760982682.9666843,2431810,622543360,622.54336,155,199,149,2,20251021_025154
1760982682.9766684,2431849,622553344,622.553344,158,200,150,2,20251021_025154
1760982682.9869084,2431889,622563584,622.563584,161,200,150,2,20251021_025154
1760982682.9968925,2431928,622573568,622.573568,164,200,149,2,20251021_025154
1760982683.0068762,2431967,622583552,622.583552,168,200,151,2,20251021_025154
1760982683.0168602,2432006,622593536,622.593536,171,200,151,2,20251021_025154
1760982683.0268445,2432045,622603520,622.60352,174,200,151,2,20251021_025154
1760982683.0368285,2432084,622613504,622.613504,178,200,151,2,20251021_025154
1760982683.0468123,2432123,622623488,622.623488,181,200,152,2,20251021_025154
1760982683.0567963,2432162,622633472,622.633472,185,200,151,2,20251021_025154
1760982683.0667803,2432201,622643456,622.643456,188,200,152,2,20251021_025154
1760982683.0767643,2432240,622653440,622.65344,191,200,152,2,20251021_025154
1760982683.0867484,2432279,622663424,622.663424,195,199,152,2,20251021_025154
1760982683.0967324,2432318,622673408,622.673408,198,200,151,2,20251021_025154
1760982683.1067164,2432357,622683392,622.683392,201,200,152,2,20251021_025154
1760982683.1167004,2432396,622693376,622.693376,205,200,152,2,20251021_025154
1760982683.1269405,2432436,622703616,622.703616,208,200,151,2,20251021_025154
1760982683.1369245,2432475,622713600,622.7136,211,200,154,2,20251021_025154
1760982683.1469083,2432514,622723584,622.723584,214,200,153,2,20251021_025154
1760982683.1568923,2432553,622733568,622.733568,217,200,153,2,20251021_025154
1760982683.1668763,2432592,622743552,622.743552,219,200,153,2,20251021_025154
1760982683.1768603,2432631,622753536,622.753536,222,200,153,2,20251021_025154
1760982683.1868443,2432670,622763520,622.76352,225,200,153,2,20251021_025154
1760982683.1968284,2432709,622773504,622.773504,227,200,152,2,20251021_025154
1760982683.2068124,2432748,622783488,622.783488,230,200,153,2,20251021_025154
1760982683.2167964,2432787,622793472,622.793472,232,200,153,2,20251021_025154
1760982683.2267804,2432826,622803456,622.803456,234,200,153,2,20251021_025154
1760982683.2367644,2432865,622813440,622.81344,236,200,153,2,20251021_025154
1760982683.2467484,2432904,622823424,622.823424,239,200,153,2,20251021_025154
1760982683.2567325,2432943,622833408,622.833408,241,200,153,2,20251021_025154
1760982683.2669723,2432983,622843648,622.843648,242,200,153,2,20251021_025154
1760982683.2769563,2433022,622853632,622.853632,244,200,154,2,20251021_025154
1760982683.2869403,2433061,622863616,622.863616,246,200,154,2,20251021_025154
1760982683.2969244,2433100,622873600,622.8736,248,200,154,2,20251021_025154
1760982683.3069084,2433139,622883584,622.883584,249,200,154,2,20251021_025154
1760982683.3168924,2433178,622893568,622.893568,251,200,153,2,20251021_025154
1760982683.3268764,2433217,622903552,622.903552,252,200,154,2,20251021_025154
1760982683.3368604,2433256,622913536,622.913536,254,199,154,2,20251021_025154
1760982683.3468444,2433295,622923520,622.92352,0,200,153,2,20251021_025154
1760982683.3568285,2433334,622933504,622.933504,2,200,154,2,20251021_025154
1760982683.3668122,2433373,622943488,622.943488,3,200,155,2,20251021_025154
1760982683.3767962,2433412,622953472,622.953472,4,200,155,2,20251021_025154
1760982683.3867805,2433451,622963456,622.963456,5,200,155,2,20251021_025154
1760982683.3967645,2433490,622973440,622.97344,6,200,154,2,20251021_025154
1760982683.4067483,2433529,622983424,622.983424,7,200,155,2,20251021_025154
1760982683.4169884,2433569,622993664,622.993664,8,200,155,2,20251021_025154
1760982683.4269724,2433608,623003648,623.003648,9,200,155,2,20251021_025154
1760982683.4369564,2433647,623013632,623.013632,10,200,155,2,20251021_025154
1760982683.4469404,2433686,623023616,623.023616,11,200,155,2,20251021_025154
1760982683.4569244,2433725,623033600,623.0336,12,200,155,2,20251021_025154
1760982683.4669085,2433764,623043584,623.043584,13,200,155,2,20251021_025154
1760982683.4768922,2433803,623053568,623.053568,14,200,155,2,20251021_025154
1760982683.4868762,2433842,623063552,623.063552,14,200,155,2,20251021_025154
1760982683.4968605,2433881,623073536,623.073536,15,200,155,2,20251021_025154
1760982683.5068443,2433920,623083520,623.08352,16,200,155,2,20251021_025154
1760982683.5168283,2433959,623093504,623.093504,17,200,156,2,20251021_025154
1760982683.5268123,2433998,623103488,623.103488,17,200,155,2,20251021_025154
1760982683.5367963,2434037,623113472,623.113472,18,200,156,2,20251021_025154
1760982683.5467803,2434076,623123456,623.123456,19,200,157,2,20251021_025154
1760982683.5570204,2434116,623133696,623.133696,19,200,156,2,20251021_025154
1760982683.5670044,2434155,623143680,623.14368,20,200,155,2,20251021_025154
1760982683.5769885,2434194,623153664,623.153664,20,201,156,2,20251021_025154
1760982683.5869722,2434233,623163648,623.163648,21,200,155,2,20251021_025154
1760982683.5969565,2434272,623173632,623.173632,21,200,157,2,20251021_025154
1760982683.6069405,2434311,623183616,623.183616,22,200,155,2,20251021_025154
1760982683.6169243,2434350,623193600,623.1936,22,200,155,2,20251021_025154
1760982683.6269083,2434389,623203584,623.203584,23,200,155,2,20251021_025154
1760982683.6368923,2434428,623213568,623.213568,23,200,155,2,20251021_025154
1760982683.6468763,2434467,623223552,623.223552,24,200,156,2,20251021_025154
1760982683.6568604,2434506,623233536,623.233536,24,200,157,2,20251021_025154
1760982683.6668444,2434545,623243520,623.24352,25,200,156,2,20251021_025154
1760982683.6768284,2434584,623253504,623.253504,25,199,155,2,20251021_025154
1760982683.6868124,2434623,623263488,623.263488,26,200,157,2,20251021_025154
1760982683.6967964,2434662,623273472,623.273472,26,200,154,2,20251021_025154
1760982683.7070365,2434702,623283712,623.283712,26,200,155,2,20251021_025154
1760982683.7170205,2434741,623293696,623.293696,27,200,155,2,20251021_025154
1760982683.7270043,2434780,623303680,623.30368,27,200,155,2,20251021_025154
1760982683.7369883,2434819,623313664,623.313664,28,200,155,2,20251021_025154
1760982683.7469723,2434858,623323648,623.323648,28,200,155,2,20251021_025154
1760982683.7569563,2434897,623333632,623.333632,28,200,154,2,20251021_025154
1760982683.7669404,2434936,623343616,623.343616,29,200,155,2,20251021_025154
1760982683.7769244,2434975,623353600,623.3536,29,200,155,2,20251021_025154
1760982683.7869084,2435014,623363584,623.363584,29,200,155,2,20251021_025154
1760982683.7968924,2435053,623373568,623.373568,30,200,154,2,20251021_025154
1760982683.8068764,2435092,623383552,623.383552,30,200,154,2,20251021_025154
1760982683.8168604,2435131,623393536,623.393536,31,200,154,2,20251021_025154
1760982683.8268445,2435170,623403520,623.40352,31,200,153,2,20251021_025154
1760982683.8368282,2435209,623413504,623.413504,31,200,153,2,20251021_025154
1760982683.8470683,2435249,623423744,623.423744,32,200,153,2,20251021_025154
1760982683.8570523,2435288,623433728,623.433728,32,200,153,2,20251021_025154
1760982683.8670363,2435327,623443712,623.443712,33,200,153,2,20251021_025154
1760982683.8770204,2435366,623453696,623.453696,33,200,153,2,20251021_025154
1760982683.8870044,2435405,623463680,623.46368,34,200,152,2,20251021_025154
1760982683.8969884,2435444,623473664,623.473664,34,200,152,2,20251021_025154
1760982683.9069724,2435483,623483648,623.483648,35,200,152,2,20251021_025154
1760982683.9169564,2435522,623493632,623.493632,35,200,152,2,20251021_025154
1760982683.9269404,2435561,623503616,623.503616,36,200,152,2,20251021_025154
1760982683.9369245,2435600,623513600,623.5136,36,200,151,2,20251021_025154
1760982683.9469082,2435639,623523584,623.523584,37,200,150,2,20251021_025154
1760982683.9568925,2435678,623533568,623.533568,37,200,150,2,20251021_025154
1760982683.9668765,2435717,623543552,623.543552,38,200,150,2,20251021_025154
1760982683.9768603,2435756,623553536,623.553536,38,200,150,2,20251021_025154
1760982683.9868443,2435795,623563520,623.56352,39,200,150,2,20251021_025154
1760982683.9970844,2435835,623573760,623.57376,39,200,150,2,20251021_025154
1760982684.0070684,2435874,623583744,623.583744,40,200,150,2,20251021_025154
1760982684.0170524,2435913,623593728,623.593728,41,200,150,2,20251021_025154
1760982684.0270364,2435952,623603712,623.603712,41,200,150,2,20251021_025154
1760982684.0370204,2435991,623613696,623.613696,42,200,149,2,20251021_025154
1760982684.0470045,2436030,623623680,623.62368,42,200,149,2,20251021_025154
1760982684.0569882,2436069,623633664,623.633664,43,200,148,2,20251021_025154
1760982684.0669725,2436108,623643648,623.643648,44,200,147,2,20251021_025154
1760982684.0769565,2436147,623653632,623.653632,44,200,149,2,20251021_025154
1760982684.0869403,2436186,623663616,623.663616,45,200,150,2,20251021_025154
1760982684.0969243,2436225,623673600,623.6736,46,200,149,2,20251021_025154
1760982684.1069083,2436264,623683584,623.683584,46,200,150,2,20251021_025154
1760982684.1168923,2436303,623693568,623.693568,46,200,152,2,20251021_025154
1760982684.1268764,2436342,623703552,623.703552,47,200,152,2,20251021_025154
1760982684.1371164,2436382,623713792,623.713792,47,200,152,2,20251021_025154
1760982684.1471004,2436421,623723776,623.723776,48,200,152,2,20251021_025154
1760982684.1570845,2436460,623733760,623.73376,48,200,153,2,20251021_025154
1760982684.1670682,2436499,623743744,623.743744,48,200,153,2,20251021_025154
1760982684.1770525,2436538,623753728,623.753728,48,200,154,2,20251021_025154
1760982684.1870365,2436577,623763712,623.763712,48,200,155,2,20251021_025154
1760982684.1970203,2436616,623773696,623.773696,49,200,154,2,20251021_025154
1760982684.2070043,2436655,623783680,623.78368,49,200,156,2,20251021_025154
1760982684.2169883,2436694,623793664,623.793664,49,200,156,2,20251021_025154
1760982684.2269723,2436733,623803648,623.803648,49,200,155,2,20251021_025154
1760982684.2369564,2436772,623813632,623.813632,49,200,156,2,20251021_025154
1760982684.2469404,2436811,623823616,623.823616,49,200,156,2,20251021_025154
1760982684.2569244,2436850,623833600,623.8336,49,200,156,2,20251021_025154
1760982684.2669084,2436889,623843584,623.843584,49,200,156,2,20251021_025154
1760982684.2771482,2436929,623853824,623.853824,49,200,157,2,20251021_025154
1760982684.2871325,2436968,623863808,623.863808,49,200,156,2,20251021_025154
1760982684.2971165,2437007,623873792,623.873792,49,200,155,2,20251021_025154
1760982684.3071003,2437046,623883776,623.883776,50,200,157,2,20251021_025154
1760982684.3170843,2437085,623893760,623.89376,50,200,157,2,20251021_025154
1760982684.3270683,2437124,623903744,623.903744,50,200,157,2,20251021_025154
1760982684.3370523,2437163,623913728,623.913728,50,200,157,2,20251021_025154
1760982684.3470364,2437202,623923712,623.923712,50,200,158,2,20251021_025154
1760982684.3570204,2437241,623933696,623.933696,50,200,157,2,20251021_025154
1760982684.3670044,2437280,623943680,623.94368,50,200,157,2,20251021_025154
1760982684.3769884,2437319,623953664,623.953664,50,200,157,2,20251021_025154
1760982684.3869724,2437358,623963648,623.963648,50,200,156,2,20251021_025154
1760982684.3969564,2437397,623973632,623.973632,50,200,157,2,20251021_025154
1760982684.4069405,2437436,623983616,623.983616,50,200,157,2,20251021_025154
1760982684.4169242,2437475,623993600,623.9936,51,200,157,2,20251021_025154
1760982684.4271643,2437515,624003840,624.00384,51,200,157,2,20251021_025154
1760982684.4371483,2437554,624013824,624.013824,51,200,157,2,20251021_025154
1760982684.4471323,2437593,624023808,624.023808,51,200,157,2,20251021_025154
1760982684.4571164,2437632,624033792,624.033792,51,200,157,2,20251021_025154
1760982684.4671004,2437671,624043776,624.043776,51,200,157,2,20251021_025154
1760982684.4770844,2437710,624053760,624.05376,51,200,157,2,20251021_025154
1760982684.4870684,2437749,624063744,624.063744,51,200,157,2,20251021_025154
1760982684.4970524,2437788,624073728,624.073728,51,200,157,2,20251021_025154
1760982684.5070364,2437827,624083712,624.083712,51,200,157,2,20251021_025154
1760982684.5170205,2437866,624093696,624.093696,51,200,157,2,20251021_025154
1760982684.5270042,2437905,624103680,624.10368,51,200,156,2,20251021_025154
1760982684.5369885,2437944,624113664,624.113664,52,200,157,2,20251021_025154
1760982684.5469725,2437983,624123648,624.123648,52,200,156,2,20251021_025154
1760982684.5572124,2438023,624133888,624.133888,52,200,156,2,20251021_025154
1760982684.5671964,2438062,624143872,624.143872,52,200,156,2,20251021_025154
1760982684.5771804,2438101,624153856,624.153856,52,200,156,2,20251021_025154
1760982684.5871644,2438140,624163840,624.16384,52,200,156,2,20251021_025154
1760982684.5971484,2438179,624173824,624.173824,52,200,155,2,20251021_025154
1760982684.6071324,2438218,624183808,624.183808,53,200,155,2,20251021_025154
1760982684.6171165,2438257,624193792,624.193792,53,200,156,2,20251021_025154
1760982684.6271002,2438296,624203776,624.203776,53,200,155,2,20251021_025154
1760982684.6370842,2438335,624213760,624.21376,53,200,155,2,20251021_025154
1760982684.6470685,2438374,624223744,624.223744,54,200,154,2,20251021_025154
1760982684.6570525,2438413,624233728,624.233728,54,200,155,2,20251021_025154
1760982684.6670363,2438452,624243712,624.243712,54,200,154,2,20251021_025154
1760982684.6770203,2438491,624253696,624.253696,55,200,154,2,20251021_025154
1760982684.6870043,2438530,624263680,624.26368,56,200,154,2,20251021_025154
1760982684.6969883,2438569,624273664,624.273664,57,200,153,2,20251021_025154
1760982684.7072284,2438609,624283904,624.283904,58,200,153,2,20251021_025154
1760982684.7172124,2438648,624293888,624.293888,59,200,153,2,20251021_025154
1760982684.7271965,2438687,624303872,624.303872,61,200,152,2,20251021_025154
1760982684.7371802,2438726,624313856,624.313856,63,200,150,2,20251021_025154
1760982684.7471642,2438765,624323840,624.32384,66,200,149,2,20251021_025154
1760982684.7571485,2438804,624333824,624.333824,69,200,148,2,20251021_025154
1760982684.7671323,2438843,624343808,624.343808,73,200,145,2,20251021_025154
1760982684.7771163,2438882,624353792,624.353792,76,200,140,2,20251021_025154
1760982684.7871003,2438921,624363776,624.363776,79,200,136,2,20251021_025154
1760982684.7970843,2438960,624373760,624.37376,83,200,131,2,20251021_025154
1760982684.8070683,2438999,624383744,624.383744,86,200,126,2,20251021_025154
1760982684.8170524,2439038,624393728,624.393728,89,200,120,2,20251021_025154
1760982684.8270364,2439077,624403712,624.403712,92,200,114,2,20251021_025154
1760982684.8370204,2439116,624413696,624.413696,95,200,112,2,20251021_025154
1760982684.8470044,2439155,624423680,624.42368,97,200,110,2,20251021_025154
1760982684.8572445,2439195,624433920,624.43392,100,200,108,2,20251021_025154
1760982684.8672285,2439234,624443904,624.443904,102,200,107,2,20251021_025154
1760982684.8772123,2439273,624453888,624.453888,105,200,106,2,20251021_025154
1760982684.8871963,2439312,624463872,624.463872,107,200,106,2,20251021_025154
1760982684.8971803,2439351,624473856,624.473856,109,199,106,2,20251021_025154
1760982684.9071643,2439390,624483840,624.48384,111,200,108,2,20251021_025154
1760982684.9171484,2439429,624493824,624.493824,113,200,108,2,20251021_025154
1760982684.9271324,2439468,624503808,624.503808,115,199,109,2,20251021_025154
1760982684.9371164,2439507,624513792,624.513792,117,199,110,2,20251021_025154
1760982684.9471004,2439546,624523776,624.523776,119,199,112,2,20251021_025154
1760982684.9570844,2439585,624533760,624.53376,121,200,113,2,20251021_025154
1760982684.9670684,2439624,624543744,624.543744,122,200,114,2,20251021_025154
1760982684.9770525,2439663,624553728,624.553728,124,200,117,2,20251021_025154
1760982684.9870362,2439702,624563712,624.563712,125,199,120,2,20251021_025154
1760982684.9972763,2439742,624573952,624.573952,127,199,124,2,20251021_025154
1760982685.0072603,2439781,624583936,624.583936,128,199,127,2,20251021_025154
1760982685.0172443,2439820,624593920,624.59392,129,200,131,2,20251021_025154
1760982685.0272284,2439859,624603904,624.603904,131,200,136,2,20251021_025154
1760982685.0372124,2439898,624613888,624.613888,133,200,139,2,20251021_025154
1760982685.0471964,2439937,624623872,624.623872,134,199,142,2,20251021_025154
1760982685.0571804,2439976,624633856,624.633856,136,200,144,2,20251021_025154
1760982685.0671644,2440015,624643840,624.64384,139,200,146,2,20251021_025154
1760982685.0771484,2440054,624653824,624.653824,141,199,147,2,20251021_025154
1760982685.0871325,2440093,624663808,624.663808,143,200,149,2,20251021_025154
1760982685.0971162,2440132,624673792,624.673792,146,200,150,2,20251021_025154
1760982685.1071002,2440171,624683776,624.683776,149,200,151,2,20251021_025154
1760982685.1170845,2440210,624693760,624.69376,151,201,151,2,20251021_025154
1760982685.1270683,2440249,624703744,624.703744,154,200,151,2,20251021_025154
1760982685.1370523,2440288,624713728,624.713728,157,199,152,2,20251021_025154
1760982685.1472924,2440328,624723968,624.723968,160,200,151,2,20251021_025154
1760982685.1572764,2440367,624733952,624.733952,163,200,152,2,20251021_025154
1760982685.1672604,2440406,624743936,624.743936,166,199,152,2,20251021_025154
1760982685.1772444,2440445,624753920,624.75392,169,200,152,2,20251021_025154
1760982685.1872284,2440484,624763904,624.763904,172,200,152,2,20251021_025154
1760982685.1972125,2440523,624773888,624.773888,175,200,152,2,20251021_025154
1760982685.2071962,2440562,624783872,624.783872,178,199,152,2,20251021_025154
1760982685.2171805,2440601,624793856,624.793856,182,199,152,2,20251021_025154
1760982685.2271645,2440640,624803840,624.80384,185,200,153,2,20251021_025154
1760982685.2371483,2440679,624813824,624.813824,188,199,153,2,20251021_025154
1760982685.2471323,2440718,624823808,624.823808,191,200,153,2,20251021_025154
1760982685.2571163,2440757,624833792,624.833792,194,199,153,2,20251021_025154
1760982685.2671003,2440796,624843776,624.843776,198,200,153,2,20251021_025154
1760982685.2770844,2440835,624853760,624.85376,201,199,153,2,20251021_025154
1760982685.2873244,2440875,624864000,624.864,204,200,153,2,20251021_025154
1760982685.2973084,2440914,624873984,624.873984,207,200,154,2,20251021_025154
1760982685.3072925,2440953,624883968,624.883968,210,200,153,2,20251021_025154
1760982685.3172762,2440992,624893952,624.893952,213,200,153,2,20251021_025154
1760982685.3272605,2441031,624903936,624.903936,216,199,154,2,20251021_025154
1760982685.3372445,2441070,624913920,624.91392,218,199,154,2,20251021_025154
1760982685.3472283,2441109,624923904,624.923904,221,200,154,2,20251021_025154
1760982685.3572123,2441148,624933888,624.933888,224,200,154,2,20251021_025154
1760982685.3671963,2441187,624943872,624.943872,226,200,154,2,20251021_025154
1760982685.3771803,2441226,624953856,624.953856,229,199,155,2,20251021_025154
1760982685.3871644,2441265,624963840,624.96384,231,200,154,2,20251021_025154
1760982685.3971484,2441304,624973824,624.973824,233,200,154,2,20251021_025154
1760982685.4071324,2441343,624983808,624.983808,235,200,154,2,20251021_025154
1760982685.4171164,2441382,624993792,624.993792,238,200,154,2,20251021_025154
1760982685.4273562,2441422,625004032,625.004032,240,200,154,2,20251021_025154
1760982685.4373405,2441461,625014016,625.014016,241,200,154,2,20251021_025154
1760982685.4473245,2441500,625024000,625.024,243,200,154,2,20251021_025154
1760982685.4573083,2441539,625033984,625.033984,245,200,153,2,20251021_025154
1760982685.4672923,2441578,625043968,625.043968,247,200,154,2,20251021_025154
1760982685.4772763,2441617,625053952,625.053952,249,200,153,2,20251021_025154
1760982685.4872603,2441656,625063936,625.063936,250,200,153,2,20251021_025154
1760982685.4972444,2441695,625073920,625.07392,252,200,153,2,20251021_025154
1760982685.5072284,2441734,625083904,625.083904,253,200,153,2,20251021_025154
1760982685.5172124,2441773,625093888,625.093888,0,200,153,2,20251021_025154
1760982685.5271964,2441812,625103872,625.103872,1,200,153,2,20251021_025154
1760982685.5371804,2441851,625113856,625.113856,3,200,154,2,20251021_025154
1760982685.5471644,2441890,625123840,625.12384,4,200,153,2,20251021_025154
1760982685.5571485,2441929,625133824,625.133824,5,200,153,2,20251021_025154
1760982685.5673883,2441969,625144064,625.144064,7,200,154,2,20251021_025154
1760982685.5773723,2442008,625154048,625.154048,8,200,154,2,20251021_025154
1760982685.5873563,2442047,625164032,625.164032,9,200,154,2,20251021_025154
1760982685.5973403,2442086,625174016,625.174016,10,200,154,2,20251021_025154
1760982685.6073244,2442125,625184000,625.184,11,200,155,2,20251021_025154
1760982685.6173084,2442164,625193984,625.193984,12,200,155,2,20251021_025154
1760982685.6272924,2442203,625203968,625.203968,13,200,156,2,20251021_025154
1760982685.6375322,2442243,625214208,625.214208,14,200,156,2,20251021_025154
1760982685.6475165,2442282,625224192,625.224192,15,200,156,2,20251021_025154
1760982685.6575005,2442321,625234176,625.234176,15,200,156,2,20251021_025154
1760982685.6674843,2442360,625244160,625.24416,16,200,156,2,20251021_025154
1760982685.6774683,2442399,625254144,625.254144,17,200,155,2,20251021_025154
1760982685.6874523,2442438,625264128,625.264128,18,200,157,2,20251021_025154
1760982685.6974363,2442477,625274112,625.274112,18,200,156,2,20251021_025154
1760982685.7076764,2442517,625284352,625.284352,19,200,156,2,20251021_025154
1760982685.7176604,2442556,625294336,625.294336,20,200,157,2,20251021_025154
1760982685.7276444,2442595,625304320,625.30432,20,200,156,2,20251021_025154
1760982685.7376285,2442634,625314304,625.314304,21,200,157,2,20251021_025154
1760982685.7476122,2442673,625324288,625.324288,21,200,156,2,20251021_025154
1760982685.7575965,2442712,625334272,625.334272,22,200,156,2,20251021_025154
1760982685.7675805,2442751,625344256,625.344256,23,200,156,2,20251021_025154
1760982685.7778203,2442791,625354496,625.354496,23,200,156,2,20251021_025154
1760982685.7878044,2442830,625364480,625.36448,24,200,158,2,20251021_025154
1760982685.7977884,2442869,625374464,625.374464,24,200,156,2,20251021_025154
1760982685.8077724,2442908,625384448,625.384448,25,200,157,2,20251021_025154
1760982685.8177564,2442947,625394432,625.394432,25,200,156,2,20251021_025154
1760982685.8277404,2442986,625404416,625.404416,26,200,156,2,20251021_025154
1760982685.8377244,2443025,625414400,625.4144,26,200,156,2,20251021_025154
1760982685.8477085,2443064,625424384,625.424384,27,200,158,2,20251021_025154
1760982685.8579483,2443104,625434624,625.434624,27,200,157,2,20251021_025154
1760982685.8679323,2443143,625444608,625.444608,27,200,156,2,20251021_025154
1760982685.8779163,2443182,625454592,625.454592,28,200,157,2,20251021_025154
1760982685.8879004,2443221,625464576,625.464576,28,200,157,2,20251021_025154
1760982685.8978844,2443260,625474560,625.47456,29,200,157,2,20251021_025154
1760982685.9078684,2443299,625484544,625.484544,29,200,157,2,20251021_025154
1760982685.9178524,2443338,625494528,625.494528,29,200,157,2,20251021_025154
1760982685.9280922,2443378,625504768,625.504768,30,200,157,2,20251021_025154
1760982685.9380765,2443417,625514752,625.514752,30,200,156,2,20251021_025154
1760982685.9480605,2443456,625524736,625.524736,30,200,157,2,20251021_025154
1760982685.9580443,2443495,625534720,625.53472,31,200,156,2,20251021_025154
1760982685.9680283,2443534,625544704,625.544704,31,200,156,2,20251021_025154
1760982685.9780123,2443573,625554688,625.554688,31,200,156,2,20251021_025154
1760982685.9879963,2443612,625564672,625.564672,32,200,156,2,20251021_025154
1760982685.9982364,2443652,625574912,625.574912,32,200,156,2,20251021_025154
1760982686.0082204,2443691,625584896,625.584896,33,200,155,2,20251021_025154
1760982686.0182045,2443730,625594880,625.59488,33,200,155,2,20251021_025154
1760982686.0281882,2443769,625604864,625.604864,33,200,155,2,20251021_025154
1760982686.0381722,2443808,625614848,625.614848,34,200,155,2,20251021_025154
1760982686.0481565,2443847,625624832,625.624832,34,200,154,2,20251021_025154
1760982686.0581405,2443886,625634816,625.634816,35,200,154,2,20251021_025154
1760982686.0681243,2443925,625644800,625.6448,36,201,153,2,20251021_025154
1760982686.0783644,2443965,625655040,625.65504,36,200,152,2,20251021_025154
1760982686.0883484,2444004,625665024,625.665024,37,200,151,2,20251021_025154
1760982686.0983324,2444043,625675008,625.675008,38,200,151,2,20251021_025154
1760982686.1083164,2444082,625684992,625.684992,39,200,151,2,20251021_025154
1760982686.1183004,2444121,625694976,625.694976,40,200,152,2,20251021_025154
1760982686.1282845,2444160,625704960,625.70496,41,200,150,2,20251021_025154
1760982686.1382682,2444199,625714944,625.714944,42,200,149,2,20251021_025154
1760982686.1482522,2444238,625724928,625.724928,43,200,149,2,20251021_025154
1760982686.1582365,2444277,625734912,625.734912,44,200,148,2,20251021_025154
1760982686.1682203,2444316,625744896,625.744896,45,200,147,2,20251021_025154
1760982686.1782043,2444355,625754880,625.75488,47,200,144,2,20251021_025154
1760982686.1881883,2444394,625764864,625.764864,49,200,141,2,20251021_025154
1760982686.1984284,2444434,625775104,625.775104,51,200,139,2,20251021_025154
1760982686.2084124,2444473,625785088,625.785088,53,200,138,2,20251021_025154
1760982686.2183964,2444512,625795072,625.795072,55,200,136,2,20251021_025154
1760982686.2283804,2444551,625805056,625.805056,58,200,134,2,20251021_025154
1760982686.2383645,2444590,625815040,625.81504,61,200,132,2,20251021_025154
1760982686.2483482,2444629,625825024,625.825024,65,200,129,2,20251021_025154
1760982686.2583325,2444668,625835008,625.835008,68,200,127,2,20251021_025154
1760982686.2683165,2444707,625844992,625.844992,72,200,125,2,20251021_025154
1760982686.2783003,2444746,625854976,625.854976,75,200,120,2,20251021_025154
1760982686.2882843,2444785,625864960,625.86496,78,200,117,2,20251021_025154
1760982686.2982683,2444824,625874944,625.874944,82,200,114,2,20251021_025154
1760982686.3082523,2444863,625884928,625.884928,85,200,111,2,20251021_025154
1760982686.3182364,2444902,625894912,625.894912,88,200,109,2,20251021_025154
1760982686.3282204,2444941,625904896,625.904896,91,200,106,2,20251021_025154
1760982686.3384604,2444981,625915136,625.915136,94,199,105,2,20251021_025154
1760982686.3484445,2445020,625925120,625.92512,97,200,104,2,20251021_025154
1760982686.3584282,2445059,625935104,625.935104,99,200,104,2,20251021_025154
1760982686.3684125,2445098,625945088,625.945088,102,200,104,2,20251021_025154
1760982686.3783965,2445137,625955072,625.955072,104,200,105,2,20251021_025154
1760982686.3883803,2445176,625965056,625.965056,106,199,106,2,20251021_025154
1760982686.3983643,2445215,625975040,625.97504,109,199,107,2,20251021_025154
1760982686.4083483,2445254,625985024,625.985024,111,200,108,2,20251021_025154
1760982686.4183323,2445293,625995008,625.995008,113,200,109,2,20251021_025154
1760982686.4283164,2445332,626004992,626.004992,115,200,110,2,20251021_025154
1760982686.4383004,2445371,626014976,626.014976,117,200,112,2,20251021_025154
1760982686.4482844,2445410,626024960,626.02496,118,200,114,2,20251021_025154
1760982686.4582684,2445449,626034944,626.034944,120,200,118,2,20251021_025154
1760982686.4682524,2445488,626044928,626.044928,122,200,122,2,20251021_025154
1760982686.4782364,2445527,626054912,626.054912,124,200,126,2,20251021_025154
1760982686.4884765,2445567,626065152,626.065152,125,200,128,2,20251021_025154
1760982686.4984603,2445606,626075136,626.075136,127,200,134,2,20251021_025154
1760982686.5084443,2445645,626085120,626.08512,129,200,138,2,20251021_025154
1760982686.5184283,2445684,626095104,626.095104,131,200,140,2,20251021_025154
1760982686.5284123,2445723,626105088,626.105088,134,200,142,2,20251021_025154
1760982686.5383964,2445762,626115072,626.115072,136,200,144,2,20251021_025154
1760982686.5483804,2445801,626125056,626.125056,138,200,147,2,20251021_025154
1760982686.5583644,2445840,626135040,626.13504,141,200,148,2,20251021_025154
1760982686.5683484,2445879,626145024,626.145024,144,200,149,2,20251021_025154
1760982686.5783324,2445918,626155008,626.155008,146,200,149,2,20251021_025154
1760982686.5883164,2445957,626164992,626.164992,149,200,150,2,20251021_025154
1760982686.5983005,2445996,626174976,626.174976,152,200,150,2,20251021_025154
1760982686.6082842,2446035,626184960,626.18496,155,200,152,2,20251021_025154
1760982686.6182685,2446074,626194944,626.194944,158,200,151,2,20251021_025154
1760982686.6285083,2446114,626205184,626.205184,162,199,151,2,20251021_025154
1760982686.6384923,2446153,626215168,626.215168,165,200,151,2,20251021_025154
1760982686.6484764,2446192,626225152,626.225152,168,200,152,2,20251021_025154
1760982686.6584604,2446231,626235136,626.235136,171,200,152,2,20251021_025154
1760982686.6684444,2446270,626245120,626.24512,175,200,152,2,20251021_025154
1760982686.6784284,2446309,626255104,626.255104,178,199,152,2,20251021_025154
1760982686.6884124,2446348,626265088,626.265088,182,200,152,2,20251021_025154
1760982686.6983964,2446387,626275072,626.275072,185,200,152,2,20251021_025154
1760982686.7083805,2446426,626285056,626.285056,188,200,152,2,20251021_025154
1760982686.7183642,2446465,626295040,626.29504,192,200,153,2,20251021_025154
1760982686.7283485,2446504,626305024,626.305024,195,200,153,2,20251021_025154
1760982686.7383325,2446543,626315008,626.315008,199,200,154,2,20251021_025154
1760982686.7483163,2446582,626324992,626.324992,202,200,154,2,20251021_025154
1760982686.7583003,2446621,626334976,626.334976,205,200,153,2,20251021_025154
1760982686.7682843,2446660,626344960,626.34496,208,200,153,2,20251021_025154
1760982686.7785244,2446700,626355200,626.3552,211,200,153,2,20251021_025154
1760982686.7885084,2446739,626365184,626.365184,214,200,154,2,20251021_025154
1760982686.7984924,2446778,626375168,626.375168,217,200,153,2,20251021_025154
1760982686.8084764,2446817,626385152,626.385152,220,200,154,2,20251021_025154
1760982686.8184605,2446856,626395136,626.395136,223,200,154,2,20251021_025154
1760982686.8284442,2446895,626405120,626.40512,225,200,154,2,20251021_025154
1760982686.8384285,2446934,626415104,626.415104,228,200,154,2,20251021_025154
1760982686.8484125,2446973,626425088,626.425088,230,200,154,2,20251021_025154
1760982686.8583963,2447012,626435072,626.435072,232,200,155,2,20251021_025154
1760982686.8683803,2447051,626445056,626.445056,235,200,154,2,20251021_025154
1760982686.8783643,2447090,626455040,626.45504,237,200,153,2,20251021_025154
1760982686.8883483,2447129,626465024,626.465024,239,200,154,2,20251021_025154
1760982686.8983324,2447168,626475008,626.475008,241,200,154,2,20251021_025154
1760982686.9083164,2447207,626484992,626.484992,243,200,154,2,20251021_025154
1760982686.9185565,2447247,626495232,626.495232,245,200,154,2,20251021_025154
1760982686.9285402,2447286,626505216,626.505216,246,201,154,2,20251021_025154
1760982686.9385242,2447325,626515200,626.5152,248,200,153,2,20251021_025154
1760982686.9485085,2447364,626525184,626.525184,250,200,153,2,20251021_025154
1760982686.9584925,2447403,626535168,626.535168,251,200,153,2,20251021_025154
1760982686.9684763,2447442,626545152,626.545152,253,200,153,2,20251021_025154
1760982686.9784603,2447481,626555136,626.555136,254,201,154,2,20251021_025154
1760982686.9884443,2447520,626565120,626.56512,1,200,152,2,20251021_025154
1760982686.9984283,2447559,626575104,626.575104,2,200,152,2,20251021_025154
1760982687.0084124,2447598,626585088,626.585088,4,200,152,2,20251021_025154
1760982687.0183964,2447637,626595072,626.595072,5,200,152,2,20251021_025154
1760982687.0283804,2447676,626605056,626.605056,6,200,152,2,20251021_025154
1760982687.0383644,2447715,626615040,626.61504,7,200,152,2,20251021_025154
1760982687.0483484,2447754,626625024,626.625024,9,200,153,2,20251021_025154
1760982687.0585885,2447794,626635264,626.635264,10,200,153,2,20251021_025154
1760982687.0685723,2447833,626645248,626.645248,11,200,153,2,20251021_025154
1760982687.0785563,2447872,626655232,626.655232,12,200,155,2,20251021_025154
1760982687.0885403,2447911,626665216,626.665216,13,200,154,2,20251021_025154
1760982687.0985243,2447950,626675200,626.6752,14,200,154,2,20251021_025154
1760982687.1085083,2447989,626685184,626.685184,15,200,154,2,20251021_025154
1760982687.1184924,2448028,626695168,626.695168,16,200,156,2,20251021_025154
1760982687.1284764,2448067,626705152,626.705152,16,200,155,2,20251021_025154
1760982687.1384604,2448106,626715136,626.715136,17,200,155,2,20251021_025154
1760982687.1484444,2448145,626725120,626.72512,18,200,155,2,20251021_025154
1760982687.1584284,2448184,626735104,626.735104,19,200,155,2,20251021_025154
1760982687.1684124,2448223,626745088,626.745088,19,200,156,2,20251021_025154
1760982687.1783965,2448262,626755072,626.755072,20,200,156,2,20251021_025154
1760982687.1883802,2448301,626765056,626.765056,20,200,156,2,20251021_025154
1760982687.1983645,2448340,626775040,626.77504,21,200,156,2,20251021_025154
1760982687.2086043,2448380,626785280,626.78528,21,200,156,2,20251021_025154
1760982687.2185884,2448419,626795264,626.795264,22,200,156,2,20251021_025154
1760982687.2285724,2448458,626805248,626.805248,22,200,156,2,20251021_025154
1760982687.2385564,2448497,626815232,626.815232,23,200,156,2,20251021_025154
1760982687.2485404,2448536,626825216,626.825216,23,200,156,2,20251021_025154
1760982687.2585244,2448575,626835200,626.8352,24,200,156,2,20251021_025154
1760982687.2685084,2448614,626845184,626.845184,24,200,156,2,20251021_025154
1760982687.2784925,2448653,626855168,626.855168,25,200,157,2,20251021_025154
1760982687.2884762,2448692,626865152,626.865152,25,200,156,2,20251021_025154
1760982687.2984602,2448731,626875136,626.875136,26,200,156,2,20251021_025154
1760982687.3084445,2448770,626885120,626.88512,26,200,157,2,20251021_025154
1760982687.3184285,2448809,626895104,626.895104,27,200,156,2,20251021_025154
1760982687.3284123,2448848,626905088,626.905088,27,200,157,2,20251021_025154
1760982687.3383963,2448887,626915072,626.915072,27,200,158,2,20251021_025154
1760982687.3486364,2448927,626925312,626.925312,28,200,157,2,20251021_025154
1760982687.3586204,2448966,626935296,626.935296,28,200,156,2,20251021_025154
1760982687.3686044,2449005,626945280,626.94528,28,200,155,2,20251021_025154
1760982687.3785884,2449044,626955264,626.955264,29,200,157,2,20251021_025154
1760982687.3885725,2449083,626965248,626.965248,29,200,156,2,20251021_025154
1760982687.3985562,2449122,626975232,626.975232,29,200,157,2,20251021_025154
1760982687.4085402,2449161,626985216,626.985216,30,200,157,2,20251021_025154
1760982687.4185245,2449200,626995200,626.9952,30,200,157,2,20251021_025154
1760982687.4285083,2449239,627005184,627.005184,30,200,157,2,20251021_025154
1760982687.4384923,2449278,627015168,627.015168,31,200,157,2,20251021_025154
1760982687.4484763,2449317,627025152,627.025152,31,200,156,2,20251021_025154
1760982687.4584603,2449356,627035136,627.035136,31,200,156,2,20251021_025154
1760982687.4684443,2449395,627045120,627.04512,32,200,156,2,20251021_025154
1760982687.4784284,2449434,627055104,627.055104,32,200,156,2,20251021_025154
1760982687.4886684,2449474,627065344,627.065344,32,200,156,2,20251021_025154
1760982687.4986525,2449513,627075328,627.075328,33,200,156,2,20251021_025154
1760982687.5086362,2449552,627085312,627.085312,33,200,155,2,20251021_025154
1760982687.5186205,2449591,627095296,627.095296,33,200,155,2,20251021_025154
1760982687.5286045,2449630,627105280,627.10528,34,200,155,2,20251021_025154
1760982687.5385883,2449669,627115264,627.115264,34,200,155,2,20251021_025154
1760982687.5485723,2449708,627125248,627.125248,35,200,154,2,20251021_025154
1760982687.5585563,2449747,627135232,627.135232,35,200,154,2,20251021_025154
1760982687.5685403,2449786,627145216,627.145216,36,200,154,2,20251021_025154
1760982687.5785244,2449825,627155200,627.1552,36,200,154,2,20251021_025154
1760982687.5885084,2449864,627165184,627.165184,37,200,154,2,20251021_025154
1760982687.5984924,2449903,627175168,627.175168,37,200,154,2,20251021_025154
1760982687.6084764,2449942,627185152,627.185152,38,201,154,2,20251021_025154
1760982687.6184604,2449981,627195136,627.195136,38,200,153,2,20251021_025154
1760982687.6284444,2450020,627205120,627.20512,39,200,153,2,20251021_025154
1760982687.6386845,2450060,627215360,627.21536,39,200,154,2,20251021_025154
1760982687.6486683,2450099,627225344,627.225344,40,199,153,2,20251021_025154
1760982687.6586523,2450138,627235328,627.235328,40,200,153,2,20251021_025154
1760982687.6686363,2450177,627245312,627.245312,41,200,153,2,20251021_025154
1760982687.6786203,2450216,627255296,627.255296,41,200,153,2,20251021_025154
1760982687.6886044,2450255,627265280,627.26528,42,200,152,2,20251021_025154
1760982687.6985884,2450294,627275264,627.275264,43,200,152,2,20251021_025154
1760982687.7085724,2450333,627285248,627.285248,43,200,152,2,20251021_025154
1760982687.7185564,2450372,627295232,627.295232,44,200,152,2,20251021_025154
1760982687.7285404,2450411,627305216,627.305216,45,200,152,2,20251021_025154
1760982687.7385244,2450450,627315200,627.3152,45,200,152,2,20251021_025154
1760982687.7485085,2450489,627325184,627.325184,46,200,151,2,20251021_025154
1760982687.7584922,2450528,627335168,627.335168,47,200,151,2,20251021_025154
1760982687.7684762,2450567,627345152,627.345152,47,200,151,2,20251021_025154
1760982687.7787163,2450607,627355392,627.355392,48,200,151,2,20251021_025154
1760982687.7887003,2450646,627365376,627.365376,49,200,151,2,20251021_025154
1760982687.7986844,2450685,627375360,627.37536,49,200,151,2,20251021_025154
1760982687.8086684,2450724,627385344,627.385344,50,200,150,2,20251021_025154
1760982687.8186524,2450763,627395328,627.395328,51,200,151,2,20251021_025154
1760982687.8286364,2450802,627405312,627.405312,52,200,152,2,20251021_025154
1760982687.8386204,2450841,627415296,627.415296,52,200,153,2,20251021_025154
1760982687.8486044,2450880,627425280,627.42528,53,200,153,2,20251021_025154
1760982687.8585885,2450919,627435264,627.435264,53,200,153,2,20251021_025154
1760982687.8685722,2450958,627445248,627.445248,54,200,153,2,20251021_025154
1760982687.8785565,2450997,627455232,627.455232,54,200,154,2,20251021_025154
1760982687.8885405,2451036,627465216,627.465216,54,200,154,2,20251021_025154
1760982687.8985243,2451075,627475200,627.4752,55,200,154,2,20251021_025154
1760982687.9085083,2451114,627485184,627.485184,55,200,153,2,20251021_025154
1760982687.9187484,2451154,627495424,627.495424,55,200,155,2,20251021_025154
1760982687.9287324,2451193,627505408,627.505408,55,200,158,2,20251021_025154
1760982687.9387164,2451232,627515392,627.515392,56,200,156,2,20251021_025154
1760982687.9487004,2451271,627525376,627.525376,56,200,157,2,20251021_025154
1760982687.9586844,2451310,627535360,627.53536,56,200,157,2,20251021_025154
1760982687.9686685,2451349,627545344,627.545344,56,199,158,2,20251021_025154
1760982687.9786522,2451388,627555328,627.555328,56,199,155,2,20251021_025154
1760982687.9886365,2451427,627565312,627.565312,56,200,156,2,20251021_025154
1760982687.9986205,2451466,627575296,627.575296,56,200,156,2,20251021_025154
1760982688.0086043,2451505,627585280,627.58528,56,200,157,2,20251021_025154
1760982688.0185883,2451544,627595264,627.595264,56,200,157,2,20251021_025154
1760982688.0285723,2451583,627605248,627.605248,57,200,157,2,20251021_025154
1760982688.0385563,2451622,627615232,627.615232,57,200,157,2,20251021_025154
1760982688.0485404,2451661,627625216,627.625216,57,200,157,2,20251021_025154
1760982688.0585244,2451700,627635200,627.6352,57,200,156,2,20251021_025154
1760982688.0687644,2451740,627645440,627.64544,57,200,157,2,20251021_025154
1760982688.0787485,2451779,627655424,627.655424,57,199,157,2,20251021_025154
1760982688.0887322,2451818,627665408,627.665408,57,200,157,2,20251021_025154
1760982688.0987165,2451857,627675392,627.675392,57,199,159,2,20251021_025154
1760982688.1087005,2451896,627685376,627.685376,57,199,158,2,20251021_025154
1760982688.1186843,2451935,627695360,627.69536,58,199,157,2,20251021_025154
1760982688.1286683,2451974,627705344,627.705344,58,200,156,2,20251021_025154
1760982688.1386523,2452013,627715328,627.715328,58,200,157,2,20251021_025154
1760982688.1486363,2452052,627725312,627.725312,58,199,158,2,20251021_025154
1760982688.1586204,2452091,627735296,627.735296,58,199,158,2,20251021_025154
1760982688.1686044,2452130,627745280,627.74528,58,199,158,2,20251021_025154
1760982688.1785884,2452169,627755264,627.755264,58,200,158,2,20251021_025154
1760982688.1885724,2452208,627765248,627.765248,58,199,158,2,20251021_025154
1760982688.1985564,2452247,627775232,627.775232,59,199,158,2,20251021_025154
1760982688.2087965,2452287,627785472,627.785472,59,199,158,2,20251021_025154
1760982688.2187805,2452326,627795456,627.795456,59,200,157,2,20251021_025154
1760982688.2287643,2452365,627805440,627.80544,59,199,158,2,20251021_025154
1760982688.2387483,2452404,627815424,627.815424,59,199,158,2,20251021_025154
1760982688.2487323,2452443,627825408,627.825408,59,199,158,2,20251021_025154
1760982688.2587163,2452482,627835392,627.835392,59,199,158,2,20251021_025154
1760982688.2687004,2452521,627845376,627.845376,60,199,156,2,20251021_025154
1760982688.2786844,2452560,627855360,627.85536,60,199,157,2,20251021_025154
1760982688.2889245,2452600,627865600,627.8656,60,199,156,2,20251021_025154
1760982688.2989082,2452639,627875584,627.875584,60,200,156,2,20251021_025154
1760982688.3088925,2452678,627885568,627.885568,60,199,157,2,20251021_025154
1760982688.3188765,2452717,627895552,627.895552,61,200,156,2,20251021_025154
1760982688.3288603,2452756,627905536,627.905536,61,199,156,2,20251021_025154
1760982688.3388443,2452795,627915520,627.91552,62,199,155,2,20251021_025154
1760982688.3488283,2452834,627925504,627.925504,63,199,154,2,20251021_025154
1760982688.3588123,2452873,627935488,627.935488,64,200,154,2,20251021_025154
1760982688.3687963,2452912,627945472,627.945472,66,199,154,2,20251021_025154
1760982688.3787804,2452951,627955456,627.955456,68,199,152,2,20251021_025154
1760982688.3887644,2452990,627965440,627.96544,70,199,151,2,20251021_025154
1760982688.3987484,2453029,627975424,627.975424,73,199,151,2,20251021_025154
1760982688.4087324,2453068,627985408,627.985408,77,199,146,2,20251021_025154
1760982688.4187164,2453107,627995392,627.995392,80,199,144,2,20251021_025154
1760982688.4287004,2453146,628005376,628.005376,83,199,138,2,20251021_025154
1760982688.4389403,2453186,628015616,628.015616,87,199,131,2,20251021_025154
1760982688.4489243,2453225,628025600,628.0256,90,199,127,2,20251021_025154
1760982688.4589083,2453264,628035584,628.035584,92,199,121,2,20251021_025154
1760982688.4688923,2453303,628045568,628.045568,95,199,116,2,20251021_025154
1760982688.4788764,2453342,628055552,628.055552,98,200,113,2,20251021_025154
1760982688.4888604,2453381,628065536,628.065536,101,199,110,2,20251021_025154
1760982688.4988444,2453420,628075520,628.07552,103,199,107,2,20251021_025154
1760982688.5088284,2453459,628085504,628.085504,105,199,106,2,20251021_025154
1760982688.5188124,2453498,628095488,628.095488,108,199,104,2,20251021_025154
1760982688.5287964,2453537,628105472,628.105472,110,199,104,2,20251021_025154
1760982688.5387805,2453576,628115456,628.115456,112,199,104,2,20251021_025154
1760982688.5487642,2453615,628125440,628.12544,114,199,105,2,20251021_025154
1760982688.5587482,2453654,628135424,628.135424,116,199,105,2,20251021_025154
1760982688.5687325,2453693,628145408,628.145408,118,199,104,2,20251021_025154
1760982688.5789723,2453733,628155648,628.155648,119,199,105,2,20251021_025154
1760982688.5889564,2453772,628165632,628.165632,121,198,106,2,20251021_025154
1760982688.5989404,2453811,628175616,628.175616,122,199,108,2,20251021_025154
1760982688.6089244,2453850,628185600,628.1856,124,199,108,2,20251021_025154
1760982688.6189084,2453889,628195584,628.195584,125,199,109,2,20251021_025154
1760982688.6288924,2453928,628205568,628.205568,127,199,110,2,20251021_025154
1760982688.6388764,2453967,628215552,628.215552,128,199,113,2,20251021_025154
1760982688.6488605,2454006,628225536,628.225536,129,199,116,2,20251021_025154
1760982688.6588442,2454045,628235520,628.23552,131,199,119,2,20251021_025154
1760982688.6688282,2454084,628245504,628.245504,132,199,125,2,20251021_025154
1760982688.6788125,2454123,628255488,628.255488,133,200,127,2,20251021_025154
1760982688.6887963,2454162,628265472,628.265472,135,199,135,2,20251021_025154
1760982688.6987803,2454201,628275456,628.275456,137,199,139,2,20251021_025154
1760982688.7087643,2454240,628285440,628.28544,139,199,142,2,20251021_025154
1760982688.7190044,2454280,628295680,628.29568,141,199,145,2,20251021_025154
1760982688.7289884,2454319,628305664,628.305664,143,199,147,2,20251021_025154
1760982688.7389724,2454358,628315648,628.315648,146,199,148,2,20251021_025154
1760982688.7489564,2454397,628325632,628.325632,148,199,150,2,20251021_025154
1760982688.7589405,2454436,628335616,628.335616,151,199,150,2,20251021_025154
1760982688.7689242,2454475,628345600,628.3456,154,199,150,2,20251021_025154
1760982688.7789085,2454514,628355584,628.355584,157,199,150,2,20251021_025154
1760982688.7888925,2454553,628365568,628.365568,160,199,151,2,20251021_025154
1760982688.7988763,2454592,628375552,628.375552,163,199,152,2,20251021_025154
1760982688.8088603,2454631,628385536,628.385536,166,199,152,2,20251021_025154
1760982688.8188443,2454670,628395520,628.39552,169,199,152,2,20251021_025154
1760982688.8288283,2454709,628405504,628.405504,172,200,153,2,20251021_025154
1760982688.8388124,2454748,628415488,628.415488,175,199,152,2,20251021_025154
1760982688.8487964,2454787,628425472,628.425472,179,199,152,2,20251021_025154
1760982688.8587804,2454826,628435456,628.435456,182,199,152,2,20251021_025154
1760982688.8690205,2454866,628445696,628.445696,185,199,153,2,20251021_025154
1760982688.8790042,2454905,628455680,628.45568,188,200,154,2,20251021_025154
1760982688.8889885,2454944,628465664,628.465664,192,199,152,2,20251021_025154
1760982688.8989725,2454983,628475648,628.475648,195,199,152,2,20251021_025154
1760982688.9089563,2455022,628485632,628.485632,198,199,153,2,20251021_025154
1760982688.9189403,2455061,628495616,628.495616,201,199,153,2,20251021_025154
1760982688.9289243,2455100,628505600,628.5056,204,199,153,2,20251021_025154
1760982688.9389083,2455139,628515584,628.515584,207,199,154,2,20251021_025154
1760982688.9488924,2455178,628525568,628.525568,210,199,153,2,20251021_025154
1760982688.9588764,2455217,628535552,628.535552,213,199,155,2,20251021_025154
1760982688.9688604,2455256,628545536,628.545536,216,199,152,2,20251021_025154
1760982688.9788444,2455295,628555520,628.55552,219,199,154,2,20251021_025154
1760982688.9888284,2455334,628565504,628.565504,221,199,154,2,20251021_025154
1760982688.9988124,2455373,628575488,628.575488,224,199,154,2,20251021_025154
1760982689.0090525,2455413,628585728,628.585728,226,199,155,2,20251021_025154
1760982689.0190363,2455452,628595712,628.595712,229,199,153,2,20251021_025154
1760982689.0290203,2455491,628605696,628.605696,231,199,154,2,20251021_025154
1760982689.0390043,2455530,628615680,628.61568,233,199,153,2,20251021_025154
1760982689.0489883,2455569,628625664,628.625664,236,200,153,2,20251021_025154
1760982689.0589724,2455608,628635648,628.635648,238,200,154,2,20251021_025154
1760982689.0689564,2455647,628645632,628.645632,240,199,153,2,20251021_025154
1760982689.0789404,2455686,628655616,628.655616,242,199,153,2,20251021_025154
1760982689.0889244,2455725,628665600,628.6656,244,199,153,2,20251021_025154
1760982689.0989084,2455764,628675584,628.675584,245,199,155,2,20251021_025154
1760982689.1088924,2455803,628685568,628.685568,247,200,153,2,20251021_025154
1760982689.1188765,2455842,628695552,628.695552,249,199,153,2,20251021_025154
1760982689.1288602,2455881,628705536,628.705536,250,199,152,2,20251021_025154
1760982689.1388445,2455920,628715520,628.71552,252,200,152,2,20251021_025154
1760982689.1488285,2455959,628725504,628.725504,254,200,152,2,20251021_025154
1760982689.1590683,2455999,628735744,628.735744,0,200,151,2,20251021_025154
1760982689.1690524,2456038,628745728,628.745728,2,199,152,2,20251021_025154
1760982689.1790364,2456077,628755712,628.755712,3,200,150,2,20251021_025154
1760982689.1890204,2456116,628765696,628.765696,5,200,151,2,20251021_025154
1760982689.1990044,2456155,628775680,628.77568,6,200,149,2,20251021_025154
1760982689.2089884,2456194,628785664,628.785664,8,200,147,2,20251021_025154
1760982689.2189724,2456233,628795648,628.795648,9,200,145,2,20251021_025154
1760982689.2289565,2456272,628805632,628.805632,11,200,143,2,20251021_025154
1760982689.2389402,2456311,628815616,628.815616,12,200,141,2,20251021_025154
1760982689.2489245,2456350,628825600,628.8256,14,199,139,2,20251021_025154
1760982689.2589085,2456389,628835584,628.835584,16,200,136,2,20251021_025154
1760982689.2688923,2456428,628845568,628.845568,18,200,138,2,20251021_025154
1760982689.2788763,2456467,628855552,628.855552,20,199,136,2,20251021_025154
1760982689.2888603,2456506,628865536,628.865536,23,200,136,2,20251021_025154
1760982689.2991004,2456546,628875776,628.875776,25,200,135,2,20251021_025154
1760982689.3090844,2456585,628885760,628.88576,27,200,136,2,20251021_025154
1760982689.3190684,2456624,628895744,628.895744,29,200,136,2,20251021_025154
1760982689.3290524,2456663,628905728,628.905728,31,199,136,2,20251021_025154
1760982689.3390365,2456702,628915712,628.915712,33,200,137,2,20251021_025154
1760982689.3490202,2456741,628925696,628.925696,36,199,135,2,20251021_025154
1760982689.3590045,2456780,628935680,628.93568,38,199,135,2,20251021_025154
1760982689.3689885,2456819,628945664,628.945664,40,199,134,2,20251021_025154
1760982689.3789723,2456858,628955648,628.955648,43,199,133,2,20251021_025154
1760982689.3889563,2456897,628965632,628.965632,45,200,134,2,20251021_025154
1760982689.3989403,2456936,628975616,628.975616,48,200,131,2,20251021_025154
1760982689.4089243,2456975,628985600,628.9856,51,200,130,2,20251021_025154
1760982689.4189084,2457014,628995584,628.995584,53,200,130,2,20251021_025154
1760982689.4288924,2457053,629005568,629.005568,56,199,129,2,20251021_025154
1760982689.4388764,2457092,629015552,629.015552,59,199,127,2,20251021_025154
1760982689.4491162,2457132,629025792,629.025792,62,200,127,2,20251021_025154
1760982689.4591002,2457171,629035776,629.035776,66,199,125,2,20251021_025154
1760982689.4690845,2457210,629045760,629.04576,69,200,123,2,20251021_025154
1760982689.4790685,2457249,629055744,629.055744,72,199,121,2,20251021_025154
1760982689.4890523,2457288,629065728,629.065728,76,200,118,2,20251021_025154
1760982689.4990363,2457327,629075712,629.075712,79,199,116,2,20251021_025154
1760982689.5090203,2457366,629085696,629.085696,82,199,116,2,20251021_025154
1760982689.5190043,2457405,629095680,629.09568,85,199,112,2,20251021_025154
1760982689.5289884,2457444,629105664,629.105664,89,199,110,2,20251021_025154
1760982689.5389724,2457483,629115648,629.115648,91,199,109,2,20251021_025154
1760982689.5489564,2457522,629125632,629.125632,94,200,107,2,20251021_025154
1760982689.5589404,2457561,629135616,629.135616,97,199,106,2,20251021_025154
1760982689.5689244,2457600,629145600,629.1456,100,199,106,2,20251021_025154
1760982689.5789084,2457639,629155584,629.155584,102,199,105,2,20251021_025154
1760982689.5891483,2457679,629165824,629.165824,105,199,105,2,20251021_025154
1760982689.5991323,2457718,629175808,629.175808,107,199,105,2,20251021_025154
1760982689.6091163,2457757,629185792,629.185792,109,199,106,2,20251021_025154
1760982689.6191003,2457796,629195776,629.195776,111,198,106,2,20251021_025154
1760982689.6290843,2457835,629205760,629.20576,113,199,108,2,20251021_025154
1760982689.6390684,2457874,629215744,629.215744,115,198,107,2,20251021_025154
1760982689.6490524,2457913,629225728,629.225728,117,199,108,2,20251021_025154
1760982689.6590364,2457952,629235712,629.235712,119,198,109,2,20251021_025154
1760982689.6690204,2457991,629245696,629.245696,120,198,110,2,20251021_025154
1760982689.6790044,2458030,629255680,629.25568,122,199,111,2,20251021_025154
1760982689.6889884,2458069,629265664,629.265664,124,198,112,2,20251021_025154
1760982689.6989725,2458108,629275648,629.275648,125,198,112,2,20251021_025154
1760982689.7089562,2458147,629285632,629.285632,127,198,114,2,20251021_025154
1760982689.7189405,2458186,629295616,629.295616,128,199,124,2,20251021_025154
1760982689.7289245,2458225,629305600,629.3056,130,199,116,2,20251021_025154
1760982689.7391644,2458265,629315840,629.31584,131,199,119,2,20251021_025154
1760982689.7491484,2458304,629325824,629.325824,133,198,121,2,20251021_025154
1760982689.7591324,2458343,629335808,629.335808,134,199,123,2,20251021_025154
1760982689.7691164,2458382,629345792,629.345792,136,198,125,2,20251021_025154
1760982689.7791004,2458421,629355776,629.355776,138,198,127,2,20251021_025154
1760982689.7890844,2458460,629365760,629.36576,139,199,127,2,20251021_025154
1760982689.7990685,2458499,629375744,629.375744,141,199,128,2,20251021_025154
1760982689.8090522,2458538,629385728,629.385728,143,198,130,2,20251021_025154
1760982689.8190362,2458577,629395712,629.395712,145,199,133,2,20251021_025154
1760982689.8290205,2458616,629405696,629.405696,147,198,136,2,20251021_025154
1760982689.8390045,2458655,629415680,629.41568,149,198,138,2,20251021_025154
1760982689.8489883,2458694,629425664,629.425664,151,199,139,2,20251021_025154
1760982689.8589723,2458733,629435648,629.435648,153,199,141,2,20251021_025154
1760982689.8689563,2458772,629445632,629.445632,156,199,142,2,20251021_025154
1760982689.8791964,2458812,629455872,629.455872,159,199,143,2,20251021_025154
1760982689.8891804,2458851,629465856,629.465856,161,198,144,2,20251021_025154
1760982689.8991644,2458890,629475840,629.47584,164,199,146,2,20251021_025154
1760982689.9091485,2458929,629485824,629.485824,167,198,148,2,20251021_025154
1760982689.9191322,2458968,629495808,629.495808,170,199,149,2,20251021_025154
1760982689.9291162,2459007,629505792,629.505792,173,199,148,2,20251021_025154
1760982689.9391005,2459046,629515776,629.515776,176,199,149,2,20251021_025154
1760982689.9490843,2459085,629525760,629.52576,179,199,149,2,20251021_025154
1760982689.9590683,2459124,629535744,629.535744,183,198,149,2,20251021_025154
1760982689.9690523,2459163,629545728,629.545728,186,199,148,2,20251021_025154
1760982689.9790363,2459202,629555712,629.555712,189,199,150,2,20251021_025154
1760982689.9890203,2459241,629565696,629.565696,192,199,151,2,20251021_025154
1760982689.9990044,2459280,629575680,629.57568,195,199,151,2,20251021_025154
1760982690.0089884,2459319,629585664,629.585664,198,199,151,2,20251021_025154
1760982690.0189724,2459358,629595648,629.595648,202,199,151,2,20251021_025154
1760982690.0292122,2459398,629605888,629.605888,205,199,152,2,20251021_025154
1760982690.0391965,2459437,629615872,629.615872,208,199,152,2,20251021_025154
1760982690.0491805,2459476,629625856,629.625856,211,199,151,2,20251021_025154
1760982690.0591643,2459515,629635840,629.63584,214,199,152,2,20251021_025154
1760982690.0691483,2459554,629645824,629.645824,216,199,152,2,20251021_025154
1760982690.0791323,2459593,629655808,629.655808,219,199,152,2,20251021_025154
1760982690.0891163,2459632,629665792,629.665792,222,200,153,2,20251021_025154
1760982690.0991004,2459671,629675776,629.675776,224,199,153,2,20251021_025154
1760982690.1090844,2459710,629685760,629.68576,227,199,153,2,20251021_025154
1760982690.1190684,2459749,629695744,629.695744,229,199,153,2,20251021_025154
1760982690.1290524,2459788,629705728,629.705728,232,199,153,2,20251021_025154
1760982690.1390364,2459827,629715712,629.715712,234,199,152,2,20251021_025154
1760982690.1490204,2459866,629725696,629.725696,236,199,154,2,20251021_025154
1760982690.1590044,2459905,629735680,629.73568,238,199,152,2,20251021_025154
1760982690.1692443,2459945,629745920,629.74592,240,199,154,2,20251021_025154
1760982690.1792283,2459984,629755904,629.755904,242,199,154,2,20251021_025154
1760982690.1892123,2460023,629765888,629.765888,244,199,153,2,20251021_025154
1760982690.1991963,2460062,629775872,629.775872,246,199,154,2,20251021_025154
1760982690.2091804,2460101,629785856,629.785856,248,199,154,2,20251021_025154
1760982690.2191644,2460140,629795840,629.79584,249,199,154,2,20251021_025154
1760982690.2291484,2460179,629805824,629.805824,251,199,154,2,20251021_025154
1760982690.2391324,2460218,629815808,629.815808,252,199,154,2,20251021_025154
1760982690.2491164,2460257,629825792,629.825792,254,200,155,2,20251021_025154
1760982690.2591004,2460296,629835776,629.835776,0,199,154,2,20251021_025154
1760982690.2690845,2460335,629845760,629.84576,1,199,154,2,20251021_025154
1760982690.2790682,2460374,629855744,629.855744,3,199,154,2,20251021_025154
1760982690.2890522,2460413,629865728,629.865728,4,199,154,2,20251021_025154
1760982690.2990365,2460452,629875712,629.875712,5,199,154,2,20251021_025154
1760982690.3092763,2460492,629885952,629.885952,6,199,154,2,20251021_025154
1760982690.3192604,2460531,629895936,629.895936,7,199,154,2,20251021_025154
1760982690.3292444,2460570,629905920,629.90592,8,200,154,2,20251021_025154
1760982690.3392284,2460609,629915904,629.915904,9,199,154,2,20251021_025154
1760982690.3492124,2460648,629925888,629.925888,10,199,154,2,20251021_025154
1760982690.3591964,2460687,629935872,629.935872,11,199,154,2,20251021_025154
1760982690.3691804,2460726,629945856,629.945856,12,199,154,2,20251021_025154
1760982690.3791645,2460765,629955840,629.95584,13,199,154,2,20251021_025154
1760982690.3891482,2460804,629965824,629.965824,13,199,154,2,20251021_025154
1760982690.3991325,2460843,629975808,629.975808,14,199,153,2,20251021_025154
1760982690.4091165,2460882,629985792,629.985792,15,199,154,2,20251021_025154
1760982690.4191003,2460921,629995776,629.995776,16,199,154,2,20251021_025154
1760982690.4290843,2460960,630005760,630.00576,16,199,154,2,20251021_025154
1760982690.4390683,2460999,630015744,630.015744,17,199,155,2,20251021_025154
1760982690.4493084,2461039,630025984,630.025984,18,199,154,2,20251021_025154
1760982690.4592924,2461078,630035968,630.035968,18,199,155,2,20251021_025154
1760982690.4692764,2461117,630045952,630.045952,19,199,154,2,20251021_025154
1760982690.4792604,2461156,630055936,630.055936,20,199,155,2,20251021_025154
1760982690.4892445,2461195,630065920,630.06592,20,199,153,2,20251021_025154
1760982690.4992282,2461234,630075904,630.075904,21,199,154,2,20251021_025154
1760982690.5092125,2461273,630085888,630.085888,21,199,154,2,20251021_025154
1760982690.5191965,2461312,630095872,630.095872,22,199,154,2,20251021_025154
1760982690.5291803,2461351,630105856,630.105856,22,199,154,2,20251021_025154
1760982690.5391643,2461390,630115840,630.11584,23,199,153,2,20251021_025154
1760982690.5491483,2461429,630125824,630.125824,23,199,153,2,20251021_025154
1760982690.5591323,2461468,630135808,630.135808,24,199,151,2,20251021_025154
1760982690.5691164,2461507,630145792,630.145792,25,199,152,2,20251021_025154
1760982690.5791004,2461546,630155776,630.155776,25,199,153,2,20251021_025154
1760982690.5890844,2461585,630165760,630.16576,26,199,152,2,20251021_025154
1760982690.5993245,2461625,630176000,630.176,26,199,151,2,20251021_025154
1760982690.6093082,2461664,630185984,630.185984,27,199,149,2,20251021_025154
1760982690.6192925,2461703,630195968,630.195968,27,199,150,2,20251021_025154
1760982690.6292765,2461742,630205952,630.205952,28,199,151,2,20251021_025154
1760982690.6392603,2461781,630215936,630.215936,29,199,149,2,20251021_025154
1760982690.6492443,2461820,630225920,630.22592,30,199,148,2,20251021_025154
1760982690.6592283,2461859,630235904,630.235904,30,199,147,2,20251021_025154
1760982690.6692123,2461898,630245888,630.245888,31,199,146,2,20251021_025154
1760982690.6791964,2461937,630255872,630.255872,32,199,145,2,20251021_025154
1760982690.6891804,2461976,630265856,630.265856,34,199,144,2,20251021_025154
1760982690.6991644,2462015,630275840,630.27584,35,199,142,2,20251021_025154
1760982690.7091484,2462054,630285824,630.285824,36,199,141,2,20251021_025154
1760982690.7191324,2462093,630295808,630.295808,37,199,138,2,20251021_025154
1760982690.7291164,2462132,630305792,630.305792,39,199,137,2,20251021_025154
1760982690.7393565,2462172,630316032,630.316032,41,199,134,2,20251021_025154
1760982690.7493403,2462211,630326016,630.326016,43,199,131,2,20251021_025154
1760982690.7593243,2462250,630336000,630.336,45,199,130,2,20251021_025154
1760982690.7693083,2462289,630345984,630.345984,47,199,129,2,20251021_025154
1760982690.7792923,2462328,630355968,630.355968,50,199,128,2,20251021_025154
1760982690.7892764,2462367,630365952,630.365952,52,199,126,2,20251021_025154
1760982690.7992604,2462406,630375936,630.375936,55,199,123,2,20251021_025154
1760982690.8092444,2462445,630385920,630.38592,58,199,120,2,20251021_025154
1760982690.8192284,2462484,630395904,630.395904,62,200,115,2,20251021_025154
1760982690.8292124,2462523,630405888,630.405888,65,199,116,2,20251021_025154
1760982690.8391964,2462562,630415872,630.415872,69,199,114,2,20251021_025154
1760982690.8491805,2462601,630425856,630.425856,72,199,112,2,20251021_025154
1760982690.8591642,2462640,630435840,630.43584,76,199,111,2,20251021_025154
1760982690.8691485,2462679,630445824,630.445824,79,199,109,2,20251021_025154
1760982690.8793883,2462719,630456064,630.456064,82,199,107,2,20251021_025154
1760982690.8893723,2462758,630466048,630.466048,86,199,106,2,20251021_025154
1760982690.8993564,2462797,630476032,630.476032,89,199,106,2,20251021_025154
1760982690.9093404,2462836,630486016,630.486016,92,199,104,2,20251021_025154
1760982690.9193244,2462875,630496000,630.496,94,199,104,2,20251021_025154
1760982690.9293084,2462914,630505984,630.505984,97,199,105,2,20251021_025154
1760982690.9392924,2462953,630515968,630.515968,100,198,105,2,20251021_025154
1760982690.9495325,2462993,630526208,630.526208,102,198,106,2,20251021_025154
1760982690.9595163,2463032,630536192,630.536192,105,198,106,2,20251021_025154
1760982690.9695003,2463071,630546176,630.546176,107,198,106,2,20251021_025154
1760982690.9794843,2463110,630556160,630.55616,109,198,108,2,20251021_025154
1760982690.9894683,2463149,630566144,630.566144,111,198,109,2,20251021_025154
1760982690.9994524,2463188,630576128,630.576128,113,198,110,2,20251021_025154
1760982691.0094364,2463227,630586112,630.586112,115,198,112,2,20251021_025154
1760982691.0196764,2463267,630596352,630.596352,117,198,112,2,20251021_025154
1760982691.0296605,2463306,630606336,630.606336,119,198,114,2,20251021_025154
1760982691.0396442,2463345,630616320,630.61632,121,198,117,2,20251021_025154
1760982691.0496285,2463384,630626304,630.626304,122,198,120,2,20251021_025154
1760982691.0596125,2463423,630636288,630.636288,124,198,124,2,20251021_025154
1760982691.0695963,2463462,630646272,630.646272,126,198,127,2,20251021_025154
1760982691.0798364,2463502,630656512,630.656512,128,198,131,2,20251021_025154
1760982691.0898204,2463541,630666496,630.666496,130,198,136,2,20251021_025154
1760982691.0998044,2463580,630676480,630.67648,132,198,139,2,20251021_025154
1760982691.1097884,2463619,630686464,630.686464,134,198,140,2,20251021_025154
1760982691.1197724,2463658,630696448,630.696448,136,198,143,2,20251021_025154
1760982691.1297565,2463697,630706432,630.706432,139,198,144,2,20251021_025154
1760982691.1397402,2463736,630716416,630.716416,142,198,147,2,20251021_025154
1760982691.1497242,2463775,630726400,630.7264,144,198,148,2,20251021_025154
1760982691.1599643,2463815,630736640,630.73664,147,198,149,2,20251021_025154
1760982691.1699483,2463854,630746624,630.746624,150,199,149,2,20251021_025154
1760982691.1799324,2463893,630756608,630.756608,153,198,149,2,20251021_025154
1760982691.1899164,2463932,630766592,630.766592,156,198,150,2,20251021_025154
1760982691.1999004,2463971,630776576,630.776576,160,198,148,2,20251021_025154
1760982691.2098844,2464010,630786560,630.78656,163,198,150,2,20251021_025154
1760982691.2201242,2464050,630796800,630.7968,166,198,151,2,20251021_025154
1760982691.2301085,2464089,630806784,630.806784,170,198,151,2,20251021_025154
1760982691.2400925,2464128,630816768,630.816768,173,198,151,2,20251021_025154
1760982691.2500763,2464167,630826752,630.826752,177,198,151,2,20251021_025154
1760982691.2600603,2464206,630836736,630.836736,180,198,151,2,20251021_025154
1760982691.2700443,2464245,630846720,630.84672,184,198,152,2,20251021_025154
1760982691.2800283,2464284,630856704,630.856704,187,198,152,2,20251021_025154
1760982691.2900124,2464323,630866688,630.866688,191,198,152,2,20251021_025154
1760982691.3002524,2464363,630876928,630.876928,194,198,153,2,20251021_025154
1760982691.3102365,2464402,630886912,630.886912,198,198,152,2,20251021_025154
1760982691.3202202,2464441,630896896,630.896896,201,198,152,2,20251021_025154
1760982691.3302042,2464480,630906880,630.90688,205,198,152,2,20251021_025154
1760982691.3401885,2464519,630916864,630.916864,208,198,152,2,20251021_025154
1760982691.3501723,2464558,630926848,630.926848,211,198,152,2,20251021_025154
1760982691.3601563,2464597,630936832,630.936832,214,198,153,2,20251021_025154
1760982691.3701403,2464636,630946816,630.946816,217,198,153,2,20251021_025154
1760982691.3803804,2464676,630957056,630.957056,220,199,152,2,20251021_025154
1760982691.3903644,2464715,630967040,630.96704,223,199,153,2,20251021_025154
1760982691.4003484,2464754,630977024,630.977024,225,198,153,2,20251021_025154
1760982691.4103324,2464793,630987008,630.987008,228,200,153,2,20251021_025154
1760982691.4203165,2464832,630996992,630.996992,230,198,154,2,20251021_025154
1760982691.4303002,2464871,631006976,631.006976,233,199,153,2,20251021_025154
1760982691.4402845,2464910,631016960,631.01696,235,199,153,2,20251021_025154
1760982691.4502685,2464949,631026944,631.026944,237,199,153,2,20251021_025154
1760982691.4602523,2464988,631036928,631.036928,239,199,153,2,20251021_025154
1760982691.4702363,2465027,631046912,631.046912,241,199,154,2,20251021_025154
1760982691.4802203,2465066,631056896,631.056896,243,199,154,2,20251021_025154
1760982691.4902043,2465105,631066880,631.06688,245,199,153,2,20251021_025154
1760982691.5001884,2465144,631076864,631.076864,247,199,153,2,20251021_025154
1760982691.5101724,2465183,631086848,631.086848,248,199,154,2,20251021_025154
1760982691.5204124,2465223,631097088,631.097088,250,199,153,2,20251021_025154
1760982691.5303965,2465262,631107072,631.107072,251,199,154,2,20251021_025154
1760982691.5403802,2465301,631117056,631.117056,253,199,154,2,20251021_025154
1760982691.5503645,2465340,631127040,631.12704,254,199,154,2,20251021_025154
1760982691.5603485,2465379,631137024,631.137024,0,199,154,2,20251021_025154
1760982691.5703323,2465418,631147008,631.147008,2,199,155,2,20251021_025154
1760982691.5803163,2465457,631156992,631.156992,3,199,154,2,20251021_025154
1760982691.5903003,2465496,631166976,631.166976,4,199,154,2,20251021_025154
1760982691.6002843,2465535,631176960,631.17696,5,199,154,2,20251021_025154
1760982691.6102684,2465574,631186944,631.186944,6,199,155,2,20251021_025154
1760982691.6202524,2465613,631196928,631.196928,7,199,155,2,20251021_025154
1760982691.6302364,2465652,631206912,631.206912,8,199,155,2,20251021_025154
1760982691.6402204,2465691,631216896,631.216896,9,199,155,2,20251021_025154
1760982691.6502044,2465730,631226880,631.22688,10,199,155,2,20251021_025154
1760982691.6604445,2465770,631237120,631.23712,11,199,155,2,20251021_025154
1760982691.6704285,2465809,631247104,631.247104,12,199,156,2,20251021_025154
1760982691.6804123,2465848,631257088,631.257088,13,199,155,2,20251021_025154
1760982691.6903963,2465887,631267072,631.267072,14,199,156,2,20251021_025154
1760982691.7003803,2465926,631277056,631.277056,14,198,155,2,20251021_025154
1760982691.7103643,2465965,631287040,631.28704,15,199,155,2,20251021_025154
1760982691.7203484,2466004,631297024,631.297024,16,199,156,2,20251021_025154
1760982691.7303324,2466043,631307008,631.307008,17,198,155,2,20251021_025154
1760982691.7403164,2466082,631316992,631.316992,17,199,155,2,20251021_025154
1760982691.7503004,2466121,631326976,631.326976,18,199,155,2,20251021_025154
1760982691.7602844,2466160,631336960,631.33696,19,199,157,2,20251021_025154
1760982691.7702684,2466199,631346944,631.346944,19,199,155,2,20251021_025154
1760982691.7802525,2466238,631356928,631.356928,20,199,155,2,20251021_025154
1760982691.7902362,2466277,631366912,631.366912,20,199,156,2,20251021_025154
1760982691.8004763,2466317,631377152,631.377152,21,198,155,2,20251021_025154
1760982691.8104603,2466356,631387136,631.387136,21,199,155,2,20251021_025154
1760982691.8204443,2466395,631397120,631.39712,22,198,154,2,20251021_025154
1760982691.8304284,2466434,631407104,631.407104,22,198,155,2,20251021_025154
1760982691.8404124,2466473,631417088,631.417088,23,199,155,2,20251021_025154
1760982691.8503964,2466512,631427072,631.427072,23,198,155,2,20251021_025154
1760982691.8603804,2466551,631437056,631.437056,24,198,155,2,20251021_025154
1760982691.8703644,2466590,631447040,631.44704,24,198,155,2,20251021_025154
1760982691.8803484,2466629,631457024,631.457024,25,199,155,2,20251021_025154
1760982691.8903325,2466668,631467008,631.467008,25,198,155,2,20251021_025154
1760982691.9003162,2466707,631476992,631.476992,26,199,155,2,20251021_025154
1760982691.9103005,2466746,631486976,631.486976,26,199,155,2,20251021_025154
1760982691.9202845,2466785,631496960,631.49696,26,198,156,2,20251021_025154
1760982691.9302683,2466824,631506944,631.506944,27,198,156,2,20251021_025154
1760982691.9402523,2466863,631516928,631.516928,27,198,155,2,20251021_025154
1760982691.9504924,2466903,631527168,631.527168,28,198,155,2,20251021_025154
1760982691.9604764,2466942,631537152,631.537152,28,199,156,2,20251021_025154
1760982691.9704604,2466981,631547136,631.547136,28,198,155,2,20251021_025154
1760982691.9804444,2467020,631557120,631.55712,29,198,155,2,20251021_025154
1760982691.9904284,2467059,631567104,631.567104,29,198,155,2,20251021_025154
1760982692.0004125,2467098,631577088,631.577088,29,198,155,2,20251021_025154
1760982692.0103962,2467137,631587072,631.587072,30,198,155,2,20251021_025154
1760982692.0203805,2467176,631597056,631.597056,30,198,155,2,20251021_025154
1760982692.0303645,2467215,631607040,631.60704,30,199,154,2,20251021_025154
1760982692.0403483,2467254,631617024,631.617024,31,199,153,2,20251021_025154
1760982692.0503323,2467293,631627008,631.627008,31,199,154,2,20251021_025154
1760982692.0603163,2467332,631636992,631.636992,32,199,154,2,20251021_025154
1760982692.0703003,2467371,631646976,631.646976,32,198,154,2,20251021_025154
1760982692.0802844,2467410,631656960,631.65696,32,199,154,2,20251021_025154
1760982692.0905244,2467450,631667200,631.6672,33,198,154,2,20251021_025154
1760982692.1005085,2467489,631677184,631.677184,33,199,154,2,20251021_025154
1760982692.1104922,2467528,631687168,631.687168,33,199,154,2,20251021_025154
1760982692.1204762,2467567,631697152,631.697152,34,198,153,2,20251021_025154
1760982692.1304605,2467606,631707136,631.707136,34,199,153,2,20251021_025154
1760982692.1404445,2467645,631717120,631.71712,35,198,153,2,20251021_025154
1760982692.1504283,2467684,631727104,631.727104,35,198,153,2,20251021_025154
1760982692.1604123,2467723,631737088,631.737088,35,198,153,2,20251021_025154
1760982692.1703963,2467762,631747072,631.747072,36,198,153,2,20251021_025154
1760982692.1803803,2467801,631757056,631.757056,36,198,153,2,20251021_025154
1760982692.1903644,2467840,631767040,631.76704,37,199,153,2,20251021_025154
1760982692.2003484,2467879,631777024,631.777024,37,199,153,2,20251021_025154
1760982692.2103324,2467918,631787008,631.787008,37,198,153,2,20251021_025154
1760982692.2203164,2467957,631796992,631.796992,38,198,153,2,20251021_025154
1760982692.2305562,2467997,631807232,631.807232,38,198,153,2,20251021_025154
1760982692.2405405,2468036,631817216,631.817216,38,199,154,2,20251021_025154
1760982692.2505243,2468075,631827200,631.8272,39,199,154,2,20251021_025154
1760982692.2605083,2468114,631837184,631.837184,39,198,153,2,20251021_025154
1760982692.2704923,2468153,631847168,631.847168,39,198,153,2,20251021_025154
1760982692.2804763,2468192,631857152,631.857152,40,198,153,2,20251021_025154
1760982692.2904603,2468231,631867136,631.867136,40,198,153,2,20251021_025154
1760982692.3004444,2468270,631877120,631.87712,40,198,153,2,20251021_025154
1760982692.3104284,2468309,631887104,631.887104,41,198,153,2,20251021_025154
1760982692.3204124,2468348,631897088,631.897088,41,198,153,2,20251021_025154
1760982692.3303964,2468387,631907072,631.907072,41,198,153,2,20251021_025154
1760982692.3403804,2468426,631917056,631.917056,42,198,154,2,20251021_025154
1760982692.3503644,2468465,631927040,631.92704,42,198,154,2,20251021_025154
1760982692.3603485,2468504,631937024,631.937024,42,198,154,2,20251021_025154
1760982692.3703322,2468543,631947008,631.947008,42,198,155,2,20251021_025154
1760982692.3805723,2468583,631957248,631.957248,43,198,155,2,20251021_025154
1760982692.3905563,2468622,631967232,631.967232,43,198,156,2,20251021_025154
1760982692.4005404,2468661,631977216,631.977216,43,198,156,2,20251021_025154
1760982692.4105244,2468700,631987200,631.9872,43,198,156,2,20251021_025154
1760982692.4205084,2468739,631997184,631.997184,43,198,157,2,20251021_025154
1760982692.4304924,2468778,632007168,632.007168,43,198,156,2,20251021_025154
1760982692.4404764,2468817,632017152,632.017152,43,198,157,2,20251021_025154
1760982692.4504604,2468856,632027136,632.027136,43,198,156,2,20251021_025154
1760982692.4604445,2468895,632037120,632.03712,43,198,157,2,20251021_025154
1760982692.4704282,2468934,632047104,632.047104,44,198,156,2,20251021_025154
1760982692.4804122,2468973,632057088,632.057088,44,198,156,2,20251021_025154
1760982692.4903965,2469012,632067072,632.067072,44,198,156,2,20251021_025154
1760982692.5003805,2469051,632077056,632.077056,44,198,157,2,20251021_025154
1760982692.5103643,2469090,632087040,632.08704,44,198,157,2,20251021_025154
1760982692.5206044,2469130,632097280,632.09728,44,198,157,2,20251021_025154
1760982692.5305884,2469169,632107264,632.107264,44,198,158,2,20251021_025154
1760982692.5405724,2469208,632117248,632.117248,44,198,157,2,20251021_025154
1760982692.5505564,2469247,632127232,632.127232,44,198,157,2,20251021_025154
1760982692.5605404,2469286,632137216,632.137216,45,198,157,2,20251021_025154
1760982692.5705245,2469325,632147200,632.1472,45,198,157,2,20251021_025154
1760982692.5805082,2469364,632157184,632.157184,45,198,157,2,20251021_025154
1760982692.5904922,2469403,632167168,632.167168,45,198,158,2,20251021_025154
1760982692.6004765,2469442,632177152,632.177152,45,198,157,2,20251021_025154
1760982692.6104603,2469481,632187136,632.187136,45,198,157,2,20251021_025154
1760982692.6204443,2469520,632197120,632.19712,45,198,157,2,20251021_025154
1760982692.6304283,2469559,632207104,632.207104,45,198,157,2,20251021_025154
1760982692.6404123,2469598,632217088,632.217088,45,198,157,2,20251021_025154
1760982692.6503963,2469637,632227072,632.227072,45,198,157,2,20251021_025154
1760982692.6606364,2469677,632237312,632.237312,46,198,157,2,20251021_025154
1760982692.6706204,2469716,632247296,632.247296,46,198,157,2,20251021_025154
1760982692.6806045,2469755,632257280,632.25728,46,198,157,2,20251021_025154
1760982692.6905882,2469794,632267264,632.267264,46,198,157,2,20251021_025154
1760982692.7005725,2469833,632277248,632.277248,46,198,157,2,20251021_025154
1760982692.7105565,2469872,632287232,632.287232,46,198,157,2,20251021_025154
1760982692.7205403,2469911,632297216,632.297216,46,198,158,2,20251021_025154
1760982692.7305243,2469950,632307200,632.3072,46,198,158,2,20251021_025154
1760982692.7405083,2469989,632317184,632.317184,46,198,156,2,20251021_025154
1760982692.7504923,2470028,632327168,632.327168,46,198,156,2,20251021_025154
1760982692.7604764,2470067,632337152,632.337152,47,198,156,2,20251021_025154
1760982692.7704604,2470106,632347136,632.347136,47,198,156,2,20251021_025154
1760982692.7804444,2470145,632357120,632.35712,47,198,156,2,20251021_025154
1760982692.7904284,2470184,632367104,632.367104,47,199,156,2,20251021_025154
1760982692.8004124,2470223,632377088,632.377088,47,198,155,2,20251021_025154
1760982692.8106525,2470263,632387328,632.387328,47,198,155,2,20251021_025154
1760982692.8206365,2470302,632397312,632.397312,48,198,155,2,20251021_025154
1760982692.8306203,2470341,632407296,632.407296,48,198,154,2,20251021_025154
1760982692.8406043,2470380,632417280,632.41728,48,198,154,2,20251021_025154
1760982692.8505883,2470419,632427264,632.427264,49,198,154,2,20251021_025154
1760982692.8605723,2470458,632437248,632.437248,49,198,153,2,20251021_025154
1760982692.8705564,2470497,632447232,632.447232,50,198,153,2,20251021_025154
1760982692.8805404,2470536,632457216,632.457216,50,198,153,2,20251021_025154
1760982692.8905244,2470575,632467200,632.4672,51,198,153,2,20251021_025154
1760982692.9005084,2470614,632477184,632.477184,52,198,152,2,20251021_025154
1760982692.9104924,2470653,632487168,632.487168,53,198,151,2,20251021_025154
1760982692.9204764,2470692,632497152,632.497152,55,198,151,2,20251021_025154
1760982692.9304605,2470731,632507136,632.507136,57,198,149,2,20251021_025154
1760982692.9404442,2470770,632517120,632.51712,60,198,145,2,20251021_025154
1760982692.9506843,2470810,632527360,632.52736,64,198,145,2,20251021_025154
1760982692.9606683,2470849,632537344,632.537344,67,198,141,2,20251021_025154
1760982692.9706523,2470888,632547328,632.547328,71,198,138,2,20251021_025154
1760982692.9806364,2470927,632557312,632.557312,74,198,134,2,20251021_025154
1760982692.9906204,2470966,632567296,632.567296,78,198,128,2,20251021_025154
1760982693.0006044,2471005,632577280,632.57728,81,198,124,2,20251021_025154
1760982693.0105884,2471044,632587264,632.587264,84,198,118,2,20251021_025154
1760982693.0205724,2471083,632597248,632.597248,87,198,113,2,20251021_025154
1760982693.0305564,2471122,632607232,632.607232,90,198,110,2,20251021_025154
1760982693.0405405,2471161,632617216,632.617216,93,198,106,2,20251021_025154
1760982693.0505242,2471200,632627200,632.6272,96,198,106,2,20251021_025154
1760982693.0605085,2471239,632637184,632.637184,99,198,104,2,20251021_025154
1760982693.0704925,2471278,632647168,632.647168,101,197,105,2,20251021_025154
1760982693.0804763,2471317,632657152,632.657152,104,197,106,2,20251021_025154
1760982693.0904603,2471356,632667136,632.667136,106,197,105,2,20251021_025154
1760982693.1007004,2471396,632677376,632.677376,108,197,106,2,20251021_025154
1760982693.1106844,2471435,632687360,632.68736,110,197,107,2,20251021_025154
1760982693.1206684,2471474,632697344,632.697344,112,197,108,2,20251021_025154
1760982693.1306524,2471513,632707328,632.707328,114,197,110,2,20251021_025154
1760982693.1406364,2471552,632717312,632.717312,116,197,110,2,20251021_025154
1760982693.1506205,2471591,632727296,632.727296,118,197,112,2,20251021_025154
1760982693.1606042,2471630,632737280,632.73728,120,197,115,2,20251021_025154
1760982693.1705885,2471669,632747264,632.747264,121,197,117,2,20251021_025154
1760982693.1805725,2471708,632757248,632.757248,123,197,122,2,20251021_025154
1760982693.1905563,2471747,632767232,632.767232,124,197,126,2,20251021_025154
1760982693.2005403,2471786,632777216,632.777216,126,197,128,2,20251021_025154
1760982693.2105243,2471825,632787200,632.7872,127,197,134,2,20251021_025154
1760982693.2205083,2471864,632797184,632.797184,129,198,139,2,20251021_025154
1760982693.2304924,2471903,632807168,632.807168,131,198,141,2,20251021_025154
1760982693.2407324,2471943,632817408,632.817408,133,198,144,2,20251021_025154
1760982693.2507164,2471982,632827392,632.827392,135,198,144,2,20251021_025154
1760982693.2607005,2472021,632837376,632.837376,137,198,148,2,20251021_025154
1760982693.2706842,2472060,632847360,632.84736,139,198,148,2,20251021_025154
1760982693.2806685,2472099,632857344,632.857344,142,197,149,2,20251021_025154
1760982693.2906525,2472138,632867328,632.867328,144,198,149,2,20251021_025154
1760982693.3006363,2472177,632877312,632.877312,147,198,150,2,20251021_025154
1760982693.3106203,2472216,632887296,632.887296,150,197,150,2,20251021_025154
1760982693.3206043,2472255,632897280,632.89728,152,197,150,2,20251021_025154
1760982693.3305883,2472294,632907264,632.907264,155,198,150,2,20251021_025154
1760982693.3405724,2472333,632917248,632.917248,158,198,151,2,20251021_025154
1760982693.3505564,2472372,632927232,632.927232,161,198,151,2,20251021_025154
1760982693.3605404,2472411,632937216,632.937216,164,198,151,2,20251021_025154
1760982693.3705244,2472450,632947200,632.9472,167,198,152,2,20251021_025154
1760982693.3807642,2472490,632957440,632.95744,170,198,152,2,20251021_025154
1760982693.3907485,2472529,632967424,632.967424,173,197,152,2,20251021_025154
1760982693.4007325,2472568,632977408,632.977408,176,199,153,2,20251021_025154
1760982693.4107163,2472607,632987392,632.987392,179,197,152,2,20251021_025154
1760982693.4207003,2472646,632997376,632.997376,183,197,152,2,20251021_025154
1760982693.4306843,2472685,633007360,633.00736,186,198,154,2,20251021_025154
1760982693.4406683,2472724,633017344,633.017344,189,197,152,2,20251021_025154
1760982693.4506524,2472763,633027328,633.027328,192,198,152,2,20251021_025154
1760982693.4606364,2472802,633037312,633.037312,195,198,154,2,20251021_025154
1760982693.4706204,2472841,633047296,633.047296,199,198,153,2,20251021_025154
1760982693.4806044,2472880,633057280,633.05728,202,198,153,2,20251021_025154
1760982693.4905884,2472919,633067264,633.067264,205,198,153,2,20251021_025154
1760982693.5005724,2472958,633077248,633.077248,208,198,153,2,20251021_025154
1760982693.5105565,2472997,633087232,633.087232,211,198,153,2,20251021_025154
1760982693.5205402,2473036,633097216,633.097216,213,198,154,2,20251021_025154
1760982693.5307803,2473076,633107456,633.107456,216,198,153,2,20251021_025154
1760982693.5407643,2473115,633117440,633.11744,219,198,153,2,20251021_025154
1760982693.5507483,2473154,633127424,633.127424,222,198,154,2,20251021_025154
1760982693.5607324,2473193,633137408,633.137408,224,198,154,2,20251021_025154
1760982693.5707164,2473232,633147392,633.147392,227,198,154,2,20251021_025154
1760982693.5807004,2473271,633157376,633.157376,229,197,154,2,20251021_025154
1760982693.5906844,2473310,633167360,633.16736,231,198,154,2,20251021_025154
1760982693.6006684,2473349,633177344,633.177344,234,198,154,2,20251021_025154
1760982693.6106524,2473388,633187328,633.187328,236,198,154,2,20251021_025154
1760982693.6206365,2473427,633197312,633.197312,238,198,154,2,20251021_025154
1760982693.6306202,2473466,633207296,633.207296,240,198,154,2,20251021_025154
1760982693.6406045,2473505,633217280,633.21728,242,198,152,2,20251021_025154
1760982693.6505885,2473544,633227264,633.227264,244,198,154,2,20251021_025154
1760982693.6605723,2473583,633237248,633.237248,246,198,153,2,20251021_025154
1760982693.6708124,2473623,633247488,633.247488,247,199,154,2,20251021_025154
1760982693.6807964,2473662,633257472,633.257472,249,198,154,2,20251021_025154
1760982693.6907804,2473701,633267456,633.267456,251,198,153,2,20251021_025154
1760982693.7007644,2473740,633277440,633.27744,252,198,153,2,20251021_025154
1760982693.7107484,2473779,633287424,633.287424,254,198,153,2,20251021_025154
1760982693.7207325,2473818,633297408,633.297408,0,198,153,2,20251021_025154
1760982693.7307162,2473857,633307392,633.307392,2,198,153,2,20251021_025154
1760982693.7407002,2473896,633317376,633.317376,3,198,153,2,20251021_025154
1760982693.7506845,2473935,633327360,633.32736,4,198,153,2,20251021_025154
1760982693.7606685,2473974,633337344,633.337344,6,198,153,2,20251021_025154
1760982693.7706523,2474013,633347328,633.347328,7,198,153,2,20251021_025154
1760982693.7806363,2474052,633357312,633.357312,8,198,154,2,20251021_025154
1760982693.7906203,2474091,633367296,633.367296,9,198,153,2,20251021_025154
1760982693.8006043,2474130,633377280,633.37728,11,198,153,2,20251021_025154
1760982693.8108444,2474170,633387520,633.38752,12,198,153,2,20251021_025154
1760982693.8208284,2474209,633397504,633.397504,13,198,154,2,20251021_025154
1760982693.8308125,2474248,633407488,633.407488,14,198,154,2,20251021_025154
1760982693.8407962,2474287,633417472,633.417472,15,198,156,2,20251021_025154
1760982693.8507802,2474326,633427456,633.427456,16,198,154,2,20251021_025154
1760982693.8607645,2474365,633437440,633.43744,17,198,155,2,20251021_025154
1760982693.8707483,2474404,633447424,633.447424,17,198,155,2,20251021_025154
1760982693.8807323,2474443,633457408,633.457408,18,198,155,2,20251021_025154
1760982693.8907163,2474482,633467392,633.467392,19,198,155,2,20251021_025154
1760982693.9007003,2474521,633477376,633.477376,20,198,155,2,20251021_025154
1760982693.9106843,2474560,633487360,633.48736,20,199,155,2,20251021_025154
1760982693.9206684,2474599,633497344,633.497344,21,198,156,2,20251021_025154
1760982693.9306524,2474638,633507328,633.507328,22,198,157,2,20251021_025154
1760982693.9406364,2474677,633517312,633.517312,22,198,156,2,20251021_025154
1760982693.9506204,2474716,633527296,633.527296,23,198,155,2,20251021_025154
1760982693.9608605,2474756,633537536,633.537536,23,198,156,2,20251021_025154
1760982693.9708445,2474795,633547520,633.54752,24,198,156,2,20251021_025154
1760982693.9808283,2474834,633557504,633.557504,24,198,156,2,20251021_025154
1760982693.9908123,2474873,633567488,633.567488,25,198,158,2,20251021_025154
1760982694.0007963,2474912,633577472,633.577472,25,198,155,2,20251021_025154
1760982694.0107803,2474951,633587456,633.587456,26,198,156,2,20251021_025154
1760982694.0207644,2474990,633597440,633.59744,26,198,156,2,20251021_025154
1760982694.0307484,2475029,633607424,633.607424,27,198,156,2,20251021_025154
1760982694.0407324,2475068,633617408,633.617408,27,198,156,2,20251021_025154
1760982694.0507164,2475107,633627392,633.627392,28,198,156,2,20251021_025154
1760982694.0607004,2475146,633637376,633.637376,28,198,156,2,20251021_025154
1760982694.0706844,2475185,633647360,633.64736,28,198,156,2,20251021_025154
1760982694.0806684,2475224,633657344,633.657344,29,198,156,2,20251021_025154
1760982694.0906522,2475263,633667328,633.667328,29,198,156,2,20251021_025154
1760982694.1008923,2475303,633677568,633.677568,30,198,156,2,20251021_025154
1760982694.1108763,2475342,633687552,633.687552,30,198,156,2,20251021_025154
1760982694.1208603,2475381,633697536,633.697536,30,198,156,2,20251021_025154
1760982694.1308444,2475420,633707520,633.70752,31,198,156,2,20251021_025154
1760982694.1408284,2475459,633717504,633.717504,31,199,158,2,20251021_025154
1760982694.1508124,2475498,633727488,633.727488,31,198,156,2,20251021_025154
1760982694.1607964,2475537,633737472,633.737472,32,199,156,2,20251021_025154
1760982694.1707804,2475576,633747456,633.747456,32,198,156,2,20251021_025154
1760982694.1807644,2475615,633757440,633.75744,32,198,156,2,20251021_025154
1760982694.1907485,2475654,633767424,633.767424,33,198,156,2,20251021_025154
1760982694.2007322,2475693,633777408,633.777408,33,199,156,2,20251021_025154
1760982694.2107162,2475732,633787392,633.787392,33,198,156,2,20251021_025154
1760982694.2207005,2475771,633797376,633.797376,34,198,156,2,20251021_025154
1760982694.2306845,2475810,633807360,633.80736,34,199,156,2,20251021_025154
1760982694.2409244,2475850,633817600,633.8176,35,199,155,2,20251021_025154
1760982694.2509084,2475889,633827584,633.827584,35,199,153,2,20251021_025154
1760982694.2608924,2475928,633837568,633.837568,35,198,154,2,20251021_025154
1760982694.2708764,2475967,633847552,633.847552,36,199,155,2,20251021_025154
1760982694.2808604,2476006,633857536,633.857536,36,198,154,2,20251021_025154
1760982694.2908444,2476045,633867520,633.86752,37,198,154,2,20251021_025154
1760982694.3008285,2476084,633877504,633.877504,37,199,154,2,20251021_025154
1760982694.3108122,2476123,633887488,633.887488,38,198,154,2,20251021_025154
1760982694.3207965,2476162,633897472,633.897472,39,198,153,2,20251021_025154
1760982694.3307805,2476201,633907456,633.907456,39,199,153,2,20251021_025154
1760982694.3407643,2476240,633917440,633.91744,40,198,154,2,20251021_025154
1760982694.3507483,2476279,633927424,633.927424,41,198,152,2,20251021_025154
1760982694.3607323,2476318,633937408,633.937408,41,199,152,2,20251021_025154
1760982694.3707163,2476357,633947392,633.947392,42,199,152,2,20251021_025154
1760982694.3809564,2476397,633957632,633.957632,43,198,150,2,20251021_025154
1760982694.3909404,2476436,633967616,633.967616,44,198,150,2,20251021_025154
1760982694.4009244,2476475,633977600,633.9776,45,198,149,2,20251021_025154
1760982694.4109085,2476514,633987584,633.987584,46,198,147,2,20251021_025154
1760982694.4208922,2476553,633997568,633.997568,47,198,146,2,20251021_025154
1760982694.4308765,2476592,634007552,634.007552,49,198,145,2,20251021_025154
1760982694.4408605,2476631,634017536,634.017536,51,198,145,2,20251021_025154
1760982694.4508443,2476670,634027520,634.02752,52,198,142,2,20251021_025154
1760982694.4608283,2476709,634037504,634.037504,54,198,140,2,20251021_025154
1760982694.4708123,2476748,634047488,634.047488,57,198,138,2,20251021_025154
1760982694.4807963,2476787,634057472,634.057472,59,198,135,2,20251021_025154
1760982694.4907804,2476826,634067456,634.067456,62,198,133,2,20251021_025154
1760982694.5007644,2476865,634077440,634.07744,65,198,131,2,20251021_025154
1760982694.5107484,2476904,634087424,634.087424,69,198,128,2,20251021_025154
1760982694.5207324,2476943,634097408,634.097408,72,198,126,2,20251021_025154
1760982694.5309722,2476983,634107648,634.107648,76,198,122,2,20251021_025154
1760982694.5409565,2477022,634117632,634.117632,79,198,119,2,20251021_025154
1760982694.5509405,2477061,634127616,634.127616,82,198,116,2,20251021_025154
1760982694.5609243,2477100,634137600,634.1376,85,198,114,2,20251021_025154
1760982694.5709083,2477139,634147584,634.147584,88,198,112,2,20251021_025154
1760982694.5808923,2477178,634157568,634.157568,91,198,108,2,20251021_025154
1760982694.5908763,2477217,634167552,634.167552,94,198,108,2,20251021_025154
1760982694.6008604,2477256,634177536,634.177536,97,198,107,2,20251021_025154
1760982694.6108444,2477295,634187520,634.18752,100,198,106,2,20251021_025154
1760982694.6208284,2477334,634197504,634.197504,102,198,105,2,20251021_025154
1760982694.6308124,2477373,634207488,634.207488,104,198,106,2,20251021_025154
1760982694.6410522,2477413,634217728,634.217728,107,198,107,2,20251021_025154
1760982694.6510365,2477452,634227712,634.227712,109,198,106,2,20251021_025154
1760982694.6610205,2477491,634237696,634.237696,111,198,107,2,20251021_025154
1760982694.6710043,2477530,634247680,634.24768,113,198,108,2,20251021_025154
1760982694.6809883,2477569,634257664,634.257664,115,198,110,2,20251021_025154
1760982694.6909723,2477608,634267648,634.267648,117,198,110,2,20251021_025154
1760982694.7009563,2477647,634277632,634.277632,119,198,111,2,20251021_025154
1760982694.7109404,2477686,634287616,634.287616,120,198,112,2,20251021_025154
1760982694.7209244,2477725,634297600,634.2976,122,199,114,2,20251021_025154
1760982694.7309084,2477764,634307584,634.307584,124,198,116,2,20251021_025154
1760982694.7408924,2477803,634317568,634.317568,125,198,119,2,20251021_025154
1760982694.7508764,2477842,634327552,634.327552,127,198,122,2,20251021_025154
1760982694.7608604,2477881,634337536,634.337536,129,198,126,2,20251021_025154
1760982694.7708445,2477920,634347520,634.34752,130,198,128,2,20251021_025154
1760982694.7808282,2477959,634357504,634.357504,132,199,132,2,20251021_025154
1760982694.7910683,2477999,634367744,634.367744,134,199,136,2,20251021_025154
1760982694.8010523,2478038,634377728,634.377728,136,198,140,2,20251021_025154
1760982694.8110363,2478077,634387712,634.387712,139,199,141,2,20251021_025154
1760982694.8210204,2478116,634397696,634.397696,141,199,143,2,20251021_025154
1760982694.8310044,2478155,634407680,634.40768,143,199,144,2,20251021_025154
1760982694.8409884,2478194,634417664,634.417664,146,199,146,2,20251021_025154
1760982694.8509724,2478233,634427648,634.427648,149,198,148,2,20251021_025154
1760982694.8609564,2478272,634437632,634.437632,152,199,149,2,20251021_025154
1760982694.8709404,2478311,634447616,634.447616,155,198,149,2,20251021_025154
1760982694.8809245,2478350,634457600,634.4576,158,199,150,2,20251021_025154
1760982694.8909082,2478389,634467584,634.467584,161,199,149,2,20251021_025154
1760982694.9008925,2478428,634477568,634.477568,164,198,150,2,20251021_025154
1760982694.9108765,2478467,634487552,634.487552,167,199,151,2,20251021_025154
1760982694.9208603,2478506,634497536,634.497536,171,198,151,2,20251021_025154
1760982694.9311004,2478546,634507776,634.507776,174,199,151,2,20251021_025154
1760982694.9410844,2478585,634517760,634.51776,178,198,151,2,20251021_025154
1760982694.9510684,2478624,634527744,634.527744,181,198,151,2,20251021_025154
1760982694.9610524,2478663,634537728,634.537728,184,199,152,2,20251021_025154
1760982694.9710364,2478702,634547712,634.547712,188,198,153,2,20251021_025154
1760982694.9810205,2478741,634557696,634.557696,191,199,152,2,20251021_025154
1760982694.9910042,2478780,634567680,634.56768,194,198,153,2,20251021_025154
1760982695.0009882,2478819,634577664,634.577664,198,199,153,2,20251021_025154
1760982695.0109725,2478858,634587648,634.587648,201,199,153,2,20251021_025154
1760982695.0209565,2478897,634597632,634.597632,204,198,153,2,20251021_025154
1760982695.0309403,2478936,634607616,634.607616,207,198,153,2,20251021_025154
1760982695.0409243,2478975,634617600,634.6176,210,199,153,2,20251021_025154
1760982695.0509083,2479014,634627584,634.627584,213,199,153,2,20251021_025154
1760982695.0608923,2479053,634637568,634.637568,216,198,153,2,20251021_025154
1760982695.0711324,2479093,634647808,634.647808,219,198,154,2,20251021_025154
1760982695.0811164,2479132,634657792,634.657792,222,199,153,2,20251021_025154
1760982695.0911005,2479171,634667776,634.667776,224,198,153,2,20251021_025154
1760982695.1010842,2479210,634677760,634.67776,227,199,153,2,20251021_025154
1760982695.1110682,2479249,634687744,634.687744,229,199,153,2,20251021_025154
1760982695.1210525,2479288,634697728,634.697728,232,199,153,2,20251021_025154
1760982695.1310363,2479327,634707712,634.707712,234,199,154,2,20251021_025154
1760982695.1410203,2479366,634717696,634.717696,236,199,153,2,20251021_025154
1760982695.1510043,2479405,634727680,634.72768,238,199,154,2,20251021_025154
1760982695.1609883,2479444,634737664,634.737664,240,200,154,2,20251021_025154
1760982695.1709723,2479483,634747648,634.747648,242,199,154,2,20251021_025154
1760982695.1809564,2479522,634757632,634.757632,244,199,153,2,20251021_025154
1760982695.1909404,2479561,634767616,634.767616,246,199,154,2,20251021_025154
1760982695.2009244,2479600,634777600,634.7776,248,199,154,2,20251021_025154
1760982695.2111642,2479640,634787840,634.78784,249,199,153,2,20251021_025154
1760982695.2211485,2479679,634797824,634.797824,251,199,153,2,20251021_025154
1760982695.2311325,2479718,634807808,634.807808,252,199,154,2,20251021_025154
1760982695.2411163,2479757,634817792,634.817792,254,199,154,2,20251021_025154
1760982695.2511003,2479796,634827776,634.827776,0,199,154,2,20251021_025154
1760982695.2610843,2479835,634837760,634.83776,2,199,154,2,20251021_025154
1760982695.2710683,2479874,634847744,634.847744,3,199,152,2,20251021_025154
1760982695.2810524,2479913,634857728,634.857728,4,199,155,2,20251021_025154
1760982695.2910364,2479952,634867712,634.867712,5,199,155,2,20251021_025154
1760982695.3010204,2479991,634877696,634.877696,6,199,156,2,20251021_025154
1760982695.3110044,2480030,634887680,634.88768,8,199,155,2,20251021_025154
1760982695.3209884,2480069,634897664,634.897664,9,199,155,2,20251021_025154
1760982695.3309724,2480108,634907648,634.907648,10,199,155,2,20251021_025154
1760982695.3409564,2480147,634917632,634.917632,11,199,155,2,20251021_025154
1760982695.3509402,2480186,634927616,634.927616,11,199,155,2,20251021_025154
1760982695.3611803,2480226,634937856,634.937856,12,199,155,2,20251021_025154
1760982695.3711643,2480265,634947840,634.94784,13,199,155,2,20251021_025154
1760982695.3811483,2480304,634957824,634.957824,14,199,155,2,20251021_025154
1760982695.3911324,2480343,634967808,634.967808,15,199,155,2,20251021_025154
1760982695.4011164,2480382,634977792,634.977792,16,199,155,2,20251021_025154
1760982695.4111004,2480421,634987776,634.987776,16,199,156,2,20251021_025154
1760982695.4210844,2480460,634997760,634.99776,17,199,156,2,20251021_025154
1760982695.4310684,2480499,635007744,635.007744,18,199,156,2,20251021_025154
1760982695.4410524,2480538,635017728,635.017728,18,199,156,2,20251021_025154
1760982695.4510365,2480577,635027712,635.027712,19,199,156,2,20251021_025154
1760982695.4610202,2480616,635037696,635.037696,20,199,156,2,20251021_025154
1760982695.4710042,2480655,635047680,635.04768,20,199,155,2,20251021_025154
1760982695.4809885,2480694,635057664,635.057664,21,199,156,2,20251021_025154
1760982695.4909725,2480733,635067648,635.067648,21,199,157,2,20251021_025154
1760982695.5012124,2480773,635077888,635.077888,22,199,156,2,20251021_025154
1760982695.5111964,2480812,635087872,635.087872,23,199,155,2,20251021_025154
1760982695.5211804,2480851,635097856,635.097856,23,199,156,2,20251021_025154
1760982695.5311644,2480890,635107840,635.10784,24,199,155,2,20251021_025154
1760982695.5411484,2480929,635117824,635.117824,24,199,156,2,20251021_025154
1760982695.5511324,2480968,635127808,635.127808,25,199,157,2,20251021_025154
1760982695.5611165,2481007,635137792,635.137792,25,199,156,2,20251021_025154
1760982695.5711002,2481046,635147776,635.147776,26,199,155,2,20251021_025154
1760982695.5810845,2481085,635157760,635.15776,26,200,156,2,20251021_025154
1760982695.5910685,2481124,635167744,635.167744,26,199,157,2,20251021_025154
1760982695.6010523,2481163,635177728,635.177728,27,199,156,2,20251021_025154
1760982695.6110363,2481202,635187712,635.187712,27,200,156,2,20251021_025154
1760982695.6210203,2481241,635197696,635.197696,28,199,156,2,20251021_025154
1760982695.6310043,2481280,635207680,635.20768,28,199,156,2,20251021_025154
1760982695.6409883,2481319,635217664,635.217664,28,199,157,2,20251021_025154
1760982695.6512284,2481359,635227904,635.227904,29,200,156,2,20251021_025154
1760982695.6612124,2481398,635237888,635.237888,29,199,156,2,20251021_025154
1760982695.6711965,2481437,635247872,635.247872,30,199,157,2,20251021_025154
1760982695.6811802,2481476,635257856,635.257856,30,200,156,2,20251021_025154
1760982695.6911645,2481515,635267840,635.26784,30,199,155,2,20251021_025154
1760982695.7011485,2481554,635277824,635.277824,31,199,155,2,20251021_025154
1760982695.7111323,2481593,635287808,635.287808,31,199,155,2,20251021_025154
1760982695.7211163,2481632,635297792,635.297792,31,199,155,2,20251021_025154
1760982695.7311003,2481671,635307776,635.307776,32,199,155,2,20251021_025154
1760982695.7410843,2481710,635317760,635.31776,32,199,153,2,20251021_025154
1760982695.7510684,2481749,635327744,635.327744,33,199,154,2,20251021_025154
1760982695.7610524,2481788,635337728,635.337728,33,199,154,2,20251021_025154
1760982695.7710364,2481827,635347712,635.347712,34,199,154,2,20251021_025154
1760982695.7810204,2481866,635357696,635.357696,34,199,153,2,20251021_025154
1760982695.7910044,2481905,635367680,635.36768,35,199,153,2,20251021_025154
1760982695.8012445,2481945,635377920,635.37792,35,199,153,2,20251021_025154
1760982695.8112285,2481984,635387904,635.387904,36,199,152,2,20251021_025154
1760982695.8212123,2482023,635397888,635.397888,36,199,150,2,20251021_025154
1760982695.8311963,2482062,635407872,635.407872,37,199,152,2,20251021_025154
1760982695.8411803,2482101,635417856,635.417856,38,199,151,2,20251021_025154
1760982695.8511643,2482140,635427840,635.42784,38,199,151,2,20251021_025154
1760982695.8611484,2482179,635437824,635.437824,39,199,150,2,20251021_025154
1760982695.8711324,2482218,635447808,635.447808,39,199,151,2,20251021_025154
1760982695.8811164,2482257,635457792,635.457792,40,200,150,2,20251021_025154
1760982695.8911004,2482296,635467776,635.467776,41,199,150,2,20251021_025154
1760982695.9010844,2482335,635477760,635.47776,42,199,150,2,20251021_025154
1760982695.9110684,2482374,635487744,635.487744,42,199,149,2,20251021_025154
1760982695.9210525,2482413,635497728,635.497728,43,199,147,2,20251021_025154
1760982695.9310362,2482452,635507712,635.507712,44,199,147,2,20251021_025154
1760982695.9412763,2482492,635517952,635.517952,45,199,146,2,20251021_025154
1760982695.9512603,2482531,635527936,635.527936,46,199,147,2,20251021_025154
1760982695.9612443,2482570,635537920,635.53792,48,199,145,2,20251021_025154
1760982695.9712284,2482609,635547904,635.547904,49,201,144,2,20251021_025154
1760982695.9812124,2482648,635557888,635.557888,50,199,143,2,20251021_025154
1760982695.9911964,2482687,635567872,635.567872,52,199,142,2,20251021_025154
1760982696.0011804,2482726,635577856,635.577856,53,199,141,2,20251021_025154
1760982696.0111644,2482765,635587840,635.58784,55,199,140,2,20251021_025154
1760982696.0211484,2482804,635597824,635.597824,57,199,138,2,20251021_025154
1760982696.0311325,2482843,635607808,635.607808,59,199,138,2,20251021_025154
1760982696.0411162,2482882,635617792,635.617792,60,201,139,2,20251021_025154
1760982696.0511005,2482921,635627776,635.627776,62,199,138,2,20251021_025154
1760982696.0610845,2482960,635637760,635.63776,64,199,136,2,20251021_025154
1760982696.0710683,2482999,635647744,635.647744,66,199,136,2,20251021_025154
1760982696.0813084,2483039,635657984,635.657984,68,199,136,2,20251021_025154
1760982696.0912924,2483078,635667968,635.667968,70,199,137,2,20251021_025154
1760982696.1012764,2483117,635677952,635.677952,72,199,138,2,20251021_025154
1760982696.1112604,2483156,635687936,635.687936,74,199,138,2,20251021_025154
1760982696.1212444,2483195,635697920,635.69792,76,199,138,2,20251021_025154
1760982696.1312284,2483234,635707904,635.707904,78,199,139,2,20251021_025154
1760982696.1412125,2483273,635717888,635.717888,79,199,140,2,20251021_025154
1760982696.1511962,2483312,635727872,635.727872,81,199,140,2,20251021_025154
1760982696.1611805,2483351,635737856,635.737856,83,200,140,2,20251021_025154
1760982696.1711645,2483390,635747840,635.74784,85,199,140,2,20251021_025154
1760982696.1811483,2483429,635757824,635.757824,86,199,141,2,20251021_025154
1760982696.1911323,2483468,635767808,635.767808,88,199,141,2,20251021_025154
1760982696.2011163,2483507,635777792,635.777792,90,199,143,2,20251021_025154
1760982696.2111003,2483546,635787776,635.787776,91,199,144,2,20251021_025154
1760982696.2210844,2483585,635797760,635.79776,93,199,144,2,20251021_025154
1760982696.2313244,2483625,635808000,635.808,94,199,146,2,20251021_025154
1760982696.2413085,2483664,635817984,635.817984,96,199,147,2,20251021_025154
1760982696.2512922,2483703,635827968,635.827968,97,199,147,2,20251021_025154
1760982696.2612762,2483742,635837952,635.837952,99,199,148,2,20251021_025154
1760982696.2712605,2483781,635847936,635.847936,100,199,150,2,20251021_025154
1760982696.2812445,2483820,635857920,635.85792,102,199,149,2,20251021_025154
1760982696.2912283,2483859,635867904,635.867904,103,199,150,2,20251021_025154
1760982696.3012123,2483898,635877888,635.877888,105,199,150,2,20251021_025154
1760982696.3111963,2483937,635887872,635.887872,106,199,151,2,20251021_025154
1760982696.3211803,2483976,635897856,635.897856,108,200,152,2,20251021_025154
1760982696.3311644,2484015,635907840,635.90784,110,199,151,2,20251021_025154
1760982696.3411484,2484054,635917824,635.917824,112,199,152,2,20251021_025154
1760982696.3511324,2484093,635927808,635.927808,113,200,152,2,20251021_025154
1760982696.3611164,2484132,635937792,635.937792,115,199,153,2,20251021_025154
1760982696.3713562,2484172,635948032,635.948032,117,199,153,2,20251021_025154
1760982696.3813405,2484211,635958016,635.958016,119,200,154,2,20251021_025154
1760982696.3913243,2484250,635968000,635.968,122,200,153,2,20251021_025154
1760982696.4013083,2484289,635977984,635.977984,124,200,155,2,20251021_025154
1760982696.4112923,2484328,635987968,635.987968,126,200,155,2,20251021_025154
1760982696.4212763,2484367,635997952,635.997952,129,199,155,2,20251021_025154
1760982696.4312603,2484406,636007936,636.007936,131,200,155,2,20251021_025154
1760982696.4412444,2484445,636017920,636.01792,134,199,155,2,20251021_025154
1760982696.4512284,2484484,636027904,636.027904,137,199,155,2,20251021_025154
1760982696.4612124,2484523,636037888,636.037888,140,200,155,2,20251021_025154
1760982696.4711964,2484562,636047872,636.047872,143,199,156,2,20251021_025154
1760982696.4811804,2484601,636057856,636.057856,146,199,155,2,20251021_025154
1760982696.4911644,2484640,636067840,636.06784,149,199,155,2,20251021_025154
1760982696.5011485,2484679,636077824,636.077824,152,200,155,2,20251021_025154
1760982696.5113883,2484719,636088064,636.088064,156,199,155,2,20251021_025154
1760982696.5213723,2484758,636098048,636.098048,159,200,155,2,20251021_025154
1760982696.5313563,2484797,636108032,636.108032,163,199,155,2,20251021_025154
1760982696.5413404,2484836,636118016,636.118016,166,200,155,2,20251021_025154
1760982696.5513244,2484875,636128000,636.128,170,199,155,2,20251021_025154
1760982696.5613084,2484914,636137984,636.137984,173,199,156,2,20251021_025154
1760982696.5712924,2484953,636147968,636.147968,177,199,156,2,20251021_025154
1760982696.5812764,2484992,636157952,636.157952,181,200,156,2,20251021_025154
1760982696.5912604,2485031,636167936,636.167936,185,199,157,2,20251021_025154
1760982696.6012444,2485070,636177920,636.17792,188,199,156,2,20251021_025154
1760982696.6112282,2485109,636187904,636.187904,192,199,156,2,20251021_025154
1760982696.6212122,2485148,636197888,636.197888,196,199,156,2,20251021_025154
1760982696.6311965,2485187,636207872,636.207872,199,199,157,2,20251021_025154
1760982696.6411805,2485226,636217856,636.217856,203,199,157,2,20251021_025154
1760982696.6514204,2485266,636228096,636.228096,206,199,157,2,20251021_025154
1760982696.6614044,2485305,636238080,636.23808,209,199,157,2,20251021_025154
1760982696.6713884,2485344,636248064,636.248064,212,200,157,2,20251021_025154
1760982696.6813724,2485383,636258048,636.258048,216,200,157,2,20251021_025154
1760982696.6913564,2485422,636268032,636.268032,218,200,157,2,20251021_025154
1760982696.7013404,2485461,636278016,636.278016,221,199,157,2,20251021_025154
1760982696.7113245,2485500,636288000,636.288,224,199,157,2,20251021_025154
1760982696.7213082,2485539,636297984,636.297984,227,200,157,2,20251021_025154
1760982696.7315483,2485579,636308224,636.308224,229,200,157,2,20251021_025154
1760982696.7415323,2485618,636318208,636.318208,232,200,158,2,20251021_025154
1760982696.7515163,2485657,636328192,636.328192,234,200,158,2,20251021_025154
1760982696.7615004,2485696,636338176,636.338176,236,200,157,2,20251021_025154
1760982696.7714844,2485735,636348160,636.34816,238,200,157,2,20251021_025154
1760982696.7814684,2485774,636358144,636.358144,240,200,157,2,20251021_025154
1760982696.7914524,2485813,636368128,636.368128,242,200,157,2,20251021_025154
1760982696.8016922,2485853,636378368,636.378368,244,200,158,2,20251021_025154
1760982696.8116765,2485892,636388352,636.388352,246,200,158,2,20251021_025154
1760982696.8216605,2485931,636398336,636.398336,248,200,158,2,20251021_025154
1760982696.8316443,2485970,636408320,636.40832,249,200,158,2,20251021_025154
1760982696.8416283,2486009,636418304,636.418304,251,200,157,2,20251021_025154
1760982696.8516123,2486048,636428288,636.428288,252,200,158,2,20251021_025154
1760982696.8615963,2486087,636438272,636.438272,254,200,158,2,20251021_025154
1760982696.8715804,2486126,636448256,636.448256,0,200,158,2,20251021_025154
1760982696.8818204,2486166,636458496,636.458496,1,200,158,2,20251021_025154
1760982696.8918045,2486205,636468480,636.46848,3,200,158,2,20251021_025154
1760982696.9017882,2486244,636478464,636.478464,4,200,158,2,20251021_025154
1760982696.9117725,2486283,636488448,636.488448,5,200,158,2,20251021_025154
1760982696.9217565,2486322,636498432,636.498432,6,200,158,2,20251021_025154
1760982696.9317403,2486361,636508416,636.508416,7,200,158,2,20251021_025154
1760982696.9419804,2486401,636518656,636.518656,8,200,158,2,20251021_025154
1760982696.9519644,2486440,636528640,636.52864,9,200,158,2,20251021_025154
1760982696.9619484,2486479,636538624,636.538624,10,200,158,2,20251021_025154
1760982696.9719324,2486518,636548608,636.548608,11,200,158,2,20251021_025154
1760982696.9819164,2486557,636558592,636.558592,12,200,158,2,20251021_025154
1760982696.9919004,2486596,636568576,636.568576,13,200,158,2,20251021_025154
1760982697.0018845,2486635,636578560,636.57856,13,200,158,2,20251021_025154
1760982697.0118682,2486674,636588544,636.588544,14,200,158,2,20251021_025154
1760982697.0221083,2486714,636598784,636.598784,15,200,158,2,20251021_025154
1760982697.0320923,2486753,636608768,636.608768,16,200,158,2,20251021_025154
1760982697.0420763,2486792,636618752,636.618752,16,200,158,2,20251021_025154
1760982697.0520604,2486831,636628736,636.628736,17,200,158,2,20251021_025154
1760982697.0620444,2486870,636638720,636.63872,18,200,158,2,20251021_025154
1760982697.0720284,2486909,636648704,636.648704,18,200,157,2,20251021_025154
1760982697.0822682,2486949,636658944,636.658944,19,200,158,2,20251021_025154
1760982697.0922525,2486988,636668928,636.668928,20,200,158,2,20251021_025154
1760982697.1022365,2487027,636678912,636.678912,20,200,158,2,20251021_025154
1760982697.1122203,2487066,636688896,636.688896,21,200,159,2,20251021_025154
1760982697.1222043,2487105,636698880,636.69888,21,200,159,2,20251021_025154
1760982697.1321883,2487144,636708864,636.708864,22,200,158,2,20251021_025154
1760982697.1421723,2487183,636718848,636.718848,22,200,158,2,20251021_025154
1760982697.1521564,2487222,636728832,636.728832,23,200,158,2,20251021_025154
1760982697.1623964,2487262,636739072,636.739072,23,200,158,2,20251021_025154
1760982697.1723804,2487301,636749056,636.749056,24,200,158,2,20251021_025154
1760982697.1823645,2487340,636759040,636.75904,24,200,157,2,20251021_025154
1760982697.1923482,2487379,636769024,636.769024,25,200,158,2,20251021_025154
1760982697.2023325,2487418,636779008,636.779008,25,200,158,2,20251021_025154
1760982697.2123165,2487457,636788992,636.788992,26,200,158,2,20251021_025154
1760982697.2223003,2487496,636798976,636.798976,26,200,157,2,20251021_025154
1760982697.2322843,2487535,636808960,636.80896,27,200,157,2,20251021_025154
1760982697.2422683,2487574,636818944,636.818944,27,200,157,2,20251021_025154
1760982697.2522523,2487613,636828928,636.828928,28,200,156,2,20251021_025154
1760982697.2622364,2487652,636838912,636.838912,29,200,156,2,20251021_025154
1760982697.2722204,2487691,636848896,636.848896,29,200,157,2,20251021_025154
1760982697.2824605,2487731,636859136,636.859136,30,200,156,2,20251021_025154
1760982697.2924442,2487770,636869120,636.86912,30,200,156,2,20251021_025154
1760982697.3024282,2487809,636879104,636.879104,31,200,156,2,20251021_025154
1760982697.3124125,2487848,636889088,636.889088,32,200,156,2,20251021_025154
1760982697.3223965,2487887,636899072,636.899072,33,200,155,2,20251021_025154
1760982697.3323803,2487926,636909056,636.909056,34,200,153,2,20251021_025154
1760982697.3423643,2487965,636919040,636.91904,35,200,153,2,20251021_025154
1760982697.3523483,2488004,636929024,636.929024,36,200,152,2,20251021_025154
1760982697.3623323,2488043,636939008,636.939008,37,200,154,2,20251021_025154
1760982697.3723164,2488082,636948992,636.948992,38,200,152,2,20251021_025154
1760982697.3823004,2488121,636958976,636.958976,40,200,151,2,20251021_025154
1760982697.3922844,2488160,636968960,636.96896,42,200,149,2,20251021_025154
1760982697.4022684,2488199,636978944,636.978944,44,200,147,2,20251021_025154
1760982697.4122524,2488238,636988928,636.988928,47,200,146,2,20251021_025154
1760982697.4222364,2488277,636998912,636.998912,50,200,145,2,20251021_025154
1760982697.4324763,2488317,637009152,637.009152,53,200,143,2,20251021_025154
1760982697.4424603,2488356,637019136,637.019136,57,200,138,2,20251021_025154
1760982697.4524443,2488395,637029120,637.02912,60,200,135,2,20251021_025154
1760982697.4624283,2488434,637039104,637.039104,64,200,128,2,20251021_025154
1760982697.4724123,2488473,637049088,637.049088,68,200,125,2,20251021_025154
1760982697.4823964,2488512,637059072,637.059072,71,200,119,2,20251021_025154
1760982697.4923804,2488551,637069056,637.069056,75,200,116,2,20251021_025154
1760982697.5023644,2488590,637079040,637.07904,78,200,111,2,20251021_025154
1760982697.5123484,2488629,637089024,637.089024,81,200,109,2,20251021_025154
1760982697.5223324,2488668,637099008,637.099008,85,200,106,2,20251021_025154
1760982697.5323164,2488707,637108992,637.108992,88,200,105,2,20251021_025154
1760982697.5423005,2488746,637118976,637.118976,91,200,104,2,20251021_025154
1760982697.5522842,2488785,637128960,637.12896,93,199,104,2,20251021_025154
1760982697.5622685,2488824,637138944,637.138944,96,199,105,2,20251021_025154
1760982697.5725083,2488864,637149184,637.149184,99,199,106,2,20251021_025154
1760982697.5824924,2488903,637159168,637.159168,101,199,106,2,20251021_025154
1760982697.5924764,2488942,637169152,637.169152,104,200,107,2,20251021_025154
1760982697.6024604,2488981,637179136,637.179136,106,199,107,2,20251021_025154
1760982697.6124444,2489020,637189120,637.18912,108,199,108,2,20251021_025154
1760982697.6224284,2489059,637199104,637.199104,111,200,108,2,20251021_025154
1760982697.6324124,2489098,637209088,637.209088,113,199,110,2,20251021_025154
1760982697.6423965,2489137,637219072,637.219072,115,200,112,2,20251021_025154
1760982697.6523802,2489176,637229056,637.229056,116,200,113,2,20251021_025154
1760982697.6623642,2489215,637239040,637.23904,118,199,115,2,20251021_025154
1760982697.6723485,2489254,637249024,637.249024,120,200,118,2,20251021_025154
1760982697.6823325,2489293,637259008,637.259008,121,200,122,2,20251021_025154
1760982697.6923163,2489332,637268992,637.268992,123,200,127,2,20251021_025154
1760982697.7023003,2489371,637278976,637.278976,125,200,131,2,20251021_025154
1760982697.7125404,2489411,637289216,637.289216,126,200,135,2,20251021_025154
1760982697.7225244,2489450,637299200,637.2992,128,200,139,2,20251021_025154
1760982697.7325084,2489489,637309184,637.309184,130,199,141,2,20251021_025154
1760982697.7424924,2489528,637319168,637.319168,132,200,144,2,20251021_025154
1760982697.7524765,2489567,637329152,637.329152,134,200,146,2,20251021_025154
1760982697.7624602,2489606,637339136,637.339136,137,200,148,2,20251021_025154
1760982697.7724442,2489645,637349120,637.34912,139,200,149,2,20251021_025154
1760982697.7824285,2489684,637359104,637.359104,142,200,150,2,20251021_025154
1760982697.7924123,2489723,637369088,637.369088,144,200,150,2,20251021_025154
1760982697.8023963,2489762,637379072,637.379072,147,200,152,2,20251021_025154
1760982697.8123803,2489801,637389056,637.389056,150,200,150,2,20251021_025154
1760982697.8223643,2489840,637399040,637.39904,152,200,150,2,20251021_025154
1760982697.8323483,2489879,637409024,637.409024,155,200,151,2,20251021_025154
1760982697.8423324,2489918,637419008,637.419008,158,200,152,2,20251021_025154
1760982697.8523164,2489957,637428992,637.428992,161,200,154,2,20251021_025154
1760982697.8625565,2489997,637439232,637.439232,164,200,152,2,20251021_025154
1760982697.8725402,2490036,637449216,637.449216,167,200,152,2,20251021_025154
1760982697.8825245,2490075,637459200,637.4592,171,199,153,2,20251021_025154
1760982697.8925085,2490114,637469184,637.469184,174,200,152,2,20251021_025154
1760982697.9024923,2490153,637479168,637.479168,177,200,152,2,20251021_025154
1760982697.9124763,2490192,637489152,637.489152,180,201,154,2,20251021_025154
1760982697.9224603,2490231,637499136,637.499136,183,200,153,2,20251021_025154
1760982697.9324443,2490270,637509120,637.50912,187,200,153,2,20251021_025154
1760982697.9424284,2490309,637519104,637.519104,190,200,153,2,20251021_025154
1760982697.9524124,2490348,637529088,637.529088,193,200,153,2,20251021_025154
1760982697.9623964,2490387,637539072,637.539072,196,200,154,2,20251021_025154
1760982697.9723804,2490426,637549056,637.549056,199,200,152,2,20251021_025154
1760982697.9823644,2490465,637559040,637.55904,202,200,155,2,20251021_025154
1760982697.9923484,2490504,637569024,637.569024,205,200,153,2,20251021_025154
1760982698.0025885,2490544,637579264,637.579264,208,200,153,2,20251021_025154
1760982698.0125723,2490583,637589248,637.589248,211,200,154,2,20251021_025154
1760982698.0225563,2490622,637599232,637.599232,214,200,153,2,20251021_025154
1760982698.0325403,2490661,637609216,637.609216,217,200,153,2,20251021_025154
1760982698.0425243,2490700,637619200,637.6192,220,200,154,2,20251021_025154
1760982698.0525084,2490739,637629184,637.629184,222,200,154,2,20251021_025154
1760982698.0624924,2490778,637639168,637.639168,225,200,154,2,20251021_025154
1760982698.0724764,2490817,637649152,637.649152,227,200,154,2,20251021_025154
1760982698.0824604,2490856,637659136,637.659136,230,200,154,2,20251021_025154
1760982698.0924444,2490895,637669120,637.66912,232,200,154,2,20251021_025154
1760982698.1024284,2490934,637679104,637.679104,234,200,154,2,20251021_025154
1760982698.1124125,2490973,637689088,637.689088,236,200,154,2,20251021_025154
1760982698.1223962,2491012,637699072,637.699072,238,200,154,2,20251021_025154
1760982698.1323802,2491051,637709056,637.709056,240,200,154,2,20251021_025154
1760982698.1426203,2491091,637719296,637.719296,242,200,154,2,20251021_025154
1760982698.1526043,2491130,637729280,637.72928,244,200,155,2,20251021_025154
1760982698.1625884,2491169,637739264,637.739264,246,200,154,2,20251021_025154
1760982698.1725724,2491208,637749248,637.749248,248,200,154,2,20251021_025154
1760982698.1825564,2491247,637759232,637.759232,249,200,155,2,20251021_025154
1760982698.1925404,2491286,637769216,637.769216,251,200,154,2,20251021_025154
1760982698.2025244,2491325,637779200,637.7792,252,200,153,2,20251021_025154
1760982698.2125084,2491364,637789184,637.789184,254,200,151,2,20251021_025154
1760982698.2224925,2491403,637799168,637.799168,1,200,154,2,20251021_025154
1760982698.2324762,2491442,637809152,637.809152,2,200,153,2,20251021_025154
1760982698.2424605,2491481,637819136,637.819136,3,200,154,2,20251021_025154
1760982698.2524445,2491520,637829120,637.82912,5,200,154,2,20251021_025154
1760982698.2624283,2491559,637839104,637.839104,6,200,154,2,20251021_025154
1760982698.2724123,2491598,637849088,637.849088,7,200,154,2,20251021_025154
1760982698.2826524,2491638,637859328,637.859328,8,200,154,2,20251021_025154
1760982698.2926364,2491677,637869312,637.869312,9,200,153,2,20251021_025154
1760982698.3026204,2491716,637879296,637.879296,11,200,155,2,20251021_025154
1760982698.3126044,2491755,637889280,637.88928,12,200,156,2,20251021_025154
1760982698.3225884,2491794,637899264,637.899264,13,200,156,2,20251021_025154
1760982698.3325725,2491833,637909248,637.909248,14,200,155,2,20251021_025154
1760982698.3425562,2491872,637919232,637.919232,14,200,156,2,20251021_025154
1760982698.3525405,2491911,637929216,637.929216,15,200,156,2,20251021_025154
1760982698.3625245,2491950,637939200,637.9392,16,200,156,2,20251021_025154
1760982698.3725083,2491989,637949184,637.949184,17,200,156,2,20251021_025154
1760982698.3824923,2492028,637959168,637.959168,18,200,156,2,20251021_025154
1760982698.3924763,2492067,637969152,637.969152,19,200,156,2,20251021_025154
1760982698.4024603,2492106,637979136,637.979136,19,200,156,2,20251021_025154
1760982698.4124444,2492145,637989120,637.98912,20,200,156,2,20251021_025154
1760982698.4226844,2492185,637999360,637.99936,21,200,156,2,20251021_025154
1760982698.4326684,2492224,638009344,638.009344,21,200,156,2,20251021_025154
1760982698.4426525,2492263,638019328,638.019328,22,200,156,2,20251021_025154
1760982698.4526362,2492302,638029312,638.029312,23,200,156,2,20251021_025154
1760982698.4626205,2492341,638039296,638.039296,23,200,156,2,20251021_025154
1760982698.4726045,2492380,638049280,638.04928,24,200,156,2,20251021_025154
1760982698.4825883,2492419,638059264,638.059264,24,200,156,2,20251021_025154
1760982698.4925723,2492458,638069248,638.069248,25,200,157,2,20251021_025154
1760982698.5025563,2492497,638079232,638.079232,26,200,157,2,20251021_025154
1760982698.5125403,2492536,638089216,638.089216,26,200,157,2,20251021_025154
1760982698.5225244,2492575,638099200,638.0992,27,200,156,2,20251021_025154
1760982698.5325084,2492614,638109184,638.109184,27,200,157,2,20251021_025154
1760982698.5424924,2492653,638119168,638.119168,28,200,156,2,20251021_025154
1760982698.5524764,2492692,638129152,638.129152,28,200,156,2,20251021_025154
1760982698.5624604,2492731,638139136,638.139136,29,200,156,2,20251021_025154
1760982698.5727005,2492771,638149376,638.149376,29,200,157,2,20251021_025154
1760982698.5826845,2492810,638159360,638.15936,29,200,156,2,20251021_025154
1760982698.5926683,2492849,638169344,638.169344,30,200,157,2,20251021_025154
1760982698.6026523,2492888,638179328,638.179328,30,200,157,2,20251021_025154
1760982698.6126363,2492927,638189312,638.189312,31,200,157,2,20251021_025154
1760982698.6226203,2492966,638199296,638.199296,31,200,156,2,20251021_025154
1760982698.6326044,2493005,638209280,638.20928,32,200,156,2,20251021_025154
1760982698.6425884,2493044,638219264,638.219264,32,200,156,2,20251021_025154
1760982698.6525724,2493083,638229248,638.229248,32,200,156,2,20251021_025154
1760982698.6625564,2493122,638239232,638.239232,33,200,156,2,20251021_025154
1760982698.6725404,2493161,638249216,638.249216,33,200,155,2,20251021_025154
1760982698.6825244,2493200,638259200,638.2592,34,200,156,2,20251021_025154
1760982698.6925085,2493239,638269184,638.269184,34,200,156,2,20251021_025154
1760982698.7024922,2493278,638279168,638.279168,35,200,155,2,20251021_025154
1760982698.7127323,2493318,638289408,638.289408,35,200,154,2,20251021_025154
1760982698.7227163,2493357,638299392,638.299392,36,200,154,2,20251021_025154
1760982698.7327003,2493396,638309376,638.309376,36,200,153,2,20251021_025154
1760982698.7426844,2493435,638319360,638.31936,37,200,153,2,20251021_025154
1760982698.7526684,2493474,638329344,638.329344,38,200,153,2,20251021_025154
1760982698.7626524,2493513,638339328,638.339328,38,200,152,2,20251021_025154
1760982698.7726364,2493552,638349312,638.349312,39,200,152,2,20251021_025154
1760982698.7826204,2493591,638359296,638.359296,40,199,153,2,20251021_025154
1760982698.7926044,2493630,638369280,638.36928,41,200,152,2,20251021_025154
1760982698.8025885,2493669,638379264,638.379264,42,200,151,2,20251021_025154
1760982698.8125722,2493708,638389248,638.389248,42,200,149,2,20251021_025154
1760982698.8225565,2493747,638399232,638.399232,43,200,149,2,20251021_025154
1760982698.8325405,2493786,638409216,638.409216,45,200,147,2,20251021_025154
1760982698.8425243,2493825,638419200,638.4192,46,200,144,2,20251021_025154
1760982698.8525083,2493864,638429184,638.429184,47,200,144,2,20251021_025154
1760982698.8627484,2493904,638439424,638.439424,49,200,141,2,20251021_025154
1760982698.8727324,2493943,638449408,638.449408,51,200,140,2,20251021_025154
1760982698.8827164,2493982,638459392,638.459392,53,200,138,2,20251021_025154
1760982698.8927004,2494021,638469376,638.469376,55,200,136,2,20251021_025154
1760982698.9026845,2494060,638479360,638.47936,58,200,135,2,20251021_025154
1760982698.9126682,2494099,638489344,638.489344,60,200,132,2,20251021_025154
1760982698.9226522,2494138,638499328,638.499328,63,200,129,2,20251021_025154
1760982698.9326365,2494177,638509312,638.509312,66,200,127,2,20251021_025154
1760982698.9426205,2494216,638519296,638.519296,69,200,126,2,20251021_025154
1760982698.9526043,2494255,638529280,638.52928,72,200,122,2,20251021_025154
1760982698.9625883,2494294,638539264,638.539264,76,200,120,2,20251021_025154
1760982698.9725723,2494333,638549248,638.549248,79,200,117,2,20251021_025154
1760982698.9825563,2494372,638559232,638.559232,82,200,114,2,20251021_025154
1760982698.9925404,2494411,638569216,638.569216,86,200,110,2,20251021_025154
1760982699.0027804,2494451,638579456,638.579456,89,200,108,2,20251021_025154
1760982699.0127645,2494490,638589440,638.58944,92,200,107,2,20251021_025154
1760982699.0227482,2494529,638599424,638.599424,94,200,106,2,20251021_025154
1760982699.0327322,2494568,638609408,638.609408,97,200,104,2,20251021_025154
1760982699.0427165,2494607,638619392,638.619392,100,200,103,2,20251021_025154
1760982699.0527003,2494646,638629376,638.629376,102,200,104,2,20251021_025154
1760982699.0626843,2494685,638639360,638.63936,105,200,104,2,20251021_025154
1760982699.0726683,2494724,638649344,638.649344,107,200,105,2,20251021_025154
1760982699.0826523,2494763,638659328,638.659328,109,199,105,2,20251021_025154
1760982699.0926363,2494802,638669312,638.669312,111,199,106,2,20251021_025154
1760982699.1026204,2494841,638679296,638.679296,113,199,107,2,20251021_025154
1760982699.1126044,2494880,638689280,638.68928,115,200,107,2,20251021_025154
1760982699.1225884,2494919,638699264,638.699264,117,200,108,2,20251021_025154
1760982699.1325724,2494958,638709248,638.709248,119,200,109,2,20251021_025154
1760982699.1428125,2494998,638719488,638.719488,120,199,111,2,20251021_025154
1760982699.1527965,2495037,638729472,638.729472,122,199,111,2,20251021_025154
1760982699.1627803,2495076,638739456,638.739456,124,200,112,2,20251021_025154
1760982699.1727643,2495115,638749440,638.74944,125,199,113,2,20251021_025154
1760982699.1827483,2495154,638759424,638.759424,127,199,114,2,20251021_025154
1760982699.1927323,2495193,638769408,638.769408,128,199,115,2,20251021_025154
1760982699.2027164,2495232,638779392,638.779392,130,199,114,2,20251021_025154
1760982699.2127004,2495271,638789376,638.789376,131,199,115,2,20251021_025154
1760982699.2226844,2495310,638799360,638.79936,132,200,113,2,20251021_025154
1760982699.2326684,2495349,638809344,638.809344,134,200,113,2,20251021_025154
1760982699.2426524,2495388,638819328,638.819328,135,200,114,2,20251021_025154
1760982699.2526364,2495427,638829312,638.829312,136,199,112,2,20251021_025154
1760982699.2626204,2495466,638839296,638.839296,137,200,111,2,20251021_025154
1760982699.2726045,2495505,638849280,638.84928,138,200,111,2,20251021_025154
1760982699.2828443,2495545,638859520,638.85952,139,200,110,2,20251021_025154
1760982699.2928283,2495584,638869504,638.869504,140,199,110,2,20251021_025154
1760982699.3028123,2495623,638879488,638.879488,141,200,110,2,20251021_025154
1760982699.3127964,2495662,638889472,638.889472,142,200,109,2,20251021_025154
1760982699.3227804,2495701,638899456,638.899456,143,200,109,2,20251021_025154
1760982699.3327644,2495740,638909440,638.90944,144,199,108,2,20251021_025154
1760982699.3427484,2495779,638919424,638.919424,144,199,107,2,20251021_025154
1760982699.3527324,2495818,638929408,638.929408,145,200,107,2,20251021_025154
1760982699.3627164,2495857,638939392,638.939392,146,199,107,2,20251021_025154
1760982699.3727005,2495896,638949376,638.949376,146,200,107,2,20251021_025154
1760982699.3826842,2495935,638959360,638.95936,147,199,108,2,20251021_025154
1760982699.3926682,2495974,638969344,638.969344,147,200,108,2,20251021_025154
1760982699.4026525,2496013,638979328,638.979328,148,199,108,2,20251021_025154
1760982699.4126365,2496052,638989312,638.989312,149,200,110,2,20251021_025154
1760982699.4228764,2496092,638999552,638.999552,149,199,109,2,20251021_025154
1760982699.4328604,2496131,639009536,639.009536,150,200,108,2,20251021_025154
1760982699.4428444,2496170,639019520,639.01952,150,199,109,2,20251021_025154
1760982699.4528284,2496209,639029504,639.029504,151,199,109,2,20251021_025154
1760982699.4628124,2496248,639039488,639.039488,152,199,110,2,20251021_025154
1760982699.4727964,2496287,639049472,639.049472,152,199,110,2,20251021_025154
1760982699.4827805,2496326,639059456,639.059456,153,199,111,2,20251021_025154
1760982699.4927642,2496365,639069440,639.06944,154,200,113,2,20251021_025154
1760982699.5027485,2496404,639079424,639.079424,154,199,112,2,20251021_025154
1760982699.5127325,2496443,639089408,639.089408,155,199,114,2,20251021_025154
1760982699.5227163,2496482,639099392,639.099392,156,200,115,2,20251021_025154
1760982699.5327003,2496521,639109376,639.109376,157,200,117,2,20251021_025154
1760982699.5426843,2496560,639119360,639.11936,158,200,118,2,20251021_025154
1760982699.5526683,2496599,639129344,639.129344,159,198,122,2,20251021_025154
1760982699.5629084,2496639,639139584,639.139584,160,199,123,2,20251021_025154
1760982699.5728924,2496678,639149568,639.149568,162,198,126,2,20251021_025154
1760982699.5828764,2496717,639159552,639.159552,163,199,128,2,20251021_025154
1760982699.5928605,2496756,639169536,639.169536,165,198,130,2,20251021_025154
1760982699.6028442,2496795,639179520,639.17952,167,194,138,2,20251021_025154
1760982699.6128285,2496834,639189504,639.189504,169,163,139,2,20251021_025154
1760982699.6228125,2496873,639199488,639.199488,172,175,140,2,20251021_025154
1760982699.6327963,2496912,639209472,639.209472,174,196,144,2,20251021_025154
1760982699.6427803,2496951,639219456,639.219456,177,179,148,2,20251021_025154
1760982699.6527643,2496990,639229440,639.22944,180,194,147,2,20251021_025154
1760982699.6627483,2497029,639239424,639.239424,184,194,148,2,20251021_025154
1760982699.6727324,2497068,639249408,639.249408,187,195,147,2,20251021_025154
1760982699.6827164,2497107,639259392,639.259392,190,169,149,2,20251021_025154
1760982699.6927004,2497146,639269376,639.269376,193,141,149,2,20251021_025154
1760982699.7029405,2497186,639279616,639.279616,196,166,150,2,20251021_025154
1760982699.7129242,2497225,639289600,639.2896,199,137,150,2,20251021_025154
1760982699.7229085,2497264,639299584,639.299584,202,149,150,2,20251021_025154
1760982699.7328925,2497303,639309568,639.309568,205,154,152,2,20251021_025154
1760982699.7428763,2497342,639319552,639.319552,208,152,151,2,20251021_025154
1760982699.7528603,2497381,639329536,639.329536,211,147,151,2,20251021_025154
1760982699.7628443,2497420,639339520,639.33952,214,149,151,2,20251021_025154
1760982699.7728283,2497459,639349504,639.349504,217,150,150,2,20251021_025154
1760982699.7828124,2497498,639359488,639.359488,219,152,152,2,20251021_025154
1760982699.7927964,2497537,639369472,639.369472,222,156,152,2,20251021_025154
1760982699.8027804,2497576,639379456,639.379456,225,160,152,2,20251021_025154
1760982699.8127644,2497615,639389440,639.38944,227,164,152,2,20251021_025154
1760982699.8227484,2497654,639399424,639.399424,230,168,152,2,20251021_025154
1760982699.8327324,2497693,639409408,639.409408,232,169,152,2,20251021_025154
1760982699.8429725,2497733,639419648,639.419648,234,168,152,2,20251021_025154
1760982699.8529563,2497772,639429632,639.429632,236,164,150,2,20251021_025154
1760982699.8629403,2497811,639439616,639.439616,238,165,152,2,20251021_025154
1760982699.8729243,2497850,639449600,639.4496,240,167,152,2,20251021_025154
1760982699.8829083,2497889,639459584,639.459584,242,169,152,2,20251021_025154
1760982699.8928924,2497928,639469568,639.469568,244,170,152,2,20251021_025154
1760982699.9028764,2497967,639479552,639.479552,246,172,152,2,20251021_025154
1760982699.9128604,2498006,639489536,639.489536,248,172,153,2,20251021_025154
1760982699.9228444,2498045,639499520,639.49952,249,173,153,2,20251021_025154
1760982699.9328284,2498084,639509504,639.509504,251,174,153,2,20251021_025154
1760982699.9428124,2498123,639519488,639.519488,252,175,151,2,20251021_025154
1760982699.9527965,2498162,639529472,639.529472,254,176,153,2,20251021_025154
1760982699.9627802,2498201,639539456,639.539456,0,177,150,2,20251021_025154
1760982699.9727645,2498240,639549440,639.54944,2,177,153,2,20251021_025154
1760982699.9830043,2498280,639559680,639.55968,3,178,153,2,20251021_025154
1760982699.9929883,2498319,639569664,639.569664,4,179,153,2,20251021_025154
1760982700.0029724,2498358,639579648,639.579648,5,179,153,2,20251021_025154
1760982700.0129564,2498397,639589632,639.589632,7,180,154,2,20251021_025154
1760982700.0229404,2498436,639599616,639.599616,8,180,154,2,20251021_025154
1760982700.0329244,2498475,639609600,639.6096,9,180,154,2,20251021_025154
1760982700.0429084,2498514,639619584,639.619584,10,180,153,2,20251021_025154
1760982700.0528924,2498553,639629568,639.629568,11,180,154,2,20251021_025154
1760982700.0628765,2498592,639639552,639.639552,12,180,154,2,20251021_025154
1760982700.0728602,2498631,639649536,639.649536,13,180,154,2,20251021_025154
1760982700.0828445,2498670,639659520,639.65952,14,181,154,2,20251021_025154
1760982700.0928285,2498709,639669504,639.669504,15,180,154,2,20251021_025154
1760982700.1028123,2498748,639679488,639.679488,15,180,154,2,20251021_025154
1760982700.1127963,2498787,639689472,639.689472,16,180,154,2,20251021_025154
1760982700.1227803,2498826,639699456,639.699456,17,180,154,2,20251021_025154
1760982700.1330204,2498866,639709696,639.709696,18,181,154,2,20251021_025154
1760982700.1430044,2498905,639719680,639.71968,19,181,154,2,20251021_025154
1760982700.1529884,2498944,639729664,639.729664,19,181,154,2,20251021_025154
1760982700.1629725,2498983,639739648,639.739648,20,181,154,2,20251021_025154
1760982700.1729562,2499022,639749632,639.749632,21,180,154,2,20251021_025154
1760982700.1829402,2499061,639759616,639.759616,21,180,154,2,20251021_025154
1760982700.1929245,2499100,639769600,639.7696,22,181,154,2,20251021_025154
1760982700.2029085,2499139,639779584,639.779584,23,181,156,2,20251021_025154
1760982700.2128923,2499178,639789568,639.789568,23,181,155,2,20251021_025154
1760982700.2228763,2499217,639799552,639.799552,24,181,154,2,20251021_025154
1760982700.2328603,2499256,639809536,639.809536,24,180,154,2,20251021_025154
1760982700.2428443,2499295,639819520,639.81952,25,180,154,2,20251021_025154
1760982700.2528284,2499334,639829504,639.829504,25,181,155,2,20251021_025154
1760982700.2628124,2499373,639839488,639.839488,26,181,155,2,20251021_025154
1760982700.2730525,2499413,639849728,639.849728,26,180,155,2,20251021_025154
1760982700.2830362,2499452,639859712,639.859712,27,180,155,2,20251021_025154
1760982700.2930202,2499491,639869696,639.869696,27,180,155,2,20251021_025154
1760982700.3030045,2499530,639879680,639.87968,28,180,155,2,20251021_025154
1760982700.3129883,2499569,639889664,639.889664,28,180,155,2,20251021_025154
1760982700.3229723,2499608,639899648,639.899648,29,180,156,2,20251021_025154
1760982700.3329563,2499647,639909632,639.909632,29,180,155,2,20251021_025154
1760982700.3429403,2499686,639919616,639.919616,29,180,155,2,20251021_025154
1760982700.3529243,2499725,639929600,639.9296,30,180,155,2,20251021_025154
1760982700.3629084,2499764,639939584,639.939584,30,180,155,2,20251021_025154
1760982700.3728924,2499803,639949568,639.949568,31,180,155,2,20251021_025154
1760982700.3828764,2499842,639959552,639.959552,31,180,155,2,20251021_025154
1760982700.3928604,2499881,639969536,639.969536,31,180,155,2,20251021_025154
1760982700.4028444,2499920,639979520,639.97952,32,180,155,2,20251021_025154
1760982700.4130845,2499960,639989760,639.98976,32,179,155,2,20251021_025154
1760982700.4230683,2499999,639999744,639.999744,32,178,155,2,20251021_025154
1760982700.4330523,2500038,640009728,640.009728,33,177,155,2,20251021_025154
1760982700.4430363,2500077,640019712,640.019712,33,177,158,2,20251021_025154
1760982700.4530203,2500116,640029696,640.029696,33,176,155,2,20251021_025154
1760982700.4630044,2500155,640039680,640.03968,34,175,155,2,20251021_025154
1760982700.4729884,2500194,640049664,640.049664,34,175,155,2,20251021_025154
1760982700.4829724,2500233,640059648,640.059648,34,174,155,2,20251021_025154
1760982700.4929564,2500272,640069632,640.069632,34,173,156,2,20251021_025154
1760982700.5029404,2500311,640079616,640.079616,35,172,155,2,20251021_025154
1760982700.5129244,2500350,640089600,640.0896,35,171,156,2,20251021_025154
1760982700.5229084,2500389,640099584,640.099584,35,171,155,2,20251021_025154
1760982700.5328925,2500428,640109568,640.109568,35,171,156,2,20251021_025154
1760982700.5428762,2500467,640119552,640.119552,36,171,155,2,20251021_025154
1760982700.5528605,2500506,640129536,640.129536,36,171,156,2,20251021_025154
1760982700.5631003,2500546,640139776,640.139776,36,170,154,2,20251021_025154
1760982700.5730844,2500585,640149760,640.14976,36,171,156,2,20251021_025154
1760982700.5830684,2500624,640159744,640.159744,36,170,156,2,20251021_025154
1760982700.5930524,2500663,640169728,640.169728,37,170,156,2,20251021_025154
1760982700.6030364,2500702,640179712,640.179712,37,170,156,2,20251021_025154
1760982700.6130204,2500741,640189696,640.189696,37,170,156,2,20251021_025154
1760982700.6230044,2500780,640199680,640.19968,37,170,156,2,20251021_025154
1760982700.6329885,2500819,640209664,640.209664,37,170,156,2,20251021_025154
1760982700.6429722,2500858,640219648,640.219648,38,169,155,2,20251021_025154
1760982700.6529562,2500897,640229632,640.229632,38,169,156,2,20251021_025154
1760982700.6629405,2500936,640239616,640.239616,38,169,156,2,20251021_025154
1760982700.6729245,2500975,640249600,640.2496,38,169,156,2,20251021_025154
1760982700.6829083,2501014,640259584,640.259584,38,169,156,2,20251021_025154
1760982700.6928923,2501053,640269568,640.269568,38,170,156,2,20251021_025154
1760982700.7031324,2501093,640279808,640.279808,39,171,156,2,20251021_025154
1760982700.7131164,2501132,640289792,640.289792,39,172,156,2,20251021_025154
1760982700.7231004,2501171,640299776,640.299776,39,173,156,2,20251021_025154
1760982700.7330844,2501210,640309760,640.30976,39,175,156,2,20251021_025154
1760982700.7430685,2501249,640319744,640.319744,39,175,156,2,20251021_025154
1760982700.7530522,2501288,640329728,640.329728,39,175,156,2,20251021_025154
1760982700.7630365,2501327,640339712,640.339712,40,176,154,2,20251021_025154
1760982700.7730205,2501366,640349696,640.349696,40,175,156,2,20251021_025154
1760982700.7830043,2501405,640359680,640.35968,40,174,157,2,20251021_025154
1760982700.7929883,2501444,640369664,640.369664,40,172,156,2,20251021_025154
1760982700.8029723,2501483,640379648,640.379648,40,172,156,2,20251021_025154
1760982700.8129563,2501522,640389632,640.389632,40,171,156,2,20251021_025154
1760982700.8229403,2501561,640399616,640.399616,40,168,156,2,20251021_025154
1760982700.8329244,2501600,640409600,640.4096,41,165,156,2,20251021_025154
1760982700.8431644,2501640,640419840,640.41984,41,164,156,2,20251021_025154
1760982700.8531485,2501679,640429824,640.429824,41,162,156,2,20251021_025154
1760982700.8631322,2501718,640439808,640.439808,41,161,156,2,20251021_025154
1760982700.8731165,2501757,640449792,640.449792,41,160,156,2,20251021_025154
1760982700.8831005,2501796,640459776,640.459776,41,159,156,2,20251021_025154
1760982700.8930843,2501835,640469760,640.46976,41,157,156,2,20251021_025154
1760982700.9030683,2501874,640479744,640.479744,42,156,156,2,20251021_025154
1760982700.9130523,2501913,640489728,640.489728,42,155,156,2,20251021_025154
1760982700.9230363,2501952,640499712,640.499712,42,155,156,2,20251021_025154
1760982700.9330204,2501991,640509696,640.509696,42,155,156,2,20251021_025154
1760982700.9430044,2502030,640519680,640.51968,42,155,158,2,20251021_025154
1760982700.9529884,2502069,640529664,640.529664,42,154,156,2,20251021_025154
1760982700.9629724,2502108,640539648,640.539648,42,154,157,2,20251021_025154
1760982700.9729564,2502147,640549632,640.549632,42,154,156,2,20251021_025154
1760982700.9829404,2502186,640559616,640.559616,43,153,156,2,20251021_025154
1760982700.9931805,2502226,640569856,640.569856,43,153,156,2,20251021_025154
1760982701.0031643,2502265,640579840,640.57984,43,153,157,2,20251021_025154
1760982701.0131483,2502304,640589824,640.589824,43,153,156,2,20251021_025154
1760982701.0231323,2502343,640599808,640.599808,43,153,156,2,20251021_025154
1760982701.0331163,2502382,640609792,640.609792,43,152,156,2,20251021_025154
1760982701.0431004,2502421,640619776,640.619776,43,151,156,2,20251021_025154
1760982701.0530844,2502460,640629760,640.62976,43,151,156,2,20251021_025154
1760982701.0630684,2502499,640639744,640.639744,44,151,156,2,20251021_025154
1760982701.0730524,2502538,640649728,640.649728,44,151,157,2,20251021_025154
1760982701.0830364,2502577,640659712,640.659712,44,150,156,2,20251021_025154
1760982701.0930204,2502616,640669696,640.669696,44,149,156,2,20251021_025154
1760982701.1030045,2502655,640679680,640.67968,44,149,157,2,20251021_025154
1760982701.1129882,2502694,640689664,640.689664,44,148,157,2,20251021_025154
1760982701.1229722,2502733,640699648,640.699648,44,147,157,2,20251021_025154
1760982701.1329565,2502772,640709632,640.709632,44,147,157,2,20251021_025154
1760982701.1431963,2502812,640719872,640.719872,44,147,156,2,20251021_025154
1760982701.1531804,2502851,640729856,640.729856,44,147,157,2,20251021_025154
1760982701.1631644,2502890,640739840,640.73984,45,148,157,2,20251021_025154
1760982701.1731484,2502929,640749824,640.749824,45,148,158,2,20251021_025154
1760982701.1831324,2502968,640759808,640.759808,45,148,157,2,20251021_025154
1760982701.1931164,2503007,640769792,640.769792,45,149,157,2,20251021_025154
1760982701.2031004,2503046,640779776,640.779776,45,149,157,2,20251021_025154
1760982701.2130845,2503085,640789760,640.78976,45,148,157,2,20251021_025154
1760982701.2230682,2503124,640799744,640.799744,45,147,157,2,20251021_025154
1760982701.2330525,2503163,640809728,640.809728,45,147,157,2,20251021_025154
1760982701.2430365,2503202,640819712,640.819712,45,148,156,2,20251021_025154
1760982701.2530203,2503241,640829696,640.829696,46,147,157,2,20251021_025154
1760982701.2630043,2503280,640839680,640.83968,46,148,157,2,20251021_025154
1760982701.2729883,2503319,640849664,640.849664,46,148,156,2,20251021_025154
1760982701.2832284,2503359,640859904,640.859904,46,147,157,2,20251021_025154
1760982701.2932124,2503398,640869888,640.869888,46,147,157,2,20251021_025154
1760982701.3031964,2503437,640879872,640.879872,46,147,157,2,20251021_025154
1760982701.3131804,2503476,640889856,640.889856,46,146,157,2,20251021_025154
1760982701.3231645,2503515,640899840,640.89984,46,146,157,2,20251021_025154
1760982701.3331482,2503554,640909824,640.909824,46,144,157,2,20251021_025154
1760982701.3431325,2503593,640919808,640.919808,46,143,157,2,20251021_025154
1760982701.3531165,2503632,640929792,640.929792,47,142,159,2,20251021_025154
1760982701.3631003,2503671,640939776,640.939776,47,141,157,2,20251021_025154
1760982701.3730843,2503710,640949760,640.94976,47,140,157,2,20251021_025154
1760982701.3830683,2503749,640959744,640.959744,47,139,157,2,20251021_025154
1760982701.3930523,2503788,640969728,640.969728,47,138,156,2,20251021_025154
1760982701.4030364,2503827,640979712,640.979712,47,138,157,2,20251021_025154
1760982701.4130204,2503866,640989696,640.989696,47,138,157,2,20251021_025154
1760982701.4230044,2503905,640999680,640.99968,47,137,157,2,20251021_025154
1760982701.4332442,2503945,641009920,641.00992,47,137,157,2,20251021_025154
1760982701.4432282,2503984,641019904,641.019904,47,137,157,2,20251021_025154
1760982701.4532125,2504023,641029888,641.029888,48,137,157,2,20251021_025154
