time_pc_sec_abs,micros32,micros32_raw,time_local_sec,a0,a1,a2,agent_id,chunk_id
1761041390.4886546,3489082,893204992,893.204992,26,130,176,1,20251021_121107
1761041390.4986386,3489121,893214976,893.214976,29,130,175,1,20251021_121107
1761041390.5086226,3489160,893224960,893.22496,32,131,177,1,20251021_121107
1761041390.518607,3489199,893234944,893.234944,35,131,175,1,20251021_121107
1761041390.5285904,3489238,893244928,893.244928,38,132,176,1,20251021_121107
1761041390.5385745,3489277,893254912,893.254912,42,132,176,1,20251021_121107
1761041390.5485585,3489316,893264896,893.264896,45,134,178,1,20251021_121107
1761041390.5585425,3489355,893274880,893.27488,48,134,175,1,20251021_121107
1761041390.5685265,3489394,893284864,893.284864,51,135,176,1,20251021_121107
1761041390.5785103,3489433,893294848,893.294848,54,136,175,1,20251021_121107
1761041390.5884943,3489472,893304832,893.304832,58,136,174,1,20251021_121107
1761041390.5984786,3489511,893314816,893.314816,61,137,173,1,20251021_121107
1761041390.6084626,3489550,893324800,893.3248,64,136,164,1,20251021_121107
1761041390.6184466,3489589,893334784,893.334784,67,136,148,1,20251021_121107
1761041390.628687,3489629,893345024,893.345024,70,136,136,1,20251021_121107
1761041390.6386704,3489668,893355008,893.355008,74,134,129,1,20251021_121107
1761041390.6486545,3489707,893364992,893.364992,77,135,132,1,20251021_121107
1761041390.6586385,3489746,893374976,893.374976,80,133,134,1,20251021_121107
1761041390.6686225,3489785,893384960,893.38496,83,134,138,1,20251021_121107
1761041390.6786065,3489824,893394944,893.394944,86,133,141,1,20251021_121107
1761041390.6885903,3489863,893404928,893.404928,90,132,145,1,20251021_121107
1761041390.6985743,3489902,893414912,893.414912,93,132,152,1,20251021_121107
1761041390.7085586,3489941,893424896,893.424896,96,130,154,1,20251021_121107
1761041390.7185426,3489980,893434880,893.43488,99,130,157,1,20251021_121107
1761041390.7285266,3490019,893444864,893.444864,102,129,160,1,20251021_121107
1761041390.7385106,3490058,893454848,893.454848,105,128,162,1,20251021_121107
1761041390.7484946,3490097,893464832,893.464832,109,128,165,1,20251021_121107
1761041390.7584786,3490136,893474816,893.474816,112,124,168,1,20251021_121107
1761041390.7687185,3490176,893485056,893.485056,115,118,169,1,20251021_121107
1761041390.7787025,3490215,893495040,893.49504,118,114,170,1,20251021_121107
1761041390.7886865,3490254,893505024,893.505024,121,109,171,1,20251021_121107
1761041390.7986703,3490293,893515008,893.515008,125,105,171,1,20251021_121107
1761041390.8086543,3490332,893524992,893.524992,128,102,172,1,20251021_121107
1761041390.8186386,3490371,893534976,893.534976,131,99,173,1,20251021_121107
1761041390.8286226,3490410,893544960,893.54496,134,96,171,1,20251021_121107
1761041390.8386066,3490449,893554944,893.554944,137,95,172,1,20251021_121107
1761041390.8485906,3490488,893564928,893.564928,140,95,173,1,20251021_121107
1761041390.8585746,3490527,893574912,893.574912,144,94,173,1,20251021_121107
1761041390.8685586,3490566,893584896,893.584896,147,93,174,1,20251021_121107
1761041390.878543,3490605,893594880,893.59488,150,93,172,1,20251021_121107
1761041390.8885264,3490644,893604864,893.604864,153,93,173,1,20251021_121107
1761041390.8985105,3490683,893614848,893.614848,156,93,173,1,20251021_121107
1761041390.9087503,3490723,893625088,893.625088,160,95,173,1,20251021_121107
1761041390.9187346,3490762,893635072,893.635072,163,96,172,1,20251021_121107
1761041390.9287186,3490801,893645056,893.645056,166,98,173,1,20251021_121107
1761041390.9387026,3490840,893655040,893.65504,169,101,172,1,20251021_121107
1761041390.9486866,3490879,893665024,893.665024,172,105,173,1,20251021_121107
1761041390.9586706,3490918,893675008,893.675008,175,108,172,1,20251021_121107
1761041390.9686546,3490957,893684992,893.684992,182,113,174,1,20251021_121107
1761041390.9786386,3490996,893694976,893.694976,185,118,172,1,20251021_121107
1761041390.988623,3491035,893704960,893.70496,188,123,173,1,20251021_121107
1761041390.9986064,3491074,893714944,893.714944,192,125,174,1,20251021_121107
1761041391.0085905,3491113,893724928,893.724928,195,126,174,1,20251021_121107
1761041391.0185745,3491152,893734912,893.734912,198,126,173,1,20251021_121107
1761041391.0285585,3491191,893744896,893.744896,201,126,174,1,20251021_121107
1761041391.0385425,3491230,893754880,893.75488,204,127,174,1,20251021_121107
1761041391.0485263,3491269,893764864,893.764864,207,126,173,1,20251021_121107
1761041391.0587666,3491309,893775104,893.775104,211,126,173,1,20251021_121107
1761041391.0687506,3491348,893785088,893.785088,214,127,173,1,20251021_121107
1761041391.0787346,3491387,893795072,893.795072,217,126,174,1,20251021_121107
1761041391.088719,3491426,893805056,893.805056,220,126,173,1,20251021_121107
1761041391.098703,3491465,893815040,893.81504,223,126,174,1,20251021_121107
1761041391.1086864,3491504,893825024,893.825024,227,127,174,1,20251021_121107
1761041391.1186705,3491543,893835008,893.835008,230,127,175,1,20251021_121107
1761041391.1286545,3491582,893844992,893.844992,233,126,172,1,20251021_121107
1761041391.1386385,3491621,893854976,893.854976,236,127,174,1,20251021_121107
1761041391.1486225,3491660,893864960,893.86496,239,126,173,1,20251021_121107
1761041391.1586063,3491699,893874944,893.874944,243,127,173,1,20251021_121107
1761041391.1685903,3491738,893884928,893.884928,246,126,173,1,20251021_121107
1761041391.1785746,3491777,893894912,893.894912,249,127,174,1,20251021_121107
1761041391.1885586,3491816,893904896,893.904896,252,127,174,1,20251021_121107
1761041391.198799,3491856,893915136,893.915136,0,126,173,1,20251021_121107
1761041391.208783,3491895,893925120,893.92512,3,127,174,1,20251021_121107
1761041391.2187665,3491934,893935104,893.935104,7,126,173,1,20251021_121107
1761041391.2287505,3491973,893945088,893.945088,10,126,174,1,20251021_121107
1761041391.2387345,3492012,893955072,893.955072,13,125,174,1,20251021_121107
1761041391.2487185,3492051,893965056,893.965056,16,125,174,1,20251021_121107
1761041391.2587025,3492090,893975040,893.97504,19,123,171,1,20251021_121107
1761041391.2686863,3492129,893985024,893.985024,23,123,174,1,20251021_121107
1761041391.2786703,3492168,893995008,893.995008,26,123,174,1,20251021_121107
1761041391.2886546,3492207,894004992,894.004992,29,121,174,1,20251021_121107
1761041391.2986386,3492246,894014976,894.014976,32,121,174,1,20251021_121107
1761041391.3086226,3492285,894024960,894.02496,35,120,174,1,20251021_121107
1761041391.3186066,3492324,894034944,894.034944,39,120,174,1,20251021_121107
1761041391.3285906,3492363,894044928,894.044928,42,120,174,1,20251021_121107
1761041391.3388305,3492403,894055168,894.055168,45,120,174,1,20251021_121107
1761041391.3488145,3492442,894065152,894.065152,48,120,174,1,20251021_121107
1761041391.3587985,3492481,894075136,894.075136,51,120,173,1,20251021_121107
1761041391.3687823,3492520,894085120,894.08512,54,121,174,1,20251021_121107
1761041391.3787663,3492559,894095104,894.095104,58,123,174,1,20251021_121107
1761041391.3887506,3492598,894105088,894.105088,61,122,173,1,20251021_121107
1761041391.3987346,3492637,894115072,894.115072,64,123,173,1,20251021_121107
1761041391.4087186,3492676,894125056,894.125056,67,124,173,1,20251021_121107
1761041391.4187026,3492715,894135040,894.13504,70,124,173,1,20251021_121107
1761041391.4286866,3492754,894145024,894.145024,74,125,173,1,20251021_121107
1761041391.4386706,3492793,894155008,894.155008,77,125,173,1,20251021_121107
1761041391.448655,3492832,894164992,894.164992,80,126,170,1,20251021_121107
1761041391.458639,3492871,894174976,894.174976,83,127,173,1,20251021_121107
1761041391.4686224,3492910,894184960,894.18496,86,128,173,1,20251021_121107
1761041391.4786065,3492949,894194944,894.194944,90,130,174,1,20251021_121107
1761041391.4888463,3492989,894205184,894.205184,93,130,173,1,20251021_121107
1761041391.4988306,3493028,894215168,894.215168,96,132,174,1,20251021_121107
1761041391.5088146,3493067,894225152,894.225152,99,133,174,1,20251021_121107
1761041391.5187986,3493106,894235136,894.235136,102,134,174,1,20251021_121107
1761041391.5287826,3493145,894245120,894.24512,105,131,173,1,20251021_121107
1761041391.5387666,3493184,894255104,894.255104,109,126,174,1,20251021_121107
1761041391.5487506,3493223,894265088,894.265088,112,123,175,1,20251021_121107
1761041391.558735,3493262,894275072,894.275072,115,121,174,1,20251021_121107
1761041391.568719,3493301,894285056,894.285056,118,119,175,1,20251021_121107
1761041391.5787024,3493340,894295040,894.29504,121,118,175,1,20251021_121107
1761041391.5886865,3493379,894305024,894.305024,125,115,174,1,20251021_121107
1761041391.5986705,3493418,894315008,894.315008,128,114,175,1,20251021_121107
1761041391.6086545,3493457,894324992,894.324992,131,113,174,1,20251021_121107
1761041391.6186385,3493496,894334976,894.334976,134,114,174,1,20251021_121107
1761041391.6288786,3493536,894345216,894.345216,137,115,174,1,20251021_121107
1761041391.6388626,3493575,894355200,894.3552,140,117,174,1,20251021_121107
1761041391.6488466,3493614,894365184,894.365184,144,119,175,1,20251021_121107
1761041391.6588306,3493653,894375168,894.375168,147,120,175,1,20251021_121107
1761041391.668815,3493692,894385152,894.385152,150,121,175,1,20251021_121107
1761041391.678799,3493731,894395136,894.395136,153,122,174,1,20251021_121107
1761041391.6887825,3493770,894405120,894.40512,156,124,174,1,20251021_121107
1761041391.6987665,3493809,894415104,894.415104,160,125,175,1,20251021_121107
1761041391.7087505,3493848,894425088,894.425088,163,126,175,1,20251021_121107
1761041391.7187345,3493887,894435072,894.435072,166,128,174,1,20251021_121107
1761041391.7287183,3493926,894445056,894.445056,169,132,174,1,20251021_121107
1761041391.7387023,3493965,894455040,894.45504,172,136,174,1,20251021_121107
1761041391.7486866,3494004,894465024,894.465024,176,141,176,1,20251021_121107
1761041391.7586706,3494043,894475008,894.475008,179,145,175,1,20251021_121107
1761041391.7689106,3494083,894485248,894.485248,182,151,175,1,20251021_121107
1761041391.778895,3494122,894495232,894.495232,185,158,174,1,20251021_121107
1761041391.7888784,3494161,894505216,894.505216,188,164,174,1,20251021_121107
1761041391.7988625,3494200,894515200,894.5152,191,172,176,1,20251021_121107
1761041391.8088465,3494239,894525184,894.525184,195,175,175,1,20251021_121107
1761041391.8188305,3494278,894535168,894.535168,198,175,176,1,20251021_121107
1761041391.8288145,3494317,894545152,894.545152,201,179,176,1,20251021_121107
1761041391.8387983,3494356,894555136,894.555136,204,198,175,1,20251021_121107
1761041391.8487823,3494395,894565120,894.56512,207,198,175,1,20251021_121107
1761041391.8587666,3494434,894575104,894.575104,211,198,177,1,20251021_121107
1761041391.8687506,3494473,894585088,894.585088,214,198,176,1,20251021_121107
1761041391.8787346,3494512,894595072,894.595072,217,197,175,1,20251021_121107
1761041391.8887186,3494551,894605056,894.605056,220,199,176,1,20251021_121107
1761041391.8987026,3494590,894615040,894.61504,223,199,176,1,20251021_121107
1761041391.9086866,3494629,894625024,894.625024,227,198,176,1,20251021_121107
1761041391.9189265,3494669,894635264,894.635264,230,200,174,1,20251021_121107
1761041391.9289105,3494708,894645248,894.645248,233,200,176,1,20251021_121107
1761041391.9388945,3494747,894655232,894.655232,236,199,175,1,20251021_121107
1761041391.9488783,3494786,894665216,894.665216,239,199,176,1,20251021_121107
1761041391.9588623,3494825,894675200,894.6752,242,200,176,1,20251021_121107
1761041391.9688466,3494864,894685184,894.685184,246,199,175,1,20251021_121107
1761041391.9788306,3494903,894695168,894.695168,249,199,176,1,20251021_121107
1761041391.9888146,3494942,894705152,894.705152,252,199,176,1,20251021_121107
1761041391.9987986,3494981,894715136,894.715136,0,199,175,1,20251021_121107
1761041392.0087826,3495020,894725120,894.72512,3,199,176,1,20251021_121107
1761041392.0187666,3495059,894735104,894.735104,7,199,176,1,20251021_121107
1761041392.028751,3495098,894745088,894.745088,10,200,176,1,20251021_121107
1761041392.038735,3495137,894755072,894.755072,13,199,176,1,20251021_121107
1761041392.0487185,3495176,894765056,894.765056,16,200,176,1,20251021_121107
1761041392.0587025,3495215,894775040,894.77504,19,200,176,1,20251021_121107
1761041392.0689423,3495255,894785280,894.78528,22,200,176,1,20251021_121107
1761041392.0789266,3495294,894795264,894.795264,26,200,176,1,20251021_121107
1761041392.0889106,3495333,894805248,894.805248,29,199,176,1,20251021_121107
1761041392.0988946,3495372,894815232,894.815232,32,200,176,1,20251021_121107
1761041392.1088786,3495411,894825216,894.825216,35,200,176,1,20251021_121107
1761041392.1188626,3495450,894835200,894.8352,38,199,175,1,20251021_121107
1761041392.1288466,3495489,894845184,894.845184,42,199,175,1,20251021_121107
1761041392.138831,3495528,894855168,894.855168,45,199,172,1,20251021_121107
1761041392.1488144,3495567,894865152,894.865152,48,199,175,1,20251021_121107
1761041392.1587985,3495606,894875136,894.875136,51,198,174,1,20251021_121107
1761041392.1687825,3495645,894885120,894.88512,54,198,173,1,20251021_121107
1761041392.1787665,3495684,894895104,894.895104,58,199,172,1,20251021_121107
1761041392.1887505,3495723,894905088,894.905088,61,198,170,1,20251021_121107
1761041392.1987343,3495762,894915072,894.915072,64,198,169,1,20251021_121107
1761041392.2089746,3495802,894925312,894.925312,67,199,164,1,20251021_121107
1761041392.2189586,3495841,894935296,894.935296,70,199,154,1,20251021_121107
1761041392.2289426,3495880,894945280,894.94528,73,198,146,1,20251021_121107
1761041392.2389266,3495919,894955264,894.955264,77,199,138,1,20251021_121107
1761041392.248911,3495958,894965248,894.965248,80,197,131,1,20251021_121107
1761041392.2588944,3495997,894975232,894.975232,83,198,127,1,20251021_121107
1761041392.2688785,3496036,894985216,894.985216,86,198,120,1,20251021_121107
1761041392.2788625,3496075,894995200,894.9952,89,198,114,1,20251021_121107
1761041392.2888465,3496114,895005184,895.005184,93,198,107,1,20251021_121107
1761041392.2988305,3496153,895015168,895.015168,96,197,108,1,20251021_121107
1761041392.3088143,3496192,895025152,895.025152,99,198,102,1,20251021_121107
1761041392.3187983,3496231,895035136,895.035136,102,196,103,1,20251021_121107
1761041392.3287826,3496270,895045120,895.04512,105,196,105,1,20251021_121107
1761041392.3387666,3496309,895055104,895.055104,109,195,105,1,20251021_121107
1761041392.349007,3496349,895065344,895.065344,112,194,106,1,20251021_121107
1761041392.358991,3496388,895075328,895.075328,115,194,106,1,20251021_121107
1761041392.3689744,3496427,895085312,895.085312,118,193,108,1,20251021_121107
1761041392.3789585,3496466,895095296,895.095296,121,193,106,1,20251021_121107
1761041392.3889425,3496505,895105280,895.10528,124,193,108,1,20251021_121107
1761041392.3989265,3496544,895115264,895.115264,128,192,106,1,20251021_121107
1761041392.4089105,3496583,895125248,895.125248,131,193,107,1,20251021_121107
1761041392.4188943,3496622,895135232,895.135232,134,192,108,1,20251021_121107
1761041392.4288783,3496661,895145216,895.145216,137,191,106,1,20251021_121107
1761041392.4388626,3496700,895155200,895.1552,140,192,106,1,20251021_121107
1761041392.4488466,3496739,895165184,895.165184,144,192,107,1,20251021_121107
1761041392.4588306,3496778,895175168,895.175168,147,192,107,1,20251021_121107
1761041392.4688146,3496817,895185152,895.185152,150,191,107,1,20251021_121107
1761041392.4787986,3496856,895195136,895.195136,153,192,108,1,20251021_121107
1761041392.4887826,3496895,895205120,895.20512,156,192,108,1,20251021_121107
1761041392.4990225,3496935,895215360,895.21536,160,193,110,1,20251021_121107
1761041392.5090065,3496974,895225344,895.225344,163,193,110,1,20251021_121107
1761041392.5189905,3497013,895235328,895.235328,166,193,111,1,20251021_121107
1761041392.5289743,3497052,895245312,895.245312,169,193,112,1,20251021_121107
1761041392.5389583,3497091,895255296,895.255296,172,193,113,1,20251021_121107
1761041392.5489426,3497130,895265280,895.26528,175,194,116,1,20251021_121107
1761041392.5589266,3497169,895275264,895.275264,179,195,122,1,20251021_121107
1761041392.5689106,3497208,895285248,895.285248,182,195,127,1,20251021_121107
1761041392.5788946,3497247,895295232,895.295232,185,196,133,1,20251021_121107
1761041392.5888786,3497286,895305216,895.305216,188,195,139,1,20251021_121107
1761041392.5988626,3497325,895315200,895.3152,191,196,141,1,20251021_121107
1761041392.608847,3497364,895325184,895.325184,195,196,147,1,20251021_121107
1761041392.6188304,3497403,895335168,895.335168,198,196,157,1,20251021_121107
1761041392.6288145,3497442,895345152,895.345152,201,197,162,1,20251021_121107
1761041392.6390543,3497482,895355392,895.355392,204,198,163,1,20251021_121107
1761041392.6490386,3497521,895365376,895.365376,207,197,165,1,20251021_121107
1761041392.6590226,3497560,895375360,895.37536,210,198,167,1,20251021_121107
1761041392.6690066,3497599,895385344,895.385344,214,198,167,1,20251021_121107
1761041392.6789906,3497638,895395328,895.395328,217,199,168,1,20251021_121107
1761041392.6889746,3497677,895405312,895.405312,220,198,169,1,20251021_121107
1761041392.6989586,3497716,895415296,895.415296,223,199,170,1,20251021_121107
1761041392.708943,3497755,895425280,895.42528,226,199,170,1,20251021_121107
1761041392.718927,3497794,895435264,895.435264,230,199,170,1,20251021_121107
1761041392.7289104,3497833,895445248,895.445248,233,198,169,1,20251021_121107
1761041392.7388945,3497872,895455232,895.455232,236,199,171,1,20251021_121107
1761041392.7488785,3497911,895465216,895.465216,239,198,170,1,20251021_121107
1761041392.7588625,3497950,895475200,895.4752,242,199,171,1,20251021_121107
1761041392.7688465,3497989,895485184,895.485184,246,199,170,1,20251021_121107
1761041392.7790866,3498029,895495424,895.495424,249,199,170,1,20251021_121107
1761041392.7890706,3498068,895505408,895.505408,252,199,172,1,20251021_121107
1761041392.7990546,3498107,895515392,895.515392,0,200,172,1,20251021_121107
1761041392.8090386,3498146,895525376,895.525376,3,200,172,1,20251021_121107
1761041392.819023,3498185,895535360,895.53536,6,200,171,1,20251021_121107
1761041392.829007,3498224,895545344,895.545344,10,200,171,1,20251021_121107
1761041392.8389904,3498263,895555328,895.555328,13,199,170,1,20251021_121107
1761041392.8489745,3498302,895565312,895.565312,16,199,170,1,20251021_121107
1761041392.8589585,3498341,895575296,895.575296,19,200,171,1,20251021_121107
1761041392.8689425,3498380,895585280,895.58528,22,199,171,1,20251021_121107
1761041392.8789265,3498419,895595264,895.595264,26,200,171,1,20251021_121107
1761041392.8889103,3498458,895605248,895.605248,29,200,171,1,20251021_121107
1761041392.8988943,3498497,895615232,895.615232,32,199,170,1,20251021_121107
1761041392.9088786,3498536,895625216,895.625216,35,200,169,1,20251021_121107
1761041392.9188626,3498575,895635200,895.6352,38,199,170,1,20251021_121107
1761041392.929103,3498615,895645440,895.64544,42,200,169,1,20251021_121107
1761041392.939087,3498654,895655424,895.655424,45,199,166,1,20251021_121107
1761041392.9490705,3498693,895665408,895.665408,48,200,164,1,20251021_121107
1761041392.9590545,3498732,895675392,895.675392,51,200,156,1,20251021_121107
1761041392.9690385,3498771,895685376,895.685376,54,200,146,1,20251021_121107
1761041392.9790225,3498810,895695360,895.69536,57,200,133,1,20251021_121107
1761041392.9890063,3498849,895705344,895.705344,61,200,124,1,20251021_121107
1761041392.9989903,3498888,895715328,895.715328,64,200,113,1,20251021_121107
1761041393.0089746,3498927,895725312,895.725312,67,200,107,1,20251021_121107
1761041393.0189586,3498966,895735296,895.735296,70,199,101,1,20251021_121107
1761041393.0289426,3499005,895745280,895.74528,73,199,99,1,20251021_121107
1761041393.0389266,3499044,895755264,895.755264,77,199,99,1,20251021_121107
1761041393.0489106,3499083,895765248,895.765248,80,199,99,1,20251021_121107
1761041393.0588946,3499122,895775232,895.775232,83,199,101,1,20251021_121107
1761041393.0691345,3499162,895785472,895.785472,86,199,101,1,20251021_121107
1761041393.0791185,3499201,895795456,895.795456,89,199,101,1,20251021_121107
1761041393.0891025,3499240,895805440,895.80544,93,198,100,1,20251021_121107
1761041393.0990863,3499279,895815424,895.815424,96,198,101,1,20251021_121107
1761041393.1090703,3499318,895825408,895.825408,99,197,103,1,20251021_121107
1761041393.1190546,3499357,895835392,895.835392,102,197,101,1,20251021_121107
1761041393.1290386,3499396,895845376,895.845376,105,197,104,1,20251021_121107
1761041393.1390226,3499435,895855360,895.85536,108,197,104,1,20251021_121107
1761041393.1490066,3499474,895865344,895.865344,112,197,105,1,20251021_121107
1761041393.1589906,3499513,895875328,895.875328,115,196,107,1,20251021_121107
1761041393.1689746,3499552,895885312,895.885312,118,197,107,1,20251021_121107
1761041393.178959,3499591,895895296,895.895296,121,197,107,1,20251021_121107
1761041393.188943,3499630,895905280,895.90528,124,196,104,1,20251021_121107
1761041393.1989264,3499669,895915264,895.915264,128,196,106,1,20251021_121107
1761041393.2089105,3499708,895925248,895.925248,131,196,108,1,20251021_121107
1761041393.2191503,3499748,895935488,895.935488,134,196,109,1,20251021_121107
1761041393.2291346,3499787,895945472,895.945472,137,196,110,1,20251021_121107
1761041393.2391186,3499826,895955456,895.955456,140,197,112,1,20251021_121107
1761041393.2491026,3499865,895965440,895.96544,143,196,109,1,20251021_121107
1761041393.2590866,3499904,895975424,895.975424,147,196,111,1,20251021_121107
1761041393.2690706,3499943,895985408,895.985408,150,196,110,1,20251021_121107
1761041393.2790546,3499982,895995392,895.995392,153,195,112,1,20251021_121107
1761041393.289039,3500021,896005376,896.005376,156,195,112,1,20251021_121107
1761041393.299023,3500060,896015360,896.01536,159,195,117,1,20251021_121107
1761041393.3090065,3500099,896025344,896.025344,163,196,122,1,20251021_121107
1761041393.3189905,3500138,896035328,896.035328,166,196,127,1,20251021_121107
1761041393.3289745,3500177,896045312,896.045312,169,196,133,1,20251021_121107
1761041393.3389585,3500216,896055296,896.055296,172,197,137,1,20251021_121107
1761041393.3489425,3500255,896065280,896.06528,175,197,141,1,20251021_121107
1761041393.3591826,3500295,896075520,896.07552,179,197,146,1,20251021_121107
1761041393.3691666,3500334,896085504,896.085504,182,197,151,1,20251021_121107
1761041393.3791506,3500373,896095488,896.095488,185,196,155,1,20251021_121107
1761041393.3891346,3500412,896105472,896.105472,188,197,160,1,20251021_121107
1761041393.399119,3500451,896115456,896.115456,191,197,165,1,20251021_121107
1761041393.4091024,3500490,896125440,896.12544,194,197,166,1,20251021_121107
1761041393.4190865,3500529,896135424,896.135424,198,198,166,1,20251021_121107
1761041393.4290705,3500568,896145408,896.145408,201,198,167,1,20251021_121107
1761041393.4390545,3500607,896155392,896.155392,204,198,167,1,20251021_121107
1761041393.4490385,3500646,896165376,896.165376,207,198,168,1,20251021_121107
1761041393.4590223,3500685,896175360,896.17536,210,198,168,1,20251021_121107
1761041393.4690063,3500724,896185344,896.185344,214,199,168,1,20251021_121107
1761041393.4789906,3500763,896195328,896.195328,217,199,169,1,20251021_121107
1761041393.4889746,3500802,896205312,896.205312,220,199,169,1,20251021_121107
1761041393.4989586,3500841,896215296,896.215296,223,200,170,1,20251021_121107
1761041393.509199,3500881,896225536,896.225536,226,199,169,1,20251021_121107
1761041393.5191824,3500920,896235520,896.23552,230,199,170,1,20251021_121107
1761041393.5291665,3500959,896245504,896.245504,233,200,169,1,20251021_121107
1761041393.5391505,3500998,896255488,896.255488,236,200,169,1,20251021_121107
1761041393.5491345,3501037,896265472,896.265472,239,200,169,1,20251021_121107
1761041393.5591185,3501076,896275456,896.275456,242,199,169,1,20251021_121107
1761041393.5691023,3501115,896285440,896.28544,245,200,169,1,20251021_121107
1761041393.5790863,3501154,896295424,896.295424,249,200,170,1,20251021_121107
1761041393.5890706,3501193,896305408,896.305408,252,199,169,1,20251021_121107
1761041393.5990546,3501232,896315392,896.315392,0,200,169,1,20251021_121107
1761041393.6090386,3501271,896325376,896.325376,3,200,169,1,20251021_121107
1761041393.6190226,3501310,896335360,896.33536,6,200,168,1,20251021_121107
1761041393.6290066,3501349,896345344,896.345344,10,201,169,1,20251021_121107
1761041393.6389906,3501388,896355328,896.355328,13,200,168,1,20251021_121107
1761041393.6492305,3501428,896365568,896.365568,16,200,167,1,20251021_121107
1761041393.6592145,3501467,896375552,896.375552,19,200,167,1,20251021_121107
1761041393.6691985,3501506,896385536,896.385536,22,200,166,1,20251021_121107
1761041393.6791823,3501545,896395520,896.39552,26,200,164,1,20251021_121107
1761041393.6891663,3501584,896405504,896.405504,29,200,162,1,20251021_121107
1761041393.6991506,3501623,896415488,896.415488,32,199,160,1,20251021_121107
1761041393.7091346,3501662,896425472,896.425472,35,200,157,1,20251021_121107
1761041393.7191186,3501701,896435456,896.435456,38,201,152,1,20251021_121107
1761041393.7291026,3501740,896445440,896.44544,41,200,139,1,20251021_121107
1761041393.7390866,3501779,896455424,896.455424,45,200,127,1,20251021_121107
1761041393.7490706,3501818,896465408,896.465408,48,200,121,1,20251021_121107
1761041393.759055,3501857,896475392,896.475392,51,200,115,1,20251021_121107
1761041393.7690384,3501896,896485376,896.485376,54,200,109,1,20251021_121107
1761041393.7790225,3501935,896495360,896.49536,57,200,105,1,20251021_121107
1761041393.7890065,3501974,896505344,896.505344,61,200,102,1,20251021_121107
1761041393.7992463,3502014,896515584,896.515584,64,200,100,1,20251021_121107
1761041393.8092306,3502053,896525568,896.525568,67,200,99,1,20251021_121107
1761041393.8192146,3502092,896535552,896.535552,70,200,100,1,20251021_121107
1761041393.8291986,3502131,896545536,896.545536,73,199,100,1,20251021_121107
1761041393.8391826,3502170,896555520,896.55552,77,199,100,1,20251021_121107
1761041393.8491666,3502209,896565504,896.565504,80,199,100,1,20251021_121107
1761041393.8591506,3502248,896575488,896.575488,83,199,99,1,20251021_121107
1761041393.869135,3502287,896585472,896.585472,86,198,100,1,20251021_121107
1761041393.8791184,3502326,896595456,896.595456,89,199,99,1,20251021_121107
1761041393.8891025,3502365,896605440,896.60544,92,199,100,1,20251021_121107
1761041393.8990865,3502404,896615424,896.615424,96,199,99,1,20251021_121107
1761041393.9090705,3502443,896625408,896.625408,99,199,101,1,20251021_121107
1761041393.9190545,3502482,896635392,896.635392,102,198,98,1,20251021_121107
1761041393.9292946,3502522,896645632,896.645632,105,198,100,1,20251021_121107
1761041393.9392786,3502561,896655616,896.655616,108,198,99,1,20251021_121107
1761041393.9492626,3502600,896665600,896.6656,112,198,101,1,20251021_121107
1761041393.9592466,3502639,896675584,896.675584,115,197,98,1,20251021_121107
1761041393.969231,3502678,896685568,896.685568,118,198,99,1,20251021_121107
1761041393.979215,3502717,896695552,896.695552,121,198,98,1,20251021_121107
1761041393.9891984,3502756,896705536,896.705536,124,197,100,1,20251021_121107
1761041393.9994383,3502796,896715776,896.715776,128,196,99,1,20251021_121107
1761041394.0094223,3502835,896725760,896.72576,131,197,100,1,20251021_121107
1761041394.0194066,3502874,896735744,896.735744,134,197,101,1,20251021_121107
1761041394.0293906,3502913,896745728,896.745728,137,198,101,1,20251021_121107
1761041394.0393746,3502952,896755712,896.755712,140,197,100,1,20251021_121107
1761041394.0493586,3502991,896765696,896.765696,143,197,101,1,20251021_121107
1761041394.0593426,3503030,896775680,896.77568,147,197,102,1,20251021_121107
1761041394.0695825,3503070,896785920,896.78592,150,197,101,1,20251021_121107
1761041394.0795665,3503109,896795904,896.795904,153,197,103,1,20251021_121107
1761041394.0895505,3503148,896805888,896.805888,156,197,103,1,20251021_121107
1761041394.0995345,3503187,896815872,896.815872,159,197,104,1,20251021_121107
1761041394.1095183,3503226,896825856,896.825856,163,197,106,1,20251021_121107
1761041394.1195023,3503265,896835840,896.83584,166,197,107,1,20251021_121107
1761041394.1294866,3503304,896845824,896.845824,169,197,110,1,20251021_121107
1761041394.1394706,3503343,896855808,896.855808,172,197,113,1,20251021_121107
1761041394.149711,3503383,896866048,896.866048,175,198,118,1,20251021_121107
1761041394.159695,3503422,896876032,896.876032,179,198,125,1,20251021_121107
1761041394.1696784,3503461,896886016,896.886016,182,198,131,1,20251021_121107
1761041394.1796625,3503500,896896000,896.896,185,198,138,1,20251021_121107
1761041394.1896465,3503539,896905984,896.905984,188,198,145,1,20251021_121107
1761041394.1996305,3503578,896915968,896.915968,191,198,150,1,20251021_121107
1761041394.2096145,3503617,896925952,896.925952,195,198,157,1,20251021_121107
1761041394.2195983,3503656,896935936,896.935936,198,198,161,1,20251021_121107
1761041394.2295823,3503695,896945920,896.94592,201,199,163,1,20251021_121107
1761041394.2395666,3503734,896955904,896.955904,204,199,163,1,20251021_121107
1761041394.2495506,3503773,896965888,896.965888,207,199,165,1,20251021_121107
1761041394.259791,3503813,896976128,896.976128,210,199,166,1,20251021_121107
1761041394.269775,3503852,896986112,896.986112,214,199,165,1,20251021_121107
1761041394.2797585,3503891,896996096,896.996096,217,199,166,1,20251021_121107
1761041394.2897425,3503930,897006080,897.00608,220,200,167,1,20251021_121107
1761041394.2997265,3503969,897016064,897.016064,223,199,168,1,20251021_121107
1761041394.3097105,3504008,897026048,897.026048,226,200,167,1,20251021_121107
1761041394.3196945,3504047,897036032,897.036032,230,200,167,1,20251021_121107
1761041394.3296783,3504086,897046016,897.046016,233,200,168,1,20251021_121107
1761041394.3396626,3504125,897056000,897.056,236,200,167,1,20251021_121107
1761041394.3496466,3504164,897065984,897.065984,239,200,168,1,20251021_121107
1761041394.3596306,3504203,897075968,897.075968,242,199,165,1,20251021_121107
1761041394.3696146,3504242,897085952,897.085952,246,199,167,1,20251021_121107
1761041394.3795986,3504281,897095936,897.095936,249,200,168,1,20251021_121107
1761041394.3895826,3504320,897105920,897.10592,252,200,168,1,20251021_121107
1761041394.399567,3504359,897115904,897.115904,0,200,169,1,20251021_121107
1761041394.4098065,3504399,897126144,897.126144,3,200,169,1,20251021_121107
1761041394.4197905,3504438,897136128,897.136128,6,200,169,1,20251021_121107
1761041394.4297743,3504477,897146112,897.146112,10,200,169,1,20251021_121107
1761041394.4397583,3504516,897156096,897.156096,13,200,168,1,20251021_121107
1761041394.4497426,3504555,897166080,897.16608,16,200,169,1,20251021_121107
1761041394.4597266,3504594,897176064,897.176064,19,200,169,1,20251021_121107
1761041394.4697106,3504633,897186048,897.186048,22,200,167,1,20251021_121107
1761041394.4796946,3504672,897196032,897.196032,26,200,166,1,20251021_121107
1761041394.4896786,3504711,897206016,897.206016,29,200,165,1,20251021_121107
1761041394.4996626,3504750,897216000,897.216,32,200,166,1,20251021_121107
1761041394.509647,3504789,897225984,897.225984,35,200,163,1,20251021_121107
1761041394.519631,3504828,897235968,897.235968,38,199,160,1,20251021_121107
1761041394.5296144,3504867,897245952,897.245952,42,200,159,1,20251021_121107
1761041394.5395985,3504906,897255936,897.255936,45,200,149,1,20251021_121107
1761041394.5498383,3504946,897266176,897.266176,48,200,143,1,20251021_121107
1761041394.5598226,3504985,897276160,897.27616,51,200,130,1,20251021_121107
1761041394.5698066,3505024,897286144,897.286144,54,200,125,1,20251021_121107
1761041394.5797906,3505063,897296128,897.296128,57,200,117,1,20251021_121107
1761041394.5897746,3505102,897306112,897.306112,61,200,111,1,20251021_121107
1761041394.5997586,3505141,897316096,897.316096,64,199,106,1,20251021_121107
1761041394.6097426,3505180,897326080,897.32608,67,201,103,1,20251021_121107
1761041394.619727,3505219,897336064,897.336064,70,200,100,1,20251021_121107
1761041394.629711,3505258,897346048,897.346048,73,200,98,1,20251021_121107
1761041394.6396945,3505297,897356032,897.356032,77,199,98,1,20251021_121107
1761041394.6496785,3505336,897366016,897.366016,80,199,99,1,20251021_121107
1761041394.6596625,3505375,897376000,897.376,83,199,99,1,20251021_121107
1761041394.6696465,3505414,897385984,897.385984,86,199,97,1,20251021_121107
1761041394.6796305,3505453,897395968,897.395968,89,198,98,1,20251021_121107
1761041394.6896143,3505492,897405952,897.405952,92,199,99,1,20251021_121107
1761041394.6998546,3505532,897416192,897.416192,96,198,98,1,20251021_121107
1761041394.7098386,3505571,897426176,897.426176,99,199,97,1,20251021_121107
1761041394.7198226,3505610,897436160,897.43616,102,199,98,1,20251021_121107
1761041394.729807,3505649,897446144,897.446144,105,198,99,1,20251021_121107
1761041394.7397904,3505688,897456128,897.456128,108,198,99,1,20251021_121107
1761041394.7497745,3505727,897466112,897.466112,112,198,100,1,20251021_121107
1761041394.7597585,3505766,897476096,897.476096,115,198,100,1,20251021_121107
1761041394.7697425,3505805,897486080,897.48608,118,198,100,1,20251021_121107
1761041394.7797265,3505844,897496064,897.496064,121,198,99,1,20251021_121107
1761041394.7897103,3505883,897506048,897.506048,124,197,99,1,20251021_121107
1761041394.7996943,3505922,897516032,897.516032,128,198,98,1,20251021_121107
1761041394.8096786,3505961,897526016,897.526016,131,197,99,1,20251021_121107
1761041394.8196626,3506000,897536000,897.536,134,197,100,1,20251021_121107
1761041394.8296466,3506039,897545984,897.545984,137,198,101,1,20251021_121107
1761041394.839887,3506079,897556224,897.556224,140,198,101,1,20251021_121107
1761041394.8498704,3506118,897566208,897.566208,143,197,101,1,20251021_121107
1761041394.8598545,3506157,897576192,897.576192,147,197,102,1,20251021_121107
1761041394.8698385,3506196,897586176,897.586176,150,197,103,1,20251021_121107
1761041394.8798225,3506235,897596160,897.59616,153,197,104,1,20251021_121107
1761041394.8898065,3506274,897606144,897.606144,156,197,106,1,20251021_121107
1761041394.8997903,3506313,897616128,897.616128,159,197,108,1,20251021_121107
1761041394.9097743,3506352,897626112,897.626112,163,198,111,1,20251021_121107
1761041394.9197586,3506391,897636096,897.636096,166,198,115,1,20251021_121107
1761041394.9297426,3506430,897646080,897.64608,169,198,119,1,20251021_121107
1761041394.9397266,3506469,897656064,897.656064,172,199,125,1,20251021_121107
1761041394.9497106,3506508,897666048,897.666048,175,199,131,1,20251021_121107
1761041394.9596946,3506547,897676032,897.676032,179,198,135,1,20251021_121107
1761041394.9696786,3506586,897686016,897.686016,182,198,140,1,20251021_121107
1761041394.979663,3506625,897696000,897.696,185,199,146,1,20251021_121107
1761041394.9899025,3506665,897706240,897.70624,188,198,151,1,20251021_121107
1761041394.9998865,3506704,897716224,897.716224,191,199,156,1,20251021_121107
1761041395.0098703,3506743,897726208,897.726208,194,199,161,1,20251021_121107
1761041395.0198543,3506782,897736192,897.736192,198,200,163,1,20251021_121107
1761041395.0298386,3506821,897746176,897.746176,201,198,162,1,20251021_121107
1761041395.0398226,3506860,897756160,897.75616,204,199,162,1,20251021_121107
1761041395.0498066,3506899,897766144,897.766144,207,198,163,1,20251021_121107
1761041395.0597906,3506938,897776128,897.776128,210,199,164,1,20251021_121107
1761041395.0697746,3506977,897786112,897.786112,214,198,165,1,20251021_121107
1761041395.0797586,3507016,897796096,897.796096,217,199,167,1,20251021_121107
1761041395.089743,3507055,897806080,897.80608,220,199,166,1,20251021_121107
1761041395.0997264,3507094,897816064,897.816064,223,199,165,1,20251021_121107
1761041395.1097105,3507133,897826048,897.826048,226,200,167,1,20251021_121107
1761041395.1196945,3507172,897836032,897.836032,230,200,166,1,20251021_121107
1761041395.1296785,3507211,897846016,897.846016,233,199,165,1,20251021_121107
1761041395.1399186,3507251,897856256,897.856256,236,200,167,1,20251021_121107
1761041395.1499026,3507290,897866240,897.86624,239,200,167,1,20251021_121107
1761041395.1598866,3507329,897876224,897.876224,242,200,167,1,20251021_121107
1761041395.1698706,3507368,897886208,897.886208,245,200,167,1,20251021_121107
1761041395.1798546,3507407,897896192,897.896192,249,200,167,1,20251021_121107
1761041395.1898386,3507446,897906176,897.906176,252,200,167,1,20251021_121107
1761041395.199823,3507485,897916160,897.91616,0,200,168,1,20251021_121107
1761041395.2098064,3507524,897926144,897.926144,3,200,166,1,20251021_121107
1761041395.2197905,3507563,897936128,897.936128,6,200,167,1,20251021_121107
1761041395.2297745,3507602,897946112,897.946112,10,200,168,1,20251021_121107
1761041395.2397585,3507641,897956096,897.956096,13,200,167,1,20251021_121107
1761041395.2497425,3507680,897966080,897.96608,16,200,168,1,20251021_121107
1761041395.2597263,3507719,897976064,897.976064,19,200,167,1,20251021_121107
1761041395.2697103,3507758,897986048,897.986048,22,200,167,1,20251021_121107
1761041395.2799506,3507798,897996288,897.996288,25,200,166,1,20251021_121107
1761041395.2899346,3507837,898006272,898.006272,29,201,166,1,20251021_121107
1761041395.299919,3507876,898016256,898.016256,32,202,165,1,20251021_121107
1761041395.309903,3507915,898026240,898.02624,35,200,162,1,20251021_121107
1761041395.3198864,3507954,898036224,898.036224,38,200,162,1,20251021_121107
1761041395.3298705,3507993,898046208,898.046208,41,200,159,1,20251021_121107
1761041395.3398545,3508032,898056192,898.056192,45,200,156,1,20251021_121107
1761041395.3498385,3508071,898066176,898.066176,48,200,152,1,20251021_121107
1761041395.3598225,3508110,898076160,898.07616,51,200,142,1,20251021_121107
1761041395.3698063,3508149,898086144,898.086144,54,199,131,1,20251021_121107
1761041395.3800466,3508189,898096384,898.096384,57,199,125,1,20251021_121107
1761041395.3900306,3508228,898106368,898.106368,61,200,120,1,20251021_121107
1761041395.4000146,3508267,898116352,898.116352,64,200,115,1,20251021_121107
1761041395.409999,3508306,898126336,898.126336,67,200,111,1,20251021_121107
1761041395.419983,3508345,898136320,898.13632,70,199,106,1,20251021_121107
1761041395.4299664,3508384,898146304,898.146304,73,199,104,1,20251021_121107
1761041395.4399505,3508423,898156288,898.156288,76,199,101,1,20251021_121107
1761041395.4499345,3508462,898166272,898.166272,80,199,99,1,20251021_121107
1761041395.4599185,3508501,898176256,898.176256,83,199,100,1,20251021_121107
1761041395.4699025,3508540,898186240,898.18624,86,199,99,1,20251021_121107
1761041395.4798863,3508579,898196224,898.196224,89,199,99,1,20251021_121107
1761041395.4898703,3508618,898206208,898.206208,93,199,98,1,20251021_121107
1761041395.4998546,3508657,898216192,898.216192,96,198,97,1,20251021_121107
1761041395.5098386,3508696,898226176,898.226176,100,199,99,1,20251021_121107
1761041395.5198226,3508735,898236160,898.23616,103,199,99,1,20251021_121107
1761041395.530063,3508775,898246400,898.2464,107,198,100,1,20251021_121107
1761041395.5400465,3508814,898256384,898.256384,110,198,100,1,20251021_121107
1761041395.5500305,3508853,898266368,898.266368,113,198,102,1,20251021_121107
1761041395.5600145,3508892,898276352,898.276352,116,198,99,1,20251021_121107
1761041395.5699985,3508931,898286336,898.286336,119,198,101,1,20251021_121107
1761041395.5799825,3508970,898296320,898.29632,122,198,101,1,20251021_121107
1761041395.5899663,3509009,898306304,898.306304,125,198,101,1,20251021_121107
1761041395.5999506,3509048,898316288,898.316288,128,197,101,1,20251021_121107
1761041395.6099346,3509087,898326272,898.326272,131,198,100,1,20251021_121107
1761041395.6199186,3509126,898336256,898.336256,134,197,104,1,20251021_121107
1761041395.6299026,3509165,898346240,898.34624,137,198,104,1,20251021_121107
1761041395.6398866,3509204,898356224,898.356224,140,198,106,1,20251021_121107
1761041395.6498706,3509243,898366208,898.366208,143,198,107,1,20251021_121107
1761041395.659855,3509282,898376192,898.376192,145,198,108,1,20251021_121107
1761041395.6700945,3509322,898386432,898.386432,148,198,113,1,20251021_121107
1761041395.6800785,3509361,898396416,898.396416,151,198,116,1,20251021_121107
1761041395.6900623,3509400,898406400,898.4064,154,198,121,1,20251021_121107
1761041395.7000463,3509439,898416384,898.416384,157,198,127,1,20251021_121107
1761041395.7100306,3509478,898426368,898.426368,160,198,133,1,20251021_121107
1761041395.7200146,3509517,898436352,898.436352,163,198,139,1,20251021_121107
1761041395.7299986,3509556,898446336,898.446336,167,198,142,1,20251021_121107
1761041395.7399826,3509595,898456320,898.45632,170,198,150,1,20251021_121107
1761041395.7499666,3509634,898466304,898.466304,174,198,156,1,20251021_121107
1761041395.7599506,3509673,898476288,898.476288,178,198,160,1,20251021_121107
1761041395.769935,3509712,898486272,898.486272,182,198,162,1,20251021_121107
1761041395.779919,3509751,898496256,898.496256,185,198,162,1,20251021_121107
1761041395.7899024,3509790,898506240,898.50624,189,198,164,1,20251021_121107
1761041395.7998865,3509829,898516224,898.516224,193,199,164,1,20251021_121107
1761041395.8098705,3509868,898526208,898.526208,197,198,164,1,20251021_121107
1761041395.8201106,3509908,898536448,898.536448,201,198,164,1,20251021_121107
1761041395.8300946,3509947,898546432,898.546432,205,198,164,1,20251021_121107
1761041395.8400786,3509986,898556416,898.556416,208,199,166,1,20251021_121107
1761041395.8500626,3510025,898566400,898.5664,212,198,165,1,20251021_121107
1761041395.8600466,3510064,898576384,898.576384,216,199,166,1,20251021_121107
1761041395.8700306,3510103,898586368,898.586368,219,198,166,1,20251021_121107
1761041395.880015,3510142,898596352,898.596352,223,199,166,1,20251021_121107
1761041395.889999,3510181,898606336,898.606336,227,199,167,1,20251021_121107
1761041395.8999825,3510220,898616320,898.61632,230,200,167,1,20251021_121107
1761041395.9099665,3510259,898626304,898.626304,233,200,167,1,20251021_121107
1761041395.9199505,3510298,898636288,898.636288,237,200,167,1,20251021_121107
1761041395.9299345,3510337,898646272,898.646272,240,199,165,1,20251021_121107
1761041395.9399185,3510376,898656256,898.656256,243,200,168,1,20251021_121107
1761041395.9499023,3510415,898666240,898.66624,246,200,168,1,20251021_121107
1761041395.9598866,3510454,898676224,898.676224,249,200,168,1,20251021_121107
1761041395.9701266,3510494,898686464,898.686464,252,200,167,1,20251021_121107
1761041395.9801106,3510533,898696448,898.696448,0,200,167,1,20251021_121107
1761041395.990095,3510572,898706432,898.706432,3,199,164,1,20251021_121107
1761041396.0000784,3510611,898716416,898.716416,6,200,166,1,20251021_121107
1761041396.0100625,3510650,898726400,898.7264,9,200,167,1,20251021_121107
1761041396.0200465,3510689,898736384,898.736384,12,200,165,1,20251021_121107
1761041396.0300305,3510728,898746368,898.746368,14,200,164,1,20251021_121107
1761041396.0400145,3510767,898756352,898.756352,17,200,166,1,20251021_121107
1761041396.0499983,3510806,898766336,898.766336,20,200,164,1,20251021_121107
1761041396.0599823,3510845,898776320,898.77632,22,200,159,1,20251021_121107
1761041396.0699666,3510884,898786304,898.786304,25,200,157,1,20251021_121107
1761041396.0799506,3510923,898796288,898.796288,28,200,155,1,20251021_121107
1761041396.0899346,3510962,898806272,898.806272,31,200,151,1,20251021_121107
1761041396.0999186,3511001,898816256,898.816256,34,200,143,1,20251021_121107
1761041396.1101584,3511041,898826496,898.826496,37,200,136,1,20251021_121107
1761041396.1201425,3511080,898836480,898.83648,40,200,128,1,20251021_121107
1761041396.1301265,3511119,898846464,898.846464,43,200,124,1,20251021_121107
1761041396.1401105,3511158,898856448,898.856448,47,199,117,1,20251021_121107
1761041396.1500945,3511197,898866432,898.866432,50,200,112,1,20251021_121107
1761041396.1600783,3511236,898876416,898.876416,54,199,108,1,20251021_121107
1761041396.1700623,3511275,898886400,898.8864,58,200,104,1,20251021_121107
1761041396.1800466,3511314,898896384,898.896384,62,200,100,1,20251021_121107
1761041396.1900306,3511353,898906368,898.906368,66,200,98,1,20251021_121107
1761041396.2000146,3511392,898916352,898.916352,70,199,99,1,20251021_121107
1761041396.2099986,3511431,898926336,898.926336,74,199,99,1,20251021_121107
1761041396.2199826,3511470,898936320,898.93632,77,199,97,1,20251021_121107
1761041396.2299666,3511509,898946304,898.946304,81,199,97,1,20251021_121107
1761041396.239951,3511548,898956288,898.956288,85,199,98,1,20251021_121107
1761041396.2501905,3511588,898966528,898.966528,89,200,99,1,20251021_121107
1761041396.2601745,3511627,898976512,898.976512,92,199,98,1,20251021_121107
1761041396.2701583,3511666,898986496,898.986496,96,199,98,1,20251021_121107
1761041396.2801423,3511705,898996480,898.99648,99,198,97,1,20251021_121107
1761041396.2901266,3511744,899006464,899.006464,103,198,99,1,20251021_121107
1761041396.3001106,3511783,899016448,899.016448,106,198,98,1,20251021_121107
1761041396.3100946,3511822,899026432,899.026432,110,198,99,1,20251021_121107
1761041396.3200786,3511861,899036416,899.036416,113,198,98,1,20251021_121107
1761041396.3300626,3511900,899046400,899.0464,116,198,98,1,20251021_121107
1761041396.3400466,3511939,899056384,899.056384,119,198,99,1,20251021_121107
1761041396.350031,3511978,899066368,899.066368,122,198,100,1,20251021_121107
1761041396.3600144,3512017,899076352,899.076352,125,198,98,1,20251021_121107
1761041396.3699985,3512056,899086336,899.086336,128,198,98,1,20251021_121107
1761041396.3799825,3512095,899096320,899.09632,131,198,98,1,20251021_121107
1761041396.3899665,3512134,899106304,899.106304,134,198,99,1,20251021_121107
1761041396.4002066,3512174,899116544,899.116544,137,198,100,1,20251021_121107
1761041396.4101906,3512213,899126528,899.126528,139,198,101,1,20251021_121107
1761041396.4201746,3512252,899136512,899.136512,142,198,100,1,20251021_121107
1761041396.4301586,3512291,899146496,899.146496,145,199,104,1,20251021_121107
1761041396.4401426,3512330,899156480,899.15648,148,198,105,1,20251021_121107
1761041396.4501266,3512369,899166464,899.166464,150,198,108,1,20251021_121107
1761041396.460111,3512408,899176448,899.176448,153,198,111,1,20251021_121107
1761041396.4700944,3512447,899186432,899.186432,156,199,116,1,20251021_121107
1761041396.4800785,3512486,899196416,899.196416,159,198,122,1,20251021_121107
1761041396.4900625,3512525,899206400,899.2064,162,199,128,1,20251021_121107
1761041396.5000465,3512564,899216384,899.216384,165,199,132,1,20251021_121107
1761041396.5100305,3512603,899226368,899.226368,168,198,139,1,20251021_121107
1761041396.5200143,3512642,899236352,899.236352,172,198,146,1,20251021_121107
1761041396.5299983,3512681,899246336,899.246336,175,198,153,1,20251021_121107
1761041396.5399826,3512720,899256320,899.25632,179,198,159,1,20251021_121107
1761041396.5502226,3512760,899266560,899.26656,183,198,161,1,20251021_121107
1761041396.560207,3512799,899276544,899.276544,187,198,162,1,20251021_121107
1761041396.570191,3512838,899286528,899.286528,191,198,163,1,20251021_121107
1761041396.5801744,3512877,899296512,899.296512,194,198,164,1,20251021_121107
1761041396.5901585,3512916,899306496,899.306496,198,198,164,1,20251021_121107
1761041396.6001425,3512955,899316480,899.31648,202,198,162,1,20251021_121107
1761041396.6101265,3512994,899326464,899.326464,206,199,165,1,20251021_121107
1761041396.6201105,3513033,899336448,899.336448,210,198,165,1,20251021_121107
1761041396.6300943,3513072,899346432,899.346432,213,199,165,1,20251021_121107
1761041396.6400783,3513111,899356416,899.356416,217,199,167,1,20251021_121107
1761041396.6500626,3513150,899366400,899.3664,221,198,165,1,20251021_121107
1761041396.6600466,3513189,899376384,899.376384,224,199,166,1,20251021_121107
1761041396.6700306,3513228,899386368,899.386368,228,200,167,1,20251021_121107
1761041396.6800146,3513267,899396352,899.396352,231,200,168,1,20251021_121107
1761041396.6902544,3513307,899406592,899.406592,235,199,167,1,20251021_121107
1761041396.7002385,3513346,899416576,899.416576,238,200,168,1,20251021_121107
1761041396.7102225,3513385,899426560,899.42656,241,200,168,1,20251021_121107
1761041396.7202065,3513424,899436544,899.436544,244,200,168,1,20251021_121107
1761041396.7301905,3513463,899446528,899.446528,247,200,167,1,20251021_121107
1761041396.7401743,3513502,899456512,899.456512,250,200,167,1,20251021_121107
1761041396.7501583,3513541,899466496,899.466496,253,200,167,1,20251021_121107
1761041396.7601426,3513580,899476480,899.47648,1,200,168,1,20251021_121107
1761041396.7701266,3513619,899486464,899.486464,4,199,166,1,20251021_121107
1761041396.7801106,3513658,899496448,899.496448,7,199,165,1,20251021_121107
1761041396.7900946,3513697,899506432,899.506432,10,200,166,1,20251021_121107
1761041396.8000786,3513736,899516416,899.516416,13,199,164,1,20251021_121107
1761041396.8100626,3513775,899526400,899.5264,15,200,165,1,20251021_121107
1761041396.820047,3513814,899536384,899.536384,18,200,164,1,20251021_121107
1761041396.8302865,3513854,899546624,899.546624,21,200,162,1,20251021_121107
1761041396.8402703,3513893,899556608,899.556608,23,200,161,1,20251021_121107
1761041396.8502543,3513932,899566592,899.566592,26,200,159,1,20251021_121107
1761041396.8602386,3513971,899576576,899.576576,29,201,156,1,20251021_121107
1761041396.8702226,3514010,899586560,899.58656,31,200,154,1,20251021_121107
1761041396.8802066,3514049,899596544,899.596544,34,200,144,1,20251021_121107
1761041396.8901906,3514088,899606528,899.606528,37,200,138,1,20251021_121107
1761041396.9001746,3514127,899616512,899.616512,40,200,130,1,20251021_121107
1761041396.9101586,3514166,899626496,899.626496,44,200,124,1,20251021_121107
1761041396.920143,3514205,899636480,899.63648,47,200,118,1,20251021_121107
1761041396.930127,3514244,899646464,899.646464,51,199,112,1,20251021_121107
1761041396.9401104,3514283,899656448,899.656448,55,199,108,1,20251021_121107
1761041396.9500945,3514322,899666432,899.666432,58,200,105,1,20251021_121107
1761041396.9600785,3514361,899676416,899.676416,62,199,102,1,20251021_121107
1761041396.9700625,3514400,899686400,899.6864,66,200,98,1,20251021_121107
1761041396.9803026,3514440,899696640,899.69664,70,200,99,1,20251021_121107
1761041396.9902866,3514479,899706624,899.706624,74,199,98,1,20251021_121107
1761041397.0002706,3514518,899716608,899.716608,78,199,99,1,20251021_121107
1761041397.0102546,3514557,899726592,899.726592,82,199,97,1,20251021_121107
1761041397.0202386,3514596,899736576,899.736576,85,199,98,1,20251021_121107
1761041397.030223,3514635,899746560,899.74656,89,199,98,1,20251021_121107
1761041397.040207,3514674,899756544,899.756544,93,199,98,1,20251021_121107
1761041397.0501904,3514713,899766528,899.766528,96,198,99,1,20251021_121107
1761041397.0601745,3514752,899776512,899.776512,100,198,99,1,20251021_121107
1761041397.0701585,3514791,899786496,899.786496,103,198,99,1,20251021_121107
1761041397.0801425,3514830,899796480,899.79648,107,198,98,1,20251021_121107
1761041397.0901265,3514869,899806464,899.806464,110,198,99,1,20251021_121107
1761041397.1001103,3514908,899816448,899.816448,113,198,99,1,20251021_121107
1761041397.1100943,3514947,899826432,899.826432,116,198,99,1,20251021_121107
1761041397.1203346,3514987,899836672,899.836672,119,197,98,1,20251021_121107
1761041397.1303186,3515026,899846656,899.846656,122,197,98,1,20251021_121107
1761041397.140303,3515065,899856640,899.85664,125,198,98,1,20251021_121107
1761041397.150287,3515104,899866624,899.866624,128,198,98,1,20251021_121107
1761041397.1602705,3515143,899876608,899.876608,131,198,97,1,20251021_121107
1761041397.1702545,3515182,899886592,899.886592,134,198,98,1,20251021_121107
1761041397.1802385,3515221,899896576,899.896576,137,198,98,1,20251021_121107
1761041397.1902225,3515260,899906560,899.90656,140,198,98,1,20251021_121107
1761041397.2002065,3515299,899916544,899.916544,142,198,100,1,20251021_121107
1761041397.2101903,3515338,899926528,899.926528,145,198,100,1,20251021_121107
1761041397.2201746,3515377,899936512,899.936512,148,198,101,1,20251021_121107
1761041397.2301586,3515416,899946496,899.946496,150,199,102,1,20251021_121107
1761041397.2401426,3515455,899956480,899.95648,153,198,103,1,20251021_121107
1761041397.250383,3515495,899966720,899.96672,155,198,103,1,20251021_121107
1761041397.2603664,3515534,899976704,899.976704,158,198,104,1,20251021_121107
1761041397.2703505,3515573,899986688,899.986688,161,199,107,1,20251021_121107
1761041397.2803345,3515612,899996672,899.996672,163,198,109,1,20251021_121107
1761041397.2903185,3515651,900006656,900.006656,166,198,111,1,20251021_121107
1761041397.3003025,3515690,900016640,900.01664,169,199,116,1,20251021_121107
1761041397.3102863,3515729,900026624,900.026624,172,198,120,1,20251021_121107
1761041397.3202703,3515768,900036608,900.036608,175,198,125,1,20251021_121107
1761041397.3302546,3515807,900046592,900.046592,178,198,128,1,20251021_121107
1761041397.3402386,3515846,900056576,900.056576,181,198,133,1,20251021_121107
1761041397.3502226,3515885,900066560,900.06656,184,198,137,1,20251021_121107
1761041397.3602066,3515924,900076544,900.076544,187,198,142,1,20251021_121107
1761041397.3701906,3515963,900086528,900.086528,191,198,146,1,20251021_121107
1761041397.3801746,3516002,900096512,900.096512,194,198,151,1,20251021_121107
1761041397.390159,3516041,900106496,900.106496,198,198,155,1,20251021_121107
1761041397.4003985,3516081,900116736,900.116736,202,199,161,1,20251021_121107
1761041397.4103825,3516120,900126720,900.12672,206,198,161,1,20251021_121107
1761041397.4203663,3516159,900136704,900.136704,209,199,162,1,20251021_121107
1761041397.4303503,3516198,900146688,900.146688,213,198,163,1,20251021_121107
1761041397.4403346,3516237,900156672,900.156672,217,198,163,1,20251021_121107
1761041397.4503186,3516276,900166656,900.166656,220,199,164,1,20251021_121107
1761041397.4603026,3516315,900176640,900.17664,224,199,164,1,20251021_121107
1761041397.4702866,3516354,900186624,900.186624,227,199,165,1,20251021_121107
1761041397.4802706,3516393,900196608,900.196608,231,200,166,1,20251021_121107
1761041397.4902546,3516432,900206592,900.206592,234,199,165,1,20251021_121107
1761041397.500239,3516471,900216576,900.216576,237,199,165,1,20251021_121107
1761041397.510223,3516510,900226560,900.22656,240,199,165,1,20251021_121107
1761041397.5202065,3516549,900236544,900.236544,244,199,166,1,20251021_121107
1761041397.5301905,3516588,900246528,900.246528,247,199,166,1,20251021_121107
1761041397.5404303,3516628,900256768,900.256768,250,199,167,1,20251021_121107
1761041397.5504146,3516667,900266752,900.266752,253,199,166,1,20251021_121107
1761041397.5603986,3516706,900276736,900.276736,1,199,165,1,20251021_121107
1761041397.5703826,3516745,900286720,900.28672,4,200,167,1,20251021_121107
1761041397.5803666,3516784,900296704,900.296704,6,200,166,1,20251021_121107
1761041397.5903506,3516823,900306688,900.306688,9,200,167,1,20251021_121107
1761041397.6003346,3516862,900316672,900.316672,12,200,166,1,20251021_121107
1761041397.610319,3516901,900326656,900.326656,15,200,166,1,20251021_121107
1761041397.6203024,3516940,900336640,900.33664,17,200,166,1,20251021_121107
1761041397.6302865,3516979,900346624,900.346624,20,200,166,1,20251021_121107
1761041397.6402705,3517018,900356608,900.356608,23,200,166,1,20251021_121107
1761041397.6502545,3517057,900366592,900.366592,25,200,165,1,20251021_121107
1761041397.6602385,3517096,900376576,900.376576,28,200,165,1,20251021_121107
1761041397.6702223,3517135,900386560,900.38656,30,200,164,1,20251021_121107
1761041397.6804626,3517175,900396800,900.3968,33,200,163,1,20251021_121107
1761041397.6904466,3517214,900406784,900.406784,35,200,162,1,20251021_121107
1761041397.7004306,3517253,900416768,900.416768,38,199,159,1,20251021_121107
1761041397.7104146,3517292,900426752,900.426752,40,200,159,1,20251021_121107
1761041397.720399,3517331,900436736,900.436736,43,199,155,1,20251021_121107
1761041397.7303824,3517370,900446720,900.44672,46,199,152,1,20251021_121107
1761041397.7403665,3517409,900456704,900.456704,49,200,146,1,20251021_121107
1761041397.7503505,3517448,900466688,900.466688,52,200,139,1,20251021_121107
1761041397.7603345,3517487,900476672,900.476672,55,200,127,1,20251021_121107
1761041397.7703185,3517526,900486656,900.486656,58,200,127,1,20251021_121107
1761041397.7803023,3517565,900496640,900.49664,61,199,120,1,20251021_121107
1761041397.7902863,3517604,900506624,900.506624,65,200,116,1,20251021_121107
1761041397.8002706,3517643,900516608,900.516608,69,199,113,1,20251021_121107
1761041397.8102546,3517682,900526592,900.526592,72,199,109,1,20251021_121107
1761041397.820495,3517722,900536832,900.536832,76,200,106,1,20251021_121107
1761041397.830479,3517761,900546816,900.546816,80,199,101,1,20251021_121107
1761041397.8404624,3517800,900556800,900.5568,83,199,98,1,20251021_121107
1761041397.8504465,3517839,900566784,900.566784,87,199,99,1,20251021_121107
1761041397.8604305,3517878,900576768,900.576768,91,198,99,1,20251021_121107
1761041397.8704145,3517917,900586752,900.586752,94,198,100,1,20251021_121107
1761041397.8803985,3517956,900596736,900.596736,98,198,98,1,20251021_121107
1761041397.8903823,3517995,900606720,900.60672,101,197,97,1,20251021_121107
1761041397.9003663,3518034,900616704,900.616704,105,198,98,1,20251021_121107
1761041397.9103506,3518073,900626688,900.626688,108,198,100,1,20251021_121107
1761041397.9203346,3518112,900636672,900.636672,111,198,100,1,20251021_121107
1761041397.9303186,3518151,900646656,900.646656,115,198,101,1,20251021_121107
1761041397.9403026,3518190,900656640,900.65664,118,198,100,1,20251021_121107
1761041397.9502866,3518229,900666624,900.666624,121,198,101,1,20251021_121107
1761041397.9605265,3518269,900676864,900.676864,124,197,101,1,20251021_121107
1761041397.9705105,3518308,900686848,900.686848,127,199,103,1,20251021_121107
1761041397.9804945,3518347,900696832,900.696832,130,198,103,1,20251021_121107
1761041397.9904785,3518386,900706816,900.706816,133,198,105,1,20251021_121107
1761041398.0004623,3518425,900716800,900.7168,136,198,106,1,20251021_121107
1761041398.0104463,3518464,900726784,900.726784,138,198,107,1,20251021_121107
1761041398.0204306,3518503,900736768,900.736768,141,199,110,1,20251021_121107
1761041398.0304146,3518542,900746752,900.746752,144,198,111,1,20251021_121107
1761041398.0403986,3518581,900756736,900.756736,147,198,116,1,20251021_121107
1761041398.0503826,3518620,900766720,900.76672,150,198,120,1,20251021_121107
1761041398.0603666,3518659,900776704,900.776704,153,199,127,1,20251021_121107
1761041398.0703506,3518698,900786688,900.786688,156,198,130,1,20251021_121107
1761041398.080335,3518737,900796672,900.796672,159,199,136,1,20251021_121107
1761041398.0903184,3518776,900806656,900.806656,163,199,141,1,20251021_121107
1761041398.1005583,3518816,900816896,900.816896,166,199,146,1,20251021_121107
1761041398.1105423,3518855,900826880,900.82688,170,198,150,1,20251021_121107
1761041398.1205266,3518894,900836864,900.836864,173,197,153,1,20251021_121107
1761041398.1305106,3518933,900846848,900.846848,177,198,160,1,20251021_121107
1761041398.1404946,3518972,900856832,900.856832,181,198,162,1,20251021_121107
1761041398.1504786,3519011,900866816,900.866816,185,198,162,1,20251021_121107
1761041398.1604626,3519050,900876800,900.8768,189,198,162,1,20251021_121107
1761041398.1704466,3519089,900886784,900.886784,193,198,161,1,20251021_121107
1761041398.180431,3519128,900896768,900.896768,196,199,164,1,20251021_121107
1761041398.190415,3519167,900906752,900.906752,200,198,164,1,20251021_121107
1761041398.2003984,3519206,900916736,900.916736,204,198,164,1,20251021_121107
1761041398.2103825,3519245,900926720,900.92672,208,199,165,1,20251021_121107
1761041398.2203665,3519284,900936704,900.936704,212,199,165,1,20251021_121107
1761041398.2303505,3519323,900946688,900.946688,215,199,165,1,20251021_121107
1761041398.2405906,3519363,900956928,900.956928,219,199,166,1,20251021_121107
1761041398.2505746,3519402,900966912,900.966912,222,199,166,1,20251021_121107
1761041398.2605586,3519441,900976896,900.976896,226,199,166,1,20251021_121107
1761041398.2705426,3519480,900986880,900.98688,229,198,166,1,20251021_121107
1761041398.2805266,3519519,900996864,900.996864,233,199,166,1,20251021_121107
1761041398.290511,3519558,901006848,901.006848,236,199,166,1,20251021_121107
1761041398.300495,3519597,901016832,901.016832,239,199,166,1,20251021_121107
1761041398.3104784,3519636,901026816,901.026816,243,199,166,1,20251021_121107
1761041398.3204625,3519675,901036800,901.0368,246,199,167,1,20251021_121107
1761041398.3304465,3519714,901046784,901.046784,249,200,167,1,20251021_121107
1761041398.3404305,3519753,901056768,901.056768,252,200,167,1,20251021_121107
1761041398.3504145,3519792,901066752,901.066752,0,200,166,1,20251021_121107
1761041398.3603983,3519831,901076736,901.076736,3,199,166,1,20251021_121107
1761041398.3703823,3519870,901086720,901.08672,6,200,166,1,20251021_121107
1761041398.3806226,3519910,901096960,901.09696,8,200,166,1,20251021_121107
1761041398.3906066,3519949,901106944,901.106944,11,199,165,1,20251021_121107
1761041398.400591,3519988,901116928,901.116928,14,200,165,1,20251021_121107
1761041398.410575,3520027,901126912,901.126912,17,200,163,1,20251021_121107
1761041398.4205585,3520066,901136896,901.136896,19,200,162,1,20251021_121107
1761041398.4305425,3520105,901146880,901.14688,22,199,159,1,20251021_121107
1761041398.4405265,3520144,901156864,901.156864,25,201,161,1,20251021_121107
1761041398.4505105,3520183,901166848,901.166848,27,200,158,1,20251021_121107
1761041398.4604945,3520222,901176832,901.176832,30,200,155,1,20251021_121107
1761041398.4704783,3520261,901186816,901.186816,33,200,152,1,20251021_121107
1761041398.4804626,3520300,901196800,901.1968,36,200,149,1,20251021_121107
1761041398.4904466,3520339,901206784,901.206784,39,200,142,1,20251021_121107
1761041398.5004306,3520378,901216768,901.216768,42,200,131,1,20251021_121107
1761041398.5104146,3520417,901226752,901.226752,45,200,127,1,20251021_121107
1761041398.5203986,3520456,901236736,901.236736,48,200,123,1,20251021_121107
1761041398.5306385,3520496,901246976,901.246976,52,199,118,1,20251021_121107
1761041398.5406225,3520535,901256960,901.25696,55,200,114,1,20251021_121107
1761041398.5506065,3520574,901266944,901.266944,59,199,110,1,20251021_121107
1761041398.5605905,3520613,901276928,901.276928,63,199,108,1,20251021_121107
1761041398.5705743,3520652,901286912,901.286912,67,199,102,1,20251021_121107
1761041398.5805583,3520691,901296896,901.296896,71,199,99,1,20251021_121107
1761041398.5905426,3520730,901306880,901.30688,74,199,98,1,20251021_121107
1761041398.6005266,3520769,901316864,901.316864,78,200,100,1,20251021_121107
1761041398.6105106,3520808,901326848,901.326848,82,200,100,1,20251021_121107
1761041398.6204946,3520847,901336832,901.336832,86,198,98,1,20251021_121107
1761041398.6304786,3520886,901346816,901.346816,89,199,98,1,20251021_121107
1761041398.6404626,3520925,901356800,901.3568,93,200,98,1,20251021_121107
1761041398.650447,3520964,901366784,901.366784,97,197,100,1,20251021_121107
1761041398.660431,3521003,901376768,901.376768,100,198,99,1,20251021_121107
1761041398.6704144,3521042,901386752,901.386752,104,198,99,1,20251021_121107
1761041398.6806543,3521082,901396992,901.396992,107,198,98,1,20251021_121107
1761041398.6906383,3521121,901406976,901.406976,110,198,98,1,20251021_121107
1761041398.7006226,3521160,901416960,901.41696,113,198,99,1,20251021_121107
1761041398.7106066,3521199,901426944,901.426944,117,198,100,1,20251021_121107
1761041398.7205906,3521238,901436928,901.436928,120,198,101,1,20251021_121107
1761041398.7305746,3521277,901446912,901.446912,123,198,101,1,20251021_121107
1761041398.7405586,3521316,901456896,901.456896,126,198,101,1,20251021_121107
1761041398.7505426,3521355,901466880,901.46688,129,198,103,1,20251021_121107
1761041398.760527,3521394,901476864,901.476864,132,199,104,1,20251021_121107
1761041398.770511,3521433,901486848,901.486848,135,199,106,1,20251021_121107
1761041398.7804945,3521472,901496832,901.496832,137,198,108,1,20251021_121107
1761041398.7904785,3521511,901506816,901.506816,140,199,111,1,20251021_121107
1761041398.8004625,3521550,901516800,901.5168,143,199,114,1,20251021_121107
1761041398.8104465,3521589,901526784,901.526784,146,199,118,1,20251021_121107
1761041398.8206866,3521629,901537024,901.537024,149,199,124,1,20251021_121107
1761041398.8306706,3521668,901547008,901.547008,152,199,128,1,20251021_121107
1761041398.8406546,3521707,901556992,901.556992,155,198,133,1,20251021_121107
1761041398.8506386,3521746,901566976,901.566976,159,198,138,1,20251021_121107
1761041398.8606226,3521785,901576960,901.57696,162,198,144,1,20251021_121107
1761041398.870607,3521824,901586944,901.586944,166,201,152,1,20251021_121107
1761041398.8805904,3521863,901596928,901.596928,169,198,156,1,20251021_121107
1761041398.8905745,3521902,901606912,901.606912,173,199,160,1,20251021_121107
1761041398.9005585,3521941,901616896,901.616896,177,198,162,1,20251021_121107
1761041398.9105425,3521980,901626880,901.62688,181,198,161,1,20251021_121107
1761041398.9205265,3522019,901636864,901.636864,185,198,163,1,20251021_121107
1761041398.9305103,3522058,901646848,901.646848,189,198,162,1,20251021_121107
1761041398.9404943,3522097,901656832,901.656832,193,199,164,1,20251021_121107
1761041398.9504786,3522136,901666816,901.666816,197,198,164,1,20251021_121107
1761041398.9607186,3522176,901677056,901.677056,200,198,164,1,20251021_121107
1761041398.9707026,3522215,901687040,901.68704,204,198,164,1,20251021_121107
1761041398.980687,3522254,901697024,901.697024,208,199,165,1,20251021_121107
1761041398.9906704,3522293,901707008,901.707008,212,199,164,1,20251021_121107
1761041399.0006545,3522332,901716992,901.716992,215,199,165,1,20251021_121107
1761041399.0106385,3522371,901726976,901.726976,219,199,166,1,20251021_121107
1761041399.0206225,3522410,901736960,901.73696,223,199,165,1,20251021_121107
1761041399.0306065,3522449,901746944,901.746944,226,199,166,1,20251021_121107
1761041399.0405903,3522488,901756928,901.756928,230,200,167,1,20251021_121107
1761041399.0505743,3522527,901766912,901.766912,233,199,166,1,20251021_121107
1761041399.0605586,3522566,901776896,901.776896,236,199,167,1,20251021_121107
1761041399.0705426,3522605,901786880,901.78688,240,199,166,1,20251021_121107
1761041399.0805266,3522644,901796864,901.796864,243,199,166,1,20251021_121107
1761041399.0905106,3522683,901806848,901.806848,246,200,167,1,20251021_121107
1761041399.1007504,3522723,901817088,901.817088,249,200,167,1,20251021_121107
1761041399.1107345,3522762,901827072,901.827072,252,200,166,1,20251021_121107
1761041399.1207185,3522801,901837056,901.837056,0,200,166,1,20251021_121107
1761041399.1307025,3522840,901847040,901.84704,3,200,167,1,20251021_121107
1761041399.1406865,3522879,901857024,901.857024,6,200,167,1,20251021_121107
1761041399.1506703,3522918,901867008,901.867008,9,200,166,1,20251021_121107
1761041399.1606543,3522957,901876992,901.876992,11,200,167,1,20251021_121107
1761041399.1706386,3522996,901886976,901.886976,14,200,165,1,20251021_121107
1761041399.1806226,3523035,901896960,901.89696,17,200,163,1,20251021_121107
1761041399.1906066,3523074,901906944,901.906944,19,200,162,1,20251021_121107
1761041399.2005906,3523113,901916928,901.916928,22,200,160,1,20251021_121107
1761041399.2105746,3523152,901926912,901.926912,25,200,157,1,20251021_121107
1761041399.2205586,3523191,901936896,901.936896,28,200,154,1,20251021_121107
1761041399.230543,3523230,901946880,901.94688,30,200,151,1,20251021_121107
1761041399.240527,3523269,901956864,901.956864,33,200,143,1,20251021_121107
1761041399.2507665,3523309,901967104,901.967104,36,200,135,1,20251021_121107
1761041399.2607503,3523348,901977088,901.977088,40,200,128,1,20251021_121107
1761041399.2707343,3523387,901987072,901.987072,43,199,122,1,20251021_121107
1761041399.2807186,3523426,901997056,901.997056,46,199,116,1,20251021_121107
1761041399.2907026,3523465,902007040,902.00704,50,200,112,1,20251021_121107
1761041399.3006866,3523504,902017024,902.017024,54,200,108,1,20251021_121107
1761041399.3106706,3523543,902027008,902.027008,58,200,104,1,20251021_121107
1761041399.3206546,3523582,902036992,902.036992,62,199,100,1,20251021_121107
1761041399.3306386,3523621,902046976,902.046976,66,199,98,1,20251021_121107
1761041399.340623,3523660,902056960,902.05696,70,200,99,1,20251021_121107
1761041399.3506064,3523699,902066944,902.066944,73,199,99,1,20251021_121107
1761041399.3605905,3523738,902076928,902.076928,77,200,98,1,20251021_121107
1761041399.3705745,3523777,902086912,902.086912,81,199,97,1,20251021_121107
1761041399.3805585,3523816,902096896,902.096896,85,199,99,1,20251021_121107
1761041399.3907986,3523856,902107136,902.107136,89,198,98,1,20251021_121107
1761041399.4007826,3523895,902117120,902.11712,92,198,97,1,20251021_121107
1761041399.4107666,3523934,902127104,902.127104,96,198,98,1,20251021_121107
1761041399.4207506,3523973,902137088,902.137088,99,198,98,1,20251021_121107
1761041399.4307346,3524012,902147072,902.147072,103,198,98,1,20251021_121107
1761041399.440719,3524051,902157056,902.157056,106,198,98,1,20251021_121107
1761041399.450703,3524090,902167040,902.16704,109,198,99,1,20251021_121107
1761041399.4606864,3524129,902177024,902.177024,113,198,98,1,20251021_121107
1761041399.4706705,3524168,902187008,902.187008,116,197,97,1,20251021_121107
1761041399.4806545,3524207,902196992,902.196992,119,198,96,1,20251021_121107
1761041399.4906385,3524246,902206976,902.206976,122,198,98,1,20251021_121107
1761041399.5006225,3524285,902216960,902.21696,125,198,96,1,20251021_121107
1761041399.5106063,3524324,902226944,902.226944,128,198,98,1,20251021_121107
1761041399.5205903,3524363,902236928,902.236928,131,198,100,1,20251021_121107
1761041399.5308306,3524403,902247168,902.247168,134,198,99,1,20251021_121107
1761041399.5408146,3524442,902257152,902.257152,136,198,99,1,20251021_121107
1761041399.550799,3524481,902267136,902.267136,139,198,101,1,20251021_121107
1761041399.560783,3524520,902277120,902.27712,142,198,100,1,20251021_121107
1761041399.5707664,3524559,902287104,902.287104,145,198,102,1,20251021_121107
1761041399.5807505,3524598,902297088,902.297088,147,198,102,1,20251021_121107
1761041399.5907345,3524637,902307072,902.307072,150,198,103,1,20251021_121107
1761041399.6007185,3524676,902317056,902.317056,153,198,105,1,20251021_121107
1761041399.6107025,3524715,902327040,902.32704,155,198,105,1,20251021_121107
1761041399.6206863,3524754,902337024,902.337024,158,198,107,1,20251021_121107
1761041399.6306703,3524793,902347008,902.347008,161,198,109,1,20251021_121107
1761041399.6409106,3524833,902357248,902.357248,163,198,114,1,20251021_121107
1761041399.6508946,3524872,902367232,902.367232,166,198,119,1,20251021_121107
1761041399.660879,3524911,902377216,902.377216,169,198,127,1,20251021_121107
1761041399.670863,3524950,902387200,902.3872,172,198,133,1,20251021_121107
1761041399.6808465,3524989,902397184,902.397184,176,198,138,1,20251021_121107
1761041399.6908305,3525028,902407168,902.407168,179,198,145,1,20251021_121107
1761041399.7008145,3525067,902417152,902.417152,183,198,150,1,20251021_121107
1761041399.7107985,3525106,902427136,902.427136,186,199,158,1,20251021_121107
1761041399.7207825,3525145,902437120,902.43712,190,198,160,1,20251021_121107
1761041399.7307663,3525184,902447104,902.447104,194,198,161,1,20251021_121107
1761041399.7407506,3525223,902457088,902.457088,198,198,161,1,20251021_121107
1761041399.7507346,3525262,902467072,902.467072,202,198,163,1,20251021_121107
1761041399.7607186,3525301,902477056,902.477056,205,198,163,1,20251021_121107
1761041399.770959,3525341,902487296,902.487296,209,198,163,1,20251021_121107
1761041399.7809424,3525380,902497280,902.49728,213,198,164,1,20251021_121107
1761041399.7909265,3525419,902507264,902.507264,216,199,165,1,20251021_121107
1761041399.8009105,3525458,902517248,902.517248,220,199,165,1,20251021_121107
1761041399.8108945,3525497,902527232,902.527232,224,199,166,1,20251021_121107
1761041399.8208785,3525536,902537216,902.537216,227,200,166,1,20251021_121107
1761041399.8308623,3525575,902547200,902.5472,231,199,165,1,20251021_121107
1761041399.8408463,3525614,902557184,902.557184,234,199,166,1,20251021_121107
1761041399.8508306,3525653,902567168,902.567168,237,199,166,1,20251021_121107
1761041399.8608146,3525692,902577152,902.577152,240,200,166,1,20251021_121107
1761041399.8707986,3525731,902587136,902.587136,244,200,165,1,20251021_121107
1761041399.8807826,3525770,902597120,902.59712,247,200,167,1,20251021_121107
1761041399.8907666,3525809,902607104,902.607104,250,199,167,1,20251021_121107
1761041399.9007506,3525848,902617088,902.617088,253,200,166,1,20251021_121107
1761041399.9109905,3525888,902627328,902.627328,1,200,167,1,20251021_121107
1761041399.9209745,3525927,902637312,902.637312,4,199,166,1,20251021_121107
1761041399.9309585,3525966,902647296,902.647296,6,199,166,1,20251021_121107
1761041399.9409423,3526005,902657280,902.65728,9,200,166,1,20251021_121107
1761041399.9509263,3526044,902667264,902.667264,12,200,166,1,20251021_121107
1761041399.9609106,3526083,902677248,902.677248,15,199,165,1,20251021_121107
1761041399.9708946,3526122,902687232,902.687232,17,200,165,1,20251021_121107
1761041399.9808786,3526161,902697216,902.697216,20,200,165,1,20251021_121107
1761041399.9908626,3526200,902707200,902.7072,23,200,164,1,20251021_121107
1761041400.0008466,3526239,902717184,902.717184,25,200,162,1,20251021_121107
1761041400.0108306,3526278,902727168,902.727168,28,199,159,1,20251021_121107
1761041400.020815,3526317,902737152,902.737152,31,200,155,1,20251021_121107
1761041400.030799,3526356,902747136,902.747136,33,200,155,1,20251021_121107
1761041400.0407825,3526395,902757120,902.75712,36,199,151,1,20251021_121107
1761041400.0507665,3526434,902767104,902.767104,39,200,145,1,20251021_121107
1761041400.0610063,3526474,902777344,902.777344,42,200,133,1,20251021_121107
1761041400.0709906,3526513,902787328,902.787328,45,202,127,1,20251021_121107
1761041400.0809746,3526552,902797312,902.797312,49,200,121,1,20251021_121107
1761041400.0909586,3526591,902807296,902.807296,52,200,116,1,20251021_121107
1761041400.1009426,3526630,902817280,902.81728,56,199,111,1,20251021_121107
1761041400.1109266,3526669,902827264,902.827264,59,200,108,1,20251021_121107
1761041400.1209106,3526708,902837248,902.837248,63,199,104,1,20251021_121107
1761041400.130895,3526747,902847232,902.847232,67,199,100,1,20251021_121107
1761041400.1408784,3526786,902857216,902.857216,71,199,99,1,20251021_121107
1761041400.1508625,3526825,902867200,902.8672,75,201,100,1,20251021_121107
1761041400.1608465,3526864,902877184,902.877184,79,199,101,1,20251021_121107
1761041400.1708305,3526903,902887168,902.887168,82,199,100,1,20251021_121107
1761041400.1808145,3526942,902897152,902.897152,86,198,96,1,20251021_121107
1761041400.1907983,3526981,902907136,902.907136,90,198,100,1,20251021_121107
1761041400.2010386,3527021,902917376,902.917376,93,199,100,1,20251021_121107
1761041400.2110226,3527060,902927360,902.92736,97,199,101,1,20251021_121107
1761041400.2210066,3527099,902937344,902.937344,100,198,99,1,20251021_121107
1761041400.2309906,3527138,902947328,902.947328,104,198,100,1,20251021_121107
1761041400.240975,3527177,902957312,902.957312,107,198,100,1,20251021_121107
1761041400.2509584,3527216,902967296,902.967296,111,198,99,1,20251021_121107
1761041400.2609425,3527255,902977280,902.97728,114,198,98,1,20251021_121107
1761041400.2709265,3527294,902987264,902.987264,117,198,99,1,20251021_121107
1761041400.2809105,3527333,902997248,902.997248,120,198,99,1,20251021_121107
1761041400.2911506,3527373,903007488,903.007488,123,198,99,1,20251021_121107
1761041400.3011346,3527412,903017472,903.017472,126,198,98,1,20251021_121107
1761041400.3111186,3527451,903027456,903.027456,129,198,99,1,20251021_121107
1761041400.3211026,3527490,903037440,903.03744,132,198,99,1,20251021_121107
1761041400.3310866,3527529,903047424,903.047424,135,198,100,1,20251021_121107
1761041400.341071,3527568,903057408,903.057408,137,198,100,1,20251021_121107
1761041400.351055,3527607,903067392,903.067392,140,198,101,1,20251021_121107
1761041400.3610384,3527646,903077376,903.077376,143,198,102,1,20251021_121107
1761041400.3710225,3527685,903087360,903.08736,146,198,102,1,20251021_121107
1761041400.3810065,3527724,903097344,903.097344,148,198,102,1,20251021_121107
1761041400.3909905,3527763,903107328,903.107328,151,198,105,1,20251021_121107
1761041400.4009745,3527802,903117312,903.117312,154,198,107,1,20251021_121107
1761041400.4109583,3527841,903127296,903.127296,156,197,104,1,20251021_121107
1761041400.4209423,3527880,903137280,903.13728,159,198,107,1,20251021_121107
1761041400.4311826,3527920,903147520,903.14752,162,198,110,1,20251021_121107
1761041400.4411666,3527959,903157504,903.157504,164,199,113,1,20251021_121107
1761041400.451151,3527998,903167488,903.167488,167,198,116,1,20251021_121107
1761041400.461135,3528037,903177472,903.177472,170,198,121,1,20251021_121107
1761041400.4711185,3528076,903187456,903.187456,173,198,126,1,20251021_121107
1761041400.4811025,3528115,903197440,903.19744,176,198,128,1,20251021_121107
1761041400.4910865,3528154,903207424,903.207424,179,199,133,1,20251021_121107
1761041400.5010705,3528193,903217408,903.217408,183,198,137,1,20251021_121107
1761041400.5110545,3528232,903227392,903.227392,186,199,143,1,20251021_121107
1761041400.5210383,3528271,903237376,903.237376,189,198,146,1,20251021_121107
1761041400.5310223,3528310,903247360,903.24736,193,198,151,1,20251021_121107
1761041400.5410066,3528349,903257344,903.257344,197,199,156,1,20251021_121107
1761041400.5509906,3528388,903267328,903.267328,200,198,158,1,20251021_121107
1761041400.5609746,3528427,903277312,903.277312,204,199,161,1,20251021_121107
1761041400.5709586,3528466,903287296,903.287296,208,199,162,1,20251021_121107
1761041400.5811985,3528506,903297536,903.297536,212,199,163,1,20251021_121107
1761041400.5911825,3528545,903307520,903.30752,215,199,162,1,20251021_121107
1761041400.6011665,3528584,903317504,903.317504,219,199,163,1,20251021_121107
1761041400.6111505,3528623,903327488,903.327488,222,199,164,1,20251021_121107
1761041400.6211343,3528662,903337472,903.337472,226,199,164,1,20251021_121107
1761041400.6311183,3528701,903347456,903.347456,229,199,164,1,20251021_121107
1761041400.6411026,3528740,903357440,903.35744,233,199,164,1,20251021_121107
1761041400.6510866,3528779,903367424,903.367424,236,199,164,1,20251021_121107
1761041400.6610706,3528818,903377408,903.377408,239,200,165,1,20251021_121107
1761041400.6710546,3528857,903387392,903.387392,243,200,166,1,20251021_121107
1761041400.6810386,3528896,903397376,903.397376,246,200,166,1,20251021_121107
1761041400.6910226,3528935,903407360,903.40736,249,200,166,1,20251021_121107
1761041400.701007,3528974,903417344,903.417344,252,199,166,1,20251021_121107
1761041400.710991,3529013,903427328,903.427328,0,200,166,1,20251021_121107
1761041400.7209744,3529052,903437312,903.437312,3,200,165,1,20251021_121107
1761041400.7312143,3529092,903447552,903.447552,5,199,164,1,20251021_121107
1761041400.7411983,3529131,903457536,903.457536,8,199,164,1,20251021_121107
1761041400.7511826,3529170,903467520,903.46752,11,200,164,1,20251021_121107
1761041400.7611666,3529209,903477504,903.477504,14,200,164,1,20251021_121107
1761041400.7711506,3529248,903487488,903.487488,17,200,164,1,20251021_121107
1761041400.7811346,3529287,903497472,903.497472,19,200,163,1,20251021_121107
1761041400.7911186,3529326,903507456,903.507456,22,200,163,1,20251021_121107
1761041400.8011026,3529365,903517440,903.51744,24,200,164,1,20251021_121107
1761041400.811087,3529404,903527424,903.527424,27,200,163,1,20251021_121107
1761041400.821071,3529443,903537408,903.537408,30,200,162,1,20251021_121107
1761041400.8310544,3529482,903547392,903.547392,32,200,161,1,20251021_121107
1761041400.8410385,3529521,903557376,903.557376,35,200,160,1,20251021_121107
1761041400.8510225,3529560,903567360,903.56736,37,200,158,1,20251021_121107
1761041400.8610065,3529599,903577344,903.577344,40,199,156,1,20251021_121107
1761041400.8712466,3529639,903587584,903.587584,43,199,154,1,20251021_121107
1761041400.8812306,3529678,903597568,903.597568,45,199,151,1,20251021_121107
1761041400.8912146,3529717,903607552,903.607552,48,200,146,1,20251021_121107
1761041400.9011986,3529756,903617536,903.617536,51,200,136,1,20251021_121107
1761041400.9111826,3529795,903627520,903.62752,54,199,129,1,20251021_121107
1761041400.921167,3529834,903637504,903.637504,58,200,127,1,20251021_121107
1761041400.931151,3529873,903647488,903.647488,61,200,123,1,20251021_121107
1761041400.9411345,3529912,903657472,903.657472,64,199,118,1,20251021_121107
1761041400.9513743,3529952,903667712,903.667712,68,199,111,1,20251021_121107
1761041400.9613583,3529991,903677696,903.677696,72,200,109,1,20251021_121107
1761041400.9713426,3530030,903687680,903.68768,75,199,106,1,20251021_121107
1761041400.9813266,3530069,903697664,903.697664,79,199,104,1,20251021_121107
1761041400.9913106,3530108,903707648,903.707648,83,199,100,1,20251021_121107
1761041401.0012946,3530147,903717632,903.717632,87,199,98,1,20251021_121107
1761041401.0112786,3530186,903727616,903.727616,90,199,99,1,20251021_121107
1761041401.0215185,3530226,903737856,903.737856,94,199,100,1,20251021_121107
1761041401.0315025,3530265,903747840,903.74784,97,198,101,1,20251021_121107
1761041401.0414865,3530304,903757824,903.757824,101,198,97,1,20251021_121107
1761041401.0514705,3530343,903767808,903.767808,104,198,97,1,20251021_121107
1761041401.0614543,3530382,903777792,903.777792,108,198,99,1,20251021_121107
1761041401.0714386,3530421,903787776,903.787776,111,198,99,1,20251021_121107
1761041401.0814226,3530460,903797760,903.79776,114,198,99,1,20251021_121107
1761041401.0916626,3530500,903808000,903.808,117,198,100,1,20251021_121107
1761041401.101647,3530539,903817984,903.817984,120,198,99,1,20251021_121107
1761041401.1116304,3530578,903827968,903.827968,123,198,101,1,20251021_121107
1761041401.1216145,3530617,903837952,903.837952,126,198,102,1,20251021_121107
1761041401.1315985,3530656,903847936,903.847936,129,198,103,1,20251021_121107
1761041401.1415825,3530695,903857920,903.85792,132,198,104,1,20251021_121107
1761041401.1515665,3530734,903867904,903.867904,135,198,105,1,20251021_121107
1761041401.1615503,3530773,903877888,903.877888,138,198,106,1,20251021_121107
1761041401.1717906,3530813,903888128,903.888128,141,198,108,1,20251021_121107
1761041401.1817746,3530852,903898112,903.898112,144,198,111,1,20251021_121107
1761041401.1917586,3530891,903908096,903.908096,147,199,114,1,20251021_121107
1761041401.2017426,3530930,903918080,903.91808,150,199,120,1,20251021_121107
1761041401.211727,3530969,903928064,903.928064,153,199,126,1,20251021_121107
1761041401.2217104,3531008,903938048,903.938048,156,198,130,1,20251021_121107
1761041401.2316945,3531047,903948032,903.948032,159,199,135,1,20251021_121107
1761041401.2416785,3531086,903958016,903.958016,162,198,140,1,20251021_121107
1761041401.2516625,3531125,903968000,903.968,166,198,145,1,20251021_121107
1761041401.2616465,3531164,903977984,903.977984,169,198,152,1,20251021_121107
1761041401.2716303,3531203,903987968,903.987968,173,198,153,1,20251021_121107
1761041401.2816143,3531242,903997952,903.997952,177,200,160,1,20251021_121107
1761041401.2918546,3531282,904008192,904.008192,181,198,161,1,20251021_121107
1761041401.3018386,3531321,904018176,904.018176,185,199,162,1,20251021_121107
1761041401.311823,3531360,904028160,904.02816,188,198,162,1,20251021_121107
1761041401.321807,3531399,904038144,904.038144,192,198,162,1,20251021_121107
1761041401.3317904,3531438,904048128,904.048128,196,198,163,1,20251021_121107
1761041401.3417745,3531477,904058112,904.058112,200,198,164,1,20251021_121107
1761041401.3517585,3531516,904068096,904.068096,204,198,163,1,20251021_121107
1761041401.3617425,3531555,904078080,904.07808,208,198,164,1,20251021_121107
1761041401.3717265,3531594,904088064,904.088064,211,198,164,1,20251021_121107
1761041401.3817103,3531633,904098048,904.098048,215,199,166,1,20251021_121107
1761041401.3916943,3531672,904108032,904.108032,219,199,165,1,20251021_121107
1761041401.4016786,3531711,904118016,904.118016,222,199,164,1,20251021_121107
1761041401.4116626,3531750,904128000,904.128,226,199,166,1,20251021_121107
1761041401.4216466,3531789,904137984,904.137984,229,199,166,1,20251021_121107
1761041401.431887,3531829,904148224,904.148224,233,199,165,1,20251021_121107
1761041401.4418705,3531868,904158208,904.158208,236,199,165,1,20251021_121107
1761041401.4518545,3531907,904168192,904.168192,239,199,165,1,20251021_121107
1761041401.4618385,3531946,904178176,904.178176,243,199,166,1,20251021_121107
1761041401.4718225,3531985,904188160,904.18816,246,199,165,1,20251021_121107
1761041401.4818065,3532024,904198144,904.198144,249,200,166,1,20251021_121107
1761041401.4917903,3532063,904208128,904.208128,252,199,166,1,20251021_121107
1761041401.5017743,3532102,904218112,904.218112,0,200,166,1,20251021_121107
1761041401.5117586,3532141,904228096,904.228096,3,200,166,1,20251021_121107
1761041401.5217426,3532180,904238080,904.23808,5,199,165,1,20251021_121107
1761041401.5317266,3532219,904248064,904.248064,8,200,165,1,20251021_121107
1761041401.5417106,3532258,904258048,904.258048,11,199,165,1,20251021_121107
1761041401.5516946,3532297,904268032,904.268032,14,200,164,1,20251021_121107
1761041401.5616786,3532336,904278016,904.278016,16,199,161,1,20251021_121107
1761041401.5719185,3532376,904288256,904.288256,19,200,163,1,20251021_121107
1761041401.5819025,3532415,904298240,904.29824,22,199,159,1,20251021_121107
1761041401.5918863,3532454,904308224,904.308224,25,200,158,1,20251021_121107
1761041401.6018703,3532493,904318208,904.318208,27,200,157,1,20251021_121107
1761041401.6118546,3532532,904328192,904.328192,30,200,153,1,20251021_121107
1761041401.6218386,3532571,904338176,904.338176,33,199,152,1,20251021_121107
1761041401.6318226,3532610,904348160,904.34816,36,200,145,1,20251021_121107
1761041401.6418066,3532649,904358144,904.358144,39,200,135,1,20251021_121107
1761041401.6517906,3532688,904368128,904.368128,42,200,131,1,20251021_121107
1761041401.6617746,3532727,904378112,904.378112,45,199,127,1,20251021_121107
1761041401.671759,3532766,904388096,904.388096,48,199,121,1,20251021_121107
1761041401.681743,3532805,904398080,904.39808,52,199,116,1,20251021_121107
1761041401.6917264,3532844,904408064,904.408064,56,200,111,1,20251021_121107
1761041401.7017105,3532883,904418048,904.418048,59,199,105,1,20251021_121107
1761041401.7116945,3532922,904428032,904.428032,63,200,103,1,20251021_121107
1761041401.7219346,3532962,904438272,904.438272,67,200,100,1,20251021_121107
1761041401.7319186,3533001,904448256,904.448256,71,199,97,1,20251021_121107
1761041401.7419026,3533040,904458240,904.45824,75,199,98,1,20251021_121107
1761041401.7518866,3533079,904468224,904.468224,79,199,98,1,20251021_121107
1761041401.7618706,3533118,904478208,904.478208,83,199,99,1,20251021_121107
1761041401.7718546,3533157,904488192,904.488192,86,199,97,1,20251021_121107
1761041401.781839,3533196,904498176,904.498176,90,199,98,1,20251021_121107
1761041401.791823,3533235,904508160,904.50816,94,199,99,1,20251021_121107
1761041401.8018064,3533274,904518144,904.518144,97,199,99,1,20251021_121107
1761041401.8117905,3533313,904528128,904.528128,101,198,99,1,20251021_121107
1761041401.8217745,3533352,904538112,904.538112,104,198,100,1,20251021_121107
1761041401.8317585,3533391,904548096,904.548096,107,198,99,1,20251021_121107
1761041401.8417425,3533430,904558080,904.55808,111,199,97,1,20251021_121107
1761041401.8517263,3533469,904568064,904.568064,114,198,98,1,20251021_121107
1761041401.8619666,3533509,904578304,904.578304,117,198,97,1,20251021_121107
1761041401.8719506,3533548,904588288,904.588288,120,198,100,1,20251021_121107
1761041401.8819346,3533587,904598272,904.598272,123,198,101,1,20251021_121107
1761041401.891919,3533626,904608256,904.608256,126,198,102,1,20251021_121107
1761041401.901903,3533665,904618240,904.61824,129,198,103,1,20251021_121107
1761041401.9118865,3533704,904628224,904.628224,132,198,105,1,20251021_121107
1761041401.9218705,3533743,904638208,904.638208,135,198,106,1,20251021_121107
1761041401.9318545,3533782,904648192,904.648192,138,199,109,1,20251021_121107
1761041401.9418385,3533821,904658176,904.658176,141,198,112,1,20251021_121107
1761041401.9518223,3533860,904668160,904.66816,144,198,115,1,20251021_121107
1761041401.9618063,3533899,904678144,904.678144,147,198,121,1,20251021_121107
1761041401.9717906,3533938,904688128,904.688128,150,198,127,1,20251021_121107
1761041401.9817746,3533977,904698112,904.698112,153,199,131,1,20251021_121107
1761041401.9917586,3534016,904708096,904.708096,156,198,136,1,20251021_121107
1761041402.0017426,3534055,904718080,904.71808,159,200,142,1,20251021_121107
1761041402.0119824,3534095,904728320,904.72832,163,198,147,1,20251021_121107
1761041402.0219665,3534134,904738304,904.738304,166,199,153,1,20251021_121107
1761041402.0319505,3534173,904748288,904.748288,170,199,159,1,20251021_121107
1761041402.0419345,3534212,904758272,904.758272,174,200,162,1,20251021_121107
1761041402.0519185,3534251,904768256,904.768256,178,199,160,1,20251021_121107
1761041402.0619023,3534290,904778240,904.77824,182,199,161,1,20251021_121107
1761041402.0718863,3534329,904788224,904.788224,186,198,162,1,20251021_121107
1761041402.0818706,3534368,904798208,904.798208,190,199,162,1,20251021_121107
1761041402.0918546,3534407,904808192,904.808192,194,198,164,1,20251021_121107
1761041402.1018386,3534446,904818176,904.818176,198,198,164,1,20251021_121107
1761041402.1118226,3534485,904828160,904.82816,201,198,165,1,20251021_121107
1761041402.1218066,3534524,904838144,904.838144,205,198,164,1,20251021_121107
1761041402.1317906,3534563,904848128,904.848128,209,198,164,1,20251021_121107
1761041402.141775,3534602,904858112,904.858112,213,198,166,1,20251021_121107
1761041402.1520145,3534642,904868352,904.868352,217,199,166,1,20251021_121107
1761041402.1619985,3534681,904878336,904.878336,220,200,166,1,20251021_121107
1761041402.1719823,3534720,904888320,904.88832,224,199,166,1,20251021_121107
1761041402.1819663,3534759,904898304,904.898304,227,199,166,1,20251021_121107
1761041402.1919506,3534798,904908288,904.908288,231,200,167,1,20251021_121107
1761041402.2019346,3534837,904918272,904.918272,234,199,166,1,20251021_121107
1761041402.2119186,3534876,904928256,904.928256,237,199,165,1,20251021_121107
1761041402.2219026,3534915,904938240,904.93824,241,199,166,1,20251021_121107
1761041402.2318866,3534954,904948224,904.948224,244,199,167,1,20251021_121107
1761041402.2418706,3534993,904958208,904.958208,247,200,167,1,20251021_121107
1761041402.251855,3535032,904968192,904.968192,250,200,167,1,20251021_121107
1761041402.261839,3535071,904978176,904.978176,253,200,167,1,20251021_121107
1761041402.2718225,3535110,904988160,904.98816,1,200,166,1,20251021_121107
1761041402.2818065,3535149,904998144,904.998144,4,200,166,1,20251021_121107
1761041402.2917905,3535188,905008128,905.008128,7,200,165,1,20251021_121107
1761041402.3020306,3535228,905018368,905.018368,9,200,165,1,20251021_121107
1761041402.3120146,3535267,905028352,905.028352,12,199,163,1,20251021_121107
1761041402.3219986,3535306,905038336,905.038336,15,200,162,1,20251021_121107
1761041402.3319826,3535345,905048320,905.04832,18,199,160,1,20251021_121107
1761041402.3419666,3535384,905058304,905.058304,20,199,160,1,20251021_121107
1761041402.3519506,3535423,905068288,905.068288,23,199,157,1,20251021_121107
1761041402.361935,3535462,905078272,905.078272,26,199,155,1,20251021_121107
1761041402.3719184,3535501,905088256,905.088256,28,200,153,1,20251021_121107
1761041402.3819025,3535540,905098240,905.09824,31,199,150,1,20251021_121107
1761041402.3918865,3535579,905108224,905.108224,34,199,144,1,20251021_121107
1761041402.4018705,3535618,905118208,905.118208,37,199,138,1,20251021_121107
1761041402.4118545,3535657,905128192,905.128192,40,199,129,1,20251021_121107
1761041402.4218383,3535696,905138176,905.138176,44,200,123,1,20251021_121107
1761041402.4318223,3535735,905148160,905.14816,47,200,118,1,20251021_121107
1761041402.4420626,3535775,905158400,905.1584,51,200,112,1,20251021_121107
1761041402.4520466,3535814,905168384,905.168384,55,199,106,1,20251021_121107
1761041402.4620306,3535853,905178368,905.178368,58,200,103,1,20251021_121107
1761041402.472015,3535892,905188352,905.188352,62,200,100,1,20251021_121107
1761041402.4819984,3535931,905198336,905.198336,66,199,98,1,20251021_121107
1761041402.4919825,3535970,905208320,905.20832,70,199,99,1,20251021_121107
1761041402.5019665,3536009,905218304,905.218304,74,199,99,1,20251021_121107
1761041402.5119505,3536048,905228288,905.228288,78,199,98,1,20251021_121107
1761041402.5219345,3536087,905238272,905.238272,82,199,98,1,20251021_121107
1761041402.5319183,3536126,905248256,905.248256,86,199,100,1,20251021_121107
1761041402.5419023,3536165,905258240,905.25824,89,199,99,1,20251021_121107
1761041402.5518866,3536204,905268224,905.268224,93,199,100,1,20251021_121107
1761041402.5618706,3536243,905278208,905.278208,96,199,97,1,20251021_121107
1761041402.5718546,3536282,905288192,905.288192,100,199,99,1,20251021_121107
1761041402.582095,3536322,905298432,905.298432,103,199,99,1,20251021_121107
1761041402.5920784,3536361,905308416,905.308416,107,199,100,1,20251021_121107
1761041402.6020625,3536400,905318400,905.3184,110,198,98,1,20251021_121107
1761041402.6120465,3536439,905328384,905.328384,113,198,100,1,20251021_121107
1761041402.6220305,3536478,905338368,905.338368,116,198,98,1,20251021_121107
1761041402.6320145,3536517,905348352,905.348352,120,198,98,1,20251021_121107
1761041402.6419983,3536556,905358336,905.358336,123,198,98,1,20251021_121107
1761041402.6519823,3536595,905368320,905.36832,126,197,98,1,20251021_121107
1761041402.6619666,3536634,905378304,905.378304,128,198,99,1,20251021_121107
1761041402.6719506,3536673,905388288,905.388288,131,197,99,1,20251021_121107
1761041402.6819346,3536712,905398272,905.398272,134,198,100,1,20251021_121107
1761041402.6919186,3536751,905408256,905.408256,137,197,100,1,20251021_121107
1761041402.7019026,3536790,905418240,905.41824,140,198,101,1,20251021_121107
1761041402.7118866,3536829,905428224,905.428224,142,197,101,1,20251021_121107
1761041402.721871,3536868,905438208,905.438208,145,198,102,1,20251021_121107
1761041402.7321105,3536908,905448448,905.448448,148,198,102,1,20251021_121107
1761041402.7420945,3536947,905458432,905.458432,150,197,104,1,20251021_121107
1761041402.7520783,3536986,905468416,905.468416,153,198,104,1,20251021_121107
1761041402.7620623,3537025,905478400,905.4784,156,197,106,1,20251021_121107
1761041402.7720466,3537064,905488384,905.488384,158,197,106,1,20251021_121107
1761041402.7820306,3537103,905498368,905.498368,161,197,107,1,20251021_121107
1761041402.7920146,3537142,905508352,905.508352,164,198,110,1,20251021_121107
1761041402.8019986,3537181,905518336,905.518336,166,198,114,1,20251021_121107
1761041402.8119826,3537220,905528320,905.52832,169,198,118,1,20251021_121107
1761041402.8219666,3537259,905538304,905.538304,172,198,122,1,20251021_121107
1761041402.831951,3537298,905548288,905.548288,175,198,127,1,20251021_121107
1761041402.8419344,3537337,905558272,905.558272,178,198,130,1,20251021_121107
1761041402.8519185,3537376,905568256,905.568256,181,199,135,1,20251021_121107
1761041402.8619025,3537415,905578240,905.57824,185,199,140,1,20251021_121107
1761041402.8721426,3537455,905588480,905.58848,188,199,143,1,20251021_121107
1761041402.8821266,3537494,905598464,905.598464,192,199,150,1,20251021_121107
1761041402.8921106,3537533,905608448,905.608448,195,198,154,1,20251021_121107
1761041402.9020946,3537572,905618432,905.618432,199,199,162,1,20251021_121107
1761041402.9120786,3537611,905628416,905.628416,203,199,161,1,20251021_121107
1761041402.9220626,3537650,905638400,905.6384,207,199,161,1,20251021_121107
1761041402.932047,3537689,905648384,905.648384,210,199,162,1,20251021_121107
1761041402.942031,3537728,905658368,905.658368,214,199,163,1,20251021_121107
1761041402.9520144,3537767,905668352,905.668352,218,198,163,1,20251021_121107
1761041402.9619985,3537806,905678336,905.678336,221,199,164,1,20251021_121107
1761041402.9719825,3537845,905688320,905.68832,225,199,163,1,20251021_121107
1761041402.9819665,3537884,905698304,905.698304,228,199,164,1,20251021_121107
1761041402.9919505,3537923,905708288,905.708288,232,199,165,1,20251021_121107
1761041403.0019343,3537962,905718272,905.718272,235,199,164,1,20251021_121107
1761041403.0121746,3538002,905728512,905.728512,238,199,164,1,20251021_121107
1761041403.0221586,3538041,905738496,905.738496,241,199,164,1,20251021_121107
1761041403.0321426,3538080,905748480,905.74848,245,200,166,1,20251021_121107
1761041403.042127,3538119,905758464,905.758464,248,201,167,1,20251021_121107
1761041403.052111,3538158,905768448,905.768448,251,199,165,1,20251021_121107
1761041403.0620944,3538197,905778432,905.778432,254,200,166,1,20251021_121107
1761041403.0720785,3538236,905788416,905.788416,2,200,166,1,20251021_121107
1761041403.0820625,3538275,905798400,905.7984,5,200,165,1,20251021_121107
1761041403.0920465,3538314,905808384,905.808384,7,199,165,1,20251021_121107
1761041403.1020305,3538353,905818368,905.818368,10,200,167,1,20251021_121107
1761041403.1120143,3538392,905828352,905.828352,13,201,164,1,20251021_121107
1761041403.1219983,3538431,905838336,905.838336,16,200,164,1,20251021_121107
1761041403.1319826,3538470,905848320,905.84832,18,200,164,1,20251021_121107
1761041403.1419666,3538509,905858304,905.858304,21,200,162,1,20251021_121107
1761041403.1519506,3538548,905868288,905.868288,23,200,163,1,20251021_121107
1761041403.162191,3538588,905878528,905.878528,26,199,162,1,20251021_121107
1761041403.1721745,3538627,905888512,905.888512,29,200,160,1,20251021_121107
1761041403.1821585,3538666,905898496,905.898496,31,200,159,1,20251021_121107
1761041403.1921425,3538705,905908480,905.90848,34,200,158,1,20251021_121107
1761041403.2021265,3538744,905918464,905.918464,37,200,156,1,20251021_121107
1761041403.2121103,3538783,905928448,905.928448,39,200,154,1,20251021_121107
1761041403.2220943,3538822,905938432,905.938432,42,200,147,1,20251021_121107
1761041403.2320786,3538861,905948416,905.948416,45,200,141,1,20251021_121107
1761041403.2420626,3538900,905958400,905.9584,48,200,130,1,20251021_121107
1761041403.2520466,3538939,905968384,905.968384,51,200,126,1,20251021_121107
1761041403.2620306,3538978,905978368,905.978368,55,200,119,1,20251021_121107
1761041403.2720146,3539017,905988352,905.988352,58,200,115,1,20251021_121107
1761041403.2819986,3539056,905998336,905.998336,62,199,109,1,20251021_121107
1761041403.291983,3539095,906008320,906.00832,66,199,105,1,20251021_121107
1761041403.301967,3539134,906018304,906.018304,70,199,102,1,20251021_121107
1761041403.3122065,3539174,906028544,906.028544,73,200,98,1,20251021_121107
1761041403.3221903,3539213,906038528,906.038528,77,200,96,1,20251021_121107
1761041403.3321743,3539252,906048512,906.048512,81,199,99,1,20251021_121107
1761041403.3421586,3539291,906058496,906.058496,85,199,99,1,20251021_121107
1761041403.3521426,3539330,906068480,906.06848,89,199,98,1,20251021_121107
1761041403.3621266,3539369,906078464,906.078464,92,199,98,1,20251021_121107
1761041403.3721106,3539408,906088448,906.088448,96,199,99,1,20251021_121107
1761041403.3820946,3539447,906098432,906.098432,99,199,100,1,20251021_121107
1761041403.3920786,3539486,906108416,906.108416,103,198,99,1,20251021_121107
1761041403.402063,3539525,906118400,906.1184,106,198,98,1,20251021_121107
1761041403.412047,3539564,906128384,906.128384,109,199,101,1,20251021_121107
1761041403.4220304,3539603,906138368,906.138368,113,199,98,1,20251021_121107
1761041403.4320145,3539642,906148352,906.148352,116,198,98,1,20251021_121107
1761041403.4419985,3539681,906158336,906.158336,119,198,99,1,20251021_121107
1761041403.4522386,3539721,906168576,906.168576,122,198,100,1,20251021_121107
1761041403.4622226,3539760,906178560,906.17856,125,197,100,1,20251021_121107
1761041403.4722066,3539799,906188544,906.188544,128,198,100,1,20251021_121107
1761041403.4821906,3539838,906198528,906.198528,131,197,101,1,20251021_121107
1761041403.4921746,3539877,906208512,906.208512,134,198,102,1,20251021_121107
1761041403.5021586,3539916,906218496,906.218496,137,198,102,1,20251021_121107
1761041403.512143,3539955,906228480,906.22848,139,198,103,1,20251021_121107
1761041403.522127,3539994,906238464,906.238464,142,198,104,1,20251021_121107
1761041403.5321105,3540033,906248448,906.248448,145,198,105,1,20251021_121107
1761041403.5420945,3540072,906258432,906.258432,148,198,106,1,20251021_121107
1761041403.5520785,3540111,906268416,906.268416,150,198,107,1,20251021_121107
1761041403.5620625,3540150,906278400,906.2784,153,198,108,1,20251021_121107
1761041403.5720465,3540189,906288384,906.288384,156,198,110,1,20251021_121107
1761041403.5820303,3540228,906298368,906.298368,159,197,113,1,20251021_121107
1761041403.5922706,3540268,906308608,906.308608,161,198,118,1,20251021_121107
1761041403.6022546,3540307,906318592,906.318592,164,198,122,1,20251021_121107
1761041403.6122386,3540346,906328576,906.328576,167,198,127,1,20251021_121107
1761041403.622223,3540385,906338560,906.33856,170,198,130,1,20251021_121107
1761041403.6322064,3540424,906348544,906.348544,174,198,135,1,20251021_121107
1761041403.6421905,3540463,906358528,906.358528,177,198,140,1,20251021_121107
1761041403.6521745,3540502,906368512,906.368512,181,198,144,1,20251021_121107
1761041403.6621585,3540541,906378496,906.378496,184,198,150,1,20251021_121107
1761041403.6721425,3540580,906388480,906.38848,188,198,153,1,20251021_121107
1761041403.6821263,3540619,906398464,906.398464,191,198,157,1,20251021_121107
1761041403.6921103,3540658,906408448,906.408448,195,199,158,1,20251021_121107
1761041403.7020946,3540697,906418432,906.418432,199,199,161,1,20251021_121107
1761041403.7120786,3540736,906428416,906.428416,203,199,162,1,20251021_121107
1761041403.7223186,3540776,906438656,906.438656,207,198,162,1,20251021_121107
1761041403.732303,3540815,906448640,906.44864,210,198,163,1,20251021_121107
1761041403.7422864,3540854,906458624,906.458624,214,199,163,1,20251021_121107
1761041403.7522705,3540893,906468608,906.468608,218,199,162,1,20251021_121107
1761041403.7622545,3540932,906478592,906.478592,221,199,164,1,20251021_121107
1761041403.7722385,3540971,906488576,906.488576,225,199,164,1,20251021_121107
1761041403.7822225,3541010,906498560,906.49856,228,199,164,1,20251021_121107
1761041403.7922063,3541049,906508544,906.508544,232,199,164,1,20251021_121107
1761041403.8021903,3541088,906518528,906.518528,235,200,164,1,20251021_121107
1761041403.8121746,3541127,906528512,906.528512,238,200,165,1,20251021_121107
1761041403.8221586,3541166,906538496,906.538496,242,199,164,1,20251021_121107
1761041403.8321426,3541205,906548480,906.54848,245,200,165,1,20251021_121107
1761041403.8421266,3541244,906558464,906.558464,248,200,165,1,20251021_121107
1761041403.8521106,3541283,906568448,906.568448,251,200,165,1,20251021_121107
1761041403.8623505,3541323,906578688,906.578688,254,200,165,1,20251021_121107
1761041403.8723345,3541362,906588672,906.588672,2,200,164,1,20251021_121107
1761041403.8823185,3541401,906598656,906.598656,5,200,164,1,20251021_121107
1761041403.8923025,3541440,906608640,906.60864,7,200,165,1,20251021_121107
1761041403.9022863,3541479,906618624,906.618624,10,199,164,1,20251021_121107
1761041403.9122703,3541518,906628608,906.628608,13,200,165,1,20251021_121107
1761041403.9222546,3541557,906638592,906.638592,16,200,164,1,20251021_121107
1761041403.9322386,3541596,906648576,906.648576,18,200,164,1,20251021_121107
1761041403.9422226,3541635,906658560,906.65856,21,200,164,1,20251021_121107
1761041403.9522066,3541674,906668544,906.668544,23,200,164,1,20251021_121107
1761041403.9621906,3541713,906678528,906.678528,26,200,163,1,20251021_121107
1761041403.9721746,3541752,906688512,906.688512,29,200,162,1,20251021_121107
1761041403.982159,3541791,906698496,906.698496,31,200,162,1,20251021_121107
1761041403.9921424,3541830,906708480,906.70848,34,199,160,1,20251021_121107
1761041404.0021265,3541869,906718464,906.718464,36,200,160,1,20251021_121107
1761041404.0123663,3541909,906728704,906.728704,39,200,158,1,20251021_121107
1761041404.0223503,3541948,906738688,906.738688,42,201,156,1,20251021_121107
1761041404.0323346,3541987,906748672,906.748672,44,201,154,1,20251021_121107
1761041404.0423186,3542026,906758656,906.758656,47,200,151,1,20251021_121107
1761041404.0523026,3542065,906768640,906.76864,50,200,145,1,20251021_121107
1761041404.0622866,3542104,906778624,906.778624,53,199,134,1,20251021_121107
1761041404.0722706,3542143,906788608,906.788608,56,200,130,1,20251021_121107
1761041404.0822546,3542182,906798592,906.798592,59,200,127,1,20251021_121107
1761041404.092239,3542221,906808576,906.808576,63,199,123,1,20251021_121107
1761041404.1022224,3542260,906818560,906.81856,66,200,120,1,20251021_121107
1761041404.1122065,3542299,906828544,906.828544,70,199,115,1,20251021_121107
1761041404.1221905,3542338,906838528,906.838528,73,199,111,1,20251021_121107
1761041404.1321745,3542377,906848512,906.848512,77,199,107,1,20251021_121107
1761041404.1421585,3542416,906858496,906.858496,80,199,105,1,20251021_121107
1761041404.1523986,3542456,906868736,906.868736,84,199,102,1,20251021_121107
1761041404.1623826,3542495,906878720,906.87872,88,199,99,1,20251021_121107
1761041404.1723666,3542534,906888704,906.888704,91,199,98,1,20251021_121107
1761041404.1823506,3542573,906898688,906.898688,95,199,99,1,20251021_121107
1761041404.192335,3542612,906908672,906.908672,99,199,99,1,20251021_121107
1761041404.202319,3542651,906918656,906.918656,102,198,99,1,20251021_121107
1761041404.2123024,3542690,906928640,906.92864,105,199,98,1,20251021_121107
1761041404.2222865,3542729,906938624,906.938624,109,198,98,1,20251021_121107
1761041404.2322705,3542768,906948608,906.948608,112,198,100,1,20251021_121107
1761041404.2422545,3542807,906958592,906.958592,115,199,100,1,20251021_121107
1761041404.2522385,3542846,906968576,906.968576,118,198,100,1,20251021_121107
1761041404.2622223,3542885,906978560,906.97856,121,199,102,1,20251021_121107
1761041404.2722063,3542924,906988544,906.988544,124,198,101,1,20251021_121107
1761041404.2821906,3542963,906998528,906.998528,127,198,103,1,20251021_121107
1761041404.2921746,3543002,907008512,907.008512,130,198,103,1,20251021_121107
1761041404.302415,3543042,907018752,907.018752,133,197,103,1,20251021_121107
1761041404.312399,3543081,907028736,907.028736,136,198,106,1,20251021_121107
1761041404.3223825,3543120,907038720,907.03872,139,198,107,1,20251021_121107
1761041404.3323665,3543159,907048704,907.048704,142,198,107,1,20251021_121107
1761041404.3423505,3543198,907058688,907.058688,145,198,112,1,20251021_121107
1761041404.3523345,3543237,907068672,907.068672,147,198,115,1,20251021_121107
1761041404.3623185,3543276,907078656,907.078656,150,197,121,1,20251021_121107
1761041404.3723023,3543315,907088640,907.08864,153,198,126,1,20251021_121107
1761041404.3822863,3543354,907098624,907.098624,157,199,131,1,20251021_121107
1761041404.3922706,3543393,907108608,907.108608,160,199,138,1,20251021_121107
1761041404.4022546,3543432,907118592,907.118592,163,198,142,1,20251021_121107
1761041404.4122386,3543471,907128576,907.128576,167,198,147,1,20251021_121107
1761041404.4222226,3543510,907138560,907.13856,170,198,151,1,20251021_121107
1761041404.4322066,3543549,907148544,907.148544,174,198,158,1,20251021_121107
1761041404.4424465,3543589,907158784,907.158784,178,198,159,1,20251021_121107
1761041404.4524305,3543628,907168768,907.168768,182,199,161,1,20251021_121107
1761041404.4624145,3543667,907178752,907.178752,186,198,160,1,20251021_121107
1761041404.4723983,3543706,907188736,907.188736,190,199,161,1,20251021_121107
1761041404.4823823,3543745,907198720,907.19872,193,198,162,1,20251021_121107
1761041404.4923666,3543784,907208704,907.208704,197,198,162,1,20251021_121107
1761041404.5023506,3543823,907218688,907.218688,201,198,163,1,20251021_121107
1761041404.5123346,3543862,907228672,907.228672,205,199,164,1,20251021_121107
1761041404.5223186,3543901,907238656,907.238656,209,199,164,1,20251021_121107
1761041404.5323026,3543940,907248640,907.24864,213,198,164,1,20251021_121107
1761041404.5422866,3543979,907258624,907.258624,216,198,164,1,20251021_121107
1761041404.552271,3544018,907268608,907.268608,220,198,164,1,20251021_121107
1761041404.562255,3544057,907278592,907.278592,223,199,164,1,20251021_121107
1761041404.5722384,3544096,907288576,907.288576,227,199,165,1,20251021_121107
1761041404.5822225,3544135,907298560,907.29856,230,199,165,1,20251021_121107
1761041404.5924623,3544175,907308800,907.3088,234,200,166,1,20251021_121107
1761041404.6024466,3544214,907318784,907.318784,237,199,166,1,20251021_121107
1761041404.6124306,3544253,907328768,907.328768,240,200,166,1,20251021_121107
1761041404.6224146,3544292,907338752,907.338752,243,200,168,1,20251021_121107
1761041404.6323986,3544331,907348736,907.348736,247,200,166,1,20251021_121107
1761041404.6423826,3544370,907358720,907.35872,250,199,165,1,20251021_121107
1761041404.6523666,3544409,907368704,907.368704,253,199,166,1,20251021_121107
1761041404.662351,3544448,907378688,907.378688,1,200,166,1,20251021_121107
1761041404.672335,3544487,907388672,907.388672,3,200,166,1,20251021_121107
1761041404.6823184,3544526,907398656,907.398656,6,200,165,1,20251021_121107
1761041404.6923025,3544565,907408640,907.40864,9,200,164,1,20251021_121107
1761041404.7022865,3544604,907418624,907.418624,12,200,164,1,20251021_121107
1761041404.7122705,3544643,907428608,907.428608,15,200,162,1,20251021_121107
1761041404.7222545,3544682,907438592,907.438592,17,200,161,1,20251021_121107
1761041404.7322383,3544721,907448576,907.448576,20,199,158,1,20251021_121107
1761041404.7424786,3544761,907458816,907.458816,23,200,157,1,20251021_121107
1761041404.7524626,3544800,907468800,907.4688,25,200,155,1,20251021_121107
1761041404.7624466,3544839,907478784,907.478784,28,199,151,1,20251021_121107
1761041404.772431,3544878,907488768,907.488768,31,200,151,1,20251021_121107
1761041404.782415,3544917,907498752,907.498752,34,200,144,1,20251021_121107
1761041404.7923985,3544956,907508736,907.508736,37,199,137,1,20251021_121107
1761041404.8023825,3544995,907518720,907.51872,40,199,130,1,20251021_121107
1761041404.8123665,3545034,907528704,907.528704,43,200,126,1,20251021_121107
1761041404.8223505,3545073,907538688,907.538688,47,200,120,1,20251021_121107
1761041404.8323345,3545112,907548672,907.548672,50,200,115,1,20251021_121107
1761041404.8423183,3545151,907558656,907.558656,54,200,109,1,20251021_121107
1761041404.8523026,3545190,907568640,907.56864,58,200,105,1,20251021_121107
1761041404.8622866,3545229,907578624,907.578624,62,200,101,1,20251021_121107
1761041404.8722706,3545268,907588608,907.588608,66,200,98,1,20251021_121107
1761041404.882511,3545308,907598848,907.598848,70,200,99,1,20251021_121107
1761041404.8924944,3545347,907608832,907.608832,74,199,100,1,20251021_121107
1761041404.9024785,3545386,907618816,907.618816,77,199,100,1,20251021_121107
1761041404.9124625,3545425,907628800,907.6288,81,199,100,1,20251021_121107
1761041404.9224465,3545464,907638784,907.638784,85,199,100,1,20251021_121107
1761041404.9324305,3545503,907648768,907.648768,89,199,102,1,20251021_121107
1761041404.9424143,3545542,907658752,907.658752,92,199,101,1,20251021_121107
1761041404.9523983,3545581,907668736,907.668736,96,199,100,1,20251021_121107
1761041404.9623826,3545620,907678720,907.67872,99,199,103,1,20251021_121107
1761041404.9723666,3545659,907688704,907.688704,103,199,101,1,20251021_121107
1761041404.9823506,3545698,907698688,907.698688,106,198,97,1,20251021_121107
1761041404.9923346,3545737,907708672,907.708672,109,198,98,1,20251021_121107
1761041405.0023186,3545776,907718656,907.718656,113,198,95,1,20251021_121107
1761041405.0123026,3545815,907728640,907.72864,116,198,99,1,20251021_121107
1761041405.0225425,3545855,907738880,907.73888,119,198,100,1,20251021_121107
1761041405.0325265,3545894,907748864,907.748864,122,198,100,1,20251021_121107
1761041405.0425105,3545933,907758848,907.758848,125,198,101,1,20251021_121107
1761041405.0524943,3545972,907768832,907.768832,128,198,102,1,20251021_121107
1761041405.0624783,3546011,907778816,907.778816,131,198,103,1,20251021_121107
1761041405.0724626,3546050,907788800,907.7888,134,198,105,1,20251021_121107
1761041405.0824466,3546089,907798784,907.798784,137,198,107,1,20251021_121107
1761041405.0924306,3546128,907808768,907.808768,140,198,110,1,20251021_121107
1761041405.1024146,3546167,907818752,907.818752,142,198,112,1,20251021_121107
1761041405.1123986,3546206,907828736,907.828736,145,198,118,1,20251021_121107
1761041405.1223826,3546245,907838720,907.83872,148,198,123,1,20251021_121107
1761041405.132367,3546284,907848704,907.848704,151,198,128,1,20251021_121107
1761041405.142351,3546323,907858688,907.858688,155,198,133,1,20251021_121107
1761041405.1523345,3546362,907868672,907.868672,158,198,138,1,20251021_121107
1761041405.1623185,3546401,907878656,907.878656,161,198,142,1,20251021_121107
1761041405.1725583,3546441,907888896,907.888896,165,198,147,1,20251021_121107
1761041405.1825426,3546480,907898880,907.89888,168,198,154,1,20251021_121107
1761041405.1925266,3546519,907908864,907.908864,172,199,161,1,20251021_121107
1761041405.2025106,3546558,907918848,907.918848,176,199,162,1,20251021_121107
1761041405.2124946,3546597,907928832,907.928832,180,199,162,1,20251021_121107
1761041405.2224786,3546636,907938816,907.938816,184,198,161,1,20251021_121107
1761041405.2324626,3546675,907948800,907.9488,188,199,163,1,20251021_121107
1761041405.242447,3546714,907958784,907.958784,192,199,164,1,20251021_121107
1761041405.2524304,3546753,907968768,907.968768,196,199,164,1,20251021_121107
1761041405.2624145,3546792,907978752,907.978752,199,198,164,1,20251021_121107
1761041405.2723985,3546831,907988736,907.988736,203,198,162,1,20251021_121107
1761041405.2823825,3546870,907998720,907.99872,207,199,165,1,20251021_121107
1761041405.2923665,3546909,908008704,908.008704,211,199,165,1,20251021_121107
1761041405.3026066,3546949,908018944,908.018944,215,199,165,1,20251021_121107
1761041405.3125906,3546988,908028928,908.028928,218,199,166,1,20251021_121107
1761041405.3225746,3547027,908038912,908.038912,222,199,166,1,20251021_121107
1761041405.3325586,3547066,908048896,908.048896,225,198,164,1,20251021_121107
1761041405.3425426,3547105,908058880,908.05888,229,199,165,1,20251021_121107
1761041405.352527,3547144,908068864,908.068864,232,199,166,1,20251021_121107
1761041405.3625104,3547183,908078848,908.078848,236,199,167,1,20251021_121107
1761041405.3727503,3547223,908089088,908.089088,239,200,166,1,20251021_121107
1761041405.3827343,3547262,908099072,908.099072,242,200,167,1,20251021_121107
1761041405.3927186,3547301,908109056,908.109056,245,200,166,1,20251021_121107
1761041405.4027026,3547340,908119040,908.11904,248,200,167,1,20251021_121107
1761041405.4126866,3547379,908129024,908.129024,251,200,167,1,20251021_121107
1761041405.4226706,3547418,908139008,908.139008,254,200,166,1,20251021_121107
1761041405.4326546,3547457,908148992,908.148992,2,199,165,1,20251021_121107
1761041405.4426386,3547496,908158976,908.158976,5,200,167,1,20251021_121107
1761041405.4528785,3547536,908169216,908.169216,8,200,165,1,20251021_121107
1761041405.4628625,3547575,908179200,908.1792,11,199,165,1,20251021_121107
1761041405.4728465,3547614,908189184,908.189184,13,200,164,1,20251021_121107
1761041405.4828303,3547653,908199168,908.199168,16,200,162,1,20251021_121107
1761041405.4928143,3547692,908209152,908.209152,19,200,162,1,20251021_121107
1761041405.5027986,3547731,908219136,908.219136,22,200,162,1,20251021_121107
1761041405.5127826,3547770,908229120,908.22912,24,200,159,1,20251021_121107
1761041405.523023,3547810,908239360,908.23936,27,200,156,1,20251021_121107
1761041405.533007,3547849,908249344,908.249344,30,200,154,1,20251021_121107
1761041405.5429904,3547888,908259328,908.259328,32,200,150,1,20251021_121107
1761041405.5529745,3547927,908269312,908.269312,35,200,143,1,20251021_121107
1761041405.5629585,3547966,908279296,908.279296,38,201,137,1,20251021_121107
1761041405.5729425,3548005,908289280,908.28928,42,200,128,1,20251021_121107
1761041405.5829265,3548044,908299264,908.299264,45,199,120,1,20251021_121107
1761041405.5931666,3548084,908309504,908.309504,49,200,118,1,20251021_121107
1761041405.6031506,3548123,908319488,908.319488,52,200,113,1,20251021_121107
1761041405.6131346,3548162,908329472,908.329472,56,200,109,1,20251021_121107
1761041405.6231186,3548201,908339456,908.339456,60,200,105,1,20251021_121107
1761041405.633103,3548240,908349440,908.34944,64,200,102,1,20251021_121107
1761041405.643087,3548279,908359424,908.359424,68,199,98,1,20251021_121107
1761041405.6530704,3548318,908369408,908.369408,72,200,100,1,20251021_121107
1761041405.6630545,3548357,908379392,908.379392,75,200,100,1,20251021_121107
1761041405.6730385,3548396,908389376,908.389376,79,199,100,1,20251021_121107
1761041405.6832786,3548436,908399616,908.399616,83,199,98,1,20251021_121107
1761041405.6932626,3548475,908409600,908.4096,87,200,100,1,20251021_121107
1761041405.7032466,3548514,908419584,908.419584,90,199,99,1,20251021_121107
1761041405.7132306,3548553,908429568,908.429568,94,199,100,1,20251021_121107
1761041405.7232146,3548592,908439552,908.439552,98,198,99,1,20251021_121107
1761041405.7331986,3548631,908449536,908.449536,101,198,100,1,20251021_121107
1761041405.743183,3548670,908459520,908.45952,104,199,99,1,20251021_121107
1761041405.753167,3548709,908469504,908.469504,108,199,100,1,20251021_121107
1761041405.7631505,3548748,908479488,908.479488,111,198,100,1,20251021_121107
1761041405.7731345,3548787,908489472,908.489472,114,198,100,1,20251021_121107
1761041405.7831185,3548826,908499456,908.499456,117,198,101,1,20251021_121107
1761041405.7931025,3548865,908509440,908.50944,121,198,100,1,20251021_121107
1761041405.8030863,3548904,908519424,908.519424,124,198,99,1,20251021_121107
1761041405.8130703,3548943,908529408,908.529408,127,197,98,1,20251021_121107
1761041405.8233106,3548983,908539648,908.539648,129,198,100,1,20251021_121107
1761041405.8332946,3549022,908549632,908.549632,132,198,101,1,20251021_121107
1761041405.8432786,3549061,908559616,908.559616,135,198,101,1,20251021_121107
1761041405.853263,3549100,908569600,908.5696,138,199,103,1,20251021_121107
1761041405.8632464,3549139,908579584,908.579584,141,198,102,1,20251021_121107
1761041405.8732305,3549178,908589568,908.589568,143,198,102,1,20251021_121107
1761041405.8832145,3549217,908599552,908.599552,146,199,103,1,20251021_121107
1761041405.8931985,3549256,908609536,908.609536,149,199,104,1,20251021_121107
1761041405.9031825,3549295,908619520,908.61952,151,198,105,1,20251021_121107
1761041405.9131663,3549334,908629504,908.629504,154,198,106,1,20251021_121107
1761041405.9231503,3549373,908639488,908.639488,157,198,107,1,20251021_121107
1761041405.9331346,3549412,908649472,908.649472,159,198,108,1,20251021_121107
1761041405.9431186,3549451,908659456,908.659456,162,198,109,1,20251021_121107
1761041405.9531026,3549490,908669440,908.66944,165,199,112,1,20251021_121107
1761041405.9630866,3549529,908679424,908.679424,167,198,115,1,20251021_121107
1761041405.9733264,3549569,908689664,908.689664,170,198,119,1,20251021_121107
1761041405.9833105,3549608,908699648,908.699648,173,198,125,1,20251021_121107
1761041405.9932945,3549647,908709632,908.709632,176,198,128,1,20251021_121107
1761041406.0032785,3549686,908719616,908.719616,179,198,133,1,20251021_121107
1761041406.0132625,3549725,908729600,908.7296,183,198,136,1,20251021_121107
1761041406.0232463,3549764,908739584,908.739584,186,198,144,1,20251021_121107
1761041406.0332303,3549803,908749568,908.749568,190,198,147,1,20251021_121107
1761041406.0432146,3549842,908759552,908.759552,193,199,151,1,20251021_121107
1761041406.0531986,3549881,908769536,908.769536,197,199,156,1,20251021_121107
1761041406.0631826,3549920,908779520,908.77952,201,199,159,1,20251021_121107
1761041406.0731666,3549959,908789504,908.789504,204,199,160,1,20251021_121107
1761041406.0831506,3549998,908799488,908.799488,208,199,161,1,20251021_121107
1761041406.0931346,3550037,908809472,908.809472,212,199,161,1,20251021_121107
1761041406.103119,3550076,908819456,908.819456,215,199,162,1,20251021_121107
1761041406.1133585,3550116,908829696,908.829696,219,199,163,1,20251021_121107
1761041406.1233425,3550155,908839680,908.83968,223,199,163,1,20251021_121107
1761041406.1333263,3550194,908849664,908.849664,226,199,164,1,20251021_121107
1761041406.1433103,3550233,908859648,908.859648,229,201,165,1,20251021_121107
1761041406.1532946,3550272,908869632,908.869632,233,200,166,1,20251021_121107
1761041406.1632786,3550311,908879616,908.879616,236,199,164,1,20251021_121107
1761041406.1732626,3550350,908889600,908.8896,239,201,168,1,20251021_121107
1761041406.1832466,3550389,908899584,908.899584,243,199,164,1,20251021_121107
1761041406.1932306,3550428,908909568,908.909568,246,200,166,1,20251021_121107
1761041406.2032146,3550467,908919552,908.919552,249,200,166,1,20251021_121107
1761041406.213199,3550506,908929536,908.929536,252,199,165,1,20251021_121107
1761041406.2231824,3550545,908939520,908.93952,0,200,166,1,20251021_121107
1761041406.2331665,3550584,908949504,908.949504,3,200,165,1,20251021_121107
1761041406.2431505,3550623,908959488,908.959488,6,200,166,1,20251021_121107
1761041406.2533906,3550663,908969728,908.969728,8,200,164,1,20251021_121107
1761041406.2633746,3550702,908979712,908.979712,11,200,166,1,20251021_121107
1761041406.2733586,3550741,908989696,908.989696,14,200,163,1,20251021_121107
1761041406.2833426,3550780,908999680,908.99968,17,200,165,1,20251021_121107
1761041406.2933266,3550819,909009664,909.009664,19,200,165,1,20251021_121107
1761041406.3033106,3550858,909019648,909.019648,22,200,163,1,20251021_121107
1761041406.3132946,3550897,909029632,909.029632,24,200,164,1,20251021_121107
1761041406.323279,3550936,909039616,909.039616,27,200,164,1,20251021_121107
1761041406.3332624,3550975,909049600,909.0496,29,200,166,1,20251021_121107
1761041406.3435023,3551015,909059840,909.05984,32,200,162,1,20251021_121107
1761041406.3534863,3551054,909069824,909.069824,35,200,162,1,20251021_121107
1761041406.3634706,3551093,909079808,909.079808,37,200,161,1,20251021_121107
1761041406.3734546,3551132,909089792,909.089792,40,200,160,1,20251021_121107
1761041406.3834386,3551171,909099776,909.099776,42,200,157,1,20251021_121107
1761041406.3934226,3551210,909109760,909.10976,45,200,155,1,20251021_121107
1761041406.4034066,3551249,909119744,909.119744,47,200,152,1,20251021_121107
1761041406.4133906,3551288,909129728,909.129728,50,200,149,1,20251021_121107
1761041406.423375,3551327,909139712,909.139712,53,199,138,1,20251021_121107
1761041406.433359,3551366,909149696,909.149696,56,200,133,1,20251021_121107
1761041406.4433424,3551405,909159680,909.15968,60,200,127,1,20251021_121107
1761041406.4533265,3551444,909169664,909.169664,63,200,123,1,20251021_121107
1761041406.4633105,3551483,909179648,909.179648,66,199,116,1,20251021_121107
1761041406.4732945,3551522,909189632,909.189632,70,199,111,1,20251021_121107
1761041406.4832785,3551561,909199616,909.199616,74,199,107,1,20251021_121107
1761041406.4935186,3551601,909209856,909.209856,78,199,103,1,20251021_121107
1761041406.5035026,3551640,909219840,909.21984,81,199,101,1,20251021_121107
1761041406.5134866,3551679,909229824,909.229824,85,199,97,1,20251021_121107
1761041406.5234706,3551718,909239808,909.239808,89,199,99,1,20251021_121107
1761041406.533455,3551757,909249792,909.249792,92,199,100,1,20251021_121107
1761041406.543439,3551796,909259776,909.259776,96,198,98,1,20251021_121107
1761041406.5534225,3551835,909269760,909.26976,99,199,98,1,20251021_121107
1761041406.5634065,3551874,909279744,909.279744,103,199,98,1,20251021_121107
1761041406.5733905,3551913,909289728,909.289728,106,199,98,1,20251021_121107
1761041406.5833745,3551952,909299712,909.299712,110,198,97,1,20251021_121107
1761041406.5933585,3551991,909309696,909.309696,113,199,99,1,20251021_121107
1761041406.6033423,3552030,909319680,909.31968,116,199,99,1,20251021_121107
1761041406.6133263,3552069,909329664,909.329664,119,198,101,1,20251021_121107
1761041406.6233106,3552108,909339648,909.339648,122,198,101,1,20251021_121107
1761041406.6335506,3552148,909349888,909.349888,125,198,102,1,20251021_121107
1761041406.643535,3552187,909359872,909.359872,128,198,102,1,20251021_121107
1761041406.653519,3552226,909369856,909.369856,131,198,103,1,20251021_121107
1761041406.6635025,3552265,909379840,909.37984,134,198,103,1,20251021_121107
1761041406.6734865,3552304,909389824,909.389824,137,198,105,1,20251021_121107
1761041406.6834705,3552343,909399808,909.399808,140,198,107,1,20251021_121107
1761041406.6934545,3552382,909409792,909.409792,142,198,108,1,20251021_121107
1761041406.7034383,3552421,909419776,909.419776,145,198,111,1,20251021_121107
1761041406.7134223,3552460,909429760,909.42976,148,198,114,1,20251021_121107
1761041406.7234066,3552499,909439744,909.439744,151,198,118,1,20251021_121107
1761041406.7333906,3552538,909449728,909.449728,154,198,122,1,20251021_121107
1761041406.7433746,3552577,909459712,909.459712,157,198,127,1,20251021_121107
1761041406.7533586,3552616,909469696,909.469696,160,198,130,1,20251021_121107
1761041406.7633426,3552655,909479680,909.47968,163,199,136,1,20251021_121107
1761041406.7735825,3552695,909489920,909.48992,167,198,140,1,20251021_121107
1761041406.7835665,3552734,909499904,909.499904,170,198,146,1,20251021_121107
1761041406.7935505,3552773,909509888,909.509888,174,198,149,1,20251021_121107
1761041406.8035345,3552812,909519872,909.519872,177,198,154,1,20251021_121107
1761041406.8135183,3552851,909529856,909.529856,181,198,159,1,20251021_121107
1761041406.8235023,3552890,909539840,909.53984,185,198,159,1,20251021_121107
1761041406.8334866,3552929,909549824,909.549824,189,199,161,1,20251021_121107
1761041406.8434706,3552968,909559808,909.559808,193,198,161,1,20251021_121107
1761041406.8534546,3553007,909569792,909.569792,196,199,160,1,20251021_121107
1761041406.8634386,3553046,909579776,909.579776,200,199,162,1,20251021_121107
1761041406.8734226,3553085,909589760,909.58976,204,200,163,1,20251021_121107
1761041406.8834066,3553124,909599744,909.599744,208,199,162,1,20251021_121107
1761041406.8936465,3553164,909609984,909.609984,212,199,164,1,20251021_121107
1761041406.9036305,3553203,909619968,909.619968,215,199,164,1,20251021_121107
1761041406.9136145,3553242,909629952,909.629952,219,199,164,1,20251021_121107
1761041406.9235983,3553281,909639936,909.639936,222,199,165,1,20251021_121107
1761041406.9335823,3553320,909649920,909.64992,226,199,165,1,20251021_121107
1761041406.9435666,3553359,909659904,909.659904,229,200,166,1,20251021_121107
1761041406.9535506,3553398,909669888,909.669888,233,199,164,1,20251021_121107
1761041406.9635346,3553437,909679872,909.679872,236,200,166,1,20251021_121107
1761041406.9735186,3553476,909689856,909.689856,239,200,166,1,20251021_121107
1761041406.9837584,3553516,909700096,909.700096,243,200,166,1,20251021_121107
1761041406.9937425,3553555,909710080,909.71008,246,201,165,1,20251021_121107
1761041407.0037265,3553594,909720064,909.720064,249,199,165,1,20251021_121107
1761041407.0137105,3553633,909730048,909.730048,252,200,166,1,20251021_121107
1761041407.0236945,3553672,909740032,909.740032,0,200,164,1,20251021_121107
1761041407.0336783,3553711,909750016,909.750016,3,200,164,1,20251021_121107
1761041407.0436623,3553750,909760000,909.76,6,200,165,1,20251021_121107
1761041407.0536466,3553789,909769984,909.769984,8,200,164,1,20251021_121107
1761041407.0636306,3553828,909779968,909.779968,11,200,164,1,20251021_121107
1761041407.0736146,3553867,909789952,909.789952,14,200,163,1,20251021_121107
1761041407.0835986,3553906,909799936,909.799936,17,200,162,1,20251021_121107
1761041407.0935826,3553945,909809920,909.80992,19,200,162,1,20251021_121107
1761041407.1035666,3553984,909819904,909.819904,22,200,161,1,20251021_121107
1761041407.113551,3554023,909829888,909.829888,25,200,159,1,20251021_121107
1761041407.1235344,3554062,909839872,909.839872,27,200,157,1,20251021_121107
1761041407.1337745,3554102,909850112,909.850112,30,200,155,1,20251021_121107
1761041407.1437583,3554141,909860096,909.860096,33,200,153,1,20251021_121107
1761041407.1537426,3554180,909870080,909.87008,35,201,153,1,20251021_121107
1761041407.1637266,3554219,909880064,909.880064,38,200,150,1,20251021_121107
1761041407.1737106,3554258,909890048,909.890048,41,200,144,1,20251021_121107
1761041407.1836946,3554297,909900032,909.900032,44,200,136,1,20251021_121107
1761041407.1936786,3554336,909910016,909.910016,47,200,131,1,20251021_121107
1761041407.2036626,3554375,909920000,909.92,51,199,125,1,20251021_121107
1761041407.213647,3554414,909929984,909.929984,54,199,121,1,20251021_121107
1761041407.223631,3554453,909939968,909.939968,58,199,117,1,20251021_121107
1761041407.2336144,3554492,909949952,909.949952,61,200,114,1,20251021_121107
1761041407.2435985,3554531,909959936,909.959936,65,199,108,1,20251021_121107
1761041407.2535825,3554570,909969920,909.96992,69,200,107,1,20251021_121107
1761041407.2635665,3554609,909979904,909.979904,72,199,102,1,20251021_121107
1761041407.2738066,3554649,909990144,909.990144,76,199,100,1,20251021_121107
1761041407.2837906,3554688,910000128,910.000128,80,199,98,1,20251021_121107
1761041407.2937746,3554727,910010112,910.010112,84,199,98,1,20251021_121107
1761041407.3037586,3554766,910020096,910.020096,88,199,98,1,20251021_121107
1761041407.3137426,3554805,910030080,910.03008,91,200,99,1,20251021_121107
1761041407.323727,3554844,910040064,910.040064,95,199,98,1,20251021_121107
1761041407.333711,3554883,910050048,910.050048,98,199,98,1,20251021_121107
1761041407.3436944,3554922,910060032,910.060032,102,199,100,1,20251021_121107
1761041407.3536785,3554961,910070016,910.070016,105,200,100,1,20251021_121107
1761041407.3636625,3555000,910080000,910.08,109,198,98,1,20251021_121107
1761041407.3736465,3555039,910089984,910.089984,112,200,100,1,20251021_121107
1761041407.3836305,3555078,910099968,910.099968,115,199,100,1,20251021_121107
1761041407.3936143,3555117,910109952,910.109952,118,198,100,1,20251021_121107
1761041407.4035983,3555156,910119936,910.119936,121,198,101,1,20251021_121107
1761041407.4135826,3555195,910129920,910.12992,124,199,101,1,20251021_121107
1761041407.4238226,3555235,910140160,910.14016,127,198,102,1,20251021_121107
1761041407.433807,3555274,910150144,910.150144,130,198,101,1,20251021_121107
1761041407.443791,3555313,910160128,910.160128,133,197,103,1,20251021_121107
1761041407.4537745,3555352,910170112,910.170112,136,198,106,1,20251021_121107
1761041407.4637585,3555391,910180096,910.180096,139,198,106,1,20251021_121107
1761041407.4737425,3555430,910190080,910.19008,142,198,109,1,20251021_121107
1761041407.4837265,3555469,910200064,910.200064,144,198,114,1,20251021_121107
1761041407.4937105,3555508,910210048,910.210048,147,199,117,1,20251021_121107
1761041407.5036943,3555547,910220032,910.220032,150,198,121,1,20251021_121107
1761041407.5136786,3555586,910230016,910.230016,153,198,127,1,20251021_121107
1761041407.5236626,3555625,910240000,910.24,156,198,130,1,20251021_121107
1761041407.5336466,3555664,910249984,910.249984,160,198,136,1,20251021_121107
1761041407.5436306,3555703,910259968,910.259968,163,198,142,1,20251021_121107
1761041407.5536146,3555742,910269952,910.269952,166,198,147,1,20251021_121107
1761041407.5638545,3555782,910280192,910.280192,170,199,153,1,20251021_121107
1761041407.5738385,3555821,910290176,910.290176,174,198,158,1,20251021_121107
1761041407.5838225,3555860,910300160,910.30016,178,199,160,1,20251021_121107
1761041407.5938065,3555899,910310144,910.310144,182,198,161,1,20251021_121107
1761041407.6037903,3555938,910320128,910.320128,186,199,161,1,20251021_121107
1761041407.6137743,3555977,910330112,910.330112,189,198,162,1,20251021_121107
1761041407.6237586,3556016,910340096,910.340096,193,198,163,1,20251021_121107
1761041407.6337426,3556055,910350080,910.35008,197,198,162,1,20251021_121107
1761041407.6437266,3556094,910360064,910.360064,201,199,163,1,20251021_121107
1761041407.6537106,3556133,910370048,910.370048,205,198,163,1,20251021_121107
1761041407.6636946,3556172,910380032,910.380032,209,198,163,1,20251021_121107
1761041407.6736786,3556211,910390016,910.390016,212,198,165,1,20251021_121107
1761041407.683663,3556250,910400000,910.4,216,199,166,1,20251021_121107
1761041407.693647,3556289,910409984,910.409984,220,199,165,1,20251021_121107
1761041407.7038865,3556329,910420224,910.420224,223,199,165,1,20251021_121107
1761041407.7138703,3556368,910430208,910.430208,227,199,164,1,20251021_121107
1761041407.7238543,3556407,910440192,910.440192,230,199,165,1,20251021_121107
1761041407.7338386,3556446,910450176,910.450176,234,199,166,1,20251021_121107
1761041407.7438226,3556485,910460160,910.46016,237,200,166,1,20251021_121107
1761041407.7538066,3556524,910470144,910.470144,240,200,166,1,20251021_121107
1761041407.7637906,3556563,910480128,910.480128,243,199,166,1,20251021_121107
1761041407.7737746,3556602,910490112,910.490112,246,200,166,1,20251021_121107
1761041407.7837586,3556641,910500096,910.500096,250,200,166,1,20251021_121107
1761041407.793743,3556680,910510080,910.51008,253,200,166,1,20251021_121107
1761041407.803727,3556719,910520064,910.520064,0,200,166,1,20251021_121107
1761041407.8137105,3556758,910530048,910.530048,3,200,165,1,20251021_121107
1761041407.8236945,3556797,910540032,910.540032,6,200,164,1,20251021_121107
1761041407.8336785,3556836,910550016,910.550016,9,200,164,1,20251021_121107
1761041407.8439186,3556876,910560256,910.560256,12,200,162,1,20251021_121107
1761041407.8539026,3556915,910570240,910.57024,15,200,161,1,20251021_121107
1761041407.8638866,3556954,910580224,910.580224,17,200,162,1,20251021_121107
1761041407.8738706,3556993,910590208,910.590208,20,200,158,1,20251021_121107
1761041407.8838546,3557032,910600192,910.600192,23,200,156,1,20251021_121107
1761041407.8938386,3557071,910610176,910.610176,25,200,154,1,20251021_121107
1761041407.903823,3557110,910620160,910.62016,28,200,151,1,20251021_121107
1761041407.9138064,3557149,910630144,910.630144,31,200,149,1,20251021_121107
1761041407.9237905,3557188,910640128,910.640128,34,200,142,1,20251021_121107
1761041407.9337745,3557227,910650112,910.650112,37,200,135,1,20251021_121107
1761041407.9437585,3557266,910660096,910.660096,40,200,128,1,20251021_121107
1761041407.9537425,3557305,910670080,910.67008,44,200,123,1,20251021_121107
1761041407.9637263,3557344,910680064,910.680064,47,200,118,1,20251021_121107
1761041407.9737103,3557383,910690048,910.690048,51,200,114,1,20251021_121107
1761041407.9836946,3557422,910700032,910.700032,54,199,107,1,20251021_121107
1761041407.9939346,3557462,910710272,910.710272,58,199,103,1,20251021_121107
1761041408.0039186,3557501,910720256,910.720256,62,200,100,1,20251021_121107
1761041408.013903,3557540,910730240,910.73024,66,200,99,1,20251021_121107
1761041408.0238864,3557579,910740224,910.740224,70,199,99,1,20251021_121107
1761041408.0338705,3557618,910750208,910.750208,74,199,99,1,20251021_121107
1761041408.0438545,3557657,910760192,910.760192,78,200,99,1,20251021_121107
1761041408.0538385,3557696,910770176,910.770176,82,200,98,1,20251021_121107
1761041408.0638225,3557735,910780160,910.78016,85,199,100,1,20251021_121107
1761041408.0738063,3557774,910790144,910.790144,89,200,101,1,20251021_121107
1761041408.0837903,3557813,910800128,910.800128,93,200,100,1,20251021_121107
1761041408.0937746,3557852,910810112,910.810112,96,199,100,1,20251021_121107
1761041408.1037586,3557891,910820096,910.820096,100,199,99,1,20251021_121107
1761041408.1137426,3557930,910830080,910.83008,103,199,100,1,20251021_121107
1761041408.1237266,3557969,910840064,910.840064,107,199,99,1,20251021_121107
1761041408.1339664,3558009,910850304,910.850304,110,198,101,1,20251021_121107
1761041408.1439505,3558048,910860288,910.860288,113,198,99,1,20251021_121107
1761041408.1539345,3558087,910870272,910.870272,116,198,99,1,20251021_121107
1761041408.1639185,3558126,910880256,910.880256,119,198,100,1,20251021_121107
1761041408.1739025,3558165,910890240,910.89024,122,198,100,1,20251021_121107
1761041408.1838863,3558204,910900224,910.900224,125,198,100,1,20251021_121107
1761041408.1938703,3558243,910910208,910.910208,128,198,101,1,20251021_121107
1761041408.2038546,3558282,910920192,910.920192,131,198,101,1,20251021_121107
1761041408.2138386,3558321,910930176,910.930176,134,198,103,1,20251021_121107
1761041408.2238226,3558360,910940160,910.94016,137,199,104,1,20251021_121107
1761041408.2338066,3558399,910950144,910.950144,140,198,104,1,20251021_121107
1761041408.2437906,3558438,910960128,910.960128,143,198,106,1,20251021_121107
1761041408.2537746,3558477,910970112,910.970112,145,198,109,1,20251021_121107
1761041408.263759,3558516,910980096,910.980096,148,199,111,1,20251021_121107
1761041408.273743,3558555,910990080,910.99008,151,198,113,1,20251021_121107
1761041408.2839825,3558595,911000320,911.00032,154,199,118,1,20251021_121107
1761041408.2939663,3558634,911010304,911.010304,157,199,124,1,20251021_121107
1761041408.3039503,3558673,911020288,911.020288,160,198,130,1,20251021_121107
1761041408.3139346,3558712,911030272,911.030272,163,199,135,1,20251021_121107
1761041408.3239186,3558751,911040256,911.040256,166,198,141,1,20251021_121107
1761041408.3339026,3558790,911050240,911.05024,170,198,146,1,20251021_121107
1761041408.3438866,3558829,911060224,911.060224,173,198,153,1,20251021_121107
1761041408.3538706,3558868,911070208,911.070208,177,198,158,1,20251021_121107
1761041408.3638546,3558907,911080192,911.080192,181,198,160,1,20251021_121107
1761041408.373839,3558946,911090176,911.090176,185,198,160,1,20251021_121107
1761041408.3838224,3558985,911100160,911.10016,189,199,161,1,20251021_121107
1761041408.3938065,3559024,911110144,911.110144,193,199,162,1,20251021_121107
1761041408.4037905,3559063,911120128,911.120128,197,199,163,1,20251021_121107
1761041408.4137745,3559102,911130112,911.130112,201,199,162,1,20251021_121107
1761041408.4240146,3559142,911140352,911.140352,204,199,163,1,20251021_121107
1761041408.4339986,3559181,911150336,911.150336,208,199,164,1,20251021_121107
1761041408.4439826,3559220,911160320,911.16032,212,199,165,1,20251021_121107
1761041408.4539666,3559259,911170304,911.170304,216,199,165,1,20251021_121107
1761041408.4639506,3559298,911180288,911.180288,219,199,165,1,20251021_121107
1761041408.473935,3559337,911190272,911.190272,223,199,165,1,20251021_121107
1761041408.483919,3559376,911200256,911.200256,226,199,164,1,20251021_121107
1761041408.4939024,3559415,911210240,911.21024,230,199,165,1,20251021_121107
1761041408.5038865,3559454,911220224,911.220224,233,199,164,1,20251021_121107
1761041408.5138705,3559493,911230208,911.230208,236,200,166,1,20251021_121107
1761041408.5238545,3559532,911240192,911.240192,240,199,165,1,20251021_121107
1761041408.5338385,3559571,911250176,911.250176,243,200,166,1,20251021_121107
1761041408.5438223,3559610,911260160,911.26016,246,200,164,1,20251021_121107
1761041408.5538063,3559649,911270144,911.270144,249,200,165,1,20251021_121107
1761041408.5637906,3559688,911280128,911.280128,252,200,166,1,20251021_121107
1761041408.5740306,3559728,911290368,911.290368,0,200,166,1,20251021_121107
1761041408.584015,3559767,911300352,911.300352,3,200,165,1,20251021_121107
1761041408.593999,3559806,911310336,911.310336,6,200,165,1,20251021_121107
1761041408.6039824,3559845,911320320,911.32032,9,200,165,1,20251021_121107
1761041408.6139665,3559884,911330304,911.330304,11,200,165,1,20251021_121107
1761041408.6239505,3559923,911340288,911.340288,14,199,162,1,20251021_121107
1761041408.6339345,3559962,911350272,911.350272,17,200,161,1,20251021_121107
1761041408.6439185,3560001,911360256,911.360256,19,200,160,1,20251021_121107
1761041408.6539023,3560040,911370240,911.37024,22,200,157,1,20251021_121107
1761041408.6638863,3560079,911380224,911.380224,25,200,156,1,20251021_121107
1761041408.6738706,3560118,911390208,911.390208,28,200,154,1,20251021_121107
1761041408.6838546,3560157,911400192,911.400192,30,200,151,1,20251021_121107
1761041408.6938386,3560196,911410176,911.410176,33,200,149,1,20251021_121107
1761041408.7038226,3560235,911420160,911.42016,36,200,143,1,20251021_121107
1761041408.7140625,3560275,911430400,911.4304,39,200,136,1,20251021_121107
1761041408.7240465,3560314,911440384,911.440384,42,200,127,1,20251021_121107
1761041408.7340305,3560353,911450368,911.450368,46,199,121,1,20251021_121107
1761041408.7440145,3560392,911460352,911.460352,49,200,115,1,20251021_121107
1761041408.7539985,3560431,911470336,911.470336,53,200,110,1,20251021_121107
1761041408.7639823,3560470,911480320,911.48032,57,200,106,1,20251021_121107
1761041408.7739666,3560509,911490304,911.490304,61,199,101,1,20251021_121107
1761041408.7839506,3560548,911500288,911.500288,65,200,97,1,20251021_121107
1761041408.7939346,3560587,911510272,911.510272,68,200,100,1,20251021_121107
1761041408.8039186,3560626,911520256,911.520256,72,200,99,1,20251021_121107
1761041408.8139026,3560665,911530240,911.53024,76,200,99,1,20251021_121107
1761041408.8238866,3560704,911540224,911.540224,80,199,98,1,20251021_121107
1761041408.8338706,3560743,911550208,911.550208,84,199,99,1,20251021_121107
1761041408.843855,3560782,911560192,911.560192,88,200,99,1,20251021_121107
1761041408.8538384,3560821,911570176,911.570176,91,199,99,1,20251021_121107
1761041408.8640783,3560861,911580416,911.580416,95,199,99,1,20251021_121107
1761041408.8740623,3560900,911590400,911.5904,98,199,99,1,20251021_121107
1761041408.8840466,3560939,911600384,911.600384,102,199,99,1,20251021_121107
1761041408.8940306,3560978,911610368,911.610368,105,198,99,1,20251021_121107
1761041408.9040146,3561017,911620352,911.620352,108,199,99,1,20251021_121107
1761041408.9139986,3561056,911630336,911.630336,112,198,100,1,20251021_121107
1761041408.9239826,3561095,911640320,911.64032,115,198,98,1,20251021_121107
1761041408.9339666,3561134,911650304,911.650304,118,198,98,1,20251021_121107
1761041408.943951,3561173,911660288,911.660288,121,198,97,1,20251021_121107
1761041408.953935,3561212,911670272,911.670272,124,198,98,1,20251021_121107
1761041408.9639184,3561251,911680256,911.680256,127,198,99,1,20251021_121107
1761041408.9739025,3561290,911690240,911.69024,130,198,98,1,20251021_121107
1761041408.9838865,3561329,911700224,911.700224,133,198,99,1,20251021_121107
1761041408.9938705,3561368,911710208,911.710208,136,198,100,1,20251021_121107
1761041409.0041106,3561408,911720448,911.720448,138,198,100,1,20251021_121107
1761041409.0140946,3561447,911730432,911.730432,141,198,101,1,20251021_121107
1761041409.0240786,3561486,911740416,911.740416,144,198,102,1,20251021_121107
1761041409.0340626,3561525,911750400,911.7504,147,198,101,1,20251021_121107
1761041409.0440466,3561564,911760384,911.760384,149,198,101,1,20251021_121107
1761041409.054031,3561603,911770368,911.770368,152,197,103,1,20251021_121107
1761041409.064015,3561642,911780352,911.780352,154,198,102,1,20251021_121107
1761041409.0739985,3561681,911790336,911.790336,157,198,105,1,20251021_121107
1761041409.0839825,3561720,911800320,911.80032,160,199,106,1,20251021_121107
1761041409.0939665,3561759,911810304,911.810304,162,198,107,1,20251021_121107
1761041409.1039505,3561798,911820288,911.820288,165,198,109,1,20251021_121107
1761041409.1139345,3561837,911830272,911.830272,168,198,112,1,20251021_121107
1761041409.1239183,3561876,911840256,911.840256,170,198,115,1,20251021_121107
1761041409.1339023,3561915,911850240,911.85024,173,198,119,1,20251021_121107
1761041409.1441426,3561955,911860480,911.86048,176,198,125,1,20251021_121107
1761041409.1541266,3561994,911870464,911.870464,179,199,128,1,20251021_121107
1761041409.164111,3562033,911880448,911.880448,182,198,135,1,20251021_121107
1761041409.1740944,3562072,911890432,911.890432,186,198,136,1,20251021_121107
1761041409.1840785,3562111,911900416,911.900416,189,198,142,1,20251021_121107
1761041409.1940625,3562150,911910400,911.9104,192,198,146,1,20251021_121107
1761041409.2040465,3562189,911920384,911.920384,196,198,150,1,20251021_121107
1761041409.2140305,3562228,911930368,911.930368,200,198,153,1,20251021_121107
1761041409.2240143,3562267,911940352,911.940352,203,199,161,1,20251021_121107
1761041409.2339983,3562306,911950336,911.950336,207,199,160,1,20251021_121107
1761041409.2439826,3562345,911960320,911.96032,211,200,163,1,20251021_121107
1761041409.2539666,3562384,911970304,911.970304,214,199,161,1,20251021_121107
1761041409.2639506,3562423,911980288,911.980288,218,199,162,1,20251021_121107
1761041409.2739346,3562462,911990272,911.990272,222,199,162,1,20251021_121107
1761041409.2839186,3562501,912000256,912.000256,225,200,164,1,20251021_121107
1761041409.2941585,3562541,912010496,912.010496,229,200,164,1,20251021_121107
1761041409.3041425,3562580,912020480,912.02048,232,199,165,1,20251021_121107
1761041409.3141265,3562619,912030464,912.030464,235,199,164,1,20251021_121107
1761041409.3241105,3562658,912040448,912.040448,239,200,164,1,20251021_121107
1761041409.3340943,3562697,912050432,912.050432,242,200,163,1,20251021_121107
1761041409.3440783,3562736,912060416,912.060416,245,200,164,1,20251021_121107
1761041409.3540626,3562775,912070400,912.0704,248,200,165,1,20251021_121107
1761041409.3640466,3562814,912080384,912.080384,251,200,165,1,20251021_121107
1761041409.3740306,3562853,912090368,912.090368,254,200,165,1,20251021_121107
1761041409.3840146,3562892,912100352,912.100352,2,200,166,1,20251021_121107
1761041409.3939986,3562931,912110336,912.110336,5,200,165,1,20251021_121107
1761041409.4039826,3562970,912120320,912.12032,8,200,166,1,20251021_121107
1761041409.413967,3563009,912130304,912.130304,10,200,166,1,20251021_121107
1761041409.423951,3563048,912140288,912.140288,13,200,166,1,20251021_121107
1761041409.4341905,3563088,912150528,912.150528,16,200,168,1,20251021_121107
1761041409.4441743,3563127,912160512,912.160512,18,200,164,1,20251021_121107
1761041409.4541583,3563166,912170496,912.170496,21,199,162,1,20251021_121107
1761041409.4641426,3563205,912180480,912.18048,24,200,164,1,20251021_121107
1761041409.4741266,3563244,912190464,912.190464,26,202,165,1,20251021_121107
1761041409.4841106,3563283,912200448,912.200448,29,200,164,1,20251021_121107
1761041409.4940946,3563322,912210432,912.210432,31,199,162,1,20251021_121107
1761041409.5040786,3563361,912220416,912.220416,34,200,162,1,20251021_121107
1761041409.5140626,3563400,912230400,912.2304,36,200,162,1,20251021_121107
1761041409.524047,3563439,912240384,912.240384,39,197,160,1,20251021_121107
1761041409.534031,3563478,912250368,912.250368,41,199,158,1,20251021_121107
1761041409.5440145,3563517,912260352,912.260352,44,200,156,1,20251021_121107
1761041409.5539985,3563556,912270336,912.270336,46,200,155,1,20251021_121107
1761041409.5639825,3563595,912280320,912.28032,49,199,152,1,20251021_121107
1761041409.5739665,3563634,912290304,912.290304,52,200,150,1,20251021_121107
1761041409.5842066,3563674,912300544,912.300544,55,200,141,1,20251021_121107
1761041409.5941906,3563713,912310528,912.310528,58,200,134,1,20251021_121107
1761041409.6041746,3563752,912320512,912.320512,61,200,127,1,20251021_121107
1761041409.6141586,3563791,912330496,912.330496,64,199,124,1,20251021_121107
1761041409.6241426,3563830,912340480,912.34048,68,199,117,1,20251021_121107
1761041409.634127,3563869,912350464,912.350464,71,199,113,1,20251021_121107
1761041409.6441104,3563908,912360448,912.360448,75,199,108,1,20251021_121107
1761041409.6540945,3563947,912370432,912.370432,79,199,105,1,20251021_121107
1761041409.6640785,3563986,912380416,912.380416,82,200,102,1,20251021_121107
1761041409.6740625,3564025,912390400,912.3904,86,200,100,1,20251021_121107
1761041409.6840465,3564064,912400384,912.400384,90,199,99,1,20251021_121107
1761041409.6940303,3564103,912410368,912.410368,93,199,100,1,20251021_121107
1761041409.7040143,3564142,912420352,912.420352,97,199,100,1,20251021_121107
1761041409.7139986,3564181,912430336,912.430336,100,200,100,1,20251021_121107
1761041409.7242386,3564221,912440576,912.440576,104,199,99,1,20251021_121107
1761041409.734223,3564260,912450560,912.45056,107,198,97,1,20251021_121107
1761041409.744207,3564299,912460544,912.460544,111,198,97,1,20251021_121107
1761041409.7541904,3564338,912470528,912.470528,114,198,98,1,20251021_121107
1761041409.7641745,3564377,912480512,912.480512,117,198,99,1,20251021_121107
1761041409.7741585,3564416,912490496,912.490496,120,198,99,1,20251021_121107
1761041409.7841425,3564455,912500480,912.50048,123,198,100,1,20251021_121107
1761041409.7941265,3564494,912510464,912.510464,126,198,100,1,20251021_121107
1761041409.8041103,3564533,912520448,912.520448,129,198,102,1,20251021_121107
1761041409.8140943,3564572,912530432,912.530432,132,198,102,1,20251021_121107
1761041409.8240786,3564611,912540416,912.540416,135,198,103,1,20251021_121107
1761041409.8340626,3564650,912550400,912.5504,138,198,104,1,20251021_121107
1761041409.8440466,3564689,912560384,912.560384,140,198,106,1,20251021_121107
1761041409.8540306,3564728,912570368,912.570368,143,198,107,1,20251021_121107
1761041409.8640146,3564767,912580352,912.580352,146,198,109,1,20251021_121107
1761041409.8742545,3564807,912590592,912.590592,149,199,114,1,20251021_121107
1761041409.8842385,3564846,912600576,912.600576,152,198,117,1,20251021_121107
1761041409.8942225,3564885,912610560,912.61056,155,198,123,1,20251021_121107
1761041409.9042065,3564924,912620544,912.620544,158,199,128,1,20251021_121107
1761041409.9141903,3564963,912630528,912.630528,161,198,132,1,20251021_121107
1761041409.9241743,3565002,912640512,912.640512,164,199,138,1,20251021_121107
1761041409.9341586,3565041,912650496,912.650496,168,199,143,1,20251021_121107
1761041409.9441426,3565080,912660480,912.66048,171,199,148,1,20251021_121107
1761041409.9541266,3565119,912670464,912.670464,175,198,152,1,20251021_121107
1761041409.9641106,3565158,912680448,912.680448,178,198,157,1,20251021_121107
1761041409.9740946,3565197,912690432,912.690432,182,198,160,1,20251021_121107
1761041409.9840786,3565236,912700416,912.700416,186,198,160,1,20251021_121107
1761041409.994063,3565275,912710400,912.7104,190,199,161,1,20251021_121107
1761041410.0040464,3565314,912720384,912.720384,194,198,160,1,20251021_121107
1761041410.0142865,3565354,912730624,912.730624,198,199,162,1,20251021_121107
1761041410.0242703,3565393,912740608,912.740608,202,199,162,1,20251021_121107
1761041410.0342546,3565432,912750592,912.750592,205,199,162,1,20251021_121107
1761041410.0442386,3565471,912760576,912.760576,209,199,164,1,20251021_121107
1761041410.0542226,3565510,912770560,912.77056,213,199,164,1,20251021_121107
1761041410.0642066,3565549,912780544,912.780544,217,200,166,1,20251021_121107
1761041410.0741906,3565588,912790528,912.790528,220,199,164,1,20251021_121107
1761041410.0841746,3565627,912800512,912.800512,224,200,165,1,20251021_121107
1761041410.0941586,3565666,912810496,912.810496,227,200,165,1,20251021_121107
1761041410.104143,3565705,912820480,912.82048,231,200,165,1,20251021_121107
1761041410.1141264,3565744,912830464,912.830464,234,200,165,1,20251021_121107
1761041410.1241105,3565783,912840448,912.840448,237,200,166,1,20251021_121107
1761041410.1340945,3565822,912850432,912.850432,241,200,166,1,20251021_121107
1761041410.1440785,3565861,912860416,912.860416,244,200,166,1,20251021_121107
1761041410.1540625,3565900,912870400,912.8704,247,200,167,1,20251021_121107
1761041410.1643026,3565940,912880640,912.88064,250,199,165,1,20251021_121107
1761041410.1742866,3565979,912890624,912.890624,253,200,165,1,20251021_121107
1761041410.1842706,3566018,912900608,912.900608,1,200,165,1,20251021_121107
1761041410.1942546,3566057,912910592,912.910592,4,200,164,1,20251021_121107
1761041410.204239,3566096,912920576,912.920576,7,200,164,1,20251021_121107
1761041410.214223,3566135,912930560,912.93056,9,200,163,1,20251021_121107
1761041410.2242064,3566174,912940544,912.940544,12,199,162,1,20251021_121107
1761041410.2341905,3566213,912950528,912.950528,15,200,161,1,20251021_121107
1761041410.2441745,3566252,912960512,912.960512,18,200,159,1,20251021_121107
1761041410.2541585,3566291,912970496,912.970496,20,200,158,1,20251021_121107
1761041410.2641425,3566330,912980480,912.98048,23,200,158,1,20251021_121107
1761041410.2741263,3566369,912990464,912.990464,26,200,154,1,20251021_121107
1761041410.2841103,3566408,913000448,913.000448,28,200,154,1,20251021_121107
1761041410.2940946,3566447,913010432,913.010432,31,200,151,1,20251021_121107
1761041410.3043346,3566487,913020672,913.020672,34,200,149,1,20251021_121107
1761041410.314319,3566526,913030656,913.030656,37,199,144,1,20251021_121107
1761041410.324303,3566565,913040640,913.04064,40,200,138,1,20251021_121107
1761041410.3342865,3566604,913050624,913.050624,43,199,132,1,20251021_121107
1761041410.3442705,3566643,913060608,913.060608,46,200,127,1,20251021_121107
1761041410.3542545,3566682,913070592,913.070592,50,200,122,1,20251021_121107
1761041410.3642385,3566721,913080576,913.080576,53,200,116,1,20251021_121107
1761041410.3742225,3566760,913090560,913.09056,57,200,112,1,20251021_121107
1761041410.3842063,3566799,913100544,913.100544,61,200,108,1,20251021_121107
1761041410.3941903,3566838,913110528,913.110528,64,199,104,1,20251021_121107
1761041410.4041746,3566877,913120512,913.120512,68,199,101,1,20251021_121107
1761041410.4141586,3566916,913130496,913.130496,72,200,99,1,20251021_121107
1761041410.4241426,3566955,913140480,913.14048,76,199,96,1,20251021_121107
1761041410.4341266,3566994,913150464,913.150464,80,200,98,1,20251021_121107
1761041410.4443665,3567034,913160704,913.160704,83,199,98,1,20251021_121107
1761041410.4543505,3567073,913170688,913.170688,87,200,99,1,20251021_121107
1761041410.4643345,3567112,913180672,913.180672,91,199,98,1,20251021_121107
1761041410.4743185,3567151,913190656,913.190656,94,199,97,1,20251021_121107
1761041410.4843023,3567190,913200640,913.20064,98,199,97,1,20251021_121107
1761041410.4942863,3567229,913210624,913.210624,101,199,99,1,20251021_121107
1761041410.5042706,3567268,913220608,913.220608,105,198,98,1,20251021_121107
1761041410.5142546,3567307,913230592,913.230592,108,198,98,1,20251021_121107
1761041410.5242386,3567346,913240576,913.240576,111,198,98,1,20251021_121107
1761041410.5342226,3567385,913250560,913.25056,115,198,99,1,20251021_121107
1761041410.5442066,3567424,913260544,913.260544,118,198,100,1,20251021_121107
1761041410.5541906,3567463,913270528,913.270528,121,197,100,1,20251021_121107
1761041410.564175,3567502,913280512,913.280512,124,198,102,1,20251021_121107
1761041410.574159,3567541,913290496,913.290496,127,199,103,1,20251021_121107
1761041410.5841424,3567580,913300480,913.30048,130,199,103,1,20251021_121107
1761041410.5943823,3567620,913310720,913.31072,133,198,103,1,20251021_121107
1761041410.6043663,3567659,913320704,913.320704,136,198,105,1,20251021_121107
1761041410.6143506,3567698,913330688,913.330688,139,198,108,1,20251021_121107
1761041410.6243346,3567737,913340672,913.340672,141,199,111,1,20251021_121107
1761041410.6343186,3567776,913350656,913.350656,144,198,114,1,20251021_121107
1761041410.6443026,3567815,913360640,913.36064,147,199,119,1,20251021_121107
1761041410.6542866,3567854,913370624,913.370624,150,198,125,1,20251021_121107
1761041410.6642706,3567893,913380608,913.380608,153,198,128,1,20251021_121107
1761041410.674255,3567932,913390592,913.390592,157,198,134,1,20251021_121107
1761041410.684239,3567971,913400576,913.400576,160,198,141,1,20251021_121107
1761041410.6942225,3568010,913410560,913.41056,163,199,148,1,20251021_121107
1761041410.7042065,3568049,913420544,913.420544,167,199,152,1,20251021_121107
1761041410.7141905,3568088,913430528,913.430528,171,198,158,1,20251021_121107
1761041410.7241745,3568127,913440512,913.440512,175,198,158,1,20251021_121107
1761041410.7344146,3568167,913450752,913.450752,178,198,160,1,20251021_121107
1761041410.7443986,3568206,913460736,913.460736,182,198,161,1,20251021_121107
1761041410.7543826,3568245,913470720,913.47072,186,198,161,1,20251021_121107
1761041410.7643666,3568284,913480704,913.480704,190,198,162,1,20251021_121107
1761041410.7743506,3568323,913490688,913.490688,194,198,162,1,20251021_121107
1761041410.784335,3568362,913500672,913.500672,198,199,163,1,20251021_121107
1761041410.794319,3568401,913510656,913.510656,202,199,164,1,20251021_121107
1761041410.8043025,3568440,913520640,913.52064,206,199,162,1,20251021_121107
1761041410.8142865,3568479,913530624,913.530624,209,198,162,1,20251021_121107
1761041410.8242705,3568518,913540608,913.540608,213,199,164,1,20251021_121107
1761041410.8342545,3568557,913550592,913.550592,217,199,164,1,20251021_121107
1761041410.8442383,3568596,913560576,913.560576,220,199,165,1,20251021_121107
1761041410.8542223,3568635,913570560,913.57056,224,199,165,1,20251021_121107
1761041410.8642066,3568674,913580544,913.580544,227,200,165,1,20251021_121107
1761041410.8744466,3568714,913590784,913.590784,231,200,165,1,20251021_121107
1761041410.8844306,3568753,913600768,913.600768,234,199,165,1,20251021_121107
1761041410.894415,3568792,913610752,913.610752,237,200,164,1,20251021_121107
1761041410.9043984,3568831,913620736,913.620736,241,200,166,1,20251021_121107
1761041410.9143825,3568870,913630720,913.63072,244,200,165,1,20251021_121107
1761041410.9243665,3568909,913640704,913.640704,247,200,166,1,20251021_121107
1761041410.9343505,3568948,913650688,913.650688,250,200,166,1,20251021_121107
1761041410.9443345,3568987,913660672,913.660672,253,200,166,1,20251021_121107
1761041410.9543183,3569026,913670656,913.670656,1,199,164,1,20251021_121107
1761041410.9643023,3569065,913680640,913.68064,4,200,164,1,20251021_121107
1761041410.9742866,3569104,913690624,913.690624,7,200,165,1,20251021_121107
1761041410.9842706,3569143,913700608,913.700608,9,200,163,1,20251021_121107
1761041410.9942546,3569182,913710592,913.710592,12,200,162,1,20251021_121107
1761041411.0042386,3569221,913720576,913.720576,15,200,161,1,20251021_121107
1761041411.0142226,3569260,913730560,913.73056,18,201,160,1,20251021_121107
1761041411.0244625,3569300,913740800,913.7408,20,200,158,1,20251021_121107
1761041411.0344465,3569339,913750784,913.750784,23,200,156,1,20251021_121107
1761041411.0444305,3569378,913760768,913.760768,26,200,153,1,20251021_121107
1761041411.0544145,3569417,913770752,913.770752,29,200,150,1,20251021_121107
1761041411.0643983,3569456,913780736,913.780736,32,200,141,1,20251021_121107
1761041411.0743823,3569495,913790720,913.79072,35,200,136,1,20251021_121107
1761041411.0843666,3569534,913800704,913.800704,38,200,130,1,20251021_121107
1761041411.0943506,3569573,913810688,913.810688,41,199,127,1,20251021_121107
1761041411.1043346,3569612,913820672,913.820672,45,199,118,1,20251021_121107
1761041411.1143186,3569651,913830656,913.830656,48,200,114,1,20251021_121107
1761041411.1243026,3569690,913840640,913.84064,52,200,109,1,20251021_121107
1761041411.1342866,3569729,913850624,913.850624,56,200,105,1,20251021_121107
1761041411.144271,3569768,913860608,913.860608,60,200,102,1,20251021_121107
1761041411.154255,3569807,913870592,913.870592,64,200,98,1,20251021_121107
1761041411.1644945,3569847,913880832,913.880832,67,199,99,1,20251021_121107
1761041411.1744783,3569886,913890816,913.890816,71,200,101,1,20251021_121107
1761041411.1844623,3569925,913900800,913.9008,75,199,100,1,20251021_121107
1761041411.1944466,3569964,913910784,913.910784,79,199,98,1,20251021_121107
1761041411.2044306,3570003,913920768,913.920768,83,199,98,1,20251021_121107
1761041411.2144146,3570042,913930752,913.930752,87,199,100,1,20251021_121107
1761041411.2243986,3570081,913940736,913.940736,90,199,99,1,20251021_121107
1761041411.2343826,3570120,913950720,913.95072,94,199,100,1,20251021_121107
1761041411.2443666,3570159,913960704,913.960704,97,199,100,1,20251021_121107
1761041411.254351,3570198,913970688,913.970688,101,198,100,1,20251021_121107
1761041411.2643344,3570237,913980672,913.980672,104,198,100,1,20251021_121107
1761041411.2743185,3570276,913990656,913.990656,108,198,99,1,20251021_121107
1761041411.2843025,3570315,914000640,914.00064,111,198,100,1,20251021_121107
1761041411.2942865,3570354,914010624,914.010624,114,198,100,1,20251021_121107
1761041411.3042705,3570393,914020608,914.020608,117,198,100,1,20251021_121107
1761041411.3145106,3570433,914030848,914.030848,120,198,100,1,20251021_121107
1761041411.3244946,3570472,914040832,914.040832,123,198,100,1,20251021_121107
1761041411.3344786,3570511,914050816,914.050816,126,198,100,1,20251021_121107
1761041411.3444626,3570550,914060800,914.0608,129,198,100,1,20251021_121107
1761041411.3544466,3570589,914070784,914.070784,132,198,101,1,20251021_121107
1761041411.364431,3570628,914080768,914.080768,135,197,101,1,20251021_121107
1761041411.3744144,3570667,914090752,914.090752,138,197,101,1,20251021_121107
1761041411.3843985,3570706,914100736,914.100736,141,198,103,1,20251021_121107
1761041411.3943825,3570745,914110720,914.11072,143,198,103,1,20251021_121107
1761041411.4043665,3570784,914120704,914.120704,146,198,104,1,20251021_121107
1761041411.4143505,3570823,914130688,914.130688,149,198,105,1,20251021_121107
1761041411.4243343,3570862,914140672,914.140672,151,198,108,1,20251021_121107
1761041411.4343183,3570901,914150656,914.150656,154,198,110,1,20251021_121107
1761041411.4443026,3570940,914160640,914.16064,157,198,113,1,20251021_121107
1761041411.4545426,3570980,914170880,914.17088,160,200,119,1,20251021_121107
1761041411.464527,3571019,914180864,914.180864,163,198,125,1,20251021_121107
1761041411.474511,3571058,914190848,914.190848,166,198,129,1,20251021_121107
1761041411.4844944,3571097,914200832,914.200832,169,198,136,1,20251021_121107
1761041411.4944785,3571136,914210816,914.210816,172,198,142,1,20251021_121107
1761041411.5044625,3571175,914220800,914.2208,176,198,147,1,20251021_121107
1761041411.5144465,3571214,914230784,914.230784,179,199,152,1,20251021_121107
1761041411.5244305,3571253,914240768,914.240768,183,198,158,1,20251021_121107
1761041411.5344143,3571292,914250752,914.250752,187,199,160,1,20251021_121107
1761041411.5443983,3571331,914260736,914.260736,191,199,160,1,20251021_121107
1761041411.5543826,3571370,914270720,914.27072,195,198,161,1,20251021_121107
1761041411.5643666,3571409,914280704,914.280704,199,198,161,1,20251021_121107
1761041411.5743506,3571448,914290688,914.290688,203,199,162,1,20251021_121107
1761041411.5843346,3571487,914300672,914.300672,206,198,162,1,20251021_121107
1761041411.5943186,3571526,914310656,914.310656,210,199,163,1,20251021_121107
1761041411.6045585,3571566,914320896,914.320896,214,199,163,1,20251021_121107
1761041411.6145425,3571605,914330880,914.33088,217,199,164,1,20251021_121107
1761041411.6245265,3571644,914340864,914.340864,221,199,163,1,20251021_121107
1761041411.6345105,3571683,914350848,914.350848,225,199,164,1,20251021_121107
1761041411.6444943,3571722,914360832,914.360832,228,200,164,1,20251021_121107
1761041411.6544783,3571761,914370816,914.370816,231,199,164,1,20251021_121107
1761041411.6644626,3571800,914380800,914.3808,235,200,164,1,20251021_121107
1761041411.6744466,3571839,914390784,914.390784,238,199,164,1,20251021_121107
1761041411.6844306,3571878,914400768,914.400768,241,200,165,1,20251021_121107
1761041411.6944146,3571917,914410752,914.410752,245,200,165,1,20251021_121107
1761041411.7043986,3571956,914420736,914.420736,248,199,165,1,20251021_121107
1761041411.7146385,3571996,914430976,914.430976,251,200,165,1,20251021_121107
1761041411.7246225,3572035,914440960,914.44096,254,200,165,1,20251021_121107
1761041411.7346065,3572074,914450944,914.450944,2,200,165,1,20251021_121107
1761041411.7445903,3572113,914460928,914.460928,4,200,164,1,20251021_121107
1761041411.7545743,3572152,914470912,914.470912,7,200,163,1,20251021_121107
1761041411.7645586,3572191,914480896,914.480896,10,200,164,1,20251021_121107
1761041411.7745426,3572230,914490880,914.49088,13,200,163,1,20251021_121107
1761041411.7845266,3572269,914500864,914.500864,15,200,162,1,20251021_121107
1761041411.7945106,3572308,914510848,914.510848,18,200,161,1,20251021_121107
1761041411.8044946,3572347,914520832,914.520832,21,200,160,1,20251021_121107
1761041411.8144786,3572386,914530816,914.530816,24,200,158,1,20251021_121107
1761041411.824463,3572425,914540800,914.5408,26,200,157,1,20251021_121107
1761041411.834447,3572464,914550784,914.550784,29,200,155,1,20251021_121107
1761041411.8444304,3572503,914560768,914.560768,32,200,151,1,20251021_121107
1761041411.8546703,3572543,914571008,914.571008,34,199,148,1,20251021_121107
1761041411.8646543,3572582,914580992,914.580992,37,201,144,1,20251021_121107
1761041411.8746386,3572621,914590976,914.590976,40,200,131,1,20251021_121107
1761041411.8846226,3572660,914600960,914.60096,44,200,126,1,20251021_121107
1761041411.8946066,3572699,914610944,914.610944,47,200,121,1,20251021_121107
1761041411.9045906,3572738,914620928,914.620928,51,200,115,1,20251021_121107
1761041411.9145746,3572777,914630912,914.630912,54,200,111,1,20251021_121107
1761041411.9245586,3572816,914640896,914.640896,58,200,107,1,20251021_121107
1761041411.934543,3572855,914650880,914.65088,62,199,102,1,20251021_121107
1761041411.944527,3572894,914660864,914.660864,66,199,98,1,20251021_121107
1761041411.9545105,3572933,914670848,914.670848,70,199,98,1,20251021_121107
1761041411.9644945,3572972,914680832,914.680832,74,200,99,1,20251021_121107
1761041411.9744785,3573011,914690816,914.690816,78,199,101,1,20251021_121107
1761041411.9844625,3573050,914700800,914.7008,81,199,98,1,20251021_121107
1761041411.9944465,3573089,914710784,914.710784,85,200,97,1,20251021_121107
1761041412.0046866,3573129,914721024,914.721024,89,199,98,1,20251021_121107
1761041412.0146706,3573168,914731008,914.731008,92,199,97,1,20251021_121107
1761041412.0246546,3573207,914740992,914.740992,96,199,98,1,20251021_121107
1761041412.0346386,3573246,914750976,914.750976,100,198,99,1,20251021_121107
1761041412.044623,3573285,914760960,914.76096,103,198,99,1,20251021_121107
1761041412.054607,3573324,914770944,914.770944,106,198,98,1,20251021_121107
1761041412.0645905,3573363,914780928,914.780928,110,198,98,1,20251021_121107
1761041412.0745745,3573402,914790912,914.790912,113,198,99,1,20251021_121107
1761041412.0845585,3573441,914800896,914.800896,116,198,99,1,20251021_121107
1761041412.0945425,3573480,914810880,914.81088,119,198,99,1,20251021_121107
1761041412.1045263,3573519,914820864,914.820864,122,197,98,1,20251021_121107
1761041412.1145103,3573558,914830848,914.830848,125,198,99,1,20251021_121107
1761041412.1244946,3573597,914840832,914.840832,128,197,99,1,20251021_121107
1761041412.1344786,3573636,914850816,914.850816,131,198,100,1,20251021_121107
1761041412.1447186,3573676,914861056,914.861056,134,198,98,1,20251021_121107
1761041412.154703,3573715,914871040,914.87104,137,197,99,1,20251021_121107
1761041412.1646864,3573754,914881024,914.881024,139,198,99,1,20251021_121107
1761041412.1746705,3573793,914891008,914.891008,142,197,101,1,20251021_121107
1761041412.1846545,3573832,914900992,914.900992,145,197,101,1,20251021_121107
1761041412.1946385,3573871,914910976,914.910976,148,198,103,1,20251021_121107
1761041412.2046225,3573910,914920960,914.92096,150,198,104,1,20251021_121107
1761041412.2146063,3573949,914930944,914.930944,153,198,105,1,20251021_121107
1761041412.2245903,3573988,914940928,914.940928,156,198,105,1,20251021_121107
1761041412.2345746,3574027,914950912,914.950912,158,198,107,1,20251021_121107
1761041412.2445586,3574066,914960896,914.960896,161,198,109,1,20251021_121107
1761041412.2545426,3574105,914970880,914.97088,164,198,111,1,20251021_121107
1761041412.2645266,3574144,914980864,914.980864,166,198,112,1,20251021_121107
1761041412.2745106,3574183,914990848,914.990848,169,197,115,1,20251021_121107
1761041412.2844946,3574222,915000832,915.000832,172,198,121,1,20251021_121107
1761041412.2947345,3574262,915011072,915.011072,175,198,126,1,20251021_121107
1761041412.3047185,3574301,915021056,915.021056,178,198,130,1,20251021_121107
1761041412.3147025,3574340,915031040,915.03104,181,198,133,1,20251021_121107
1761041412.3246863,3574379,915041024,915.041024,185,198,138,1,20251021_121107
1761041412.3346703,3574418,915051008,915.051008,188,198,143,1,20251021_121107
1761041412.3446546,3574457,915060992,915.060992,191,198,146,1,20251021_121107
1761041412.3546386,3574496,915070976,915.070976,195,198,150,1,20251021_121107
1761041412.3646226,3574535,915080960,915.08096,199,199,155,1,20251021_121107
1761041412.3746066,3574574,915090944,915.090944,202,198,158,1,20251021_121107
1761041412.3845906,3574613,915100928,915.100928,206,198,159,1,20251021_121107
1761041412.3945746,3574652,915110912,915.110912,210,198,160,1,20251021_121107
1761041412.404559,3574691,915120896,915.120896,214,198,160,1,20251021_121107
1761041412.414543,3574730,915130880,915.13088,217,199,162,1,20251021_121107
1761041412.4245265,3574769,915140864,915.140864,221,200,162,1,20251021_121107
1761041412.4347663,3574809,915151104,915.151104,224,199,163,1,20251021_121107
1761041412.4447503,3574848,915161088,915.161088,228,199,163,1,20251021_121107
1761041412.4547346,3574887,915171072,915.171072,231,200,163,1,20251021_121107
1761041412.4647186,3574926,915181056,915.181056,235,200,164,1,20251021_121107
1761041412.4747026,3574965,915191040,915.19104,238,199,163,1,20251021_121107
1761041412.4846866,3575004,915201024,915.201024,241,200,164,1,20251021_121107
1761041412.4946706,3575043,915211008,915.211008,244,200,163,1,20251021_121107
1761041412.5046546,3575082,915220992,915.220992,247,200,164,1,20251021_121107
1761041412.514639,3575121,915230976,915.230976,250,200,164,1,20251021_121107
1761041412.5246224,3575160,915240960,915.24096,253,200,164,1,20251021_121107
1761041412.5346065,3575199,915250944,915.250944,1,200,164,1,20251021_121107
1761041412.5445905,3575238,915260928,915.260928,4,200,164,1,20251021_121107
1761041412.5545745,3575277,915270912,915.270912,7,200,164,1,20251021_121107
1761041412.5645585,3575316,915280896,915.280896,10,200,164,1,20251021_121107
1761041412.5745423,3575355,915290880,915.29088,12,199,163,1,20251021_121107
1761041412.5847826,3575395,915301120,915.30112,15,200,164,1,20251021_121107
1761041412.5947666,3575434,915311104,915.311104,18,200,163,1,20251021_121107
1761041412.6047506,3575473,915321088,915.321088,20,199,162,1,20251021_121107
1761041412.6147346,3575512,915331072,915.331072,23,200,163,1,20251021_121107
1761041412.624719,3575551,915341056,915.341056,26,201,165,1,20251021_121107
1761041412.6347024,3575590,915351040,915.35104,28,200,162,1,20251021_121107
1761041412.6446865,3575629,915361024,915.361024,31,200,160,1,20251021_121107
1761041412.6546705,3575668,915371008,915.371008,33,201,160,1,20251021_121107
1761041412.6646545,3575707,915380992,915.380992,36,200,156,1,20251021_121107
1761041412.6746385,3575746,915390976,915.390976,38,201,158,1,20251021_121107
1761041412.6846223,3575785,915400960,915.40096,41,199,154,1,20251021_121107
1761041412.6946063,3575824,915410944,915.410944,44,200,152,1,20251021_121107
1761041412.7045906,3575863,915420928,915.420928,46,200,149,1,20251021_121107
1761041412.7145746,3575902,915430912,915.430912,49,200,145,1,20251021_121107
1761041412.724815,3575942,915441152,915.441152,52,200,136,1,20251021_121107
1761041412.734799,3575981,915451136,915.451136,55,200,130,1,20251021_121107
1761041412.7447824,3576020,915461120,915.46112,59,199,127,1,20251021_121107
1761041412.7547665,3576059,915471104,915.471104,62,200,123,1,20251021_121107
1761041412.7647505,3576098,915481088,915.481088,66,199,118,1,20251021_121107
1761041412.7747345,3576137,915491072,915.491072,69,199,114,1,20251021_121107
1761041412.7847185,3576176,915501056,915.501056,73,200,110,1,20251021_121107
1761041412.7947023,3576215,915511040,915.51104,76,199,105,1,20251021_121107
1761041412.8046863,3576254,915521024,915.521024,80,200,102,1,20251021_121107
1761041412.8146706,3576293,915531008,915.531008,84,199,100,1,20251021_121107
1761041412.8246546,3576332,915540992,915.540992,88,200,98,1,20251021_121107
1761041412.8346386,3576371,915550976,915.550976,91,199,99,1,20251021_121107
1761041412.8446226,3576410,915560960,915.56096,95,198,101,1,20251021_121107
1761041412.8546066,3576449,915570944,915.570944,98,198,98,1,20251021_121107
1761041412.8648465,3576489,915581184,915.581184,102,198,98,1,20251021_121107
1761041412.8748305,3576528,915591168,915.591168,105,198,98,1,20251021_121107
1761041412.8848145,3576567,915601152,915.601152,108,200,100,1,20251021_121107
1761041412.8947985,3576606,915611136,915.611136,112,199,100,1,20251021_121107
1761041412.9047823,3576645,915621120,915.62112,115,198,100,1,20251021_121107
1761041412.9147666,3576684,915631104,915.631104,118,198,100,1,20251021_121107
1761041412.9247506,3576723,915641088,915.641088,121,198,101,1,20251021_121107
1761041412.9347346,3576762,915651072,915.651072,124,198,101,1,20251021_121107
1761041412.9447186,3576801,915661056,915.661056,127,198,102,1,20251021_121107
1761041412.9549584,3576841,915671296,915.671296,130,198,103,1,20251021_121107
1761041412.9649425,3576880,915681280,915.68128,133,198,105,1,20251021_121107
1761041412.9749265,3576919,915691264,915.691264,136,198,106,1,20251021_121107
1761041412.9849105,3576958,915701248,915.701248,139,198,108,1,20251021_121107
1761041412.9948945,3576997,915711232,915.711232,142,198,110,1,20251021_121107
1761041413.0048783,3577036,915721216,915.721216,145,198,113,1,20251021_121107
1761041413.0148623,3577075,915731200,915.7312,147,198,116,1,20251021_121107
1761041413.0251026,3577115,915741440,915.74144,150,198,121,1,20251021_121107
1761041413.0350866,3577154,915751424,915.751424,153,198,127,1,20251021_121107
1761041413.0450706,3577193,915761408,915.761408,157,198,130,1,20251021_121107
1761041413.055055,3577232,915771392,915.771392,160,198,135,1,20251021_121107
1761041413.0650384,3577271,915781376,915.781376,163,199,141,1,20251021_121107
1761041413.0750225,3577310,915791360,915.79136,167,198,146,1,20251021_121107
1761041413.0850065,3577349,915801344,915.801344,170,199,151,1,20251021_121107
1761041413.0952466,3577389,915811584,915.811584,174,199,156,1,20251021_121107
1761041413.1052306,3577428,915821568,915.821568,178,199,159,1,20251021_121107
1761041413.1152146,3577467,915831552,915.831552,182,198,159,1,20251021_121107
1761041413.1251986,3577506,915841536,915.841536,186,198,160,1,20251021_121107
1761041413.1351826,3577545,915851520,915.85152,190,198,161,1,20251021_121107
1761041413.1451666,3577584,915861504,915.861504,193,199,161,1,20251021_121107
1761041413.155151,3577623,915871488,915.871488,197,199,161,1,20251021_121107
1761041413.165135,3577662,915881472,915.881472,201,198,163,1,20251021_121107
1761041413.1751184,3577701,915891456,915.891456,205,198,163,1,20251021_121107
1761041413.1851025,3577740,915901440,915.90144,209,198,164,1,20251021_121107
1761041413.1953423,3577780,915911680,915.91168,212,198,163,1,20251021_121107
1761041413.2053266,3577819,915921664,915.921664,216,199,164,1,20251021_121107
1761041413.2153106,3577858,915931648,915.931648,220,199,164,1,20251021_121107
1761041413.2252946,3577897,915941632,915.941632,223,200,165,1,20251021_121107
1761041413.2352786,3577936,915951616,915.951616,227,199,164,1,20251021_121107
1761041413.2452626,3577975,915961600,915.9616,230,199,164,1,20251021_121107
1761041413.2552466,3578014,915971584,915.971584,234,199,164,1,20251021_121107
1761041413.265231,3578053,915981568,915.981568,237,199,163,1,20251021_121107
1761041413.275215,3578092,915991552,915.991552,240,200,166,1,20251021_121107
1761041413.2851985,3578131,916001536,916.001536,243,199,165,1,20251021_121107
1761041413.2951825,3578170,916011520,916.01152,247,199,166,1,20251021_121107
1761041413.3051665,3578209,916021504,916.021504,250,200,166,1,20251021_121107
1761041413.3151505,3578248,916031488,916.031488,253,200,166,1,20251021_121107
1761041413.3251345,3578287,916041472,916.041472,1,200,164,1,20251021_121107
1761041413.3353746,3578327,916051712,916.051712,3,200,164,1,20251021_121107
1761041413.3453586,3578366,916061696,916.061696,6,200,162,1,20251021_121107
1761041413.3553426,3578405,916071680,916.07168,9,200,164,1,20251021_121107
1761041413.3653266,3578444,916081664,916.081664,12,200,163,1,20251021_121107
1761041413.375311,3578483,916091648,916.091648,15,200,162,1,20251021_121107
1761041413.385295,3578522,916101632,916.101632,17,199,159,1,20251021_121107
1761041413.3952785,3578561,916111616,916.111616,20,200,159,1,20251021_121107
1761041413.4052625,3578600,916121600,916.1216,23,200,158,1,20251021_121107
1761041413.4152465,3578639,916131584,916.131584,25,200,155,1,20251021_121107
1761041413.4252305,3578678,916141568,916.141568,28,200,154,1,20251021_121107
1761041413.4352143,3578717,916151552,916.151552,31,199,150,1,20251021_121107
1761041413.4451983,3578756,916161536,916.161536,34,200,148,1,20251021_121107
1761041413.4551826,3578795,916171520,916.17152,36,200,145,1,20251021_121107
1761041413.4651666,3578834,916181504,916.181504,39,200,136,1,20251021_121107
1761041413.4754066,3578874,916191744,916.191744,43,200,129,1,20251021_121107
1761041413.485391,3578913,916201728,916.201728,46,200,125,1,20251021_121107
1761041413.4953744,3578952,916211712,916.211712,49,200,120,1,20251021_121107
1761041413.5053585,3578991,916221696,916.221696,53,200,115,1,20251021_121107
1761041413.5153425,3579030,916231680,916.23168,57,200,112,1,20251021_121107
1761041413.5253265,3579069,916241664,916.241664,60,200,108,1,20251021_121107
1761041413.5353105,3579108,916251648,916.251648,64,200,104,1,20251021_121107
1761041413.5452943,3579147,916261632,916.261632,68,200,99,1,20251021_121107
1761041413.5552783,3579186,916271616,916.271616,72,200,98,1,20251021_121107
1761041413.5652626,3579225,916281600,916.2816,76,200,100,1,20251021_121107
1761041413.5752466,3579264,916291584,916.291584,80,199,100,1,20251021_121107
1761041413.5852306,3579303,916301568,916.301568,83,199,100,1,20251021_121107
1761041413.5952146,3579342,916311552,916.311552,87,200,98,1,20251021_121107
1761041413.6051986,3579381,916321536,916.321536,91,199,98,1,20251021_121107
1761041413.6151826,3579420,916331520,916.33152,94,199,100,1,20251021_121107
1761041413.6254225,3579460,916341760,916.34176,98,198,99,1,20251021_121107
1761041413.6354065,3579499,916351744,916.351744,101,198,98,1,20251021_121107
1761041413.6453905,3579538,916361728,916.361728,105,198,98,1,20251021_121107
1761041413.6553743,3579577,916371712,916.371712,108,198,99,1,20251021_121107
1761041413.6653583,3579616,916381696,916.381696,111,198,100,1,20251021_121107
1761041413.6753426,3579655,916391680,916.39168,115,197,100,1,20251021_121107
1761041413.6853266,3579694,916401664,916.401664,118,198,101,1,20251021_121107
1761041413.6953106,3579733,916411648,916.411648,121,198,102,1,20251021_121107
1761041413.7052946,3579772,916421632,916.421632,124,197,103,1,20251021_121107
1761041413.7152786,3579811,916431616,916.431616,127,198,104,1,20251021_121107
1761041413.7252626,3579850,916441600,916.4416,130,198,105,1,20251021_121107
1761041413.735247,3579889,916451584,916.451584,133,198,106,1,20251021_121107
1761041413.7454865,3579929,916461824,916.461824,136,198,107,1,20251021_121107
1761041413.7554705,3579968,916471808,916.471808,138,198,110,1,20251021_121107
1761041413.7654543,3580007,916481792,916.481792,141,198,114,1,20251021_121107
1761041413.7754383,3580046,916491776,916.491776,144,198,117,1,20251021_121107
1761041413.7854226,3580085,916501760,916.50176,147,198,124,1,20251021_121107
1761041413.7954066,3580124,916511744,916.511744,150,198,127,1,20251021_121107
1761041413.8053906,3580163,916521728,916.521728,154,198,134,1,20251021_121107
1761041413.815631,3580203,916531968,916.531968,157,198,138,1,20251021_121107
1761041413.8256145,3580242,916541952,916.541952,160,199,145,1,20251021_121107
1761041413.8355985,3580281,916551936,916.551936,164,199,150,1,20251021_121107
1761041413.8455825,3580320,916561920,916.56192,168,199,152,1,20251021_121107
1761041413.8555665,3580359,916571904,916.571904,171,198,158,1,20251021_121107
1761041413.8655505,3580398,916581888,916.581888,175,198,160,1,20251021_121107
1761041413.8755343,3580437,916591872,916.591872,179,198,160,1,20251021_121107
1761041413.8855186,3580476,916601856,916.601856,183,198,160,1,20251021_121107
1761041413.8955026,3580515,916611840,916.61184,187,198,161,1,20251021_121107
1761041413.9054866,3580554,916621824,916.621824,191,199,163,1,20251021_121107
1761041413.9154706,3580593,916631808,916.631808,195,198,163,1,20251021_121107
1761041413.9257104,3580633,916642048,916.642048,199,198,163,1,20251021_121107
1761041413.9356945,3580672,916652032,916.652032,203,198,163,1,20251021_121107
1761041413.9456785,3580711,916662016,916.662016,206,198,164,1,20251021_121107
1761041413.9556625,3580750,916672000,916.672,210,199,164,1,20251021_121107
1761041413.9656465,3580789,916681984,916.681984,214,199,163,1,20251021_121107
1761041413.9756303,3580828,916691968,916.691968,218,199,165,1,20251021_121107
1761041413.9856143,3580867,916701952,916.701952,221,199,164,1,20251021_121107
1761041413.9955986,3580906,916711936,916.711936,225,199,164,1,20251021_121107
1761041414.0055826,3580945,916721920,916.72192,228,200,165,1,20251021_121107
1761041414.0155666,3580984,916731904,916.731904,232,199,165,1,20251021_121107
1761041414.0255506,3581023,916741888,916.741888,235,200,165,1,20251021_121107
1761041414.0355346,3581062,916751872,916.751872,238,200,166,1,20251021_121107
1761041414.0455186,3581101,916761856,916.761856,241,200,165,1,20251021_121107
1761041414.055503,3581140,916771840,916.77184,245,200,166,1,20251021_121107
1761041414.0657425,3581180,916782080,916.78208,248,200,166,1,20251021_121107
1761041414.0757265,3581219,916792064,916.792064,251,199,164,1,20251021_121107
1761041414.0857103,3581258,916802048,916.802048,254,200,166,1,20251021_121107
1761041414.0956943,3581297,916812032,916.812032,2,200,165,1,20251021_121107
1761041414.1056786,3581336,916822016,916.822016,5,200,165,1,20251021_121107
1761041414.1156626,3581375,916832000,916.832,7,200,164,1,20251021_121107
1761041414.1256466,3581414,916841984,916.841984,10,200,163,1,20251021_121107
1761041414.1356306,3581453,916851968,916.851968,13,200,162,1,20251021_121107
1761041414.1456146,3581492,916861952,916.861952,16,200,161,1,20251021_121107
1761041414.1555986,3581531,916871936,916.871936,18,200,158,1,20251021_121107
1761041414.165583,3581570,916881920,916.88192,21,200,158,1,20251021_121107
1761041414.175567,3581609,916891904,916.891904,24,200,155,1,20251021_121107
1761041414.1855505,3581648,916901888,916.901888,26,200,152,1,20251021_121107
1761041414.1955345,3581687,916911872,916.911872,29,200,150,1,20251021_121107
1761041414.2055185,3581726,916921856,916.921856,32,200,144,1,20251021_121107
1761041414.2157586,3581766,916932096,916.932096,35,200,138,1,20251021_121107
1761041414.2257426,3581805,916942080,916.94208,38,199,133,1,20251021_121107
1761041414.2357266,3581844,916952064,916.952064,42,200,127,1,20251021_121107
1761041414.2457106,3581883,916962048,916.962048,45,199,120,1,20251021_121107
1761041414.2556946,3581922,916972032,916.972032,49,200,115,1,20251021_121107
1761041414.2656786,3581961,916982016,916.982016,52,200,110,1,20251021_121107
1761041414.275663,3582000,916992000,916.992,56,200,105,1,20251021_121107
1761041414.2856464,3582039,917001984,917.001984,60,199,100,1,20251021_121107
1761041414.2956305,3582078,917011968,917.011968,64,200,98,1,20251021_121107
1761041414.3056145,3582117,917021952,917.021952,68,200,99,1,20251021_121107
1761041414.3155985,3582156,917031936,917.031936,72,199,99,1,20251021_121107
1761041414.3255825,3582195,917041920,917.04192,76,200,99,1,20251021_121107
1761041414.3355663,3582234,917051904,917.051904,80,199,99,1,20251021_121107
1761041414.3455503,3582273,917061888,917.061888,83,200,99,1,20251021_121107
1761041414.3557906,3582313,917072128,917.072128,87,199,99,1,20251021_121107
1761041414.3657746,3582352,917082112,917.082112,91,199,99,1,20251021_121107
1761041414.3757586,3582391,917092096,917.092096,94,199,100,1,20251021_121107
1761041414.385743,3582430,917102080,917.10208,98,199,100,1,20251021_121107
1761041414.3957264,3582469,917112064,917.112064,101,198,99,1,20251021_121107
1761041414.4057105,3582508,917122048,917.122048,105,199,100,1,20251021_121107
1761041414.4156945,3582547,917132032,917.132032,108,197,99,1,20251021_121107
1761041414.4256785,3582586,917142016,917.142016,111,198,100,1,20251021_121107
1761041414.4356625,3582625,917152000,917.152,115,198,100,1,20251021_121107
1761041414.4456463,3582664,917161984,917.161984,118,198,100,1,20251021_121107
1761041414.4556303,3582703,917171968,917.171968,121,198,101,1,20251021_121107
1761041414.4656146,3582742,917181952,917.181952,124,198,101,1,20251021_121107
1761041414.4758546,3582782,917192192,917.192192,127,197,102,1,20251021_121107
1761041414.485839,3582821,917202176,917.202176,130,198,101,1,20251021_121107
1761041414.495823,3582860,917212160,917.21216,133,198,100,1,20251021_121107
1761041414.5058064,3582899,917222144,917.222144,135,197,100,1,20251021_121107
1761041414.5157905,3582938,917232128,917.232128,138,197,100,1,20251021_121107
1761041414.5257745,3582977,917242112,917.242112,141,198,101,1,20251021_121107
1761041414.5357585,3583016,917252096,917.252096,144,197,101,1,20251021_121107
1761041414.5457425,3583055,917262080,917.26208,146,197,103,1,20251021_121107
1761041414.5557263,3583094,917272064,917.272064,149,198,103,1,20251021_121107
1761041414.5657103,3583133,917282048,917.282048,152,197,104,1,20251021_121107
1761041414.5756946,3583172,917292032,917.292032,154,198,106,1,20251021_121107
1761041414.5856786,3583211,917302016,917.302016,157,198,106,1,20251021_121107
1761041414.5956626,3583250,917312000,917.312,160,198,109,1,20251021_121107
1761041414.6056466,3583289,917321984,917.321984,162,198,110,1,20251021_121107
1761041414.6156306,3583328,917331968,917.331968,165,198,114,1,20251021_121107
1761041414.6258705,3583368,917342208,917.342208,168,198,119,1,20251021_121107
1761041414.6358545,3583407,917352192,917.352192,171,197,122,1,20251021_121107
1761041414.6458385,3583446,917362176,917.362176,174,198,128,1,20251021_121107
1761041414.6558225,3583485,917372160,917.37216,177,198,133,1,20251021_121107
1761041414.6658063,3583524,917382144,917.382144,180,199,140,1,20251021_121107
1761041414.6757903,3583563,917392128,917.392128,184,198,144,1,20251021_121107
1761041414.6857746,3583602,917402112,917.402112,187,198,150,1,20251021_121107
1761041414.6957586,3583641,917412096,917.412096,191,198,157,1,20251021_121107
1761041414.7057426,3583680,917422080,917.42208,195,198,158,1,20251021_121107
1761041414.7157266,3583719,917432064,917.432064,199,198,158,1,20251021_121107
1761041414.7257106,3583758,917442048,917.442048,202,198,161,1,20251021_121107
1761041414.7356946,3583797,917452032,917.452032,206,198,161,1,20251021_121107
1761041414.745679,3583836,917462016,917.462016,210,198,162,1,20251021_121107
1761041414.7556624,3583875,917472000,917.472,213,198,162,1,20251021_121107
1761041414.7659023,3583915,917482240,917.48224,217,199,162,1,20251021_121107
1761041414.7758863,3583954,917492224,917.492224,221,198,162,1,20251021_121107
1761041414.7858706,3583993,917502208,917.502208,224,199,163,1,20251021_121107
1761041414.7958546,3584032,917512192,917.512192,228,200,164,1,20251021_121107
1761041414.8058386,3584071,917522176,917.522176,231,199,164,1,20251021_121107
1761041414.8158226,3584110,917532160,917.53216,235,199,163,1,20251021_121107
1761041414.8258066,3584149,917542144,917.542144,238,199,164,1,20251021_121107
1761041414.8357906,3584188,917552128,917.552128,241,200,164,1,20251021_121107
1761041414.845775,3584227,917562112,917.562112,244,199,164,1,20251021_121107
1761041414.855759,3584266,917572096,917.572096,247,200,164,1,20251021_121107
1761041414.8657424,3584305,917582080,917.58208,250,200,164,1,20251021_121107
1761041414.8757265,3584344,917592064,917.592064,253,200,165,1,20251021_121107
1761041414.8857105,3584383,917602048,917.602048,1,200,167,1,20251021_121107
1761041414.8956945,3584422,917612032,917.612032,4,200,165,1,20251021_121107
1761041414.9056785,3584461,917622016,917.622016,7,200,165,1,20251021_121107
1761041414.9159186,3584501,917632256,917.632256,10,200,165,1,20251021_121107
1761041414.9259026,3584540,917642240,917.64224,12,200,165,1,20251021_121107
1761041414.9358866,3584579,917652224,917.652224,15,200,164,1,20251021_121107
1761041414.9458706,3584618,917662208,917.662208,18,199,163,1,20251021_121107
1761041414.955855,3584657,917672192,917.672192,20,200,163,1,20251021_121107
1761041414.965839,3584696,917682176,917.682176,23,200,162,1,20251021_121107
1761041414.9758224,3584735,917692160,917.69216,26,200,160,1,20251021_121107
1761041414.9858065,3584774,917702144,917.702144,28,200,160,1,20251021_121107
1761041414.9957905,3584813,917712128,917.712128,31,200,158,1,20251021_121107
1761041415.0057745,3584852,917722112,917.722112,34,199,157,1,20251021_121107
1761041415.0157585,3584891,917732096,917.732096,36,200,155,1,20251021_121107
1761041415.0257423,3584930,917742080,917.74208,39,202,153,1,20251021_121107
1761041415.0357263,3584969,917752064,917.752064,42,200,143,1,20251021_121107
1761041415.0457106,3585008,917762048,917.762048,45,200,132,1,20251021_121107
1761041415.0556946,3585047,917772032,917.772032,48,199,127,1,20251021_121107
1761041415.065935,3585087,917782272,917.782272,52,200,120,1,20251021_121107
1761041415.075919,3585126,917792256,917.792256,55,200,114,1,20251021_121107
1761041415.0859025,3585165,917802240,917.80224,59,199,110,1,20251021_121107
1761041415.0958865,3585204,917812224,917.812224,63,200,106,1,20251021_121107
1761041415.1058705,3585243,917822208,917.822208,66,200,101,1,20251021_121107
1761041415.1158545,3585282,917832192,917.832192,70,200,98,1,20251021_121107
1761041415.1258385,3585321,917842176,917.842176,74,199,98,1,20251021_121107
1761041415.1358223,3585360,917852160,917.85216,78,200,99,1,20251021_121107
1761041415.1458066,3585399,917862144,917.862144,82,200,98,1,20251021_121107
1761041415.1557906,3585438,917872128,917.872128,86,199,98,1,20251021_121107
1761041415.1657746,3585477,917882112,917.882112,89,199,98,1,20251021_121107
1761041415.1757586,3585516,917892096,917.892096,93,198,98,1,20251021_121107
1761041415.1857426,3585555,917902080,917.90208,97,198,98,1,20251021_121107
1761041415.1957266,3585594,917912064,917.912064,100,198,97,1,20251021_121107
1761041415.2059665,3585634,917922304,917.922304,103,198,98,1,20251021_121107
1761041415.2159505,3585673,917932288,917.932288,107,199,100,1,20251021_121107
1761041415.2259345,3585712,917942272,917.942272,110,198,99,1,20251021_121107
1761041415.2359183,3585751,917952256,917.952256,113,198,100,1,20251021_121107
1761041415.2459023,3585790,917962240,917.96224,117,197,100,1,20251021_121107
1761041415.2558866,3585829,917972224,917.972224,120,198,100,1,20251021_121107
1761041415.2658706,3585868,917982208,917.982208,123,198,100,1,20251021_121107
1761041415.2758546,3585907,917992192,917.992192,126,197,100,1,20251021_121107
1761041415.2858386,3585946,918002176,918.002176,129,197,100,1,20251021_121107
1761041415.2958226,3585985,918012160,918.01216,131,197,100,1,20251021_121107
1761041415.3058066,3586024,918022144,918.022144,134,198,101,1,20251021_121107
1761041415.315791,3586063,918032128,918.032128,137,197,100,1,20251021_121107
1761041415.325775,3586102,918042112,918.042112,140,197,100,1,20251021_121107
1761041415.3357584,3586141,918052096,918.052096,143,198,102,1,20251021_121107
1761041415.3459983,3586181,918062336,918.062336,145,197,103,1,20251021_121107
1761041415.3559823,3586220,918072320,918.07232,148,197,103,1,20251021_121107
1761041415.3659666,3586259,918082304,918.082304,151,198,105,1,20251021_121107
1761041415.3759506,3586298,918092288,918.092288,153,198,106,1,20251021_121107
1761041415.3859346,3586337,918102272,918.102272,156,198,108,1,20251021_121107
1761041415.3959186,3586376,918112256,918.112256,159,197,109,1,20251021_121107
1761041415.4059026,3586415,918122240,918.12224,161,198,111,1,20251021_121107
1761041415.4158866,3586454,918132224,918.132224,164,198,115,1,20251021_121107
1761041415.425871,3586493,918142208,918.142208,167,198,118,1,20251021_121107
1761041415.435855,3586532,918152192,918.152192,170,199,124,1,20251021_121107
1761041415.4458385,3586571,918162176,918.162176,173,198,127,1,20251021_121107
1761041415.4558225,3586610,918172160,918.17216,176,198,131,1,20251021_121107
1761041415.4658065,3586649,918182144,918.182144,179,198,136,1,20251021_121107
1761041415.4757905,3586688,918192128,918.192128,183,198,140,1,20251021_121107
1761041415.4857745,3586727,918202112,918.202112,186,198,143,1,20251021_121107
1761041415.4960146,3586767,918212352,918.212352,190,198,147,1,20251021_121107
1761041415.5059986,3586806,918222336,918.222336,193,198,152,1,20251021_121107
1761041415.5159826,3586845,918232320,918.23232,197,199,160,1,20251021_121107
1761041415.5259666,3586884,918242304,918.242304,201,198,159,1,20251021_121107
1761041415.535951,3586923,918252288,918.252288,204,198,159,1,20251021_121107
1761041415.5459344,3586962,918262272,918.262272,208,198,160,1,20251021_121107
1761041415.5559185,3587001,918272256,918.272256,212,199,161,1,20251021_121107
1761041415.5659025,3587040,918282240,918.28224,216,199,162,1,20251021_121107
1761041415.5758865,3587079,918292224,918.292224,219,199,163,1,20251021_121107
1761041415.5858705,3587118,918302208,918.302208,223,199,162,1,20251021_121107
1761041415.5958543,3587157,918312192,918.312192,226,200,163,1,20251021_121107
1761041415.6058383,3587196,918322176,918.322176,230,200,164,1,20251021_121107
1761041415.6158226,3587235,918332160,918.33216,233,199,163,1,20251021_121107
1761041415.6258066,3587274,918342144,918.342144,236,199,164,1,20251021_121107
1761041415.6360466,3587314,918352384,918.352384,240,199,164,1,20251021_121107
1761041415.646031,3587353,918362368,918.362368,243,200,165,1,20251021_121107
1761041415.6560144,3587392,918372352,918.372352,246,201,165,1,20251021_121107
1761041415.6659985,3587431,918382336,918.382336,249,200,165,1,20251021_121107
1761041415.6759825,3587470,918392320,918.39232,252,200,164,1,20251021_121107
1761041415.6859665,3587509,918402304,918.402304,0,200,165,1,20251021_121107
1761041415.6959505,3587548,918412288,918.412288,3,199,163,1,20251021_121107
1761041415.7059343,3587587,918422272,918.422272,6,200,163,1,20251021_121107
1761041415.7159183,3587626,918432256,918.432256,9,200,163,1,20251021_121107
1761041415.7259026,3587665,918442240,918.44224,11,200,163,1,20251021_121107
1761041415.7358866,3587704,918452224,918.452224,14,200,162,1,20251021_121107
1761041415.746127,3587744,918462464,918.462464,17,200,163,1,20251021_121107
1761041415.756111,3587783,918472448,918.472448,19,200,162,1,20251021_121107
1761041415.7660944,3587822,918482432,918.482432,22,199,161,1,20251021_121107
1761041415.7760785,3587861,918492416,918.492416,25,200,160,1,20251021_121107
1761041415.7860625,3587900,918502400,918.5024,27,200,160,1,20251021_121107
1761041415.7960465,3587939,918512384,918.512384,30,199,157,1,20251021_121107
1761041415.8060305,3587978,918522368,918.522368,33,200,157,1,20251021_121107
1761041415.8160143,3588017,918532352,918.532352,35,199,155,1,20251021_121107
1761041415.8259983,3588056,918542336,918.542336,38,200,154,1,20251021_121107
1761041415.8359826,3588095,918552320,918.55232,41,199,152,1,20251021_121107
1761041415.8459666,3588134,918562304,918.562304,43,200,151,1,20251021_121107
1761041415.8559506,3588173,918572288,918.572288,46,200,144,1,20251021_121107
1761041415.8659346,3588212,918582272,918.582272,49,200,135,1,20251021_121107
1761041415.8759186,3588251,918592256,918.592256,52,201,130,1,20251021_121107
1761041415.8861585,3588291,918602496,918.602496,56,200,126,1,20251021_121107
1761041415.8961425,3588330,918612480,918.61248,59,200,122,1,20251021_121107
1761041415.9061265,3588369,918622464,918.622464,62,200,116,1,20251021_121107
1761041415.9161105,3588408,918632448,918.632448,66,200,113,1,20251021_121107
1761041415.9260943,3588447,918642432,918.642432,70,200,109,1,20251021_121107
1761041415.9360783,3588486,918652416,918.652416,73,199,106,1,20251021_121107
1761041415.9460626,3588525,918662400,918.6624,77,199,102,1,20251021_121107
1761041415.9560466,3588564,918672384,918.672384,81,200,101,1,20251021_121107
1761041415.9660306,3588603,918682368,918.682368,85,199,99,1,20251021_121107
1761041415.9760146,3588642,918692352,918.692352,88,199,100,1,20251021_121107
1761041415.9859986,3588681,918702336,918.702336,92,198,100,1,20251021_121107
1761041415.9959826,3588720,918712320,918.71232,96,198,101,1,20251021_121107
1761041416.005967,3588759,918722304,918.722304,99,198,99,1,20251021_121107
1761041416.0159504,3588798,918732288,918.732288,103,198,97,1,20251021_121107
1761041416.0259345,3588837,918742272,918.742272,106,198,98,1,20251021_121107
1761041416.0361743,3588877,918752512,918.752512,109,198,102,1,20251021_121107
1761041416.0461586,3588916,918762496,918.762496,112,198,100,1,20251021_121107
1761041416.0561426,3588955,918772480,918.77248,116,198,101,1,20251021_121107
1761041416.0661266,3588994,918782464,918.782464,119,198,101,1,20251021_121107
1761041416.0761106,3589033,918792448,918.792448,122,198,101,1,20251021_121107
1761041416.0860946,3589072,918802432,918.802432,125,197,102,1,20251021_121107
1761041416.0960786,3589111,918812416,918.812416,128,198,103,1,20251021_121107
1761041416.106063,3589150,918822400,918.8224,131,197,104,1,20251021_121107
1761041416.116047,3589189,918832384,918.832384,134,198,105,1,20251021_121107
1761041416.1260304,3589228,918842368,918.842368,137,198,106,1,20251021_121107
1761041416.1360145,3589267,918852352,918.852352,139,198,108,1,20251021_121107
1761041416.1459985,3589306,918862336,918.862336,142,197,110,1,20251021_121107
1761041416.1559825,3589345,918872320,918.87232,145,198,114,1,20251021_121107
1761041416.1659665,3589384,918882304,918.882304,148,198,118,1,20251021_121107
1761041416.1762066,3589424,918892544,918.892544,151,198,123,1,20251021_121107
1761041416.1861906,3589463,918902528,918.902528,154,198,127,1,20251021_121107
1761041416.1961746,3589502,918912512,918.912512,157,198,131,1,20251021_121107
1761041416.2061586,3589541,918922496,918.922496,160,198,137,1,20251021_121107
1761041416.216143,3589580,918932480,918.93248,164,198,142,1,20251021_121107
1761041416.226127,3589619,918942464,918.942464,167,198,147,1,20251021_121107
1761041416.2361104,3589658,918952448,918.952448,171,198,151,1,20251021_121107
1761041416.2460945,3589697,918962432,918.962432,175,198,157,1,20251021_121107
1761041416.2560785,3589736,918972416,918.972416,179,198,160,1,20251021_121107
1761041416.2660625,3589775,918982400,918.9824,182,198,160,1,20251021_121107
1761041416.2760465,3589814,918992384,918.992384,186,198,160,1,20251021_121107
1761041416.2860303,3589853,919002368,919.002368,190,198,160,1,20251021_121107
1761041416.2960143,3589892,919012352,919.012352,194,198,162,1,20251021_121107
1761041416.3059986,3589931,919022336,919.022336,198,198,162,1,20251021_121107
1761041416.3159826,3589970,919032320,919.03232,202,198,162,1,20251021_121107
1761041416.326223,3590010,919042560,919.04256,206,198,163,1,20251021_121107
1761041416.336207,3590049,919052544,919.052544,209,198,163,1,20251021_121107
1761041416.3461905,3590088,919062528,919.062528,213,198,163,1,20251021_121107
1761041416.3561745,3590127,919072512,919.072512,217,199,164,1,20251021_121107
1761041416.3661585,3590166,919082496,919.082496,220,199,164,1,20251021_121107
1761041416.3761425,3590205,919092480,919.09248,224,199,164,1,20251021_121107
1761041416.3861265,3590244,919102464,919.102464,228,200,165,1,20251021_121107
1761041416.3961103,3590283,919112448,919.112448,231,199,165,1,20251021_121107
1761041416.4060946,3590322,919122432,919.122432,234,199,165,1,20251021_121107
1761041416.4160786,3590361,919132416,919.132416,238,200,163,1,20251021_121107
1761041416.4260626,3590400,919142400,919.1424,241,199,166,1,20251021_121107
1761041416.4360466,3590439,919152384,919.152384,244,200,166,1,20251021_121107
1761041416.4460306,3590478,919162368,919.162368,247,199,164,1,20251021_121107
1761041416.4560146,3590517,919172352,919.172352,250,199,164,1,20251021_121107
1761041416.4662545,3590557,919182592,919.182592,253,200,163,1,20251021_121107
1761041416.4762385,3590596,919192576,919.192576,1,199,164,1,20251021_121107
1761041416.4862225,3590635,919202560,919.20256,4,200,164,1,20251021_121107
1761041416.4962063,3590674,919212544,919.212544,7,200,164,1,20251021_121107
1761041416.5061903,3590713,919222528,919.222528,10,200,162,1,20251021_121107
1761041416.5161746,3590752,919232512,919.232512,12,200,161,1,20251021_121107
1761041416.5261586,3590791,919242496,919.242496,15,200,161,1,20251021_121107
1761041416.5361426,3590830,919252480,919.25248,18,200,160,1,20251021_121107
1761041416.5461266,3590869,919262464,919.262464,21,200,157,1,20251021_121107
1761041416.5561106,3590908,919272448,919.272448,23,199,156,1,20251021_121107
1761041416.5660946,3590947,919282432,919.282432,26,200,152,1,20251021_121107
1761041416.576079,3590986,919292416,919.292416,29,200,148,1,20251021_121107
1761041416.586063,3591025,919302400,919.3024,32,200,142,1,20251021_121107
1761041416.5960464,3591064,919312384,919.312384,35,200,135,1,20251021_121107
1761041416.6060305,3591103,919322368,919.322368,38,199,130,1,20251021_121107
1761041416.6162703,3591143,919332608,919.332608,41,200,126,1,20251021_121107
1761041416.6262546,3591182,919342592,919.342592,45,200,122,1,20251021_121107
1761041416.6362386,3591221,919352576,919.352576,48,199,116,1,20251021_121107
1761041416.6462226,3591260,919362560,919.36256,52,199,112,1,20251021_121107
1761041416.6562066,3591299,919372544,919.372544,56,200,107,1,20251021_121107
1761041416.6661906,3591338,919382528,919.382528,60,199,104,1,20251021_121107
1761041416.6761746,3591377,919392512,919.392512,63,200,101,1,20251021_121107
1761041416.686159,3591416,919402496,919.402496,67,200,98,1,20251021_121107
1761041416.696143,3591455,919412480,919.41248,71,200,99,1,20251021_121107
1761041416.7061265,3591494,919422464,919.422464,75,200,99,1,20251021_121107
1761041416.7161105,3591533,919432448,919.432448,79,199,98,1,20251021_121107
1761041416.7260945,3591572,919442432,919.442432,83,199,96,1,20251021_121107
1761041416.7360785,3591611,919452416,919.452416,86,199,100,1,20251021_121107
1761041416.7460625,3591650,919462400,919.4624,90,198,99,1,20251021_121107
1761041416.7563026,3591690,919472640,919.47264,94,199,98,1,20251021_121107
1761041416.7662866,3591729,919482624,919.482624,97,199,99,1,20251021_121107
1761041416.7762706,3591768,919492608,919.492608,101,199,99,1,20251021_121107
1761041416.7862546,3591807,919502592,919.502592,104,198,100,1,20251021_121107
1761041416.796239,3591846,919512576,919.512576,108,198,98,1,20251021_121107
1761041416.8062224,3591885,919522560,919.52256,111,198,99,1,20251021_121107
1761041416.8162065,3591924,919532544,919.532544,114,198,100,1,20251021_121107
1761041416.8261905,3591963,919542528,919.542528,117,198,101,1,20251021_121107
1761041416.8361745,3592002,919552512,919.552512,120,199,102,1,20251021_121107
1761041416.8461585,3592041,919562496,919.562496,123,198,103,1,20251021_121107
1761041416.8561423,3592080,919572480,919.57248,126,198,103,1,20251021_121107
1761041416.8661263,3592119,919582464,919.582464,129,197,104,1,20251021_121107
1761041416.8761106,3592158,919592448,919.592448,132,197,106,1,20251021_121107
1761041416.8860946,3592197,919602432,919.602432,135,198,107,1,20251021_121107
1761041416.8963346,3592237,919612672,919.612672,138,198,110,1,20251021_121107
1761041416.906319,3592276,919622656,919.622656,141,197,112,1,20251021_121107
1761041416.9163024,3592315,919632640,919.63264,144,198,117,1,20251021_121107
1761041416.9262865,3592354,919642624,919.642624,147,198,122,1,20251021_121107
1761041416.9362705,3592393,919652608,919.652608,150,198,127,1,20251021_121107
1761041416.9462545,3592432,919662592,919.662592,153,198,132,1,20251021_121107
1761041416.9562385,3592471,919672576,919.672576,156,198,136,1,20251021_121107
1761041416.9662223,3592510,919682560,919.68256,160,199,141,1,20251021_121107
1761041416.9762063,3592549,919692544,919.692544,163,198,147,1,20251021_121107
1761041416.9861906,3592588,919702528,919.702528,167,198,152,1,20251021_121107
1761041416.9961746,3592627,919712512,919.712512,171,198,157,1,20251021_121107
1761041417.0061586,3592666,919722496,919.722496,174,198,160,1,20251021_121107
1761041417.0161426,3592705,919732480,919.73248,178,198,159,1,20251021_121107
1761041417.0261266,3592744,919742464,919.742464,182,198,161,1,20251021_121107
1761041417.0363665,3592784,919752704,919.752704,186,198,162,1,20251021_121107
1761041417.0463505,3592823,919762688,919.762688,190,198,161,1,20251021_121107
1761041417.0563345,3592862,919772672,919.772672,194,198,162,1,20251021_121107
1761041417.0663185,3592901,919782656,919.782656,198,198,163,1,20251021_121107
1761041417.0763023,3592940,919792640,919.79264,202,198,163,1,20251021_121107
1761041417.0862863,3592979,919802624,919.802624,206,198,164,1,20251021_121107
1761041417.0962706,3593018,919812608,919.812608,209,198,162,1,20251021_121107
1761041417.1062546,3593057,919822592,919.822592,213,198,164,1,20251021_121107
1761041417.1162386,3593096,919832576,919.832576,217,198,164,1,20251021_121107
1761041417.1262226,3593135,919842560,919.84256,220,199,164,1,20251021_121107
1761041417.1362066,3593174,919852544,919.852544,224,199,164,1,20251021_121107
1761041417.1461906,3593213,919862528,919.862528,227,199,165,1,20251021_121107
1761041417.156175,3593252,919872512,919.872512,231,199,164,1,20251021_121107
1761041417.166159,3593291,919882496,919.882496,234,199,164,1,20251021_121107
1761041417.1761425,3593330,919892480,919.89248,238,200,166,1,20251021_121107
1761041417.1863823,3593370,919902720,919.90272,241,199,165,1,20251021_121107
1761041417.1963663,3593409,919912704,919.912704,244,200,166,1,20251021_121107
1761041417.2063506,3593448,919922688,919.922688,247,200,165,1,20251021_121107
1761041417.2163346,3593487,919932672,919.932672,250,200,165,1,20251021_121107
1761041417.2263186,3593526,919942656,919.942656,253,199,165,1,20251021_121107
1761041417.2363026,3593565,919952640,919.95264,1,200,164,1,20251021_121107
1761041417.2462866,3593604,919962624,919.962624,4,200,164,1,20251021_121107
1761041417.2562706,3593643,919972608,919.972608,7,200,163,1,20251021_121107
1761041417.266255,3593682,919982592,919.982592,10,199,164,1,20251021_121107
1761041417.2762384,3593721,919992576,919.992576,12,200,162,1,20251021_121107
1761041417.2862225,3593760,920002560,920.00256,15,200,160,1,20251021_121107
1761041417.2962065,3593799,920012544,920.012544,18,200,157,1,20251021_121107
1761041417.3061905,3593838,920022528,920.022528,20,200,157,1,20251021_121107
1761041417.3161745,3593877,920032512,920.032512,23,200,156,1,20251021_121107
1761041417.3264146,3593917,920042752,920.042752,26,200,152,1,20251021_121107
1761041417.3363986,3593956,920052736,920.052736,29,200,151,1,20251021_121107
1761041417.3463826,3593995,920062720,920.06272,32,199,148,1,20251021_121107
1761041417.3563666,3594034,920072704,920.072704,34,200,141,1,20251021_121107
1761041417.366351,3594073,920082688,920.082688,38,200,134,1,20251021_121107
1761041417.376335,3594112,920092672,920.092672,41,200,127,1,20251021_121107
1761041417.3863184,3594151,920102656,920.102656,44,200,121,1,20251021_121107
1761041417.3963025,3594190,920112640,920.11264,48,200,115,1,20251021_121107
1761041417.4062865,3594229,920122624,920.122624,51,200,108,1,20251021_121107
1761041417.4162705,3594268,920132608,920.132608,55,199,104,1,20251021_121107
1761041417.4262545,3594307,920142592,920.142592,59,200,101,1,20251021_121107
1761041417.4362383,3594346,920152576,920.152576,63,199,97,1,20251021_121107
1761041417.4462223,3594385,920162560,920.16256,67,200,97,1,20251021_121107
1761041417.4562066,3594424,920172544,920.172544,71,199,97,1,20251021_121107
1761041417.4661906,3594463,920182528,920.182528,75,200,98,1,20251021_121107
1761041417.476431,3594503,920192768,920.192768,79,198,98,1,20251021_121107
1761041417.486415,3594542,920202752,920.202752,83,199,97,1,20251021_121107
1761041417.4963984,3594581,920212736,920.212736,86,198,97,1,20251021_121107
1761041417.5063825,3594620,920222720,920.22272,90,199,99,1,20251021_121107
1761041417.5163665,3594659,920232704,920.232704,94,199,99,1,20251021_121107
1761041417.5263505,3594698,920242688,920.242688,97,198,98,1,20251021_121107
1761041417.5363345,3594737,920252672,920.252672,101,198,98,1,20251021_121107
1761041417.5463183,3594776,920262656,920.262656,104,198,99,1,20251021_121107
1761041417.5563023,3594815,920272640,920.27264,107,199,98,1,20251021_121107
1761041417.5662866,3594854,920282624,920.282624,111,197,99,1,20251021_121107
1761041417.5762706,3594893,920292608,920.292608,114,197,98,1,20251021_121107
1761041417.5862546,3594932,920302592,920.302592,117,197,99,1,20251021_121107
1761041417.5962386,3594971,920312576,920.312576,120,198,99,1,20251021_121107
1761041417.6062226,3595010,920322560,920.32256,123,198,99,1,20251021_121107
1761041417.6162066,3595049,920332544,920.332544,126,198,100,1,20251021_121107
1761041417.6264465,3595089,920342784,920.342784,129,198,99,1,20251021_121107
1761041417.6364305,3595128,920352768,920.352768,132,198,99,1,20251021_121107
1761041417.6464145,3595167,920362752,920.362752,135,197,99,1,20251021_121107
1761041417.6563983,3595206,920372736,920.372736,138,197,99,1,20251021_121107
1761041417.6663826,3595245,920382720,920.38272,140,197,99,1,20251021_121107
1761041417.6763666,3595284,920392704,920.392704,143,198,101,1,20251021_121107
1761041417.6863506,3595323,920402688,920.402688,146,198,101,1,20251021_121107
1761041417.6963346,3595362,920412672,920.412672,148,197,104,1,20251021_121107
1761041417.7063186,3595401,920422656,920.422656,151,198,104,1,20251021_121107
1761041417.7163026,3595440,920432640,920.43264,154,197,104,1,20251021_121107
1761041417.7262866,3595479,920442624,920.442624,156,198,106,1,20251021_121107
1761041417.736271,3595518,920452608,920.452608,159,198,108,1,20251021_121107
1761041417.7462544,3595557,920462592,920.462592,162,198,111,1,20251021_121107
1761041417.7562385,3595596,920472576,920.472576,164,198,114,1,20251021_121107
1761041417.7664783,3595636,920482816,920.482816,167,198,116,1,20251021_121107
1761041417.7764626,3595675,920492800,920.4928,170,198,121,1,20251021_121107
1761041417.7864466,3595714,920502784,920.502784,173,198,127,1,20251021_121107
1761041417.7964306,3595753,920512768,920.512768,176,197,128,1,20251021_121107
1761041417.8064146,3595792,920522752,920.522752,179,198,135,1,20251021_121107
1761041417.8163986,3595831,920532736,920.532736,183,198,139,1,20251021_121107
1761041417.8263826,3595870,920542720,920.54272,186,199,144,1,20251021_121107
1761041417.836367,3595909,920552704,920.552704,190,198,148,1,20251021_121107
1761041417.846351,3595948,920562688,920.562688,193,198,152,1,20251021_121107
1761041417.8563344,3595987,920572672,920.572672,197,198,157,1,20251021_121107
1761041417.8663185,3596026,920582656,920.582656,201,198,160,1,20251021_121107
1761041417.8763025,3596065,920592640,920.59264,205,199,160,1,20251021_121107
1761041417.8862865,3596104,920602624,920.602624,208,198,160,1,20251021_121107
1761041417.8962705,3596143,920612608,920.612608,212,199,162,1,20251021_121107
1761041417.9065106,3596183,920622848,920.622848,216,198,161,1,20251021_121107
1761041417.9164946,3596222,920632832,920.632832,219,198,160,1,20251021_121107
1761041417.9264786,3596261,920642816,920.642816,223,199,163,1,20251021_121107
1761041417.9364626,3596300,920652800,920.6528,226,199,163,1,20251021_121107
1761041417.946447,3596339,920662784,920.662784,230,199,164,1,20251021_121107
1761041417.956431,3596378,920672768,920.672768,233,199,163,1,20251021_121107
1761041417.9664145,3596417,920682752,920.682752,236,200,163,1,20251021_121107
1761041417.9763985,3596456,920692736,920.692736,240,200,164,1,20251021_121107
1761041417.9863825,3596495,920702720,920.70272,243,200,164,1,20251021_121107
1761041417.9963665,3596534,920712704,920.712704,246,200,164,1,20251021_121107
1761041418.0063505,3596573,920722688,920.722688,249,200,164,1,20251021_121107
1761041418.0163343,3596612,920732672,920.732672,252,199,165,1,20251021_121107
1761041418.0263186,3596651,920742656,920.742656,0,200,165,1,20251021_121107
1761041418.0363026,3596690,920752640,920.75264,3,199,164,1,20251021_121107
1761041418.0465426,3596730,920762880,920.76288,6,200,165,1,20251021_121107
1761041418.056527,3596769,920772864,920.772864,9,200,165,1,20251021_121107
1761041418.0665104,3596808,920782848,920.782848,11,201,164,1,20251021_121107
1761041418.0764945,3596847,920792832,920.792832,14,200,165,1,20251021_121107
1761041418.0864785,3596886,920802816,920.802816,17,200,164,1,20251021_121107
1761041418.0964625,3596925,920812800,920.8128,19,200,164,1,20251021_121107
1761041418.1064465,3596964,920822784,920.822784,22,200,164,1,20251021_121107
1761041418.1164303,3597003,920832768,920.832768,25,200,163,1,20251021_121107
1761041418.1264143,3597042,920842752,920.842752,27,200,162,1,20251021_121107
1761041418.1363986,3597081,920852736,920.852736,30,200,161,1,20251021_121107
1761041418.1463826,3597120,920862720,920.86272,32,199,160,1,20251021_121107
1761041418.1563666,3597159,920872704,920.872704,35,200,158,1,20251021_121107
1761041418.1663506,3597198,920882688,920.882688,37,200,157,1,20251021_121107
1761041418.1763346,3597237,920892672,920.892672,40,200,154,1,20251021_121107
1761041418.1863186,3597276,920902656,920.902656,43,200,150,1,20251021_121107
1761041418.1965585,3597316,920912896,920.912896,46,200,142,1,20251021_121107
1761041418.2065425,3597355,920922880,920.92288,49,199,130,1,20251021_121107
1761041418.2165265,3597394,920932864,920.932864,52,200,127,1,20251021_121107
1761041418.2265103,3597433,920942848,920.942848,55,200,120,1,20251021_121107
1761041418.2364943,3597472,920952832,920.952832,59,199,116,1,20251021_121107
1761041418.2464786,3597511,920962816,920.962816,62,200,112,1,20251021_121107
1761041418.2564626,3597550,920972800,920.9728,66,199,107,1,20251021_121107
1761041418.2664466,3597589,920982784,920.982784,70,199,103,1,20251021_121107
1761041418.2764306,3597628,920992768,920.992768,74,199,99,1,20251021_121107
1761041418.2864146,3597667,921002752,921.002752,78,199,98,1,20251021_121107
1761041418.2963986,3597706,921012736,921.012736,81,199,99,1,20251021_121107
1761041418.306383,3597745,921022720,921.02272,85,198,100,1,20251021_121107
1761041418.316367,3597784,921032704,921.032704,89,198,98,1,20251021_121107
1761041418.3263505,3597823,921042688,921.042688,92,198,101,1,20251021_121107
1761041418.3365903,3597863,921052928,921.052928,96,198,99,1,20251021_121107
1761041418.3465743,3597902,921062912,921.062912,100,198,99,1,20251021_121107
1761041418.3565586,3597941,921072896,921.072896,103,198,99,1,20251021_121107
1761041418.3665426,3597980,921082880,921.08288,106,198,99,1,20251021_121107
1761041418.3765266,3598019,921092864,921.092864,110,198,99,1,20251021_121107
1761041418.3865106,3598058,921102848,921.102848,113,197,100,1,20251021_121107
1761041418.3964946,3598097,921112832,921.112832,116,198,99,1,20251021_121107
1761041418.4064786,3598136,921122816,921.122816,119,197,99,1,20251021_121107
1761041418.416463,3598175,921132800,921.1328,122,198,99,1,20251021_121107
1761041418.426447,3598214,921142784,921.142784,125,198,100,1,20251021_121107
1761041418.4364305,3598253,921152768,921.152768,128,198,100,1,20251021_121107
1761041418.4464145,3598292,921162752,921.162752,131,198,101,1,20251021_121107
1761041418.4563985,3598331,921172736,921.172736,134,198,102,1,20251021_121107
1761041418.4663825,3598370,921182720,921.18272,137,197,103,1,20251021_121107
1761041418.4763663,3598409,921192704,921.192704,140,198,104,1,20251021_121107
1761041418.4866066,3598449,921202944,921.202944,142,198,105,1,20251021_121107
1761041418.4965906,3598488,921212928,921.212928,145,197,106,1,20251021_121107
1761041418.5065746,3598527,921222912,921.222912,148,198,108,1,20251021_121107
1761041418.5165586,3598566,921232896,921.232896,151,198,111,1,20251021_121107
1761041418.526543,3598605,921242880,921.24288,153,198,113,1,20251021_121107
1761041418.5365264,3598644,921252864,921.252864,156,198,115,1,20251021_121107
1761041418.5465105,3598683,921262848,921.262848,159,198,120,1,20251021_121107
1761041418.5564945,3598722,921272832,921.272832,162,198,124,1,20251021_121107
1761041418.5664785,3598761,921282816,921.282816,165,198,128,1,20251021_121107
1761041418.5764625,3598800,921292800,921.2928,168,198,130,1,20251021_121107
1761041418.5864463,3598839,921302784,921.302784,172,198,138,1,20251021_121107
1761041418.5964303,3598878,921312768,921.312768,175,198,140,1,20251021_121107
1761041418.6064146,3598917,921322752,921.322752,179,198,144,1,20251021_121107
1761041418.6163986,3598956,921332736,921.332736,182,198,148,1,20251021_121107
1761041418.626639,3598996,921342976,921.342976,186,198,154,1,20251021_121107
1761041418.636623,3599035,921352960,921.35296,190,198,159,1,20251021_121107
1761041418.6466064,3599074,921362944,921.362944,193,198,159,1,20251021_121107
1761041418.6565905,3599113,921372928,921.372928,197,198,160,1,20251021_121107
1761041418.6665745,3599152,921382912,921.382912,201,199,161,1,20251021_121107
1761041418.6765585,3599191,921392896,921.392896,205,199,162,1,20251021_121107
1761041418.6865425,3599230,921402880,921.40288,209,198,162,1,20251021_121107
1761041418.6965263,3599269,921412864,921.412864,212,199,162,1,20251021_121107
1761041418.7065103,3599308,921422848,921.422848,216,198,162,1,20251021_121107
1761041418.7164946,3599347,921432832,921.432832,220,199,164,1,20251021_121107
1761041418.7264786,3599386,921442816,921.442816,223,199,163,1,20251021_121107
1761041418.7364626,3599425,921452800,921.4528,227,199,162,1,20251021_121107
1761041418.7464466,3599464,921462784,921.462784,230,200,164,1,20251021_121107
1761041418.7564306,3599503,921472768,921.472768,233,200,164,1,20251021_121107
1761041418.7664146,3599542,921482752,921.482752,237,200,165,1,20251021_121107
1761041418.7766545,3599582,921492992,921.492992,240,200,164,1,20251021_121107
1761041418.7866385,3599621,921502976,921.502976,243,199,163,1,20251021_121107
1761041418.7966225,3599660,921512960,921.51296,246,200,164,1,20251021_121107
1761041418.8066063,3599699,921522944,921.522944,249,200,164,1,20251021_121107
1761041418.8165903,3599738,921532928,921.532928,252,200,164,1,20251021_121107
1761041418.8265746,3599777,921542912,921.542912,0,200,164,1,20251021_121107
1761041418.8365586,3599816,921552896,921.552896,3,200,164,1,20251021_121107
1761041418.8465426,3599855,921562880,921.56288,6,200,164,1,20251021_121107
1761041418.8565266,3599894,921572864,921.572864,9,200,165,1,20251021_121107
1761041418.8665106,3599933,921582848,921.582848,12,199,163,1,20251021_121107
1761041418.8764946,3599972,921592832,921.592832,14,200,164,1,20251021_121107
1761041418.886479,3600011,921602816,921.602816,17,200,163,1,20251021_121107
1761041418.8964624,3600050,921612800,921.6128,20,200,163,1,20251021_121107
1761041418.9064465,3600089,921622784,921.622784,22,200,162,1,20251021_121107
1761041418.9166863,3600129,921633024,921.633024,25,200,162,1,20251021_121107
1761041418.9266706,3600168,921643008,921.643008,27,200,160,1,20251021_121107
1761041418.9366546,3600207,921652992,921.652992,30,200,160,1,20251021_121107
1761041418.9466386,3600246,921662976,921.662976,33,200,157,1,20251021_121107
1761041418.9566226,3600285,921672960,921.67296,35,200,157,1,20251021_121107
1761041418.9666066,3600324,921682944,921.682944,38,200,156,1,20251021_121107
1761041418.9765906,3600363,921692928,921.692928,40,200,154,1,20251021_121107
1761041418.9865746,3600402,921702912,921.702912,43,200,150,1,20251021_121107
1761041418.996559,3600441,921712896,921.712896,46,200,149,1,20251021_121107
1761041419.0065424,3600480,921722880,921.72288,49,200,142,1,20251021_121107
1761041419.0165265,3600519,921732864,921.732864,52,200,135,1,20251021_121107
1761041419.0265105,3600558,921742848,921.742848,55,200,129,1,20251021_121107
1761041419.0364945,3600597,921752832,921.752832,58,200,127,1,20251021_121107
1761041419.0464785,3600636,921762816,921.762816,62,199,122,1,20251021_121107
1761041419.0564623,3600675,921772800,921.7728,65,199,117,1,20251021_121107
1761041419.0667026,3600715,921783040,921.78304,69,200,113,1,20251021_121107
1761041419.0766866,3600754,921793024,921.793024,72,199,109,1,20251021_121107
1761041419.0866706,3600793,921803008,921.803008,76,199,106,1,20251021_121107
1761041419.096655,3600832,921812992,921.812992,80,199,102,1,20251021_121107
1761041419.106639,3600871,921822976,921.822976,84,199,99,1,20251021_121107
1761041419.1166224,3600910,921832960,921.83296,87,199,97,1,20251021_121107
1761041419.1266065,3600949,921842944,921.842944,91,198,99,1,20251021_121107
1761041419.1365905,3600988,921852928,921.852928,95,199,100,1,20251021_121107
1761041419.1465745,3601027,921862912,921.862912,98,198,100,1,20251021_121107
1761041419.1565585,3601066,921872896,921.872896,102,198,99,1,20251021_121107
1761041419.1665423,3601105,921882880,921.88288,105,199,100,1,20251021_121107
1761041419.1765263,3601144,921892864,921.892864,108,198,100,1,20251021_121107
1761041419.1865106,3601183,921902848,921.902848,112,198,100,1,20251021_121107
1761041419.1964946,3601222,921912832,921.912832,115,198,100,1,20251021_121107
1761041419.206735,3601262,921923072,921.923072,118,197,100,1,20251021_121107
1761041419.216719,3601301,921933056,921.933056,121,198,101,1,20251021_121107
1761041419.2267025,3601340,921943040,921.94304,124,198,101,1,20251021_121107
1761041419.2366865,3601379,921953024,921.953024,127,198,103,1,20251021_121107
1761041419.2466705,3601418,921963008,921.963008,130,198,103,1,20251021_121107
1761041419.2566545,3601457,921972992,921.972992,133,198,104,1,20251021_121107
1761041419.2666385,3601496,921982976,921.982976,136,198,106,1,20251021_121107
1761041419.2766223,3601535,921992960,921.99296,139,197,107,1,20251021_121107
1761041419.2866066,3601574,922002944,922.002944,141,198,110,1,20251021_121107
1761041419.2965906,3601613,922012928,922.012928,144,198,112,1,20251021_121107
1761041419.3065746,3601652,922022912,922.022912,147,198,117,1,20251021_121107
1761041419.3165586,3601691,922032896,922.032896,150,198,121,1,20251021_121107
1761041419.3265426,3601730,922042880,922.04288,153,198,127,1,20251021_121107
1761041419.3365266,3601769,922052864,922.052864,156,198,132,1,20251021_121107
1761041419.3465106,3601808,922062848,922.062848,160,198,138,1,20251021_121107
1761041419.3567505,3601848,922073088,922.073088,163,198,143,1,20251021_121107
1761041419.3667345,3601887,922083072,922.083072,167,198,148,1,20251021_121107
1761041419.3767183,3601926,922093056,922.093056,170,198,152,1,20251021_121107
1761041419.3867023,3601965,922103040,922.10304,174,198,157,1,20251021_121107
1761041419.3966866,3602004,922113024,922.113024,178,198,160,1,20251021_121107
1761041419.4066706,3602043,922123008,922.123008,182,198,160,1,20251021_121107
1761041419.4166546,3602082,922132992,922.132992,186,198,159,1,20251021_121107
1761041419.4266386,3602121,922142976,922.142976,190,198,161,1,20251021_121107
1761041419.4366226,3602160,922152960,922.15296,193,198,162,1,20251021_121107
1761041419.4466066,3602199,922162944,922.162944,197,198,162,1,20251021_121107
1761041419.456591,3602238,922172928,922.172928,201,198,163,1,20251021_121107
1761041419.466575,3602277,922182912,922.182912,205,199,164,1,20251021_121107
1761041419.4765584,3602316,922192896,922.192896,209,198,162,1,20251021_121107
1761041419.4865425,3602355,922202880,922.20288,213,199,164,1,20251021_121107
1761041419.4967823,3602395,922213120,922.21312,216,198,163,1,20251021_121107
1761041419.5067666,3602434,922223104,922.223104,220,199,164,1,20251021_121107
1761041419.5167506,3602473,922233088,922.233088,223,199,165,1,20251021_121107
1761041419.5267346,3602512,922243072,922.243072,227,199,165,1,20251021_121107
1761041419.5367186,3602551,922253056,922.253056,230,199,165,1,20251021_121107
1761041419.5467026,3602590,922263040,922.26304,234,200,165,1,20251021_121107
1761041419.5566866,3602629,922273024,922.273024,237,200,165,1,20251021_121107
1761041419.566671,3602668,922283008,922.283008,240,200,165,1,20251021_121107
1761041419.576655,3602707,922292992,922.292992,244,200,165,1,20251021_121107
1761041419.5866385,3602746,922302976,922.302976,247,199,165,1,20251021_121107
1761041419.5966225,3602785,922312960,922.31296,250,200,165,1,20251021_121107
1761041419.6066065,3602824,922322944,922.322944,253,199,163,1,20251021_121107
1761041419.6165905,3602863,922332928,922.332928,1,200,165,1,20251021_121107
1761041419.6265745,3602902,922342912,922.342912,4,200,164,1,20251021_121107
1761041419.6368146,3602942,922353152,922.353152,6,200,164,1,20251021_121107
1761041419.6467986,3602981,922363136,922.363136,9,200,163,1,20251021_121107
1761041419.6567826,3603020,922373120,922.37312,12,200,162,1,20251021_121107
1761041419.6667666,3603059,922383104,922.383104,15,199,161,1,20251021_121107
1761041419.676751,3603098,922393088,922.393088,17,200,160,1,20251021_121107
1761041419.686735,3603137,922403072,922.403072,20,200,159,1,20251021_121107
1761041419.6967185,3603176,922413056,922.413056,23,200,156,1,20251021_121107
1761041419.7067025,3603215,922423040,922.42304,26,203,154,1,20251021_121107
1761041419.7166865,3603254,922433024,922.433024,28,200,150,1,20251021_121107
1761041419.7266705,3603293,922443008,922.443008,31,199,144,1,20251021_121107
1761041419.7366543,3603332,922452992,922.452992,34,200,141,1,20251021_121107
1761041419.7466383,3603371,922462976,922.462976,37,200,134,1,20251021_121107
1761041419.7566226,3603410,922472960,922.47296,40,200,128,1,20251021_121107
1761041419.7666066,3603449,922482944,922.482944,44,200,122,1,20251021_121107
1761041419.7768466,3603489,922493184,922.493184,47,200,116,1,20251021_121107
1761041419.786831,3603528,922503168,922.503168,51,200,111,1,20251021_121107
1761041419.7968144,3603567,922513152,922.513152,55,200,106,1,20251021_121107
1761041419.8067985,3603606,922523136,922.523136,59,200,102,1,20251021_121107
1761041419.8167825,3603645,922533120,922.53312,63,200,99,1,20251021_121107
1761041419.8267665,3603684,922543104,922.543104,67,199,97,1,20251021_121107
1761041419.8367505,3603723,922553088,922.553088,71,199,98,1,20251021_121107
1761041419.8467343,3603762,922563072,922.563072,74,199,98,1,20251021_121107
1761041419.8569746,3603802,922573312,922.573312,78,199,99,1,20251021_121107
1761041419.8669586,3603841,922583296,922.583296,82,198,99,1,20251021_121107
1761041419.8769426,3603880,922593280,922.59328,86,199,98,1,20251021_121107
1761041419.886927,3603919,922603264,922.603264,90,198,98,1,20251021_121107
1761041419.896911,3603958,922613248,922.613248,93,198,98,1,20251021_121107
1761041419.9068944,3603997,922623232,922.623232,97,198,99,1,20251021_121107
1761041419.9168785,3604036,922633216,922.633216,100,198,99,1,20251021_121107
1761041419.9271183,3604076,922643456,922.643456,104,198,100,1,20251021_121107
1761041419.9371026,3604115,922653440,922.65344,107,198,98,1,20251021_121107
1761041419.9470866,3604154,922663424,922.663424,110,197,97,1,20251021_121107
1761041419.9570706,3604193,922673408,922.673408,114,198,99,1,20251021_121107
1761041419.9670546,3604232,922683392,922.683392,117,197,99,1,20251021_121107
1761041419.9770386,3604271,922693376,922.693376,120,197,100,1,20251021_121107
1761041419.9870226,3604310,922703360,922.70336,123,197,102,1,20251021_121107
1761041419.9972625,3604350,922713600,922.7136,126,198,103,1,20251021_121107
1761041420.0072465,3604389,922723584,922.723584,129,197,102,1,20251021_121107
1761041420.0172305,3604428,922733568,922.733568,132,198,104,1,20251021_121107
1761041420.0272143,3604467,922743552,922.743552,135,197,106,1,20251021_121107
1761041420.0371983,3604506,922753536,922.753536,138,198,107,1,20251021_121107
1761041420.0471826,3604545,922763520,922.76352,140,198,111,1,20251021_121107
1761041420.0571666,3604584,922773504,922.773504,143,198,114,1,20251021_121107
1761041420.067407,3604624,922783744,922.783744,146,198,120,1,20251021_121107
1761041420.077391,3604663,922793728,922.793728,149,198,125,1,20251021_121107
1761041420.0873744,3604702,922803712,922.803712,152,198,130,1,20251021_121107
1761041420.0973585,3604741,922813696,922.813696,156,198,134,1,20251021_121107
1761041420.1073425,3604780,922823680,922.82368,159,198,139,1,20251021_121107
1761041420.1173265,3604819,922833664,922.833664,162,199,145,1,20251021_121107
1761041420.1273105,3604858,922843648,922.843648,166,198,149,1,20251021_121107
1761041420.1372943,3604897,922853632,922.853632,170,198,157,1,20251021_121107
1761041420.1475346,3604937,922863872,922.863872,174,198,159,1,20251021_121107
1761041420.1575186,3604976,922873856,922.873856,177,198,160,1,20251021_121107
1761041420.1675026,3605015,922883840,922.88384,181,198,161,1,20251021_121107
1761041420.177487,3605054,922893824,922.893824,185,198,160,1,20251021_121107
1761041420.187471,3605093,922903808,922.903808,189,198,162,1,20251021_121107
1761041420.1974545,3605132,922913792,922.913792,193,198,162,1,20251021_121107
1761041420.2074385,3605171,922923776,922.923776,197,198,163,1,20251021_121107
1761041420.2174225,3605210,922933760,922.93376,201,198,162,1,20251021_121107
1761041420.2274065,3605249,922943744,922.943744,205,198,164,1,20251021_121107
1761041420.2373905,3605288,922953728,922.953728,209,198,162,1,20251021_121107
1761041420.2473743,3605327,922963712,922.963712,212,199,164,1,20251021_121107
1761041420.2573586,3605366,922973696,922.973696,216,199,165,1,20251021_121107
1761041420.2673426,3605405,922983680,922.98368,220,198,164,1,20251021_121107
1761041420.2773266,3605444,922993664,922.993664,223,199,165,1,20251021_121107
1761041420.287567,3605484,923003904,923.003904,227,199,165,1,20251021_121107
1761041420.2975504,3605523,923013888,923.013888,230,199,163,1,20251021_121107
1761041420.3075345,3605562,923023872,923.023872,234,200,164,1,20251021_121107
1761041420.3175185,3605601,923033856,923.033856,237,200,164,1,20251021_121107
1761041420.3275025,3605640,923043840,923.04384,240,199,166,1,20251021_121107
1761041420.3374865,3605679,923053824,923.053824,243,199,165,1,20251021_121107
1761041420.3474703,3605718,923063808,923.063808,246,200,165,1,20251021_121107
1761041420.3574543,3605757,923073792,923.073792,249,200,166,1,20251021_121107
1761041420.3674386,3605796,923083776,923.083776,252,200,166,1,20251021_121107
1761041420.3774226,3605835,923093760,923.09376,0,200,164,1,20251021_121107
1761041420.3874066,3605874,923103744,923.103744,3,200,164,1,20251021_121107
1761041420.3973906,3605913,923113728,923.113728,6,199,164,1,20251021_121107
1761041420.4073746,3605952,923123712,923.123712,9,199,163,1,20251021_121107
1761041420.4173586,3605991,923133696,923.133696,12,199,163,1,20251021_121107
1761041420.427343,3606030,923143680,923.14368,14,200,164,1,20251021_121107
1761041420.4375825,3606070,923153920,923.15392,17,200,161,1,20251021_121107
1761041420.4475665,3606109,923163904,923.163904,20,200,159,1,20251021_121107
1761041420.4575503,3606148,923173888,923.173888,22,200,157,1,20251021_121107
1761041420.4675343,3606187,923183872,923.183872,25,200,156,1,20251021_121107
1761041420.4775186,3606226,923193856,923.193856,28,200,152,1,20251021_121107
1761041420.4875026,3606265,923203840,923.20384,31,200,149,1,20251021_121107
1761041420.4974866,3606304,923213824,923.213824,34,200,144,1,20251021_121107
1761041420.5074706,3606343,923223808,923.223808,37,200,136,1,20251021_121107
1761041420.5174546,3606382,923233792,923.233792,40,200,129,1,20251021_121107
1761041420.5274386,3606421,923243776,923.243776,43,199,122,1,20251021_121107
1761041420.537423,3606460,923253760,923.25376,47,200,116,1,20251021_121107
1761041420.547407,3606499,923263744,923.263744,50,200,111,1,20251021_121107
1761041420.5573905,3606538,923273728,923.273728,54,200,108,1,20251021_121107
1761041420.5673745,3606577,923283712,923.283712,58,200,103,1,20251021_121107
1761041420.5776143,3606617,923293952,923.293952,62,199,100,1,20251021_121107
1761041420.5875986,3606656,923303936,923.303936,66,199,97,1,20251021_121107
1761041420.5975826,3606695,923313920,923.31392,70,200,98,1,20251021_121107
1761041420.6075666,3606734,923323904,923.323904,74,199,99,1,20251021_121107
1761041420.6175506,3606773,923333888,923.333888,78,200,98,1,20251021_121107
1761041420.6275346,3606812,923343872,923.343872,81,199,98,1,20251021_121107
1761041420.6375186,3606851,923353856,923.353856,85,199,98,1,20251021_121107
1761041420.647503,3606890,923363840,923.36384,89,199,99,1,20251021_121107
1761041420.6574864,3606929,923373824,923.373824,92,200,99,1,20251021_121107
1761041420.6674705,3606968,923383808,923.383808,96,199,97,1,20251021_121107
1761041420.6774545,3607007,923393792,923.393792,99,198,97,1,20251021_121107
1761041420.6874385,3607046,923403776,923.403776,103,198,99,1,20251021_121107
1761041420.6974225,3607085,923413760,923.41376,106,198,99,1,20251021_121107
1761041420.7074063,3607124,923423744,923.423744,110,198,99,1,20251021_121107
1761041420.7176466,3607164,923433984,923.433984,113,197,100,1,20251021_121107
1761041420.7276306,3607203,923443968,923.443968,116,197,99,1,20251021_121107
1761041420.7376146,3607242,923453952,923.453952,119,198,98,1,20251021_121107
1761041420.7475986,3607281,923463936,923.463936,122,198,99,1,20251021_121107
1761041420.757583,3607320,923473920,923.47392,125,197,99,1,20251021_121107
1761041420.7675664,3607359,923483904,923.483904,128,198,99,1,20251021_121107
1761041420.7775505,3607398,923493888,923.493888,131,199,100,1,20251021_121107
1761041420.7875345,3607437,923503872,923.503872,134,198,100,1,20251021_121107
1761041420.7975185,3607476,923513856,923.513856,137,198,100,1,20251021_121107
1761041420.8075025,3607515,923523840,923.52384,139,197,100,1,20251021_121107
1761041420.8174863,3607554,923533824,923.533824,142,197,100,1,20251021_121107
1761041420.8277266,3607594,923544064,923.544064,145,198,102,1,20251021_121107
1761041420.8377106,3607633,923554048,923.554048,148,198,102,1,20251021_121107
1761041420.8476946,3607672,923564032,923.564032,150,197,102,1,20251021_121107
1761041420.857679,3607711,923574016,923.574016,153,197,102,1,20251021_121107
1761041420.867663,3607750,923584000,923.584,155,197,105,1,20251021_121107
1761041420.8776464,3607789,923593984,923.593984,158,198,106,1,20251021_121107
1761041420.8876305,3607828,923603968,923.603968,161,197,107,1,20251021_121107
1761041420.8976145,3607867,923613952,923.613952,163,198,110,1,20251021_121107
1761041420.9075985,3607906,923623936,923.623936,166,197,114,1,20251021_121107
1761041420.9175825,3607945,923633920,923.63392,169,198,118,1,20251021_121107
1761041420.9275663,3607984,923643904,923.643904,172,198,123,1,20251021_121107
1761041420.9375503,3608023,923653888,923.653888,175,198,127,1,20251021_121107
1761041420.9475346,3608062,923663872,923.663872,178,198,130,1,20251021_121107
1761041420.9575186,3608101,923673856,923.673856,181,199,136,1,20251021_121107
1761041420.967759,3608141,923684096,923.684096,185,199,140,1,20251021_121107
1761041420.977743,3608180,923694080,923.69408,188,199,145,1,20251021_121107
1761041420.9877264,3608219,923704064,923.704064,192,198,149,1,20251021_121107
1761041420.9977105,3608258,923714048,923.714048,195,198,153,1,20251021_121107
1761041421.0076945,3608297,923724032,923.724032,199,199,158,1,20251021_121107
1761041421.0176785,3608336,923734016,923.734016,203,198,158,1,20251021_121107
1761041421.0276625,3608375,923744000,923.744,206,199,160,1,20251021_121107
1761041421.0376463,3608414,923753984,923.753984,210,199,161,1,20251021_121107
1761041421.0476303,3608453,923763968,923.763968,214,199,161,1,20251021_121107
1761041421.0576146,3608492,923773952,923.773952,217,198,162,1,20251021_121107
1761041421.0675986,3608531,923783936,923.783936,221,199,162,1,20251021_121107
1761041421.0775826,3608570,923793920,923.79392,225,199,163,1,20251021_121107
1761041421.0875666,3608609,923803904,923.803904,228,199,163,1,20251021_121107
1761041421.0975506,3608648,923813888,923.813888,231,199,163,1,20251021_121107
1761041421.1075346,3608687,923823872,923.823872,235,199,128,1,20251021_121107
1761041421.1177745,3608727,923834112,923.834112,238,199,163,1,20251021_121107
1761041421.1277585,3608766,923844096,923.844096,241,199,164,1,20251021_121107
1761041421.1377423,3608805,923854080,923.85408,244,201,165,1,20251021_121107
1761041421.1477263,3608844,923864064,923.864064,248,199,163,1,20251021_121107
1761041421.1577106,3608883,923874048,923.874048,251,200,165,1,20251021_121107
1761041421.1676946,3608922,923884032,923.884032,254,200,164,1,20251021_121107
1761041421.1776786,3608961,923894016,923.894016,1,200,164,1,20251021_121107
1761041421.1876626,3609000,923904000,923.904,4,199,164,1,20251021_121107
1761041421.1976466,3609039,923913984,923.913984,7,200,164,1,20251021_121107
1761041421.2076306,3609078,923923968,923.923968,10,200,164,1,20251021_121107
1761041421.217615,3609117,923933952,923.933952,13,199,165,1,20251021_121107
1761041421.227599,3609156,923943936,923.943936,15,200,163,1,20251021_121107
1761041421.2375824,3609195,923953920,923.95392,18,200,163,1,20251021_121107
1761041421.2475665,3609234,923963904,923.963904,21,200,164,1,20251021_121107
1761041421.2575505,3609273,923973888,923.973888,23,200,163,1,20251021_121107
1761041421.2677906,3609313,923984128,923.984128,26,200,163,1,20251021_121107
1761041421.2777746,3609352,923994112,923.994112,28,200,163,1,20251021_121107
1761041421.2877586,3609391,924004096,924.004096,31,200,162,1,20251021_121107
1761041421.2977426,3609430,924014080,924.01408,33,200,161,1,20251021_121107
1761041421.3077266,3609469,924024064,924.024064,36,200,160,1,20251021_121107
1761041421.3177106,3609508,924034048,924.034048,38,199,158,1,20251021_121107
1761041421.327695,3609547,924044032,924.044032,41,199,156,1,20251021_121107
1761041421.337679,3609586,924054016,924.054016,44,200,153,1,20251021_121107
1761041421.3476624,3609625,924064000,924.064,46,200,150,1,20251021_121107
1761041421.3576465,3609664,924073984,924.073984,49,200,142,1,20251021_121107
1761041421.3676305,3609703,924083968,924.083968,52,200,133,1,20251021_121107
1761041421.3778706,3609743,924094208,924.094208,55,200,127,1,20251021_121107
1761041421.3878546,3609782,924104192,924.104192,59,199,122,1,20251021_121107
1761041421.3978386,3609821,924114176,924.114176,62,199,117,1,20251021_121107
1761041421.4078226,3609860,924124160,924.12416,66,199,112,1,20251021_121107
1761041421.4178066,3609899,924134144,924.134144,70,199,109,1,20251021_121107
1761041421.4277906,3609938,924144128,924.144128,73,199,104,1,20251021_121107
1761041421.437775,3609977,924154112,924.154112,77,199,102,1,20251021_121107
1761041421.447759,3610016,924164096,924.164096,81,199,100,1,20251021_121107
1761041421.4577425,3610055,924174080,924.17408,85,199,99,1,20251021_121107
1761041421.4677265,3610094,924184064,924.184064,88,198,99,1,20251021_121107
1761041421.4777105,3610133,924194048,924.194048,92,198,100,1,20251021_121107
1761041421.4876945,3610172,924204032,924.204032,95,198,99,1,20251021_121107
1761041421.4976785,3610211,924214016,924.214016,99,199,97,1,20251021_121107
1761041421.5076623,3610250,924224000,924.224,102,198,98,1,20251021_121107
1761041421.5176466,3610289,924233984,924.233984,106,198,100,1,20251021_121107
1761041421.5278866,3610329,924244224,924.244224,109,198,100,1,20251021_121107
1761041421.5378706,3610368,924254208,924.254208,112,198,100,1,20251021_121107
1761041421.547855,3610407,924264192,924.264192,115,198,99,1,20251021_121107
1761041421.5578384,3610446,924274176,924.274176,119,197,99,1,20251021_121107
1761041421.5678225,3610485,924284160,924.28416,122,198,100,1,20251021_121107
1761041421.5778065,3610524,924294144,924.294144,125,198,101,1,20251021_121107
1761041421.5877905,3610563,924304128,924.304128,128,198,101,1,20251021_121107
1761041421.5977745,3610602,924314112,924.314112,131,197,101,1,20251021_121107
1761041421.6077583,3610641,924324096,924.324096,133,198,102,1,20251021_121107
1761041421.6177423,3610680,924334080,924.33408,136,198,104,1,20251021_121107
1761041421.6277266,3610719,924344064,924.344064,139,198,105,1,20251021_121107
1761041421.6377106,3610758,924354048,924.354048,142,197,106,1,20251021_121107
1761041421.6476946,3610797,924364032,924.364032,145,198,108,1,20251021_121107
1761041421.6576786,3610836,924374016,924.374016,148,198,110,1,20251021_121107
1761041421.6679184,3610876,924384256,924.384256,150,198,114,1,20251021_121107
1761041421.6779025,3610915,924394240,924.39424,153,198,119,1,20251021_121107
1761041421.6878865,3610954,924404224,924.404224,156,198,125,1,20251021_121107
1761041421.6978705,3610993,924414208,924.414208,159,198,128,1,20251021_121107
1761041421.7078545,3611032,924424192,924.424192,163,198,133,1,20251021_121107
1761041421.7178383,3611071,924434176,924.434176,166,198,138,1,20251021_121107
1761041421.7278223,3611110,924444160,924.44416,169,198,142,1,20251021_121107
1761041421.7378066,3611149,924454144,924.454144,173,199,147,1,20251021_121107
1761041421.7477906,3611188,924464128,924.464128,176,198,151,1,20251021_121107
1761041421.7577746,3611227,924474112,924.474112,180,198,155,1,20251021_121107
1761041421.7677586,3611266,924484096,924.484096,184,198,159,1,20251021_121107
1761041421.7777426,3611305,924494080,924.49408,188,198,161,1,20251021_121107
1761041421.7877266,3611344,924504064,924.504064,192,198,160,1,20251021_121107
1761041421.797711,3611383,924514048,924.514048,196,198,161,1,20251021_121107
1761041421.807695,3611422,924524032,924.524032,199,198,161,1,20251021_121107
1761041421.8179345,3611462,924534272,924.534272,203,198,162,1,20251021_121107
1761041421.8279183,3611501,924544256,924.544256,207,198,162,1,20251021_121107
1761041421.8379023,3611540,924554240,924.55424,211,199,162,1,20251021_121107
1761041421.8478866,3611579,924564224,924.564224,214,199,163,1,20251021_121107
1761041421.8578706,3611618,924574208,924.574208,218,198,163,1,20251021_121107
1761041421.8678546,3611657,924584192,924.584192,222,199,164,1,20251021_121107
1761041421.8778386,3611696,924594176,924.594176,225,199,164,1,20251021_121107
1761041421.8878226,3611735,924604160,924.60416,229,198,162,1,20251021_121107
1761041421.8978066,3611774,924614144,924.614144,232,199,164,1,20251021_121107
1761041421.907791,3611813,924624128,924.624128,235,199,164,1,20251021_121107
1761041421.9177744,3611852,924634112,924.634112,239,199,164,1,20251021_121107
1761041421.9277585,3611891,924644096,924.644096,242,200,164,1,20251021_121107
1761041421.9377425,3611930,924654080,924.65408,245,200,165,1,20251021_121107
1761041421.9477265,3611969,924664064,924.664064,248,200,167,1,20251021_121107
1761041421.9579666,3612009,924674304,924.674304,251,200,164,1,20251021_121107
1761041421.9679506,3612048,924684288,924.684288,254,199,164,1,20251021_121107
1761041421.9779346,3612087,924694272,924.694272,2,200,164,1,20251021_121107
1761041421.9879186,3612126,924704256,924.704256,5,200,164,1,20251021_121107
1761041421.9979026,3612165,924714240,924.71424,8,199,163,1,20251021_121107
1761041422.0078866,3612204,924724224,924.724224,10,200,163,1,20251021_121107
1761041422.017871,3612243,924734208,924.734208,13,200,162,1,20251021_121107
1761041422.0278544,3612282,924744192,924.744192,16,199,162,1,20251021_121107
1761041422.0378385,3612321,924754176,924.754176,19,200,163,1,20251021_121107
1761041422.0478225,3612360,924764160,924.76416,21,200,160,1,20251021_121107
1761041422.0578065,3612399,924774144,924.774144,24,200,158,1,20251021_121107
1761041422.0677905,3612438,924784128,924.784128,27,200,156,1,20251021_121107
1761041422.0777743,3612477,924794112,924.794112,29,199,154,1,20251021_121107
1761041422.0877583,3612516,924804096,924.804096,32,200,153,1,20251021_121107
1761041422.0979986,3612556,924814336,924.814336,35,199,150,1,20251021_121107
1761041422.1079826,3612595,924824320,924.82432,38,199,147,1,20251021_121107
1761041422.117967,3612634,924834304,924.834304,40,200,140,1,20251021_121107
1761041422.127951,3612673,924844288,924.844288,43,200,133,1,20251021_121107
1761041422.1379344,3612712,924854272,924.854272,47,200,127,1,20251021_121107
1761041422.1479185,3612751,924864256,924.864256,50,200,125,1,20251021_121107
1761041422.1579025,3612790,924874240,924.87424,54,199,120,1,20251021_121107
1761041422.1678865,3612829,924884224,924.884224,57,199,115,1,20251021_121107
1761041422.1778705,3612868,924894208,924.894208,61,199,111,1,20251021_121107
1761041422.1878543,3612907,924904192,924.904192,64,199,108,1,20251021_121107
1761041422.1978383,3612946,924914176,924.914176,68,199,106,1,20251021_121107
1761041422.2078226,3612985,924924160,924.92416,72,199,102,1,20251021_121107
1761041422.2178066,3613024,924934144,924.934144,76,199,99,1,20251021_121107
1761041422.2277906,3613063,924944128,924.944128,80,199,98,1,20251021_121107
1761041422.2377746,3613102,924954112,924.954112,83,198,98,1,20251021_121107
1761041422.2480145,3613142,924964352,924.964352,87,199,99,1,20251021_121107
1761041422.2579985,3613181,924974336,924.974336,91,198,98,1,20251021_121107
1761041422.2679825,3613220,924984320,924.98432,94,198,98,1,20251021_121107
1761041422.2779665,3613259,924994304,924.994304,98,198,97,1,20251021_121107
1761041422.2879505,3613298,925004288,925.004288,101,198,98,1,20251021_121107
1761041422.2979343,3613337,925014272,925.014272,105,198,99,1,20251021_121107
1761041422.3079183,3613376,925024256,925.024256,108,198,99,1,20251021_121107
1761041422.3179026,3613415,925034240,925.03424,111,198,99,1,20251021_121107
1761041422.3278866,3613454,925044224,925.044224,115,198,100,1,20251021_121107
1761041422.3378706,3613493,925054208,925.054208,118,198,99,1,20251021_121107
1761041422.3478546,3613532,925064192,925.064192,121,198,101,1,20251021_121107
1761041422.3578386,3613571,925074176,925.074176,124,198,101,1,20251021_121107
1761041422.3678226,3613610,925084160,925.08416,127,198,102,1,20251021_121107
1761041422.377807,3613649,925094144,925.094144,130,197,103,1,20251021_121107
1761041422.3877904,3613688,925104128,925.104128,133,198,105,1,20251021_121107
1761041422.3980303,3613728,925114368,925.114368,136,198,106,1,20251021_121107
1761041422.4080143,3613767,925124352,925.124352,139,198,108,1,20251021_121107
1761041422.4179986,3613806,925134336,925.134336,141,198,110,1,20251021_121107
1761041422.4279826,3613845,925144320,925.14432,144,198,114,1,20251021_121107
1761041422.4379666,3613884,925154304,925.154304,147,198,119,1,20251021_121107
1761041422.4479506,3613923,925164288,925.164288,150,198,124,1,20251021_121107
1761041422.4579346,3613962,925174272,925.174272,153,198,128,1,20251021_121107
1761041422.4679186,3614001,925184256,925.184256,157,198,133,1,20251021_121107
1761041422.477903,3614040,925194240,925.19424,160,198,139,1,20251021_121107
1761041422.487887,3614079,925204224,925.204224,163,198,144,1,20251021_121107
1761041422.4978704,3614118,925214208,925.214208,167,199,150,1,20251021_121107
1761041422.5078545,3614157,925224192,925.224192,171,199,156,1,20251021_121107
1761041422.5178385,3614196,925234176,925.234176,174,198,158,1,20251021_121107
1761041422.5278225,3614235,925244160,925.24416,178,198,160,1,20251021_121107
1761041422.5378065,3614274,925254144,925.254144,182,198,159,1,20251021_121107
1761041422.5480466,3614314,925264384,925.264384,186,198,160,1,20251021_121107
1761041422.5580306,3614353,925274368,925.274368,190,198,162,1,20251021_121107
1761041422.5680146,3614392,925284352,925.284352,194,198,162,1,20251021_121107
1761041422.5779986,3614431,925294336,925.294336,198,198,162,1,20251021_121107
1761041422.587983,3614470,925304320,925.30432,202,198,162,1,20251021_121107
1761041422.597967,3614509,925314304,925.314304,205,199,163,1,20251021_121107
1761041422.6079504,3614548,925324288,925.324288,209,198,163,1,20251021_121107
1761041422.6179345,3614587,925334272,925.334272,213,199,163,1,20251021_121107
1761041422.6279185,3614626,925344256,925.344256,217,199,164,1,20251021_121107
1761041422.6379025,3614665,925354240,925.35424,220,199,164,1,20251021_121107
1761041422.6478865,3614704,925364224,925.364224,224,199,164,1,20251021_121107
1761041422.6578703,3614743,925374208,925.374208,227,199,165,1,20251021_121107
1761041422.6678543,3614782,925384192,925.384192,231,201,167,1,20251021_121107
1761041422.6778386,3614821,925394176,925.394176,234,199,163,1,20251021_121107
1761041422.6880786,3614861,925404416,925.404416,237,200,165,1,20251021_121107
1761041422.698063,3614900,925414400,925.4144,241,200,165,1,20251021_121107
1761041422.708047,3614939,925424384,925.424384,244,200,165,1,20251021_121107
1761041422.7180305,3614978,925434368,925.434368,247,199,167,1,20251021_121107
1761041422.7280145,3615017,925444352,925.444352,250,200,165,1,20251021_121107
1761041422.7379985,3615056,925454336,925.454336,253,200,164,1,20251021_121107
1761041422.7479825,3615095,925464320,925.46432,1,199,163,1,20251021_121107
1761041422.7579665,3615134,925474304,925.474304,4,200,164,1,20251021_121107
1761041422.7679503,3615173,925484288,925.484288,7,200,163,1,20251021_121107
1761041422.7779346,3615212,925494272,925.494272,9,200,163,1,20251021_121107
1761041422.7879186,3615251,925504256,925.504256,12,200,162,1,20251021_121107
1761041422.7979026,3615290,925514240,925.51424,15,200,161,1,20251021_121107
1761041422.8078866,3615329,925524224,925.524224,18,200,158,1,20251021_121107
1761041422.8178706,3615368,925534208,925.534208,20,199,156,1,20251021_121107
1761041422.8281105,3615408,925544448,925.544448,23,200,154,1,20251021_121107
1761041422.8380945,3615447,925554432,925.554432,26,200,153,1,20251021_121107
1761041422.8480785,3615486,925564416,925.564416,29,200,149,1,20251021_121107
1761041422.8580625,3615525,925574400,925.5744,31,201,145,1,20251021_121107
1761041422.8680463,3615564,925584384,925.584384,34,200,134,1,20251021_121107
1761041422.8780303,3615603,925594368,925.594368,38,200,129,1,20251021_121107
1761041422.8880146,3615642,925604352,925.604352,41,199,124,1,20251021_121107
1761041422.8979986,3615681,925614336,925.614336,44,200,119,1,20251021_121107
1761041422.9079826,3615720,925624320,925.62432,48,199,112,1,20251021_121107
1761041422.9179666,3615759,925634304,925.634304,52,199,108,1,20251021_121107
1761041422.9279506,3615798,925644288,925.644288,56,200,105,1,20251021_121107
1761041422.9379346,3615837,925654272,925.654272,59,200,102,1,20251021_121107
1761041422.947919,3615876,925664256,925.664256,63,200,99,1,20251021_121107
1761041422.957903,3615915,925674240,925.67424,67,199,98,1,20251021_121107
1761041422.9681425,3615955,925684480,925.68448,71,199,99,1,20251021_121107
1761041422.9781263,3615994,925694464,925.694464,75,199,100,1,20251021_121107
1761041422.9881103,3616033,925704448,925.704448,79,199,98,1,20251021_121107
1761041422.9980946,3616072,925714432,925.714432,83,199,99,1,20251021_121107
1761041423.0080786,3616111,925724416,925.724416,86,199,100,1,20251021_121107
1761041423.0180626,3616150,925734400,925.7344,90,198,98,1,20251021_121107
1761041423.0280466,3616189,925744384,925.744384,94,198,98,1,20251021_121107
1761041423.0380306,3616228,925754368,925.754368,97,198,100,1,20251021_121107
1761041423.0480146,3616267,925764352,925.764352,101,198,99,1,20251021_121107
1761041423.057999,3616306,925774336,925.774336,104,198,98,1,20251021_121107
1761041423.067983,3616345,925784320,925.78432,108,198,99,1,20251021_121107
1761041423.0779665,3616384,925794304,925.794304,111,198,99,1,20251021_121107
1761041423.0879505,3616423,925804288,925.804288,114,198,100,1,20251021_121107
1761041423.0979345,3616462,925814272,925.814272,117,197,99,1,20251021_121107
1761041423.1081746,3616502,925824512,925.824512,120,198,100,1,20251021_121107
1761041423.1181586,3616541,925834496,925.834496,123,198,98,1,20251021_121107
1761041423.1281426,3616580,925844480,925.84448,126,197,99,1,20251021_121107
1761041423.1381266,3616619,925854464,925.854464,129,198,100,1,20251021_121107
1761041423.1481106,3616658,925864448,925.864448,132,198,101,1,20251021_121107
1761041423.1580946,3616697,925874432,925.874432,135,199,103,1,20251021_121107
1761041423.168079,3616736,925884416,925.884416,138,198,102,1,20251021_121107
1761041423.1780624,3616775,925894400,925.8944,141,198,105,1,20251021_121107
1761041423.1880465,3616814,925904384,925.904384,143,198,107,1,20251021_121107
1761041423.1980305,3616853,925914368,925.914368,146,198,109,1,20251021_121107
1761041423.2080145,3616892,925924352,925.924352,149,199,114,1,20251021_121107
1761041423.2179985,3616931,925934336,925.934336,152,198,118,1,20251021_121107
1761041423.2279823,3616970,925944320,925.94432,155,198,124,1,20251021_121107
1761041423.2379663,3617009,925954304,925.954304,158,198,127,1,20251021_121107
1761041423.2479506,3617048,925964288,925.964288,161,198,133,1,20251021_121107
1761041423.2581906,3617088,925974528,925.974528,165,197,140,1,20251021_121107
1761041423.2681746,3617127,925984512,925.984512,168,199,146,1,20251021_121107
1761041423.278159,3617166,925994496,925.994496,172,198,151,1,20251021_121107
1761041423.2881424,3617205,926004480,926.00448,175,198,156,1,20251021_121107
1761041423.2981265,3617244,926014464,926.014464,179,198,159,1,20251021_121107
1761041423.3081105,3617283,926024448,926.024448,183,198,159,1,20251021_121107
1761041423.3180945,3617322,926034432,926.034432,187,198,160,1,20251021_121107
1761041423.3280785,3617361,926044416,926.044416,191,198,160,1,20251021_121107
1761041423.3380623,3617400,926054400,926.0544,195,198,162,1,20251021_121107
1761041423.3480463,3617439,926064384,926.064384,198,198,162,1,20251021_121107
1761041423.3580306,3617478,926074368,926.074368,202,198,162,1,20251021_121107
1761041423.3680146,3617517,926084352,926.084352,206,199,163,1,20251021_121107
1761041423.3779986,3617556,926094336,926.094336,210,199,162,1,20251021_121107
1761041423.3879826,3617595,926104320,926.10432,214,199,164,1,20251021_121107
1761041423.3982224,3617635,926114560,926.11456,217,198,163,1,20251021_121107
1761041423.4082065,3617674,926124544,926.124544,221,199,164,1,20251021_121107
1761041423.4181905,3617713,926134528,926.134528,224,198,163,1,20251021_121107
1761041423.4281745,3617752,926144512,926.144512,228,199,164,1,20251021_121107
1761041423.4381585,3617791,926154496,926.154496,231,199,162,1,20251021_121107
1761041423.4481423,3617830,926164480,926.16448,235,199,165,1,20251021_121107
1761041423.4581263,3617869,926174464,926.174464,238,199,164,1,20251021_121107
1761041423.4681106,3617908,926184448,926.184448,241,199,165,1,20251021_121107
1761041423.4780946,3617947,926194432,926.194432,244,199,164,1,20251021_121107
1761041423.4880786,3617986,926204416,926.204416,247,199,164,1,20251021_121107
1761041423.4980626,3618025,926214400,926.2144,251,199,165,1,20251021_121107
1761041423.5080466,3618064,926224384,926.224384,253,200,166,1,20251021_121107
1761041423.5180306,3618103,926234368,926.234368,1,200,165,1,20251021_121107
1761041423.528015,3618142,926244352,926.244352,4,199,166,1,20251021_121107
1761041423.5382545,3618182,926254592,926.254592,7,199,162,1,20251021_121107
1761041423.5482385,3618221,926264576,926.264576,10,200,163,1,20251021_121107
1761041423.5582223,3618260,926274560,926.27456,13,200,162,1,20251021_121107
1761041423.5682063,3618299,926284544,926.284544,15,199,160,1,20251021_121107
1761041423.5781906,3618338,926294528,926.294528,18,199,159,1,20251021_121107
1761041423.5881746,3618377,926304512,926.304512,21,200,158,1,20251021_121107
1761041423.5981586,3618416,926314496,926.314496,23,200,157,1,20251021_121107
1761041423.6081426,3618455,926324480,926.32448,26,200,155,1,20251021_121107
1761041423.6181266,3618494,926334464,926.334464,29,200,153,1,20251021_121107
1761041423.6281106,3618533,926344448,926.344448,32,199,150,1,20251021_121107
1761041423.638095,3618572,926354432,926.354432,35,199,146,1,20251021_121107
1761041423.6480784,3618611,926364416,926.364416,37,199,138,1,20251021_121107
1761041423.6580625,3618650,926374400,926.3744,41,200,130,1,20251021_121107
1761041423.6680465,3618689,926384384,926.384384,44,200,123,1,20251021_121107
1761041423.6780305,3618728,926394368,926.394368,47,199,116,1,20251021_121107
1761041423.6882706,3618768,926404608,926.404608,51,199,111,1,20251021_121107
1761041423.6982546,3618807,926414592,926.414592,55,199,107,1,20251021_121107
1761041423.7082386,3618846,926424576,926.424576,59,199,103,1,20251021_121107
1761041423.7182226,3618885,926434560,926.43456,63,199,100,1,20251021_121107
1761041423.7282066,3618924,926444544,926.444544,67,199,97,1,20251021_121107
1761041423.738191,3618963,926454528,926.454528,71,200,98,1,20251021_121107
1761041423.748175,3619002,926464512,926.464512,74,199,98,1,20251021_121107
1761041423.7581584,3619041,926474496,926.474496,78,198,97,1,20251021_121107
1761041423.7681425,3619080,926484480,926.48448,82,199,98,1,20251021_121107
1761041423.7781265,3619119,926494464,926.494464,86,199,98,1,20251021_121107
1761041423.7881105,3619158,926504448,926.504448,89,198,96,1,20251021_121107
1761041423.7980945,3619197,926514432,926.514432,93,198,97,1,20251021_121107
1761041423.8080783,3619236,926524416,926.524416,97,198,98,1,20251021_121107
1761041423.8180623,3619275,926534400,926.5344,100,199,99,1,20251021_121107
1761041423.8283026,3619315,926544640,926.54464,104,198,98,1,20251021_121107
1761041423.8382866,3619354,926554624,926.554624,107,198,98,1,20251021_121107
1761041423.848271,3619393,926564608,926.564608,110,198,97,1,20251021_121107
1761041423.858255,3619432,926574592,926.574592,113,198,98,1,20251021_121107
1761041423.8682384,3619471,926584576,926.584576,117,198,98,1,20251021_121107
1761041423.8782225,3619510,926594560,926.59456,120,198,97,1,20251021_121107
1761041423.8882065,3619549,926604544,926.604544,123,198,97,1,20251021_121107
1761041423.8981905,3619588,926614528,926.614528,126,198,98,1,20251021_121107
1761041423.9081745,3619627,926624512,926.624512,129,198,98,1,20251021_121107
1761041423.9181583,3619666,926634496,926.634496,132,198,98,1,20251021_121107
1761041423.9281423,3619705,926644480,926.64448,134,198,99,1,20251021_121107
1761041423.9381266,3619744,926654464,926.654464,137,197,98,1,20251021_121107
1761041423.9481106,3619783,926664448,926.664448,140,198,99,1,20251021_121107
1761041423.9580946,3619822,926674432,926.674432,143,198,99,1,20251021_121107
1761041423.9680786,3619861,926684416,926.684416,145,198,98,1,20251021_121107
1761041423.9783185,3619901,926694656,926.694656,148,198,99,1,20251021_121107
1761041423.9883025,3619940,926704640,926.70464,150,198,100,1,20251021_121107
1761041423.9982865,3619979,926714624,926.714624,153,198,100,1,20251021_121107
1761041424.0082705,3620018,926724608,926.724608,156,198,101,1,20251021_121107
1761041424.0182545,3620057,926734592,926.734592,158,198,103,1,20251021_121107
1761041424.0282383,3620096,926744576,926.744576,161,198,103,1,20251021_121107
1761041424.0382226,3620135,926754560,926.75456,163,198,106,1,20251021_121107
1761041424.0482066,3620174,926764544,926.764544,166,198,108,1,20251021_121107
1761041424.0581906,3620213,926774528,926.774528,169,198,110,1,20251021_121107
1761041424.0681746,3620252,926784512,926.784512,171,198,114,1,20251021_121107
1761041424.0781586,3620291,926794496,926.794496,174,198,118,1,20251021_121107
1761041424.0881426,3620330,926804480,926.80448,177,199,121,1,20251021_121107
1761041424.0981266,3620369,926814464,926.814464,180,198,127,1,20251021_121107
1761041424.108111,3620408,926824448,926.824448,183,198,131,1,20251021_121107
1761041424.1180944,3620447,926834432,926.834432,187,198,136,1,20251021_121107
1761041424.1283343,3620487,926844672,926.844672,190,198,138,1,20251021_121107
1761041424.1383183,3620526,926854656,926.854656,193,198,141,1,20251021_121107
1761041424.1483026,3620565,926864640,926.86464,197,198,147,1,20251021_121107
1761041424.1582866,3620604,926874624,926.874624,200,198,152,1,20251021_121107
1761041424.1682706,3620643,926884608,926.884608,204,198,158,1,20251021_121107
1761041424.1782546,3620682,926894592,926.894592,208,198,158,1,20251021_121107
1761041424.1882386,3620721,926904576,926.904576,211,199,160,1,20251021_121107
1761041424.1982226,3620760,926914560,926.91456,215,198,161,1,20251021_121107
1761041424.208207,3620799,926924544,926.924544,219,199,162,1,20251021_121107
1761041424.218191,3620838,926934528,926.934528,222,198,162,1,20251021_121107
1761041424.2281744,3620877,926944512,926.944512,226,198,162,1,20251021_121107
1761041424.2381585,3620916,926954496,926.954496,229,199,163,1,20251021_121107
1761041424.2481425,3620955,926964480,926.96448,233,199,163,1,20251021_121107
1761041424.2581265,3620994,926974464,926.974464,236,199,163,1,20251021_121107
1761041424.2683666,3621034,926984704,926.984704,239,199,164,1,20251021_121107
1761041424.2783506,3621073,926994688,926.994688,242,199,164,1,20251021_121107
1761041424.2883346,3621112,927004672,927.004672,246,200,164,1,20251021_121107
1761041424.2983186,3621151,927014656,927.014656,249,199,163,1,20251021_121107
1761041424.3083026,3621190,927024640,927.02464,252,198,164,1,20251021_121107
1761041424.318287,3621229,927034624,927.034624,0,200,163,1,20251021_121107
1761041424.328271,3621268,927044608,927.044608,3,200,164,1,20251021_121107
1761041424.3382545,3621307,927054592,927.054592,5,200,165,1,20251021_121107
1761041424.3484943,3621347,927064832,927.064832,8,200,164,1,20251021_121107
1761041424.3584783,3621386,927074816,927.074816,11,200,164,1,20251021_121107
1761041424.3684626,3621425,927084800,927.0848,14,199,164,1,20251021_121107
1761041424.3784466,3621464,927094784,927.094784,16,200,164,1,20251021_121107
1761041424.3884306,3621503,927104768,927.104768,19,200,164,1,20251021_121107
1761041424.3984146,3621542,927114752,927.114752,22,199,163,1,20251021_121107
1761041424.4083986,3621581,927124736,927.124736,24,199,164,1,20251021_121107
1761041424.4183826,3621620,927134720,927.13472,27,200,163,1,20251021_121107
1761041424.428367,3621659,927144704,927.144704,29,199,162,1,20251021_121107
1761041424.4383504,3621698,927154688,927.154688,32,200,163,1,20251021_121107
1761041424.4483345,3621737,927164672,927.164672,34,200,162,1,20251021_121107
1761041424.4583185,3621776,927174656,927.174656,37,200,161,1,20251021_121107
1761041424.4683025,3621815,927184640,927.18464,39,201,159,1,20251021_121107
1761041424.4785426,3621855,927194880,927.19488,42,199,156,1,20251021_121107
1761041424.4885266,3621894,927204864,927.204864,44,200,154,1,20251021_121107
1761041424.4985106,3621933,927214848,927.214848,47,200,151,1,20251021_121107
1761041424.5084946,3621972,927224832,927.224832,50,199,147,1,20251021_121107
1761041424.5184786,3622011,927234816,927.234816,53,200,136,1,20251021_121107
1761041424.5284626,3622050,927244800,927.2448,56,199,130,1,20251021_121107
1761041424.538447,3622089,927254784,927.254784,59,200,127,1,20251021_121107
1761041424.5484304,3622128,927264768,927.264768,63,199,122,1,20251021_121107
1761041424.5584145,3622167,927274752,927.274752,66,199,117,1,20251021_121107
1761041424.5683985,3622206,927284736,927.284736,70,199,112,1,20251021_121107
1761041424.5783825,3622245,927294720,927.29472,73,199,108,1,20251021_121107
1761041424.5883665,3622284,927304704,927.304704,77,199,105,1,20251021_121107
1761041424.5983503,3622323,927314688,927.314688,81,199,102,1,20251021_121107
1761041424.6083343,3622362,927324672,927.324672,84,199,99,1,20251021_121107
1761041424.6183186,3622401,927334656,927.334656,88,199,99,1,20251021_121107
1761041424.6285586,3622441,927344896,927.344896,92,199,99,1,20251021_121107
1761041424.638543,3622480,927354880,927.35488,95,198,99,1,20251021_121107
1761041424.648527,3622519,927364864,927.364864,99,199,101,1,20251021_121107
1761041424.6585104,3622558,927374848,927.374848,102,198,99,1,20251021_121107
1761041424.6684945,3622597,927384832,927.384832,106,198,98,1,20251021_121107
1761041424.6784785,3622636,927394816,927.394816,109,197,98,1,20251021_121107
1761041424.6884625,3622675,927404800,927.4048,112,198,99,1,20251021_121107
1761041424.6984465,3622714,927414784,927.414784,115,197,98,1,20251021_121107
1761041424.7084303,3622753,927424768,927.424768,118,198,99,1,20251021_121107
1761041424.7184143,3622792,927434752,927.434752,122,198,98,1,20251021_121107
1761041424.7283986,3622831,927444736,927.444736,125,199,101,1,20251021_121107
1761041424.7383826,3622870,927454720,927.45472,128,198,101,1,20251021_121107
1761041424.7483666,3622909,927464704,927.464704,130,198,102,1,20251021_121107
1761041424.7583506,3622948,927474688,927.474688,133,198,103,1,20251021_121107
1761041424.7685905,3622988,927484928,927.484928,136,198,103,1,20251021_121107
1761041424.7785745,3623027,927494912,927.494912,139,198,105,1,20251021_121107
1761041424.7885585,3623066,927504896,927.504896,142,198,107,1,20251021_121107
1761041424.7985425,3623105,927514880,927.51488,145,199,108,1,20251021_121107
1761041424.8085265,3623144,927524864,927.524864,147,198,112,1,20251021_121107
1761041424.8185103,3623183,927534848,927.534848,150,199,117,1,20251021_121107
1761041424.8284943,3623222,927544832,927.544832,153,198,121,1,20251021_121107
1761041424.8384786,3623261,927554816,927.554816,156,199,127,1,20251021_121107
1761041424.8484626,3623300,927564800,927.5648,160,198,130,1,20251021_121107
1761041424.8584466,3623339,927574784,927.574784,163,198,134,1,20251021_121107
1761041424.8684306,3623378,927584768,927.584768,166,198,140,1,20251021_121107
1761041424.8784146,3623417,927594752,927.594752,170,198,144,1,20251021_121107
1761041424.8883986,3623456,927604736,927.604736,173,198,149,1,20251021_121107
1761041424.898383,3623495,927614720,927.61472,177,198,152,1,20251021_121107
1761041424.9083664,3623534,927624704,927.624704,181,197,159,1,20251021_121107
1761041424.9186063,3623574,927634944,927.634944,184,198,158,1,20251021_121107
1761041424.9285903,3623613,927644928,927.644928,188,199,161,1,20251021_121107
1761041424.9385746,3623652,927654912,927.654912,192,198,160,1,20251021_121107
1761041424.9485586,3623691,927664896,927.664896,196,199,161,1,20251021_121107
1761041424.9585426,3623730,927674880,927.67488,200,198,162,1,20251021_121107
1761041424.9685266,3623769,927684864,927.684864,204,198,162,1,20251021_121107
1761041424.9785106,3623808,927694848,927.694848,208,199,162,1,20251021_121107
1761041424.9884946,3623847,927704832,927.704832,211,198,162,1,20251021_121107
1761041424.998479,3623886,927714816,927.714816,215,199,163,1,20251021_121107
1761041425.008463,3623925,927724800,927.7248,219,199,164,1,20251021_121107
1761041425.0184464,3623964,927734784,927.734784,222,198,164,1,20251021_121107
1761041425.0284305,3624003,927744768,927.744768,226,198,164,1,20251021_121107
1761041425.0384145,3624042,927754752,927.754752,229,199,164,1,20251021_121107
1761041425.0483985,3624081,927764736,927.764736,233,199,163,1,20251021_121107
1761041425.0586386,3624121,927774976,927.774976,236,199,164,1,20251021_121107
1761041425.0686226,3624160,927784960,927.78496,239,199,164,1,20251021_121107
1761041425.0786066,3624199,927794944,927.794944,242,199,164,1,20251021_121107
1761041425.0885906,3624238,927804928,927.804928,246,199,165,1,20251021_121107
1761041425.0985746,3624277,927814912,927.814912,249,199,164,1,20251021_121107
1761041425.108559,3624316,927824896,927.824896,252,199,164,1,20251021_121107
1761041425.118543,3624355,927834880,927.83488,0,199,165,1,20251021_121107
1761041425.1285264,3624394,927844864,927.844864,3,199,164,1,20251021_121107
1761041425.1385105,3624433,927854848,927.854848,5,199,164,1,20251021_121107
1761041425.1484945,3624472,927864832,927.864832,8,200,164,1,20251021_121107
1761041425.1584785,3624511,927874816,927.874816,11,199,163,1,20251021_121107
1761041425.1684625,3624550,927884800,927.8848,14,199,162,1,20251021_121107
1761041425.1784463,3624589,927894784,927.894784,16,199,160,1,20251021_121107
1761041425.1884303,3624628,927904768,927.904768,19,200,159,1,20251021_121107
1761041425.1984146,3624667,927914752,927.914752,22,200,158,1,20251021_121107
1761041425.2086546,3624707,927924992,927.924992,24,200,157,1,20251021_121107
1761041425.218639,3624746,927934976,927.934976,27,199,154,1,20251021_121107
1761041425.228623,3624785,927944960,927.94496,30,200,152,1,20251021_121107
1761041425.2386065,3624824,927954944,927.954944,33,199,150,1,20251021_121107
1761041425.2485905,3624863,927964928,927.964928,35,199,148,1,20251021_121107
1761041425.2585745,3624902,927974912,927.974912,38,201,142,1,20251021_121107
1761041425.2685585,3624941,927984896,927.984896,41,200,133,1,20251021_121107
1761041425.2785425,3624980,927994880,927.99488,45,200,127,1,20251021_121107
1761041425.2885263,3625019,928004864,928.004864,48,199,121,1,20251021_121107
1761041425.2985106,3625058,928014848,928.014848,51,199,117,1,20251021_121107
1761041425.3084946,3625097,928024832,928.024832,55,199,114,1,20251021_121107
1761041425.3184786,3625136,928034816,928.034816,59,200,110,1,20251021_121107
1761041425.3284626,3625175,928044800,928.0448,62,199,107,1,20251021_121107
1761041425.3384466,3625214,928054784,928.054784,66,199,103,1,20251021_121107
1761041425.3486865,3625254,928065024,928.065024,70,199,101,1,20251021_121107
1761041425.3586705,3625293,928075008,928.075008,74,199,98,1,20251021_121107
1761041425.3686545,3625332,928084992,928.084992,78,199,100,1,20251021_121107
1761041425.3786385,3625371,928094976,928.094976,82,199,99,1,20251021_121107
1761041425.3886223,3625410,928104960,928.10496,85,199,99,1,20251021_121107
1761041425.3986063,3625449,928114944,928.114944,89,199,98,1,20251021_121107
1761041425.4085906,3625488,928124928,928.124928,93,199,98,1,20251021_121107
1761041425.4185746,3625527,928134912,928.134912,96,199,98,1,20251021_121107
1761041425.4285586,3625566,928144896,928.144896,100,198,99,1,20251021_121107
1761041425.4385426,3625605,928154880,928.15488,103,199,100,1,20251021_121107
1761041425.4485266,3625644,928164864,928.164864,106,198,99,1,20251021_121107
1761041425.4585106,3625683,928174848,928.174848,110,198,98,1,20251021_121107
1761041425.468495,3625722,928184832,928.184832,113,198,100,1,20251021_121107
1761041425.478479,3625761,928194816,928.194816,116,198,100,1,20251021_121107
1761041425.4884624,3625800,928204800,928.2048,119,198,101,1,20251021_121107
1761041425.4987023,3625840,928215040,928.21504,122,198,102,1,20251021_121107
1761041425.5086863,3625879,928225024,928.225024,125,198,102,1,20251021_121107
1761041425.5186706,3625918,928235008,928.235008,128,198,103,1,20251021_121107
1761041425.5286546,3625957,928244992,928.244992,131,198,104,1,20251021_121107
1761041425.5386386,3625996,928254976,928.254976,134,198,106,1,20251021_121107
1761041425.5486226,3626035,928264960,928.26496,137,198,108,1,20251021_121107
1761041425.5586066,3626074,928274944,928.274944,140,198,111,1,20251021_121107
1761041425.5685906,3626113,928284928,928.284928,143,199,115,1,20251021_121107
1761041425.578575,3626152,928294912,928.294912,146,199,120,1,20251021_121107
1761041425.588559,3626191,928304896,928.304896,149,198,125,1,20251021_121107
1761041425.5985425,3626230,928314880,928.31488,152,198,130,1,20251021_121107
1761041425.6087823,3626270,928325120,928.32512,155,198,135,1,20251021_121107
1761041425.6187663,3626309,928335104,928.335104,159,199,139,1,20251021_121107
1761041425.6287506,3626348,928345088,928.345088,162,198,144,1,20251021_121107
1761041425.6387346,3626387,928355072,928.355072,166,198,148,1,20251021_121107
1761041425.6487186,3626426,928365056,928.365056,169,200,155,1,20251021_121107
1761041425.6587026,3626465,928375040,928.37504,173,198,158,1,20251021_121107
1761041425.6686866,3626504,928385024,928.385024,177,198,159,1,20251021_121107
1761041425.6786706,3626543,928395008,928.395008,181,198,160,1,20251021_121107
1761041425.688655,3626582,928404992,928.404992,185,198,160,1,20251021_121107
1761041425.6986384,3626621,928414976,928.414976,189,198,160,1,20251021_121107
1761041425.7088785,3626661,928425216,928.425216,193,198,162,1,20251021_121107
1761041425.7188623,3626700,928435200,928.4352,196,198,161,1,20251021_121107
1761041425.7288463,3626739,928445184,928.445184,200,198,162,1,20251021_121107
1761041425.7388306,3626778,928455168,928.455168,204,198,163,1,20251021_121107
1761041425.7488146,3626817,928465152,928.465152,208,198,163,1,20251021_121107
1761041425.7587986,3626856,928475136,928.475136,212,198,163,1,20251021_121107
1761041425.7687826,3626895,928485120,928.48512,215,199,164,1,20251021_121107
1761041425.7787666,3626934,928495104,928.495104,219,199,164,1,20251021_121107
1761041425.7887506,3626973,928505088,928.505088,223,198,164,1,20251021_121107
1761041425.798735,3627012,928515072,928.515072,226,199,164,1,20251021_121107
1761041425.8087184,3627051,928525056,928.525056,230,199,164,1,20251021_121107
1761041425.8187025,3627090,928535040,928.53504,233,199,164,1,20251021_121107
1761041425.8286865,3627129,928545024,928.545024,236,199,165,1,20251021_121107
1761041425.8386705,3627168,928555008,928.555008,239,200,165,1,20251021_121107
1761041425.8489106,3627208,928565248,928.565248,243,199,164,1,20251021_121107
1761041425.8588946,3627247,928575232,928.575232,246,199,164,1,20251021_121107
1761041425.8688786,3627286,928585216,928.585216,249,199,163,1,20251021_121107
1761041425.8788626,3627325,928595200,928.5952,252,199,165,1,20251021_121107
1761041425.8888466,3627364,928605184,928.605184,0,199,163,1,20251021_121107
1761041425.898831,3627403,928615168,928.615168,3,199,162,1,20251021_121107
1761041425.908815,3627442,928625152,928.625152,6,200,164,1,20251021_121107
1761041425.9187984,3627481,928635136,928.635136,8,199,163,1,20251021_121107
1761041425.9287825,3627520,928645120,928.64512,11,200,163,1,20251021_121107
1761041425.9387665,3627559,928655104,928.655104,14,200,161,1,20251021_121107
1761041425.9487505,3627598,928665088,928.665088,17,200,160,1,20251021_121107
1761041425.9587345,3627637,928675072,928.675072,19,200,159,1,20251021_121107
1761041425.9687183,3627676,928685056,928.685056,22,199,157,1,20251021_121107
1761041425.9787023,3627715,928695040,928.69504,25,200,155,1,20251021_121107
1761041425.9889426,3627755,928705280,928.70528,27,199,152,1,20251021_121107
1761041425.9989266,3627794,928715264,928.715264,30,200,150,1,20251021_121107
1761041426.008911,3627833,928725248,928.725248,33,199,142,1,20251021_121107
1761041426.018895,3627872,928735232,928.735232,36,200,136,1,20251021_121107
1761041426.0288785,3627911,928745216,928.745216,39,200,128,1,20251021_121107
1761041426.0388625,3627950,928755200,928.7552,43,200,122,1,20251021_121107
1761041426.0488465,3627989,928765184,928.765184,46,200,116,1,20251021_121107
1761041426.0588305,3628028,928775168,928.775168,50,200,111,1,20251021_121107
1761041426.0688145,3628067,928785152,928.785152,54,199,106,1,20251021_121107
1761041426.0787983,3628106,928795136,928.795136,58,199,103,1,20251021_121107
1761041426.0887823,3628145,928805120,928.80512,62,199,100,1,20251021_121107
1761041426.0987666,3628184,928815104,928.815104,65,199,98,1,20251021_121107
1761041426.1087506,3628223,928825088,928.825088,69,200,99,1,20251021_121107
1761041426.1187346,3628262,928835072,928.835072,73,199,99,1,20251021_121107
1761041426.128975,3628302,928845312,928.845312,77,198,96,1,20251021_121107
1761041426.1389585,3628341,928855296,928.855296,81,199,98,1,20251021_121107
1761041426.1489425,3628380,928865280,928.86528,85,199,99,1,20251021_121107
1761041426.1589265,3628419,928875264,928.875264,88,199,99,1,20251021_121107
1761041426.1689105,3628458,928885248,928.885248,92,198,98,1,20251021_121107
1761041426.1788943,3628497,928895232,928.895232,96,198,98,1,20251021_121107
1761041426.1888783,3628536,928905216,928.905216,99,198,99,1,20251021_121107
1761041426.1988626,3628575,928915200,928.9152,103,198,98,1,20251021_121107
1761041426.2088466,3628614,928925184,928.925184,106,198,99,1,20251021_121107
1761041426.2188306,3628653,928935168,928.935168,109,197,98,1,20251021_121107
1761041426.2288146,3628692,928945152,928.945152,113,198,99,1,20251021_121107
1761041426.2387986,3628731,928955136,928.955136,116,197,99,1,20251021_121107
1761041426.2487826,3628770,928965120,928.96512,119,198,100,1,20251021_121107
1761041426.258767,3628809,928975104,928.975104,122,198,100,1,20251021_121107
1761041426.2690065,3628849,928985344,928.985344,125,197,99,1,20251021_121107
1761041426.2789905,3628888,928995328,928.995328,128,198,101,1,20251021_121107
1761041426.2889743,3628927,929005312,929.005312,131,197,100,1,20251021_121107
1761041426.2989583,3628966,929015296,929.015296,134,197,99,1,20251021_121107
1761041426.3089426,3629005,929025280,929.02528,136,198,100,1,20251021_121107
1761041426.3189266,3629044,929035264,929.035264,139,197,100,1,20251021_121107
1761041426.3289106,3629083,929045248,929.045248,142,198,101,1,20251021_121107
1761041426.3388946,3629122,929055232,929.055232,145,197,101,1,20251021_121107
1761041426.3488786,3629161,929065216,929.065216,147,198,104,1,20251021_121107
1761041426.3588626,3629200,929075200,929.0752,150,198,106,1,20251021_121107
1761041426.3691025,3629240,929085440,929.08544,153,197,108,1,20251021_121107
1761041426.3790865,3629279,929095424,929.095424,155,198,111,1,20251021_121107
1761041426.3890705,3629318,929105408,929.105408,158,198,115,1,20251021_121107
1761041426.3990543,3629357,929115392,929.115392,161,199,121,1,20251021_121107
1761041426.4090383,3629396,929125376,929.125376,164,199,127,1,20251021_121107
1761041426.4190226,3629435,929135360,929.13536,167,198,131,1,20251021_121107
1761041426.4290066,3629474,929145344,929.145344,171,198,137,1,20251021_121107
1761041426.4389906,3629513,929155328,929.155328,174,198,142,1,20251021_121107
1761041426.4489746,3629552,929165312,929.165312,178,198,149,1,20251021_121107
1761041426.4589586,3629591,929175296,929.175296,181,198,157,1,20251021_121107
1761041426.4689426,3629630,929185280,929.18528,185,198,158,1,20251021_121107
1761041426.478927,3629669,929195264,929.195264,189,198,159,1,20251021_121107
1761041426.488911,3629708,929205248,929.205248,193,198,160,1,20251021_121107
1761041426.4988945,3629747,929215232,929.215232,197,198,159,1,20251021_121107
1761041426.5088785,3629786,929225216,929.225216,200,198,162,1,20251021_121107
1761041426.5191183,3629826,929235456,929.235456,204,198,163,1,20251021_121107
1761041426.5291026,3629865,929245440,929.24544,208,198,163,1,20251021_121107
1761041426.5390866,3629904,929255424,929.255424,212,198,162,1,20251021_121107
1761041426.5490706,3629943,929265408,929.265408,216,198,163,1,20251021_121107
1761041426.5590546,3629982,929275392,929.275392,219,198,164,1,20251021_121107
1761041426.5690386,3630021,929285376,929.285376,223,199,164,1,20251021_121107
1761041426.5790226,3630060,929295360,929.29536,226,199,164,1,20251021_121107
1761041426.589007,3630099,929305344,929.305344,230,198,163,1,20251021_121107
1761041426.5989904,3630138,929315328,929.315328,233,199,164,1,20251021_121107
1761041426.6089745,3630177,929325312,929.325312,236,199,164,1,20251021_121107
1761041426.6189585,3630216,929335296,929.335296,240,199,164,1,20251021_121107
1761041426.6289425,3630255,929345280,929.34528,243,199,164,1,20251021_121107
1761041426.6389265,3630294,929355264,929.355264,246,199,165,1,20251021_121107
1761041426.6489103,3630333,929365248,929.365248,249,199,165,1,20251021_121107
1761041426.6591506,3630373,929375488,929.375488,252,199,165,1,20251021_121107
1761041426.6691346,3630412,929385472,929.385472,0,200,165,1,20251021_121107
1761041426.6791186,3630451,929395456,929.395456,3,199,164,1,20251021_121107
1761041426.6891026,3630490,929405440,929.40544,6,200,166,1,20251021_121107
1761041426.699087,3630529,929415424,929.415424,9,200,165,1,20251021_121107
1761041426.7090704,3630568,929425408,929.425408,11,199,164,1,20251021_121107
1761041426.7190545,3630607,929435392,929.435392,14,199,163,1,20251021_121107
1761041426.7290385,3630646,929445376,929.445376,17,200,161,1,20251021_121107
1761041426.7390225,3630685,929455360,929.45536,19,200,160,1,20251021_121107
1761041426.7490065,3630724,929465344,929.465344,22,200,161,1,20251021_121107
1761041426.7589903,3630763,929475328,929.475328,25,199,158,1,20251021_121107
1761041426.7689743,3630802,929485312,929.485312,27,199,154,1,20251021_121107
1761041426.7789586,3630841,929495296,929.495296,30,200,153,1,20251021_121107
1761041426.7889426,3630880,929505280,929.50528,33,199,149,1,20251021_121107
1761041426.7989266,3630919,929515264,929.515264,36,200,144,1,20251021_121107
1761041426.809167,3630959,929525504,929.525504,39,199,136,1,20251021_121107
1761041426.8191504,3630998,929535488,929.535488,42,200,127,1,20251021_121107
1761041426.8291345,3631037,929545472,929.545472,45,199,122,1,20251021_121107
1761041426.8391185,3631076,929555456,929.555456,49,199,115,1,20251021_121107
1761041426.8491025,3631115,929565440,929.56544,53,199,110,1,20251021_121107
1761041426.8590865,3631154,929575424,929.575424,56,199,107,1,20251021_121107
1761041426.8690703,3631193,929585408,929.585408,60,199,103,1,20251021_121107
1761041426.8790543,3631232,929595392,929.595392,64,199,100,1,20251021_121107
1761041426.8890386,3631271,929605376,929.605376,68,199,99,1,20251021_121107
1761041426.8990226,3631310,929615360,929.61536,72,199,98,1,20251021_121107
1761041426.9090066,3631349,929625344,929.625344,76,199,99,1,20251021_121107
1761041426.919247,3631389,929635584,929.635584,80,198,97,1,20251021_121107
1761041426.9292305,3631428,929645568,929.645568,83,199,98,1,20251021_121107
1761041426.9392145,3631467,929655552,929.655552,87,199,98,1,20251021_121107
1761041426.9491985,3631506,929665536,929.665536,91,198,99,1,20251021_121107
1761041426.9591825,3631545,929675520,929.67552,94,198,98,1,20251021_121107
1761041426.9691665,3631584,929685504,929.685504,98,198,98,1,20251021_121107
1761041426.9791503,3631623,929695488,929.695488,101,198,98,1,20251021_121107
1761041426.9893906,3631663,929705728,929.705728,105,198,99,1,20251021_121107
1761041426.9993746,3631702,929715712,929.715712,108,197,98,1,20251021_121107
1761041427.0093586,3631741,929725696,929.725696,111,197,99,1,20251021_121107
1761041427.019343,3631780,929735680,929.73568,115,198,97,1,20251021_121107
1761041427.0293264,3631819,929745664,929.745664,118,198,99,1,20251021_121107
1761041427.0393105,3631858,929755648,929.755648,121,197,98,1,20251021_121107
1761041427.0492945,3631897,929765632,929.765632,124,198,100,1,20251021_121107
1761041427.0592785,3631936,929775616,929.775616,127,197,99,1,20251021_121107
1761041427.0695186,3631976,929785856,929.785856,130,197,99,1,20251021_121107
1761041427.0795026,3632015,929795840,929.79584,133,197,100,1,20251021_121107
1761041427.0894866,3632054,929805824,929.805824,136,198,99,1,20251021_121107
1761041427.0994706,3632093,929815808,929.815808,138,198,100,1,20251021_121107
1761041427.1094546,3632132,929825792,929.825792,141,198,101,1,20251021_121107
1761041427.1194386,3632171,929835776,929.835776,144,198,101,1,20251021_121107
1761041427.129423,3632210,929845760,929.84576,146,199,102,1,20251021_121107
1761041427.1396625,3632250,929856000,929.856,149,198,102,1,20251021_121107
1761041427.1496463,3632289,929865984,929.865984,152,198,103,1,20251021_121107
1761041427.1596303,3632328,929875968,929.875968,154,198,104,1,20251021_121107
1761041427.1696146,3632367,929885952,929.885952,157,198,105,1,20251021_121107
1761041427.1795986,3632406,929895936,929.895936,160,198,105,1,20251021_121107
1761041427.1895826,3632445,929905920,929.90592,162,198,106,1,20251021_121107
1761041427.1995666,3632484,929915904,929.915904,165,198,110,1,20251021_121107
1761041427.2095506,3632523,929925888,929.925888,168,198,113,1,20251021_121107
1761041427.2195346,3632562,929935872,929.935872,170,198,117,1,20251021_121107
1761041427.229519,3632601,929945856,929.945856,173,198,122,1,20251021_121107
1761041427.239503,3632640,929955840,929.95584,176,198,127,1,20251021_121107
1761041427.2497425,3632680,929966080,929.96608,179,198,131,1,20251021_121107
1761041427.2597263,3632719,929976064,929.976064,183,198,135,1,20251021_121107
1761041427.2697103,3632758,929986048,929.986048,186,198,139,1,20251021_121107
1761041427.2796946,3632797,929996032,929.996032,189,199,143,1,20251021_121107
1761041427.2896786,3632836,930006016,930.006016,193,197,146,1,20251021_121107
1761041427.2996626,3632875,930016000,930.016,197,198,152,1,20251021_121107
1761041427.3096466,3632914,930025984,930.025984,200,198,156,1,20251021_121107
1761041427.3196306,3632953,930035968,930.035968,204,198,159,1,20251021_121107
1761041427.3296146,3632992,930045952,930.045952,208,197,158,1,20251021_121107
1761041427.339599,3633031,930055936,930.055936,211,198,160,1,20251021_121107
1761041427.349583,3633070,930065920,930.06592,215,197,160,1,20251021_121107
1761041427.3595665,3633109,930075904,930.075904,219,198,161,1,20251021_121107
1761041427.3695505,3633148,930085888,930.085888,222,198,162,1,20251021_121107
1761041427.3795345,3633187,930095872,930.095872,226,199,162,1,20251021_121107
1761041427.3897746,3633227,930106112,930.106112,229,199,163,1,20251021_121107
1761041427.3997586,3633266,930116096,930.116096,233,199,162,1,20251021_121107
1761041427.4097426,3633305,930126080,930.12608,236,198,163,1,20251021_121107
1761041427.4197266,3633344,930136064,930.136064,239,199,164,1,20251021_121107
1761041427.4297106,3633383,930146048,930.146048,242,199,163,1,20251021_121107
1761041427.4396946,3633422,930156032,930.156032,246,199,163,1,20251021_121107
1761041427.449679,3633461,930166016,930.166016,249,199,164,1,20251021_121107
1761041427.459663,3633500,930176000,930.176,252,199,164,1,20251021_121107
1761041427.4696465,3633539,930185984,930.185984,0,199,164,1,20251021_121107
1761041427.4796305,3633578,930195968,930.195968,2,200,165,1,20251021_121107
1761041427.4896145,3633617,930205952,930.205952,5,199,164,1,20251021_121107
1761041427.4995985,3633656,930215936,930.215936,8,199,164,1,20251021_121107
1761041427.5095823,3633695,930225920,930.22592,11,199,164,1,20251021_121107
1761041427.5195663,3633734,930235904,930.235904,14,199,163,1,20251021_121107
1761041427.5298066,3633774,930246144,930.246144,16,200,163,1,20251021_121107
1761041427.5397906,3633813,930256128,930.256128,19,199,164,1,20251021_121107
1761041427.5497746,3633852,930266112,930.266112,22,199,163,1,20251021_121107
1761041427.559759,3633891,930276096,930.276096,24,199,163,1,20251021_121107
1761041427.5697424,3633930,930286080,930.28608,27,199,163,1,20251021_121107
1761041427.5797265,3633969,930296064,930.296064,29,199,162,1,20251021_121107
1761041427.5897105,3634008,930306048,930.306048,32,199,161,1,20251021_121107
1761041427.5996945,3634047,930316032,930.316032,34,199,161,1,20251021_121107
1761041427.6096785,3634086,930326016,930.326016,37,199,159,1,20251021_121107
1761041427.6196623,3634125,930336000,930.336,39,199,157,1,20251021_121107
1761041427.6296463,3634164,930345984,930.345984,42,199,156,1,20251021_121107
1761041427.6396306,3634203,930355968,930.355968,45,199,152,1,20251021_121107
1761041427.6496146,3634242,930365952,930.365952,47,199,150,1,20251021_121107
1761041427.6595986,3634281,930375936,930.375936,50,199,146,1,20251021_121107
1761041427.6695826,3634320,930385920,930.38592,53,199,140,1,20251021_121107
1761041427.6798224,3634360,930396160,930.39616,56,199,132,1,20251021_121107
1761041427.6898065,3634399,930406144,930.406144,59,199,127,1,20251021_121107
1761041427.6997905,3634438,930416128,930.416128,63,199,122,1,20251021_121107
1761041427.7097745,3634477,930426112,930.426112,66,198,120,1,20251021_121107
1761041427.7197585,3634516,930436096,930.436096,70,198,112,1,20251021_121107
1761041427.7297423,3634555,930446080,930.44608,73,198,110,1,20251021_121107
1761041427.7397263,3634594,930456064,930.456064,77,198,107,1,20251021_121107
1761041427.7497106,3634633,930466048,930.466048,81,198,104,1,20251021_121107
1761041427.7596946,3634672,930476032,930.476032,84,198,100,1,20251021_121107
1761041427.7696786,3634711,930486016,930.486016,88,198,97,1,20251021_121107
1761041427.7796626,3634750,930496000,930.496,92,198,99,1,20251021_121107
1761041427.7896466,3634789,930505984,930.505984,95,198,99,1,20251021_121107
1761041427.7996306,3634828,930515968,930.515968,99,198,100,1,20251021_121107
1761041427.809615,3634867,930525952,930.525952,102,198,100,1,20251021_121107
1761041427.8198545,3634907,930536192,930.536192,106,198,98,1,20251021_121107
1761041427.8298385,3634946,930546176,930.546176,109,198,98,1,20251021_121107
1761041427.8398223,3634985,930556160,930.55616,112,198,98,1,20251021_121107
1761041427.8498063,3635024,930566144,930.566144,115,197,97,1,20251021_121107
1761041427.8597906,3635063,930576128,930.576128,119,198,99,1,20251021_121107
1761041427.8697746,3635102,930586112,930.586112,122,198,99,1,20251021_121107
1761041427.8797586,3635141,930596096,930.596096,125,197,100,1,20251021_121107
1761041427.8897426,3635180,930606080,930.60608,128,197,100,1,20251021_121107
1761041427.8997266,3635219,930616064,930.616064,131,197,100,1,20251021_121107
1761041427.9097106,3635258,930626048,930.626048,133,197,101,1,20251021_121107
1761041427.919695,3635297,930636032,930.636032,136,198,103,1,20251021_121107
1761041427.9296784,3635336,930646016,930.646016,139,198,105,1,20251021_121107
1761041427.9396625,3635375,930656000,930.656,142,198,106,1,20251021_121107
1761041427.9496465,3635414,930665984,930.665984,145,198,109,1,20251021_121107
1761041427.9596305,3635453,930675968,930.675968,148,198,112,1,20251021_121107
1761041427.9698706,3635493,930686208,930.686208,150,198,115,1,20251021_121107
1761041427.9798546,3635532,930696192,930.696192,153,198,120,1,20251021_121107
1761041427.9898386,3635571,930706176,930.706176,156,198,126,1,20251021_121107
1761041427.9998226,3635610,930716160,930.71616,159,198,129,1,20251021_121107
1761041428.0098066,3635649,930726144,930.726144,163,198,134,1,20251021_121107
1761041428.0197906,3635688,930736128,930.736128,166,198,139,1,20251021_121107
1761041428.029775,3635727,930746112,930.746112,169,198,145,1,20251021_121107
1761041428.0397584,3635766,930756096,930.756096,173,198,150,1,20251021_121107
1761041428.0497425,3635805,930766080,930.76608,177,198,155,1,20251021_121107
1761041428.0597265,3635844,930776064,930.776064,181,198,159,1,20251021_121107
1761041428.0697105,3635883,930786048,930.786048,184,198,160,1,20251021_121107
1761041428.0796945,3635922,930796032,930.796032,188,198,161,1,20251021_121107
1761041428.0896783,3635961,930806016,930.806016,192,198,160,1,20251021_121107
1761041428.0996623,3636000,930816000,930.816,196,198,160,1,20251021_121107
1761041428.1096466,3636039,930825984,930.825984,200,198,162,1,20251021_121107
1761041428.1198866,3636079,930836224,930.836224,204,198,162,1,20251021_121107
1761041428.129871,3636118,930846208,930.846208,207,198,163,1,20251021_121107
1761041428.139855,3636157,930856192,930.856192,211,198,162,1,20251021_121107
1761041428.1498384,3636196,930866176,930.866176,215,199,163,1,20251021_121107
1761041428.1598225,3636235,930876160,930.87616,219,198,163,1,20251021_121107
1761041428.1698065,3636274,930886144,930.886144,222,198,164,1,20251021_121107
1761041428.1797905,3636313,930896128,930.896128,226,198,164,1,20251021_121107
1761041428.1897745,3636352,930906112,930.906112,229,199,164,1,20251021_121107
1761041428.1997583,3636391,930916096,930.916096,233,199,164,1,20251021_121107
1761041428.2097423,3636430,930926080,930.92608,236,199,164,1,20251021_121107
1761041428.2197266,3636469,930936064,930.936064,239,199,165,1,20251021_121107
1761041428.2297106,3636508,930946048,930.946048,242,199,165,1,20251021_121107
1761041428.2396946,3636547,930956032,930.956032,245,199,166,1,20251021_121107
1761041428.2496786,3636586,930966016,930.966016,249,199,164,1,20251021_121107
1761041428.2599185,3636626,930976256,930.976256,252,199,163,1,20251021_121107
1761041428.2699025,3636665,930986240,930.98624,0,199,164,1,20251021_121107
1761041428.2798865,3636704,930996224,930.996224,2,200,164,1,20251021_121107
1761041428.2898705,3636743,931006208,931.006208,5,200,164,1,20251021_121107
1761041428.2998545,3636782,931016192,931.016192,8,200,163,1,20251021_121107
1761041428.3098383,3636821,931026176,931.026176,11,198,161,1,20251021_121107
1761041428.3198223,3636860,931036160,931.03616,14,199,160,1,20251021_121107
1761041428.3298066,3636899,931046144,931.046144,16,200,160,1,20251021_121107
1761041428.3397906,3636938,931056128,931.056128,19,199,156,1,20251021_121107
1761041428.350031,3636978,931066368,931.066368,22,199,155,1,20251021_121107
1761041428.3600144,3637017,931076352,931.076352,25,200,151,1,20251021_121107
1761041428.3699985,3637056,931086336,931.086336,27,199,149,1,20251021_121107
1761041428.3799825,3637095,931096320,931.09632,30,199,143,1,20251021_121107
1761041428.3899665,3637134,931106304,931.106304,33,199,137,1,20251021_121107
1761041428.3999505,3637173,931116288,931.116288,36,199,133,1,20251021_121107
1761041428.4099343,3637212,931126272,931.126272,40,199,127,1,20251021_121107
1761041428.4199183,3637251,931136256,931.136256,43,199,121,1,20251021_121107
1761041428.4299026,3637290,931146240,931.14624,47,199,115,1,20251021_121107
1761041428.4398866,3637329,931156224,931.156224,50,199,113,1,20251021_121107
1761041428.4498706,3637368,931166208,931.166208,54,199,109,1,20251021_121107
1761041428.4598546,3637407,931176192,931.176192,58,199,106,1,20251021_121107
1761041428.4698386,3637446,931186176,931.186176,62,198,103,1,20251021_121107
1761041428.4798226,3637485,931196160,931.19616,65,199,99,1,20251021_121107
1761041428.4900625,3637525,931206400,931.2064,69,199,99,1,20251021_121107
1761041428.5000465,3637564,931216384,931.216384,73,199,99,1,20251021_121107
1761041428.5100305,3637603,931226368,931.226368,77,199,100,1,20251021_121107
1761041428.5200143,3637642,931236352,931.236352,81,199,99,1,20251021_121107
1761041428.5299983,3637681,931246336,931.246336,85,198,98,1,20251021_121107
1761041428.5399826,3637720,931256320,931.25632,88,198,99,1,20251021_121107
1761041428.5499666,3637759,931266304,931.266304,92,199,101,1,20251021_121107
1761041428.5599506,3637798,931276288,931.276288,96,198,100,1,20251021_121107
1761041428.5699346,3637837,931286272,931.286272,99,198,100,1,20251021_121107
1761041428.5799186,3637876,931296256,931.296256,102,198,100,1,20251021_121107
1761041428.5899026,3637915,931306240,931.30624,106,198,101,1,20251021_121107
1761041428.599887,3637954,931316224,931.316224,109,198,98,1,20251021_121107
1761041428.609871,3637993,931326208,931.326208,112,198,99,1,20251021_121107
1761041428.6198545,3638032,931336192,931.336192,116,198,100,1,20251021_121107
1761041428.6300943,3638072,931346432,931.346432,119,198,102,1,20251021_121107
1761041428.6400783,3638111,931356416,931.356416,122,197,101,1,20251021_121107
1761041428.6500626,3638150,931366400,931.3664,125,198,102,1,20251021_121107
1761041428.6600466,3638189,931376384,931.376384,128,197,103,1,20251021_121107
1761041428.6700306,3638228,931386368,931.386368,131,198,104,1,20251021_121107
1761041428.6800146,3638267,931396352,931.396352,134,197,105,1,20251021_121107
1761041428.6899986,3638306,931406336,931.406336,137,198,108,1,20251021_121107
1761041428.6999826,3638345,931416320,931.41632,139,198,111,1,20251021_121107
1761041428.709967,3638384,931426304,931.426304,142,198,114,1,20251021_121107
1761041428.719951,3638423,931436288,931.436288,145,198,120,1,20251021_121107
1761041428.7299345,3638462,931446272,931.446272,148,198,125,1,20251021_121107
1761041428.7399185,3638501,931456256,931.456256,151,198,129,1,20251021_121107
1761041428.7499025,3638540,931466240,931.46624,155,198,133,1,20251021_121107
1761041428.7598865,3638579,931476224,931.476224,158,200,140,1,20251021_121107
1761041428.7698703,3638618,931486208,931.486208,161,198,143,1,20251021_121107
1761041428.7801106,3638658,931496448,931.496448,165,198,150,1,20251021_121107
1761041428.7900946,3638697,931506432,931.506432,169,199,155,1,20251021_121107
1761041428.8000786,3638736,931516416,931.516416,172,198,158,1,20251021_121107
1761041428.8100626,3638775,931526400,931.5264,176,198,159,1,20251021_121107
1761041428.820047,3638814,931536384,931.536384,180,198,159,1,20251021_121107
1761041428.8300304,3638853,931546368,931.546368,184,198,160,1,20251021_121107
1761041428.8400145,3638892,931556352,931.556352,188,198,160,1,20251021_121107
1761041428.8499985,3638931,931566336,931.566336,192,198,162,1,20251021_121107
1761041428.8599825,3638970,931576320,931.57632,196,198,162,1,20251021_121107
1761041428.8699665,3639009,931586304,931.586304,200,198,162,1,20251021_121107
1761041428.8799503,3639048,931596288,931.596288,203,198,164,1,20251021_121107
1761041428.8899343,3639087,931606272,931.606272,207,198,163,1,20251021_121107
1761041428.8999186,3639126,931616256,931.616256,211,198,164,1,20251021_121107
1761041428.9099026,3639165,931626240,931.62624,215,198,162,1,20251021_121107
1761041428.9198866,3639204,931636224,931.636224,218,198,164,1,20251021_121107
1761041428.930127,3639244,931646464,931.646464,222,198,164,1,20251021_121107
1761041428.9401104,3639283,931656448,931.656448,226,199,165,1,20251021_121107
1761041428.9500945,3639322,931666432,931.666432,229,199,165,1,20251021_121107
1761041428.9600785,3639361,931676416,931.676416,232,199,164,1,20251021_121107
1761041428.9700625,3639400,931686400,931.6864,236,198,164,1,20251021_121107
1761041428.9800465,3639439,931696384,931.696384,239,199,165,1,20251021_121107
1761041428.9900303,3639478,931706368,931.706368,242,199,165,1,20251021_121107
1761041429.0000143,3639517,931716352,931.716352,245,200,165,1,20251021_121107
1761041429.0099986,3639556,931726336,931.726336,248,199,164,1,20251021_121107
1761041429.0199826,3639595,931736320,931.73632,251,199,164,1,20251021_121107
1761041429.0299666,3639634,931746304,931.746304,254,199,163,1,20251021_121107
1761041429.0399506,3639673,931756288,931.756288,2,199,164,1,20251021_121107
1761041429.0499346,3639712,931766272,931.766272,5,199,163,1,20251021_121107
1761041429.0599186,3639751,931776256,931.776256,8,199,163,1,20251021_121107
1761041429.0701585,3639791,931786496,931.786496,11,200,161,1,20251021_121107
1761041429.0801425,3639830,931796480,931.79648,14,200,161,1,20251021_121107
1761041429.0901265,3639869,931806464,931.806464,16,200,159,1,20251021_121107
1761041429.1001103,3639908,931816448,931.816448,19,199,156,1,20251021_121107
1761041429.1100943,3639947,931826432,931.826432,22,199,154,1,20251021_121107
1761041429.1200786,3639986,931836416,931.836416,25,200,153,1,20251021_121107
1761041429.1300626,3640025,931846400,931.8464,27,199,149,1,20251021_121107
1761041429.1400466,3640064,931856384,931.856384,30,199,143,1,20251021_121107
1761041429.1500306,3640103,931866368,931.866368,33,199,135,1,20251021_121107
1761041429.1600146,3640142,931876352,931.876352,36,200,130,1,20251021_121107
1761041429.1699986,3640181,931886336,931.886336,40,199,126,1,20251021_121107
1761041429.179983,3640220,931896320,931.89632,43,199,118,1,20251021_121107
1761041429.1899664,3640259,931906304,931.906304,47,199,113,1,20251021_121107
1761041429.1999505,3640298,931916288,931.916288,51,199,109,1,20251021_121107
1761041429.2101903,3640338,931926528,931.926528,54,199,105,1,20251021_121107
1761041429.2201746,3640377,931936512,931.936512,58,198,100,1,20251021_121107
1761041429.2301586,3640416,931946496,931.946496,62,198,98,1,20251021_121107
1761041429.2401426,3640455,931956480,931.95648,66,199,98,1,20251021_121107
1761041429.2501266,3640494,931966464,931.966464,70,199,99,1,20251021_121107
1761041429.2601106,3640533,931976448,931.976448,74,198,98,1,20251021_121107
1761041429.2700946,3640572,931986432,931.986432,78,198,98,1,20251021_121107
1761041429.2800786,3640611,931996416,931.996416,82,198,97,1,20251021_121107
1761041429.290063,3640650,932006400,932.0064,85,198,97,1,20251021_121107
1761041429.3000464,3640689,932016384,932.016384,89,198,99,1,20251021_121107
1761041429.3100305,3640728,932026368,932.026368,93,198,97,1,20251021_121107
1761041429.3200145,3640767,932036352,932.036352,96,197,98,1,20251021_121107
1761041429.3299985,3640806,932046336,932.046336,100,197,98,1,20251021_121107
1761041429.3399825,3640845,932056320,932.05632,103,197,98,1,20251021_121107
1761041429.3499663,3640884,932066304,932.066304,107,197,100,1,20251021_121107
1761041429.3602066,3640924,932076544,932.076544,110,197,98,1,20251021_121107
1761041429.3701906,3640963,932086528,932.086528,113,197,100,1,20251021_121107
1761041429.3801746,3641002,932096512,932.096512,116,197,100,1,20251021_121107
1761041429.390159,3641041,932106496,932.106496,119,197,98,1,20251021_121107
1761041429.400143,3641080,932116480,932.11648,123,197,97,1,20251021_121107
1761041429.4101264,3641119,932126464,932.126464,125,197,99,1,20251021_121107
1761041429.4201105,3641158,932136448,932.136448,128,197,98,1,20251021_121107
1761041429.4300945,3641197,932146432,932.146432,131,197,99,1,20251021_121107
1761041429.4400785,3641236,932156416,932.156416,134,197,99,1,20251021_121107
1761041429.4500625,3641275,932166400,932.1664,137,197,100,1,20251021_121107
1761041429.4600463,3641314,932176384,932.176384,140,197,101,1,20251021_121107
1761041429.4700303,3641353,932186368,932.186368,142,197,101,1,20251021_121107
1761041429.4800146,3641392,932196352,932.196352,145,197,100,1,20251021_121107
1761041429.4899986,3641431,932206336,932.206336,148,197,102,1,20251021_121107
1761041429.4999826,3641470,932216320,932.21632,150,198,103,1,20251021_121107
1761041429.510223,3641510,932226560,932.22656,153,197,103,1,20251021_121107
1761041429.5202065,3641549,932236544,932.236544,156,197,104,1,20251021_121107
1761041429.5301905,3641588,932246528,932.246528,158,196,105,1,20251021_121107
1761041429.5401745,3641627,932256512,932.256512,161,198,107,1,20251021_121107
1761041429.5501585,3641666,932266496,932.266496,164,197,111,1,20251021_121107
1761041429.5601425,3641705,932276480,932.27648,166,197,115,1,20251021_121107
1761041429.5701263,3641744,932286464,932.286464,169,197,118,1,20251021_121107
1761041429.5801103,3641783,932296448,932.296448,172,197,124,1,20251021_121107
1761041429.5900946,3641822,932306432,932.306432,175,198,128,1,20251021_121107
1761041429.6000786,3641861,932316416,932.316416,178,197,132,1,20251021_121107
1761041429.6100626,3641900,932326400,932.3264,182,198,138,1,20251021_121107
1761041429.6200466,3641939,932336384,932.336384,185,197,143,1,20251021_121107
1761041429.6300306,3641978,932346368,932.346368,189,198,149,1,20251021_121107
1761041429.6400146,3642017,932356352,932.356352,192,198,155,1,20251021_121107
1761041429.6502545,3642057,932366592,932.366592,196,197,158,1,20251021_121107
1761041429.6602385,3642096,932376576,932.376576,200,197,158,1,20251021_121107
1761041429.6702223,3642135,932386560,932.38656,204,197,159,1,20251021_121107
1761041429.6802063,3642174,932396544,932.396544,207,197,160,1,20251021_121107
1761041429.6901906,3642213,932406528,932.406528,211,198,160,1,20251021_121107
1761041429.7001746,3642252,932416512,932.416512,215,198,161,1,20251021_121107
1761041429.7101586,3642291,932426496,932.426496,218,197,162,1,20251021_121107
1761041429.7201426,3642330,932436480,932.43648,222,198,162,1,20251021_121107
1761041429.7301266,3642369,932446464,932.446464,226,198,162,1,20251021_121107
1761041429.7401106,3642408,932456448,932.456448,229,198,163,1,20251021_121107
1761041429.750095,3642447,932466432,932.466432,232,198,162,1,20251021_121107
1761041429.760079,3642486,932476416,932.476416,236,198,162,1,20251021_121107
1761041429.7700624,3642525,932486400,932.4864,239,198,163,1,20251021_121107
1761041429.7800465,3642564,932496384,932.496384,242,199,164,1,20251021_121107
1761041429.7900305,3642603,932506368,932.506368,245,199,164,1,20251021_121107
1761041429.8002706,3642643,932516608,932.516608,248,199,164,1,20251021_121107
1761041429.8102546,3642682,932526592,932.526592,251,198,165,1,20251021_121107
1761041429.8202386,3642721,932536576,932.536576,254,198,163,1,20251021_121107
1761041429.8302226,3642760,932546560,932.54656,2,199,164,1,20251021_121107
1761041429.8402066,3642799,932556544,932.556544,5,199,164,1,20251021_121107
1761041429.8501906,3642838,932566528,932.566528,8,199,164,1,20251021_121107
1761041429.860175,3642877,932576512,932.576512,11,199,164,1,20251021_121107
1761041429.870159,3642916,932586496,932.586496,13,199,164,1,20251021_121107
1761041429.8801425,3642955,932596480,932.59648,16,199,163,1,20251021_121107
1761041429.8901265,3642994,932606464,932.606464,19,199,163,1,20251021_121107
1761041429.9001105,3643033,932616448,932.616448,21,199,162,1,20251021_121107
1761041429.9100945,3643072,932626432,932.626432,24,199,162,1,20251021_121107
1761041429.9200785,3643111,932636416,932.636416,27,199,161,1,20251021_121107
1761041429.9300623,3643150,932646400,932.6464,29,198,159,1,20251021_121107
1761041429.9400463,3643189,932656384,932.656384,32,199,157,1,20251021_121107
1761041429.9502866,3643229,932666624,932.666624,34,199,155,1,20251021_121107
1761041429.9602706,3643268,932676608,932.676608,37,199,153,1,20251021_121107
1761041429.970255,3643307,932686592,932.686592,40,198,152,1,20251021_121107
1761041429.980239,3643346,932696576,932.696576,43,199,141,1,20251021_121107
1761041429.9902225,3643385,932706560,932.70656,46,199,132,1,20251021_121107
1761041430.0002065,3643424,932716544,932.716544,49,199,127,1,20251021_121107
1761041430.0101905,3643463,932726528,932.726528,52,198,121,1,20251021_121107
1761041430.0201745,3643502,932736512,932.736512,56,198,113,1,20251021_121107
1761041430.0301583,3643541,932746496,932.746496,60,198,109,1,20251021_121107
1761041430.0401423,3643580,932756480,932.75648,63,198,105,1,20251021_121107
1761041430.0501266,3643619,932766464,932.766464,67,198,101,1,20251021_121107
1761041430.0601106,3643658,932776448,932.776448,71,198,98,1,20251021_121107
1761041430.0700946,3643697,932786432,932.786432,75,197,98,1,20251021_121107
1761041430.0800786,3643736,932796416,932.796416,79,197,99,1,20251021_121107
1761041430.0903184,3643776,932806656,932.806656,83,197,99,1,20251021_121107
1761041430.1003025,3643815,932816640,932.81664,86,198,97,1,20251021_121107
1761041430.1102865,3643854,932826624,932.826624,90,197,98,1,20251021_121107
1761041430.1202705,3643893,932836608,932.836608,94,198,98,1,20251021_121107
1761041430.1302545,3643932,932846592,932.846592,97,198,98,1,20251021_121107
1761041430.1402383,3643971,932856576,932.856576,101,198,96,1,20251021_121107
1761041430.1502223,3644010,932866560,932.86656,104,197,99,1,20251021_121107
1761041430.1602066,3644049,932876544,932.876544,108,198,98,1,20251021_121107
1761041430.1701906,3644088,932886528,932.886528,111,197,98,1,20251021_121107
1761041430.1801746,3644127,932896512,932.896512,114,197,98,1,20251021_121107
1761041430.1901586,3644166,932906496,932.906496,117,197,99,1,20251021_121107
1761041430.2001426,3644205,932916480,932.91648,120,197,99,1,20251021_121107
1761041430.2101266,3644244,932926464,932.926464,123,197,98,1,20251021_121107
1761041430.220111,3644283,932936448,932.936448,126,197,100,1,20251021_121107
1761041430.2303505,3644323,932946688,932.946688,129,197,102,1,20251021_121107
1761041430.2403345,3644362,932956672,932.956672,132,197,100,1,20251021_121107
1761041430.2503183,3644401,932966656,932.966656,135,197,101,1,20251021_121107
1761041430.2603023,3644440,932976640,932.97664,138,197,101,1,20251021_121107
1761041430.2702866,3644479,932986624,932.986624,141,197,102,1,20251021_121107
1761041430.2802706,3644518,932996608,932.996608,143,198,103,1,20251021_121107
1761041430.2902546,3644557,933006592,933.006592,146,197,103,1,20251021_121107
1761041430.3002386,3644596,933016576,933.016576,149,197,104,1,20251021_121107
1761041430.3102226,3644635,933026560,933.02656,151,197,104,1,20251021_121107
1761041430.3202066,3644674,933036544,933.036544,154,197,107,1,20251021_121107
1761041430.330191,3644713,933046528,933.046528,157,197,108,1,20251021_121107
1761041430.340175,3644752,933056512,933.056512,159,198,110,1,20251021_121107
1761041430.3501585,3644791,933066496,933.066496,162,197,113,1,20251021_121107
1761041430.3601425,3644830,933076480,933.07648,165,198,117,1,20251021_121107
1761041430.3701265,3644869,933086464,933.086464,168,197,122,1,20251021_121107
1761041430.3803666,3644909,933096704,933.096704,171,198,127,1,20251021_121107
1761041430.3903506,3644948,933106688,933.106688,174,197,129,1,20251021_121107
1761041430.4003346,3644987,933116672,933.116672,177,197,133,1,20251021_121107
1761041430.4103186,3645026,933126656,933.126656,181,198,137,1,20251021_121107
1761041430.4203026,3645065,933136640,933.13664,184,198,142,1,20251021_121107
1761041430.4302866,3645104,933146624,933.146624,187,198,146,1,20251021_121107
1761041430.440271,3645143,933156608,933.156608,191,198,150,1,20251021_121107
1761041430.4502544,3645182,933166592,933.166592,195,197,156,1,20251021_121107
1761041430.4602385,3645221,933176576,933.176576,199,197,158,1,20251021_121107
1761041430.4702225,3645260,933186560,933.18656,202,198,160,1,20251021_121107
1761041430.4802065,3645299,933196544,933.196544,206,197,159,1,20251021_121107
1761041430.4901905,3645338,933206528,933.206528,210,197,160,1,20251021_121107
1761041430.5001743,3645377,933216512,933.216512,213,197,161,1,20251021_121107
1761041430.5101583,3645416,933226496,933.226496,217,198,162,1,20251021_121107
1761041430.5201426,3645455,933236480,933.23648,221,198,163,1,20251021_121107
1761041430.5303826,3645495,933246720,933.24672,224,197,162,1,20251021_121107
1761041430.5403666,3645534,933256704,933.256704,228,197,162,1,20251021_121107
1761041430.550351,3645573,933266688,933.266688,231,198,163,1,20251021_121107
1761041430.5603344,3645612,933276672,933.276672,234,198,163,1,20251021_121107
1761041430.5703185,3645651,933286656,933.286656,238,198,163,1,20251021_121107
1761041430.5803025,3645690,933296640,933.29664,241,198,163,1,20251021_121107
1761041430.5902865,3645729,933306624,933.306624,244,199,164,1,20251021_121107
1761041430.6002705,3645768,933316608,933.316608,247,199,164,1,20251021_121107
1761041430.6102543,3645807,933326592,933.326592,250,198,163,1,20251021_121107
1761041430.6202383,3645846,933336576,933.336576,253,198,163,1,20251021_121107
1761041430.6302226,3645885,933346560,933.34656,1,199,165,1,20251021_121107
1761041430.6402066,3645924,933356544,933.356544,4,198,165,1,20251021_121107
1761041430.6501906,3645963,933366528,933.366528,7,199,164,1,20251021_121107
1761041430.6601746,3646002,933376512,933.376512,10,198,164,1,20251021_121107
1761041430.6704144,3646042,933386752,933.386752,12,198,163,1,20251021_121107
1761041430.6803985,3646081,933396736,933.396736,15,199,164,1,20251021_121107
1761041430.6903825,3646120,933406720,933.40672,18,199,164,1,20251021_121107
1761041430.7003665,3646159,933416704,933.416704,20,198,162,1,20251021_121107
1761041430.7103505,3646198,933426688,933.426688,23,199,163,1,20251021_121107
1761041430.7203343,3646237,933436672,933.436672,26,198,162,1,20251021_121107
1761041430.7303183,3646276,933446656,933.446656,28,199,162,1,20251021_121107
1761041430.7403026,3646315,933456640,933.45664,31,198,160,1,20251021_121107
1761041430.7502866,3646354,933466624,933.466624,33,198,162,1,20251021_121107
1761041430.7602706,3646393,933476608,933.476608,36,199,160,1,20251021_121107
1761041430.7702546,3646432,933486592,933.486592,38,198,157,1,20251021_121107
1761041430.7802386,3646471,933496576,933.496576,41,199,156,1,20251021_121107
1761041430.7902226,3646510,933506560,933.50656,43,199,154,1,20251021_121107
1761041430.800207,3646549,933516544,933.516544,46,199,151,1,20251021_121107
1761041430.8104465,3646589,933526784,933.526784,49,198,148,1,20251021_121107
1761041430.8204305,3646628,933536768,933.536768,52,198,139,1,20251021_121107
1761041430.8304143,3646667,933546752,933.546752,55,198,132,1,20251021_121107
1761041430.8403986,3646706,933556736,933.556736,58,198,127,1,20251021_121107
1761041430.8503826,3646745,933566720,933.56672,61,198,123,1,20251021_121107
1761041430.8603666,3646784,933576704,933.576704,65,198,119,1,20251021_121107
1761041430.8703506,3646823,933586688,933.586688,68,198,116,1,20251021_121107
1761041430.8803346,3646862,933596672,933.596672,72,198,112,1,20251021_121107
1761041430.8903186,3646901,933606656,933.606656,76,197,109,1,20251021_121107
1761041430.9003026,3646940,933616640,933.61664,79,198,106,1,20251021_121107
1761041430.910287,3646979,933626624,933.626624,83,198,102,1,20251021_121107
1761041430.9202704,3647018,933636608,933.636608,87,197,99,1,20251021_121107
1761041430.9302545,3647057,933646592,933.646592,90,198,98,1,20251021_121107
1761041430.9402385,3647096,933656576,933.656576,94,197,99,1,20251021_121107
1761041430.9504786,3647136,933666816,933.666816,97,198,99,1,20251021_121107
1761041430.9604626,3647175,933676800,933.6768,101,197,99,1,20251021_121107
1761041430.9704466,3647214,933686784,933.686784,104,197,99,1,20251021_121107
1761041430.9804306,3647253,933696768,933.696768,108,197,98,1,20251021_121107
1761041430.9904146,3647292,933706752,933.706752,111,197,98,1,20251021_121107
1761041431.0003986,3647331,933716736,933.716736,114,197,99,1,20251021_121107
1761041431.010383,3647370,933726720,933.72672,117,197,99,1,20251021_121107
1761041431.020367,3647409,933736704,933.736704,120,197,100,1,20251021_121107
1761041431.0303504,3647448,933746688,933.746688,123,197,100,1,20251021_121107
1761041431.0403345,3647487,933756672,933.756672,126,197,101,1,20251021_121107
1761041431.0503185,3647526,933766656,933.766656,129,198,102,1,20251021_121107
1761041431.0603025,3647565,933776640,933.77664,132,197,102,1,20251021_121107
1761041431.0702865,3647604,933786624,933.786624,135,197,103,1,20251021_121107
1761041431.0802703,3647643,933796608,933.796608,138,197,105,1,20251021_121107
1761041431.0902543,3647682,933806592,933.806592,141,197,107,1,20251021_121107
1761041431.1004946,3647722,933816832,933.816832,144,198,109,1,20251021_121107
1761041431.1104786,3647761,933826816,933.826816,146,197,113,1,20251021_121107
1761041431.120463,3647800,933836800,933.8368,149,197,115,1,20251021_121107
1761041431.130447,3647839,933846784,933.846784,152,198,121,1,20251021_121107
1761041431.1404305,3647878,933856768,933.856768,155,197,127,1,20251021_121107
1761041431.1504145,3647917,933866752,933.866752,158,200,132,1,20251021_121107
1761041431.1603985,3647956,933876736,933.876736,162,198,138,1,20251021_121107
1761041431.1703825,3647995,933886720,933.88672,165,198,144,1,20251021_121107
1761041431.1803665,3648034,933896704,933.896704,169,197,149,1,20251021_121107
1761041431.1903503,3648073,933906688,933.906688,172,198,153,1,20251021_121107
1761041431.2003343,3648112,933916672,933.916672,176,198,157,1,20251021_121107
1761041431.2103186,3648151,933926656,933.926656,180,197,158,1,20251021_121107
1761041431.2203026,3648190,933936640,933.93664,184,197,158,1,20251021_121107
1761041431.2302866,3648229,933946624,933.946624,188,198,158,1,20251021_121107
1761041431.2402706,3648268,933956608,933.956608,192,197,159,1,20251021_121107
1761041431.2505105,3648308,933966848,933.966848,196,197,161,1,20251021_121107
1761041431.2604945,3648347,933976832,933.976832,199,197,161,1,20251021_121107
1761041431.2704785,3648386,933986816,933.986816,203,198,163,1,20251021_121107
1761041431.2804625,3648425,933996800,933.9968,207,198,163,1,20251021_121107
1761041431.2904463,3648464,934006784,934.006784,211,198,163,1,20251021_121107
1761041431.3004303,3648503,934016768,934.016768,215,198,163,1,20251021_121107
1761041431.3104146,3648542,934026752,934.026752,218,197,161,1,20251021_121107
1761041431.3203986,3648581,934036736,934.036736,222,198,164,1,20251021_121107
1761041431.3306386,3648621,934046976,934.046976,225,198,164,1,20251021_121107
1761041431.340623,3648660,934056960,934.05696,229,198,163,1,20251021_121107
1761041431.3506064,3648699,934066944,934.066944,232,198,165,1,20251021_121107
1761041431.3605905,3648738,934076928,934.076928,236,199,165,1,20251021_121107
1761041431.3705745,3648777,934086912,934.086912,239,198,164,1,20251021_121107
1761041431.3805585,3648816,934096896,934.096896,242,199,165,1,20251021_121107
1761041431.3905425,3648855,934106880,934.10688,245,198,165,1,20251021_121107
1761041431.4005263,3648894,934116864,934.116864,248,199,165,1,20251021_121107
1761041431.4105103,3648933,934126848,934.126848,251,199,164,1,20251021_121107
1761041431.4204946,3648972,934136832,934.136832,254,199,165,1,20251021_121107
1761041431.4304786,3649011,934146816,934.146816,2,199,165,1,20251021_121107
1761041431.4404626,3649050,934156800,934.1568,5,199,163,1,20251021_121107
1761041431.450703,3649090,934167040,934.16704,8,199,163,1,20251021_121107
1761041431.4606864,3649129,934177024,934.177024,11,199,162,1,20251021_121107
1761041431.4706705,3649168,934187008,934.187008,13,199,161,1,20251021_121107
1761041431.4806545,3649207,934196992,934.196992,16,199,161,1,20251021_121107
1761041431.4906385,3649246,934206976,934.206976,19,199,158,1,20251021_121107
1761041431.5006225,3649285,934216960,934.21696,22,199,157,1,20251021_121107
1761041431.5106063,3649324,934226944,934.226944,24,199,155,1,20251021_121107
1761041431.5205903,3649363,934236928,934.236928,27,199,154,1,20251021_121107
1761041431.5305746,3649402,934246912,934.246912,30,199,149,1,20251021_121107
1761041431.5405586,3649441,934256896,934.256896,33,199,144,1,20251021_121107
1761041431.5505426,3649480,934266880,934.26688,36,199,135,1,20251021_121107
1761041431.5605266,3649519,934276864,934.276864,39,199,130,1,20251021_121107
1761041431.5705106,3649558,934286848,934.286848,42,199,125,1,20251021_121107
1761041431.5804946,3649597,934296832,934.296832,46,198,119,1,20251021_121107
1761041431.5907345,3649637,934307072,934.307072,49,198,115,1,20251021_121107
1761041431.6007185,3649676,934317056,934.317056,53,199,112,1,20251021_121107
1761041431.6107025,3649715,934327040,934.32704,56,199,108,1,20251021_121107
1761041431.6206863,3649754,934337024,934.337024,60,198,105,1,20251021_121107
1761041431.6306703,3649793,934347008,934.347008,64,198,100,1,20251021_121107
1761041431.6406546,3649832,934356992,934.356992,68,198,98,1,20251021_121107
1761041431.6506386,3649871,934366976,934.366976,72,198,99,1,20251021_121107
1761041431.6606226,3649910,934376960,934.37696,76,198,100,1,20251021_121107
1761041431.6706066,3649949,934386944,934.386944,80,198,100,1,20251021_121107
1761041431.6805906,3649988,934396928,934.396928,83,197,98,1,20251021_121107
1761041431.6905746,3650027,934406912,934.406912,87,198,100,1,20251021_121107
1761041431.700559,3650066,934416896,934.416896,91,197,100,1,20251021_121107
1761041431.7105424,3650105,934426880,934.42688,94,197,102,1,20251021_121107
1761041431.7205265,3650144,934436864,934.436864,98,197,100,1,20251021_121107
1761041431.7305105,3650183,934446848,934.446848,101,197,100,1,20251021_121107
1761041431.7407506,3650223,934457088,934.457088,105,198,97,1,20251021_121107
1761041431.7507346,3650262,934467072,934.467072,108,197,99,1,20251021_121107
1761041431.7607186,3650301,934477056,934.477056,111,197,101,1,20251021_121107
1761041431.7707026,3650340,934487040,934.48704,115,197,101,1,20251021_121107
1761041431.7806866,3650379,934497024,934.497024,118,197,101,1,20251021_121107
1761041431.7906706,3650418,934507008,934.507008,121,197,102,1,20251021_121107
1761041431.8006546,3650457,934516992,934.516992,124,197,103,1,20251021_121107
1761041431.810639,3650496,934526976,934.526976,127,197,104,1,20251021_121107
1761041431.8206224,3650535,934536960,934.53696,130,197,105,1,20251021_121107
1761041431.8306065,3650574,934546944,934.546944,133,197,106,1,20251021_121107
1761041431.8405905,3650613,934556928,934.556928,136,198,108,1,20251021_121107
1761041431.8505745,3650652,934566912,934.566912,138,197,110,1,20251021_121107
1761041431.8605585,3650691,934576896,934.576896,141,198,113,1,20251021_121107
1761041431.8705423,3650730,934586880,934.58688,144,198,118,1,20251021_121107
1761041431.8807826,3650770,934597120,934.59712,147,197,125,1,20251021_121107
1761041431.8907666,3650809,934607104,934.607104,150,198,129,1,20251021_121107
1761041431.9007506,3650848,934617088,934.617088,154,198,134,1,20251021_121107
1761041431.910735,3650887,934627072,934.627072,157,198,139,1,20251021_121107
1761041431.920719,3650926,934637056,934.637056,160,198,144,1,20251021_121107
1761041431.9307024,3650965,934647040,934.64704,164,198,147,1,20251021_121107
1761041431.9406865,3651004,934657024,934.657024,168,198,153,1,20251021_121107
1761041431.9506705,3651043,934667008,934.667008,171,198,158,1,20251021_121107
1761041431.9606545,3651082,934676992,934.676992,175,197,158,1,20251021_121107
1761041431.9706385,3651121,934686976,934.686976,179,198,159,1,20251021_121107
1761041431.9806223,3651160,934696960,934.69696,183,197,160,1,20251021_121107
1761041431.9906063,3651199,934706944,934.706944,187,197,160,1,20251021_121107
1761041432.0005906,3651238,934716928,934.716928,191,198,164,1,20251021_121107
1761041432.0108306,3651278,934727168,934.727168,195,198,162,1,20251021_121107
1761041432.020815,3651317,934737152,934.737152,199,197,162,1,20251021_121107
1761041432.030799,3651356,934747136,934.747136,203,197,164,1,20251021_121107
1761041432.0407825,3651395,934757120,934.75712,206,198,163,1,20251021_121107
1761041432.0507665,3651434,934767104,934.767104,210,197,165,1,20251021_121107
1761041432.0607505,3651473,934777088,934.777088,214,198,164,1,20251021_121107
1761041432.0709906,3651513,934787328,934.787328,218,197,163,1,20251021_121107
1761041432.0809746,3651552,934797312,934.797312,221,198,163,1,20251021_121107
1761041432.0909586,3651591,934807296,934.807296,225,198,166,1,20251021_121107
1761041432.1009426,3651630,934817280,934.81728,228,198,164,1,20251021_121107
1761041432.1109266,3651669,934827264,934.827264,232,198,164,1,20251021_121107
1761041432.1209106,3651708,934837248,934.837248,235,198,163,1,20251021_121107
1761041432.130895,3651747,934847232,934.847232,238,198,164,1,20251021_121107
1761041432.1408784,3651786,934857216,934.857216,242,198,166,1,20251021_121107
1761041432.1511185,3651826,934867456,934.867456,245,198,164,1,20251021_121107
1761041432.1611023,3651865,934877440,934.87744,248,199,164,1,20251021_121107
1761041432.1710863,3651904,934887424,934.887424,251,198,164,1,20251021_121107
1761041432.1810706,3651943,934897408,934.897408,254,199,164,1,20251021_121107
1761041432.1910546,3651982,934907392,934.907392,2,199,164,1,20251021_121107
1761041432.2010386,3652021,934917376,934.917376,5,199,161,1,20251021_121107
1761041432.2110226,3652060,934927360,934.92736,7,199,163,1,20251021_121107
1761041432.2210066,3652099,934937344,934.937344,10,199,163,1,20251021_121107
1761041432.2309906,3652138,934947328,934.947328,13,199,161,1,20251021_121107
1761041432.240975,3652177,934957312,934.957312,16,198,159,1,20251021_121107
1761041432.2509584,3652216,934967296,934.967296,18,200,159,1,20251021_121107
1761041432.2609425,3652255,934977280,934.97728,21,199,158,1,20251021_121107
1761041432.2709265,3652294,934987264,934.987264,24,199,155,1,20251021_121107
1761041432.2809105,3652333,934997248,934.997248,27,199,154,1,20251021_121107
1761041432.2911506,3652373,935007488,935.007488,29,199,150,1,20251021_121107
1761041432.3011346,3652412,935017472,935.017472,32,199,144,1,20251021_121107
1761041432.3111186,3652451,935027456,935.027456,35,199,135,1,20251021_121107
1761041432.3211026,3652490,935037440,935.03744,38,198,129,1,20251021_121107
1761041432.3310866,3652529,935047424,935.047424,42,198,124,1,20251021_121107
1761041432.341071,3652568,935057408,935.057408,45,198,118,1,20251021_121107
1761041432.351055,3652607,935067392,935.067392,49,198,114,1,20251021_121107
1761041432.3610384,3652646,935077376,935.077376,53,198,109,1,20251021_121107
1761041432.3710225,3652685,935087360,935.08736,56,198,106,1,20251021_121107
1761041432.3810065,3652724,935097344,935.097344,60,198,101,1,20251021_121107
1761041432.3909905,3652763,935107328,935.107328,64,198,98,1,20251021_121107
1761041432.4009745,3652802,935117312,935.117312,68,198,98,1,20251021_121107
1761041432.4109583,3652841,935127296,935.127296,72,197,99,1,20251021_121107
1761041432.4209423,3652880,935137280,935.13728,76,198,99,1,20251021_121107
1761041432.4311826,3652920,935147520,935.14752,80,198,98,1,20251021_121107
1761041432.4411666,3652959,935157504,935.157504,84,197,97,1,20251021_121107
1761041432.451151,3652998,935167488,935.167488,87,197,99,1,20251021_121107
1761041432.461135,3653037,935177472,935.177472,91,197,97,1,20251021_121107
1761041432.4711185,3653076,935187456,935.187456,95,197,98,1,20251021_121107
1761041432.4811025,3653115,935197440,935.19744,98,196,99,1,20251021_121107
1761041432.4910865,3653154,935207424,935.207424,102,197,99,1,20251021_121107
1761041432.5010705,3653193,935217408,935.217408,105,197,98,1,20251021_121107
1761041432.5110545,3653232,935227392,935.227392,108,196,100,1,20251021_121107
1761041432.5210383,3653271,935237376,935.237376,112,196,97,1,20251021_121107
1761041432.5310223,3653310,935247360,935.24736,115,196,99,1,20251021_121107
1761041432.5410066,3653349,935257344,935.257344,118,196,98,1,20251021_121107
1761041432.5509906,3653388,935267328,935.267328,121,196,98,1,20251021_121107
1761041432.5609746,3653427,935277312,935.277312,124,196,97,1,20251021_121107
1761041432.5709586,3653466,935287296,935.287296,127,195,98,1,20251021_121107
1761041432.5811985,3653506,935297536,935.297536,130,195,98,1,20251021_121107
1761041432.5911825,3653545,935307520,935.30752,133,195,98,1,20251021_121107
1761041432.6011665,3653584,935317504,935.317504,136,196,100,1,20251021_121107
1761041432.6111505,3653623,935327488,935.327488,138,195,100,1,20251021_121107
1761041432.6211343,3653662,935337472,935.337472,141,196,101,1,20251021_121107
1761041432.6311183,3653701,935347456,935.347456,144,195,101,1,20251021_121107
1761041432.6411026,3653740,935357440,935.35744,146,195,101,1,20251021_121107
1761041432.6510866,3653779,935367424,935.367424,149,196,102,1,20251021_121107
1761041432.6610706,3653818,935377408,935.377408,152,196,103,1,20251021_121107
1761041432.6710546,3653857,935387392,935.387392,154,196,104,1,20251021_121107
1761041432.6810386,3653896,935397376,935.397376,157,195,105,1,20251021_121107
1761041432.6910226,3653935,935407360,935.40736,160,196,107,1,20251021_121107
1761041432.701007,3653974,935417344,935.417344,162,196,110,1,20251021_121107
1761041432.710991,3654013,935427328,935.427328,165,196,111,1,20251021_121107
1761041432.7212305,3654053,935437568,935.437568,168,196,115,1,20251021_121107
1761041432.7312143,3654092,935447552,935.447552,171,196,119,1,20251021_121107
1761041432.7411983,3654131,935457536,935.457536,173,196,124,1,20251021_121107
1761041432.7511826,3654170,935467520,935.46752,177,196,127,1,20251021_121107
1761041432.7611666,3654209,935477504,935.477504,180,197,132,1,20251021_121107
1761041432.7711506,3654248,935487488,935.487488,183,196,137,1,20251021_121107
1761041432.7811346,3654287,935497472,935.497472,186,197,142,1,20251021_121107
1761041432.7913744,3654327,935507712,935.507712,190,197,148,1,20251021_121107
1761041432.8013585,3654366,935517696,935.517696,194,197,150,1,20251021_121107
1761041432.8113425,3654405,935527680,935.52768,197,196,155,1,20251021_121107
1761041432.8213265,3654444,935537664,935.537664,201,197,159,1,20251021_121107
1761041432.8313105,3654483,935547648,935.547648,205,197,159,1,20251021_121107
1761041432.8412943,3654522,935557632,935.557632,208,197,160,1,20251021_121107
1761041432.8512783,3654561,935567616,935.567616,212,196,160,1,20251021_121107
1761041432.8612626,3654600,935577600,935.5776,216,197,161,1,20251021_121107
1761041432.8715026,3654640,935587840,935.58784,219,197,162,1,20251021_121107
1761041432.881487,3654679,935597824,935.597824,223,197,162,1,20251021_121107
1761041432.891471,3654718,935607808,935.607808,227,197,162,1,20251021_121107
1761041432.9014544,3654757,935617792,935.617792,230,198,163,1,20251021_121107
1761041432.9114385,3654796,935627776,935.627776,233,197,162,1,20251021_121107
1761041432.9214225,3654835,935637760,935.63776,237,198,163,1,20251021_121107
1761041432.9314065,3654874,935647744,935.647744,240,198,163,1,20251021_121107
1761041432.9413905,3654913,935657728,935.657728,243,198,163,1,20251021_121107
1761041432.9516306,3654953,935667968,935.667968,246,198,163,1,20251021_121107
1761041432.9616146,3654992,935677952,935.677952,249,198,164,1,20251021_121107
1761041432.9715986,3655031,935687936,935.687936,252,198,165,1,20251021_121107
1761041432.9815826,3655070,935697920,935.69792,0,198,164,1,20251021_121107
1761041432.991567,3655109,935707904,935.707904,3,197,162,1,20251021_121107
1761041433.001551,3655148,935717888,935.717888,6,198,163,1,20251021_121107
1761041433.0117905,3655188,935728128,935.728128,9,198,163,1,20251021_121107
1761041433.0217743,3655227,935738112,935.738112,12,198,164,1,20251021_121107
1761041433.0317583,3655266,935748096,935.748096,14,198,163,1,20251021_121107
1761041433.0417426,3655305,935758080,935.75808,17,199,163,1,20251021_121107
1761041433.0517266,3655344,935768064,935.768064,20,199,163,1,20251021_121107
1761041433.0617106,3655383,935778048,935.778048,22,198,162,1,20251021_121107
1761041433.0716946,3655422,935788032,935.788032,25,198,162,1,20251021_121107
1761041433.0816786,3655461,935798016,935.798016,27,198,160,1,20251021_121107
1761041433.0916626,3655500,935808000,935.808,30,198,160,1,20251021_121107
1761041433.101647,3655539,935817984,935.817984,33,199,159,1,20251021_121107
1761041433.1116304,3655578,935827968,935.827968,35,198,157,1,20251021_121107
1761041433.1218705,3655618,935838208,935.838208,38,198,156,1,20251021_121107
1761041433.1318543,3655657,935848192,935.848192,40,198,154,1,20251021_121107
1761041433.1418386,3655696,935858176,935.858176,43,198,150,1,20251021_121107
1761041433.1518226,3655735,935868160,935.86816,46,198,148,1,20251021_121107
1761041433.1618066,3655774,935878144,935.878144,49,197,137,1,20251021_121107
1761041433.1717906,3655813,935888128,935.888128,52,198,131,1,20251021_121107
1761041433.1817746,3655852,935898112,935.898112,55,198,126,1,20251021_121107
1761041433.1917586,3655891,935908096,935.908096,59,198,120,1,20251021_121107
1761041433.2017426,3655930,935918080,935.91808,62,197,114,1,20251021_121107
1761041433.211727,3655969,935928064,935.928064,66,198,109,1,20251021_121107
1761041433.2217104,3656008,935938048,935.938048,69,199,108,1,20251021_121107
1761041433.2316945,3656047,935948032,935.948032,73,197,104,1,20251021_121107
1761041433.2416785,3656086,935958016,935.958016,77,197,100,1,20251021_121107
1761041433.2516625,3656125,935968000,935.968,81,197,98,1,20251021_121107
1761041433.2619026,3656165,935978240,935.97824,85,197,100,1,20251021_121107
1761041433.2718866,3656204,935988224,935.988224,88,197,100,1,20251021_121107
1761041433.2818706,3656243,935998208,935.998208,92,197,99,1,20251021_121107
1761041433.2918546,3656282,936008192,936.008192,95,197,98,1,20251021_121107
1761041433.3018386,3656321,936018176,936.018176,99,196,99,1,20251021_121107
1761041433.311823,3656360,936028160,936.02816,102,196,100,1,20251021_121107
1761041433.321807,3656399,936038144,936.038144,106,196,99,1,20251021_121107
1761041433.3317904,3656438,936048128,936.048128,109,197,98,1,20251021_121107
1761041433.3417745,3656477,936058112,936.058112,112,196,97,1,20251021_121107
1761041433.3517585,3656516,936068096,936.068096,116,197,100,1,20251021_121107
1761041433.3617425,3656555,936078080,936.07808,119,196,101,1,20251021_121107
1761041433.3717265,3656594,936088064,936.088064,122,196,101,1,20251021_121107
1761041433.3817103,3656633,936098048,936.098048,125,196,101,1,20251021_121107
1761041433.3916943,3656672,936108032,936.108032,128,196,102,1,20251021_121107
1761041433.4016786,3656711,936118016,936.118016,131,196,102,1,20251021_121107
1761041433.4119186,3656751,936128256,936.128256,134,197,103,1,20251021_121107
1761041433.421903,3656790,936138240,936.13824,136,196,103,1,20251021_121107
1761041433.431887,3656829,936148224,936.148224,139,197,105,1,20251021_121107
1761041433.4418705,3656868,936158208,936.158208,142,196,106,1,20251021_121107
1761041433.4518545,3656907,936168192,936.168192,145,197,108,1,20251021_121107
1761041433.4618385,3656946,936178176,936.178176,148,197,110,1,20251021_121107
1761041433.4718225,3656985,936188160,936.18816,150,197,112,1,20251021_121107
1761041433.4818065,3657024,936198144,936.198144,153,197,114,1,20251021_121107
1761041433.4917903,3657063,936208128,936.208128,156,196,117,1,20251021_121107
1761041433.5017743,3657102,936218112,936.218112,159,197,124,1,20251021_121107
1761041433.5117586,3657141,936228096,936.228096,162,197,128,1,20251021_121107
1761041433.5217426,3657180,936238080,936.23808,165,197,132,1,20251021_121107
1761041433.5317266,3657219,936248064,936.248064,169,197,136,1,20251021_121107
1761041433.5417106,3657258,936258048,936.258048,172,197,140,1,20251021_121107
1761041433.5519505,3657298,936268288,936.268288,176,198,145,1,20251021_121107
1761041433.5619345,3657337,936278272,936.278272,179,197,148,1,20251021_121107
1761041433.5719185,3657376,936288256,936.288256,183,197,152,1,20251021_121107
1761041433.5819025,3657415,936298240,936.29824,187,197,157,1,20251021_121107
1761041433.5918863,3657454,936308224,936.308224,190,197,158,1,20251021_121107
1761041433.6018703,3657493,936318208,936.318208,194,197,160,1,20251021_121107
1761041433.6118546,3657532,936328192,936.328192,198,197,160,1,20251021_121107
1761041433.6218386,3657571,936338176,936.338176,202,197,161,1,20251021_121107
1761041433.6318226,3657610,936348160,936.34816,206,197,161,1,20251021_121107
1761041433.6418066,3657649,936358144,936.358144,210,197,162,1,20251021_121107
1761041433.6517906,3657688,936368128,936.368128,213,197,163,1,20251021_121107
1761041433.6617746,3657727,936378112,936.378112,217,197,162,1,20251021_121107
1761041433.6720145,3657767,936388352,936.388352,221,197,163,1,20251021_121107
1761041433.6819985,3657806,936398336,936.398336,224,197,164,1,20251021_121107
1761041433.6919825,3657845,936408320,936.40832,228,197,165,1,20251021_121107
1761041433.7019663,3657884,936418304,936.418304,231,198,164,1,20251021_121107
1761041433.7119503,3657923,936428288,936.428288,234,198,164,1,20251021_121107
1761041433.7219346,3657962,936438272,936.438272,238,197,164,1,20251021_121107
1761041433.7319186,3658001,936448256,936.448256,241,197,164,1,20251021_121107
1761041433.7419026,3658040,936458240,936.45824,244,198,164,1,20251021_121107
1761041433.7518866,3658079,936468224,936.468224,247,198,164,1,20251021_121107
1761041433.7618706,3658118,936478208,936.478208,250,198,164,1,20251021_121107
1761041433.7718546,3658157,936488192,936.488192,253,198,164,1,20251021_121107
1761041433.781839,3658196,936498176,936.498176,1,198,164,1,20251021_121107
1761041433.791823,3658235,936508160,936.50816,4,199,165,1,20251021_121107
1761041433.8018064,3658274,936518144,936.518144,7,199,165,1,20251021_121107
1761041433.8120463,3658314,936528384,936.528384,10,198,163,1,20251021_121107
1761041433.8220303,3658353,936538368,936.538368,12,199,164,1,20251021_121107
1761041433.8320146,3658392,936548352,936.548352,15,199,163,1,20251021_121107
1761041433.8419986,3658431,936558336,936.558336,18,199,162,1,20251021_121107
1761041433.8519826,3658470,936568320,936.56832,20,199,162,1,20251021_121107
1761041433.8619666,3658509,936578304,936.578304,23,199,161,1,20251021_121107
1761041433.8719506,3658548,936588288,936.588288,26,198,160,1,20251021_121107
1761041433.8819346,3658587,936598272,936.598272,28,198,158,1,20251021_121107
1761041433.891919,3658626,936608256,936.608256,31,198,157,1,20251021_121107
1761041433.901903,3658665,936618240,936.61824,33,198,156,1,20251021_121107
1761041433.9118865,3658704,936628224,936.628224,36,198,154,1,20251021_121107
1761041433.9218705,3658743,936638208,936.638208,39,198,153,1,20251021_121107
1761041433.9318545,3658782,936648192,936.648192,41,198,150,1,20251021_121107
1761041433.9418385,3658821,936658176,936.658176,44,198,148,1,20251021_121107
1761041433.9520786,3658861,936668416,936.668416,47,197,142,1,20251021_121107
1761041433.9620626,3658900,936678400,936.6784,50,198,133,1,20251021_121107
1761041433.9720466,3658939,936688384,936.688384,53,197,129,1,20251021_121107
1761041433.9820306,3658978,936698368,936.698368,57,199,126,1,20251021_121107
1761041433.9920146,3659017,936708352,936.708352,60,198,121,1,20251021_121107
1761041434.001999,3659056,936718336,936.718336,63,198,116,1,20251021_121107
1761041434.0119824,3659095,936728320,936.72832,67,197,112,1,20251021_121107
1761041434.0219665,3659134,936738304,936.738304,71,198,109,1,20251021_121107
1761041434.0319505,3659173,936748288,936.748288,74,197,106,1,20251021_121107
1761041434.0419345,3659212,936758272,936.758272,78,198,102,1,20251021_121107
1761041434.0519185,3659251,936768256,936.768256,82,197,101,1,20251021_121107
1761041434.0619023,3659290,936778240,936.77824,86,197,99,1,20251021_121107
1761041434.0718863,3659329,936788224,936.788224,89,197,99,1,20251021_121107
1761041434.0818706,3659368,936798208,936.798208,93,197,99,1,20251021_121107
1761041434.0918546,3659407,936808192,936.808192,97,197,100,1,20251021_121107
1761041434.102095,3659447,936818432,936.818432,100,196,99,1,20251021_121107
1761041434.112079,3659486,936828416,936.828416,103,197,98,1,20251021_121107
1761041434.1220624,3659525,936838400,936.8384,107,196,99,1,20251021_121107
1761041434.1320465,3659564,936848384,936.848384,110,196,98,1,20251021_121107
1761041434.1420305,3659603,936858368,936.858368,113,197,99,1,20251021_121107
1761041434.1520145,3659642,936868352,936.868352,117,196,100,1,20251021_121107
1761041434.1619985,3659681,936878336,936.878336,120,197,100,1,20251021_121107
1761041434.1719823,3659720,936888320,936.88832,123,196,100,1,20251021_121107
1761041434.1819663,3659759,936898304,936.898304,126,197,102,1,20251021_121107
1761041434.1919506,3659798,936908288,936.908288,129,199,103,1,20251021_121107
1761041434.2019346,3659837,936918272,936.918272,132,197,103,1,20251021_121107
1761041434.2119186,3659876,936928256,936.928256,134,197,104,1,20251021_121107
1761041434.2219026,3659915,936938240,936.93824,137,196,104,1,20251021_121107
1761041434.2318866,3659954,936948224,936.948224,140,197,108,1,20251021_121107
1761041434.2418706,3659993,936958208,936.958208,143,197,110,1,20251021_121107
1761041434.2521105,3660033,936968448,936.968448,146,197,113,1,20251021_121107
1761041434.2620945,3660072,936978432,936.978432,149,197,118,1,20251021_121107
1761041434.2720785,3660111,936988416,936.988416,152,197,126,1,20251021_121107
1761041434.2820623,3660150,936998400,936.9984,155,197,129,1,20251021_121107
1761041434.2920463,3660189,937008384,937.008384,158,198,136,1,20251021_121107
1761041434.3020306,3660228,937018368,937.018368,161,197,141,1,20251021_121107
1761041434.3120146,3660267,937028352,937.028352,165,198,148,1,20251021_121107
1761041434.3219986,3660306,937038336,937.038336,169,197,151,1,20251021_121107
1761041434.3319826,3660345,937048320,937.04832,172,197,157,1,20251021_121107
1761041434.3419666,3660384,937058304,937.058304,176,198,159,1,20251021_121107
1761041434.3519506,3660423,937068288,937.068288,180,197,159,1,20251021_121107
1761041434.361935,3660462,937078272,937.078272,184,197,159,1,20251021_121107
1761041434.3719184,3660501,937088256,937.088256,188,198,160,1,20251021_121107
1761041434.3819025,3660540,937098240,937.09824,192,198,161,1,20251021_121107
1761041434.3921423,3660580,937108480,937.10848,196,197,161,1,20251021_121107
1761041434.4021266,3660619,937118464,937.118464,200,198,163,1,20251021_121107
1761041434.4121106,3660658,937128448,937.128448,203,197,163,1,20251021_121107
1761041434.4220946,3660697,937138432,937.138432,207,197,163,1,20251021_121107
1761041434.4320786,3660736,937148416,937.148416,211,198,162,1,20251021_121107
1761041434.4420626,3660775,937158400,937.1584,215,197,164,1,20251021_121107
1761041434.4520466,3660814,937168384,937.168384,218,197,163,1,20251021_121107
1761041434.4620306,3660853,937178368,937.178368,222,198,164,1,20251021_121107
1761041434.472015,3660892,937188352,937.188352,226,198,164,1,20251021_121107
1761041434.4819984,3660931,937198336,937.198336,229,197,163,1,20251021_121107
1761041434.4919825,3660970,937208320,937.20832,232,198,164,1,20251021_121107
1761041434.5019665,3661009,937218304,937.218304,236,198,163,1,20251021_121107
1761041434.5119505,3661048,937228288,937.228288,239,198,164,1,20251021_121107
1761041434.5219345,3661087,937238272,937.238272,242,198,164,1,20251021_121107
1761041434.5321746,3661127,937248512,937.248512,245,198,164,1,20251021_121107
1761041434.5421586,3661166,937258496,937.258496,248,198,164,1,20251021_121107
1761041434.5521426,3661205,937268480,937.26848,251,198,164,1,20251021_121107
1761041434.5621266,3661244,937278464,937.278464,254,198,164,1,20251021_121107
1761041434.572111,3661283,937288448,937.288448,2,199,164,1,20251021_121107
1761041434.582095,3661322,937298432,937.298432,5,199,165,1,20251021_121107
1761041434.5920784,3661361,937308416,937.308416,8,198,163,1,20251021_121107
1761041434.6020625,3661400,937318400,937.3184,11,198,162,1,20251021_121107
1761041434.6120465,3661439,937328384,937.328384,14,199,162,1,20251021_121107
1761041434.6220305,3661478,937338368,937.338368,16,198,161,1,20251021_121107
1761041434.6320145,3661517,937348352,937.348352,19,199,159,1,20251021_121107
1761041434.6419983,3661556,937358336,937.358336,22,198,157,1,20251021_121107
1761041434.6519823,3661595,937368320,937.36832,24,198,155,1,20251021_121107
1761041434.6619666,3661634,937378304,937.378304,27,198,153,1,20251021_121107
1761041434.6722066,3661674,937388544,937.388544,30,198,150,1,20251021_121107
1761041434.682191,3661713,937398528,937.398528,33,199,146,1,20251021_121107
1761041434.692175,3661752,937408512,937.408512,36,199,139,1,20251021_121107
1761041434.7021585,3661791,937418496,937.418496,39,199,132,1,20251021_121107
1761041434.7121425,3661830,937428480,937.42848,42,198,127,1,20251021_121107
1761041434.7221265,3661869,937438464,937.438464,45,198,119,1,20251021_121107
1761041434.7321105,3661908,937448448,937.448448,49,198,114,1,20251021_121107
1761041434.7420945,3661947,937458432,937.458432,53,198,111,1,20251021_121107
1761041434.7520783,3661986,937468416,937.468416,57,198,108,1,20251021_121107
1761041434.7620623,3662025,937478400,937.4784,60,198,104,1,20251021_121107
1761041434.7720466,3662064,937488384,937.488384,64,198,100,1,20251021_121107
1761041434.7820306,3662103,937498368,937.498368,68,198,100,1,20251021_121107
1761041434.7920146,3662142,937508352,937.508352,72,197,100,1,20251021_121107
1761041434.8019986,3662181,937518336,937.518336,76,197,97,1,20251021_121107
1761041434.8122385,3662221,937528576,937.528576,80,197,97,1,20251021_121107
1761041434.8222225,3662260,937538560,937.53856,84,197,99,1,20251021_121107
1761041434.8322065,3662299,937548544,937.548544,87,197,100,1,20251021_121107
1761041434.8421905,3662338,937558528,937.558528,91,197,100,1,20251021_121107
1761041434.8521743,3662377,937568512,937.568512,95,197,101,1,20251021_121107
1761041434.8621583,3662416,937578496,937.578496,98,196,99,1,20251021_121107
1761041434.8721426,3662455,937588480,937.58848,102,196,101,1,20251021_121107
1761041434.8821266,3662494,937598464,937.598464,105,196,99,1,20251021_121107
1761041434.8921106,3662533,937608448,937.608448,108,195,100,1,20251021_121107
1761041434.9020946,3662572,937618432,937.618432,112,196,100,1,20251021_121107
1761041434.9120786,3662611,937628416,937.628416,115,195,100,1,20251021_121107
1761041434.9220626,3662650,937638400,937.6384,118,196,101,1,20251021_121107
1761041434.932047,3662689,937648384,937.648384,121,196,102,1,20251021_121107
1761041434.942031,3662728,937658368,937.658368,124,196,103,1,20251021_121107
1761041434.9522705,3662768,937668608,937.668608,127,195,103,1,20251021_121107
1761041434.9622543,3662807,937678592,937.678592,130,196,105,1,20251021_121107
1761041434.9722383,3662846,937688576,937.688576,133,196,106,1,20251021_121107
1761041434.9822226,3662885,937698560,937.69856,136,197,109,1,20251021_121107
1761041434.9922066,3662924,937708544,937.708544,139,196,109,1,20251021_121107
1761041435.0021906,3662963,937718528,937.718528,142,196,112,1,20251021_121107
1761041435.0121746,3663002,937728512,937.728512,144,197,116,1,20251021_121107
1761041435.0221586,3663041,937738496,937.738496,147,196,120,1,20251021_121107
1761041435.0321426,3663080,937748480,937.74848,150,198,127,1,20251021_121107
1761041435.042127,3663119,937758464,937.758464,154,197,132,1,20251021_121107
1761041435.052111,3663158,937768448,937.768448,157,197,136,1,20251021_121107
1761041435.0620944,3663197,937778432,937.778432,160,197,142,1,20251021_121107
1761041435.0720785,3663236,937788416,937.788416,164,198,148,1,20251021_121107
1761041435.0820625,3663275,937798400,937.7984,167,197,152,1,20251021_121107
1761041435.0920465,3663314,937808384,937.808384,171,197,159,1,20251021_121107
1761041435.1022866,3663354,937818624,937.818624,175,197,158,1,20251021_121107
1761041435.1122706,3663393,937828608,937.828608,179,197,160,1,20251021_121107
1761041435.1222546,3663432,937838592,937.838592,183,197,160,1,20251021_121107
1761041435.1322386,3663471,937848576,937.848576,187,196,161,1,20251021_121107
1761041435.1422226,3663510,937858560,937.85856,191,197,162,1,20251021_121107
1761041435.152207,3663549,937868544,937.868544,195,197,162,1,20251021_121107
1761041435.162191,3663588,937878528,937.878528,198,197,162,1,20251021_121107
1761041435.1721745,3663627,937888512,937.888512,202,197,162,1,20251021_121107
1761041435.1821585,3663666,937898496,937.898496,206,197,162,1,20251021_121107
1761041435.1921425,3663705,937908480,937.90848,210,197,163,1,20251021_121107
1761041435.2021265,3663744,937918464,937.918464,214,196,164,1,20251021_121107
1761041435.2121103,3663783,937928448,937.928448,217,197,162,1,20251021_121107
1761041435.2220943,3663822,937938432,937.938432,221,197,163,1,20251021_121107
1761041435.2320786,3663861,937948416,937.948416,224,197,164,1,20251021_121107
1761041435.2423186,3663901,937958656,937.958656,228,198,164,1,20251021_121107
1761041435.2523026,3663940,937968640,937.96864,231,197,164,1,20251021_121107
1761041435.262287,3663979,937978624,937.978624,235,198,166,1,20251021_121107
1761041435.2722704,3664018,937988608,937.988608,238,198,165,1,20251021_121107
1761041435.2822545,3664057,937998592,937.998592,241,197,164,1,20251021_121107
1761041435.2922385,3664096,938008576,938.008576,244,198,165,1,20251021_121107
1761041435.3022225,3664135,938018560,938.01856,247,198,166,1,20251021_121107
1761041435.3122065,3664174,938028544,938.028544,251,198,165,1,20251021_121107
1761041435.3221903,3664213,938038528,938.038528,253,199,164,1,20251021_121107
1761041435.3321743,3664252,938048512,938.048512,1,198,164,1,20251021_121107
1761041435.3421586,3664291,938058496,938.058496,4,198,164,1,20251021_121107
1761041435.3521426,3664330,938068480,938.06848,7,198,163,1,20251021_121107
1761041435.3621266,3664369,938078464,938.078464,10,198,163,1,20251021_121107
1761041435.3721106,3664408,938088448,938.088448,13,198,162,1,20251021_121107
1761041435.3820946,3664447,938098432,938.098432,15,198,161,1,20251021_121107
1761041435.3923345,3664487,938108672,938.108672,18,198,160,1,20251021_121107
1761041435.4023185,3664526,938118656,938.118656,21,198,158,1,20251021_121107
1761041435.4123025,3664565,938128640,938.12864,24,198,156,1,20251021_121107
1761041435.4222865,3664604,938138624,938.138624,26,198,155,1,20251021_121107
1761041435.4322703,3664643,938148608,938.148608,29,198,153,1,20251021_121107
1761041435.4422543,3664682,938158592,938.158592,32,198,150,1,20251021_121107
1761041435.4522386,3664721,938168576,938.168576,35,198,143,1,20251021_121107
1761041435.4622226,3664760,938178560,938.17856,38,198,137,1,20251021_121107
1761041435.4722066,3664799,938188544,938.188544,41,198,129,1,20251021_121107
1761041435.4821906,3664838,938198528,938.198528,44,197,123,1,20251021_121107
1761041435.4921746,3664877,938208512,938.208512,48,198,116,1,20251021_121107
1761041435.5021586,3664916,938218496,938.218496,51,198,111,1,20251021_121107
1761041435.512143,3664955,938228480,938.22848,55,198,106,1,20251021_121107
1761041435.522127,3664994,938238464,938.238464,59,198,103,1,20251021_121107
1761041435.5323665,3665034,938248704,938.248704,63,197,98,1,20251021_121107
1761041435.5423503,3665073,938258688,938.258688,67,197,97,1,20251021_121107
1761041435.5523343,3665112,938268672,938.268672,71,197,97,1,20251021_121107
1761041435.5623186,3665151,938278656,938.278656,75,197,98,1,20251021_121107
1761041435.5723026,3665190,938288640,938.28864,79,197,97,1,20251021_121107
1761041435.5822866,3665229,938298624,938.298624,82,197,97,1,20251021_121107
1761041435.5922706,3665268,938308608,938.308608,86,196,99,1,20251021_121107
1761041435.6022546,3665307,938318592,938.318592,90,197,97,1,20251021_121107
1761041435.6122386,3665346,938328576,938.328576,93,196,98,1,20251021_121107
1761041435.622223,3665385,938338560,938.33856,97,196,97,1,20251021_121107
1761041435.6322064,3665424,938348544,938.348544,100,195,98,1,20251021_121107
1761041435.6421905,3665463,938358528,938.358528,104,194,97,1,20251021_121107
1761041435.6521745,3665502,938368512,938.368512,107,195,99,1,20251021_121107
1761041435.6621585,3665541,938378496,938.378496,111,194,98,1,20251021_121107
1761041435.6723986,3665581,938388736,938.388736,114,193,99,1,20251021_121107
1761041435.6823826,3665620,938398720,938.39872,117,192,98,1,20251021_121107
1761041435.6923666,3665659,938408704,938.408704,120,193,100,1,20251021_121107
1761041435.7023506,3665698,938418688,938.418688,123,192,98,1,20251021_121107
1761041435.7123346,3665737,938428672,938.428672,126,191,100,1,20251021_121107
1761041435.7223186,3665776,938438656,938.438656,129,191,100,1,20251021_121107
1761041435.732303,3665815,938448640,938.44864,132,191,99,1,20251021_121107
1761041435.7422864,3665854,938458624,938.458624,135,191,100,1,20251021_121107
1761041435.7522705,3665893,938468608,938.468608,137,192,99,1,20251021_121107
1761041435.7622545,3665932,938478592,938.478592,140,191,100,1,20251021_121107
1761041435.7722385,3665971,938488576,938.488576,143,191,100,1,20251021_121107
1761041435.7822225,3666010,938498560,938.49856,146,191,101,1,20251021_121107
1761041435.7922063,3666049,938508544,938.508544,148,191,101,1,20251021_121107
1761041435.8021903,3666088,938518528,938.518528,151,192,103,1,20251021_121107
1761041435.8121746,3666127,938528512,938.528512,153,193,103,1,20251021_121107
1761041435.8224146,3666167,938538752,938.538752,156,192,104,1,20251021_121107
1761041435.832399,3666206,938548736,938.548736,159,192,106,1,20251021_121107
1761041435.842383,3666245,938558720,938.55872,161,192,107,1,20251021_121107
1761041435.8523664,3666284,938568704,938.568704,164,193,110,1,20251021_121107
1761041435.8623505,3666323,938578688,938.578688,167,193,114,1,20251021_121107
1761041435.8723345,3666362,938588672,938.588672,170,194,117,1,20251021_121107
1761041435.8823185,3666401,938598656,938.598656,173,195,123,1,20251021_121107
1761041435.8923025,3666440,938608640,938.60864,176,194,127,1,20251021_121107
1761041435.9022863,3666479,938618624,938.618624,179,194,131,1,20251021_121107
1761041435.9122703,3666518,938628608,938.628608,182,194,134,1,20251021_121107
1761041435.9222546,3666557,938638592,938.638592,185,195,140,1,20251021_121107
1761041435.9322386,3666596,938648576,938.648576,189,195,143,1,20251021_121107
1761041435.9422226,3666635,938658560,938.65856,192,195,148,1,20251021_121107
1761041435.9522066,3666674,938668544,938.668544,196,194,150,1,20251021_121107
1761041435.9621906,3666713,938678528,938.678528,200,194,159,1,20251021_121107
1761041435.9724305,3666753,938688768,938.688768,203,194,157,1,20251021_121107
1761041435.9824145,3666792,938698752,938.698752,207,195,159,1,20251021_121107
1761041435.9923985,3666831,938708736,938.708736,211,195,160,1,20251021_121107
1761041436.0023825,3666870,938718720,938.71872,214,195,161,1,20251021_121107
1761041436.0123663,3666909,938728704,938.728704,218,196,161,1,20251021_121107
1761041436.0223503,3666948,938738688,938.738688,222,196,162,1,20251021_121107
1761041436.0323346,3666987,938748672,938.748672,225,196,162,1,20251021_121107
1761041436.0423186,3667026,938758656,938.758656,229,196,163,1,20251021_121107
1761041436.0523026,3667065,938768640,938.76864,232,196,162,1,20251021_121107
1761041436.0622866,3667104,938778624,938.778624,235,197,163,1,20251021_121107
1761041436.0722706,3667143,938788608,938.788608,239,197,163,1,20251021_121107
1761041436.0822546,3667182,938798592,938.798592,242,197,163,1,20251021_121107
1761041436.092239,3667221,938808576,938.808576,245,197,163,1,20251021_121107
1761041436.1022224,3667260,938818560,938.81856,248,198,164,1,20251021_121107
1761041436.1122065,3667299,938828544,938.828544,251,198,164,1,20251021_121107
1761041436.1224463,3667339,938838784,938.838784,254,197,164,1,20251021_121107
1761041436.1324306,3667378,938848768,938.848768,2,198,164,1,20251021_121107
1761041436.1424146,3667417,938858752,938.858752,5,197,163,1,20251021_121107
1761041436.1523986,3667456,938868736,938.868736,8,198,164,1,20251021_121107
1761041436.1623826,3667495,938878720,938.87872,10,198,164,1,20251021_121107
1761041436.1723666,3667534,938888704,938.888704,13,198,164,1,20251021_121107
1761041436.1823506,3667573,938898688,938.898688,16,198,164,1,20251021_121107
1761041436.192335,3667612,938908672,938.908672,18,197,163,1,20251021_121107
1761041436.202319,3667651,938918656,938.918656,21,198,164,1,20251021_121107
1761041436.2123024,3667690,938928640,938.92864,24,198,163,1,20251021_121107
1761041436.2222865,3667729,938938624,938.938624,26,197,162,1,20251021_121107
1761041436.2322705,3667768,938948608,938.948608,29,198,162,1,20251021_121107
1761041436.2422545,3667807,938958592,938.958592,31,198,162,1,20251021_121107
1761041436.2522385,3667846,938968576,938.968576,34,198,160,1,20251021_121107
1761041436.2624786,3667886,938978816,938.978816,36,198,159,1,20251021_121107
1761041436.2724626,3667925,938988800,938.9888,39,197,157,1,20251021_121107
1761041436.2824466,3667964,938998784,938.998784,42,198,155,1,20251021_121107
1761041436.2924306,3668003,939008768,939.008768,44,198,153,1,20251021_121107
1761041436.302415,3668042,939018752,939.018752,47,198,150,1,20251021_121107
1761041436.312399,3668081,939028736,939.028736,50,197,146,1,20251021_121107
1761041436.3223825,3668120,939038720,939.03872,53,197,135,1,20251021_121107
1761041436.3323665,3668159,939048704,939.048704,56,197,128,1,20251021_121107
1761041436.3423505,3668198,939058688,939.058688,59,197,124,1,20251021_121107
1761041436.3523345,3668237,939068672,939.068672,63,196,120,1,20251021_121107
1761041436.3623185,3668276,939078656,939.078656,66,197,116,1,20251021_121107
1761041436.3723023,3668315,939088640,939.08864,70,197,111,1,20251021_121107
1761041436.3822863,3668354,939098624,939.098624,73,196,108,1,20251021_121107
1761041436.3922706,3668393,939108608,939.108608,77,196,103,1,20251021_121107
1761041436.4025106,3668433,939118848,939.118848,81,196,101,1,20251021_121107
1761041436.412495,3668472,939128832,939.128832,85,196,98,1,20251021_121107
1761041436.422479,3668511,939138816,939.138816,88,196,99,1,20251021_121107
1761041436.4324625,3668550,939148800,939.1488,92,195,99,1,20251021_121107
1761041436.4424465,3668589,939158784,939.158784,95,195,100,1,20251021_121107
1761041436.4524305,3668628,939168768,939.168768,99,196,101,1,20251021_121107
1761041436.4624145,3668667,939178752,939.178752,102,194,98,1,20251021_121107
1761041436.4723983,3668706,939188736,939.188736,106,194,99,1,20251021_121107
1761041436.4823823,3668745,939198720,939.19872,109,194,100,1,20251021_121107
1761041436.4923666,3668784,939208704,939.208704,112,194,101,1,20251021_121107
1761041436.5023506,3668823,939218688,939.218688,116,193,100,1,20251021_121107
1761041436.5123346,3668862,939228672,939.228672,119,193,102,1,20251021_121107
1761041436.5223186,3668901,939238656,939.238656,122,193,102,1,20251021_121107
1761041436.5323026,3668940,939248640,939.24864,125,193,102,1,20251021_121107
1761041436.5425425,3668980,939258880,939.25888,128,193,104,1,20251021_121107
1761041436.5525265,3669019,939268864,939.268864,131,193,104,1,20251021_121107
1761041436.5625105,3669058,939278848,939.278848,134,193,106,1,20251021_121107
1761041436.5724945,3669097,939288832,939.288832,136,194,107,1,20251021_121107
1761041436.5824783,3669136,939298816,939.298816,139,194,109,1,20251021_121107
1761041436.5924623,3669175,939308800,939.3088,142,194,110,1,20251021_121107
1761041436.6024466,3669214,939318784,939.318784,145,194,113,1,20251021_121107
1761041436.6124306,3669253,939328768,939.328768,148,195,116,1,20251021_121107
1761041436.6224146,3669292,939338752,939.338752,151,195,123,1,20251021_121107
1761041436.6323986,3669331,939348736,939.348736,154,196,127,1,20251021_121107
1761041436.6423826,3669370,939358720,939.35872,157,196,132,1,20251021_121107
1761041436.6523666,3669409,939368704,939.368704,160,196,136,1,20251021_121107
1761041436.662351,3669448,939378688,939.378688,164,196,141,1,20251021_121107
1761041436.672335,3669487,939388672,939.388672,167,196,146,1,20251021_121107
1761041436.6823184,3669526,939398656,939.398656,171,196,150,1,20251021_121107
1761041436.6925583,3669566,939408896,939.408896,175,196,154,1,20251021_121107
1761041436.7025423,3669605,939418880,939.41888,178,196,157,1,20251021_121107
1761041436.7125266,3669644,939428864,939.428864,182,196,159,1,20251021_121107
1761041436.7225106,3669683,939438848,939.438848,186,195,159,1,20251021_121107
1761041436.7324946,3669722,939448832,939.448832,190,196,160,1,20251021_121107
1761041436.7424786,3669761,939458816,939.458816,194,196,161,1,20251021_121107
1761041436.7524626,3669800,939468800,939.4688,198,195,161,1,20251021_121107
1761041436.7624466,3669839,939478784,939.478784,202,195,162,1,20251021_121107
1761041436.772431,3669878,939488768,939.488768,205,196,162,1,20251021_121107
1761041436.782415,3669917,939498752,939.498752,209,196,163,1,20251021_121107
1761041436.7923985,3669956,939508736,939.508736,213,196,162,1,20251021_121107
1761041436.8023825,3669995,939518720,939.51872,217,196,163,1,20251021_121107
1761041436.8123665,3670034,939528704,939.528704,220,196,163,1,20251021_121107
1761041436.8223505,3670073,939538688,939.538688,224,196,164,1,20251021_121107
1761041436.8325906,3670113,939548928,939.548928,227,196,164,1,20251021_121107
1761041436.8425746,3670152,939558912,939.558912,231,197,164,1,20251021_121107
1761041436.8525586,3670191,939568896,939.568896,234,197,165,1,20251021_121107
1761041436.8625426,3670230,939578880,939.57888,237,197,165,1,20251021_121107
1761041436.8725266,3670269,939588864,939.588864,241,197,164,1,20251021_121107
1761041436.882511,3670308,939598848,939.598848,244,197,165,1,20251021_121107
1761041436.8924944,3670347,939608832,939.608832,247,197,165,1,20251021_121107
1761041436.9024785,3670386,939618816,939.618816,250,198,165,1,20251021_121107
1761041436.9124625,3670425,939628800,939.6288,253,197,163,1,20251021_121107
1761041436.9224465,3670464,939638784,939.638784,1,198,164,1,20251021_121107
1761041436.9324305,3670503,939648768,939.648768,4,197,163,1,20251021_121107
1761041436.9424143,3670542,939658752,939.658752,7,198,162,1,20251021_121107
1761041436.9523983,3670581,939668736,939.668736,9,197,162,1,20251021_121107
1761041436.9623826,3670620,939678720,939.67872,12,198,161,1,20251021_121107
1761041436.9726226,3670660,939688960,939.68896,15,198,161,1,20251021_121107
1761041436.9826066,3670699,939698944,939.698944,18,198,160,1,20251021_121107
1761041436.992591,3670738,939708928,939.708928,20,198,158,1,20251021_121107
1761041437.0025744,3670777,939718912,939.718912,23,198,157,1,20251021_121107
1761041437.0125585,3670816,939728896,939.728896,26,197,156,1,20251021_121107
1761041437.0225425,3670855,939738880,939.73888,28,198,156,1,20251021_121107
1761041437.0325265,3670894,939748864,939.748864,31,198,155,1,20251021_121107
1761041437.0425105,3670933,939758848,939.758848,34,198,153,1,20251021_121107
1761041437.0524943,3670972,939768832,939.768832,36,197,150,1,20251021_121107
1761041437.0624783,3671011,939778816,939.778816,39,198,144,1,20251021_121107
1761041437.0724626,3671050,939788800,939.7888,42,198,137,1,20251021_121107
1761041437.0824466,3671089,939798784,939.798784,45,198,131,1,20251021_121107
1761041437.0924306,3671128,939808768,939.808768,49,198,127,1,20251021_121107
1761041437.1024146,3671167,939818752,939.818752,52,197,122,1,20251021_121107
1761041437.1126544,3671207,939828992,939.828992,55,198,118,1,20251021_121107
1761041437.1226385,3671246,939838976,939.838976,59,197,112,1,20251021_121107
1761041437.1326225,3671285,939848960,939.84896,63,197,110,1,20251021_121107
1761041437.1426065,3671324,939858944,939.858944,67,197,106,1,20251021_121107
1761041437.1525905,3671363,939868928,939.868928,70,197,102,1,20251021_121107
1761041437.1625743,3671402,939878912,939.878912,74,196,98,1,20251021_121107
1761041437.1725583,3671441,939888896,939.888896,78,197,97,1,20251021_121107
1761041437.1825426,3671480,939898880,939.89888,82,196,98,1,20251021_121107
1761041437.1925266,3671519,939908864,939.908864,86,196,98,1,20251021_121107
1761041437.2025106,3671558,939918848,939.918848,89,196,99,1,20251021_121107
1761041437.2124946,3671597,939928832,939.928832,93,195,100,1,20251021_121107
1761041437.2224786,3671636,939938816,939.938816,96,195,97,1,20251021_121107
1761041437.2324626,3671675,939948800,939.9488,100,195,98,1,20251021_121107
1761041437.242447,3671714,939958784,939.958784,103,194,98,1,20251021_121107
1761041437.2524304,3671753,939968768,939.968768,107,194,99,1,20251021_121107
1761041437.2626705,3671793,939979008,939.979008,110,193,99,1,20251021_121107
1761041437.2726543,3671832,939988992,939.988992,113,193,101,1,20251021_121107
1761041437.2826383,3671871,939998976,939.998976,116,193,100,1,20251021_121107
1761041437.2926226,3671910,940008960,940.00896,120,192,100,1,20251021_121107
1761041437.3026066,3671949,940018944,940.018944,123,192,101,1,20251021_121107
1761041437.3125906,3671988,940028928,940.028928,126,193,103,1,20251021_121107
1761041437.3225746,3672027,940038912,940.038912,129,193,104,1,20251021_121107
1761041437.3325586,3672066,940048896,940.048896,132,193,104,1,20251021_121107
1761041437.3425426,3672105,940058880,940.05888,134,193,107,1,20251021_121107
1761041437.352527,3672144,940068864,940.068864,137,194,109,1,20251021_121107
1761041437.3625104,3672183,940078848,940.078848,140,194,110,1,20251021_121107
1761041437.3724945,3672222,940088832,940.088832,143,194,114,1,20251021_121107
1761041437.3824785,3672261,940098816,940.098816,146,195,118,1,20251021_121107
1761041437.3924625,3672300,940108800,940.1088,149,195,125,1,20251021_121107
1761041437.4027026,3672340,940119040,940.11904,152,195,129,1,20251021_121107
1761041437.4126866,3672379,940129024,940.129024,155,196,133,1,20251021_121107
1761041437.4226706,3672418,940139008,940.139008,159,196,138,1,20251021_121107
1761041437.4326546,3672457,940148992,940.148992,162,196,143,1,20251021_121107
1761041437.4426386,3672496,940158976,940.158976,166,196,148,1,20251021_121107
1761041437.452623,3672535,940168960,940.16896,169,196,154,1,20251021_121107
1761041437.462607,3672574,940178944,940.178944,173,196,158,1,20251021_121107
1761041437.4725904,3672613,940188928,940.188928,177,196,159,1,20251021_121107
1761041437.4825745,3672652,940198912,940.198912,181,196,161,1,20251021_121107
1761041437.4925585,3672691,940208896,940.208896,185,196,160,1,20251021_121107
1761041437.5025425,3672730,940218880,940.21888,189,196,161,1,20251021_121107
1761041437.5125265,3672769,940228864,940.228864,193,196,162,1,20251021_121107
1761041437.5225103,3672808,940238848,940.238848,196,196,161,1,20251021_121107
1761041437.5324943,3672847,940248832,940.248832,200,196,162,1,20251021_121107
1761041437.5424786,3672886,940258816,940.258816,204,195,162,1,20251021_121107
1761041437.5527186,3672926,940269056,940.269056,208,196,162,1,20251021_121107
1761041437.562703,3672965,940279040,940.27904,212,196,163,1,20251021_121107
1761041437.572687,3673004,940289024,940.289024,215,196,164,1,20251021_121107
1761041437.5826705,3673043,940299008,940.299008,219,195,162,1,20251021_121107
1761041437.5926545,3673082,940308992,940.308992,223,196,163,1,20251021_121107
1761041437.6026385,3673121,940318976,940.318976,226,196,164,1,20251021_121107
1761041437.6126225,3673160,940328960,940.32896,230,196,163,1,20251021_121107
1761041437.6226065,3673199,940338944,940.338944,233,197,164,1,20251021_121107
1761041437.6325903,3673238,940348928,940.348928,236,197,164,1,20251021_121107
1761041437.6425743,3673277,940358912,940.358912,240,198,165,1,20251021_121107
1761041437.6525586,3673316,940368896,940.368896,243,197,164,1,20251021_121107
1761041437.6625426,3673355,940378880,940.37888,246,197,164,1,20251021_121107
1761041437.6725266,3673394,940388864,940.388864,249,197,164,1,20251021_121107
1761041437.6825106,3673433,940398848,940.398848,252,197,162,1,20251021_121107
1761041437.6924946,3673472,940408832,940.408832,0,198,164,1,20251021_121107
1761041437.7027345,3673512,940419072,940.419072,3,198,163,1,20251021_121107
1761041437.7127185,3673551,940429056,940.429056,6,198,163,1,20251021_121107
1761041437.7227025,3673590,940439040,940.43904,9,198,163,1,20251021_121107
1761041437.7326863,3673629,940449024,940.449024,11,198,162,1,20251021_121107
1761041437.7426703,3673668,940459008,940.459008,14,198,160,1,20251021_121107
1761041437.7526546,3673707,940468992,940.468992,17,198,159,1,20251021_121107
1761041437.7626386,3673746,940478976,940.478976,19,198,158,1,20251021_121107
1761041437.7726226,3673785,940488960,940.48896,22,197,154,1,20251021_121107
1761041437.7826066,3673824,940498944,940.498944,25,198,152,1,20251021_121107
1761041437.7925906,3673863,940508928,940.508928,28,197,149,1,20251021_121107
1761041437.8025746,3673902,940518912,940.518912,31,198,145,1,20251021_121107
1761041437.812559,3673941,940528896,940.528896,34,198,138,1,20251021_121107
1761041437.822543,3673980,940538880,940.53888,37,197,130,1,20251021_121107
1761041437.8325264,3674019,940548864,940.548864,40,198,127,1,20251021_121107
1761041437.8427663,3674059,940559104,940.559104,44,198,118,1,20251021_121107
1761041437.8527503,3674098,940569088,940.569088,47,198,113,1,20251021_121107
1761041437.8627346,3674137,940579072,940.579072,51,198,108,1,20251021_121107
1761041437.8727186,3674176,940589056,940.589056,55,197,105,1,20251021_121107
1761041437.8827026,3674215,940599040,940.59904,59,198,102,1,20251021_121107
1761041437.8926866,3674254,940609024,940.609024,63,197,98,1,20251021_121107
1761041437.9026706,3674293,940619008,940.619008,67,197,99,1,20251021_121107
1761041437.9126546,3674332,940628992,940.628992,71,196,98,1,20251021_121107
1761041437.922639,3674371,940638976,940.638976,74,197,98,1,20251021_121107
1761041437.932623,3674410,940648960,940.64896,78,197,97,1,20251021_121107
1761041437.9426064,3674449,940658944,940.658944,82,196,97,1,20251021_121107
1761041437.9525905,3674488,940668928,940.668928,86,196,99,1,20251021_121107
1761041437.9625745,3674527,940678912,940.678912,89,195,98,1,20251021_121107
1761041437.9725585,3674566,940688896,940.688896,93,194,99,1,20251021_121107
1761041437.9827986,3674606,940699136,940.699136,97,194,98,1,20251021_121107
1761041437.9927826,3674645,940709120,940.70912,100,193,98,1,20251021_121107
1761041438.0027666,3674684,940719104,940.719104,104,192,98,1,20251021_121107
1761041438.0127506,3674723,940729088,940.729088,107,191,98,1,20251021_121107
1761041438.0227346,3674762,940739072,940.739072,110,191,98,1,20251021_121107
1761041438.032719,3674801,940749056,940.749056,113,189,98,1,20251021_121107
1761041438.042703,3674840,940759040,940.75904,117,189,99,1,20251021_121107
1761041438.0526865,3674879,940769024,940.769024,120,188,98,1,20251021_121107
1761041438.0626705,3674918,940779008,940.779008,123,188,98,1,20251021_121107
1761041438.0726545,3674957,940788992,940.788992,126,187,99,1,20251021_121107
1761041438.0826385,3674996,940798976,940.798976,129,187,99,1,20251021_121107
1761041438.0926225,3675035,940808960,940.80896,132,187,99,1,20251021_121107
1761041438.1026063,3675074,940818944,940.818944,134,188,101,1,20251021_121107
1761041438.1125906,3675113,940828928,940.828928,137,188,102,1,20251021_121107
1761041438.1228306,3675153,940839168,940.839168,140,188,103,1,20251021_121107
1761041438.1328146,3675192,940849152,940.849152,143,189,105,1,20251021_121107
1761041438.142799,3675231,940859136,940.859136,146,189,107,1,20251021_121107
1761041438.1527824,3675270,940869120,940.86912,148,190,108,1,20251021_121107
1761041438.1627665,3675309,940879104,940.879104,151,191,112,1,20251021_121107
1761041438.1727505,3675348,940889088,940.889088,154,191,115,1,20251021_121107
1761041438.1827345,3675387,940899072,940.899072,157,192,120,1,20251021_121107
1761041438.1927185,3675426,940909056,940.909056,160,192,126,1,20251021_121107
1761041438.2027023,3675465,940919040,940.91904,163,192,129,1,20251021_121107
1761041438.2126863,3675504,940929024,940.929024,166,193,135,1,20251021_121107
1761041438.2226706,3675543,940939008,940.939008,170,194,140,1,20251021_121107
1761041438.2326546,3675582,940948992,940.948992,173,193,145,1,20251021_121107
1761041438.2426386,3675621,940958976,940.958976,177,193,151,1,20251021_121107
1761041438.2526226,3675660,940968960,940.96896,180,194,157,1,20251021_121107
1761041438.2626066,3675699,940978944,940.978944,184,193,158,1,20251021_121107
1761041438.2728465,3675739,940989184,940.989184,188,194,158,1,20251021_121107
1761041438.2828305,3675778,940999168,940.999168,192,194,160,1,20251021_121107
1761041438.2928145,3675817,941009152,941.009152,196,194,161,1,20251021_121107
1761041438.3027985,3675856,941019136,941.019136,200,193,162,1,20251021_121107
1761041438.3127823,3675895,941029120,941.02912,204,194,162,1,20251021_121107
1761041438.3227663,3675934,941039104,941.039104,207,194,162,1,20251021_121107
1761041438.3327506,3675973,941049088,941.049088,211,194,163,1,20251021_121107
1761041438.3427346,3676012,941059072,941.059072,215,195,163,1,20251021_121107
1761041438.3527186,3676051,941069056,941.069056,218,195,163,1,20251021_121107
1761041438.3627026,3676090,941079040,941.07904,222,195,162,1,20251021_121107
1761041438.3726866,3676129,941089024,941.089024,226,196,164,1,20251021_121107
1761041438.3826706,3676168,941099008,941.099008,229,196,164,1,20251021_121107
1761041438.392655,3676207,941108992,941.108992,232,197,164,1,20251021_121107
1761041438.4028945,3676247,941119232,941.119232,236,196,164,1,20251021_121107
1761041438.4128785,3676286,941129216,941.129216,239,197,166,1,20251021_121107
1761041438.4228623,3676325,941139200,941.1392,242,197,164,1,20251021_121107
1761041438.4328463,3676364,941149184,941.149184,245,198,165,1,20251021_121107
1761041438.4428306,3676403,941159168,941.159168,248,197,164,1,20251021_121107
1761041438.4528146,3676442,941169152,941.169152,251,197,164,1,20251021_121107
1761041438.4627986,3676481,941179136,941.179136,254,198,165,1,20251021_121107
1761041438.473039,3676521,941189376,941.189376,2,197,165,1,20251021_121107
1761041438.4830225,3676560,941199360,941.19936,5,198,165,1,20251021_121107
1761041438.4930065,3676599,941209344,941.209344,8,198,164,1,20251021_121107
1761041438.5029905,3676638,941219328,941.219328,11,197,163,1,20251021_121107
1761041438.5129745,3676677,941229312,941.229312,14,198,163,1,20251021_121107
1761041438.5229585,3676716,941239296,941.239296,16,197,161,1,20251021_121107
1761041438.5329423,3676755,941249280,941.24928,19,197,160,1,20251021_121107
1761041438.5429263,3676794,941259264,941.259264,22,197,157,1,20251021_121107
1761041438.5531666,3676834,941269504,941.269504,24,198,156,1,20251021_121107
1761041438.5631506,3676873,941279488,941.279488,27,198,154,1,20251021_121107
1761041438.573135,3676912,941289472,941.289472,30,198,152,1,20251021_121107
1761041438.5831184,3676951,941299456,941.299456,33,198,149,1,20251021_121107
1761041438.5931025,3676990,941309440,941.30944,35,197,143,1,20251021_121107
1761041438.6030865,3677029,941319424,941.319424,38,198,137,1,20251021_121107
1761041438.6133263,3677069,941329664,941.329664,42,198,129,1,20251021_121107
1761041438.6233106,3677108,941339648,941.339648,45,198,123,1,20251021_121107
1761041438.6332946,3677147,941349632,941.349632,48,197,117,1,20251021_121107
1761041438.6432786,3677186,941359616,941.359616,52,197,110,1,20251021_121107
1761041438.6532626,3677225,941369600,941.3696,56,197,107,1,20251021_121107
1761041438.6632466,3677264,941379584,941.379584,60,197,103,1,20251021_121107
1761041438.6732306,3677303,941389568,941.389568,64,197,100,1,20251021_121107
1761041438.683215,3677342,941399552,941.399552,68,197,97,1,20251021_121107
1761041438.6931984,3677381,941409536,941.409536,71,197,98,1,20251021_121107
1761041438.7031825,3677420,941419520,941.41952,75,197,99,1,20251021_121107
1761041438.7131665,3677459,941429504,941.429504,79,196,97,1,20251021_121107
1761041438.7234066,3677499,941439744,941.439744,83,196,96,1,20251021_121107
1761041438.7333906,3677538,941449728,941.449728,87,195,99,1,20251021_121107
1761041438.7433746,3677577,941459712,941.459712,90,195,98,1,20251021_121107
1761041438.7533586,3677616,941469696,941.469696,94,195,99,1,20251021_121107
1761041438.7633426,3677655,941479680,941.47968,97,193,97,1,20251021_121107
1761041438.7733266,3677694,941489664,941.489664,101,193,98,1,20251021_121107
1761041438.783311,3677733,941499648,941.499648,104,192,97,1,20251021_121107
1761041438.793295,3677772,941509632,941.509632,108,191,99,1,20251021_121107
1761041438.8032784,3677811,941519616,941.519616,111,190,98,1,20251021_121107
1761041438.8132625,3677850,941529600,941.5296,114,189,98,1,20251021_121107
1761041438.8232465,3677889,941539584,941.539584,117,189,99,1,20251021_121107
1761041438.8332305,3677928,941549568,941.549568,120,188,99,1,20251021_121107
1761041438.8432145,3677967,941559552,941.559552,123,188,98,1,20251021_121107
1761041438.8531983,3678006,941569536,941.569536,126,188,99,1,20251021_121107
1761041438.8631823,3678045,941579520,941.57952,129,187,99,1,20251021_121107
1761041438.8734226,3678085,941589760,941.58976,132,187,99,1,20251021_121107
1761041438.8834066,3678124,941599744,941.599744,135,187,100,1,20251021_121107
1761041438.893391,3678163,941609728,941.609728,138,187,100,1,20251021_121107
1761041438.903375,3678202,941619712,941.619712,141,187,102,1,20251021_121107
1761041438.9133584,3678241,941629696,941.629696,143,187,101,1,20251021_121107
1761041438.9233425,3678280,941639680,941.63968,146,188,102,1,20251021_121107
1761041438.9333265,3678319,941649664,941.649664,149,187,103,1,20251021_121107
1761041438.9433105,3678358,941659648,941.659648,151,188,103,1,20251021_121107
1761041438.9532945,3678397,941669632,941.669632,154,189,106,1,20251021_121107
1761041438.9632783,3678436,941679616,941.679616,157,189,104,1,20251021_121107
1761041438.9732623,3678475,941689600,941.6896,159,190,106,1,20251021_121107
1761041438.9832466,3678514,941699584,941.699584,162,191,108,1,20251021_121107
1761041438.9932306,3678553,941709568,941.709568,164,192,111,1,20251021_121107
1761041439.0032146,3678592,941719552,941.719552,167,192,113,1,20251021_121107
1761041439.013455,3678632,941729792,941.729792,170,192,118,1,20251021_121107
1761041439.0234385,3678671,941739776,941.739776,173,193,123,1,20251021_121107
1761041439.0334225,3678710,941749760,941.74976,176,193,127,1,20251021_121107
1761041439.0434065,3678749,941759744,941.759744,179,194,130,1,20251021_121107
1761041439.0533905,3678788,941769728,941.769728,182,194,134,1,20251021_121107
1761041439.0633743,3678827,941779712,941.779712,186,194,137,1,20251021_121107
1761041439.0733583,3678866,941789696,941.789696,189,194,140,1,20251021_121107
1761041439.0833426,3678905,941799680,941.79968,193,194,145,1,20251021_121107
1761041439.0933266,3678944,941809664,941.809664,196,195,152,1,20251021_121107
1761041439.1033106,3678983,941819648,941.819648,200,194,157,1,20251021_121107
1761041439.1132946,3679022,941829632,941.829632,204,195,160,1,20251021_121107
1761041439.1232786,3679061,941839616,941.839616,207,195,159,1,20251021_121107
1761041439.1332626,3679100,941849600,941.8496,211,196,160,1,20251021_121107
1761041439.143247,3679139,941859584,941.859584,215,196,160,1,20251021_121107
1761041439.1534865,3679179,941869824,941.869824,218,196,161,1,20251021_121107
1761041439.1634705,3679218,941879808,941.879808,222,196,162,1,20251021_121107
1761041439.1734543,3679257,941889792,941.889792,225,196,162,1,20251021_121107
1761041439.1834383,3679296,941899776,941.899776,229,196,162,1,20251021_121107
1761041439.1934226,3679335,941909760,941.90976,232,197,163,1,20251021_121107
1761041439.2034066,3679374,941919744,941.919744,236,197,163,1,20251021_121107
1761041439.2133906,3679413,941929728,941.929728,239,197,163,1,20251021_121107
1761041439.2233746,3679452,941939712,941.939712,242,198,164,1,20251021_121107
1761041439.2333586,3679491,941949696,941.949696,245,197,163,1,20251021_121107
1761041439.2433426,3679530,941959680,941.95968,248,198,164,1,20251021_121107
1761041439.253327,3679569,941969664,941.969664,251,199,165,1,20251021_121107
1761041439.263311,3679608,941979648,941.979648,254,198,164,1,20251021_121107
1761041439.2735505,3679648,941989888,941.989888,2,198,164,1,20251021_121107
1761041439.2835343,3679687,941999872,941.999872,5,198,164,1,20251021_121107
1761041439.2935183,3679726,942009856,942.009856,8,198,164,1,20251021_121107
1761041439.3035026,3679765,942019840,942.01984,11,198,164,1,20251021_121107
1761041439.3134866,3679804,942029824,942.029824,13,198,163,1,20251021_121107
1761041439.3234706,3679843,942039808,942.039808,16,198,164,1,20251021_121107
1761041439.3334546,3679882,942049792,942.049792,19,198,163,1,20251021_121107
1761041439.3434386,3679921,942059776,942.059776,21,198,163,1,20251021_121107
1761041439.3534226,3679960,942069760,942.06976,24,198,164,1,20251021_121107
1761041439.363407,3679999,942079744,942.079744,26,198,163,1,20251021_121107
1761041439.373391,3680038,942089728,942.089728,29,198,162,1,20251021_121107
1761041439.3836305,3680078,942099968,942.099968,32,198,161,1,20251021_121107
1761041439.3936143,3680117,942109952,942.109952,34,198,160,1,20251021_121107
1761041439.4035983,3680156,942119936,942.119936,37,198,158,1,20251021_121107
1761041439.4135826,3680195,942129920,942.12992,39,197,158,1,20251021_121107
1761041439.4235666,3680234,942139904,942.139904,42,198,154,1,20251021_121107
1761041439.4335506,3680273,942149888,942.149888,44,198,151,1,20251021_121107
1761041439.4435346,3680312,942159872,942.159872,47,198,148,1,20251021_121107
1761041439.4535186,3680351,942169856,942.169856,50,198,141,1,20251021_121107
1761041439.4635026,3680390,942179840,942.17984,53,197,133,1,20251021_121107
1761041439.473487,3680429,942189824,942.189824,56,197,127,1,20251021_121107
1761041439.4834704,3680468,942199808,942.199808,60,197,123,1,20251021_121107
1761041439.4934545,3680507,942209792,942.209792,63,197,118,1,20251021_121107
1761041439.5034385,3680546,942219776,942.219776,67,197,115,1,20251021_121107
1761041439.5134225,3680585,942229760,942.22976,70,196,110,1,20251021_121107
1761041439.5236626,3680625,942240000,942.24,74,196,106,1,20251021_121107
1761041439.5336466,3680664,942249984,942.249984,78,196,104,1,20251021_121107
1761041439.5436306,3680703,942259968,942.259968,81,196,101,1,20251021_121107
1761041439.5536146,3680742,942269952,942.269952,85,196,98,1,20251021_121107
1761041439.5635986,3680781,942279936,942.279936,89,195,96,1,20251021_121107
1761041439.5735826,3680820,942289920,942.28992,92,195,99,1,20251021_121107
1761041439.583567,3680859,942299904,942.299904,96,195,100,1,20251021_121107
1761041439.5935504,3680898,942309888,942.309888,99,194,98,1,20251021_121107
1761041439.6035345,3680937,942319872,942.319872,103,193,98,1,20251021_121107
1761041439.6135185,3680976,942329856,942.329856,106,192,96,1,20251021_121107
1761041439.6235025,3681015,942339840,942.33984,110,191,98,1,20251021_121107
1761041439.6334865,3681054,942349824,942.349824,113,190,99,1,20251021_121107
1761041439.6434703,3681093,942359808,942.359808,116,189,100,1,20251021_121107
1761041439.6534543,3681132,942369792,942.369792,119,189,100,1,20251021_121107
1761041439.6634386,3681171,942379776,942.379776,122,188,100,1,20251021_121107
1761041439.6736786,3681211,942390016,942.390016,125,187,101,1,20251021_121107
1761041439.683663,3681250,942400000,942.4,128,187,101,1,20251021_121107
1761041439.693647,3681289,942409984,942.409984,131,187,102,1,20251021_121107
1761041439.7036304,3681328,942419968,942.419968,134,187,103,1,20251021_121107
1761041439.7136145,3681367,942429952,942.429952,137,188,105,1,20251021_121107
1761041439.7235985,3681406,942439936,942.439936,140,188,107,1,20251021_121107
1761041439.7335825,3681445,942449920,942.44992,142,189,109,1,20251021_121107
1761041439.7435665,3681484,942459904,942.459904,145,190,112,1,20251021_121107
1761041439.7535503,3681523,942469888,942.469888,148,190,116,1,20251021_121107
1761041439.7635343,3681562,942479872,942.479872,151,191,120,1,20251021_121107
1761041439.7735186,3681601,942489856,942.489856,154,191,126,1,20251021_121107
1761041439.7835026,3681640,942499840,942.49984,157,192,130,1,20251021_121107
1761041439.7934866,3681679,942509824,942.509824,161,193,134,1,20251021_121107
1761041439.8034706,3681718,942519808,942.519808,164,193,139,1,20251021_121107
1761041439.8137105,3681758,942530048,942.530048,167,193,143,1,20251021_121107
1761041439.8236945,3681797,942540032,942.540032,171,193,148,1,20251021_121107
1761041439.8336785,3681836,942550016,942.550016,175,193,152,1,20251021_121107
1761041439.8436625,3681875,942560000,942.56,178,193,158,1,20251021_121107
1761041439.8536465,3681914,942569984,942.569984,182,193,158,1,20251021_121107
1761041439.8636303,3681953,942579968,942.579968,186,193,159,1,20251021_121107
1761041439.8736143,3681992,942589952,942.589952,190,193,160,1,20251021_121107
1761041439.8835986,3682031,942599936,942.599936,194,192,160,1,20251021_121107
1761041439.8935826,3682070,942609920,942.60992,198,193,162,1,20251021_121107
1761041439.9035666,3682109,942619904,942.619904,202,193,162,1,20251021_121107
1761041439.9135506,3682148,942629888,942.629888,205,194,161,1,20251021_121107
1761041439.9235346,3682187,942639872,942.639872,209,194,162,1,20251021_121107
1761041439.9335186,3682226,942649856,942.649856,213,194,163,1,20251021_121107
1761041439.943503,3682265,942659840,942.65984,217,194,163,1,20251021_121107
1761041439.9537425,3682305,942670080,942.67008,220,195,163,1,20251021_121107
1761041439.9637263,3682344,942680064,942.680064,224,195,163,1,20251021_121107
1761041439.9737103,3682383,942690048,942.690048,227,196,164,1,20251021_121107
1761041439.9836946,3682422,942700032,942.700032,231,196,163,1,20251021_121107
1761041439.9936786,3682461,942710016,942.710016,234,197,164,1,20251021_121107
1761041440.0036626,3682500,942720000,942.72,237,197,165,1,20251021_121107
1761041440.0136466,3682539,942729984,942.729984,241,197,164,1,20251021_121107
1761041440.0236306,3682578,942739968,942.739968,244,197,165,1,20251021_121107
1761041440.0336146,3682617,942749952,942.749952,247,197,163,1,20251021_121107
1761041440.043599,3682656,942759936,942.759936,250,197,164,1,20251021_121107
1761041440.053583,3682695,942769920,942.76992,253,197,164,1,20251021_121107
1761041440.0635664,3682734,942779904,942.779904,1,197,163,1,20251021_121107
1761041440.0735505,3682773,942789888,942.789888,4,198,164,1,20251021_121107
1761041440.0835345,3682812,942799872,942.799872,7,198,163,1,20251021_121107
1761041440.0937746,3682852,942810112,942.810112,9,198,163,1,20251021_121107
1761041440.1037586,3682891,942820096,942.820096,12,197,160,1,20251021_121107
1761041440.1137426,3682930,942830080,942.83008,15,198,158,1,20251021_121107
1761041440.1237266,3682969,942840064,942.840064,18,198,159,1,20251021_121107
1761041440.1337106,3683008,942850048,942.850048,20,198,156,1,20251021_121107
1761041440.1436946,3683047,942860032,942.860032,23,198,153,1,20251021_121107
1761041440.153679,3683086,942870016,942.870016,26,198,152,1,20251021_121107
1761041440.163663,3683125,942880000,942.88,29,200,151,1,20251021_121107
1761041440.1736465,3683164,942889984,942.889984,31,198,149,1,20251021_121107
1761041440.1836305,3683203,942899968,942.899968,34,198,146,1,20251021_121107
1761041440.1936145,3683242,942909952,942.909952,37,198,139,1,20251021_121107
1761041440.2035985,3683281,942919936,942.919936,40,198,130,1,20251021_121107
1761041440.2135825,3683320,942929920,942.92992,43,198,127,1,20251021_121107
1761041440.2235663,3683359,942939904,942.939904,47,198,122,1,20251021_121107
1761041440.2335503,3683398,942949888,942.949888,50,197,117,1,20251021_121107
1761041440.2437906,3683438,942960128,942.960128,54,198,114,1,20251021_121107
1761041440.2537746,3683477,942970112,942.970112,58,198,110,1,20251021_121107
1761041440.263759,3683516,942980096,942.980096,61,197,105,1,20251021_121107
1761041440.273743,3683555,942990080,942.99008,65,197,103,1,20251021_121107
1761041440.2837265,3683594,943000064,943.000064,69,197,100,1,20251021_121107
1761041440.2937105,3683633,943010048,943.010048,73,197,98,1,20251021_121107
1761041440.3036945,3683672,943020032,943.020032,77,197,99,1,20251021_121107
1761041440.3136785,3683711,943030016,943.030016,81,197,100,1,20251021_121107
1761041440.3236623,3683750,943040000,943.04,84,196,100,1,20251021_121107
1761041440.3336463,3683789,943049984,943.049984,88,196,99,1,20251021_121107
1761041440.3436306,3683828,943059968,943.059968,92,196,98,1,20251021_121107
1761041440.3536146,3683867,943069952,943.069952,95,196,99,1,20251021_121107
1761041440.3635986,3683906,943079936,943.079936,99,195,100,1,20251021_121107
1761041440.3735826,3683945,943089920,943.08992,102,194,98,1,20251021_121107
1761041440.3835666,3683984,943099904,943.099904,106,193,97,1,20251021_121107
1761041440.3938065,3684024,943110144,943.110144,109,193,98,1,20251021_121107
1761041440.4037905,3684063,943120128,943.120128,112,192,99,1,20251021_121107
1761041440.4137745,3684102,943130112,943.130112,115,191,100,1,20251021_121107
1761041440.4237585,3684141,943140096,943.140096,119,190,100,1,20251021_121107
1761041440.4337423,3684180,943150080,943.15008,122,190,101,1,20251021_121107
1761041440.4437263,3684219,943160064,943.160064,125,190,102,1,20251021_121107
1761041440.4537106,3684258,943170048,943.170048,128,189,102,1,20251021_121107
1761041440.4636946,3684297,943180032,943.180032,131,189,103,1,20251021_121107
1761041440.4736786,3684336,943190016,943.190016,133,189,104,1,20251021_121107
1761041440.4836626,3684375,943200000,943.2,136,189,106,1,20251021_121107
1761041440.4936466,3684414,943209984,943.209984,139,189,108,1,20251021_121107
1761041440.5036306,3684453,943219968,943.219968,142,190,112,1,20251021_121107
1761041440.5138705,3684493,943230208,943.230208,145,190,115,1,20251021_121107
1761041440.5238545,3684532,943240192,943.240192,148,191,121,1,20251021_121107
1761041440.5338385,3684571,943250176,943.250176,151,191,127,1,20251021_121107
1761041440.5438223,3684610,943260160,943.26016,154,192,131,1,20251021_121107
1761041440.5538063,3684649,943270144,943.270144,157,192,135,1,20251021_121107
1761041440.5637906,3684688,943280128,943.280128,161,193,140,1,20251021_121107
1761041440.5737746,3684727,943290112,943.290112,164,196,147,1,20251021_121107
1761041440.5837586,3684766,943300096,943.300096,168,193,150,1,20251021_121107
1761041440.5937426,3684805,943310080,943.31008,172,193,157,1,20251021_121107
1761041440.6037266,3684844,943320064,943.320064,175,193,158,1,20251021_121107
1761041440.6137106,3684883,943330048,943.330048,179,193,158,1,20251021_121107
1761041440.623695,3684922,943340032,943.340032,183,192,159,1,20251021_121107
1761041440.633679,3684961,943350016,943.350016,187,192,159,1,20251021_121107
1761041440.6436625,3685000,943360000,943.36,191,192,160,1,20251021_121107
1761041440.6539023,3685040,943370240,943.37024,195,193,162,1,20251021_121107
1761041440.6638863,3685079,943380224,943.380224,199,192,161,1,20251021_121107
1761041440.6738706,3685118,943390208,943.390208,203,192,162,1,20251021_121107
1761041440.6838546,3685157,943400192,943.400192,206,194,164,1,20251021_121107
1761041440.6938386,3685196,943410176,943.410176,210,193,162,1,20251021_121107
1761041440.7038226,3685235,943420160,943.42016,214,194,164,1,20251021_121107
1761041440.7138066,3685274,943430144,943.430144,218,194,162,1,20251021_121107
1761041440.7237906,3685313,943440128,943.440128,221,195,162,1,20251021_121107
1761041440.733775,3685352,943450112,943.450112,225,196,164,1,20251021_121107
1761041440.7437584,3685391,943460096,943.460096,228,196,164,1,20251021_121107
1761041440.7537425,3685430,943470080,943.47008,232,196,163,1,20251021_121107
1761041440.7637265,3685469,943480064,943.480064,235,197,164,1,20251021_121107
1761041440.7737105,3685508,943490048,943.490048,238,197,165,1,20251021_121107
1761041440.7836945,3685547,943500032,943.500032,241,196,163,1,20251021_121107
1761041440.7936783,3685586,943510016,943.510016,245,197,165,1,20251021_121107
1761041440.8039186,3685626,943520256,943.520256,248,197,165,1,20251021_121107
1761041440.8139026,3685665,943530240,943.53024,251,198,165,1,20251021_121107
1761041440.8238866,3685704,943540224,943.540224,254,197,164,1,20251021_121107
1761041440.8338706,3685743,943550208,943.550208,2,198,164,1,20251021_121107
1761041440.843855,3685782,943560192,943.560192,4,198,164,1,20251021_121107
1761041440.8538384,3685821,943570176,943.570176,7,198,163,1,20251021_121107
1761041440.8638225,3685860,943580160,943.58016,10,198,163,1,20251021_121107
1761041440.8738065,3685899,943590144,943.590144,13,198,162,1,20251021_121107
1761041440.8837905,3685938,943600128,943.600128,16,198,160,1,20251021_121107
1761041440.8937745,3685977,943610112,943.610112,18,197,158,1,20251021_121107
1761041440.9037583,3686016,943620096,943.620096,21,198,158,1,20251021_121107
1761041440.9137423,3686055,943630080,943.63008,24,198,154,1,20251021_121107
1761041440.9237266,3686094,943640064,943.640064,26,198,152,1,20251021_121107
1761041440.9337106,3686133,943650048,943.650048,29,198,150,1,20251021_121107
1761041440.943951,3686173,943660288,943.660288,32,198,143,1,20251021_121107
1761041440.953935,3686212,943670272,943.670272,35,198,136,1,20251021_121107
1761041440.9639184,3686251,943680256,943.680256,38,198,130,1,20251021_121107
1761041440.9739025,3686290,943690240,943.69024,42,198,124,1,20251021_121107
1761041440.9838865,3686329,943700224,943.700224,45,198,118,1,20251021_121107
1761041440.9938705,3686368,943710208,943.710208,49,198,112,1,20251021_121107
1761041441.0038545,3686407,943720192,943.720192,53,198,107,1,20251021_121107
1761041441.0138383,3686446,943730176,943.730176,56,198,105,1,20251021_121107
1761041441.0238223,3686485,943740160,943.74016,60,198,101,1,20251021_121107
1761041441.0338066,3686524,943750144,943.750144,64,198,98,1,20251021_121107
1761041441.0437906,3686563,943760128,943.760128,68,197,97,1,20251021_121107
1761041441.0537746,3686602,943770112,943.770112,72,197,99,1,20251021_121107
1761041441.0637586,3686641,943780096,943.780096,76,197,98,1,20251021_121107
1761041441.0737426,3686680,943790080,943.79008,80,197,96,1,20251021_121107
1761041441.0837266,3686719,943800064,943.800064,84,197,97,1,20251021_121107
1761041441.0939665,3686759,943810304,943.810304,87,197,99,1,20251021_121107
1761041441.1039505,3686798,943820288,943.820288,91,197,97,1,20251021_121107
1761041441.1139345,3686837,943830272,943.830272,94,197,99,1,20251021_121107
1761041441.1239183,3686876,943840256,943.840256,98,196,98,1,20251021_121107
1761041441.1339023,3686915,943850240,943.85024,101,197,99,1,20251021_121107
1761041441.1438866,3686954,943860224,943.860224,105,196,98,1,20251021_121107
1761041441.1538706,3686993,943870208,943.870208,108,196,98,1,20251021_121107
1761041441.1638546,3687032,943880192,943.880192,111,196,98,1,20251021_121107
1761041441.1738386,3687071,943890176,943.890176,115,195,99,1,20251021_121107
1761041441.1838226,3687110,943900160,943.90016,118,196,99,1,20251021_121107
1761041441.1938066,3687149,943910144,943.910144,121,195,99,1,20251021_121107
1761041441.203791,3687188,943920128,943.920128,124,194,98,1,20251021_121107
1761041441.2137744,3687227,943930112,943.930112,127,195,99,1,20251021_121107
1761041441.2237585,3687266,943940096,943.940096,130,193,100,1,20251021_121107
1761041441.2339983,3687306,943950336,943.950336,133,193,100,1,20251021_121107
1761041441.2439826,3687345,943960320,943.96032,136,191,100,1,20251021_121107
1761041441.2539666,3687384,943970304,943.970304,138,192,100,1,20251021_121107
1761041441.2639506,3687423,943980288,943.980288,141,193,101,1,20251021_121107
1761041441.2739346,3687462,943990272,943.990272,144,192,101,1,20251021_121107
1761041441.2839186,3687501,944000256,944.000256,146,193,103,1,20251021_121107
1761041441.2939026,3687540,944010240,944.01024,149,192,103,1,20251021_121107
1761041441.303887,3687579,944020224,944.020224,152,193,105,1,20251021_121107
1761041441.313871,3687618,944030208,944.030208,154,193,105,1,20251021_121107
1761041441.3238544,3687657,944040192,944.040192,157,194,108,1,20251021_121107
1761041441.3338385,3687696,944050176,944.050176,160,194,110,1,20251021_121107
1761041441.3438225,3687735,944060160,944.06016,163,194,112,1,20251021_121107
1761041441.3538065,3687774,944070144,944.070144,165,194,119,1,20251021_121107
1761041441.3637905,3687813,944080128,944.080128,168,195,127,1,20251021_121107
1761041441.3740306,3687853,944090368,944.090368,172,196,130,1,20251021_121107
1761041441.3840146,3687892,944100352,944.100352,175,197,136,1,20251021_121107
1761041441.3939986,3687931,944110336,944.110336,178,196,140,1,20251021_121107
1761041441.4039826,3687970,944120320,944.12032,182,197,146,1,20251021_121107
1761041441.413967,3688009,944130304,944.130304,185,196,152,1,20251021_121107
1761041441.423951,3688048,944140288,944.140288,189,196,157,1,20251021_121107
1761041441.4339345,3688087,944150272,944.150272,193,196,157,1,20251021_121107
1761041441.4439185,3688126,944160256,944.160256,197,197,160,1,20251021_121107
1761041441.4539025,3688165,944170240,944.17024,201,196,159,1,20251021_121107
1761041441.4638865,3688204,944180224,944.180224,204,196,160,1,20251021_121107
1761041441.4738705,3688243,944190208,944.190208,208,197,161,1,20251021_121107
1761041441.4838543,3688282,944200192,944.200192,212,196,161,1,20251021_121107
1761041441.4938383,3688321,944210176,944.210176,215,198,163,1,20251021_121107
1761041441.5038226,3688360,944220160,944.22016,219,197,162,1,20251021_121107
1761041441.5138066,3688399,944230144,944.230144,223,197,162,1,20251021_121107
1761041441.524047,3688439,944240384,944.240384,226,198,163,1,20251021_121107
1761041441.534031,3688478,944250368,944.250368,230,198,162,1,20251021_121107
1761041441.5440145,3688517,944260352,944.260352,233,198,164,1,20251021_121107
1761041441.5539985,3688556,944270336,944.270336,236,197,163,1,20251021_121107
1761041441.5639825,3688595,944280320,944.28032,240,198,163,1,20251021_121107
1761041441.5739665,3688634,944290304,944.290304,243,199,165,1,20251021_121107
1761041441.5839503,3688673,944300288,944.300288,246,198,164,1,20251021_121107
1761041441.5939343,3688712,944310272,944.310272,249,198,163,1,20251021_121107
1761041441.6039186,3688751,944320256,944.320256,252,198,164,1,20251021_121107
1761041441.6139026,3688790,944330240,944.33024,0,199,164,1,20251021_121107
1761041441.6238866,3688829,944340224,944.340224,3,199,164,1,20251021_121107
1761041441.6338706,3688868,944350208,944.350208,6,198,163,1,20251021_121107
1761041441.6438546,3688907,944360192,944.360192,8,199,164,1,20251021_121107
1761041441.6538386,3688946,944370176,944.370176,11,199,163,1,20251021_121107
1761041441.6640785,3688986,944380416,944.380416,14,199,162,1,20251021_121107
1761041441.6740625,3689025,944390400,944.3904,17,199,161,1,20251021_121107
1761041441.6840465,3689064,944400384,944.400384,19,198,160,1,20251021_121107
1761041441.6940303,3689103,944410368,944.410368,22,198,160,1,20251021_121107
1761041441.7040143,3689142,944420352,944.420352,25,199,159,1,20251021_121107
1761041441.7139986,3689181,944430336,944.430336,27,199,157,1,20251021_121107
1761041441.7239826,3689220,944440320,944.44032,30,199,155,1,20251021_121107
1761041441.7339666,3689259,944450304,944.450304,33,198,151,1,20251021_121107
1761041441.7439506,3689298,944460288,944.460288,35,199,150,1,20251021_121107
1761041441.7539346,3689337,944470272,944.470272,38,198,146,1,20251021_121107
1761041441.7639186,3689376,944480256,944.480256,41,199,135,1,20251021_121107
1761041441.7741585,3689416,944490496,944.490496,44,199,127,1,20251021_121107
1761041441.7841425,3689455,944500480,944.50048,48,198,121,1,20251021_121107
1761041441.7941265,3689494,944510464,944.510464,51,198,117,1,20251021_121107
1761041441.8041103,3689533,944520448,944.520448,55,198,112,1,20251021_121107
1761041441.8140943,3689572,944530432,944.530432,59,198,108,1,20251021_121107
1761041441.8240786,3689611,944540416,944.540416,62,199,104,1,20251021_121107
1761041441.8340626,3689650,944550400,944.5504,66,198,100,1,20251021_121107
1761041441.8440466,3689689,944560384,944.560384,70,198,98,1,20251021_121107
1761041441.8540306,3689728,944570368,944.570368,74,198,98,1,20251021_121107
1761041441.8640146,3689767,944580352,944.580352,78,198,99,1,20251021_121107
1761041441.8739986,3689806,944590336,944.590336,82,198,98,1,20251021_121107
1761041441.883983,3689845,944600320,944.60032,85,197,96,1,20251021_121107
1761041441.893967,3689884,944610304,944.610304,89,198,99,1,20251021_121107
1761041441.9039505,3689923,944620288,944.620288,93,197,99,1,20251021_121107
1761041441.9141903,3689963,944630528,944.630528,96,198,99,1,20251021_121107
1761041441.9241743,3690002,944640512,944.640512,100,198,100,1,20251021_121107
1761041441.9341586,3690041,944650496,944.650496,103,198,100,1,20251021_121107
1761041441.9441426,3690080,944660480,944.66048,107,197,99,1,20251021_121107
1761041441.9541266,3690119,944670464,944.670464,110,197,100,1,20251021_121107
1761041441.9641106,3690158,944680448,944.680448,113,197,97,1,20251021_121107
1761041441.9740946,3690197,944690432,944.690432,116,196,98,1,20251021_121107
1761041441.9840786,3690236,944700416,944.700416,119,196,98,1,20251021_121107
1761041441.994063,3690275,944710400,944.7104,122,196,99,1,20251021_121107
1761041442.0040464,3690314,944720384,944.720384,125,195,98,1,20251021_121107
1761041442.0140305,3690353,944730368,944.730368,128,194,99,1,20251021_121107
1761041442.0240145,3690392,944740352,944.740352,131,194,100,1,20251021_121107
1761041442.0339985,3690431,944750336,944.750336,134,194,100,1,20251021_121107
1761041442.0439825,3690470,944760320,944.76032,137,193,99,1,20251021_121107
1761041442.0542226,3690510,944770560,944.77056,140,193,101,1,20251021_121107
1761041442.0642066,3690549,944780544,944.780544,142,193,99,1,20251021_121107
1761041442.0741906,3690588,944790528,944.790528,145,193,102,1,20251021_121107
1761041442.0841746,3690627,944800512,944.800512,148,194,102,1,20251021_121107
1761041442.0941586,3690666,944810496,944.810496,150,193,102,1,20251021_121107
1761041442.104143,3690705,944820480,944.82048,153,193,104,1,20251021_121107
1761041442.1141264,3690744,944830464,944.830464,156,194,105,1,20251021_121107
1761041442.1241105,3690783,944840448,944.840448,158,195,107,1,20251021_121107
1761041442.1340945,3690822,944850432,944.850432,161,195,108,1,20251021_121107
1761041442.1440785,3690861,944860416,944.860416,164,195,110,1,20251021_121107
1761041442.1540625,3690900,944870400,944.8704,166,195,113,1,20251021_121107
1761041442.1640463,3690939,944880384,944.880384,169,196,117,1,20251021_121107
1761041442.1740303,3690978,944890368,944.890368,172,196,120,1,20251021_121107
1761041442.1840146,3691017,944900352,944.900352,175,196,126,1,20251021_121107
1761041442.1939986,3691056,944910336,944.910336,178,197,128,1,20251021_121107
1761041442.204239,3691096,944920576,944.920576,181,197,134,1,20251021_121107
1761041442.214223,3691135,944930560,944.93056,185,197,137,1,20251021_121107
1761041442.2242064,3691174,944940544,944.940544,188,197,141,1,20251021_121107
1761041442.2341905,3691213,944950528,944.950528,192,198,146,1,20251021_121107
1761041442.2441745,3691252,944960512,944.960512,195,198,150,1,20251021_121107
1761041442.2541585,3691291,944970496,944.970496,199,197,153,1,20251021_121107
1761041442.2641425,3691330,944980480,944.98048,203,197,156,1,20251021_121107
1761041442.2741263,3691369,944990464,944.990464,206,197,159,1,20251021_121107
1761041442.2841103,3691408,945000448,945.000448,210,198,159,1,20251021_121107
1761041442.2940946,3691447,945010432,945.010432,214,197,159,1,20251021_121107
1761041442.3040786,3691486,945020416,945.020416,217,198,160,1,20251021_121107
1761041442.3140626,3691525,945030400,945.0304,221,198,162,1,20251021_121107
1761041442.3240466,3691564,945040384,945.040384,224,198,162,1,20251021_121107
1761041442.3340306,3691603,945050368,945.050368,228,199,161,1,20251021_121107
1761041442.3442705,3691643,945060608,945.060608,231,198,162,1,20251021_121107
1761041442.3542545,3691682,945070592,945.070592,235,199,163,1,20251021_121107
1761041442.3642385,3691721,945080576,945.080576,238,199,162,1,20251021_121107
1761041442.3742225,3691760,945090560,945.09056,241,199,163,1,20251021_121107
1761041442.3842063,3691799,945100544,945.100544,244,199,163,1,20251021_121107
1761041442.3941903,3691838,945110528,945.110528,247,199,163,1,20251021_121107
1761041442.4041746,3691877,945120512,945.120512,250,199,163,1,20251021_121107
1761041442.4141586,3691916,945130496,945.130496,253,199,162,1,20251021_121107
1761041442.4241426,3691955,945140480,945.14048,1,199,163,1,20251021_121107
1761041442.4341266,3691994,945150464,945.150464,4,199,163,1,20251021_121107
1761041442.4441106,3692033,945160448,945.160448,7,199,162,1,20251021_121107
1761041442.4540946,3692072,945170432,945.170432,10,199,163,1,20251021_121107
1761041442.464079,3692111,945180416,945.180416,13,199,163,1,20251021_121107
1761041442.4740624,3692150,945190400,945.1904,15,199,162,1,20251021_121107
1761041442.4843023,3692190,945200640,945.20064,18,199,161,1,20251021_121107
1761041442.4942863,3692229,945210624,945.210624,21,200,163,1,20251021_121107
1761041442.5042706,3692268,945220608,945.220608,23,199,161,1,20251021_121107
1761041442.5142546,3692307,945230592,945.230592,26,199,161,1,20251021_121107
1761041442.5242386,3692346,945240576,945.240576,28,199,161,1,20251021_121107
1761041442.5342226,3692385,945250560,945.25056,31,199,159,1,20251021_121107
1761041442.5442066,3692424,945260544,945.260544,33,200,161,1,20251021_121107
1761041442.5541906,3692463,945270528,945.270528,36,199,158,1,20251021_121107
1761041442.564175,3692502,945280512,945.280512,39,200,158,1,20251021_121107
1761041442.574159,3692541,945290496,945.290496,41,198,153,1,20251021_121107
1761041442.5841424,3692580,945300480,945.30048,44,199,151,1,20251021_121107
1761041442.5941265,3692619,945310464,945.310464,47,198,148,1,20251021_121107
1761041442.6041105,3692658,945320448,945.320448,49,199,140,1,20251021_121107
1761041442.6140945,3692697,945330432,945.330432,52,198,136,1,20251021_121107
1761041442.6240785,3692736,945340416,945.340416,56,199,130,1,20251021_121107
1761041442.6343186,3692776,945350656,945.350656,59,198,125,1,20251021_121107
1761041442.6443026,3692815,945360640,945.36064,62,200,121,1,20251021_121107
1761041442.6542866,3692854,945370624,945.370624,66,199,117,1,20251021_121107
1761041442.6642706,3692893,945380608,945.380608,69,198,113,1,20251021_121107
1761041442.674255,3692932,945390592,945.390592,73,198,109,1,20251021_121107
1761041442.684239,3692971,945400576,945.400576,77,198,105,1,20251021_121107
1761041442.6942225,3693010,945410560,945.41056,80,198,103,1,20251021_121107
1761041442.7042065,3693049,945420544,945.420544,84,198,100,1,20251021_121107
1761041442.7141905,3693088,945430528,945.430528,88,197,97,1,20251021_121107
1761041442.7241745,3693127,945440512,945.440512,91,197,98,1,20251021_121107
1761041442.7341585,3693166,945450496,945.450496,95,197,99,1,20251021_121107
1761041442.7441423,3693205,945460480,945.46048,99,197,101,1,20251021_121107
1761041442.7541263,3693244,945470464,945.470464,102,197,100,1,20251021_121107
1761041442.7641106,3693283,945480448,945.480448,105,197,100,1,20251021_121107
1761041442.7743506,3693323,945490688,945.490688,109,197,100,1,20251021_121107
1761041442.784335,3693362,945500672,945.500672,112,197,99,1,20251021_121107
1761041442.794319,3693401,945510656,945.510656,115,196,100,1,20251021_121107
1761041442.8043025,3693440,945520640,945.52064,118,196,100,1,20251021_121107
1761041442.8142865,3693479,945530624,945.530624,121,196,102,1,20251021_121107
1761041442.8242705,3693518,945540608,945.540608,124,194,102,1,20251021_121107
1761041442.8342545,3693557,945550592,945.550592,127,194,102,1,20251021_121107
1761041442.8442383,3693596,945560576,945.560576,130,193,103,1,20251021_121107
1761041442.8542223,3693635,945570560,945.57056,133,193,104,1,20251021_121107
1761041442.8642066,3693674,945580544,945.580544,136,192,105,1,20251021_121107
1761041442.8741906,3693713,945590528,945.590528,139,193,108,1,20251021_121107
1761041442.8841746,3693752,945600512,945.600512,142,193,110,1,20251021_121107
1761041442.8941586,3693791,945610496,945.610496,145,194,113,1,20251021_121107
1761041442.9041426,3693830,945620480,945.62048,148,193,115,1,20251021_121107
1761041442.9143825,3693870,945630720,945.63072,151,194,122,1,20251021_121107
1761041442.9243665,3693909,945640704,945.640704,154,194,127,1,20251021_121107
1761041442.9343505,3693948,945650688,945.650688,157,194,131,1,20251021_121107
1761041442.9443345,3693987,945660672,945.660672,160,195,136,1,20251021_121107
1761041442.9543183,3694026,945670656,945.670656,163,195,140,1,20251021_121107
1761041442.9643023,3694065,945680640,945.68064,167,196,144,1,20251021_121107
1761041442.9742866,3694104,945690624,945.690624,171,195,150,1,20251021_121107
1761041442.9842706,3694143,945700608,945.700608,174,195,156,1,20251021_121107
1761041442.9942546,3694182,945710592,945.710592,178,196,159,1,20251021_121107
1761041443.0042386,3694221,945720576,945.720576,182,195,158,1,20251021_121107
1761041443.0142226,3694260,945730560,945.73056,186,196,160,1,20251021_121107
1761041443.0242066,3694299,945740544,945.740544,190,196,158,1,20251021_121107
1761041443.034191,3694338,945750528,945.750528,194,196,162,1,20251021_121107
1761041443.044175,3694377,945760512,945.760512,198,196,162,1,20251021_121107
1761041443.0541584,3694416,945770496,945.770496,202,196,161,1,20251021_121107
1761041443.0643983,3694456,945780736,945.780736,205,196,162,1,20251021_121107
1761041443.0743823,3694495,945790720,945.79072,209,197,161,1,20251021_121107
1761041443.0843666,3694534,945800704,945.800704,213,196,161,1,20251021_121107
1761041443.0943506,3694573,945810688,945.810688,217,197,164,1,20251021_121107
1761041443.1043346,3694612,945820672,945.820672,220,197,164,1,20251021_121107
1761041443.1143186,3694651,945830656,945.830656,224,197,163,1,20251021_121107
1761041443.1243026,3694690,945840640,945.84064,227,197,162,1,20251021_121107
1761041443.1342866,3694729,945850624,945.850624,231,198,162,1,20251021_121107
1761041443.144271,3694768,945860608,945.860608,234,199,164,1,20251021_121107
1761041443.154255,3694807,945870592,945.870592,237,198,164,1,20251021_121107
1761041443.1642385,3694846,945880576,945.880576,241,199,164,1,20251021_121107
1761041443.1742225,3694885,945890560,945.89056,244,198,165,1,20251021_121107
1761041443.1842065,3694924,945900544,945.900544,247,198,165,1,20251021_121107
1761041443.1941905,3694963,945910528,945.910528,250,198,164,1,20251021_121107
1761041443.2044306,3695003,945920768,945.920768,253,199,165,1,20251021_121107
1761041443.2144146,3695042,945930752,945.930752,1,199,164,1,20251021_121107
1761041443.2243986,3695081,945940736,945.940736,4,199,164,1,20251021_121107
1761041443.2343826,3695120,945950720,945.95072,7,199,163,1,20251021_121107
1761041443.2443666,3695159,945960704,945.960704,9,199,162,1,20251021_121107
1761041443.254351,3695198,945970688,945.970688,12,199,161,1,20251021_121107
1761041443.2643344,3695237,945980672,945.980672,15,199,160,1,20251021_121107
1761041443.2743185,3695276,945990656,945.990656,18,199,158,1,20251021_121107
1761041443.2843025,3695315,946000640,946.00064,20,199,157,1,20251021_121107
1761041443.2942865,3695354,946010624,946.010624,23,199,155,1,20251021_121107
1761041443.3042705,3695393,946020608,946.020608,26,199,152,1,20251021_121107
1761041443.3142543,3695432,946030592,946.030592,29,199,151,1,20251021_121107
1761041443.3242383,3695471,946040576,946.040576,31,199,145,1,20251021_121107
1761041443.3342226,3695510,946050560,946.05056,34,199,140,1,20251021_121107
1761041443.3444626,3695550,946060800,946.0608,37,199,131,1,20251021_121107
1761041443.3544466,3695589,946070784,946.070784,41,199,128,1,20251021_121107
1761041443.364431,3695628,946080768,946.080768,44,199,126,1,20251021_121107
1761041443.3744144,3695667,946090752,946.090752,47,199,120,1,20251021_121107
1761041443.3843985,3695706,946100736,946.100736,51,199,114,1,20251021_121107
1761041443.3943825,3695745,946110720,946.11072,55,199,110,1,20251021_121107
1761041443.4043665,3695784,946120704,946.120704,58,199,107,1,20251021_121107
1761041443.4143505,3695823,946130688,946.130688,62,199,103,1,20251021_121107
1761041443.4243343,3695862,946140672,946.140672,66,199,99,1,20251021_121107
1761041443.4343183,3695901,946150656,946.150656,70,198,97,1,20251021_121107
1761041443.4443026,3695940,946160640,946.16064,74,199,98,1,20251021_121107
1761041443.4542866,3695979,946170624,946.170624,78,198,99,1,20251021_121107
1761041443.4642706,3696018,946180608,946.180608,82,199,101,1,20251021_121107
1761041443.4742546,3696057,946190592,946.190592,85,198,98,1,20251021_121107
1761041443.4842386,3696096,946200576,946.200576,89,198,98,1,20251021_121107
1761041443.4944785,3696136,946210816,946.210816,93,198,98,1,20251021_121107
1761041443.5044625,3696175,946220800,946.2208,96,198,99,1,20251021_121107
1761041443.5144465,3696214,946230784,946.230784,100,198,99,1,20251021_121107
1761041443.5244305,3696253,946240768,946.240768,103,198,99,1,20251021_121107
1761041443.5344143,3696292,946250752,946.250752,107,197,99,1,20251021_121107
1761041443.5443983,3696331,946260736,946.260736,110,197,99,1,20251021_121107
1761041443.5543826,3696370,946270720,946.27072,113,197,99,1,20251021_121107
1761041443.5643666,3696409,946280704,946.280704,116,197,100,1,20251021_121107
1761041443.5743506,3696448,946290688,946.290688,119,195,102,1,20251021_121107
1761041443.5843346,3696487,946300672,946.300672,122,195,102,1,20251021_121107
1761041443.5943186,3696526,946310656,946.310656,125,194,102,1,20251021_121107
1761041443.6043026,3696565,946320640,946.32064,128,195,104,1,20251021_121107
1761041443.614287,3696604,946330624,946.330624,131,194,105,1,20251021_121107
1761041443.6242704,3696643,946340608,946.340608,134,194,106,1,20251021_121107
1761041443.6342545,3696682,946350592,946.350592,137,194,109,1,20251021_121107
1761041443.6444943,3696722,946360832,946.360832,140,194,110,1,20251021_121107
1761041443.6544783,3696761,946370816,946.370816,143,195,116,1,20251021_121107
1761041443.6644626,3696800,946380800,946.3808,146,195,120,1,20251021_121107
1761041443.6744466,3696839,946390784,946.390784,149,195,127,1,20251021_121107
1761041443.6844306,3696878,946400768,946.400768,152,195,130,1,20251021_121107
1761041443.6944146,3696917,946410752,946.410752,155,195,135,1,20251021_121107
1761041443.7043986,3696956,946420736,946.420736,159,195,140,1,20251021_121107
1761041443.7143826,3696995,946430720,946.43072,162,195,144,1,20251021_121107
1761041443.724367,3697034,946440704,946.440704,166,195,149,1,20251021_121107
1761041443.7343504,3697073,946450688,946.450688,169,195,153,1,20251021_121107
1761041443.7443345,3697112,946460672,946.460672,173,195,158,1,20251021_121107
1761041443.7543185,3697151,946470656,946.470656,177,196,159,1,20251021_121107
1761041443.7643025,3697190,946480640,946.48064,181,196,160,1,20251021_121107
1761041443.7742865,3697229,946490624,946.490624,185,196,159,1,20251021_121107
1761041443.7845266,3697269,946500864,946.500864,189,197,161,1,20251021_121107
1761041443.7945106,3697308,946510848,946.510848,193,197,162,1,20251021_121107
1761041443.8044946,3697347,946520832,946.520832,197,197,162,1,20251021_121107
1761041443.8144786,3697386,946530816,946.530816,201,196,162,1,20251021_121107
1761041443.824463,3697425,946540800,946.5408,204,197,162,1,20251021_121107
1761041443.834447,3697464,946550784,946.550784,208,197,163,1,20251021_121107
1761041443.8444304,3697503,946560768,946.560768,212,198,164,1,20251021_121107
1761041443.8544145,3697542,946570752,946.570752,216,197,162,1,20251021_121107
1761041443.8643985,3697581,946580736,946.580736,219,197,163,1,20251021_121107
1761041443.8743825,3697620,946590720,946.59072,223,197,162,1,20251021_121107
1761041443.8843665,3697659,946600704,946.600704,226,198,164,1,20251021_121107
1761041443.8943503,3697698,946610688,946.610688,230,198,164,1,20251021_121107
1761041443.9043343,3697737,946620672,946.620672,233,198,165,1,20251021_121107
1761041443.9143186,3697776,946630656,946.630656,237,198,164,1,20251021_121107
1761041443.9245586,3697816,946640896,946.640896,240,198,164,1,20251021_121107
1761041443.934543,3697855,946650880,946.65088,243,199,165,1,20251021_121107
1761041443.944527,3697894,946660864,946.660864,246,199,166,1,20251021_121107
1761041443.9545105,3697933,946670848,946.670848,249,199,164,1,20251021_121107
1761041443.9644945,3697972,946680832,946.680832,252,198,164,1,20251021_121107
1761041443.9744785,3698011,946690816,946.690816,0,199,164,1,20251021_121107
1761041443.9844625,3698050,946700800,946.7008,3,199,164,1,20251021_121107
1761041443.9944465,3698089,946710784,946.710784,6,199,163,1,20251021_121107
1761041444.0044303,3698128,946720768,946.720768,9,199,163,1,20251021_121107
1761041444.0144143,3698167,946730752,946.730752,11,199,162,1,20251021_121107
1761041444.0243986,3698206,946740736,946.740736,14,199,161,1,20251021_121107
1761041444.0343826,3698245,946750720,946.75072,17,199,160,1,20251021_121107
1761041444.0443666,3698284,946760704,946.760704,20,199,158,1,20251021_121107
1761041444.0543506,3698323,946770688,946.770688,22,199,157,1,20251021_121107
1761041444.0643346,3698362,946780672,946.780672,25,198,153,1,20251021_121107
1761041444.0745745,3698402,946790912,946.790912,28,199,154,1,20251021_121107
1761041444.0845585,3698441,946800896,946.800896,30,199,149,1,20251021_121107
1761041444.0945425,3698480,946810880,946.81088,33,200,147,1,20251021_121107
1761041444.1045263,3698519,946820864,946.820864,36,199,139,1,20251021_121107
1761041444.1145103,3698558,946830848,946.830848,39,199,132,1,20251021_121107
1761041444.1244946,3698597,946840832,946.840832,43,199,125,1,20251021_121107
1761041444.1344786,3698636,946850816,946.850816,46,199,119,1,20251021_121107
1761041444.1444626,3698675,946860800,946.8608,50,199,113,1,20251021_121107
1761041444.1544466,3698714,946870784,946.870784,53,199,108,1,20251021_121107
1761041444.1644306,3698753,946880768,946.880768,57,198,104,1,20251021_121107
1761041444.1744146,3698792,946890752,946.890752,61,199,103,1,20251021_121107
1761041444.184399,3698831,946900736,946.900736,65,199,98,1,20251021_121107
1761041444.194383,3698870,946910720,946.91072,69,199,99,1,20251021_121107
1761041444.2043664,3698909,946920704,946.920704,73,199,99,1,20251021_121107
1761041444.2146063,3698949,946930944,946.930944,77,199,98,1,20251021_121107
1761041444.2245903,3698988,946940928,946.940928,81,199,98,1,20251021_121107
1761041444.2345746,3699027,946950912,946.950912,84,199,100,1,20251021_121107
1761041444.2445586,3699066,946960896,946.960896,88,198,99,1,20251021_121107
1761041444.2545426,3699105,946970880,946.97088,92,199,100,1,20251021_121107
1761041444.2645266,3699144,946980864,946.980864,95,198,99,1,20251021_121107
1761041444.2745106,3699183,946990848,946.990848,99,198,100,1,20251021_121107
1761041444.2844946,3699222,947000832,947.000832,102,198,99,1,20251021_121107
1761041444.294479,3699261,947010816,947.010816,106,198,99,1,20251021_121107
1761041444.304463,3699300,947020800,947.0208,109,197,98,1,20251021_121107
1761041444.3144464,3699339,947030784,947.030784,112,197,100,1,20251021_121107
1761041444.3244305,3699378,947040768,947.040768,115,197,100,1,20251021_121107
1761041444.3344145,3699417,947050752,947.050752,119,197,99,1,20251021_121107
1761041444.3443985,3699456,947060736,947.060736,122,197,97,1,20251021_121107
1761041444.3546386,3699496,947070976,947.070976,125,196,98,1,20251021_121107
1761041444.3646226,3699535,947080960,947.08096,128,196,99,1,20251021_121107
1761041444.3746066,3699574,947090944,947.090944,130,196,98,1,20251021_121107
1761041444.3845906,3699613,947100928,947.100928,133,195,99,1,20251021_121107
1761041444.3945746,3699652,947110912,947.110912,136,195,99,1,20251021_121107
1761041444.404559,3699691,947120896,947.120896,139,195,100,1,20251021_121107
1761041444.414543,3699730,947130880,947.13088,142,196,100,1,20251021_121107
1761041444.4245265,3699769,947140864,947.140864,144,195,100,1,20251021_121107
1761041444.4345105,3699808,947150848,947.150848,147,195,100,1,20251021_121107
1761041444.4444945,3699847,947160832,947.160832,150,196,102,1,20251021_121107
1761041444.4544785,3699886,947170816,947.170816,152,195,100,1,20251021_121107
1761041444.4644625,3699925,947180800,947.1808,155,196,103,1,20251021_121107
1761041444.4744463,3699964,947190784,947.190784,157,196,104,1,20251021_121107
1761041444.4844306,3700003,947200768,947.200768,160,196,106,1,20251021_121107
1761041444.4946706,3700043,947211008,947.211008,163,196,107,1,20251021_121107
1761041444.5046546,3700082,947220992,947.220992,165,196,110,1,20251021_121107
1761041444.514639,3700121,947230976,947.230976,168,196,113,1,20251021_121107
1761041444.5246224,3700160,947240960,947.24096,171,196,117,1,20251021_121107
1761041444.5346065,3700199,947250944,947.250944,174,197,121,1,20251021_121107
1761041444.5445905,3700238,947260928,947.260928,177,197,127,1,20251021_121107
1761041444.5545745,3700277,947270912,947.270912,180,198,131,1,20251021_121107
1761041444.5645585,3700316,947280896,947.280896,183,197,136,1,20251021_121107
1761041444.5745423,3700355,947290880,947.29088,186,197,140,1,20251021_121107
1761041444.5845263,3700394,947300864,947.300864,190,198,144,1,20251021_121107
1761041444.5945106,3700433,947310848,947.310848,193,198,150,1,20251021_121107
1761041444.6044946,3700472,947320832,947.320832,197,198,155,1,20251021_121107
1761041444.6144786,3700511,947330816,947.330816,201,198,157,1,20251021_121107
1761041444.6244626,3700550,947340800,947.3408,205,198,159,1,20251021_121107
1761041444.6344466,3700589,947350784,947.350784,208,198,160,1,20251021_121107
1761041444.6446865,3700629,947361024,947.361024,212,198,161,1,20251021_121107
1761041444.6546705,3700668,947371008,947.371008,216,198,161,1,20251021_121107
1761041444.6646545,3700707,947380992,947.380992,219,199,162,1,20251021_121107
1761041444.6746385,3700746,947390976,947.390976,223,198,162,1,20251021_121107
1761041444.6846223,3700785,947400960,947.40096,226,199,162,1,20251021_121107
1761041444.6946063,3700824,947410944,947.410944,230,199,162,1,20251021_121107
1761041444.7045906,3700863,947420928,947.420928,233,199,162,1,20251021_121107
1761041444.7145746,3700902,947430912,947.430912,237,199,164,1,20251021_121107
1761041444.7245586,3700941,947440896,947.440896,240,199,161,1,20251021_121107
1761041444.7345426,3700980,947450880,947.45088,243,199,164,1,20251021_121107
1761041444.7445266,3701019,947460864,947.460864,246,199,163,1,20251021_121107
1761041444.7545106,3701058,947470848,947.470848,249,200,164,1,20251021_121107
1761041444.764495,3701097,947480832,947.480832,252,199,163,1,20251021_121107
1761041444.774479,3701136,947490816,947.490816,0,200,164,1,20251021_121107
1761041444.7847185,3701176,947501056,947.501056,3,199,164,1,20251021_121107
1761041444.7947023,3701215,947511040,947.51104,6,199,161,1,20251021_121107
1761041444.8046863,3701254,947521024,947.521024,9,200,164,1,20251021_121107
1761041444.8146706,3701293,947531008,947.531008,11,200,164,1,20251021_121107
1761041444.8246546,3701332,947540992,947.540992,14,200,163,1,20251021_121107
1761041444.8346386,3701371,947550976,947.550976,17,200,163,1,20251021_121107
1761041444.8446226,3701410,947560960,947.56096,19,199,161,1,20251021_121107
1761041444.8546066,3701449,947570944,947.570944,22,199,162,1,20251021_121107
1761041444.8645906,3701488,947580928,947.580928,25,199,160,1,20251021_121107
1761041444.874575,3701527,947590912,947.590912,27,199,158,1,20251021_121107
1761041444.8845584,3701566,947600896,947.600896,30,200,158,1,20251021_121107
1761041444.8945425,3701605,947610880,947.61088,33,199,155,1,20251021_121107
1761041444.9045265,3701644,947620864,947.620864,35,200,154,1,20251021_121107
1761041444.9145105,3701683,947630848,947.630848,38,199,152,1,20251021_121107
1761041444.9244945,3701722,947640832,947.640832,41,199,146,1,20251021_121107
1761041444.9347346,3701762,947651072,947.651072,44,199,140,1,20251021_121107
1761041444.9447186,3701801,947661056,947.661056,47,199,131,1,20251021_121107
1761041444.9547026,3701840,947671040,947.67104,50,199,126,1,20251021_121107
1761041444.9646866,3701879,947681024,947.681024,53,199,119,1,20251021_121107
1761041444.9746706,3701918,947691008,947.691008,57,199,114,1,20251021_121107
1761041444.984655,3701957,947700992,947.700992,61,199,107,1,20251021_121107
1761041444.9946384,3701996,947710976,947.710976,64,199,107,1,20251021_121107
1761041445.0046225,3702035,947720960,947.72096,68,198,100,1,20251021_121107
1761041445.0146065,3702074,947730944,947.730944,72,198,98,1,20251021_121107
1761041445.0245905,3702113,947740928,947.740928,76,198,97,1,20251021_121107
1761041445.0345745,3702152,947750912,947.750912,80,199,99,1,20251021_121107
1761041445.0445583,3702191,947760896,947.760896,84,200,99,1,20251021_121107
1761041445.0545423,3702230,947770880,947.77088,87,199,97,1,20251021_121107
1761041445.0645266,3702269,947780864,947.780864,91,199,98,1,20251021_121107
1761041445.0747666,3702309,947791104,947.791104,95,198,100,1,20251021_121107
1761041445.084751,3702348,947801088,947.801088,98,198,99,1,20251021_121107
1761041445.094735,3702387,947811072,947.811072,102,198,100,1,20251021_121107
1761041445.1047184,3702426,947821056,947.821056,105,198,99,1,20251021_121107
1761041445.1147025,3702465,947831040,947.83104,108,198,99,1,20251021_121107
1761041445.1246865,3702504,947841024,947.841024,112,197,99,1,20251021_121107
1761041445.1346705,3702543,947851008,947.851008,115,197,100,1,20251021_121107
1761041445.1446545,3702582,947860992,947.860992,118,197,100,1,20251021_121107
1761041445.1546383,3702621,947870976,947.870976,121,197,101,1,20251021_121107
1761041445.1646223,3702660,947880960,947.88096,124,195,101,1,20251021_121107
1761041445.1746066,3702699,947890944,947.890944,127,196,101,1,20251021_121107
1761041445.1845906,3702738,947900928,947.900928,130,196,102,1,20251021_121107
1761041445.1945746,3702777,947910912,947.910912,133,196,102,1,20251021_121107
1761041445.2045586,3702816,947920896,947.920896,136,196,103,1,20251021_121107
1761041445.2145426,3702855,947930880,947.93088,138,195,104,1,20251021_121107
1761041445.2247825,3702895,947941120,947.94112,141,195,103,1,20251021_121107
1761041445.2347665,3702934,947951104,947.951104,144,196,104,1,20251021_121107
1761041445.2447505,3702973,947961088,947.961088,147,195,106,1,20251021_121107
1761041445.2547345,3703012,947971072,947.971072,149,195,107,1,20251021_121107
1761041445.2647183,3703051,947981056,947.981056,152,196,109,1,20251021_121107
1761041445.2747023,3703090,947991040,947.99104,155,196,111,1,20251021_121107
1761041445.2846866,3703129,948001024,948.001024,158,196,114,1,20251021_121107
1761041445.2946706,3703168,948011008,948.011008,161,196,116,1,20251021_121107
1761041445.3046546,3703207,948020992,948.020992,164,196,120,1,20251021_121107
1761041445.314895,3703247,948031232,948.031232,167,196,126,1,20251021_121107
1761041445.3248785,3703286,948041216,948.041216,170,196,130,1,20251021_121107
1761041445.3348625,3703325,948051200,948.0512,173,196,133,1,20251021_121107
1761041445.3448465,3703364,948061184,948.061184,176,197,136,1,20251021_121107
1761041445.3548305,3703403,948071168,948.071168,179,197,140,1,20251021_121107
1761041445.3648143,3703442,948081152,948.081152,183,198,145,1,20251021_121107
1761041445.3747983,3703481,948091136,948.091136,187,197,148,1,20251021_121107
1761041445.3847826,3703520,948101120,948.10112,190,197,152,1,20251021_121107
1761041445.3947666,3703559,948111104,948.111104,194,198,158,1,20251021_121107
1761041445.4047506,3703598,948121088,948.121088,198,198,159,1,20251021_121107
1761041445.4147346,3703637,948131072,948.131072,202,198,159,1,20251021_121107
1761041445.4247186,3703676,948141056,948.141056,205,198,160,1,20251021_121107
1761041445.4347026,3703715,948151040,948.15104,209,198,160,1,20251021_121107
1761041445.444687,3703754,948161024,948.161024,213,199,162,1,20251021_121107
1761041445.4549265,3703794,948171264,948.171264,217,199,162,1,20251021_121107
1761041445.4649105,3703833,948181248,948.181248,220,199,162,1,20251021_121107
1761041445.4748943,3703872,948191232,948.191232,224,199,162,1,20251021_121107
1761041445.4848783,3703911,948201216,948.201216,227,199,163,1,20251021_121107
1761041445.4948626,3703950,948211200,948.2112,231,199,163,1,20251021_121107
1761041445.5048466,3703989,948221184,948.221184,234,199,164,1,20251021_121107
1761041445.5148306,3704028,948231168,948.231168,237,199,163,1,20251021_121107
1761041445.5248146,3704067,948241152,948.241152,241,199,163,1,20251021_121107
1761041445.5347986,3704106,948251136,948.251136,244,199,163,1,20251021_121107
1761041445.5447826,3704145,948261120,948.26112,247,199,163,1,20251021_121107
1761041445.554767,3704184,948271104,948.271104,250,199,163,1,20251021_121107
1761041445.564751,3704223,948281088,948.281088,253,200,165,1,20251021_121107
1761041445.5747344,3704262,948291072,948.291072,1,199,162,1,20251021_121107
1761041445.5847185,3704301,948301056,948.301056,4,199,163,1,20251021_121107
1761041445.5949583,3704341,948311296,948.311296,6,200,165,1,20251021_121107
1761041445.6049426,3704380,948321280,948.32128,9,199,163,1,20251021_121107
1761041445.6149266,3704419,948331264,948.331264,12,200,164,1,20251021_121107
1761041445.6249106,3704458,948341248,948.341248,15,199,163,1,20251021_121107
1761041445.6348946,3704497,948351232,948.351232,17,199,163,1,20251021_121107
1761041445.6448786,3704536,948361216,948.361216,20,200,163,1,20251021_121107
1761041445.6548626,3704575,948371200,948.3712,23,200,162,1,20251021_121107
1761041445.664847,3704614,948381184,948.381184,25,200,162,1,20251021_121107
1761041445.674831,3704653,948391168,948.391168,28,200,161,1,20251021_121107
1761041445.6848145,3704692,948401152,948.401152,30,199,160,1,20251021_121107
1761041445.6947985,3704731,948411136,948.411136,33,199,159,1,20251021_121107
1761041445.7047825,3704770,948421120,948.42112,35,199,158,1,20251021_121107
1761041445.7147665,3704809,948431104,948.431104,38,199,156,1,20251021_121107
1761041445.7247505,3704848,948441088,948.441088,41,199,155,1,20251021_121107
1761041445.7347343,3704887,948451072,948.451072,43,199,153,1,20251021_121107
1761041445.7449746,3704927,948461312,948.461312,46,199,151,1,20251021_121107
1761041445.7549586,3704966,948471296,948.471296,49,199,149,1,20251021_121107
1761041445.7649426,3705005,948481280,948.48128,51,199,142,1,20251021_121107
1761041445.774927,3705044,948491264,948.491264,54,199,134,1,20251021_121107
1761041445.7849104,3705083,948501248,948.501248,58,199,129,1,20251021_121107
1761041445.7948945,3705122,948511232,948.511232,61,199,126,1,20251021_121107
1761041445.8048785,3705161,948521216,948.521216,64,198,122,1,20251021_121107
1761041445.8148625,3705200,948531200,948.5312,68,199,118,1,20251021_121107
1761041445.8248465,3705239,948541184,948.541184,71,199,114,1,20251021_121107
1761041445.8348303,3705278,948551168,948.551168,75,199,111,1,20251021_121107
1761041445.8448143,3705317,948561152,948.561152,79,199,107,1,20251021_121107
1761041445.8547986,3705356,948571136,948.571136,82,198,105,1,20251021_121107
1761041445.8647826,3705395,948581120,948.58112,86,199,103,1,20251021_121107
1761041445.8747666,3705434,948591104,948.591104,90,198,101,1,20251021_121107
1761041445.885007,3705474,948601344,948.601344,93,199,98,1,20251021_121107
1761041445.8949904,3705513,948611328,948.611328,97,198,100,1,20251021_121107
1761041445.9049745,3705552,948621312,948.621312,100,200,102,1,20251021_121107
1761041445.9149585,3705591,948631296,948.631296,104,198,101,1,20251021_121107
1761041445.9249425,3705630,948641280,948.64128,107,198,100,1,20251021_121107
1761041445.9349265,3705669,948651264,948.651264,110,198,101,1,20251021_121107
1761041445.9449103,3705708,948661248,948.661248,113,197,99,1,20251021_121107
1761041445.9548943,3705747,948671232,948.671232,117,197,102,1,20251021_121107
1761041445.9651346,3705787,948681472,948.681472,120,196,103,1,20251021_121107
1761041445.9751186,3705826,948691456,948.691456,123,195,102,1,20251021_121107
1761041445.985103,3705865,948701440,948.70144,126,196,104,1,20251021_121107
1761041445.995087,3705904,948711424,948.711424,129,195,106,1,20251021_121107
1761041446.0050704,3705943,948721408,948.721408,132,196,106,1,20251021_121107
1761041446.0150545,3705982,948731392,948.731392,135,195,106,1,20251021_121107
1761041446.0250385,3706021,948741376,948.741376,138,195,110,1,20251021_121107
1761041446.0350225,3706060,948751360,948.75136,140,196,112,1,20251021_121107
1761041446.0452626,3706100,948761600,948.7616,143,196,114,1,20251021_121107
1761041446.0552466,3706139,948771584,948.771584,146,196,119,1,20251021_121107
1761041446.0652306,3706178,948781568,948.781568,149,196,123,1,20251021_121107
1761041446.0752146,3706217,948791552,948.791552,152,196,128,1,20251021_121107
1761041446.0851986,3706256,948801536,948.801536,156,196,132,1,20251021_121107
1761041446.095183,3706295,948811520,948.81152,159,196,139,1,20251021_121107
1761041446.1054225,3706335,948821760,948.82176,162,197,141,1,20251021_121107
1761041446.1154065,3706374,948831744,948.831744,166,196,146,1,20251021_121107
1761041446.1253903,3706413,948841728,948.841728,169,196,151,1,20251021_121107
1761041446.1353743,3706452,948851712,948.851712,173,196,158,1,20251021_121107
1761041446.1453586,3706491,948861696,948.861696,177,196,159,1,20251021_121107
1761041446.1553426,3706530,948871680,948.87168,181,196,159,1,20251021_121107
1761041446.1653266,3706569,948881664,948.881664,185,197,160,1,20251021_121107
1761041446.1753106,3706608,948891648,948.891648,189,198,160,1,20251021_121107
1761041446.1852946,3706647,948901632,948.901632,193,198,161,1,20251021_121107
1761041446.1952786,3706686,948911616,948.911616,197,197,160,1,20251021_121107
1761041446.205263,3706725,948921600,948.9216,200,198,162,1,20251021_121107
1761041446.2155025,3706765,948931840,948.93184,204,198,162,1,20251021_121107
1761041446.2254865,3706804,948941824,948.941824,208,198,163,1,20251021_121107
1761041446.2354703,3706843,948951808,948.951808,212,198,163,1,20251021_121107
1761041446.2454543,3706882,948961792,948.961792,216,198,164,1,20251021_121107
1761041446.2554386,3706921,948971776,948.971776,219,198,164,1,20251021_121107
1761041446.2654226,3706960,948981760,948.98176,223,199,164,1,20251021_121107
1761041446.2754066,3706999,948991744,948.991744,226,199,166,1,20251021_121107
1761041446.2853906,3707038,949001728,949.001728,230,198,163,1,20251021_121107
1761041446.2953746,3707077,949011712,949.011712,233,199,164,1,20251021_121107
1761041446.3053586,3707116,949021696,949.021696,236,198,164,1,20251021_121107
1761041446.315343,3707155,949031680,949.03168,240,199,165,1,20251021_121107
1761041446.3253264,3707194,949041664,949.041664,243,199,165,1,20251021_121107
1761041446.3353105,3707233,949051648,949.051648,246,199,165,1,20251021_121107
1761041446.3452945,3707272,949061632,949.061632,249,199,165,1,20251021_121107
1761041446.3555346,3707312,949071872,949.071872,252,199,162,1,20251021_121107
1761041446.3655186,3707351,949081856,949.081856,0,199,163,1,20251021_121107
1761041446.3755026,3707390,949091840,949.09184,3,199,163,1,20251021_121107
1761041446.3854866,3707429,949101824,949.101824,6,199,162,1,20251021_121107
1761041446.3954706,3707468,949111808,949.111808,9,200,163,1,20251021_121107
1761041446.4054546,3707507,949121792,949.121792,11,199,160,1,20251021_121107
1761041446.415439,3707546,949131776,949.131776,14,200,160,1,20251021_121107
1761041446.425423,3707585,949141760,949.14176,17,200,159,1,20251021_121107
1761041446.4354064,3707624,949151744,949.151744,20,200,157,1,20251021_121107
1761041446.4453905,3707663,949161728,949.161728,22,200,155,1,20251021_121107
1761041446.4553745,3707702,949171712,949.171712,25,200,153,1,20251021_121107
1761041446.4653585,3707741,949181696,949.181696,28,199,150,1,20251021_121107
1761041446.4753425,3707780,949191680,949.19168,31,199,148,1,20251021_121107
1761041446.4853263,3707819,949201664,949.201664,34,200,138,1,20251021_121107
1761041446.4955666,3707859,949211904,949.211904,37,199,132,1,20251021_121107
1761041446.5055506,3707898,949221888,949.221888,40,199,127,1,20251021_121107
1761041446.5155346,3707937,949231872,949.231872,43,200,123,1,20251021_121107
1761041446.525519,3707976,949241856,949.241856,47,199,117,1,20251021_121107
1761041446.535503,3708015,949251840,949.25184,51,199,110,1,20251021_121107
1761041446.5454865,3708054,949261824,949.261824,54,199,108,1,20251021_121107
1761041446.5554705,3708093,949271808,949.271808,58,199,105,1,20251021_121107
1761041446.5654545,3708132,949281792,949.281792,62,199,102,1,20251021_121107
1761041446.5754385,3708171,949291776,949.291776,66,199,98,1,20251021_121107
1761041446.5854225,3708210,949301760,949.30176,70,199,98,1,20251021_121107
1761041446.5954063,3708249,949311744,949.311744,74,199,98,1,20251021_121107
1761041446.6053903,3708288,949321728,949.321728,78,199,98,1,20251021_121107
1761041446.6153746,3708327,949331712,949.331712,82,199,97,1,20251021_121107
1761041446.6253586,3708366,949341696,949.341696,85,199,98,1,20251021_121107
1761041446.6353426,3708405,949351680,949.35168,89,198,98,1,20251021_121107
1761041446.645583,3708445,949361920,949.36192,93,199,98,1,20251021_121107
1761041446.6555665,3708484,949371904,949.371904,96,199,98,1,20251021_121107
1761041446.6655505,3708523,949381888,949.381888,100,199,99,1,20251021_121107
1761041446.6755345,3708562,949391872,949.391872,103,199,99,1,20251021_121107
1761041446.6855185,3708601,949401856,949.401856,106,197,100,1,20251021_121107
1761041446.6955023,3708640,949411840,949.41184,110,197,98,1,20251021_121107
1761041446.7054863,3708679,949421824,949.421824,113,197,101,1,20251021_121107
1761041446.7154706,3708718,949431808,949.431808,116,196,99,1,20251021_121107
1761041446.7254546,3708757,949441792,949.441792,119,197,101,1,20251021_121107
1761041446.7354386,3708796,949451776,949.451776,122,197,102,1,20251021_121107
1761041446.7454226,3708835,949461760,949.46176,125,196,103,1,20251021_121107
1761041446.7554066,3708874,949471744,949.471744,128,196,102,1,20251021_121107
1761041446.7656465,3708914,949481984,949.481984,131,196,106,1,20251021_121107
1761041446.7756305,3708953,949491968,949.491968,134,196,107,1,20251021_121107
1761041446.7856145,3708992,949501952,949.501952,137,196,110,1,20251021_121107
1761041446.7955985,3709031,949511936,949.511936,140,196,112,1,20251021_121107
1761041446.8055823,3709070,949521920,949.52192,143,196,116,1,20251021_121107
1761041446.8155663,3709109,949531904,949.531904,146,196,120,1,20251021_121107
1761041446.8258066,3709149,949542144,949.542144,149,197,127,1,20251021_121107
1761041446.8357906,3709188,949552128,949.552128,152,196,130,1,20251021_121107
1761041446.845775,3709227,949562112,949.562112,155,197,135,1,20251021_121107
1761041446.855759,3709266,949572096,949.572096,159,197,140,1,20251021_121107
1761041446.8657424,3709305,949582080,949.58208,162,196,145,1,20251021_121107
1761041446.8757265,3709344,949592064,949.592064,166,197,148,1,20251021_121107
1761041446.8857105,3709383,949602048,949.602048,169,197,155,1,20251021_121107
1761041446.8956945,3709422,949612032,949.612032,173,197,158,1,20251021_121107
1761041446.9056785,3709461,949622016,949.622016,177,197,158,1,20251021_121107
1761041446.9156623,3709500,949632000,949.632,181,197,160,1,20251021_121107
1761041446.9256463,3709539,949641984,949.641984,185,197,160,1,20251021_121107
1761041446.9356306,3709578,949651968,949.651968,189,197,161,1,20251021_121107
1761041446.9456146,3709617,949661952,949.661952,193,198,161,1,20251021_121107
1761041446.955855,3709657,949672192,949.672192,197,198,161,1,20251021_121107
1761041446.965839,3709696,949682176,949.682176,201,198,162,1,20251021_121107
1761041446.9758224,3709735,949692160,949.69216,204,198,163,1,20251021_121107
1761041446.9858065,3709774,949702144,949.702144,208,198,164,1,20251021_121107
1761041446.9957905,3709813,949712128,949.712128,212,198,162,1,20251021_121107
1761041447.0057745,3709852,949722112,949.722112,216,198,165,1,20251021_121107
1761041447.0157585,3709891,949732096,949.732096,219,198,163,1,20251021_121107
1761041447.0257423,3709930,949742080,949.74208,223,198,164,1,20251021_121107
1761041447.0357263,3709969,949752064,949.752064,226,199,164,1,20251021_121107
1761041447.0457106,3710008,949762048,949.762048,230,198,164,1,20251021_121107
1761041447.0556946,3710047,949772032,949.772032,233,199,164,1,20251021_121107
1761041447.0656786,3710086,949782016,949.782016,237,199,164,1,20251021_121107
1761041447.0756626,3710125,949792000,949.792,240,199,164,1,20251021_121107
1761041447.0856466,3710164,949801984,949.801984,243,199,164,1,20251021_121107
1761041447.0956306,3710203,949811968,949.811968,246,200,165,1,20251021_121107
1761041447.1058705,3710243,949822208,949.822208,249,200,164,1,20251021_121107
1761041447.1158545,3710282,949832192,949.832192,252,199,163,1,20251021_121107
1761041447.1258385,3710321,949842176,949.842176,0,200,164,1,20251021_121107
1761041447.1358223,3710360,949852160,949.85216,3,200,164,1,20251021_121107
1761041447.1458066,3710399,949862144,949.862144,6,200,162,1,20251021_121107
1761041447.1557906,3710438,949872128,949.872128,9,199,163,1,20251021_121107
1761041447.1657746,3710477,949882112,949.882112,11,199,163,1,20251021_121107
1761041447.1757586,3710516,949892096,949.892096,14,200,162,1,20251021_121107
1761041447.1857426,3710555,949902080,949.90208,17,200,160,1,20251021_121107
1761041447.1957266,3710594,949912064,949.912064,20,200,160,1,20251021_121107
1761041447.2057106,3710633,949922048,949.922048,22,200,159,1,20251021_121107
1761041447.215695,3710672,949932032,949.932032,25,199,157,1,20251021_121107
1761041447.2256784,3710711,949942016,949.942016,28,200,155,1,20251021_121107
1761041447.2356625,3710750,949952000,949.952,30,200,153,1,20251021_121107
1761041447.2459023,3710790,949962240,949.96224,33,200,151,1,20251021_121107
1761041447.2558866,3710829,949972224,949.972224,36,200,146,1,20251021_121107
1761041447.2658706,3710868,949982208,949.982208,39,199,140,1,20251021_121107
1761041447.2758546,3710907,949992192,949.992192,42,199,130,1,20251021_121107
1761041447.2858386,3710946,950002176,950.002176,45,199,125,1,20251021_121107
1761041447.2958226,3710985,950012160,950.01216,49,199,119,1,20251021_121107
1761041447.3058066,3711024,950022144,950.022144,52,199,115,1,20251021_121107
1761041447.315791,3711063,950032128,950.032128,56,199,109,1,20251021_121107
1761041447.325775,3711102,950042112,950.042112,60,200,106,1,20251021_121107
1761041447.3357584,3711141,950052096,950.052096,64,199,101,1,20251021_121107
1761041447.3457425,3711180,950062080,950.06208,68,200,100,1,20251021_121107
1761041447.3557265,3711219,950072064,950.072064,72,200,101,1,20251021_121107
1761041447.3657105,3711258,950082048,950.082048,76,200,101,1,20251021_121107
1761041447.3756945,3711297,950092032,950.092032,79,199,99,1,20251021_121107
1761041447.3859346,3711337,950102272,950.102272,83,199,100,1,20251021_121107
1761041447.3959186,3711376,950112256,950.112256,87,199,101,1,20251021_121107
1761041447.4059026,3711415,950122240,950.12224,91,199,101,1,20251021_121107
1761041447.4158866,3711454,950132224,950.132224,94,199,101,1,20251021_121107
1761041447.425871,3711493,950142208,950.142208,98,199,102,1,20251021_121107
1761041447.435855,3711532,950152192,950.152192,101,199,101,1,20251021_121107
1761041447.4458385,3711571,950162176,950.162176,105,198,101,1,20251021_121107
1761041447.4558225,3711610,950172160,950.17216,108,198,101,1,20251021_121107
1761041447.4658065,3711649,950182144,950.182144,111,198,102,1,20251021_121107
1761041447.4757905,3711688,950192128,950.192128,114,197,101,1,20251021_121107
1761041447.4857745,3711727,950202112,950.202112,118,197,99,1,20251021_121107
1761041447.4957583,3711766,950212096,950.212096,121,197,98,1,20251021_121107
1761041447.5057423,3711805,950222080,950.22208,124,197,98,1,20251021_121107
1761041447.5157266,3711844,950232064,950.232064,127,196,98,1,20251021_121107
1761041447.5257106,3711883,950242048,950.242048,130,197,98,1,20251021_121107
1761041447.535951,3711923,950252288,950.252288,132,196,99,1,20251021_121107
1761041447.5459344,3711962,950262272,950.262272,135,197,100,1,20251021_121107
1761041447.5559185,3712001,950272256,950.272256,138,197,101,1,20251021_121107
1761041447.5659025,3712040,950282240,950.28224,141,197,100,1,20251021_121107
1761041447.5758865,3712079,950292224,950.292224,143,196,101,1,20251021_121107
1761041447.5858705,3712118,950302208,950.302208,146,197,102,1,20251021_121107
1761041447.5958543,3712157,950312192,950.312192,149,197,103,1,20251021_121107
1761041447.6058383,3712196,950322176,950.322176,151,197,103,1,20251021_121107
1761041447.6158226,3712235,950332160,950.33216,154,196,104,1,20251021_121107
1761041447.6258066,3712274,950342144,950.342144,157,197,107,1,20251021_121107
1761041447.6357906,3712313,950352128,950.352128,159,197,107,1,20251021_121107
1761041447.6457746,3712352,950362112,950.362112,162,197,109,1,20251021_121107
1761041447.6557586,3712391,950372096,950.372096,165,197,110,1,20251021_121107
1761041447.6657426,3712430,950382080,950.38208,167,197,114,1,20251021_121107
1761041447.6759825,3712470,950392320,950.39232,170,197,117,1,20251021_121107
1761041447.6859665,3712509,950402304,950.402304,173,198,122,1,20251021_121107
1761041447.6959505,3712548,950412288,950.412288,176,198,127,1,20251021_121107
1761041447.7059343,3712587,950422272,950.422272,179,198,129,1,20251021_121107
1761041447.7159183,3712626,950432256,950.432256,182,198,134,1,20251021_121107
1761041447.7259026,3712665,950442240,950.44224,186,198,139,1,20251021_121107
1761041447.7358866,3712704,950452224,950.452224,189,197,144,1,20251021_121107
1761041447.7458706,3712743,950462208,950.462208,193,198,147,1,20251021_121107
1761041447.7558546,3712782,950472192,950.472192,196,197,152,1,20251021_121107
1761041447.7658386,3712821,950482176,950.482176,200,198,156,1,20251021_121107
1761041447.7758226,3712860,950492160,950.49216,204,199,159,1,20251021_121107
1761041447.785807,3712899,950502144,950.502144,207,199,159,1,20251021_121107
1761041447.795791,3712938,950512128,950.512128,211,199,160,1,20251021_121107
1761041447.8057745,3712977,950522112,950.522112,215,200,162,1,20251021_121107
1761041447.8160143,3713017,950532352,950.532352,218,199,161,1,20251021_121107
1761041447.8259983,3713056,950542336,950.542336,222,199,162,1,20251021_121107
1761041447.8359826,3713095,950552320,950.55232,225,199,161,1,20251021_121107
1761041447.8459666,3713134,950562304,950.562304,229,200,163,1,20251021_121107
1761041447.8559506,3713173,950572288,950.572288,232,200,163,1,20251021_121107
1761041447.8659346,3713212,950582272,950.582272,236,199,163,1,20251021_121107
1761041447.8759186,3713251,950592256,950.592256,239,199,162,1,20251021_121107
1761041447.8859026,3713290,950602240,950.60224,242,199,164,1,20251021_121107
1761041447.895887,3713329,950612224,950.612224,245,199,163,1,20251021_121107
1761041447.905871,3713368,950622208,950.622208,248,200,163,1,20251021_121107
1761041447.9161105,3713408,950632448,950.632448,251,199,163,1,20251021_121107
1761041447.9260943,3713447,950642432,950.642432,254,200,164,1,20251021_121107
1761041447.9360783,3713486,950652416,950.652416,2,200,162,1,20251021_121107
1761041447.9460626,3713525,950662400,950.6624,5,200,163,1,20251021_121107
1761041447.9560466,3713564,950672384,950.672384,8,200,163,1,20251021_121107
1761041447.9660306,3713603,950682368,950.682368,11,200,164,1,20251021_121107
1761041447.9760146,3713642,950692352,950.692352,13,200,164,1,20251021_121107
1761041447.9859986,3713681,950702336,950.702336,16,199,165,1,20251021_121107
1761041447.9959826,3713720,950712320,950.71232,19,200,164,1,20251021_121107
1761041448.005967,3713759,950722304,950.722304,21,200,164,1,20251021_121107
1761041448.0159504,3713798,950732288,950.732288,24,199,162,1,20251021_121107
1761041448.0259345,3713837,950742272,950.742272,26,200,162,1,20251021_121107
1761041448.0359185,3713876,950752256,950.752256,29,200,162,1,20251021_121107
1761041448.0459025,3713915,950762240,950.76224,31,200,160,1,20251021_121107
1761041448.0561426,3713955,950772480,950.77248,34,200,159,1,20251021_121107
1761041448.0661266,3713994,950782464,950.782464,37,200,158,1,20251021_121107
1761041448.0761106,3714033,950792448,950.792448,39,199,155,1,20251021_121107
1761041448.0860946,3714072,950802432,950.802432,42,200,153,1,20251021_121107
1761041448.0960786,3714111,950812416,950.812416,45,199,150,1,20251021_121107
1761041448.106063,3714150,950822400,950.8224,47,199,143,1,20251021_121107
1761041448.116047,3714189,950832384,950.832384,50,200,135,1,20251021_121107
1761041448.1260304,3714228,950842368,950.842368,54,200,127,1,20251021_121107
1761041448.1360145,3714267,950852352,950.852352,57,200,124,1,20251021_121107
1761041448.1459985,3714306,950862336,950.862336,60,200,119,1,20251021_121107
1761041448.1559825,3714345,950872320,950.87232,64,199,114,1,20251021_121107
1761041448.1659665,3714384,950882304,950.882304,68,199,110,1,20251021_121107
1761041448.1759503,3714423,950892288,950.892288,71,199,106,1,20251021_121107
1761041448.1859343,3714462,950902272,950.902272,75,199,103,1,20251021_121107
1761041448.1959186,3714501,950912256,950.912256,79,199,100,1,20251021_121107
1761041448.2061586,3714541,950922496,950.922496,83,199,98,1,20251021_121107
1761041448.216143,3714580,950932480,950.93248,87,199,100,1,20251021_121107
1761041448.226127,3714619,950942464,950.942464,90,199,100,1,20251021_121107
1761041448.2361104,3714658,950952448,950.952448,94,199,99,1,20251021_121107
1761041448.2460945,3714697,950962432,950.962432,97,198,100,1,20251021_121107
1761041448.2560785,3714736,950972416,950.972416,101,199,100,1,20251021_121107
1761041448.2660625,3714775,950982400,950.9824,104,198,101,1,20251021_121107
1761041448.2760465,3714814,950992384,950.992384,108,198,99,1,20251021_121107
1761041448.2860303,3714853,951002368,951.002368,111,198,99,1,20251021_121107
1761041448.2960143,3714892,951012352,951.012352,114,197,100,1,20251021_121107
1761041448.3059986,3714931,951022336,951.022336,117,197,101,1,20251021_121107
1761041448.3159826,3714970,951032320,951.03232,120,197,101,1,20251021_121107
1761041448.3259666,3715009,951042304,951.042304,123,197,102,1,20251021_121107
1761041448.3359506,3715048,951052288,951.052288,126,197,102,1,20251021_121107
1761041448.3459346,3715087,951062272,951.062272,129,197,102,1,20251021_121107
1761041448.3561745,3715127,951072512,951.072512,132,197,103,1,20251021_121107
1761041448.3661585,3715166,951082496,951.082496,135,196,103,1,20251021_121107
1761041448.3761425,3715205,951092480,951.09248,138,196,105,1,20251021_121107
1761041448.3861265,3715244,951102464,951.102464,141,196,106,1,20251021_121107
1761041448.3961103,3715283,951112448,951.112448,143,196,108,1,20251021_121107
1761041448.4060946,3715322,951122432,951.122432,146,196,109,1,20251021_121107
1761041448.4160786,3715361,951132416,951.132416,149,198,112,1,20251021_121107
1761041448.4260626,3715400,951142400,951.1424,152,196,116,1,20251021_121107
1761041448.4360466,3715439,951152384,951.152384,155,197,119,1,20251021_121107
1761041448.4460306,3715478,951162368,951.162368,158,196,124,1,20251021_121107
1761041448.4560146,3715517,951172352,951.172352,161,197,127,1,20251021_121107
1761041448.4659986,3715556,951182336,951.182336,164,198,132,1,20251021_121107
1761041448.475983,3715595,951192320,951.19232,167,197,138,1,20251021_121107
1761041448.4859664,3715634,951202304,951.202304,171,197,140,1,20251021_121107
1761041448.4962063,3715674,951212544,951.212544,174,197,146,1,20251021_121107
1761041448.5061903,3715713,951222528,951.222528,178,197,150,1,20251021_121107
1761041448.5161746,3715752,951232512,951.232512,181,197,152,1,20251021_121107
1761041448.5261586,3715791,951242496,951.242496,185,197,157,1,20251021_121107
1761041448.5361426,3715830,951252480,951.25248,189,197,160,1,20251021_121107
1761041448.5461266,3715869,951262464,951.262464,193,198,159,1,20251021_121107
1761041448.5561106,3715908,951272448,951.272448,197,198,160,1,20251021_121107
1761041448.5660946,3715947,951282432,951.282432,201,198,161,1,20251021_121107
1761041448.576079,3715986,951292416,951.292416,204,198,161,1,20251021_121107
1761041448.586063,3716025,951302400,951.3024,208,199,162,1,20251021_121107
1761041448.5960464,3716064,951312384,951.312384,212,199,162,1,20251021_121107
1761041448.6060305,3716103,951322368,951.322368,216,198,163,1,20251021_121107
1761041448.6160145,3716142,951332352,951.332352,219,199,163,1,20251021_121107
1761041448.6259985,3716181,951342336,951.342336,223,199,164,1,20251021_121107
1761041448.6359825,3716220,951352320,951.35232,226,198,162,1,20251021_121107
1761041448.6462226,3716260,951362560,951.36256,230,199,163,1,20251021_121107
1761041448.6562066,3716299,951372544,951.372544,233,200,165,1,20251021_121107
1761041448.6661906,3716338,951382528,951.382528,236,200,165,1,20251021_121107
1761041448.6761746,3716377,951392512,951.392512,240,199,164,1,20251021_121107
1761041448.686159,3716416,951402496,951.402496,243,199,164,1,20251021_121107
1761041448.696143,3716455,951412480,951.41248,246,199,165,1,20251021_121107
1761041448.7061265,3716494,951422464,951.422464,249,200,164,1,20251021_121107
1761041448.7161105,3716533,951432448,951.432448,252,199,163,1,20251021_121107
1761041448.7260945,3716572,951442432,951.442432,0,199,164,1,20251021_121107
1761041448.7360785,3716611,951452416,951.452416,3,199,163,1,20251021_121107
1761041448.7460625,3716650,951462400,951.4624,6,199,162,1,20251021_121107
1761041448.7560463,3716689,951472384,951.472384,9,200,163,1,20251021_121107
1761041448.7662866,3716729,951482624,951.482624,11,200,162,1,20251021_121107
1761041448.7762706,3716768,951492608,951.492608,14,199,161,1,20251021_121107
1761041448.7862546,3716807,951502592,951.502592,17,199,162,1,20251021_121107
1761041448.796239,3716846,951512576,951.512576,19,200,161,1,20251021_121107
1761041448.8062224,3716885,951522560,951.52256,22,199,159,1,20251021_121107
1761041448.8162065,3716924,951532544,951.532544,25,200,158,1,20251021_121107
1761041448.8261905,3716963,951542528,951.542528,27,200,157,1,20251021_121107
1761041448.8361745,3717002,951552512,951.552512,30,200,155,1,20251021_121107
1761041448.8461585,3717041,951562496,951.562496,33,199,153,1,20251021_121107
1761041448.8561423,3717080,951572480,951.57248,35,199,151,1,20251021_121107
1761041448.8661263,3717119,951582464,951.582464,38,199,151,1,20251021_121107
1761041448.8761106,3717158,951592448,951.592448,41,200,143,1,20251021_121107
1761041448.8860946,3717197,951602432,951.602432,44,200,138,1,20251021_121107
1761041448.8960786,3717236,951612416,951.612416,47,200,132,1,20251021_121107
1761041448.906319,3717276,951622656,951.622656,50,200,127,1,20251021_121107
1761041448.9163024,3717315,951632640,951.63264,54,200,124,1,20251021_121107
1761041448.9262865,3717354,951642624,951.642624,57,199,119,1,20251021_121107
1761041448.9362705,3717393,951652608,951.652608,61,200,116,1,20251021_121107
1761041448.9462545,3717432,951662592,951.662592,64,199,111,1,20251021_121107
1761041448.9562385,3717471,951672576,951.672576,68,199,108,1,20251021_121107
1761041448.9662223,3717510,951682560,951.68256,72,199,106,1,20251021_121107
1761041448.9762063,3717549,951692544,951.692544,76,199,103,1,20251021_121107
1761041448.9861906,3717588,951702528,951.702528,80,199,101,1,20251021_121107
1761041448.9961746,3717627,951712512,951.712512,83,199,98,1,20251021_121107
1761041449.0061586,3717666,951722496,951.722496,87,199,98,1,20251021_121107
1761041449.0161426,3717705,951732480,951.73248,91,199,100,1,20251021_121107
1761041449.0261266,3717744,951742464,951.742464,94,199,101,1,20251021_121107
1761041449.0361106,3717783,951752448,951.752448,98,198,99,1,20251021_121107
1761041449.046095,3717822,951762432,951.762432,101,198,99,1,20251021_121107
1761041449.0563345,3717862,951772672,951.772672,105,198,99,1,20251021_121107
1761041449.0663185,3717901,951782656,951.782656,108,198,100,1,20251021_121107
1761041449.0763023,3717940,951792640,951.79264,111,197,101,1,20251021_121107
1761041449.0862863,3717979,951802624,951.802624,114,197,102,1,20251021_121107
1761041449.0962706,3718018,951812608,951.812608,118,196,102,1,20251021_121107
1761041449.1062546,3718057,951822592,951.822592,121,197,102,1,20251021_121107
1761041449.1162386,3718096,951832576,951.832576,124,197,102,1,20251021_121107
1761041449.1262226,3718135,951842560,951.84256,127,197,104,1,20251021_121107
1761041449.1362066,3718174,951852544,951.852544,130,196,105,1,20251021_121107
1761041449.1461906,3718213,951862528,951.862528,133,196,106,1,20251021_121107
1761041449.156175,3718252,951872512,951.872512,135,197,108,1,20251021_121107
1761041449.166159,3718291,951882496,951.882496,138,196,110,1,20251021_121107
1761041449.1761425,3718330,951892480,951.89248,141,196,112,1,20251021_121107
1761041449.1861265,3718369,951902464,951.902464,144,196,117,1,20251021_121107
1761041449.1963663,3718409,951912704,951.912704,147,197,121,1,20251021_121107
1761041449.2063506,3718448,951922688,951.922688,150,196,127,1,20251021_121107
1761041449.2163346,3718487,951932672,951.932672,153,197,131,1,20251021_121107
1761041449.2263186,3718526,951942656,951.942656,157,196,134,1,20251021_121107
1761041449.2363026,3718565,951952640,951.95264,160,197,141,1,20251021_121107
1761041449.2462866,3718604,951962624,951.962624,163,197,145,1,20251021_121107
1761041449.2562706,3718643,951972608,951.972608,167,196,149,1,20251021_121107
1761041449.266255,3718682,951982592,951.982592,171,197,156,1,20251021_121107
1761041449.2762384,3718721,951992576,951.992576,175,197,159,1,20251021_121107
1761041449.2862225,3718760,952002560,952.00256,178,197,159,1,20251021_121107
1761041449.2962065,3718799,952012544,952.012544,182,197,160,1,20251021_121107
1761041449.3061905,3718838,952022528,952.022528,186,197,160,1,20251021_121107
1761041449.3161745,3718877,952032512,952.032512,190,197,161,1,20251021_121107
1761041449.3261583,3718916,952042496,952.042496,194,198,161,1,20251021_121107
1761041449.3361423,3718955,952052480,952.05248,198,198,162,1,20251021_121107
1761041449.3463826,3718995,952062720,952.06272,202,198,162,1,20251021_121107
1761041449.3563666,3719034,952072704,952.072704,206,199,163,1,20251021_121107
1761041449.366351,3719073,952082688,952.082688,209,199,162,1,20251021_121107
1761041449.376335,3719112,952092672,952.092672,213,198,163,1,20251021_121107
1761041449.3863184,3719151,952102656,952.102656,217,198,164,1,20251021_121107
1761041449.3963025,3719190,952112640,952.11264,220,198,164,1,20251021_121107
1761041449.4062865,3719229,952122624,952.122624,224,198,163,1,20251021_121107
1761041449.4162705,3719268,952132608,952.132608,227,199,164,1,20251021_121107
1761041449.4262545,3719307,952142592,952.142592,231,199,165,1,20251021_121107
1761041449.4362383,3719346,952152576,952.152576,234,199,164,1,20251021_121107
1761041449.4462223,3719385,952162560,952.16256,238,199,164,1,20251021_121107
1761041449.4562066,3719424,952172544,952.172544,241,199,165,1,20251021_121107
1761041449.4661906,3719463,952182528,952.182528,244,199,165,1,20251021_121107
1761041449.4761746,3719502,952192512,952.192512,247,199,165,1,20251021_121107
1761041449.486415,3719542,952202752,952.202752,250,199,165,1,20251021_121107
1761041449.4963984,3719581,952212736,952.212736,253,200,165,1,20251021_121107
1761041449.5063825,3719620,952222720,952.22272,1,199,165,1,20251021_121107
1761041449.5163665,3719659,952232704,952.232704,4,200,164,1,20251021_121107
1761041449.5263505,3719698,952242688,952.242688,7,200,164,1,20251021_121107
1761041449.5363345,3719737,952252672,952.252672,10,200,163,1,20251021_121107
1761041449.5463183,3719776,952262656,952.262656,12,200,163,1,20251021_121107
1761041449.5563023,3719815,952272640,952.27264,15,200,160,1,20251021_121107
1761041449.5662866,3719854,952282624,952.282624,18,200,160,1,20251021_121107
1761041449.5762706,3719893,952292608,952.292608,20,200,160,1,20251021_121107
1761041449.5862546,3719932,952302592,952.302592,23,199,157,1,20251021_121107
1761041449.5962386,3719971,952312576,952.312576,26,199,153,1,20251021_121107
1761041449.6062226,3720010,952322560,952.32256,29,200,151,1,20251021_121107
1761041449.6162066,3720049,952332544,952.332544,31,199,149,1,20251021_121107
1761041449.626191,3720088,952342528,952.342528,34,200,142,1,20251021_121107
1761041449.6364305,3720128,952352768,952.352768,37,200,136,1,20251021_121107
1761041449.6464145,3720167,952362752,952.362752,41,200,130,1,20251021_121107
1761041449.6563983,3720206,952372736,952.372736,44,200,125,1,20251021_121107
1761041449.6663826,3720245,952382720,952.38272,47,199,118,1,20251021_121107
1761041449.6763666,3720284,952392704,952.392704,51,200,112,1,20251021_121107
1761041449.6863506,3720323,952402688,952.402688,55,199,108,1,20251021_121107
1761041449.6963346,3720362,952412672,952.412672,59,199,103,1,20251021_121107
1761041449.7063186,3720401,952422656,952.422656,63,200,100,1,20251021_121107
1761041449.7163026,3720440,952432640,952.43264,67,199,96,1,20251021_121107
1761041449.7262866,3720479,952442624,952.442624,70,200,98,1,20251021_121107
1761041449.736271,3720518,952452608,952.452608,74,200,99,1,20251021_121107
1761041449.7462544,3720557,952462592,952.462592,78,199,98,1,20251021_121107
1761041449.7562385,3720596,952472576,952.472576,82,200,99,1,20251021_121107
1761041449.7662225,3720635,952482560,952.48256,86,200,99,1,20251021_121107
1761041449.7764626,3720675,952492800,952.4928,89,200,99,1,20251021_121107
1761041449.7864466,3720714,952502784,952.502784,93,199,96,1,20251021_121107
1761041449.7964306,3720753,952512768,952.512768,97,199,97,1,20251021_121107
1761041449.8064146,3720792,952522752,952.522752,100,198,97,1,20251021_121107
1761041449.8163986,3720831,952532736,952.532736,103,198,97,1,20251021_121107
1761041449.8263826,3720870,952542720,952.54272,107,198,98,1,20251021_121107
1761041449.836367,3720909,952552704,952.552704,110,198,96,1,20251021_121107
1761041449.846351,3720948,952562688,952.562688,113,197,97,1,20251021_121107
1761041449.8563344,3720987,952572672,952.572672,117,198,98,1,20251021_121107
1761041449.8663185,3721026,952582656,952.582656,120,198,100,1,20251021_121107
1761041449.8763025,3721065,952592640,952.59264,123,198,100,1,20251021_121107
1761041449.8862865,3721104,952602624,952.602624,126,197,101,1,20251021_121107
1761041449.8962705,3721143,952612608,952.612608,129,198,102,1,20251021_121107
1761041449.9062543,3721182,952622592,952.622592,132,197,102,1,20251021_121107
1761041449.9162383,3721221,952632576,952.632576,134,197,103,1,20251021_121107
1761041449.9264786,3721261,952642816,952.642816,137,197,106,1,20251021_121107
1761041449.9364626,3721300,952652800,952.6528,140,197,109,1,20251021_121107
1761041449.946447,3721339,952662784,952.662784,143,197,111,1,20251021_121107
1761041449.956431,3721378,952672768,952.672768,146,197,116,1,20251021_121107
1761041449.9664145,3721417,952682752,952.682752,149,197,122,1,20251021_121107
1761041449.9763985,3721456,952692736,952.692736,152,197,127,1,20251021_121107
1761041449.9863825,3721495,952702720,952.70272,155,197,131,1,20251021_121107
1761041449.9963665,3721534,952712704,952.712704,158,197,136,1,20251021_121107
1761041450.0063505,3721573,952722688,952.722688,162,198,141,1,20251021_121107
1761041450.0163343,3721612,952732672,952.732672,165,197,146,1,20251021_121107
1761041450.0263186,3721651,952742656,952.742656,169,197,152,1,20251021_121107
1761041450.0363026,3721690,952752640,952.75264,173,197,157,1,20251021_121107
1761041450.0462866,3721729,952762624,952.762624,176,198,159,1,20251021_121107
1761041450.0562706,3721768,952772608,952.772608,180,197,159,1,20251021_121107
1761041450.0665104,3721808,952782848,952.782848,184,197,160,1,20251021_121107
1761041450.0764945,3721847,952792832,952.792832,188,198,161,1,20251021_121107
1761041450.0864785,3721886,952802816,952.802816,192,198,163,1,20251021_121107
1761041450.0964625,3721925,952812800,952.8128,196,198,162,1,20251021_121107
1761041450.1064465,3721964,952822784,952.822784,200,198,162,1,20251021_121107
1761041450.1164303,3722003,952832768,952.832768,204,199,163,1,20251021_121107
1761041450.1264143,3722042,952842752,952.842752,207,199,161,1,20251021_121107
1761041450.1363986,3722081,952852736,952.852736,211,199,163,1,20251021_121107
1761041450.1463826,3722120,952862720,952.86272,215,199,164,1,20251021_121107
1761041450.1563666,3722159,952872704,952.872704,218,198,163,1,20251021_121107
1761041450.1663506,3722198,952882688,952.882688,222,199,164,1,20251021_121107
1761041450.1763346,3722237,952892672,952.892672,226,199,164,1,20251021_121107
1761041450.1863186,3722276,952902656,952.902656,229,199,164,1,20251021_121107
1761041450.196303,3722315,952912640,952.91264,232,199,164,1,20251021_121107
1761041450.2065425,3722355,952922880,952.92288,236,199,164,1,20251021_121107
1761041450.2165265,3722394,952932864,952.932864,239,200,165,1,20251021_121107
1761041450.2265103,3722433,952942848,952.942848,242,199,165,1,20251021_121107
1761041450.2364943,3722472,952952832,952.952832,245,199,164,1,20251021_121107
1761041450.2464786,3722511,952962816,952.962816,248,200,164,1,20251021_121107
1761041450.2564626,3722550,952972800,952.9728,252,199,165,1,20251021_121107
1761041450.2664466,3722589,952982784,952.982784,254,200,164,1,20251021_121107
1761041450.2764306,3722628,952992768,952.992768,2,199,164,1,20251021_121107
1761041450.2864146,3722667,953002752,953.002752,5,200,165,1,20251021_121107
1761041450.2963986,3722706,953012736,953.012736,8,200,163,1,20251021_121107
1761041450.306383,3722745,953022720,953.02272,11,200,162,1,20251021_121107
1761041450.316367,3722784,953032704,953.032704,14,200,161,1,20251021_121107
1761041450.3263505,3722823,953042688,953.042688,16,200,160,1,20251021_121107
1761041450.3363345,3722862,953052672,953.052672,19,200,160,1,20251021_121107
1761041450.3463185,3722901,953062656,953.062656,22,200,158,1,20251021_121107
1761041450.3565586,3722941,953072896,953.072896,24,200,159,1,20251021_121107
1761041450.3665426,3722980,953082880,953.08288,27,199,153,1,20251021_121107
1761041450.3765266,3723019,953092864,953.092864,30,200,151,1,20251021_121107
1761041450.3865106,3723058,953102848,953.102848,33,199,150,1,20251021_121107
1761041450.3964946,3723097,953112832,953.112832,35,199,144,1,20251021_121107
1761041450.4064786,3723136,953122816,953.122816,38,199,140,1,20251021_121107
1761041450.416463,3723175,953132800,953.1328,42,200,129,1,20251021_121107
1761041450.426447,3723214,953142784,953.142784,45,199,125,1,20251021_121107
1761041450.4364305,3723253,953152768,953.152768,48,200,117,1,20251021_121107
1761041450.4464145,3723292,953162752,953.162752,52,200,110,1,20251021_121107
1761041450.4563985,3723331,953172736,953.172736,56,200,107,1,20251021_121107
1761041450.4663825,3723370,953182720,953.18272,60,200,102,1,20251021_121107
1761041450.4763663,3723409,953192704,953.192704,64,200,100,1,20251021_121107
1761041450.4863503,3723448,953202688,953.202688,68,199,97,1,20251021_121107
1761041450.4965906,3723488,953212928,953.212928,71,199,97,1,20251021_121107
1761041450.5065746,3723527,953222912,953.222912,75,199,101,1,20251021_121107
1761041450.5165586,3723566,953232896,953.232896,79,200,98,1,20251021_121107
1761041450.526543,3723605,953242880,953.24288,83,199,97,1,20251021_121107
1761041450.5365264,3723644,953252864,953.252864,87,199,97,1,20251021_121107
1761041450.5465105,3723683,953262848,953.262848,90,199,99,1,20251021_121107
1761041450.5564945,3723722,953272832,953.272832,94,199,98,1,20251021_121107
1761041450.5664785,3723761,953282816,953.282816,97,198,98,1,20251021_121107
1761041450.5764625,3723800,953292800,953.2928,101,199,98,1,20251021_121107
1761041450.5864463,3723839,953302784,953.302784,104,198,99,1,20251021_121107
1761041450.5964303,3723878,953312768,953.312768,108,198,98,1,20251021_121107
1761041450.6064146,3723917,953322752,953.322752,111,198,99,1,20251021_121107
1761041450.6163986,3723956,953332736,953.332736,114,198,97,1,20251021_121107
1761041450.6263826,3723995,953342720,953.34272,117,198,99,1,20251021_121107
1761041450.6363666,3724034,953352704,953.352704,120,197,99,1,20251021_121107
1761041450.6466064,3724074,953362944,953.362944,123,197,99,1,20251021_121107
1761041450.6565905,3724113,953372928,953.372928,126,198,100,1,20251021_121107
1761041450.6665745,3724152,953382912,953.382912,129,197,99,1,20251021_121107
1761041450.6765585,3724191,953392896,953.392896,132,198,100,1,20251021_121107
1761041450.6865425,3724230,953402880,953.40288,135,197,100,1,20251021_121107
1761041450.6965263,3724269,953412864,953.412864,138,197,100,1,20251021_121107
1761041450.7065103,3724308,953422848,953.422848,141,197,100,1,20251021_121107
1761041450.7164946,3724347,953432832,953.432832,143,197,101,1,20251021_121107
1761041450.7264786,3724386,953442816,953.442816,146,196,104,1,20251021_121107
1761041450.7364626,3724425,953452800,953.4528,149,197,102,1,20251021_121107
1761041450.7464466,3724464,953462784,953.462784,151,198,103,1,20251021_121107
1761041450.7564306,3724503,953472768,953.472768,154,197,104,1,20251021_121107
1761041450.7664146,3724542,953482752,953.482752,157,197,104,1,20251021_121107
1761041450.7766545,3724582,953492992,953.492992,159,198,105,1,20251021_121107
1761041450.7866385,3724621,953502976,953.502976,162,197,107,1,20251021_121107
1761041450.7966225,3724660,953512960,953.51296,165,197,111,1,20251021_121107
1761041450.8066063,3724699,953522944,953.522944,167,198,115,1,20251021_121107
1761041450.8165903,3724738,953532928,953.532928,170,198,118,1,20251021_121107
1761041450.8265746,3724777,953542912,953.542912,173,197,125,1,20251021_121107
1761041450.8365586,3724816,953552896,953.552896,176,198,127,1,20251021_121107
1761041450.8465426,3724855,953562880,953.56288,179,198,131,1,20251021_121107
1761041450.8565266,3724894,953572864,953.572864,183,198,136,1,20251021_121107
1761041450.8665106,3724933,953582848,953.582848,186,198,139,1,20251021_121107
1761041450.8764946,3724972,953592832,953.592832,189,199,144,1,20251021_121107
1761041450.886479,3725011,953602816,953.602816,193,198,150,1,20251021_121107
1761041450.8964624,3725050,953612800,953.6128,196,198,152,1,20251021_121107
1761041450.9064465,3725089,953622784,953.622784,200,198,156,1,20251021_121107
1761041450.9164305,3725128,953632768,953.632768,204,198,158,1,20251021_121107
1761041450.9266706,3725168,953643008,953.643008,208,199,161,1,20251021_121107
1761041450.9366546,3725207,953652992,953.652992,211,199,160,1,20251021_121107
1761041450.9466386,3725246,953662976,953.662976,215,199,160,1,20251021_121107
1761041450.9566226,3725285,953672960,953.67296,219,199,161,1,20251021_121107
1761041450.9666066,3725324,953682944,953.682944,222,199,161,1,20251021_121107
1761041450.9765906,3725363,953692928,953.692928,226,200,162,1,20251021_121107
1761041450.9865746,3725402,953702912,953.702912,229,200,162,1,20251021_121107
1761041450.996559,3725441,953712896,953.712896,233,199,160,1,20251021_121107
1761041451.0065424,3725480,953722880,953.72288,236,200,163,1,20251021_121107
1761041451.0165265,3725519,953732864,953.732864,239,200,162,1,20251021_121107
1761041451.0265105,3725558,953742848,953.742848,242,200,164,1,20251021_121107
1761041451.0364945,3725597,953752832,953.752832,245,201,164,1,20251021_121107
1761041451.0464785,3725636,953762816,953.762816,249,200,162,1,20251021_121107
1761041451.0564623,3725675,953772800,953.7728,252,200,164,1,20251021_121107
1761041451.0667026,3725715,953783040,953.78304,0,200,164,1,20251021_121107
1761041451.0766866,3725754,953793024,953.793024,2,200,164,1,20251021_121107
1761041451.0866706,3725793,953803008,953.803008,5,200,164,1,20251021_121107
1761041451.096655,3725832,953812992,953.812992,8,200,164,1,20251021_121107
1761041451.106639,3725871,953822976,953.822976,11,200,164,1,20251021_121107
1761041451.1166224,3725910,953832960,953.83296,14,200,164,1,20251021_121107
1761041451.1266065,3725949,953842944,953.842944,16,200,163,1,20251021_121107
1761041451.1365905,3725988,953852928,953.852928,19,200,163,1,20251021_121107
1761041451.1465745,3726027,953862912,953.862912,22,200,163,1,20251021_121107
1761041451.1565585,3726066,953872896,953.872896,24,200,162,1,20251021_121107
1761041451.1665423,3726105,953882880,953.88288,27,200,162,1,20251021_121107
1761041451.1765263,3726144,953892864,953.892864,29,200,160,1,20251021_121107
1761041451.1865106,3726183,953902848,953.902848,32,200,161,1,20251021_121107
1761041451.1964946,3726222,953912832,953.912832,34,200,159,1,20251021_121107
1761041451.2064786,3726261,953922816,953.922816,37,200,158,1,20251021_121107
1761041451.216719,3726301,953933056,953.933056,39,200,158,1,20251021_121107
1761041451.2267025,3726340,953943040,953.94304,42,199,155,1,20251021_121107
1761041451.2366865,3726379,953953024,953.953024,45,200,152,1,20251021_121107
1761041451.2466705,3726418,953963008,953.963008,47,199,148,1,20251021_121107
1761041451.2566545,3726457,953972992,953.972992,50,199,141,1,20251021_121107
1761041451.2666385,3726496,953982976,953.982976,53,199,133,1,20251021_121107
1761041451.2766223,3726535,953992960,953.99296,57,199,127,1,20251021_121107
1761041451.2866066,3726574,954002944,954.002944,60,200,124,1,20251021_121107
1761041451.2965906,3726613,954012928,954.012928,63,200,119,1,20251021_121107
1761041451.3065746,3726652,954022912,954.022912,67,199,115,1,20251021_121107
1761041451.3165586,3726691,954032896,954.032896,70,200,110,1,20251021_121107
1761041451.3265426,3726730,954042880,954.04288,74,199,106,1,20251021_121107
1761041451.3365266,3726769,954052864,954.052864,78,200,103,1,20251021_121107
1761041451.3465106,3726808,954062848,954.062848,82,199,100,1,20251021_121107
1761041451.3567505,3726848,954073088,954.073088,85,199,98,1,20251021_121107
1761041451.3667345,3726887,954083072,954.083072,89,198,99,1,20251021_121107
1761041451.3767183,3726926,954093056,954.093056,93,198,100,1,20251021_121107
1761041451.3867023,3726965,954103040,954.10304,96,199,101,1,20251021_121107
1761041451.3966866,3727004,954113024,954.113024,100,197,99,1,20251021_121107
1761041451.4066706,3727043,954123008,954.123008,103,198,97,1,20251021_121107
1761041451.4166546,3727082,954132992,954.132992,107,197,98,1,20251021_121107
1761041451.4266386,3727121,954142976,954.142976,110,197,100,1,20251021_121107
1761041451.4366226,3727160,954152960,954.15296,113,197,101,1,20251021_121107
1761041451.4466066,3727199,954162944,954.162944,116,197,101,1,20251021_121107
1761041451.456591,3727238,954172928,954.172928,119,196,99,1,20251021_121107
1761041451.466575,3727277,954182912,954.182912,122,197,102,1,20251021_121107
1761041451.4765584,3727316,954192896,954.192896,125,197,103,1,20251021_121107
1761041451.4865425,3727355,954202880,954.20288,128,197,103,1,20251021_121107
1761041451.4967823,3727395,954213120,954.21312,131,196,103,1,20251021_121107
1761041451.5067666,3727434,954223104,954.223104,134,196,104,1,20251021_121107
1761041451.5167506,3727473,954233088,954.233088,137,196,104,1,20251021_121107
1761041451.5267346,3727512,954243072,954.243072,140,196,107,1,20251021_121107
1761041451.5367186,3727551,954253056,954.253056,143,196,108,1,20251021_121107
1761041451.5467026,3727590,954263040,954.26304,146,196,110,1,20251021_121107
1761041451.5566866,3727629,954273024,954.273024,148,196,113,1,20251021_121107
1761041451.566671,3727668,954283008,954.283008,151,196,117,1,20251021_121107
1761041451.576655,3727707,954292992,954.292992,154,196,120,1,20251021_121107
1761041451.5866385,3727746,954302976,954.302976,157,197,127,1,20251021_121107
1761041451.5966225,3727785,954312960,954.31296,160,196,130,1,20251021_121107
1761041451.6066065,3727824,954322944,954.322944,164,197,135,1,20251021_121107
1761041451.6165905,3727863,954332928,954.332928,167,197,138,1,20251021_121107
1761041451.6265745,3727902,954342912,954.342912,170,197,145,1,20251021_121107
1761041451.6365583,3727941,954352896,954.352896,174,197,148,1,20251021_121107
1761041451.6467986,3727981,954363136,954.363136,178,197,152,1,20251021_121107
1761041451.6567826,3728020,954373120,954.37312,181,197,157,1,20251021_121107
1761041451.6667666,3728059,954383104,954.383104,185,196,159,1,20251021_121107
1761041451.676751,3728098,954393088,954.393088,189,197,159,1,20251021_121107
1761041451.686735,3728137,954403072,954.403072,193,197,159,1,20251021_121107
1761041451.6967185,3728176,954413056,954.413056,197,197,161,1,20251021_121107
1761041451.7067025,3728215,954423040,954.42304,201,198,161,1,20251021_121107
1761041451.7166865,3728254,954433024,954.433024,205,198,162,1,20251021_121107
1761041451.7266705,3728293,954443008,954.443008,208,198,161,1,20251021_121107
1761041451.7366543,3728332,954452992,954.452992,212,199,162,1,20251021_121107
1761041451.7466383,3728371,954462976,954.462976,216,199,162,1,20251021_121107
1761041451.7566226,3728410,954472960,954.47296,219,199,162,1,20251021_121107
1761041451.7666066,3728449,954482944,954.482944,223,199,164,1,20251021_121107
1761041451.7765906,3728488,954492928,954.492928,226,199,164,1,20251021_121107
1761041451.786831,3728528,954503168,954.503168,230,200,163,1,20251021_121107
1761041451.7968144,3728567,954513152,954.513152,233,200,164,1,20251021_121107
1761041451.8067985,3728606,954523136,954.523136,237,199,164,1,20251021_121107
1761041451.8167825,3728645,954533120,954.53312,240,199,164,1,20251021_121107
1761041451.8267665,3728684,954543104,954.543104,243,199,164,1,20251021_121107
1761041451.8367505,3728723,954553088,954.553088,246,200,165,1,20251021_121107
1761041451.8467343,3728762,954563072,954.563072,249,200,164,1,20251021_121107
1761041451.8567183,3728801,954573056,954.573056,252,200,163,1,20251021_121107
1761041451.8667026,3728840,954583040,954.58304,0,200,164,1,20251021_121107
1761041451.8766866,3728879,954593024,954.593024,3,200,163,1,20251021_121107
1761041451.8866706,3728918,954603008,954.603008,6,200,162,1,20251021_121107
1761041451.8966546,3728957,954612992,954.612992,9,200,162,1,20251021_121107
1761041451.9066386,3728996,954622976,954.622976,12,200,161,1,20251021_121107
1761041451.9166226,3729035,954632960,954.63296,14,200,160,1,20251021_121107
1761041451.9268625,3729075,954643200,954.6432,17,200,160,1,20251021_121107
1761041451.9368465,3729114,954653184,954.653184,20,200,159,1,20251021_121107
1761041451.9468305,3729153,954663168,954.663168,22,200,159,1,20251021_121107
1761041451.9568143,3729192,954673152,954.673152,25,200,154,1,20251021_121107
1761041451.9667983,3729231,954683136,954.683136,28,200,154,1,20251021_121107
1761041451.9767826,3729270,954693120,954.69312,31,200,152,1,20251021_121107
1761041451.9867666,3729309,954703104,954.703104,33,200,148,1,20251021_121107
1761041451.9967506,3729348,954713088,954.713088,36,200,147,1,20251021_121107
1761041452.0067346,3729387,954723072,954.723072,39,199,144,1,20251021_121107
1761041452.0167186,3729426,954733056,954.733056,42,200,135,1,20251021_121107
1761041452.0267026,3729465,954743040,954.74304,45,199,130,1,20251021_121107
1761041452.036687,3729504,954753024,954.753024,49,200,127,1,20251021_121107
1761041452.046671,3729543,954763008,954.763008,52,200,124,1,20251021_121107
1761041452.0566545,3729582,954772992,954.772992,55,200,120,1,20251021_121107
1761041452.0668943,3729622,954783232,954.783232,59,199,115,1,20251021_121107
1761041452.0768783,3729661,954793216,954.793216,63,200,111,1,20251021_121107
1761041452.0868626,3729700,954803200,954.8032,66,200,106,1,20251021_121107
1761041452.0968466,3729739,954813184,954.813184,70,200,102,1,20251021_121107
1761041452.1068306,3729778,954823168,954.823168,74,199,98,1,20251021_121107
1761041452.1168146,3729817,954833152,954.833152,78,199,96,1,20251021_121107
1761041452.1267986,3729856,954843136,954.843136,82,199,96,1,20251021_121107
1761041452.1367826,3729895,954853120,954.85312,85,199,96,1,20251021_121107
1761041452.146767,3729934,954863104,954.863104,89,199,98,1,20251021_121107
1761041452.1567504,3729973,954873088,954.873088,93,198,96,1,20251021_121107
1761041452.1667345,3730012,954883072,954.883072,96,198,97,1,20251021_121107
1761041452.1767185,3730051,954893056,954.893056,100,198,97,1,20251021_121107
1761041452.1867025,3730090,954903040,954.90304,103,197,97,1,20251021_121107
1761041452.1966865,3730129,954913024,954.913024,107,197,97,1,20251021_121107
1761041452.2069266,3730169,954923264,954.923264,110,197,98,1,20251021_121107
1761041452.2169106,3730208,954933248,954.933248,113,197,98,1,20251021_121107
1761041452.2268946,3730247,954943232,954.943232,116,197,99,1,20251021_121107
1761041452.2368786,3730286,954953216,954.953216,119,196,97,1,20251021_121107
1761041452.2468626,3730325,954963200,954.9632,122,196,98,1,20251021_121107
1761041452.256847,3730364,954973184,954.973184,125,196,98,1,20251021_121107
1761041452.2668304,3730403,954983168,954.983168,128,197,98,1,20251021_121107
1761041452.2768145,3730442,954993152,954.993152,131,196,98,1,20251021_121107
1761041452.2867985,3730481,955003136,955.003136,134,196,99,1,20251021_121107
1761041452.2967825,3730520,955013120,955.01312,137,195,100,1,20251021_121107
1761041452.3067665,3730559,955023104,955.023104,140,195,102,1,20251021_121107
1761041452.3167503,3730598,955033088,955.033088,142,195,103,1,20251021_121107
1761041452.3269906,3730638,955043328,955.043328,145,195,104,1,20251021_121107
1761041452.3369746,3730677,955053312,955.053312,148,195,106,1,20251021_121107
1761041452.3469586,3730716,955063296,955.063296,151,195,109,1,20251021_121107
1761041452.356943,3730755,955073280,955.07328,153,196,110,1,20251021_121107
1761041452.366927,3730794,955083264,955.083264,156,195,113,1,20251021_121107
1761041452.3769104,3730833,955093248,955.093248,159,196,116,1,20251021_121107
1761041452.3868945,3730872,955103232,955.103232,162,196,125,1,20251021_121107
1761041452.3968785,3730911,955113216,955.113216,165,196,128,1,20251021_121107
1761041452.4068625,3730950,955123200,955.1232,168,196,135,1,20251021_121107
1761041452.4168465,3730989,955133184,955.133184,172,197,141,1,20251021_121107
1761041452.4268303,3731028,955143168,955.143168,175,197,146,1,20251021_121107
1761041452.4368143,3731067,955153152,955.153152,179,196,153,1,20251021_121107
1761041452.4467986,3731106,955163136,955.163136,183,197,162,1,20251021_121107
1761041452.4567826,3731145,955173120,955.17312,187,196,161,1,20251021_121107
1761041452.467023,3731185,955183360,955.18336,191,197,163,1,20251021_121107
1761041452.477007,3731224,955193344,955.193344,195,197,161,1,20251021_121107
1761041452.4869905,3731263,955203328,955.203328,199,197,162,1,20251021_121107
1761041452.4969745,3731302,955213312,955.213312,202,197,163,1,20251021_121107
1761041452.5069585,3731341,955223296,955.223296,206,198,164,1,20251021_121107
1761041452.5169425,3731380,955233280,955.23328,210,197,164,1,20251021_121107
1761041452.5269265,3731419,955243264,955.243264,214,197,165,1,20251021_121107
1761041452.5369103,3731458,955253248,955.253248,217,198,165,1,20251021_121107
1761041452.5468946,3731497,955263232,955.263232,221,198,165,1,20251021_121107
1761041452.5568786,3731536,955273216,955.273216,225,198,164,1,20251021_121107
1761041452.5668626,3731575,955283200,955.2832,228,198,163,1,20251021_121107
1761041452.5768466,3731614,955293184,955.293184,232,198,166,1,20251021_121107
1761041452.5868306,3731653,955303168,955.303168,235,200,166,1,20251021_121107
1761041452.5968146,3731692,955313152,955.313152,238,199,166,1,20251021_121107
1761041452.6067986,3731731,955323136,955.323136,241,200,165,1,20251021_121107
1761041452.6170385,3731771,955333376,955.333376,245,199,166,1,20251021_121107
1761041452.6270225,3731810,955343360,955.34336,248,199,166,1,20251021_121107
1761041452.6370063,3731849,955353344,955.353344,251,200,167,1,20251021_121107
1761041452.6469903,3731888,955363328,955.363328,254,198,167,1,20251021_121107
1761041452.6569746,3731927,955373312,955.373312,2,195,165,1,20251021_121107
1761041452.6669586,3731966,955383296,955.383296,4,178,166,1,20251021_121107
1761041452.6769426,3732005,955393280,955.39328,7,146,167,1,20251021_121107
1761041452.6869266,3732044,955403264,955.403264,10,132,168,1,20251021_121107
1761041452.6969106,3732083,955413248,955.413248,13,147,164,1,20251021_121107
1761041452.7068946,3732122,955423232,955.423232,15,189,167,1,20251021_121107
1761041452.716879,3732161,955433216,955.433216,18,139,166,1,20251021_121107
1761041452.726863,3732200,955443200,955.4432,21,196,167,1,20251021_121107
1761041452.7368464,3732239,955453184,955.453184,23,170,167,1,20251021_121107
1761041452.7468305,3732278,955463168,955.463168,26,169,166,1,20251021_121107
1761041452.7568145,3732317,955473152,955.473152,28,148,167,1,20251021_121107
1761041452.7670546,3732357,955483392,955.483392,31,133,167,1,20251021_121107
1761041452.7770386,3732396,955493376,955.493376,33,148,167,1,20251021_121107
1761041452.7870226,3732435,955503360,955.50336,36,127,170,1,20251021_121107
1761041452.7970066,3732474,955513344,955.513344,38,149,169,1,20251021_121107
1761041452.8069906,3732513,955523328,955.523328,40,140,168,1,20251021_121107
1761041452.8169746,3732552,955533312,955.533312,43,132,167,1,20251021_121107
1761041452.826959,3732591,955543296,955.543296,45,112,168,1,20251021_121107
1761041452.836943,3732630,955553280,955.55328,48,108,167,1,20251021_121107
1761041452.8469265,3732669,955563264,955.563264,50,111,168,1,20251021_121107
1761041452.8569105,3732708,955573248,955.573248,52,106,168,1,20251021_121107
1761041452.8668945,3732747,955583232,955.583232,55,112,167,1,20251021_121107
1761041452.8768785,3732786,955593216,955.593216,57,121,168,1,20251021_121107
1761041452.8871186,3732826,955603456,955.603456,60,108,168,1,20251021_121107
1761041452.8971026,3732865,955613440,955.61344,62,117,168,1,20251021_121107
1761041452.9070866,3732904,955623424,955.623424,64,115,168,1,20251021_121107
1761041452.9170706,3732943,955633408,955.633408,67,117,167,1,20251021_121107
1761041452.9270546,3732982,955643392,955.643392,69,113,168,1,20251021_121107
1761041452.937039,3733021,955653376,955.653376,72,107,167,1,20251021_121107
1761041452.9472785,3733061,955663616,955.663616,74,107,169,1,20251021_121107
1761041452.9572625,3733100,955673600,955.6736,77,111,168,1,20251021_121107
1761041452.9672463,3733139,955683584,955.683584,79,105,168,1,20251021_121107
1761041452.9772303,3733178,955693568,955.693568,82,105,169,1,20251021_121107
1761041452.9872146,3733217,955703552,955.703552,85,106,168,1,20251021_121107
1761041452.9971986,3733256,955713536,955.713536,87,106,168,1,20251021_121107
1761041453.0071826,3733295,955723520,955.72352,90,104,168,1,20251021_121107
1761041453.0171666,3733334,955733504,955.733504,93,102,167,1,20251021_121107
1761041453.0274065,3733374,955743744,955.743744,96,103,169,1,20251021_121107
1761041453.0373905,3733413,955753728,955.753728,98,102,168,1,20251021_121107
1761041453.0473745,3733452,955763712,955.763712,101,96,169,1,20251021_121107
1761041453.0573585,3733491,955773696,955.773696,104,125,167,1,20251021_121107
1761041453.0673423,3733530,955783680,955.78368,107,100,168,1,20251021_121107
1761041453.0773263,3733569,955793664,955.793664,110,111,168,1,20251021_121107
1761041453.0873106,3733608,955803648,955.803648,114,103,168,1,20251021_121107
1761041453.0975506,3733648,955813888,955.813888,117,103,169,1,20251021_121107
1761041453.1075346,3733687,955823872,955.823872,120,99,168,1,20251021_121107
1761041453.117519,3733726,955833856,955.833856,123,99,170,1,20251021_121107
1761041453.1275024,3733765,955843840,955.84384,127,101,167,1,20251021_121107
1761041453.1374865,3733804,955853824,955.853824,130,101,169,1,20251021_121107
1761041453.1474705,3733843,955863808,955.863808,134,101,169,1,20251021_121107
1761041453.1574545,3733882,955873792,955.873792,137,102,168,1,20251021_121107
1761041453.1674385,3733921,955883776,955.883776,141,99,170,1,20251021_121107
1761041453.1774223,3733960,955893760,955.89376,145,94,169,1,20251021_121107
1761041453.1876626,3734000,955904000,955.904,149,95,171,1,20251021_121107
1761041453.1976466,3734039,955913984,955.913984,152,95,169,1,20251021_121107
1761041453.2076306,3734078,955923968,955.923968,156,95,169,1,20251021_121107
1761041453.217615,3734117,955933952,955.933952,160,95,170,1,20251021_121107
1761041453.227599,3734156,955943936,955.943936,164,97,170,1,20251021_121107
1761041453.2375824,3734195,955953920,955.95392,168,97,170,1,20251021_121107
1761041453.2475665,3734234,955963904,955.963904,172,102,170,1,20251021_121107
1761041453.2575505,3734273,955973888,955.973888,176,91,169,1,20251021_121107
1761041453.2675345,3734312,955983872,955.983872,180,96,170,1,20251021_121107
1761041453.2775185,3734351,955993856,955.993856,184,98,170,1,20251021_121107
1761041453.2875023,3734390,956003840,956.00384,188,95,170,1,20251021_121107
1761041453.2974863,3734429,956013824,956.013824,192,101,170,1,20251021_121107
1761041453.3074706,3734468,956023808,956.023808,196,104,170,1,20251021_121107
1761041453.3174546,3734507,956033792,956.033792,200,102,170,1,20251021_121107
1761041453.327695,3734547,956044032,956.044032,204,107,170,1,20251021_121107
1761041453.337679,3734586,956054016,956.054016,207,106,169,1,20251021_121107
1761041453.3476624,3734625,956064000,956.064,211,108,171,1,20251021_121107
1761041453.3576465,3734664,956073984,956.073984,215,108,169,1,20251021_121107
1761041453.3676305,3734703,956083968,956.083968,219,112,170,1,20251021_121107
1761041453.3776145,3734742,956093952,956.093952,222,116,170,1,20251021_121107
1761041453.3875985,3734781,956103936,956.103936,226,119,170,1,20251021_121107
1761041453.3975823,3734820,956113920,956.11392,229,123,169,1,20251021_121107
1761041453.4075663,3734859,956123904,956.123904,233,128,170,1,20251021_121107
1761041453.4175506,3734898,956133888,956.133888,236,129,171,1,20251021_121107
1761041453.4275346,3734937,956143872,956.143872,239,131,170,1,20251021_121107
1761041453.4375186,3734976,956153856,956.153856,242,132,169,1,20251021_121107
1761041453.4475026,3735015,956163840,956.16384,246,132,171,1,20251021_121107
1761041453.4574866,3735054,956173824,956.173824,249,132,169,1,20251021_121107
1761041453.4674706,3735093,956183808,956.183808,252,133,171,1,20251021_121107
1761041453.4777105,3735133,956194048,956.194048,0,133,170,1,20251021_121107
1761041453.4876945,3735172,956204032,956.204032,2,133,171,1,20251021_121107
1761041453.4976785,3735211,956214016,956.214016,5,133,170,1,20251021_121107
1761041453.5076623,3735250,956224000,956.224,8,131,169,1,20251021_121107
1761041453.5176466,3735289,956233984,956.233984,11,130,171,1,20251021_121107
1761041453.5276306,3735328,956243968,956.243968,14,129,171,1,20251021_121107
1761041453.5376146,3735367,956253952,956.253952,16,129,171,1,20251021_121107
1761041453.5475986,3735406,956263936,956.263936,19,127,170,1,20251021_121107
1761041453.5575826,3735445,956273920,956.27392,21,126,170,1,20251021_121107
1761041453.5675666,3735484,956283904,956.283904,24,127,173,1,20251021_121107
1761041453.5775506,3735523,956293888,956.293888,27,129,170,1,20251021_121107
1761041453.587535,3735562,956303872,956.303872,29,130,170,1,20251021_121107
1761041453.5975184,3735601,956313856,956.313856,32,131,171,1,20251021_121107
1761041453.6075025,3735640,956323840,956.32384,34,130,172,1,20251021_121107
1761041453.6177423,3735680,956334080,956.33408,36,131,171,1,20251021_121107
1761041453.6277266,3735719,956344064,956.344064,39,130,169,1,20251021_121107
1761041453.6377106,3735758,956354048,956.354048,41,128,171,1,20251021_121107
1761041453.6476946,3735797,956364032,956.364032,44,127,170,1,20251021_121107
1761041453.6576786,3735836,956374016,956.374016,46,126,171,1,20251021_121107
1761041453.6676626,3735875,956384000,956.384,48,124,171,1,20251021_121107
1761041453.6776466,3735914,956393984,956.393984,51,123,170,1,20251021_121107
1761041453.687631,3735953,956403968,956.403968,53,123,170,1,20251021_121107
1761041453.697615,3735992,956413952,956.413952,56,121,170,1,20251021_121107
1761041453.7075984,3736031,956423936,956.423936,58,121,171,1,20251021_121107
1761041453.7175825,3736070,956433920,956.43392,60,120,171,1,20251021_121107
1761041453.7275665,3736109,956443904,956.443904,63,118,171,1,20251021_121107
1761041453.7378066,3736149,956454144,956.454144,65,115,171,1,20251021_121107
1761041453.7477906,3736188,956464128,956.464128,68,113,171,1,20251021_121107
1761041453.7577746,3736227,956474112,956.474112,70,113,171,1,20251021_121107
1761041453.7677586,3736266,956484096,956.484096,73,113,171,1,20251021_121107
1761041453.7777426,3736305,956494080,956.49408,75,114,171,1,20251021_121107
1761041453.7877266,3736344,956504064,956.504064,78,113,170,1,20251021_121107
1761041453.797711,3736383,956514048,956.514048,80,115,171,1,20251021_121107
1761041453.807695,3736422,956524032,956.524032,83,115,171,1,20251021_121107
1761041453.8176785,3736461,956534016,956.534016,85,117,171,1,20251021_121107
1761041453.8276625,3736500,956544000,956.544,88,115,170,1,20251021_121107
1761041453.8376465,3736539,956553984,956.553984,91,115,171,1,20251021_121107
1761041453.8476305,3736578,956563968,956.563968,94,115,168,1,20251021_121107
1761041453.8576145,3736617,956573952,956.573952,96,115,170,1,20251021_121107
1761041453.8678546,3736657,956584192,956.584192,99,117,170,1,20251021_121107
1761041453.8778386,3736696,956594176,956.594176,102,116,170,1,20251021_121107
1761041453.8878226,3736735,956604160,956.60416,105,113,171,1,20251021_121107
1761041453.8978066,3736774,956614144,956.614144,108,109,171,1,20251021_121107
1761041453.907791,3736813,956624128,956.624128,111,112,171,1,20251021_121107
1761041453.9177744,3736852,956634112,956.634112,115,116,171,1,20251021_121107
1761041453.9277585,3736891,956644096,956.644096,118,123,170,1,20251021_121107
1761041453.9377425,3736930,956654080,956.65408,121,128,172,1,20251021_121107
1761041453.9477265,3736969,956664064,956.664064,124,130,170,1,20251021_121107
1761041453.9577105,3737008,956674048,956.674048,128,126,171,1,20251021_121107
1761041453.9676943,3737047,956684032,956.684032,131,116,170,1,20251021_121107
1761041453.9776783,3737086,956694016,956.694016,135,119,171,1,20251021_121107
1761041453.9876626,3737125,956704000,956.704,138,119,171,1,20251021_121107
1761041453.9976466,3737164,956713984,956.713984,142,118,171,1,20251021_121107
1761041454.0078866,3737204,956724224,956.724224,146,118,171,1,20251021_121107
1761041454.017871,3737243,956734208,956.734208,150,116,170,1,20251021_121107
1761041454.0278544,3737282,956744192,956.744192,153,115,170,1,20251021_121107
1761041454.0378385,3737321,956754176,956.754176,157,114,171,1,20251021_121107
1761041454.0478225,3737360,956764160,956.76416,161,112,171,1,20251021_121107
1761041454.0578065,3737399,956774144,956.774144,165,110,170,1,20251021_121107
1761041454.0677905,3737438,956784128,956.784128,169,108,171,1,20251021_121107
1761041454.0777743,3737477,956794112,956.794112,173,107,171,1,20251021_121107
1761041454.0877583,3737516,956804096,956.804096,177,107,171,1,20251021_121107
1761041454.0977426,3737555,956814080,956.81408,181,106,170,1,20251021_121107
1761041454.1077266,3737594,956824064,956.824064,185,106,172,1,20251021_121107
1761041454.1177106,3737633,956834048,956.834048,189,107,171,1,20251021_121107
1761041454.1276946,3737672,956844032,956.844032,193,107,170,1,20251021_121107
1761041454.1376786,3737711,956854016,956.854016,197,110,172,1,20251021_121107
1761041454.1479185,3737751,956864256,956.864256,201,112,171,1,20251021_121107
1761041454.1579025,3737790,956874240,956.87424,205,113,171,1,20251021_121107
1761041454.1678865,3737829,956884224,956.884224,208,115,172,1,20251021_121107
1761041454.1778705,3737868,956894208,956.894208,212,116,172,1,20251021_121107
1761041454.1878543,3737907,956904192,956.904192,216,117,172,1,20251021_121107
1761041454.1978383,3737946,956914176,956.914176,220,119,172,1,20251021_121107
1761041454.2078226,3737985,956924160,956.92416,223,120,172,1,20251021_121107
1761041454.2178066,3738024,956934144,956.934144,227,120,172,1,20251021_121107
1761041454.2277906,3738063,956944128,956.944128,230,123,171,1,20251021_121107
1761041454.2377746,3738102,956954112,956.954112,233,125,172,1,20251021_121107
1761041454.2477586,3738141,956964096,956.964096,237,125,171,1,20251021_121107
1761041454.2577426,3738180,956974080,956.97408,240,126,172,1,20251021_121107
1761041454.267727,3738219,956984064,956.984064,243,126,170,1,20251021_121107
1761041454.277711,3738258,956994048,956.994048,246,127,172,1,20251021_121107
1761041454.2876945,3738297,957004032,957.004032,249,128,172,1,20251021_121107
1761041454.2979343,3738337,957014272,957.014272,252,129,171,1,20251021_121107
1761041454.3079183,3738376,957024256,957.024256,0,130,172,1,20251021_121107
1761041454.3179026,3738415,957034240,957.03424,3,130,171,1,20251021_121107
1761041454.3278866,3738454,957044224,957.044224,6,131,172,1,20251021_121107
1761041454.3378706,3738493,957054208,957.054208,9,131,172,1,20251021_121107
1761041454.3478546,3738532,957064192,957.064192,12,130,172,1,20251021_121107
1761041454.3578386,3738571,957074176,957.074176,14,130,172,1,20251021_121107
1761041454.3678226,3738610,957084160,957.08416,17,129,172,1,20251021_121107
1761041454.377807,3738649,957094144,957.094144,20,129,172,1,20251021_121107
1761041454.3877904,3738688,957104128,957.104128,22,128,172,1,20251021_121107
1761041454.3977745,3738727,957114112,957.114112,25,128,172,1,20251021_121107
1761041454.4077585,3738766,957124096,957.124096,28,128,172,1,20251021_121107
1761041454.4179986,3738806,957134336,957.134336,30,128,172,1,20251021_121107
1761041454.4279826,3738845,957144320,957.14432,33,126,171,1,20251021_121107
1761041454.4379666,3738884,957154304,957.154304,35,125,170,1,20251021_121107
1761041454.4479506,3738923,957164288,957.164288,38,125,172,1,20251021_121107
1761041454.4579346,3738962,957174272,957.174272,40,124,172,1,20251021_121107
1761041454.4679186,3739001,957184256,957.184256,43,123,171,1,20251021_121107
1761041454.477903,3739040,957194240,957.19424,45,123,172,1,20251021_121107
1761041454.487887,3739079,957204224,957.204224,48,122,171,1,20251021_121107
1761041454.4978704,3739118,957214208,957.214208,50,121,172,1,20251021_121107
1761041454.5078545,3739157,957224192,957.224192,53,122,172,1,20251021_121107
1761041454.5178385,3739196,957234176,957.234176,55,123,172,1,20251021_121107
1761041454.5278225,3739235,957244160,957.24416,58,123,171,1,20251021_121107
1761041454.5378065,3739274,957254144,957.254144,60,122,171,1,20251021_121107
1761041454.5477903,3739313,957264128,957.264128,63,121,171,1,20251021_121107
1761041454.5580306,3739353,957274368,957.274368,65,119,172,1,20251021_121107
1761041454.5680146,3739392,957284352,957.284352,68,117,172,1,20251021_121107
1761041454.5779986,3739431,957294336,957.294336,70,116,172,1,20251021_121107
1761041454.587983,3739470,957304320,957.30432,73,116,172,1,20251021_121107
1761041454.597967,3739509,957314304,957.314304,76,116,171,1,20251021_121107
1761041454.6079504,3739548,957324288,957.324288,78,115,172,1,20251021_121107
1761041454.6179345,3739587,957334272,957.334272,81,114,172,1,20251021_121107
1761041454.6279185,3739626,957344256,957.344256,84,113,171,1,20251021_121107
1761041454.6379025,3739665,957354240,957.35424,86,114,171,1,20251021_121107
1761041454.6478865,3739704,957364224,957.364224,89,113,171,1,20251021_121107
1761041454.6578703,3739743,957374208,957.374208,92,112,171,1,20251021_121107
1761041454.6678543,3739782,957384192,957.384192,95,113,171,1,20251021_121107
1761041454.6778386,3739821,957394176,957.394176,98,113,172,1,20251021_121107
1761041454.6878226,3739860,957404160,957.40416,101,113,172,1,20251021_121107
1761041454.6978066,3739899,957414144,957.414144,104,111,171,1,20251021_121107
1761041454.708047,3739939,957424384,957.424384,107,112,172,1,20251021_121107
1761041454.7180305,3739978,957434368,957.434368,110,111,171,1,20251021_121107
1761041454.7280145,3740017,957444352,957.444352,113,112,172,1,20251021_121107
1761041454.7379985,3740056,957454336,957.454336,116,111,171,1,20251021_121107
1761041454.7479825,3740095,957464320,957.46432,119,111,172,1,20251021_121107
1761041454.7579665,3740134,957474304,957.474304,123,110,172,1,20251021_121107
1761041454.7679503,3740173,957484288,957.484288,126,110,172,1,20251021_121107
1761041454.7779346,3740212,957494272,957.494272,129,111,172,1,20251021_121107
1761041454.7879186,3740251,957504256,957.504256,133,112,172,1,20251021_121107
1761041454.7979026,3740290,957514240,957.51424,136,111,172,1,20251021_121107
1761041454.8078866,3740329,957524224,957.524224,140,112,172,1,20251021_121107
1761041454.8178706,3740368,957534208,957.534208,144,111,171,1,20251021_121107
1761041454.8278546,3740407,957544192,957.544192,147,111,172,1,20251021_121107
1761041454.8378386,3740446,957554176,957.554176,151,110,172,1,20251021_121107
1761041454.8480785,3740486,957564416,957.564416,155,109,171,1,20251021_121107
1761041454.8580625,3740525,957574400,957.5744,158,110,172,1,20251021_121107
1761041454.8680463,3740564,957584384,957.584384,162,111,172,1,20251021_121107
1761041454.8780303,3740603,957594368,957.594368,166,111,172,1,20251021_121107
1761041454.8880146,3740642,957604352,957.604352,170,111,171,1,20251021_121107
1761041454.8979986,3740681,957614336,957.614336,174,112,172,1,20251021_121107
1761041454.9079826,3740720,957624320,957.62432,177,111,170,1,20251021_121107
1761041454.9179666,3740759,957634304,957.634304,181,112,172,1,20251021_121107
1761041454.9279506,3740798,957644288,957.644288,185,114,173,1,20251021_121107
1761041454.9379346,3740837,957654272,957.654272,189,113,172,1,20251021_121107
1761041454.947919,3740876,957664256,957.664256,192,114,172,1,20251021_121107
1761041454.957903,3740915,957674240,957.67424,196,116,171,1,20251021_121107
1761041454.9678864,3740954,957684224,957.684224,200,117,171,1,20251021_121107
1761041454.9778705,3740993,957694208,957.694208,204,119,172,1,20251021_121107
1761041454.9878545,3741032,957704192,957.704192,207,120,172,1,20251021_121107
1761041454.9980946,3741072,957714432,957.714432,211,122,172,1,20251021_121107
1761041455.0080786,3741111,957724416,957.724416,215,122,171,1,20251021_121107
1761041455.0180626,3741150,957734400,957.7344,218,124,172,1,20251021_121107
1761041455.0280466,3741189,957744384,957.744384,222,124,172,1,20251021_121107
1761041455.0380306,3741228,957754368,957.754368,225,124,172,1,20251021_121107
1761041455.0480146,3741267,957764352,957.764352,229,124,172,1,20251021_121107
1761041455.057999,3741306,957774336,957.774336,232,123,172,1,20251021_121107
1761041455.067983,3741345,957784320,957.78432,235,123,172,1,20251021_121107
1761041455.0779665,3741384,957794304,957.794304,239,124,172,1,20251021_121107
1761041455.0879505,3741423,957804288,957.804288,242,123,173,1,20251021_121107
1761041455.0979345,3741462,957814272,957.814272,245,122,172,1,20251021_121107
1761041455.1079185,3741501,957824256,957.824256,248,123,172,1,20251021_121107
1761041455.1179025,3741540,957834240,957.83424,251,123,171,1,20251021_121107
1761041455.1278863,3741579,957844224,957.844224,254,124,172,1,20251021_121107
1761041455.1381266,3741619,957854464,957.854464,2,124,172,1,20251021_121107
1761041455.1481106,3741658,957864448,957.864448,5,125,171,1,20251021_121107
1761041455.1580946,3741697,957874432,957.874432,8,126,171,1,20251021_121107
1761041455.168079,3741736,957884416,957.884416,11,128,170,1,20251021_121107
1761041455.1780624,3741775,957894400,957.8944,14,128,173,1,20251021_121107
1761041455.1880465,3741814,957904384,957.904384,17,128,174,1,20251021_121107
1761041455.1980305,3741853,957914368,957.914368,20,130,173,1,20251021_121107
1761041455.2080145,3741892,957924352,957.924352,22,130,173,1,20251021_121107
1761041455.2179985,3741931,957934336,957.934336,25,131,173,1,20251021_121107
1761041455.2279823,3741970,957944320,957.94432,28,129,172,1,20251021_121107
1761041455.2379663,3742009,957954304,957.954304,30,128,173,1,20251021_121107
1761041455.2479506,3742048,957964288,957.964288,33,127,171,1,20251021_121107
1761041455.2579346,3742087,957974272,957.974272,36,127,172,1,20251021_121107
1761041455.2679186,3742126,957984256,957.984256,39,125,172,1,20251021_121107
1761041455.2779026,3742165,957994240,957.99424,41,124,172,1,20251021_121107
1761041455.2881424,3742205,958004480,958.00448,44,123,174,1,20251021_121107
1761041455.2981265,3742244,958014464,958.014464,46,123,174,1,20251021_121107
1761041455.3081105,3742283,958024448,958.024448,49,121,172,1,20251021_121107
1761041455.3180945,3742322,958034432,958.034432,51,121,174,1,20251021_121107
1761041455.3280785,3742361,958044416,958.044416,54,120,171,1,20251021_121107
1761041455.3380623,3742400,958054400,958.0544,57,121,172,1,20251021_121107
1761041455.3480463,3742439,958064384,958.064384,60,120,170,1,20251021_121107
1761041455.3580306,3742478,958074368,958.074368,64,118,172,1,20251021_121107
1761041455.3680146,3742517,958084352,958.084352,67,117,172,1,20251021_121107
1761041455.3779986,3742556,958094336,958.094336,69,119,174,1,20251021_121107
1761041455.3879826,3742595,958104320,958.10432,72,120,172,1,20251021_121107
1761041455.3979666,3742634,958114304,958.114304,75,120,173,1,20251021_121107
1761041455.4079506,3742673,958124288,958.124288,77,120,172,1,20251021_121107
1761041455.417935,3742712,958134272,958.134272,80,121,173,1,20251021_121107
1761041455.4281745,3742752,958144512,958.144512,83,119,172,1,20251021_121107
1761041455.4381585,3742791,958154496,958.154496,86,118,172,1,20251021_121107
1761041455.4481423,3742830,958164480,958.16448,89,118,172,1,20251021_121107
1761041455.4581263,3742869,958174464,958.174464,92,117,172,1,20251021_121107
1761041455.4681106,3742908,958184448,958.184448,95,116,171,1,20251021_121107
1761041455.4780946,3742947,958194432,958.194432,98,116,172,1,20251021_121107
1761041455.4880786,3742986,958204416,958.204416,101,113,173,1,20251021_121107
1761041455.4980626,3743025,958214400,958.2144,104,112,172,1,20251021_121107
1761041455.5080466,3743064,958224384,958.224384,107,112,172,1,20251021_121107
1761041455.5180306,3743103,958234368,958.234368,110,112,172,1,20251021_121107
1761041455.528015,3743142,958244352,958.244352,113,111,173,1,20251021_121107
1761041455.537999,3743181,958254336,958.254336,116,111,172,1,20251021_121107
1761041455.5479825,3743220,958264320,958.26432,119,112,173,1,20251021_121107
1761041455.5579665,3743259,958274304,958.274304,123,113,173,1,20251021_121107
1761041455.5679505,3743298,958284288,958.284288,126,112,172,1,20251021_121107
1761041390.4904504,3588466,918647296,918.647296,138,199,174,2,20251021_121107
1761041390.5004344,3588505,918657280,918.65728,140,199,172,2,20251021_121107
1761041390.5104184,3588544,918667264,918.667264,142,199,172,2,20251021_121107
1761041390.5204024,3588583,918677248,918.677248,145,199,172,2,20251021_121107
1761041390.5303864,3588622,918687232,918.687232,147,199,168,2,20251021_121107
1761041390.5403705,3588661,918697216,918.697216,149,199,172,2,20251021_121107
1761041390.5503545,3588700,918707200,918.7072,151,199,172,2,20251021_121107
1761041390.5603385,3588739,918717184,918.717184,154,199,171,2,20251021_121107
1761041390.5703225,3588778,918727168,918.727168,156,199,169,2,20251021_121107
1761041390.5803063,3588817,918737152,918.737152,158,198,166,2,20251021_121107
1761041390.5905464,3588857,918747392,918.747392,161,199,164,2,20251021_121107
1761041390.6005304,3588896,918757376,918.757376,163,199,164,2,20251021_121107
1761041390.6105144,3588935,918767360,918.76736,165,198,166,2,20251021_121107
1761041390.6204984,3588974,918777344,918.777344,168,198,168,2,20251021_121107
1761041390.6304824,3589013,918787328,918.787328,170,199,170,2,20251021_121107
1761041390.6404665,3589052,918797312,918.797312,172,198,171,2,20251021_121107
1761041390.6504505,3589091,918807296,918.807296,174,198,171,2,20251021_121107
1761041390.6604345,3589130,918817280,918.81728,177,198,171,2,20251021_121107
1761041390.6704185,3589169,918827264,918.827264,179,199,171,2,20251021_121107
1761041390.6804025,3589208,918837248,918.837248,181,199,171,2,20251021_121107
1761041390.6903863,3589247,918847232,918.847232,184,199,170,2,20251021_121107
1761041390.7003703,3589286,918857216,918.857216,186,199,170,2,20251021_121107
1761041390.7103543,3589325,918867200,918.8672,188,198,171,2,20251021_121107
1761041390.7203383,3589364,918877184,918.877184,191,199,171,2,20251021_121107
1761041390.7305784,3589404,918887424,918.887424,193,198,171,2,20251021_121107
1761041390.7405624,3589443,918897408,918.897408,195,198,171,2,20251021_121107
1761041390.7505465,3589482,918907392,918.907392,197,199,171,2,20251021_121107
1761041390.7605305,3589521,918917376,918.917376,200,199,171,2,20251021_121107
1761041390.7705145,3589560,918927360,918.92736,202,199,171,2,20251021_121107
1761041390.7804985,3589599,918937344,918.937344,204,199,171,2,20251021_121107
1761041390.7904823,3589638,918947328,918.947328,207,199,171,2,20251021_121107
1761041390.8004663,3589677,918957312,918.957312,209,199,171,2,20251021_121107
1761041390.8104503,3589716,918967296,918.967296,211,199,171,2,20251021_121107
1761041390.8204343,3589755,918977280,918.97728,213,199,171,2,20251021_121107
1761041390.8304183,3589794,918987264,918.987264,179,199,174,2,20251021_121107
1761041390.8404024,3589833,918997248,918.997248,181,199,171,2,20251021_121107
1761041390.8503864,3589872,919007232,919.007232,184,199,171,2,20251021_121107
1761041390.8603704,3589911,919017216,919.017216,186,199,171,2,20251021_121107
1761041390.8706105,3589951,919027456,919.027456,188,199,171,2,20251021_121107
1761041390.8805945,3589990,919037440,919.03744,190,199,171,2,20251021_121107
1761041390.8905785,3590029,919047424,919.047424,193,199,166,2,20251021_121107
1761041390.9005623,3590068,919057408,919.057408,195,199,160,2,20251021_121107
1761041390.9105463,3590107,919067392,919.067392,197,199,153,2,20251021_121107
1761041390.9205303,3590146,919077376,919.077376,200,199,150,2,20251021_121107
1761041390.9305143,3590185,919087360,919.08736,202,199,148,2,20251021_121107
1761041390.9404984,3590224,919097344,919.097344,204,198,150,2,20251021_121107
1761041390.9504824,3590263,919107328,919.107328,207,199,154,2,20251021_121107
1761041390.9604664,3590302,919117312,919.117312,209,199,158,2,20251021_121107
1761041390.9704504,3590341,919127296,919.127296,211,199,165,2,20251021_121107
1761041390.9804344,3590380,919137280,919.13728,213,199,167,2,20251021_121107
1761041390.9904184,3590419,919147264,919.147264,216,199,169,2,20251021_121107
1761041391.0004025,3590458,919157248,919.157248,218,199,170,2,20251021_121107
1761041391.0106423,3590498,919167488,919.167488,220,199,170,2,20251021_121107
1761041391.0206263,3590537,919177472,919.177472,223,199,170,2,20251021_121107
1761041391.0306103,3590576,919187456,919.187456,225,199,170,2,20251021_121107
1761041391.0405943,3590615,919197440,919.19744,227,199,169,2,20251021_121107
1761041391.0505784,3590654,919207424,919.207424,229,199,170,2,20251021_121107
1761041391.0605624,3590693,919217408,919.217408,232,199,170,2,20251021_121107
1761041391.0705464,3590732,919227392,919.227392,234,199,170,2,20251021_121107
1761041391.0805304,3590771,919237376,919.237376,236,199,172,2,20251021_121107
1761041391.0905144,3590810,919247360,919.24736,239,199,170,2,20251021_121107
1761041391.1004984,3590849,919257344,919.257344,241,198,170,2,20251021_121107
1761041391.1104825,3590888,919267328,919.267328,243,198,170,2,20251021_121107
1761041391.1204665,3590927,919277312,919.277312,245,198,170,2,20251021_121107
1761041391.1304505,3590966,919287296,919.287296,248,198,170,2,20251021_121107
1761041391.1404345,3591005,919297280,919.29728,250,198,170,2,20251021_121107
1761041391.1504183,3591044,919307264,919.307264,252,198,169,2,20251021_121107
1761041391.1606584,3591084,919317504,919.317504,0,198,169,2,20251021_121107
1761041391.1706424,3591123,919327488,919.327488,2,198,170,2,20251021_121107
1761041391.1806264,3591162,919337472,919.337472,4,198,170,2,20251021_121107
1761041391.1906104,3591201,919347456,919.347456,7,198,169,2,20251021_121107
1761041391.2005944,3591240,919357440,919.35744,9,198,170,2,20251021_121107
1761041391.2105784,3591279,919367424,919.367424,11,198,168,2,20251021_121107
1761041391.2205625,3591318,919377408,919.377408,13,198,170,2,20251021_121107
1761041391.2305465,3591357,919387392,919.387392,16,198,169,2,20251021_121107
1761041391.2405305,3591396,919397376,919.397376,18,198,170,2,20251021_121107
1761041391.2505145,3591435,919407360,919.40736,20,198,170,2,20251021_121107
1761041391.2604983,3591474,919417344,919.417344,23,198,170,2,20251021_121107
1761041391.2704823,3591513,919427328,919.427328,25,198,169,2,20251021_121107
1761041391.2804663,3591552,919437312,919.437312,27,198,169,2,20251021_121107
1761041391.2904503,3591591,919447296,919.447296,29,198,169,2,20251021_121107
1761041391.3004344,3591630,919457280,919.45728,32,198,169,2,20251021_121107
1761041391.3106744,3591670,919467520,919.46752,34,198,169,2,20251021_121107
1761041391.3206584,3591709,919477504,919.477504,36,198,169,2,20251021_121107
1761041391.3306425,3591748,919487488,919.487488,39,198,169,2,20251021_121107
1761041391.3406265,3591787,919497472,919.497472,41,198,168,2,20251021_121107
1761041391.3506105,3591826,919507456,919.507456,43,198,169,2,20251021_121107
1761041391.3605945,3591865,919517440,919.51744,46,199,169,2,20251021_121107
1761041391.3705783,3591904,919527424,919.527424,48,198,169,2,20251021_121107
1761041391.3805623,3591943,919537408,919.537408,50,198,169,2,20251021_121107
1761041391.3905463,3591982,919547392,919.547392,52,198,170,2,20251021_121107
1761041391.4005303,3592021,919557376,919.557376,55,198,169,2,20251021_121107
1761041391.4105144,3592060,919567360,919.56736,57,199,170,2,20251021_121107
1761041391.4204984,3592099,919577344,919.577344,59,199,170,2,20251021_121107
1761041391.4304824,3592138,919587328,919.587328,62,198,168,2,20251021_121107
1761041391.4404664,3592177,919597312,919.597312,64,199,170,2,20251021_121107
1761041391.4507065,3592217,919607552,919.607552,66,198,170,2,20251021_121107
1761041391.4606905,3592256,919617536,919.617536,68,198,170,2,20251021_121107
1761041391.4706745,3592295,919627520,919.62752,71,198,170,2,20251021_121107
1761041391.4806583,3592334,919637504,919.637504,73,199,169,2,20251021_121107
1761041391.4906423,3592373,919647488,919.647488,75,198,170,2,20251021_121107
1761041391.5006263,3592412,919657472,919.657472,78,198,170,2,20251021_121107
1761041391.5106103,3592451,919667456,919.667456,80,198,170,2,20251021_121107
1761041391.5205944,3592490,919677440,919.67744,82,198,170,2,20251021_121107
1761041391.5305784,3592529,919687424,919.687424,85,198,171,2,20251021_121107
1761041391.5405624,3592568,919697408,919.697408,87,198,170,2,20251021_121107
1761041391.5505464,3592607,919707392,919.707392,89,198,171,2,20251021_121107
1761041391.5605304,3592646,919717376,919.717376,91,198,171,2,20251021_121107
1761041391.5705144,3592685,919727360,919.72736,94,198,171,2,20251021_121107
1761041391.5804985,3592724,919737344,919.737344,96,198,171,2,20251021_121107
1761041391.5904825,3592763,919747328,919.747328,98,198,171,2,20251021_121107
1761041391.6007223,3592803,919757568,919.757568,101,198,171,2,20251021_121107
1761041391.6107063,3592842,919767552,919.767552,103,198,171,2,20251021_121107
1761041391.6206903,3592881,919777536,919.777536,105,197,171,2,20251021_121107
1761041391.6306744,3592920,919787520,919.78752,107,197,171,2,20251021_121107
1761041391.6406584,3592959,919797504,919.797504,110,197,171,2,20251021_121107
1761041391.6506424,3592998,919807488,919.807488,112,198,171,2,20251021_121107
1761041391.6606264,3593037,919817472,919.817472,114,197,171,2,20251021_121107
1761041391.6706104,3593076,919827456,919.827456,117,197,171,2,20251021_121107
1761041391.6805944,3593115,919837440,919.83744,119,197,174,2,20251021_121107
1761041391.6905785,3593154,919847424,919.847424,121,197,171,2,20251021_121107
1761041391.7005625,3593193,919857408,919.857408,124,197,171,2,20251021_121107
1761041391.7105465,3593232,919867392,919.867392,126,197,172,2,20251021_121107
1761041391.7205305,3593271,919877376,919.877376,128,197,171,2,20251021_121107
1761041391.7305143,3593310,919887360,919.88736,130,197,171,2,20251021_121107
1761041391.7407544,3593350,919897600,919.8976,133,197,171,2,20251021_121107
1761041391.7507384,3593389,919907584,919.907584,135,197,171,2,20251021_121107
1761041391.7607224,3593428,919917568,919.917568,137,197,171,2,20251021_121107
1761041391.7707064,3593467,919927552,919.927552,140,197,171,2,20251021_121107
1761041391.7806904,3593506,919937536,919.937536,142,197,171,2,20251021_121107
1761041391.7906744,3593545,919947520,919.94752,144,197,171,2,20251021_121107
1761041391.8006585,3593584,919957504,919.957504,146,197,171,2,20251021_121107
1761041391.8106425,3593623,919967488,919.967488,149,197,171,2,20251021_121107
1761041391.8206265,3593662,919977472,919.977472,151,197,171,2,20251021_121107
1761041391.8306105,3593701,919987456,919.987456,153,197,171,2,20251021_121107
1761041391.8405943,3593740,919997440,919.99744,156,197,171,2,20251021_121107
1761041391.8505783,3593779,920007424,920.007424,158,197,170,2,20251021_121107
1761041391.8605623,3593818,920017408,920.017408,160,197,172,2,20251021_121107
1761041391.8705463,3593857,920027392,920.027392,163,197,172,2,20251021_121107
1761041391.8805304,3593896,920037376,920.037376,165,197,170,2,20251021_121107
1761041391.8907704,3593936,920047616,920.047616,167,196,171,2,20251021_121107
1761041391.9007545,3593975,920057600,920.0576,169,196,172,2,20251021_121107
1761041391.9107385,3594014,920067584,920.067584,172,196,171,2,20251021_121107
1761041391.9207225,3594053,920077568,920.077568,174,196,172,2,20251021_121107
1761041391.9307065,3594092,920087552,920.087552,176,196,172,2,20251021_121107
1761041391.9406905,3594131,920097536,920.097536,179,196,171,2,20251021_121107
1761041391.9506743,3594170,920107520,920.10752,181,197,171,2,20251021_121107
1761041391.9606583,3594209,920117504,920.117504,183,196,171,2,20251021_121107
1761041391.9706423,3594248,920127488,920.127488,185,197,172,2,20251021_121107
1761041391.9806263,3594287,920137472,920.137472,188,196,171,2,20251021_121107
1761041391.9906104,3594326,920147456,920.147456,190,196,173,2,20251021_121107
1761041392.0005944,3594365,920157440,920.15744,192,196,172,2,20251021_121107
1761041392.0105784,3594404,920167424,920.167424,195,197,172,2,20251021_121107
1761041392.0205624,3594443,920177408,920.177408,197,199,172,2,20251021_121107
1761041392.0308025,3594483,920187648,920.187648,199,199,172,2,20251021_121107
1761041392.0407865,3594522,920197632,920.197632,201,200,172,2,20251021_121107
1761041392.0507703,3594561,920207616,920.207616,204,200,172,2,20251021_121107
1761041392.0607543,3594600,920217600,920.2176,206,199,172,2,20251021_121107
1761041392.0707383,3594639,920227584,920.227584,208,199,172,2,20251021_121107
1761041392.0807223,3594678,920237568,920.237568,211,199,172,2,20251021_121107
1761041392.0907063,3594717,920247552,920.247552,213,199,172,2,20251021_121107
1761041392.1006904,3594756,920257536,920.257536,215,200,172,2,20251021_121107
1761041392.1106744,3594795,920267520,920.26752,218,200,172,2,20251021_121107
1761041392.1206584,3594834,920277504,920.277504,220,199,172,2,20251021_121107
1761041392.1306424,3594873,920287488,920.287488,222,199,172,2,20251021_121107
1761041392.1406264,3594912,920297472,920.297472,224,199,172,2,20251021_121107
1761041392.1506104,3594951,920307456,920.307456,227,199,172,2,20251021_121107
1761041392.1605945,3594990,920317440,920.31744,229,199,172,2,20251021_121107
1761041392.1705785,3595029,920327424,920.327424,231,199,172,2,20251021_121107
1761041392.1808183,3595069,920337664,920.337664,234,199,172,2,20251021_121107
1761041392.1908023,3595108,920347648,920.347648,236,199,172,2,20251021_121107
1761041392.2007864,3595147,920357632,920.357632,238,199,172,2,20251021_121107
1761041392.2107704,3595186,920367616,920.367616,240,199,172,2,20251021_121107
1761041392.2207544,3595225,920377600,920.3776,243,199,172,2,20251021_121107
1761041392.2307384,3595264,920387584,920.387584,245,199,171,2,20251021_121107
1761041392.2407224,3595303,920397568,920.397568,247,199,172,2,20251021_121107
1761041392.2507064,3595342,920407552,920.407552,250,199,172,2,20251021_121107
1761041392.2606905,3595381,920417536,920.417536,252,200,172,2,20251021_121107
1761041392.2706745,3595420,920427520,920.42752,254,199,173,2,20251021_121107
1761041392.2806585,3595459,920437504,920.437504,2,199,172,2,20251021_121107
1761041392.2906425,3595498,920447488,920.447488,4,199,172,2,20251021_121107
1761041392.3006265,3595537,920457472,920.457472,6,199,172,2,20251021_121107
1761041392.3106103,3595576,920467456,920.467456,8,199,171,2,20251021_121107
1761041392.3208504,3595616,920477696,920.477696,11,200,172,2,20251021_121107
1761041392.3308344,3595655,920487680,920.48768,13,199,172,2,20251021_121107
1761041392.3408184,3595694,920497664,920.497664,15,200,172,2,20251021_121107
1761041392.3508024,3595733,920507648,920.507648,18,199,172,2,20251021_121107
1761041392.3607864,3595772,920517632,920.517632,20,200,172,2,20251021_121107
1761041392.3707705,3595811,920527616,920.527616,22,199,172,2,20251021_121107
1761041392.3807545,3595850,920537600,920.5376,24,199,172,2,20251021_121107
1761041392.3907385,3595889,920547584,920.547584,27,199,170,2,20251021_121107
1761041392.4007225,3595928,920557568,920.557568,29,199,171,2,20251021_121107
1761041392.4107063,3595967,920567552,920.567552,31,199,171,2,20251021_121107
1761041392.4206903,3596006,920577536,920.577536,34,200,170,2,20251021_121107
1761041392.4306743,3596045,920587520,920.58752,36,200,170,2,20251021_121107
1761041392.4406583,3596084,920597504,920.597504,38,200,170,2,20251021_121107
1761041392.4506423,3596123,920607488,920.607488,41,200,169,2,20251021_121107
1761041392.4606264,3596162,920617472,920.617472,43,200,167,2,20251021_121107
1761041392.4708664,3596202,920627712,920.627712,45,200,165,2,20251021_121107
1761041392.4808505,3596241,920637696,920.637696,47,200,164,2,20251021_121107
1761041392.4908345,3596280,920647680,920.64768,50,199,162,2,20251021_121107
1761041392.5008185,3596319,920657664,920.657664,52,199,160,2,20251021_121107
1761041392.5108025,3596358,920667648,920.667648,54,199,159,2,20251021_121107
1761041392.5207863,3596397,920677632,920.677632,57,199,156,2,20251021_121107
1761041392.5307703,3596436,920687616,920.687616,59,200,155,2,20251021_121107
1761041392.5407543,3596475,920697600,920.6976,61,200,153,2,20251021_121107
1761041392.5507383,3596514,920707584,920.707584,63,199,152,2,20251021_121107
1761041392.5607224,3596553,920717568,920.717568,66,199,151,2,20251021_121107
1761041392.5707064,3596592,920727552,920.727552,68,199,148,2,20251021_121107
1761041392.5806904,3596631,920737536,920.737536,70,199,147,2,20251021_121107
1761041392.5906744,3596670,920747520,920.74752,73,199,146,2,20251021_121107
1761041392.6006584,3596709,920757504,920.757504,75,199,141,2,20251021_121107
1761041392.6108985,3596749,920767744,920.767744,77,199,138,2,20251021_121107
1761041392.6208825,3596788,920777728,920.777728,80,199,136,2,20251021_121107
1761041392.6308663,3596827,920787712,920.787712,82,199,135,2,20251021_121107
1761041392.6408503,3596866,920797696,920.797696,84,199,134,2,20251021_121107
1761041392.6508343,3596905,920807680,920.80768,86,199,132,2,20251021_121107
1761041392.6608183,3596944,920817664,920.817664,89,199,132,2,20251021_121107
1761041392.6708024,3596983,920827648,920.827648,91,199,132,2,20251021_121107
1761041392.6807864,3597022,920837632,920.837632,93,199,132,2,20251021_121107
1761041392.6907704,3597061,920847616,920.847616,96,199,131,2,20251021_121107
1761041392.7007544,3597100,920857600,920.8576,98,199,131,2,20251021_121107
1761041392.7107384,3597139,920867584,920.867584,100,199,131,2,20251021_121107
1761041392.7207224,3597178,920877568,920.877568,102,199,132,2,20251021_121107
1761041392.7307065,3597217,920887552,920.887552,105,199,132,2,20251021_121107
1761041392.7406905,3597256,920897536,920.897536,107,199,132,2,20251021_121107
1761041392.7509303,3597296,920907776,920.907776,109,199,133,2,20251021_121107
1761041392.7609143,3597335,920917760,920.91776,112,199,133,2,20251021_121107
1761041392.7708983,3597374,920927744,920.927744,114,199,134,2,20251021_121107
1761041392.7808824,3597413,920937728,920.937728,116,199,135,2,20251021_121107
1761041392.7908664,3597452,920947712,920.947712,119,199,135,2,20251021_121107
1761041392.8008504,3597491,920957696,920.957696,121,199,136,2,20251021_121107
1761041392.8108344,3597530,920967680,920.96768,123,199,138,2,20251021_121107
1761041392.8208184,3597569,920977664,920.977664,125,199,139,2,20251021_121107
1761041392.8308024,3597608,920987648,920.987648,128,199,140,2,20251021_121107
1761041392.8407865,3597647,920997632,920.997632,130,199,143,2,20251021_121107
1761041392.8507705,3597686,921007616,921.007616,132,199,145,2,20251021_121107
1761041392.8607545,3597725,921017600,921.0176,135,199,148,2,20251021_121107
1761041392.8707385,3597764,921027584,921.027584,137,199,152,2,20251021_121107
1761041392.8807223,3597803,921037568,921.037568,139,199,156,2,20251021_121107
1761041392.8907063,3597842,921047552,921.047552,141,199,162,2,20251021_121107
1761041392.9009464,3597882,921057792,921.057792,144,199,164,2,20251021_121107
1761041392.9109304,3597921,921067776,921.067776,146,199,164,2,20251021_121107
1761041392.9209144,3597960,921077760,921.07776,148,199,166,2,20251021_121107
1761041392.9308984,3597999,921087744,921.087744,151,199,167,2,20251021_121107
1761041392.9408824,3598038,921097728,921.097728,153,199,168,2,20251021_121107
1761041392.9508665,3598077,921107712,921.107712,155,199,168,2,20251021_121107
1761041392.9608505,3598116,921117696,921.117696,157,199,170,2,20251021_121107
1761041392.9708345,3598155,921127680,921.12768,160,199,170,2,20251021_121107
1761041392.9808185,3598194,921137664,921.137664,162,199,169,2,20251021_121107
1761041392.9908023,3598233,921147648,921.147648,164,199,170,2,20251021_121107
1761041393.0007863,3598272,921157632,921.157632,167,199,169,2,20251021_121107
1761041393.0107703,3598311,921167616,921.167616,169,198,169,2,20251021_121107
1761041393.0207543,3598350,921177600,921.1776,171,199,170,2,20251021_121107
1761041393.0307384,3598389,921187584,921.187584,174,198,170,2,20251021_121107
1761041393.0409784,3598429,921197824,921.197824,176,198,170,2,20251021_121107
1761041393.0509624,3598468,921207808,921.207808,178,199,170,2,20251021_121107
1761041393.0609465,3598507,921217792,921.217792,180,199,170,2,20251021_121107
1761041393.0709305,3598546,921227776,921.227776,183,198,170,2,20251021_121107
1761041393.0809145,3598585,921237760,921.23776,185,198,170,2,20251021_121107
1761041393.0908985,3598624,921247744,921.247744,187,198,170,2,20251021_121107
1761041393.1008823,3598663,921257728,921.257728,190,199,170,2,20251021_121107
1761041393.1108663,3598702,921267712,921.267712,192,198,170,2,20251021_121107
1761041393.1208503,3598741,921277696,921.277696,194,199,170,2,20251021_121107
1761041393.1308343,3598780,921287680,921.28768,196,198,170,2,20251021_121107
1761041393.1408184,3598819,921297664,921.297664,199,199,171,2,20251021_121107
1761041393.1508024,3598858,921307648,921.307648,201,198,170,2,20251021_121107
1761041393.1607864,3598897,921317632,921.317632,203,199,171,2,20251021_121107
1761041393.1707704,3598936,921327616,921.327616,206,199,171,2,20251021_121107
1761041393.1810105,3598976,921337856,921.337856,208,199,170,2,20251021_121107
1761041393.1909945,3599015,921347840,921.34784,210,199,171,2,20251021_121107
1761041393.2009785,3599054,921357824,921.357824,213,199,171,2,20251021_121107
1761041393.2109623,3599093,921367808,921.367808,215,199,171,2,20251021_121107
1761041393.2209463,3599132,921377792,921.377792,217,199,171,2,20251021_121107
1761041393.2309303,3599171,921387776,921.387776,219,199,170,2,20251021_121107
1761041393.2409143,3599210,921397760,921.39776,222,199,171,2,20251021_121107
1761041393.2508984,3599249,921407744,921.407744,224,199,170,2,20251021_121107
1761041393.2611384,3599289,921417984,921.417984,226,199,171,2,20251021_121107
1761041393.2711225,3599328,921427968,921.427968,229,199,171,2,20251021_121107
1761041393.2811065,3599367,921437952,921.437952,231,199,171,2,20251021_121107
1761041393.2910905,3599406,921447936,921.447936,233,199,171,2,20251021_121107
1761041393.3010745,3599445,921457920,921.45792,236,199,171,2,20251021_121107
1761041393.3110583,3599484,921467904,921.467904,238,199,171,2,20251021_121107
1761041393.3210423,3599523,921477888,921.477888,240,200,171,2,20251021_121107
1761041393.3312824,3599563,921488128,921.488128,242,200,171,2,20251021_121107
1761041393.3412664,3599602,921498112,921.498112,245,200,171,2,20251021_121107
1761041393.3512504,3599641,921508096,921.508096,247,199,171,2,20251021_121107
1761041393.3612344,3599680,921518080,921.51808,249,199,171,2,20251021_121107
1761041393.3712184,3599719,921528064,921.528064,252,200,171,2,20251021_121107
1761041393.3812025,3599758,921538048,921.538048,254,199,171,2,20251021_121107
1761041393.3911865,3599797,921548032,921.548032,1,199,172,2,20251021_121107
1761041393.4011705,3599836,921558016,921.558016,3,199,171,2,20251021_121107
1761041393.4111545,3599875,921568000,921.568,6,199,171,2,20251021_121107
1761041393.4211383,3599914,921577984,921.577984,8,199,171,2,20251021_121107
1761041393.4311223,3599953,921587968,921.587968,10,199,172,2,20251021_121107
1761041393.4411063,3599992,921597952,921.597952,13,199,171,2,20251021_121107
1761041393.4510903,3600031,921607936,921.607936,15,199,171,2,20251021_121107
1761041393.4610744,3600070,921617920,921.61792,17,199,171,2,20251021_121107
1761041393.4710584,3600109,921627904,921.627904,20,199,171,2,20251021_121107
1761041393.4812984,3600149,921638144,921.638144,22,199,171,2,20251021_121107
1761041393.4912825,3600188,921648128,921.648128,24,199,171,2,20251021_121107
1761041393.5012665,3600227,921658112,921.658112,26,199,171,2,20251021_121107
1761041393.5112505,3600266,921668096,921.668096,29,199,171,2,20251021_121107
1761041393.5212345,3600305,921678080,921.67808,31,199,171,2,20251021_121107
1761041393.5312183,3600344,921688064,921.688064,33,199,171,2,20251021_121107
1761041393.5412023,3600383,921698048,921.698048,36,199,172,2,20251021_121107
1761041393.5511863,3600422,921708032,921.708032,38,199,171,2,20251021_121107
1761041393.5611703,3600461,921718016,921.718016,40,199,171,2,20251021_121107
1761041393.5711544,3600500,921728000,921.728,42,199,171,2,20251021_121107
1761041393.5811384,3600539,921737984,921.737984,45,199,171,2,20251021_121107
1761041393.5911224,3600578,921747968,921.747968,47,199,171,2,20251021_121107
1761041393.6011064,3600617,921757952,921.757952,49,199,171,2,20251021_121107
1761041393.6110904,3600656,921767936,921.767936,52,199,172,2,20251021_121107
1761041393.6213305,3600696,921778176,921.778176,54,199,170,2,20251021_121107
1761041393.6313145,3600735,921788160,921.78816,56,199,170,2,20251021_121107
1761041393.6412983,3600774,921798144,921.798144,58,199,169,2,20251021_121107
1761041393.6512823,3600813,921808128,921.808128,61,199,169,2,20251021_121107
1761041393.6612663,3600852,921818112,921.818112,63,199,167,2,20251021_121107
1761041393.6712503,3600891,921828096,921.828096,65,198,166,2,20251021_121107
1761041393.6812344,3600930,921838080,921.83808,68,198,165,2,20251021_121107
1761041393.6912184,3600969,921848064,921.848064,70,199,162,2,20251021_121107
1761041393.7012024,3601008,921858048,921.858048,72,199,159,2,20251021_121107
1761041393.7111864,3601047,921868032,921.868032,75,199,157,2,20251021_121107
1761041393.7211704,3601086,921878016,921.878016,77,198,155,2,20251021_121107
1761041393.7311544,3601125,921888000,921.888,79,198,152,2,20251021_121107
1761041393.7411385,3601164,921897984,921.897984,81,199,150,2,20251021_121107
1761041393.7511225,3601203,921907968,921.907968,84,199,147,2,20251021_121107
1761041393.7613623,3601243,921918208,921.918208,86,198,145,2,20251021_121107
1761041393.7713463,3601282,921928192,921.928192,88,198,143,2,20251021_121107
1761041393.7813303,3601321,921938176,921.938176,91,198,142,2,20251021_121107
1761041393.7913144,3601360,921948160,921.94816,93,198,140,2,20251021_121107
1761041393.8012984,3601399,921958144,921.958144,95,198,140,2,20251021_121107
1761041393.8112824,3601438,921968128,921.968128,97,198,138,2,20251021_121107
1761041393.8212664,3601477,921978112,921.978112,100,198,138,2,20251021_121107
1761041393.8312504,3601516,921988096,921.988096,102,198,138,2,20251021_121107
1761041393.8412344,3601555,921998080,921.99808,104,198,136,2,20251021_121107
1761041393.8512185,3601594,922008064,922.008064,107,199,137,2,20251021_121107
1761041393.8612025,3601633,922018048,922.018048,109,198,137,2,20251021_121107
1761041393.8711865,3601672,922028032,922.028032,111,198,137,2,20251021_121107
1761041393.8811705,3601711,922038016,922.038016,114,198,137,2,20251021_121107
1761041393.8911543,3601750,922048000,922.048,116,198,137,2,20251021_121107
1761041393.9011383,3601789,922057984,922.057984,118,198,137,2,20251021_121107
1761041393.9113784,3601829,922068224,922.068224,120,198,137,2,20251021_121107
1761041393.9213624,3601868,922078208,922.078208,123,198,137,2,20251021_121107
1761041393.9313464,3601907,922088192,922.088192,125,198,137,2,20251021_121107
1761041393.9413304,3601946,922098176,922.098176,127,198,137,2,20251021_121107
1761041393.9513144,3601985,922108160,922.10816,130,197,137,2,20251021_121107
1761041393.9612985,3602024,922118144,922.118144,132,198,137,2,20251021_121107
1761041393.9712825,3602063,922128128,922.128128,134,198,139,2,20251021_121107
1761041393.9812665,3602102,922138112,922.138112,136,198,140,2,20251021_121107
1761041393.9912505,3602141,922148096,922.148096,139,198,141,2,20251021_121107
1761041394.0012343,3602180,922158080,922.15808,141,197,143,2,20251021_121107
1761041394.0112183,3602219,922168064,922.168064,143,198,144,2,20251021_121107
1761041394.0212023,3602258,922178048,922.178048,146,198,145,2,20251021_121107
1761041394.0314424,3602298,922188288,922.188288,148,198,147,2,20251021_121107
1761041394.0414264,3602337,922198272,922.198272,150,198,150,2,20251021_121107
1761041394.0514104,3602376,922208256,922.208256,153,198,152,2,20251021_121107
1761041394.0613945,3602415,922218240,922.21824,155,198,155,2,20251021_121107
1761041394.0713785,3602454,922228224,922.228224,157,198,158,2,20251021_121107
1761041394.0813625,3602493,922238208,922.238208,159,198,162,2,20251021_121107
1761041394.0913465,3602532,922248192,922.248192,162,198,164,2,20251021_121107
1761041394.1013305,3602571,922258176,922.258176,164,198,166,2,20251021_121107
1761041394.1113143,3602610,922268160,922.26816,166,198,166,2,20251021_121107
1761041394.1212983,3602649,922278144,922.278144,169,199,167,2,20251021_121107
1761041394.1312823,3602688,922288128,922.288128,171,198,168,2,20251021_121107
1761041394.1412663,3602727,922298112,922.298112,173,198,168,2,20251021_121107
1761041394.1512504,3602766,922308096,922.308096,175,198,169,2,20251021_121107
1761041394.1612344,3602805,922318080,922.31808,178,198,169,2,20251021_121107
1761041394.1714745,3602845,922328320,922.32832,180,198,169,2,20251021_121107
1761041394.1814585,3602884,922338304,922.338304,182,198,169,2,20251021_121107
1761041394.1914425,3602923,922348288,922.348288,185,198,169,2,20251021_121107
1761041394.2014265,3602962,922358272,922.358272,187,198,169,2,20251021_121107
1761041394.2114103,3603001,922368256,922.368256,189,198,169,2,20251021_121107
1761041394.2213943,3603040,922378240,922.37824,192,198,169,2,20251021_121107
1761041394.2313783,3603079,922388224,922.388224,194,198,170,2,20251021_121107
1761041394.2413623,3603118,922398208,922.398208,196,198,169,2,20251021_121107
1761041394.2513463,3603157,922408192,922.408192,198,199,170,2,20251021_121107
1761041394.2613304,3603196,922418176,922.418176,201,198,170,2,20251021_121107
1761041394.2713144,3603235,922428160,922.42816,203,198,170,2,20251021_121107
1761041394.2812984,3603274,922438144,922.438144,205,198,170,2,20251021_121107
1761041394.2912824,3603313,922448128,922.448128,208,198,170,2,20251021_121107
1761041394.3012664,3603352,922458112,922.458112,210,199,170,2,20251021_121107
1761041394.3112504,3603391,922468096,922.468096,212,198,170,2,20251021_121107
1761041394.3214903,3603431,922478336,922.478336,214,199,171,2,20251021_121107
1761041394.3314743,3603470,922488320,922.48832,217,198,170,2,20251021_121107
1761041394.3414583,3603509,922498304,922.498304,219,199,171,2,20251021_121107
1761041394.3514423,3603548,922508288,922.508288,221,199,171,2,20251021_121107
1761041394.3614264,3603587,922518272,922.518272,224,198,170,2,20251021_121107
1761041394.3714104,3603626,922528256,922.528256,226,199,170,2,20251021_121107
1761041394.3813944,3603665,922538240,922.53824,228,199,171,2,20251021_121107
1761041394.3913784,3603704,922548224,922.548224,231,198,170,2,20251021_121107
1761041394.4013624,3603743,922558208,922.558208,233,199,171,2,20251021_121107
1761041394.4113464,3603782,922568192,922.568192,235,199,171,2,20251021_121107
1761041394.4213305,3603821,922578176,922.578176,237,199,170,2,20251021_121107
1761041394.4313145,3603860,922588160,922.58816,240,199,170,2,20251021_121107
1761041394.4412985,3603899,922598144,922.598144,242,199,170,2,20251021_121107
1761041394.4512825,3603938,922608128,922.608128,244,199,170,2,20251021_121107
1761041394.4615223,3603978,922618368,922.618368,247,199,171,2,20251021_121107
1761041394.4715064,3604017,922628352,922.628352,249,199,171,2,20251021_121107
1761041394.4814904,3604056,922638336,922.638336,251,199,170,2,20251021_121107
1761041394.4914744,3604095,922648320,922.64832,253,199,170,2,20251021_121107
1761041394.5014584,3604134,922658304,922.658304,1,199,171,2,20251021_121107
1761041394.5114424,3604173,922668288,922.668288,3,199,170,2,20251021_121107
1761041394.5214264,3604212,922678272,922.678272,5,199,170,2,20251021_121107
1761041394.5314105,3604251,922688256,922.688256,8,199,170,2,20251021_121107
1761041394.5413945,3604290,922698240,922.69824,10,199,171,2,20251021_121107
1761041394.5513785,3604329,922708224,922.708224,12,199,172,2,20251021_121107
1761041394.5613625,3604368,922718208,922.718208,15,199,170,2,20251021_121107
1761041394.5713463,3604407,922728192,922.728192,17,199,170,2,20251021_121107
1761041394.5813303,3604446,922738176,922.738176,19,199,170,2,20251021_121107
1761041394.5913143,3604485,922748160,922.74816,21,199,170,2,20251021_121107
1761041394.6012983,3604524,922758144,922.758144,24,199,169,2,20251021_121107
1761041394.6115384,3604564,922768384,922.768384,26,199,170,2,20251021_121107
1761041394.6215224,3604603,922778368,922.778368,28,199,169,2,20251021_121107
1761041394.6315064,3604642,922788352,922.788352,31,198,168,2,20251021_121107
1761041394.6414905,3604681,922798336,922.798336,33,199,165,2,20251021_121107
1761041394.6514745,3604720,922808320,922.80832,35,199,161,2,20251021_121107
1761041394.6614585,3604759,922818304,922.818304,37,198,158,2,20251021_121107
1761041394.6714425,3604798,922828288,922.828288,40,199,153,2,20251021_121107
1761041394.6814263,3604837,922838272,922.838272,42,199,149,2,20251021_121107
1761041394.6914103,3604876,922848256,922.848256,44,199,143,2,20251021_121107
1761041394.7013943,3604915,922858240,922.85824,47,199,140,2,20251021_121107
1761041394.7113783,3604954,922868224,922.868224,49,199,136,2,20251021_121107
1761041394.7213624,3604993,922878208,922.878208,51,199,133,2,20251021_121107
1761041394.7313464,3605032,922888192,922.888192,53,199,130,2,20251021_121107
1761041394.7413304,3605071,922898176,922.898176,56,199,128,2,20251021_121107
1761041394.7515705,3605111,922908416,922.908416,58,199,127,2,20251021_121107
1761041394.7615545,3605150,922918400,922.9184,60,200,127,2,20251021_121107
1761041394.7715385,3605189,922928384,922.928384,63,199,126,2,20251021_121107
1761041394.7815225,3605228,922938368,922.938368,65,199,126,2,20251021_121107
1761041394.7915063,3605267,922948352,922.948352,67,200,127,2,20251021_121107
1761041394.8014903,3605306,922958336,922.958336,70,198,126,2,20251021_121107
1761041394.8114743,3605345,922968320,922.96832,72,199,125,2,20251021_121107
1761041394.8214583,3605384,922978304,922.978304,74,199,124,2,20251021_121107
1761041394.8314424,3605423,922988288,922.988288,76,198,126,2,20251021_121107
1761041394.8414264,3605462,922998272,922.998272,79,198,125,2,20251021_121107
1761041394.8514104,3605501,923008256,923.008256,81,198,125,2,20251021_121107
1761041394.8613944,3605540,923018240,923.01824,83,198,125,2,20251021_121107
1761041394.8713784,3605579,923028224,923.028224,86,198,126,2,20251021_121107
1761041394.8813624,3605618,923038208,923.038208,88,198,124,2,20251021_121107
1761041394.8913465,3605657,923048192,923.048192,90,198,125,2,20251021_121107
1761041394.9015863,3605697,923058432,923.058432,92,198,125,2,20251021_121107
1761041394.9115703,3605736,923068416,923.068416,95,198,124,2,20251021_121107
1761041394.9215543,3605775,923078400,923.0784,97,198,125,2,20251021_121107
1761041394.9315383,3605814,923088384,923.088384,99,198,125,2,20251021_121107
1761041394.9415224,3605853,923098368,923.098368,102,199,125,2,20251021_121107
1761041394.9515064,3605892,923108352,923.108352,104,198,126,2,20251021_121107
1761041394.9614904,3605931,923118336,923.118336,106,198,126,2,20251021_121107
1761041394.9714744,3605970,923128320,923.12832,109,198,126,2,20251021_121107
1761041394.9814584,3606009,923138304,923.138304,111,198,126,2,20251021_121107
1761041394.9914424,3606048,923148288,923.148288,113,198,126,2,20251021_121107
1761041395.0014265,3606087,923158272,923.158272,115,198,127,2,20251021_121107
1761041395.0114105,3606126,923168256,923.168256,118,198,127,2,20251021_121107
1761041395.0213945,3606165,923178240,923.17824,120,198,127,2,20251021_121107
1761041395.0313785,3606204,923188224,923.188224,122,197,127,2,20251021_121107
1761041395.0416183,3606244,923198464,923.198464,125,198,127,2,20251021_121107
1761041395.0516024,3606283,923208448,923.208448,127,197,127,2,20251021_121107
1761041395.0615864,3606322,923218432,923.218432,129,197,128,2,20251021_121107
1761041395.0715704,3606361,923228416,923.228416,131,198,129,2,20251021_121107
1761041395.0815544,3606400,923238400,923.2384,134,198,130,2,20251021_121107
1761041395.0915384,3606439,923248384,923.248384,136,198,133,2,20251021_121107
1761041395.1015224,3606478,923258368,923.258368,138,197,136,2,20251021_121107
1761041395.1115065,3606517,923268352,923.268352,141,198,140,2,20251021_121107
1761041395.1214905,3606556,923278336,923.278336,143,198,144,2,20251021_121107
1761041395.1314745,3606595,923288320,923.28832,145,198,148,2,20251021_121107
1761041395.1414585,3606634,923298304,923.298304,148,198,156,2,20251021_121107
1761041395.1514423,3606673,923308288,923.308288,150,197,159,2,20251021_121107
1761041395.1614263,3606712,923318272,923.318272,152,198,162,2,20251021_121107
1761041395.1714103,3606751,923328256,923.328256,154,198,165,2,20251021_121107
1761041395.1813943,3606790,923338240,923.33824,157,198,165,2,20251021_121107
1761041395.1916344,3606830,923348480,923.34848,159,198,166,2,20251021_121107
1761041395.2016184,3606869,923358464,923.358464,161,198,167,2,20251021_121107
1761041395.2116024,3606908,923368448,923.368448,164,198,168,2,20251021_121107
1761041395.2215865,3606947,923378432,923.378432,166,197,168,2,20251021_121107
1761041395.2315705,3606986,923388416,923.388416,168,198,168,2,20251021_121107
1761041395.2415545,3607025,923398400,923.3984,170,198,168,2,20251021_121107
1761041395.2515385,3607064,923408384,923.408384,173,198,168,2,20251021_121107
1761041395.2615223,3607103,923418368,923.418368,175,198,168,2,20251021_121107
1761041395.2715063,3607142,923428352,923.428352,177,198,168,2,20251021_121107
1761041395.2814903,3607181,923438336,923.438336,180,198,168,2,20251021_121107
1761041395.2914743,3607220,923448320,923.44832,182,198,168,2,20251021_121107
1761041395.3014584,3607259,923458304,923.458304,184,198,169,2,20251021_121107
1761041395.3114424,3607298,923468288,923.468288,187,198,169,2,20251021_121107
1761041395.3214264,3607337,923478272,923.478272,189,198,169,2,20251021_121107
1761041395.3316665,3607377,923488512,923.488512,191,198,170,2,20251021_121107
1761041395.3416505,3607416,923498496,923.498496,193,198,169,2,20251021_121107
1761041395.3516345,3607455,923508480,923.50848,196,198,169,2,20251021_121107
1761041395.3616185,3607494,923518464,923.518464,198,198,170,2,20251021_121107
1761041395.3716023,3607533,923528448,923.528448,200,198,170,2,20251021_121107
1761041395.3815863,3607572,923538432,923.538432,203,198,169,2,20251021_121107
1761041395.3915703,3607611,923548416,923.548416,205,198,169,2,20251021_121107
1761041395.4015543,3607650,923558400,923.5584,207,198,169,2,20251021_121107
1761041395.4115384,3607689,923568384,923.568384,209,198,170,2,20251021_121107
1761041395.4215224,3607728,923578368,923.578368,212,199,169,2,20251021_121107
1761041395.4315064,3607767,923588352,923.588352,214,198,169,2,20251021_121107
1761041395.4414904,3607806,923598336,923.598336,216,198,169,2,20251021_121107
1761041395.4514744,3607845,923608320,923.60832,219,198,170,2,20251021_121107
1761041395.4614584,3607884,923618304,923.618304,221,198,171,2,20251021_121107
1761041395.4716983,3607924,923628544,923.628544,223,199,170,2,20251021_121107
1761041395.4816823,3607963,923638528,923.638528,225,198,170,2,20251021_121107
1761041395.4916663,3608002,923648512,923.648512,228,198,170,2,20251021_121107
1761041395.5016503,3608041,923658496,923.658496,231,198,170,2,20251021_121107
1761041395.5116343,3608080,923668480,923.66848,233,198,170,2,20251021_121107
1761041395.5216184,3608119,923678464,923.678464,235,198,170,2,20251021_121107
1761041395.5316024,3608158,923688448,923.688448,238,199,170,2,20251021_121107
1761041395.5415864,3608197,923698432,923.698432,240,199,170,2,20251021_121107
1761041395.5515704,3608236,923708416,923.708416,243,199,170,2,20251021_121107
1761041395.5615544,3608275,923718400,923.7184,245,199,170,2,20251021_121107
1761041395.5715384,3608314,923728384,923.728384,247,199,170,2,20251021_121107
1761041395.5815225,3608353,923738368,923.738368,249,199,170,2,20251021_121107
1761041395.5915065,3608392,923748352,923.748352,251,199,170,2,20251021_121107
1761041395.6014905,3608431,923758336,923.758336,253,199,170,2,20251021_121107
1761041395.6117303,3608471,923768576,923.768576,0,199,170,2,20251021_121107
1761041395.6217144,3608510,923778560,923.77856,2,199,169,2,20251021_121107
1761041395.6316984,3608549,923788544,923.788544,4,199,170,2,20251021_121107
1761041395.6416824,3608588,923798528,923.798528,6,199,170,2,20251021_121107
1761041395.6516664,3608627,923808512,923.808512,8,199,169,2,20251021_121107
1761041395.6616504,3608666,923818496,923.818496,10,199,169,2,20251021_121107
1761041395.6716344,3608705,923828480,923.82848,12,199,170,2,20251021_121107
1761041395.6816185,3608744,923838464,923.838464,14,199,169,2,20251021_121107
1761041395.6916025,3608783,923848448,923.848448,16,199,169,2,20251021_121107
1761041395.7015865,3608822,923858432,923.858432,17,199,169,2,20251021_121107
1761041395.7115705,3608861,923868416,923.868416,19,199,169,2,20251021_121107
1761041395.7215545,3608900,923878400,923.8784,21,199,168,2,20251021_121107
1761041395.7315383,3608939,923888384,923.888384,23,199,168,2,20251021_121107
1761041395.7415223,3608978,923898368,923.898368,24,199,169,2,20251021_121107
1761041395.7515063,3609017,923908352,923.908352,26,199,167,2,20251021_121107
1761041395.7617464,3609057,923918592,923.918592,28,199,166,2,20251021_121107
1761041395.7717304,3609096,923928576,923.928576,29,199,165,2,20251021_121107
1761041395.7817144,3609135,923938560,923.93856,31,199,164,2,20251021_121107
1761041395.7916985,3609174,923948544,923.948544,33,199,164,2,20251021_121107
1761041395.8016825,3609213,923958528,923.958528,35,199,162,2,20251021_121107
1761041395.8116665,3609252,923968512,923.968512,37,199,160,2,20251021_121107
1761041395.8216505,3609291,923978496,923.978496,39,199,159,2,20251021_121107
1761041395.8316343,3609330,923988480,923.98848,40,199,158,2,20251021_121107
1761041395.8416183,3609369,923998464,923.998464,42,199,158,2,20251021_121107
1761041395.8516023,3609408,924008448,924.008448,44,199,156,2,20251021_121107
1761041395.8615863,3609447,924018432,924.018432,46,199,155,2,20251021_121107
1761041395.8715703,3609486,924028416,924.028416,48,199,155,2,20251021_121107
1761041395.8815544,3609525,924038400,924.0384,51,199,154,2,20251021_121107
1761041395.8915384,3609564,924048384,924.048384,53,199,154,2,20251021_121107
1761041395.9015224,3609603,924058368,924.058368,55,199,153,2,20251021_121107
1761041395.9117625,3609643,924068608,924.068608,57,199,153,2,20251021_121107
1761041395.9217465,3609682,924078592,924.078592,59,199,152,2,20251021_121107
1761041395.9317305,3609721,924088576,924.088576,61,199,153,2,20251021_121107
1761041395.9417143,3609760,924098560,924.09856,63,199,151,2,20251021_121107
1761041395.9516983,3609799,924108544,924.108544,66,198,150,2,20251021_121107
1761041395.9616823,3609838,924118528,924.118528,68,198,149,2,20251021_121107
1761041395.9716663,3609877,924128512,924.128512,70,198,148,2,20251021_121107
1761041395.9816504,3609916,924138496,924.138496,72,199,147,2,20251021_121107
1761041395.9916344,3609955,924148480,924.14848,75,198,146,2,20251021_121107
1761041396.0016184,3609994,924158464,924.158464,77,198,145,2,20251021_121107
1761041396.0116024,3610033,924168448,924.168448,80,198,143,2,20251021_121107
1761041396.0215864,3610072,924178432,924.178432,82,198,141,2,20251021_121107
1761041396.0315704,3610111,924188416,924.188416,84,198,141,2,20251021_121107
1761041396.0415545,3610150,924198400,924.1984,87,198,140,2,20251021_121107
1761041396.0517943,3610190,924208640,924.20864,89,198,139,2,20251021_121107
1761041396.0617783,3610229,924218624,924.218624,92,198,138,2,20251021_121107
1761041396.0717623,3610268,924228608,924.228608,94,198,138,2,20251021_121107
1761041396.0817463,3610307,924238592,924.238592,97,199,139,2,20251021_121107
1761041396.0917304,3610346,924248576,924.248576,99,198,138,2,20251021_121107
1761041396.1017144,3610385,924258560,924.25856,102,198,137,2,20251021_121107
1761041396.1116984,3610424,924268544,924.268544,104,197,138,2,20251021_121107
1761041396.1216824,3610463,924278528,924.278528,106,198,139,2,20251021_121107
1761041396.1316664,3610502,924288512,924.288512,109,197,139,2,20251021_121107
1761041396.1416504,3610541,924298496,924.298496,111,198,140,2,20251021_121107
1761041396.1516345,3610580,924308480,924.30848,113,197,141,2,20251021_121107
1761041396.1616185,3610619,924318464,924.318464,116,198,141,2,20251021_121107
1761041396.1716025,3610658,924328448,924.328448,118,197,143,2,20251021_121107
1761041396.1815865,3610697,924338432,924.338432,120,197,144,2,20251021_121107
1761041396.1918263,3610737,924348672,924.348672,123,197,145,2,20251021_121107
1761041396.2018104,3610776,924358656,924.358656,125,197,146,2,20251021_121107
1761041396.2117944,3610815,924368640,924.36864,127,197,147,2,20251021_121107
1761041396.2217784,3610854,924378624,924.378624,129,197,148,2,20251021_121107
1761041396.2317624,3610893,924388608,924.388608,132,197,150,2,20251021_121107
1761041396.2417464,3610932,924398592,924.398592,134,197,152,2,20251021_121107
1761041396.2517304,3610971,924408576,924.408576,137,197,154,2,20251021_121107
1761041396.2617145,3611010,924418560,924.41856,139,198,157,2,20251021_121107
1761041396.2716985,3611049,924428544,924.428544,141,197,159,2,20251021_121107
1761041396.2816825,3611088,924438528,924.438528,144,197,160,2,20251021_121107
1761041396.2916665,3611127,924448512,924.448512,147,197,162,2,20251021_121107
1761041396.3016503,3611166,924458496,924.458496,149,197,162,2,20251021_121107
1761041396.3116343,3611205,924468480,924.46848,152,198,164,2,20251021_121107
1761041396.3216183,3611244,924478464,924.478464,155,198,164,2,20251021_121107
1761041396.3318584,3611284,924488704,924.488704,158,198,165,2,20251021_121107
1761041396.3418424,3611323,924498688,924.498688,161,198,166,2,20251021_121107
1761041396.3518264,3611362,924508672,924.508672,163,197,166,2,20251021_121107
1761041396.3618104,3611401,924518656,924.518656,166,197,167,2,20251021_121107
1761041396.3717945,3611440,924528640,924.52864,169,197,167,2,20251021_121107
1761041396.3817785,3611479,924538624,924.538624,172,198,168,2,20251021_121107
1761041396.3917625,3611518,924548608,924.548608,175,198,168,2,20251021_121107
1761041396.4017465,3611557,924558592,924.558592,178,198,168,2,20251021_121107
1761041396.4117303,3611596,924568576,924.568576,182,197,168,2,20251021_121107
1761041396.4217143,3611635,924578560,924.57856,185,197,168,2,20251021_121107
1761041396.4316983,3611674,924588544,924.588544,188,198,168,2,20251021_121107
1761041396.4416823,3611713,924598528,924.598528,191,198,169,2,20251021_121107
1761041396.4516664,3611752,924608512,924.608512,194,198,169,2,20251021_121107
1761041396.4616504,3611791,924618496,924.618496,197,198,169,2,20251021_121107
1761041396.4716344,3611830,924628480,924.62848,200,198,169,2,20251021_121107
1761041396.4818745,3611870,924638720,924.63872,203,198,169,2,20251021_121107
1761041396.4918585,3611909,924648704,924.648704,206,198,169,2,20251021_121107
1761041396.5018425,3611948,924658688,924.658688,208,198,169,2,20251021_121107
1761041396.5118265,3611987,924668672,924.668672,211,198,170,2,20251021_121107
1761041396.5218103,3612026,924678656,924.678656,214,199,170,2,20251021_121107
1761041396.5317943,3612065,924688640,924.68864,217,198,170,2,20251021_121107
1761041396.5417783,3612104,924698624,924.698624,220,198,170,2,20251021_121107
1761041396.5517623,3612143,924708608,924.708608,222,199,170,2,20251021_121107
1761041396.5617464,3612182,924718592,924.718592,225,198,170,2,20251021_121107
1761041396.5717304,3612221,924728576,924.728576,228,198,170,2,20251021_121107
1761041396.5817144,3612260,924738560,924.73856,230,199,170,2,20251021_121107
1761041396.5916984,3612299,924748544,924.748544,233,198,170,2,20251021_121107
1761041396.6016824,3612338,924758528,924.758528,235,198,170,2,20251021_121107
1761041396.6116664,3612377,924768512,924.768512,237,199,170,2,20251021_121107
1761041396.6219065,3612417,924778752,924.778752,240,199,170,2,20251021_121107
1761041396.6318903,3612456,924788736,924.788736,242,198,170,2,20251021_121107
1761041396.6418743,3612495,924798720,924.79872,244,198,170,2,20251021_121107
1761041396.6518583,3612534,924808704,924.808704,247,198,170,2,20251021_121107
1761041396.6618423,3612573,924818688,924.818688,249,199,170,2,20251021_121107
1761041396.6718264,3612612,924828672,924.828672,251,198,169,2,20251021_121107
1761041396.6818104,3612651,924838656,924.838656,253,198,170,2,20251021_121107
1761041396.6917944,3612690,924848640,924.84864,0,199,170,2,20251021_121107
1761041396.7017784,3612729,924858624,924.858624,2,199,170,2,20251021_121107
1761041396.7117624,3612768,924868608,924.868608,4,198,170,2,20251021_121107
1761041396.7217464,3612807,924878592,924.878592,6,199,170,2,20251021_121107
1761041396.7317305,3612846,924888576,924.888576,8,199,170,2,20251021_121107
1761041396.7417145,3612885,924898560,924.89856,10,198,170,2,20251021_121107
1761041396.7516985,3612924,924908544,924.908544,12,198,170,2,20251021_121107
1761041396.7619383,3612964,924918784,924.918784,13,198,170,2,20251021_121107
1761041396.7719223,3613003,924928768,924.928768,15,198,170,2,20251021_121107
1761041396.7819064,3613042,924938752,924.938752,17,198,170,2,20251021_121107
1761041396.7918904,3613081,924948736,924.948736,19,198,170,2,20251021_121107
1761041396.8018744,3613120,924958720,924.95872,20,198,170,2,20251021_121107
1761041396.8118584,3613159,924968704,924.968704,22,198,170,2,20251021_121107
1761041396.8218424,3613198,924978688,924.978688,24,198,170,2,20251021_121107
1761041396.8318264,3613237,924988672,924.988672,25,200,170,2,20251021_121107
1761041396.8418105,3613276,924998656,924.998656,27,198,169,2,20251021_121107
1761041396.8517945,3613315,925008640,925.00864,29,198,170,2,20251021_121107
1761041396.8617785,3613354,925018624,925.018624,30,198,170,2,20251021_121107
1761041396.8717625,3613393,925028608,925.028608,32,198,170,2,20251021_121107
1761041396.8820024,3613433,925038848,925.038848,33,198,169,2,20251021_121107
1761041396.8919864,3613472,925048832,925.048832,35,198,170,2,20251021_121107
1761041396.9019704,3613511,925058816,925.058816,36,198,170,2,20251021_121107
1761041396.9119544,3613550,925068800,925.0688,38,198,170,2,20251021_121107
1761041396.9219384,3613589,925078784,925.078784,40,198,170,2,20251021_121107
1761041396.9319224,3613628,925088768,925.088768,41,198,169,2,20251021_121107
1761041396.9419065,3613667,925098752,925.098752,43,198,169,2,20251021_121107
1761041396.9521463,3613707,925108992,925.108992,44,198,169,2,20251021_121107
1761041396.9621303,3613746,925118976,925.118976,46,198,168,2,20251021_121107
1761041396.9721143,3613785,925128960,925.12896,47,198,168,2,20251021_121107
1761041396.9820983,3613824,925138944,925.138944,49,198,166,2,20251021_121107
1761041396.9920824,3613863,925148928,925.148928,51,198,165,2,20251021_121107
1761041397.0020664,3613902,925158912,925.158912,52,198,164,2,20251021_121107
1761041397.0120504,3613941,925168896,925.168896,54,198,161,2,20251021_121107
1761041397.0220344,3613980,925178880,925.17888,56,198,160,2,20251021_121107
1761041397.0320184,3614019,925188864,925.188864,58,199,157,2,20251021_121107
1761041397.0420024,3614058,925198848,925.198848,61,198,153,2,20251021_121107
1761041397.0519865,3614097,925208832,925.208832,63,198,150,2,20251021_121107
1761041397.0619705,3614136,925218816,925.218816,66,198,146,2,20251021_121107
1761041397.0719545,3614175,925228800,925.2288,69,198,142,2,20251021_121107
1761041397.0819385,3614214,925238784,925.238784,72,199,139,2,20251021_121107
1761041397.0921783,3614254,925249024,925.249024,75,198,136,2,20251021_121107
1761041397.1021624,3614293,925259008,925.259008,78,198,133,2,20251021_121107
1761041397.1121464,3614332,925268992,925.268992,81,198,130,2,20251021_121107
1761041397.1221304,3614371,925278976,925.278976,84,198,127,2,20251021_121107
1761041397.1321144,3614410,925288960,925.28896,86,198,126,2,20251021_121107
1761041397.1420984,3614449,925298944,925.298944,89,198,125,2,20251021_121107
1761041397.1520824,3614488,925308928,925.308928,92,198,126,2,20251021_121107
1761041397.1620665,3614527,925318912,925.318912,95,198,127,2,20251021_121107
1761041397.1720505,3614566,925328896,925.328896,97,198,127,2,20251021_121107
1761041397.1820345,3614605,925338880,925.33888,100,197,127,2,20251021_121107
1761041397.1920185,3614644,925348864,925.348864,102,197,127,2,20251021_121107
1761041397.2020023,3614683,925358848,925.358848,105,197,127,2,20251021_121107
1761041397.2119863,3614722,925368832,925.368832,107,197,127,2,20251021_121107
1761041397.2219703,3614761,925378816,925.378816,110,197,127,2,20251021_121107
1761041397.2322104,3614801,925389056,925.389056,112,197,127,2,20251021_121107
1761041397.2421944,3614840,925399040,925.39904,115,197,127,2,20251021_121107
1761041397.2521784,3614879,925409024,925.409024,117,197,127,2,20251021_121107
1761041397.2621624,3614918,925419008,925.419008,119,197,127,2,20251021_121107
1761041397.2721465,3614957,925428992,925.428992,121,197,127,2,20251021_121107
1761041397.2821305,3614996,925438976,925.438976,123,196,128,2,20251021_121107
1761041397.2921145,3615035,925448960,925.44896,125,197,129,2,20251021_121107
1761041397.3020985,3615074,925458944,925.458944,127,197,130,2,20251021_121107
1761041397.3120823,3615113,925468928,925.468928,129,197,130,2,20251021_121107
1761041397.3220663,3615152,925478912,925.478912,131,197,132,2,20251021_121107
1761041397.3320503,3615191,925488896,925.488896,133,197,133,2,20251021_121107
1761041397.3420343,3615230,925498880,925.49888,135,197,137,2,20251021_121107
1761041397.3520184,3615269,925508864,925.508864,137,197,138,2,20251021_121107
1761041397.3620024,3615308,925518848,925.518848,139,197,139,2,20251021_121107
1761041397.3719864,3615347,925528832,925.528832,142,197,142,2,20251021_121107
1761041397.3822265,3615387,925539072,925.539072,144,197,146,2,20251021_121107
1761041397.3922105,3615426,925549056,925.549056,146,197,149,2,20251021_121107
1761041397.4021945,3615465,925559040,925.55904,148,197,153,2,20251021_121107
1761041397.4121785,3615504,925569024,925.569024,151,197,160,2,20251021_121107
1761041397.4221623,3615543,925579008,925.579008,153,197,162,2,20251021_121107
1761041397.4321463,3615582,925588992,925.588992,156,198,164,2,20251021_121107
1761041397.4421303,3615621,925598976,925.598976,159,197,165,2,20251021_121107
1761041397.4521143,3615660,925608960,925.60896,162,197,166,2,20251021_121107
1761041397.4620984,3615699,925618944,925.618944,165,197,167,2,20251021_121107
1761041397.4720824,3615738,925628928,925.628928,168,197,168,2,20251021_121107
1761041397.4820664,3615777,925638912,925.638912,171,197,169,2,20251021_121107
1761041397.4920504,3615816,925648896,925.648896,174,197,168,2,20251021_121107
1761041397.5020344,3615855,925658880,925.65888,177,197,168,2,20251021_121107
1761041397.5120184,3615894,925668864,925.668864,180,197,168,2,20251021_121107
1761041397.5222583,3615934,925679104,925.679104,183,197,168,2,20251021_121107
1761041397.5322423,3615973,925689088,925.689088,186,197,168,2,20251021_121107
1761041397.5422263,3616012,925699072,925.699072,189,197,169,2,20251021_121107
1761041397.5522103,3616051,925709056,925.709056,192,198,169,2,20251021_121107
1761041397.5621943,3616090,925719040,925.71904,195,198,168,2,20251021_121107
1761041397.5721784,3616129,925729024,925.729024,198,198,169,2,20251021_121107
1761041397.5821624,3616168,925739008,925.739008,201,198,169,2,20251021_121107
1761041397.5924025,3616208,925749248,925.749248,204,198,169,2,20251021_121107
1761041397.6023865,3616247,925759232,925.759232,207,198,169,2,20251021_121107
1761041397.6123705,3616286,925769216,925.769216,210,198,169,2,20251021_121107
1761041397.6223545,3616325,925779200,925.7792,212,197,169,2,20251021_121107
1761041397.6323383,3616364,925789184,925.789184,215,198,169,2,20251021_121107
1761041397.6423223,3616403,925799168,925.799168,218,198,169,2,20251021_121107
1761041397.6523063,3616442,925809152,925.809152,221,198,170,2,20251021_121107
1761041397.6622903,3616481,925819136,925.819136,223,198,170,2,20251021_121107
1761041397.6725304,3616521,925829376,925.829376,226,198,170,2,20251021_121107
1761041397.6825144,3616560,925839360,925.83936,229,199,170,2,20251021_121107
1761041397.6924984,3616599,925849344,925.849344,231,198,169,2,20251021_121107
1761041397.7024825,3616638,925859328,925.859328,234,198,169,2,20251021_121107
1761041397.7124665,3616677,925869312,925.869312,236,198,170,2,20251021_121107
1761041397.7224505,3616716,925879296,925.879296,238,198,170,2,20251021_121107
1761041397.7326903,3616756,925889536,925.889536,241,198,170,2,20251021_121107
1761041397.7426744,3616795,925899520,925.89952,243,198,169,2,20251021_121107
1761041397.7526584,3616834,925909504,925.909504,245,199,170,2,20251021_121107
1761041397.7626424,3616873,925919488,925.919488,247,198,170,2,20251021_121107
1761041397.7726264,3616912,925929472,925.929472,250,199,170,2,20251021_121107
1761041397.7826104,3616951,925939456,925.939456,252,198,169,2,20251021_121107
1761041397.7925944,3616990,925949440,925.94944,254,198,170,2,20251021_121107
1761041397.8025784,3617029,925959424,925.959424,1,198,170,2,20251021_121107
1761041397.8128183,3617069,925969664,925.969664,3,198,169,2,20251021_121107
1761041397.8228023,3617108,925979648,925.979648,5,198,169,2,20251021_121107
1761041397.8327863,3617147,925989632,925.989632,7,198,169,2,20251021_121107
1761041397.8427703,3617186,925999616,925.999616,9,198,169,2,20251021_121107
1761041397.8527544,3617225,926009600,926.0096,11,198,169,2,20251021_121107
1761041397.8627384,3617264,926019584,926.019584,12,198,169,2,20251021_121107
1761041397.8727224,3617303,926029568,926.029568,14,198,169,2,20251021_121107
1761041397.8827064,3617342,926039552,926.039552,16,198,168,2,20251021_121107
1761041397.8926904,3617381,926049536,926.049536,18,198,168,2,20251021_121107
1761041397.9026744,3617420,926059520,926.05952,20,199,166,2,20251021_121107
1761041397.9126585,3617459,926069504,926.069504,21,198,165,2,20251021_121107
1761041397.9228983,3617499,926079744,926.079744,23,198,164,2,20251021_121107
1761041397.9328823,3617538,926089728,926.089728,25,198,161,2,20251021_121107
1761041397.9428663,3617577,926099712,926.099712,27,199,158,2,20251021_121107
1761041397.9528503,3617616,926109696,926.109696,29,198,156,2,20251021_121107
1761041397.9628344,3617655,926119680,926.11968,31,198,152,2,20251021_121107
1761041397.9728184,3617694,926129664,926.129664,34,198,149,2,20251021_121107
1761041397.9828024,3617733,926139648,926.139648,36,199,146,2,20251021_121107
1761041397.9927864,3617772,926149632,926.149632,39,198,143,2,20251021_121107
1761041398.0027704,3617811,926159616,926.159616,41,198,141,2,20251021_121107
1761041398.0127544,3617850,926169600,926.1696,44,198,138,2,20251021_121107
1761041398.0227385,3617889,926179584,926.179584,47,198,135,2,20251021_121107
1761041398.0327225,3617928,926189568,926.189568,50,198,132,2,20251021_121107
1761041398.0427065,3617967,926199552,926.199552,53,198,129,2,20251021_121107
1761041398.0526905,3618006,926209536,926.209536,56,198,127,2,20251021_121107
1761041398.0626743,3618045,926219520,926.21952,59,199,127,2,20251021_121107
1761041398.0729144,3618085,926229760,926.22976,62,198,125,2,20251021_121107
1761041398.0828984,3618124,926239744,926.239744,65,198,126,2,20251021_121107
1761041398.0928824,3618163,926249728,926.249728,68,198,126,2,20251021_121107
1761041398.1028664,3618202,926259712,926.259712,71,198,126,2,20251021_121107
1761041398.1128504,3618241,926269696,926.269696,74,198,126,2,20251021_121107
1761041398.1228344,3618280,926279680,926.27968,77,198,125,2,20251021_121107
1761041398.1328185,3618319,926289664,926.289664,80,198,125,2,20251021_121107
1761041398.1428025,3618358,926299648,926.299648,83,198,125,2,20251021_121107
1761041398.1527865,3618397,926309632,926.309632,86,198,127,2,20251021_121107
1761041398.1627705,3618436,926319616,926.319616,89,198,126,2,20251021_121107
1761041398.1727543,3618475,926329600,926.3296,91,198,126,2,20251021_121107
1761041398.1827383,3618514,926339584,926.339584,94,198,126,2,20251021_121107
1761041398.1927223,3618553,926349568,926.349568,97,198,126,2,20251021_121107
1761041398.2027063,3618592,926359552,926.359552,99,198,127,2,20251021_121107
1761041398.2129464,3618632,926369792,926.369792,102,198,127,2,20251021_121107
1761041398.2229304,3618671,926379776,926.379776,104,197,127,2,20251021_121107
1761041398.2329144,3618710,926389760,926.38976,107,197,127,2,20251021_121107
1761041398.2428985,3618749,926399744,926.399744,109,197,127,2,20251021_121107
1761041398.2528825,3618788,926409728,926.409728,112,197,127,2,20251021_121107
1761041398.2628665,3618827,926419712,926.419712,114,197,128,2,20251021_121107
1761041398.2728505,3618866,926429696,926.429696,116,197,130,2,20251021_121107
1761041398.2828343,3618905,926439680,926.43968,119,197,130,2,20251021_121107
1761041398.2928183,3618944,926449664,926.449664,121,197,132,2,20251021_121107
1761041398.3028023,3618983,926459648,926.459648,123,197,135,2,20251021_121107
1761041398.3127863,3619022,926469632,926.469632,125,197,137,2,20251021_121107
1761041398.3227704,3619061,926479616,926.479616,127,197,140,2,20251021_121107
1761041398.3327544,3619100,926489600,926.4896,130,197,144,2,20251021_121107
1761041398.3427384,3619139,926499584,926.499584,132,197,150,2,20251021_121107
1761041398.3529785,3619179,926509824,926.509824,134,197,154,2,20251021_121107
1761041398.3629625,3619218,926519808,926.519808,137,197,158,2,20251021_121107
1761041398.3729465,3619257,926529792,926.529792,139,197,161,2,20251021_121107
1761041398.3829305,3619296,926539776,926.539776,142,197,162,2,20251021_121107
1761041398.3929143,3619335,926549760,926.54976,144,197,164,2,20251021_121107
1761041398.4028983,3619374,926559744,926.559744,147,198,164,2,20251021_121107
1761041398.4128823,3619413,926569728,926.569728,150,198,166,2,20251021_121107
1761041398.4228663,3619452,926579712,926.579712,153,197,167,2,20251021_121107
1761041398.4328504,3619491,926589696,926.589696,156,198,167,2,20251021_121107
1761041398.4428344,3619530,926599680,926.59968,159,197,167,2,20251021_121107
1761041398.4530745,3619570,926609920,926.60992,161,197,167,2,20251021_121107
1761041398.4630585,3619609,926619904,926.619904,164,197,167,2,20251021_121107
1761041398.4730425,3619648,926629888,926.629888,167,197,168,2,20251021_121107
1761041398.4830265,3619687,926639872,926.639872,170,197,167,2,20251021_121107
1761041398.4930103,3619726,926649856,926.649856,173,197,168,2,20251021_121107
1761041398.5029943,3619765,926659840,926.65984,177,197,168,2,20251021_121107
1761041398.5129783,3619804,926669824,926.669824,180,197,168,2,20251021_121107
1761041398.5232184,3619844,926680064,926.680064,183,197,169,2,20251021_121107
1761041398.5332024,3619883,926690048,926.690048,186,198,168,2,20251021_121107
1761041398.5431864,3619922,926700032,926.700032,189,197,168,2,20251021_121107
1761041398.5531704,3619961,926710016,926.710016,192,198,170,2,20251021_121107
1761041398.5631545,3620000,926720000,926.72,195,198,169,2,20251021_121107
1761041398.5731385,3620039,926729984,926.729984,198,197,169,2,20251021_121107
1761041398.5831225,3620078,926739968,926.739968,201,198,169,2,20251021_121107
1761041398.5931065,3620117,926749952,926.749952,204,198,169,2,20251021_121107
1761041398.6030903,3620156,926759936,926.759936,207,198,169,2,20251021_121107
1761041398.6130743,3620195,926769920,926.76992,209,198,169,2,20251021_121107
1761041398.6230583,3620234,926779904,926.779904,212,198,169,2,20251021_121107
1761041398.6330423,3620273,926789888,926.789888,215,198,169,2,20251021_121107
1761041398.6430264,3620312,926799872,926.799872,218,198,168,2,20251021_121107
1761041398.6530104,3620351,926809856,926.809856,220,198,168,2,20251021_121107
1761041398.6632504,3620391,926820096,926.820096,223,198,169,2,20251021_121107
1761041398.6732345,3620430,926830080,926.83008,226,199,169,2,20251021_121107
1761041398.6832185,3620469,926840064,926.840064,228,198,169,2,20251021_121107
1761041398.6932025,3620508,926850048,926.850048,231,198,169,2,20251021_121107
1761041398.7031865,3620547,926860032,926.860032,233,198,169,2,20251021_121107
1761041398.7131703,3620586,926870016,926.870016,236,199,169,2,20251021_121107
1761041398.7231543,3620625,926880000,926.88,238,198,169,2,20251021_121107
1761041398.7331383,3620664,926889984,926.889984,240,198,169,2,20251021_121107
1761041398.7431223,3620703,926899968,926.899968,243,198,169,2,20251021_121107
1761041398.7531064,3620742,926909952,926.909952,245,199,169,2,20251021_121107
1761041398.7630904,3620781,926919936,926.919936,247,199,169,2,20251021_121107
1761041398.7730744,3620820,926929920,926.92992,249,199,169,2,20251021_121107
1761041398.7830584,3620859,926939904,926.939904,252,199,169,2,20251021_121107
1761041398.7930424,3620898,926949888,926.949888,254,198,168,2,20251021_121107
1761041398.8030264,3620937,926959872,926.959872,1,198,170,2,20251021_121107
1761041398.8132665,3620977,926970112,926.970112,3,198,170,2,20251021_121107
1761041398.8232503,3621016,926980096,926.980096,5,199,168,2,20251021_121107
1761041398.8332343,3621055,926990080,926.99008,7,198,169,2,20251021_121107
1761041398.8432183,3621094,927000064,927.000064,8,199,168,2,20251021_121107
1761041398.8532023,3621133,927010048,927.010048,10,198,169,2,20251021_121107
1761041398.8631864,3621172,927020032,927.020032,12,199,169,2,20251021_121107
1761041398.8731704,3621211,927030016,927.030016,14,199,168,2,20251021_121107
1761041398.8831544,3621250,927040000,927.04,16,199,168,2,20251021_121107
1761041398.8931384,3621289,927049984,927.049984,18,198,168,2,20251021_121107
1761041398.9031224,3621328,927059968,927.059968,19,198,168,2,20251021_121107
1761041398.9131064,3621367,927069952,927.069952,21,198,168,2,20251021_121107
1761041398.9230905,3621406,927079936,927.079936,23,198,167,2,20251021_121107
1761041398.9330745,3621445,927089920,927.08992,25,199,167,2,20251021_121107
1761041398.9430585,3621484,927099904,927.099904,26,198,167,2,20251021_121107
1761041398.9530425,3621523,927109888,927.109888,28,198,167,2,20251021_121107
1761041398.9632823,3621563,927120128,927.120128,30,199,166,2,20251021_121107
1761041398.9732664,3621602,927130112,927.130112,31,199,166,2,20251021_121107
1761041398.9832504,3621641,927140096,927.140096,33,198,166,2,20251021_121107
1761041398.9932344,3621680,927150080,927.15008,35,198,166,2,20251021_121107
1761041399.0032184,3621719,927160064,927.160064,36,199,166,2,20251021_121107
1761041399.0132024,3621758,927170048,927.170048,38,198,164,2,20251021_121107
1761041399.0231864,3621797,927180032,927.180032,40,198,164,2,20251021_121107
1761041399.0331705,3621836,927190016,927.190016,41,198,163,2,20251021_121107
1761041399.0431545,3621875,927200000,927.2,43,198,163,2,20251021_121107
1761041399.0531385,3621914,927209984,927.209984,45,198,162,2,20251021_121107
1761041399.0631225,3621953,927219968,927.219968,47,198,161,2,20251021_121107
1761041399.0731063,3621992,927229952,927.229952,48,198,161,2,20251021_121107
1761041399.0830903,3622031,927239936,927.239936,50,198,161,2,20251021_121107
1761041399.0930743,3622070,927249920,927.24992,52,198,160,2,20251021_121107
1761041399.1033144,3622110,927260160,927.26016,54,198,159,2,20251021_121107
1761041399.1132984,3622149,927270144,927.270144,56,198,159,2,20251021_121107
1761041399.1232824,3622188,927280128,927.280128,58,198,158,2,20251021_121107
1761041399.1332664,3622227,927290112,927.290112,60,198,157,2,20251021_121107
1761041399.1432505,3622266,927300096,927.300096,62,198,156,2,20251021_121107
1761041399.1532345,3622305,927310080,927.31008,64,198,155,2,20251021_121107
1761041399.1632185,3622344,927320064,927.320064,66,198,153,2,20251021_121107
1761041399.1732025,3622383,927330048,927.330048,68,198,152,2,20251021_121107
1761041399.1831863,3622422,927340032,927.340032,70,198,152,2,20251021_121107
1761041399.1931703,3622461,927350016,927.350016,72,199,149,2,20251021_121107
1761041399.2031543,3622500,927360000,927.36,75,199,147,2,20251021_121107
1761041399.2131383,3622539,927369984,927.369984,77,198,146,2,20251021_121107
1761041399.2231224,3622578,927379968,927.379968,79,198,144,2,20251021_121107
1761041399.2331064,3622617,927389952,927.389952,82,198,143,2,20251021_121107
1761041399.2430904,3622656,927399936,927.399936,84,198,142,2,20251021_121107
1761041399.2533305,3622696,927410176,927.410176,87,197,140,2,20251021_121107
1761041399.2633145,3622735,927420160,927.42016,89,197,139,2,20251021_121107
1761041399.2732985,3622774,927430144,927.430144,92,197,139,2,20251021_121107
1761041399.2832825,3622813,927440128,927.440128,94,197,137,2,20251021_121107
1761041399.2932663,3622852,927450112,927.450112,97,197,137,2,20251021_121107
1761041399.3032503,3622891,927460096,927.460096,99,197,136,2,20251021_121107
1761041399.3132343,3622930,927470080,927.47008,102,197,135,2,20251021_121107
1761041399.3232183,3622969,927480064,927.480064,104,197,134,2,20251021_121107
1761041399.3332024,3623008,927490048,927.490048,107,197,135,2,20251021_121107
1761041399.3431864,3623047,927500032,927.500032,109,197,135,2,20251021_121107
1761041399.3531704,3623086,927510016,927.510016,111,197,135,2,20251021_121107
1761041399.3631544,3623125,927520000,927.52,114,197,135,2,20251021_121107
1761041399.3731384,3623164,927529984,927.529984,116,197,136,2,20251021_121107
1761041399.3831224,3623203,927539968,927.539968,118,197,135,2,20251021_121107
1761041399.3933623,3623243,927550208,927.550208,120,197,137,2,20251021_121107
1761041399.4033463,3623282,927560192,927.560192,123,196,137,2,20251021_121107
1761041399.4133303,3623321,927570176,927.570176,125,197,138,2,20251021_121107
1761041399.4233143,3623360,927580160,927.58016,127,196,138,2,20251021_121107
1761041399.4332983,3623399,927590144,927.590144,129,196,138,2,20251021_121107
1761041399.4432824,3623438,927600128,927.600128,131,197,139,2,20251021_121107
1761041399.4532664,3623477,927610112,927.610112,133,196,140,2,20251021_121107
1761041399.4632504,3623516,927620096,927.620096,136,196,141,2,20251021_121107
1761041399.4732344,3623555,927630080,927.63008,138,197,141,2,20251021_121107
1761041399.4832184,3623594,927640064,927.640064,140,197,143,2,20251021_121107
1761041399.4932024,3623633,927650048,927.650048,142,197,144,2,20251021_121107
1761041399.5031865,3623672,927660032,927.660032,144,197,145,2,20251021_121107
1761041399.5131705,3623711,927670016,927.670016,147,197,147,2,20251021_121107
1761041399.5231545,3623750,927680000,927.68,149,197,149,2,20251021_121107
1761041399.5333943,3623790,927690240,927.69024,151,197,152,2,20251021_121107
1761041399.5433784,3623829,927700224,927.700224,154,197,154,2,20251021_121107
1761041399.5533624,3623868,927710208,927.710208,156,197,157,2,20251021_121107
1761041399.5633464,3623907,927720192,927.720192,159,197,160,2,20251021_121107
1761041399.5733304,3623946,927730176,927.730176,162,197,162,2,20251021_121107
1761041399.5833144,3623985,927740160,927.74016,164,197,163,2,20251021_121107
1761041399.5932984,3624024,927750144,927.750144,167,197,164,2,20251021_121107
1761041399.6032825,3624063,927760128,927.760128,170,197,165,2,20251021_121107
1761041399.6132665,3624102,927770112,927.770112,173,197,166,2,20251021_121107
1761041399.6232505,3624141,927780096,927.780096,176,197,167,2,20251021_121107
1761041399.6332345,3624180,927790080,927.79008,179,197,170,2,20251021_121107
1761041399.6432185,3624219,927800064,927.800064,182,197,167,2,20251021_121107
1761041399.6532023,3624258,927810048,927.810048,185,198,168,2,20251021_121107
1761041399.6631863,3624297,927820032,927.820032,188,197,168,2,20251021_121107
1761041399.6734264,3624337,927830272,927.830272,191,197,169,2,20251021_121107
1761041399.6834104,3624376,927840256,927.840256,194,198,168,2,20251021_121107
1761041399.6933944,3624415,927850240,927.85024,197,198,168,2,20251021_121107
1761041399.7033784,3624454,927860224,927.860224,200,198,169,2,20251021_121107
1761041399.7133625,3624493,927870208,927.870208,203,198,169,2,20251021_121107
1761041399.7233465,3624532,927880192,927.880192,206,198,168,2,20251021_121107
1761041399.7333305,3624571,927890176,927.890176,209,198,169,2,20251021_121107
1761041399.7433145,3624610,927900160,927.90016,212,197,169,2,20251021_121107
1761041399.7532983,3624649,927910144,927.910144,215,198,168,2,20251021_121107
1761041399.7632823,3624688,927920128,927.920128,217,198,169,2,20251021_121107
1761041399.7732663,3624727,927930112,927.930112,220,198,170,2,20251021_121107
1761041399.7832503,3624766,927940096,927.940096,223,198,169,2,20251021_121107
1761041399.7932343,3624805,927950080,927.95008,225,198,169,2,20251021_121107
1761041399.8032184,3624844,927960064,927.960064,228,198,169,2,20251021_121107
1761041399.8132024,3624883,927970048,927.970048,231,198,169,2,20251021_121107
1761041399.8234425,3624923,927980288,927.980288,233,198,169,2,20251021_121107
1761041399.8334265,3624962,927990272,927.990272,236,198,170,2,20251021_121107
1761041399.8434105,3625001,928000256,928.000256,238,198,170,2,20251021_121107
1761041399.8533945,3625040,928010240,928.01024,240,198,170,2,20251021_121107
1761041399.8633783,3625079,928020224,928.020224,243,198,170,2,20251021_121107
1761041399.8733623,3625118,928030208,928.030208,245,198,170,2,20251021_121107
1761041399.8833463,3625157,928040192,928.040192,247,198,170,2,20251021_121107
1761041399.8933303,3625196,928050176,928.050176,249,198,170,2,20251021_121107
1761041399.9033144,3625235,928060160,928.06016,251,198,170,2,20251021_121107
1761041399.9132984,3625274,928070144,928.070144,253,198,170,2,20251021_121107
1761041399.9232824,3625313,928080128,928.080128,0,198,170,2,20251021_121107
1761041399.9332664,3625352,928090112,928.090112,2,198,170,2,20251021_121107
1761041399.9432504,3625391,928100096,928.100096,4,198,170,2,20251021_121107
1761041399.9532344,3625430,928110080,928.11008,6,198,170,2,20251021_121107
1761041399.9634745,3625470,928120320,928.12032,8,198,170,2,20251021_121107
1761041399.9734583,3625509,928130304,928.130304,10,198,170,2,20251021_121107
1761041399.9834423,3625548,928140288,928.140288,12,198,169,2,20251021_121107
1761041399.9934263,3625587,928150272,928.150272,14,198,171,2,20251021_121107
1761041400.0034103,3625626,928160256,928.160256,16,198,170,2,20251021_121107
1761041400.0133944,3625665,928170240,928.17024,17,198,170,2,20251021_121107
1761041400.0233784,3625704,928180224,928.180224,19,198,170,2,20251021_121107
1761041400.0333624,3625743,928190208,928.190208,21,198,169,2,20251021_121107
1761041400.0433464,3625782,928200192,928.200192,22,198,170,2,20251021_121107
1761041400.0533304,3625821,928210176,928.210176,24,198,170,2,20251021_121107
1761041400.0633144,3625860,928220160,928.22016,26,198,170,2,20251021_121107
1761041400.0732985,3625899,928230144,928.230144,27,198,168,2,20251021_121107
1761041400.0832825,3625938,928240128,928.240128,29,198,169,2,20251021_121107
1761041400.0932665,3625977,928250112,928.250112,31,198,170,2,20251021_121107
1761041400.1035063,3626017,928260352,928.260352,32,198,169,2,20251021_121107
1761041400.1134903,3626056,928270336,928.270336,34,198,168,2,20251021_121107
1761041400.1234744,3626095,928280320,928.28032,35,198,168,2,20251021_121107
1761041400.1334584,3626134,928290304,928.290304,37,198,167,2,20251021_121107
1761041400.1434424,3626173,928300288,928.300288,39,198,166,2,20251021_121107
1761041400.1534264,3626212,928310272,928.310272,40,198,164,2,20251021_121107
1761041400.1634104,3626251,928320256,928.320256,42,198,162,2,20251021_121107
1761041400.1733944,3626290,928330240,928.33024,44,198,158,2,20251021_121107
1761041400.1833785,3626329,928340224,928.340224,46,198,154,2,20251021_121107
1761041400.1933625,3626368,928350208,928.350208,49,198,151,2,20251021_121107
1761041400.2033465,3626407,928360192,928.360192,51,198,147,2,20251021_121107
1761041400.2133305,3626446,928370176,928.370176,54,198,144,2,20251021_121107
1761041400.2233143,3626485,928380160,928.38016,57,198,140,2,20251021_121107
1761041400.2332983,3626524,928390144,928.390144,60,198,137,2,20251021_121107
1761041400.2432823,3626563,928400128,928.400128,63,198,134,2,20251021_121107
1761041400.2535224,3626603,928410368,928.410368,66,197,130,2,20251021_121107
1761041400.2635064,3626642,928420352,928.420352,69,198,128,2,20251021_121107
1761041400.2734904,3626681,928430336,928.430336,72,198,127,2,20251021_121107
1761041400.2834744,3626720,928440320,928.44032,75,198,125,2,20251021_121107
1761041400.2934585,3626759,928450304,928.450304,78,197,125,2,20251021_121107
1761041400.3034425,3626798,928460288,928.460288,81,197,125,2,20251021_121107
1761041400.3134265,3626837,928470272,928.470272,84,197,126,2,20251021_121107
1761041400.3234105,3626876,928480256,928.480256,87,198,125,2,20251021_121107
1761041400.3333943,3626915,928490240,928.49024,89,197,124,2,20251021_121107
1761041400.3433783,3626954,928500224,928.500224,92,197,125,2,20251021_121107
1761041400.3533623,3626993,928510208,928.510208,95,197,125,2,20251021_121107
1761041400.3633463,3627032,928520192,928.520192,97,197,124,2,20251021_121107
1761041400.3733304,3627071,928530176,928.530176,100,197,124,2,20251021_121107
1761041400.3833144,3627110,928540160,928.54016,103,197,124,2,20251021_121107
1761041400.3935544,3627150,928550400,928.5504,105,196,124,2,20251021_121107
1761041400.4035385,3627189,928560384,928.560384,107,197,124,2,20251021_121107
1761041400.4135225,3627228,928570368,928.570368,110,197,125,2,20251021_121107
1761041400.4235065,3627267,928580352,928.580352,112,197,126,2,20251021_121107
1761041400.4334905,3627306,928590336,928.590336,115,197,126,2,20251021_121107
1761041400.4434743,3627345,928600320,928.60032,117,197,126,2,20251021_121107
1761041400.4534583,3627384,928610304,928.610304,119,196,126,2,20251021_121107
1761041400.4634423,3627423,928620288,928.620288,121,196,127,2,20251021_121107
1761041400.4734263,3627462,928630272,928.630272,123,196,127,2,20251021_121107
1761041400.4834104,3627501,928640256,928.640256,125,196,127,2,20251021_121107
1761041400.4933944,3627540,928650240,928.65024,127,196,127,2,20251021_121107
1761041400.5033784,3627579,928660224,928.660224,130,197,127,2,20251021_121107
1761041400.5133624,3627618,928670208,928.670208,131,196,127,2,20251021_121107
1761041400.5233464,3627657,928680192,928.680192,133,196,127,2,20251021_121107
1761041400.5333304,3627696,928690176,928.690176,135,196,128,2,20251021_121107
1761041400.5435705,3627736,928700416,928.700416,137,196,129,2,20251021_121107
1761041400.5535543,3627775,928710400,928.7104,139,196,131,2,20251021_121107
1761041400.5635383,3627814,928720384,928.720384,141,196,133,2,20251021_121107
1761041400.5735223,3627853,928730368,928.730368,143,196,136,2,20251021_121107
1761041400.5835063,3627892,928740352,928.740352,145,196,140,2,20251021_121107
1761041400.5934904,3627931,928750336,928.750336,147,197,144,2,20251021_121107
1761041400.6034744,3627970,928760320,928.76032,150,196,150,2,20251021_121107
1761041400.6134584,3628009,928770304,928.770304,152,197,156,2,20251021_121107
1761041400.6234424,3628048,928780288,928.780288,155,197,160,2,20251021_121107
1761041400.6334264,3628087,928790272,928.790272,157,197,162,2,20251021_121107
1761041400.6434104,3628126,928800256,928.800256,160,197,164,2,20251021_121107
1761041400.6533945,3628165,928810240,928.81024,163,197,166,2,20251021_121107
1761041400.6633785,3628204,928820224,928.820224,166,197,167,2,20251021_121107
1761041400.6733625,3628243,928830208,928.830208,169,197,167,2,20251021_121107
1761041400.6836023,3628283,928840448,928.840448,172,197,167,2,20251021_121107
1761041400.6935863,3628322,928850432,928.850432,175,197,167,2,20251021_121107
1761041400.7035704,3628361,928860416,928.860416,178,197,168,2,20251021_121107
1761041400.7135544,3628400,928870400,928.8704,181,197,167,2,20251021_121107
1761041400.7235384,3628439,928880384,928.880384,184,197,168,2,20251021_121107
1761041400.7335224,3628478,928890368,928.890368,187,197,168,2,20251021_121107
1761041400.7435064,3628517,928900352,928.900352,190,197,168,2,20251021_121107
1761041400.7534904,3628556,928910336,928.910336,193,197,168,2,20251021_121107
1761041400.7634745,3628595,928920320,928.92032,196,197,168,2,20251021_121107
1761041400.7734585,3628634,928930304,928.930304,199,197,168,2,20251021_121107
1761041400.7834425,3628673,928940288,928.940288,202,197,168,2,20251021_121107
1761041400.7934265,3628712,928950272,928.950272,205,197,168,2,20251021_121107
1761041400.8034103,3628751,928960256,928.960256,208,197,168,2,20251021_121107
1761041400.8133943,3628790,928970240,928.97024,210,197,168,2,20251021_121107
1761041400.8233783,3628829,928980224,928.980224,213,197,167,2,20251021_121107
1761041400.8336184,3628869,928990464,928.990464,216,197,168,2,20251021_121107
1761041400.8436024,3628908,929000448,929.000448,219,197,169,2,20251021_121107
1761041400.8535864,3628947,929010432,929.010432,221,197,169,2,20251021_121107
1761041400.8635705,3628986,929020416,929.020416,224,197,169,2,20251021_121107
1761041400.8735545,3629025,929030400,929.0304,227,197,168,2,20251021_121107
1761041400.8835385,3629064,929040384,929.040384,229,198,169,2,20251021_121107
1761041400.8935225,3629103,929050368,929.050368,232,198,169,2,20251021_121107
1761041400.9035065,3629142,929060352,929.060352,234,197,169,2,20251021_121107
1761041400.9137464,3629182,929070592,929.070592,237,198,169,2,20251021_121107
1761041400.9237304,3629221,929080576,929.080576,239,198,168,2,20251021_121107
1761041400.9337144,3629260,929090560,929.09056,241,198,169,2,20251021_121107
1761041400.9436984,3629299,929100544,929.100544,244,198,169,2,20251021_121107
1761041400.9536824,3629338,929110528,929.110528,246,198,169,2,20251021_121107
1761041400.9636664,3629377,929120512,929.120512,248,198,169,2,20251021_121107
1761041400.9736505,3629416,929130496,929.130496,250,198,169,2,20251021_121107
1761041400.9836345,3629455,929140480,929.14048,252,198,169,2,20251021_121107
1761041400.9936185,3629494,929150464,929.150464,254,198,169,2,20251021_121107
1761041401.0036025,3629533,929160448,929.160448,1,198,168,2,20251021_121107
1761041401.0135863,3629572,929170432,929.170432,3,198,169,2,20251021_121107
1761041401.0235703,3629611,929180416,929.180416,5,198,170,2,20251021_121107
1761041401.0338104,3629651,929190656,929.190656,7,198,169,2,20251021_121107
1761041401.0437944,3629690,929200640,929.20064,9,198,168,2,20251021_121107
1761041401.0537784,3629729,929210624,929.210624,11,198,168,2,20251021_121107
1761041401.0637624,3629768,929220608,929.220608,13,198,168,2,20251021_121107
1761041401.0737464,3629807,929230592,929.230592,15,198,168,2,20251021_121107
1761041401.0837305,3629846,929240576,929.240576,17,198,168,2,20251021_121107
1761041401.0937145,3629885,929250560,929.25056,18,198,167,2,20251021_121107
1761041401.1036985,3629924,929260544,929.260544,20,198,166,2,20251021_121107
1761041401.1136825,3629963,929270528,929.270528,22,198,164,2,20251021_121107
1761041401.1236663,3630002,929280512,929.280512,24,198,161,2,20251021_121107
1761041401.1336503,3630041,929290496,929.290496,26,198,158,2,20251021_121107
1761041401.1436343,3630080,929300480,929.30048,28,198,156,2,20251021_121107
1761041401.1536183,3630119,929310464,929.310464,30,198,153,2,20251021_121107
1761041401.1636024,3630158,929320448,929.320448,32,198,150,2,20251021_121107
1761041401.1735864,3630197,929330432,929.330432,35,198,147,2,20251021_121107
1761041401.1838264,3630237,929340672,929.340672,37,198,144,2,20251021_121107
1761041401.1938105,3630276,929350656,929.350656,39,198,141,2,20251021_121107
1761041401.2037945,3630315,929360640,929.36064,42,198,139,2,20251021_121107
1761041401.2137785,3630354,929370624,929.370624,45,198,135,2,20251021_121107
1761041401.2237625,3630393,929380608,929.380608,48,198,133,2,20251021_121107
1761041401.2337463,3630432,929390592,929.390592,51,198,130,2,20251021_121107
1761041401.2437303,3630471,929400576,929.400576,54,198,128,2,20251021_121107
1761041401.2537143,3630510,929410560,929.41056,57,198,127,2,20251021_121107
1761041401.2636983,3630549,929420544,929.420544,60,198,126,2,20251021_121107
1761041401.2736824,3630588,929430528,929.430528,63,198,125,2,20251021_121107
1761041401.2836664,3630627,929440512,929.440512,66,198,126,2,20251021_121107
1761041401.2936504,3630666,929450496,929.450496,69,198,127,2,20251021_121107
1761041401.3036344,3630705,929460480,929.46048,72,198,127,2,20251021_121107
1761041401.3136184,3630744,929470464,929.470464,75,198,126,2,20251021_121107
1761041401.3238585,3630784,929480704,929.480704,78,198,126,2,20251021_121107
1761041401.3338425,3630823,929490688,929.490688,81,198,126,2,20251021_121107
1761041401.3438263,3630862,929500672,929.500672,84,198,125,2,20251021_121107
1761041401.3538103,3630901,929510656,929.510656,87,198,125,2,20251021_121107
1761041401.3637943,3630940,929520640,929.52064,89,198,124,2,20251021_121107
1761041401.3737783,3630979,929530624,929.530624,92,197,125,2,20251021_121107
1761041401.3837624,3631018,929540608,929.540608,95,197,126,2,20251021_121107
1761041401.3937464,3631057,929550592,929.550592,97,197,125,2,20251021_121107
1761041401.4037304,3631096,929560576,929.560576,100,197,126,2,20251021_121107
1761041401.4137144,3631135,929570560,929.57056,103,197,126,2,20251021_121107
1761041401.4236984,3631174,929580544,929.580544,105,197,126,2,20251021_121107
1761041401.4336824,3631213,929590528,929.590528,107,197,127,2,20251021_121107
1761041401.4436665,3631252,929600512,929.600512,110,197,127,2,20251021_121107
1761041401.4536505,3631291,929610496,929.610496,112,197,127,2,20251021_121107
1761041401.4636345,3631330,929620480,929.62048,114,197,127,2,20251021_121107
1761041401.4738743,3631370,929630720,929.63072,117,196,130,2,20251021_121107
1761041401.4838583,3631409,929640704,929.640704,119,196,130,2,20251021_121107
1761041401.4938424,3631448,929650688,929.650688,121,197,132,2,20251021_121107
1761041401.5038264,3631487,929660672,929.660672,123,197,134,2,20251021_121107
1761041401.5138104,3631526,929670656,929.670656,126,197,136,2,20251021_121107
1761041401.5237944,3631565,929680640,929.68064,128,196,139,2,20251021_121107
1761041401.5337784,3631604,929690624,929.690624,130,196,142,2,20251021_121107
1761041401.5437624,3631643,929700608,929.700608,132,197,146,2,20251021_121107
1761041401.5537465,3631682,929710592,929.710592,135,197,151,2,20251021_121107
1761041401.5637305,3631721,929720576,929.720576,137,197,155,2,20251021_121107
1761041401.5737145,3631760,929730560,929.73056,139,197,159,2,20251021_121107
1761041401.5836985,3631799,929740544,929.740544,142,197,161,2,20251021_121107
1761041401.5936823,3631838,929750528,929.750528,145,197,162,2,20251021_121107
1761041401.6036663,3631877,929760512,929.760512,147,197,163,2,20251021_121107
1761041401.6139064,3631917,929770752,929.770752,150,197,164,2,20251021_121107
1761041401.6238904,3631956,929780736,929.780736,153,197,165,2,20251021_121107
1761041401.6338744,3631995,929790720,929.79072,156,196,167,2,20251021_121107
1761041401.6438584,3632034,929800704,929.800704,159,197,167,2,20251021_121107
1761041401.6538424,3632073,929810688,929.810688,162,197,167,2,20251021_121107
1761041401.6638265,3632112,929820672,929.820672,164,197,167,2,20251021_121107
1761041401.6738105,3632151,929830656,929.830656,167,197,167,2,20251021_121107
1761041401.6837945,3632190,929840640,929.84064,170,197,167,2,20251021_121107
1761041401.6937785,3632229,929850624,929.850624,173,197,167,2,20251021_121107
1761041401.7037623,3632268,929860608,929.860608,176,197,167,2,20251021_121107
1761041401.7137463,3632307,929870592,929.870592,180,197,168,2,20251021_121107
1761041401.7237303,3632346,929880576,929.880576,183,197,168,2,20251021_121107
1761041401.7337143,3632385,929890560,929.89056,186,197,168,2,20251021_121107
1761041401.7436984,3632424,929900544,929.900544,189,197,168,2,20251021_121107
1761041401.7539384,3632464,929910784,929.910784,192,197,169,2,20251021_121107
1761041401.7639225,3632503,929920768,929.920768,195,197,168,2,20251021_121107
1761041401.7739065,3632542,929930752,929.930752,198,197,168,2,20251021_121107
1761041401.7838905,3632581,929940736,929.940736,201,197,167,2,20251021_121107
1761041401.7938745,3632620,929950720,929.95072,204,197,168,2,20251021_121107
1761041401.8038585,3632659,929960704,929.960704,206,197,168,2,20251021_121107
1761041401.8138423,3632698,929970688,929.970688,209,197,168,2,20251021_121107
1761041401.8238263,3632737,929980672,929.980672,212,197,168,2,20251021_121107
1761041401.8338103,3632776,929990656,929.990656,215,197,169,2,20251021_121107
1761041401.8437943,3632815,930000640,930.00064,218,197,169,2,20251021_121107
1761041401.8537784,3632854,930010624,930.010624,220,197,170,2,20251021_121107
1761041401.8637624,3632893,930020608,930.020608,223,198,169,2,20251021_121107
1761041401.8737464,3632932,930030592,930.030592,226,197,169,2,20251021_121107
1761041401.8837304,3632971,930040576,930.040576,228,198,170,2,20251021_121107
1761041401.8937144,3633010,930050560,930.05056,231,197,169,2,20251021_121107
1761041401.9039545,3633050,930060800,930.0608,233,198,169,2,20251021_121107
1761041401.9139383,3633089,930070784,930.070784,236,198,169,2,20251021_121107
1761041401.9239223,3633128,930080768,930.080768,238,198,170,2,20251021_121107
1761041401.9339063,3633167,930090752,930.090752,240,198,169,2,20251021_121107
1761041401.9438903,3633206,930100736,930.100736,243,198,169,2,20251021_121107
1761041401.9538743,3633245,930110720,930.11072,245,198,169,2,20251021_121107
1761041401.9638584,3633284,930120704,930.120704,247,198,169,2,20251021_121107
1761041401.9738424,3633323,930130688,930.130688,249,198,169,2,20251021_121107
1761041401.9838264,3633362,930140672,930.140672,251,198,169,2,20251021_121107
1761041401.9938104,3633401,930150656,930.150656,254,198,169,2,20251021_121107
1761041402.0037944,3633440,930160640,930.16064,1,198,169,2,20251021_121107
1761041402.0137784,3633479,930170624,930.170624,3,198,170,2,20251021_121107
1761041402.0237625,3633518,930180608,930.180608,5,198,169,2,20251021_121107
1761041402.0337465,3633557,930190592,930.190592,6,198,169,2,20251021_121107
1761041402.0439863,3633597,930200832,930.200832,8,198,169,2,20251021_121107
1761041402.0539703,3633636,930210816,930.210816,10,198,168,2,20251021_121107
1761041402.0639544,3633675,930220800,930.2208,12,198,170,2,20251021_121107
1761041402.0739384,3633714,930230784,930.230784,14,198,169,2,20251021_121107
1761041402.0839224,3633753,930240768,930.240768,16,198,168,2,20251021_121107
1761041402.0939064,3633792,930250752,930.250752,17,198,168,2,20251021_121107
1761041402.1038904,3633831,930260736,930.260736,19,198,168,2,20251021_121107
1761041402.1138744,3633870,930270720,930.27072,21,198,169,2,20251021_121107
1761041402.1238585,3633909,930280704,930.280704,23,198,168,2,20251021_121107
1761041402.1338425,3633948,930290688,930.290688,24,198,168,2,20251021_121107
1761041402.1438265,3633987,930300672,930.300672,26,199,168,2,20251021_121107
1761041402.1538105,3634026,930310656,930.310656,28,198,168,2,20251021_121107
1761041402.1637945,3634065,930320640,930.32064,29,198,168,2,20251021_121107
1761041402.1737783,3634104,930330624,930.330624,31,198,168,2,20251021_121107
1761041402.1840184,3634144,930340864,930.340864,32,198,169,2,20251021_121107
1761041402.1940024,3634183,930350848,930.350848,34,198,168,2,20251021_121107
1761041402.2039864,3634222,930360832,930.360832,36,198,168,2,20251021_121107
1761041402.2139704,3634261,930370816,930.370816,37,198,168,2,20251021_121107
1761041402.2239544,3634300,930380800,930.3808,39,198,168,2,20251021_121107
1761041402.2339385,3634339,930390784,930.390784,40,198,168,2,20251021_121107
1761041402.2439225,3634378,930400768,930.400768,42,198,168,2,20251021_121107
1761041402.2539065,3634417,930410752,930.410752,43,198,168,2,20251021_121107
1761041402.2638905,3634456,930420736,930.420736,45,198,168,2,20251021_121107
1761041402.2738743,3634495,930430720,930.43072,46,198,168,2,20251021_121107
1761041402.2838583,3634534,930440704,930.440704,48,198,168,2,20251021_121107
1761041402.2938423,3634573,930450688,930.450688,49,198,167,2,20251021_121107
1761041402.3038263,3634612,930460672,930.460672,51,198,167,2,20251021_121107
1761041402.3138103,3634651,930470656,930.470656,53,198,166,2,20251021_121107
1761041402.3237944,3634690,930480640,930.48064,54,198,166,2,20251021_121107
1761041402.3340344,3634730,930490880,930.49088,56,198,167,2,20251021_121107
1761041402.3440185,3634769,930500864,930.500864,57,197,166,2,20251021_121107
1761041402.3540025,3634808,930510848,930.510848,59,197,166,2,20251021_121107
1761041402.3639865,3634847,930520832,930.520832,60,198,166,2,20251021_121107
1761041402.3739705,3634886,930530816,930.530816,62,197,165,2,20251021_121107
1761041402.3839543,3634925,930540800,930.5408,64,198,164,2,20251021_121107
1761041402.3939383,3634964,930550784,930.550784,66,198,163,2,20251021_121107
1761041402.4039223,3635003,930560768,930.560768,67,197,162,2,20251021_121107
1761041402.4139063,3635042,930570752,930.570752,69,197,161,2,20251021_121107
1761041402.4238904,3635081,930580736,930.580736,71,198,159,2,20251021_121107
1761041402.4338744,3635120,930590720,930.59072,73,197,159,2,20251021_121107
1761041402.4438584,3635159,930600704,930.600704,75,197,157,2,20251021_121107
1761041402.4538424,3635198,930610688,930.610688,77,197,156,2,20251021_121107
1761041402.4638264,3635237,930620672,930.620672,79,197,155,2,20251021_121107
1761041402.4740665,3635277,930630912,930.630912,81,198,154,2,20251021_121107
1761041402.4840505,3635316,930640896,930.640896,83,197,152,2,20251021_121107
1761041402.4940343,3635355,930650880,930.65088,85,197,150,2,20251021_121107
1761041402.5040183,3635394,930660864,930.660864,88,196,148,2,20251021_121107
1761041402.5140023,3635433,930670848,930.670848,90,197,146,2,20251021_121107
1761041402.5239863,3635472,930680832,930.680832,92,197,144,2,20251021_121107
1761041402.5339704,3635511,930690816,930.690816,95,197,142,2,20251021_121107
1761041402.5439544,3635550,930700800,930.7008,97,196,140,2,20251021_121107
1761041402.5539384,3635589,930710784,930.710784,100,196,138,2,20251021_121107
1761041402.5639224,3635628,930720768,930.720768,102,196,136,2,20251021_121107
1761041402.5739064,3635667,930730752,930.730752,105,196,135,2,20251021_121107
1761041402.5838904,3635706,930740736,930.740736,107,196,134,2,20251021_121107
1761041402.5938745,3635745,930750720,930.75072,109,196,132,2,20251021_121107
1761041402.6038585,3635784,930760704,930.760704,112,196,132,2,20251021_121107
1761041402.6140983,3635824,930770944,930.770944,114,196,131,2,20251021_121107
1761041402.6240823,3635863,930780928,930.780928,116,196,131,2,20251021_121107
1761041402.6340663,3635902,930790912,930.790912,119,196,131,2,20251021_121107
1761041402.6440504,3635941,930800896,930.800896,121,196,131,2,20251021_121107
1761041402.6540344,3635980,930810880,930.81088,123,196,131,2,20251021_121107
1761041402.6640184,3636019,930820864,930.820864,125,196,131,2,20251021_121107
1761041402.6740024,3636058,930830848,930.830848,127,196,132,2,20251021_121107
1761041402.6839864,3636097,930840832,930.840832,129,196,132,2,20251021_121107
1761041402.6939704,3636136,930850816,930.850816,131,196,133,2,20251021_121107
1761041402.7039545,3636175,930860800,930.8608,133,196,134,2,20251021_121107
1761041402.7139385,3636214,930870784,930.870784,135,196,135,2,20251021_121107
1761041402.7239225,3636253,930880768,930.880768,137,196,137,2,20251021_121107
1761041402.7339065,3636292,930890752,930.890752,139,196,138,2,20251021_121107
1761041402.7438903,3636331,930900736,930.900736,142,196,140,2,20251021_121107
1761041402.7538743,3636370,930910720,930.91072,144,196,141,2,20251021_121107
1761041402.7641144,3636410,930920960,930.92096,146,196,144,2,20251021_121107
1761041402.7740984,3636449,930930944,930.930944,148,197,146,2,20251021_121107
1761041402.7840824,3636488,930940928,930.940928,150,196,150,2,20251021_121107
1761041402.7940664,3636527,930950912,930.950912,153,197,153,2,20251021_121107
1761041402.8040504,3636566,930960896,930.960896,155,196,157,2,20251021_121107
1761041402.8140345,3636605,930970880,930.97088,158,196,160,2,20251021_121107
1761041402.8240185,3636644,930980864,930.980864,161,197,161,2,20251021_121107
1761041402.8340025,3636683,930990848,930.990848,163,196,163,2,20251021_121107
1761041402.8439865,3636722,931000832,931.000832,166,197,164,2,20251021_121107
1761041402.8539703,3636761,931010816,931.010816,169,197,165,2,20251021_121107
1761041402.8639543,3636800,931020800,931.0208,172,197,166,2,20251021_121107
1761041402.8739383,3636839,931030784,931.030784,175,197,167,2,20251021_121107
1761041402.8839223,3636878,931040768,931.040768,178,197,167,2,20251021_121107
1761041402.8939064,3636917,931050752,931.050752,181,198,169,2,20251021_121107
1761041402.9041464,3636957,931060992,931.060992,184,196,167,2,20251021_121107
1761041402.9141304,3636996,931070976,931.070976,187,197,168,2,20251021_121107
1761041402.9241145,3637035,931080960,931.08096,190,197,168,2,20251021_121107
1761041402.9340985,3637074,931090944,931.090944,193,197,168,2,20251021_121107
1761041402.9440825,3637113,931100928,931.100928,196,197,168,2,20251021_121107
1761041402.9540665,3637152,931110912,931.110912,199,197,168,2,20251021_121107
1761041402.9640503,3637191,931120896,931.120896,202,197,168,2,20251021_121107
1761041402.9740343,3637230,931130880,931.13088,205,197,168,2,20251021_121107
1761041402.9840183,3637269,931140864,931.140864,208,197,169,2,20251021_121107
1761041402.9940023,3637308,931150848,931.150848,211,197,169,2,20251021_121107
1761041403.0039864,3637347,931160832,931.160832,214,197,170,2,20251021_121107
1761041403.0139704,3637386,931170816,931.170816,217,197,169,2,20251021_121107
1761041403.0239544,3637425,931180800,931.1808,219,197,169,2,20251021_121107
1761041403.0339384,3637464,931190784,931.190784,222,197,170,2,20251021_121107
1761041403.0439224,3637503,931200768,931.200768,225,197,169,2,20251021_121107
1761041403.0541625,3637543,931211008,931.211008,227,197,169,2,20251021_121107
1761041403.0641465,3637582,931220992,931.220992,230,197,169,2,20251021_121107
1761041403.0741303,3637621,931230976,931.230976,232,197,169,2,20251021_121107
1761041403.0841143,3637660,931240960,931.24096,235,197,169,2,20251021_121107
1761041403.0940983,3637699,931250944,931.250944,237,197,169,2,20251021_121107
1761041403.1040823,3637738,931260928,931.260928,240,197,169,2,20251021_121107
1761041403.1140664,3637777,931270912,931.270912,242,197,169,2,20251021_121107
1761041403.1240504,3637816,931280896,931.280896,244,197,169,2,20251021_121107
1761041403.1340344,3637855,931290880,931.29088,246,197,169,2,20251021_121107
1761041403.1440184,3637894,931300864,931.300864,249,198,170,2,20251021_121107
1761041403.1540024,3637933,931310848,931.310848,251,197,169,2,20251021_121107
1761041403.1639864,3637972,931320832,931.320832,253,198,169,2,20251021_121107
1761041403.1739705,3638011,931330816,931.330816,0,197,169,2,20251021_121107
1761041403.1839545,3638050,931340800,931.3408,2,198,169,2,20251021_121107
1761041403.1939385,3638089,931350784,931.350784,4,197,169,2,20251021_121107
1761041403.2041783,3638129,931361024,931.361024,6,198,169,2,20251021_121107
1761041403.2141623,3638168,931371008,931.371008,8,198,170,2,20251021_121107
1761041403.2241464,3638207,931380992,931.380992,10,197,169,2,20251021_121107
1761041403.2341304,3638246,931390976,931.390976,11,197,169,2,20251021_121107
1761041403.2441144,3638285,931400960,931.40096,13,198,169,2,20251021_121107
1761041403.2540984,3638324,931410944,931.410944,15,197,169,2,20251021_121107
1761041403.2640824,3638363,931420928,931.420928,17,198,169,2,20251021_121107
1761041403.2740664,3638402,931430912,931.430912,19,197,169,2,20251021_121107
1761041403.2840505,3638441,931440896,931.440896,20,198,169,2,20251021_121107
1761041403.2940345,3638480,931450880,931.45088,22,199,169,2,20251021_121107
1761041403.3040185,3638519,931460864,931.460864,24,198,168,2,20251021_121107
1761041403.3140025,3638558,931470848,931.470848,25,197,167,2,20251021_121107
1761041403.3239863,3638597,931480832,931.480832,27,198,167,2,20251021_121107
1761041403.3342264,3638637,931491072,931.491072,29,198,166,2,20251021_121107
1761041403.3442104,3638676,931501056,931.501056,31,198,162,2,20251021_121107
1761041403.3541944,3638715,931511040,931.51104,33,198,159,2,20251021_121107
1761041403.3641784,3638754,931521024,931.521024,35,198,157,2,20251021_121107
1761041403.3741624,3638793,931531008,931.531008,37,197,153,2,20251021_121107
1761041403.3841465,3638832,931540992,931.540992,39,198,149,2,20251021_121107
1761041403.3943863,3638872,931551232,931.551232,41,197,145,2,20251021_121107
1761041403.4043703,3638911,931561216,931.561216,44,198,142,2,20251021_121107
1761041403.4143543,3638950,931571200,931.5712,47,197,141,2,20251021_121107
1761041403.4243383,3638989,931581184,931.581184,50,198,136,2,20251021_121107
1761041403.4343224,3639028,931591168,931.591168,53,197,134,2,20251021_121107
1761041403.4443064,3639067,931601152,931.601152,56,197,131,2,20251021_121107
1761041403.4542904,3639106,931611136,931.611136,59,198,128,2,20251021_121107
1761041403.4642744,3639145,931621120,931.62112,62,198,127,2,20251021_121107
1761041403.4745145,3639185,931631360,931.63136,65,198,126,2,20251021_121107
1761041403.4844985,3639224,931641344,931.641344,68,198,126,2,20251021_121107
1761041403.4944825,3639263,931651328,931.651328,71,197,127,2,20251021_121107
1761041403.5044663,3639302,931661312,931.661312,74,197,126,2,20251021_121107
1761041403.5144503,3639341,931671296,931.671296,77,197,127,2,20251021_121107
1761041403.5244343,3639380,931681280,931.68128,80,197,126,2,20251021_121107
1761041403.5346744,3639420,931691520,931.69152,83,197,126,2,20251021_121107
1761041403.5446584,3639459,931701504,931.701504,86,197,126,2,20251021_121107
1761041403.5546424,3639498,931711488,931.711488,89,197,125,2,20251021_121107
1761041403.5646265,3639537,931721472,931.721472,91,197,126,2,20251021_121107
1761041403.5746105,3639576,931731456,931.731456,94,197,126,2,20251021_121107
1761041403.5845945,3639615,931741440,931.74144,97,197,125,2,20251021_121107
1761041403.5945785,3639654,931751424,931.751424,99,196,125,2,20251021_121107
1761041403.6045623,3639693,931761408,931.761408,102,197,125,2,20251021_121107
1761041403.6148024,3639733,931771648,931.771648,104,197,125,2,20251021_121107
1761041403.6247864,3639772,931781632,931.781632,107,196,125,2,20251021_121107
1761041403.6347704,3639811,931791616,931.791616,109,196,126,2,20251021_121107
1761041403.6447544,3639850,931801600,931.8016,112,196,126,2,20251021_121107
1761041403.6547384,3639889,931811584,931.811584,114,196,126,2,20251021_121107
1761041403.6647224,3639928,931821568,931.821568,116,196,127,2,20251021_121107
1761041403.6749623,3639968,931831808,931.831808,119,196,126,2,20251021_121107
1761041403.6849463,3640007,931841792,931.841792,121,196,127,2,20251021_121107
1761041403.6949303,3640046,931851776,931.851776,123,196,127,2,20251021_121107
1761041403.7049143,3640085,931861760,931.86176,125,196,127,2,20251021_121107
1761041403.7148983,3640124,931871744,931.871744,127,196,127,2,20251021_121107
1761041403.7248824,3640163,931881728,931.881728,129,196,128,2,20251021_121107
1761041403.7348664,3640202,931891712,931.891712,131,196,129,2,20251021_121107
1761041403.7448504,3640241,931901696,931.901696,133,196,131,2,20251021_121107
1761041403.7550905,3640281,931911936,931.911936,135,196,133,2,20251021_121107
1761041403.7650745,3640320,931921920,931.92192,137,196,137,2,20251021_121107
1761041403.7750585,3640359,931931904,931.931904,139,196,141,2,20251021_121107
1761041403.7850423,3640398,931941888,931.941888,141,196,145,2,20251021_121107
1761041403.7950263,3640437,931951872,931.951872,144,196,150,2,20251021_121107
1761041403.8050103,3640476,931961856,931.961856,146,196,156,2,20251021_121107
1761041403.8149943,3640515,931971840,931.97184,149,197,159,2,20251021_121107
1761041403.8252344,3640555,931982080,931.98208,151,197,161,2,20251021_121107
1761041403.8352184,3640594,931992064,931.992064,154,197,162,2,20251021_121107
1761041403.8452024,3640633,932002048,932.002048,157,197,164,2,20251021_121107
1761041403.8551865,3640672,932012032,932.012032,160,196,166,2,20251021_121107
1761041403.8651705,3640711,932022016,932.022016,163,197,166,2,20251021_121107
1761041403.8751545,3640750,932032000,932.032,166,196,166,2,20251021_121107
1761041403.8851385,3640789,932041984,932.041984,169,197,168,2,20251021_121107
1761041403.8951223,3640828,932051968,932.051968,172,197,167,2,20251021_121107
1761041403.9051063,3640867,932061952,932.061952,175,196,167,2,20251021_121107
1761041403.9150903,3640906,932071936,932.071936,178,197,167,2,20251021_121107
1761041403.9250743,3640945,932081920,932.08192,181,196,168,2,20251021_121107
1761041403.9350584,3640984,932091904,932.091904,184,196,168,2,20251021_121107
1761041403.9450424,3641023,932101888,932.101888,187,196,169,2,20251021_121107
1761041403.9550264,3641062,932111872,932.111872,190,196,168,2,20251021_121107
1761041403.9650104,3641101,932121856,932.121856,193,197,169,2,20251021_121107
1761041403.9752505,3641141,932132096,932.132096,196,197,168,2,20251021_121107
1761041403.9852345,3641180,932142080,932.14208,199,197,170,2,20251021_121107
1761041403.9952185,3641219,932152064,932.152064,202,197,168,2,20251021_121107
1761041404.0052023,3641258,932162048,932.162048,205,197,168,2,20251021_121107
1761041404.0151863,3641297,932172032,932.172032,207,197,168,2,20251021_121107
1761041404.0251703,3641336,932182016,932.182016,210,197,168,2,20251021_121107
1761041404.0351543,3641375,932192000,932.192,213,197,169,2,20251021_121107
1761041404.0451384,3641414,932201984,932.201984,216,197,169,2,20251021_121107
1761041404.0551224,3641453,932211968,932.211968,219,197,168,2,20251021_121107
1761041404.0651064,3641492,932221952,932.221952,221,197,169,2,20251021_121107
1761041404.0750904,3641531,932231936,932.231936,224,197,168,2,20251021_121107
1761041404.0850744,3641570,932241920,932.24192,227,197,168,2,20251021_121107
1761041404.0950584,3641609,932251904,932.251904,229,197,169,2,20251021_121107
1761041404.1050425,3641648,932261888,932.261888,232,197,169,2,20251021_121107
1761041404.1152823,3641688,932272128,932.272128,234,197,169,2,20251021_121107
1761041404.1252663,3641727,932282112,932.282112,237,197,169,2,20251021_121107
1761041404.1352503,3641766,932292096,932.292096,239,197,169,2,20251021_121107
1761041404.1452343,3641805,932302080,932.30208,241,198,169,2,20251021_121107
1761041404.1552184,3641844,932312064,932.312064,244,197,169,2,20251021_121107
1761041404.1652024,3641883,932322048,932.322048,246,197,169,2,20251021_121107
1761041404.1751864,3641922,932332032,932.332032,248,197,169,2,20251021_121107
1761041404.1851704,3641961,932342016,932.342016,250,198,169,2,20251021_121107
1761041404.1951544,3642000,932352000,932.352,252,198,170,2,20251021_121107
1761041404.2051384,3642039,932361984,932.361984,254,198,169,2,20251021_121107
1761041404.2151225,3642078,932371968,932.371968,1,198,171,2,20251021_121107
1761041404.2251065,3642117,932381952,932.381952,3,198,170,2,20251021_121107
1761041404.2350905,3642156,932391936,932.391936,5,198,168,2,20251021_121107
1761041404.2450745,3642195,932401920,932.40192,7,198,168,2,20251021_121107
1761041404.2550583,3642234,932411904,932.411904,9,198,168,2,20251021_121107
1761041404.2652984,3642274,932422144,932.422144,11,198,168,2,20251021_121107
1761041404.2752824,3642313,932432128,932.432128,13,198,168,2,20251021_121107
1761041404.2852664,3642352,932442112,932.442112,15,198,168,2,20251021_121107
1761041404.2952504,3642391,932452096,932.452096,16,198,167,2,20251021_121107
1761041404.3052344,3642430,932462080,932.46208,18,198,167,2,20251021_121107
1761041404.3152184,3642469,932472064,932.472064,20,198,166,2,20251021_121107
1761041404.3252025,3642508,932482048,932.482048,22,198,164,2,20251021_121107
1761041404.3351865,3642547,932492032,932.492032,24,198,163,2,20251021_121107
1761041404.3451705,3642586,932502016,932.502016,25,198,160,2,20251021_121107
1761041404.3551545,3642625,932512000,932.512,27,198,158,2,20251021_121107
1761041404.3651383,3642664,932521984,932.521984,29,198,155,2,20251021_121107
1761041404.3751223,3642703,932531968,932.531968,32,198,153,2,20251021_121107
1761041404.3851063,3642742,932541952,932.541952,34,198,151,2,20251021_121107
1761041404.3950903,3642781,932551936,932.551936,36,198,148,2,20251021_121107
1761041404.4053304,3642821,932562176,932.562176,38,198,145,2,20251021_121107
1761041404.4153144,3642860,932572160,932.57216,41,198,142,2,20251021_121107
1761041404.4252985,3642899,932582144,932.582144,43,198,138,2,20251021_121107
1761041404.4352825,3642938,932592128,932.592128,46,198,136,2,20251021_121107
1761041404.4452665,3642977,932602112,932.602112,49,198,133,2,20251021_121107
1761041404.4552505,3643016,932612096,932.612096,52,198,132,2,20251021_121107
1761041404.4652345,3643055,932622080,932.62208,55,198,131,2,20251021_121107
1761041404.4752183,3643094,932632064,932.632064,58,198,129,2,20251021_121107
1761041404.4852023,3643133,932642048,932.642048,61,198,127,2,20251021_121107
1761041404.4951863,3643172,932652032,932.652032,64,198,127,2,20251021_121107
1761041404.5051703,3643211,932662016,932.662016,67,198,127,2,20251021_121107
1761041404.5151544,3643250,932672000,932.672,70,198,125,2,20251021_121107
1761041404.5251384,3643289,932681984,932.681984,73,198,126,2,20251021_121107
1761041404.5351224,3643328,932691968,932.691968,76,197,126,2,20251021_121107
1761041404.5451064,3643367,932701952,932.701952,79,198,126,2,20251021_121107
1761041404.5553465,3643407,932712192,932.712192,82,198,125,2,20251021_121107
1761041404.5653305,3643446,932722176,932.722176,85,197,125,2,20251021_121107
1761041404.5753143,3643485,932732160,932.73216,87,197,126,2,20251021_121107
1761041404.5852983,3643524,932742144,932.742144,90,197,127,2,20251021_121107
1761041404.5952823,3643563,932752128,932.752128,93,197,126,2,20251021_121107
1761041404.6052663,3643602,932762112,932.762112,96,197,126,2,20251021_121107
1761041404.6152503,3643641,932772096,932.772096,98,198,127,2,20251021_121107
1761041404.6252344,3643680,932782080,932.78208,101,197,127,2,20251021_121107
1761041404.6352184,3643719,932792064,932.792064,103,196,127,2,20251021_121107
1761041404.6452024,3643758,932802048,932.802048,106,197,127,2,20251021_121107
1761041404.6551864,3643797,932812032,932.812032,108,197,127,2,20251021_121107
1761041404.6651704,3643836,932822016,932.822016,111,196,127,2,20251021_121107
1761041404.6751544,3643875,932832000,932.832,113,196,127,2,20251021_121107
1761041404.6851385,3643914,932841984,932.841984,115,196,126,2,20251021_121107
1761041404.6951225,3643953,932851968,932.851968,117,196,129,2,20251021_121107
1761041404.7053623,3643993,932862208,932.862208,120,196,131,2,20251021_121107
1761041404.7153463,3644032,932872192,932.872192,122,196,131,2,20251021_121107
1761041404.7253304,3644071,932882176,932.882176,124,196,133,2,20251021_121107
1761041404.7353144,3644110,932892160,932.89216,126,196,135,2,20251021_121107
1761041404.7452984,3644149,932902144,932.902144,128,196,137,2,20251021_121107
1761041404.7552824,3644188,932912128,932.912128,131,196,140,2,20251021_121107
1761041404.7652664,3644227,932922112,932.922112,133,196,143,2,20251021_121107
1761041404.7752504,3644266,932932096,932.932096,135,196,147,2,20251021_121107
1761041404.7852345,3644305,932942080,932.94208,137,197,152,2,20251021_121107
1761041404.7952185,3644344,932952064,932.952064,140,196,156,2,20251021_121107
1761041404.8052025,3644383,932962048,932.962048,142,196,159,2,20251021_121107
1761041404.8151865,3644422,932972032,932.972032,145,196,160,2,20251021_121107
1761041404.8251705,3644461,932982016,932.982016,148,196,163,2,20251021_121107
1761041404.8351543,3644500,932992000,932.992,150,196,163,2,20251021_121107
1761041404.8453944,3644540,933002240,933.00224,153,197,164,2,20251021_121107
1761041404.8553784,3644579,933012224,933.012224,156,196,165,2,20251021_121107
1761041404.8653624,3644618,933022208,933.022208,159,196,166,2,20251021_121107
1761041404.8753464,3644657,933032192,933.032192,162,197,167,2,20251021_121107
1761041404.8853304,3644696,933042176,933.042176,165,197,168,2,20251021_121107
1761041404.8953145,3644735,933052160,933.05216,168,196,166,2,20251021_121107
1761041404.9052985,3644774,933062144,933.062144,171,196,167,2,20251021_121107
1761041404.9152825,3644813,933072128,933.072128,174,197,168,2,20251021_121107
1761041404.9252665,3644852,933082112,933.082112,177,197,168,2,20251021_121107
1761041404.9352503,3644891,933092096,933.092096,180,197,167,2,20251021_121107
1761041404.9452343,3644930,933102080,933.10208,183,196,168,2,20251021_121107
1761041404.9552183,3644969,933112064,933.112064,186,197,167,2,20251021_121107
1761041404.9652023,3645008,933122048,933.122048,189,197,168,2,20251021_121107
1761041404.9751863,3645047,933132032,933.132032,192,197,168,2,20251021_121107
1761041404.9854264,3645087,933142272,933.142272,195,197,168,2,20251021_121107
1761041404.9954104,3645126,933152256,933.152256,198,197,168,2,20251021_121107
1761041405.0053945,3645165,933162240,933.16224,201,197,168,2,20251021_121107
1761041405.0153785,3645204,933172224,933.172224,204,197,168,2,20251021_121107
1761041405.0253625,3645243,933182208,933.182208,207,197,168,2,20251021_121107
1761041405.0353465,3645282,933192192,933.192192,210,197,168,2,20251021_121107
1761041405.0453303,3645321,933202176,933.202176,213,197,168,2,20251021_121107
1761041405.0553143,3645360,933212160,933.21216,215,197,168,2,20251021_121107
1761041405.0652983,3645399,933222144,933.222144,218,198,168,2,20251021_121107
1761041405.0752823,3645438,933232128,933.232128,221,197,168,2,20251021_121107
1761041405.0852664,3645477,933242112,933.242112,223,197,168,2,20251021_121107
1761041405.0952504,3645516,933252096,933.252096,226,197,168,2,20251021_121107
1761041405.1052344,3645555,933262080,933.26208,229,197,168,2,20251021_121107
1761041405.1152184,3645594,933272064,933.272064,231,197,169,2,20251021_121107
1761041405.1254585,3645634,933282304,933.282304,234,197,168,2,20251021_121107
1761041405.1354425,3645673,933292288,933.292288,236,198,169,2,20251021_121107
1761041405.1454265,3645712,933302272,933.302272,238,198,170,2,20251021_121107
1761041405.1554103,3645751,933312256,933.312256,241,198,169,2,20251021_121107
1761041405.1653943,3645790,933322240,933.32224,243,198,169,2,20251021_121107
1761041405.1753783,3645829,933332224,933.332224,245,198,169,2,20251021_121107
1761041405.1853623,3645868,933342208,933.342208,248,198,169,2,20251021_121107
1761041405.1953464,3645907,933352192,933.352192,250,198,169,2,20251021_121107
1761041405.2053304,3645946,933362176,933.362176,252,198,169,2,20251021_121107
1761041405.2153144,3645985,933372160,933.37216,254,198,169,2,20251021_121107
1761041405.2252984,3646024,933382144,933.382144,1,198,169,2,20251021_121107
1761041405.2352824,3646063,933392128,933.392128,3,198,169,2,20251021_121107
1761041405.2452664,3646102,933402112,933.402112,5,198,170,2,20251021_121107
1761041405.2552505,3646141,933412096,933.412096,7,198,169,2,20251021_121107
1761041405.2652345,3646180,933422080,933.42208,9,198,169,2,20251021_121107
1761041405.2754743,3646220,933432320,933.43232,11,198,169,2,20251021_121107
1761041405.2854583,3646259,933442304,933.442304,12,198,169,2,20251021_121107
1761041405.2954423,3646298,933452288,933.452288,14,198,170,2,20251021_121107
1761041405.3054264,3646337,933462272,933.462272,16,198,169,2,20251021_121107
1761041405.3154104,3646376,933472256,933.472256,18,198,169,2,20251021_121107
1761041405.3253944,3646415,933482240,933.48224,19,198,169,2,20251021_121107
1761041405.3353784,3646454,933492224,933.492224,21,198,170,2,20251021_121107
1761041405.3453624,3646493,933502208,933.502208,23,198,170,2,20251021_121107
1761041405.3553464,3646532,933512192,933.512192,24,198,170,2,20251021_121107
1761041405.3653305,3646571,933522176,933.522176,26,198,170,2,20251021_121107
1761041405.3753145,3646610,933532160,933.53216,28,198,170,2,20251021_121107
1761041405.3852985,3646649,933542144,933.542144,29,198,168,2,20251021_121107
1761041405.3952825,3646688,933552128,933.552128,31,198,169,2,20251021_121107
1761041405.4052663,3646727,933562112,933.562112,32,198,169,2,20251021_121107
1761041405.4155064,3646767,933572352,933.572352,34,197,169,2,20251021_121107
1761041405.4254904,3646806,933582336,933.582336,36,197,169,2,20251021_121107
1761041405.4354744,3646845,933592320,933.59232,37,197,169,2,20251021_121107
1761041405.4454584,3646884,933602304,933.602304,39,197,169,2,20251021_121107
1761041405.4554424,3646923,933612288,933.612288,40,197,170,2,20251021_121107
1761041405.4654264,3646962,933622272,933.622272,42,197,169,2,20251021_121107
1761041405.4754105,3647001,933632256,933.632256,43,197,169,2,20251021_121107
1761041405.4853945,3647040,933642240,933.64224,45,198,169,2,20251021_121107
1761041405.4953785,3647079,933652224,933.652224,46,198,169,2,20251021_121107
1761041405.5053625,3647118,933662208,933.662208,48,197,170,2,20251021_121107
1761041405.5153463,3647157,933672192,933.672192,49,197,169,2,20251021_121107
1761041405.5253303,3647196,933682176,933.682176,51,197,169,2,20251021_121107
1761041405.5353143,3647235,933692160,933.69216,52,198,169,2,20251021_121107
1761041405.5452983,3647274,933702144,933.702144,54,198,169,2,20251021_121107
1761041405.5552824,3647313,933712128,933.712128,55,197,168,2,20251021_121107
1761041405.5655224,3647353,933722368,933.722368,57,198,168,2,20251021_121107
1761041405.5755064,3647392,933732352,933.732352,58,197,168,2,20251021_121107
1761041405.5854905,3647431,933742336,933.742336,60,197,168,2,20251021_121107
1761041405.5954745,3647470,933752320,933.75232,61,198,168,2,20251021_121107
1761041405.6054585,3647509,933762304,933.762304,63,197,167,2,20251021_121107
1761041405.6154425,3647548,933772288,933.772288,64,197,167,2,20251021_121107
1761041405.6254263,3647587,933782272,933.782272,66,197,166,2,20251021_121107
1761041405.6354103,3647626,933792256,933.792256,68,197,165,2,20251021_121107
1761041405.6453943,3647665,933802240,933.80224,69,197,165,2,20251021_121107
1761041405.6553783,3647704,933812224,933.812224,71,197,163,2,20251021_121107
1761041405.6653624,3647743,933822208,933.822208,73,197,160,2,20251021_121107
1761041405.6753464,3647782,933832192,933.832192,75,197,157,2,20251021_121107
1761041405.6853304,3647821,933842176,933.842176,77,197,156,2,20251021_121107
1761041405.6953144,3647860,933852160,933.85216,79,197,153,2,20251021_121107
1761041405.7055545,3647900,933862400,933.8624,81,197,150,2,20251021_121107
1761041405.7155385,3647939,933872384,933.872384,84,197,147,2,20251021_121107
1761041405.7255225,3647978,933882368,933.882368,86,197,145,2,20251021_121107
1761041405.7355063,3648017,933892352,933.892352,88,196,143,2,20251021_121107
1761041405.7454903,3648056,933902336,933.902336,91,197,141,2,20251021_121107
1761041405.7554743,3648095,933912320,933.91232,93,196,138,2,20251021_121107
1761041405.7654583,3648134,933922304,933.922304,96,196,136,2,20251021_121107
1761041405.7754424,3648173,933932288,933.932288,98,196,133,2,20251021_121107
1761041405.7854264,3648212,933942272,933.942272,101,196,131,2,20251021_121107
1761041405.7954104,3648251,933952256,933.952256,103,196,129,2,20251021_121107
1761041405.8053944,3648290,933962240,933.96224,106,196,128,2,20251021_121107
1761041405.8153784,3648329,933972224,933.972224,108,196,127,2,20251021_121107
1761041405.8253624,3648368,933982208,933.982208,111,196,127,2,20251021_121107
1761041405.8353465,3648407,933992192,933.992192,113,195,127,2,20251021_121107
1761041405.8455863,3648447,934002432,934.002432,115,195,127,2,20251021_121107
1761041405.8555703,3648486,934012416,934.012416,118,195,126,2,20251021_121107
1761041405.8655543,3648525,934022400,934.0224,120,195,127,2,20251021_121107
1761041405.8755383,3648564,934032384,934.032384,122,195,127,2,20251021_121107
1761041405.8855224,3648603,934042368,934.042368,124,195,126,2,20251021_121107
1761041405.8955064,3648642,934052352,934.052352,126,195,127,2,20251021_121107
1761041405.9054904,3648681,934062336,934.062336,128,195,127,2,20251021_121107
1761041405.9154744,3648720,934072320,934.07232,130,195,127,2,20251021_121107
1761041405.9254584,3648759,934082304,934.082304,132,195,127,2,20251021_121107
1761041405.9354424,3648798,934092288,934.092288,134,195,127,2,20251021_121107
1761041405.9454265,3648837,934102272,934.102272,136,195,129,2,20251021_121107
1761041405.9554105,3648876,934112256,934.112256,138,195,130,2,20251021_121107
1761041405.9653945,3648915,934122240,934.12224,140,195,130,2,20251021_121107
1761041405.9753785,3648954,934132224,934.132224,142,195,131,2,20251021_121107
1761041405.9856184,3648994,934142464,934.142464,144,195,134,2,20251021_121107
1761041405.9956024,3649033,934152448,934.152448,146,196,135,2,20251021_121107
1761041406.0055864,3649072,934162432,934.162432,147,196,137,2,20251021_121107
1761041406.0155704,3649111,934172416,934.172416,149,196,140,2,20251021_121107
1761041406.0255544,3649150,934182400,934.1824,152,196,143,2,20251021_121107
1761041406.0355384,3649189,934192384,934.192384,154,196,147,2,20251021_121107
1761041406.0455225,3649228,934202368,934.202368,156,196,151,2,20251021_121107
1761041406.0555065,3649267,934212352,934.212352,159,196,155,2,20251021_121107
1761041406.0654905,3649306,934222336,934.222336,161,196,160,2,20251021_121107
1761041406.0754745,3649345,934232320,934.23232,164,196,162,2,20251021_121107
1761041406.0854585,3649384,934242304,934.242304,167,197,163,2,20251021_121107
1761041406.0954423,3649423,934252288,934.252288,170,196,165,2,20251021_121107
1761041406.1054263,3649462,934262272,934.262272,173,196,166,2,20251021_121107
1761041406.1154103,3649501,934272256,934.272256,176,196,166,2,20251021_121107
1761041406.1253943,3649540,934282240,934.28224,179,196,167,2,20251021_121107
1761041406.1356344,3649580,934292480,934.29248,182,196,167,2,20251021_121107
1761041406.1456184,3649619,934302464,934.302464,185,196,167,2,20251021_121107
1761041406.1556025,3649658,934312448,934.312448,188,197,167,2,20251021_121107
1761041406.1655865,3649697,934322432,934.322432,191,196,168,2,20251021_121107
1761041406.1755705,3649736,934332416,934.332416,194,196,168,2,20251021_121107
1761041406.1855545,3649775,934342400,934.3424,197,196,168,2,20251021_121107
1761041406.1955383,3649814,934352384,934.352384,200,196,168,2,20251021_121107
1761041406.2055223,3649853,934362368,934.362368,203,197,168,2,20251021_121107
1761041406.2155063,3649892,934372352,934.372352,206,197,168,2,20251021_121107
1761041406.2254903,3649931,934382336,934.382336,208,196,168,2,20251021_121107
1761041406.2354743,3649970,934392320,934.39232,211,197,168,2,20251021_121107
1761041406.2454584,3650009,934402304,934.402304,214,196,168,2,20251021_121107
1761041406.2554424,3650048,934412288,934.412288,217,197,168,2,20251021_121107
1761041406.2654264,3650087,934422272,934.422272,220,197,168,2,20251021_121107
1761041406.2756665,3650127,934432512,934.432512,222,197,168,2,20251021_121107
1761041406.2856505,3650166,934442496,934.442496,225,197,168,2,20251021_121107
1761041406.2956345,3650205,934452480,934.45248,227,197,168,2,20251021_121107
1761041406.3056183,3650244,934462464,934.462464,230,197,169,2,20251021_121107
1761041406.3156023,3650283,934472448,934.472448,232,197,169,2,20251021_121107
1761041406.3255863,3650322,934482432,934.482432,235,197,169,2,20251021_121107
1761041406.3355703,3650361,934492416,934.492416,237,197,168,2,20251021_121107
1761041406.3455544,3650400,934502400,934.5024,240,197,169,2,20251021_121107
1761041406.3555384,3650439,934512384,934.512384,242,197,169,2,20251021_121107
1761041406.3655224,3650478,934522368,934.522368,244,197,168,2,20251021_121107
1761041406.3755064,3650517,934532352,934.532352,246,197,168,2,20251021_121107
1761041406.3854904,3650556,934542336,934.542336,249,197,168,2,20251021_121107
1761041406.3954744,3650595,934552320,934.55232,251,198,169,2,20251021_121107
1761041406.4054585,3650634,934562304,934.562304,253,197,169,2,20251021_121107
1761041406.4154425,3650673,934572288,934.572288,0,197,169,2,20251021_121107
1761041406.4256823,3650713,934582528,934.582528,2,197,169,2,20251021_121107
1761041406.4356663,3650752,934592512,934.592512,4,197,169,2,20251021_121107
1761041406.4456503,3650791,934602496,934.602496,6,197,169,2,20251021_121107
1761041406.4556344,3650830,934612480,934.61248,8,197,169,2,20251021_121107
1761041406.4656184,3650869,934622464,934.622464,10,197,168,2,20251021_121107
1761041406.4756024,3650908,934632448,934.632448,12,197,170,2,20251021_121107
1761041406.4855864,3650947,934642432,934.642432,13,198,168,2,20251021_121107
1761041406.4955704,3650986,934652416,934.652416,15,198,168,2,20251021_121107
1761041406.5055544,3651025,934662400,934.6624,17,197,168,2,20251021_121107
1761041406.5155385,3651064,934672384,934.672384,19,197,168,2,20251021_121107
1761041406.5255225,3651103,934682368,934.682368,20,197,168,2,20251021_121107
1761041406.5355065,3651142,934692352,934.692352,22,197,167,2,20251021_121107
1761041406.5454905,3651181,934702336,934.702336,24,198,166,2,20251021_121107
1761041406.5554743,3651220,934712320,934.71232,26,198,165,2,20251021_121107
1761041406.5657144,3651260,934722560,934.72256,27,198,164,2,20251021_121107
1761041406.5756984,3651299,934732544,934.732544,29,198,161,2,20251021_121107
1761041406.5856824,3651338,934742528,934.742528,31,198,156,2,20251021_121107
1761041406.5956664,3651377,934752512,934.752512,33,197,154,2,20251021_121107
1761041406.6056504,3651416,934762496,934.762496,35,197,151,2,20251021_121107
1761041406.6156344,3651455,934772480,934.77248,38,197,147,2,20251021_121107
1761041406.6256185,3651494,934782464,934.782464,40,197,144,2,20251021_121107
1761041406.6356025,3651533,934792448,934.792448,43,197,140,2,20251021_121107
1761041406.6455865,3651572,934802432,934.802432,45,197,137,2,20251021_121107
1761041406.6555705,3651611,934812416,934.812416,48,197,135,2,20251021_121107
1761041406.6655543,3651650,934822400,934.8224,51,198,132,2,20251021_121107
1761041406.6755383,3651689,934832384,934.832384,54,197,130,2,20251021_121107
1761041406.6855223,3651728,934842368,934.842368,57,197,129,2,20251021_121107
1761041406.6955063,3651767,934852352,934.852352,61,197,127,2,20251021_121107
1761041406.7057464,3651807,934862592,934.862592,64,197,125,2,20251021_121107
1761041406.7157304,3651846,934872576,934.872576,67,197,125,2,20251021_121107
1761041406.7257144,3651885,934882560,934.88256,70,197,125,2,20251021_121107
1761041406.7356985,3651924,934892544,934.892544,73,197,125,2,20251021_121107
1761041406.7456825,3651963,934902528,934.902528,76,197,124,2,20251021_121107
1761041406.7556665,3652002,934912512,934.912512,79,197,124,2,20251021_121107
1761041406.7656505,3652041,934922496,934.922496,81,197,124,2,20251021_121107
1761041406.7756343,3652080,934932480,934.93248,84,197,125,2,20251021_121107
1761041406.7856183,3652119,934942464,934.942464,87,197,124,2,20251021_121107
1761041406.7956023,3652158,934952448,934.952448,90,197,124,2,20251021_121107
1761041406.8055863,3652197,934962432,934.962432,93,197,124,2,20251021_121107
1761041406.8155704,3652236,934972416,934.972416,95,197,125,2,20251021_121107
1761041406.8255544,3652275,934982400,934.9824,98,197,124,2,20251021_121107
1761041406.8355384,3652314,934992384,934.992384,101,196,125,2,20251021_121107
1761041406.8457785,3652354,935002624,935.002624,103,196,125,2,20251021_121107
1761041406.8557625,3652393,935012608,935.012608,106,197,126,2,20251021_121107
1761041406.8657465,3652432,935022592,935.022592,108,196,127,2,20251021_121107
1761041406.8757305,3652471,935032576,935.032576,110,196,127,2,20251021_121107
1761041406.8857143,3652510,935042560,935.04256,113,196,127,2,20251021_121107
1761041406.8956983,3652549,935052544,935.052544,115,196,127,2,20251021_121107
1761041406.9056823,3652588,935062528,935.062528,117,196,129,2,20251021_121107
1761041406.9156663,3652627,935072512,935.072512,120,196,129,2,20251021_121107
1761041406.9256504,3652666,935082496,935.082496,122,196,131,2,20251021_121107
1761041406.9356344,3652705,935092480,935.09248,124,196,133,2,20251021_121107
1761041406.9456184,3652744,935102464,935.102464,126,196,136,2,20251021_121107
1761041406.9556024,3652783,935112448,935.112448,128,196,139,2,20251021_121107
1761041406.9655864,3652822,935122432,935.122432,130,196,143,2,20251021_121107
1761041406.9755704,3652861,935132416,935.132416,133,196,148,2,20251021_121107
1761041406.9855545,3652900,935142400,935.1424,135,196,154,2,20251021_121107
1761041406.9957943,3652940,935152640,935.15264,138,196,156,2,20251021_121107
1761041407.0057783,3652979,935162624,935.162624,140,196,160,2,20251021_121107
1761041407.0157623,3653018,935172608,935.172608,143,196,162,2,20251021_121107
1761041407.0257463,3653057,935182592,935.182592,145,196,163,2,20251021_121107
1761041407.0357304,3653096,935192576,935.192576,148,196,164,2,20251021_121107
1761041407.0457144,3653135,935202560,935.20256,151,196,166,2,20251021_121107
1761041407.0556984,3653174,935212544,935.212544,154,196,166,2,20251021_121107
1761041407.0656824,3653213,935222528,935.222528,157,197,168,2,20251021_121107
1761041407.0756664,3653252,935232512,935.232512,160,196,167,2,20251021_121107
1761041407.0856504,3653291,935242496,935.242496,162,196,167,2,20251021_121107
1761041407.0956345,3653330,935252480,935.25248,165,197,167,2,20251021_121107
1761041407.1056185,3653369,935262464,935.262464,168,196,167,2,20251021_121107
1761041407.1156025,3653408,935272448,935.272448,171,196,167,2,20251021_121107
1761041407.1255865,3653447,935282432,935.282432,174,196,168,2,20251021_121107
1761041407.1358263,3653487,935292672,935.292672,178,196,168,2,20251021_121107
1761041407.1458104,3653526,935302656,935.302656,181,196,168,2,20251021_121107
1761041407.1557944,3653565,935312640,935.31264,184,196,168,2,20251021_121107
1761041407.1657784,3653604,935322624,935.322624,187,196,168,2,20251021_121107
1761041407.1757624,3653643,935332608,935.332608,190,196,168,2,20251021_121107
1761041407.1857464,3653682,935342592,935.342592,193,196,169,2,20251021_121107
1761041407.1957304,3653721,935352576,935.352576,196,196,168,2,20251021_121107
1761041407.2057145,3653760,935362560,935.36256,199,196,168,2,20251021_121107
1761041407.2156985,3653799,935372544,935.372544,202,196,168,2,20251021_121107
1761041407.2256825,3653838,935382528,935.382528,205,197,168,2,20251021_121107
1761041407.2356665,3653877,935392512,935.392512,207,197,168,2,20251021_121107
1761041407.2456503,3653916,935402496,935.402496,210,196,168,2,20251021_121107
1761041407.2556343,3653955,935412480,935.41248,213,197,168,2,20251021_121107
1761041407.2656183,3653994,935422464,935.422464,216,197,168,2,20251021_121107
1761041407.2758584,3654034,935432704,935.432704,219,197,168,2,20251021_121107
1761041407.2858424,3654073,935442688,935.442688,221,197,169,2,20251021_121107
1761041407.2958264,3654112,935452672,935.452672,224,197,168,2,20251021_121107
1761041407.3058105,3654151,935462656,935.462656,227,197,168,2,20251021_121107
1761041407.3157945,3654190,935472640,935.47264,229,197,168,2,20251021_121107
1761041407.3257785,3654229,935482624,935.482624,232,197,169,2,20251021_121107
1761041407.3357625,3654268,935492608,935.492608,234,197,168,2,20251021_121107
1761041407.3457465,3654307,935502592,935.502592,237,197,169,2,20251021_121107
1761041407.3557303,3654346,935512576,935.512576,239,197,169,2,20251021_121107
1761041407.3657143,3654385,935522560,935.52256,241,197,169,2,20251021_121107
1761041407.3756983,3654424,935532544,935.532544,244,197,169,2,20251021_121107
1761041407.3856823,3654463,935542528,935.542528,246,197,169,2,20251021_121107
1761041407.3956664,3654502,935552512,935.552512,248,197,169,2,20251021_121107
1761041407.4056504,3654541,935562496,935.562496,250,198,169,2,20251021_121107
1761041407.4156344,3654580,935572480,935.57248,252,197,169,2,20251021_121107
1761041407.4258745,3654620,935582720,935.58272,254,197,169,2,20251021_121107
1761041407.4358585,3654659,935592704,935.592704,1,197,169,2,20251021_121107
1761041407.4458425,3654698,935602688,935.602688,3,198,168,2,20251021_121107
1761041407.4558263,3654737,935612672,935.612672,5,197,168,2,20251021_121107
1761041407.4658103,3654776,935622656,935.622656,7,198,168,2,20251021_121107
1761041407.4757943,3654815,935632640,935.63264,9,198,168,2,20251021_121107
1761041407.4857783,3654854,935642624,935.642624,11,198,168,2,20251021_121107
1761041407.4957623,3654893,935652608,935.652608,13,197,168,2,20251021_121107
1761041407.5057464,3654932,935662592,935.662592,15,198,168,2,20251021_121107
1761041407.5157304,3654971,935672576,935.672576,16,197,167,2,20251021_121107
1761041407.5257144,3655010,935682560,935.68256,18,197,167,2,20251021_121107
1761041407.5356984,3655049,935692544,935.692544,20,198,166,2,20251021_121107
1761041407.5456824,3655088,935702528,935.702528,22,198,165,2,20251021_121107
1761041407.5556664,3655127,935712512,935.712512,23,198,164,2,20251021_121107
1761041407.5659063,3655167,935722752,935.722752,25,198,162,2,20251021_121107
1761041407.5758903,3655206,935732736,935.732736,27,198,160,2,20251021_121107
1761041407.5858743,3655245,935742720,935.74272,29,198,157,2,20251021_121107
1761041407.5958583,3655284,935752704,935.752704,31,198,157,2,20251021_121107
1761041407.6058424,3655323,935762688,935.762688,33,198,155,2,20251021_121107
1761041407.6158264,3655362,935772672,935.772672,35,197,154,2,20251021_121107
1761041407.6258104,3655401,935782656,935.782656,37,198,152,2,20251021_121107
1761041407.6357944,3655440,935792640,935.79264,39,198,151,2,20251021_121107
1761041407.6457784,3655479,935802624,935.802624,42,197,150,2,20251021_121107
1761041407.6557624,3655518,935812608,935.812608,44,198,147,2,20251021_121107
1761041407.6657465,3655557,935822592,935.822592,46,198,147,2,20251021_121107
1761041407.6757305,3655596,935832576,935.832576,49,198,145,2,20251021_121107
1761041407.6857145,3655635,935842560,935.84256,51,197,143,2,20251021_121107
1761041407.6956985,3655674,935852544,935.852544,53,197,143,2,20251021_121107
1761041407.7056825,3655713,935862528,935.862528,56,197,141,2,20251021_121107
1761041407.7159224,3655753,935872768,935.872768,59,197,139,2,20251021_121107
1761041407.7259064,3655792,935882752,935.882752,61,197,138,2,20251021_121107
1761041407.7358904,3655831,935892736,935.892736,64,198,138,2,20251021_121107
1761041407.7458744,3655870,935902720,935.90272,67,197,136,2,20251021_121107
1761041407.7558584,3655909,935912704,935.912704,69,197,135,2,20251021_121107
1761041407.7658424,3655948,935922688,935.922688,72,197,133,2,20251021_121107
1761041407.7758265,3655987,935932672,935.932672,75,197,132,2,20251021_121107
1761041407.7858105,3656026,935942656,935.942656,78,198,131,2,20251021_121107
1761041407.7957945,3656065,935952640,935.95264,80,197,130,2,20251021_121107
1761041407.8057785,3656104,935962624,935.962624,83,197,129,2,20251021_121107
1761041407.8157623,3656143,935972608,935.972608,86,197,128,2,20251021_121107
1761041407.8257463,3656182,935982592,935.982592,89,197,127,2,20251021_121107
1761041407.8357303,3656221,935992576,935.992576,92,196,127,2,20251021_121107
1761041407.8457143,3656260,936002560,936.00256,94,196,127,2,20251021_121107
1761041407.8556983,3656299,936012544,936.012544,97,196,127,2,20251021_121107
1761041407.8659384,3656339,936022784,936.022784,100,196,126,2,20251021_121107
1761041407.8759224,3656378,936032768,936.032768,102,196,126,2,20251021_121107
1761041407.8859065,3656417,936042752,936.042752,105,196,127,2,20251021_121107
1761041407.8958905,3656456,936052736,936.052736,107,195,127,2,20251021_121107
1761041407.9058745,3656495,936062720,936.06272,109,196,127,2,20251021_121107
1761041407.9158585,3656534,936072704,936.072704,112,195,127,2,20251021_121107
1761041407.9258423,3656573,936082688,936.082688,114,195,127,2,20251021_121107
1761041407.9360824,3656613,936092928,936.092928,116,195,127,2,20251021_121107
1761041407.9460664,3656652,936102912,936.102912,119,195,128,2,20251021_121107
1761041407.9560504,3656691,936112896,936.112896,121,196,129,2,20251021_121107
1761041407.9660344,3656730,936122880,936.12288,123,195,129,2,20251021_121107
1761041407.9760184,3656769,936132864,936.132864,125,195,131,2,20251021_121107
1761041407.9860024,3656808,936142848,936.142848,127,196,132,2,20251021_121107
1761041407.9959865,3656847,936152832,936.152832,129,195,134,2,20251021_121107
1761041408.0059705,3656886,936162816,936.162816,131,196,136,2,20251021_121107
1761041408.0159545,3656925,936172800,936.1728,134,195,139,2,20251021_121107
1761041408.0259385,3656964,936182784,936.182784,136,196,142,2,20251021_121107
1761041408.0359223,3657003,936192768,936.192768,138,196,145,2,20251021_121107
1761041408.0459063,3657042,936202752,936.202752,140,196,148,2,20251021_121107
1761041408.0558903,3657081,936212736,936.212736,143,196,150,2,20251021_121107
1761041408.0658743,3657120,936222720,936.22272,145,196,154,2,20251021_121107
1761041408.0761144,3657160,936232960,936.23296,147,196,157,2,20251021_121107
1761041408.0860984,3657199,936242944,936.242944,150,196,158,2,20251021_121107
1761041408.0960824,3657238,936252928,936.252928,153,196,160,2,20251021_121107
1761041408.1060665,3657277,936262912,936.262912,155,196,163,2,20251021_121107
1761041408.1160505,3657316,936272896,936.272896,158,196,162,2,20251021_121107
1761041408.1260345,3657355,936282880,936.28288,161,197,163,2,20251021_121107
1761041408.1360185,3657394,936292864,936.292864,164,196,164,2,20251021_121107
1761041408.1460023,3657433,936302848,936.302848,167,196,165,2,20251021_121107
1761041408.1559863,3657472,936312832,936.312832,170,196,166,2,20251021_121107
1761041408.1659703,3657511,936322816,936.322816,173,196,167,2,20251021_121107
1761041408.1759543,3657550,936332800,936.3328,176,196,167,2,20251021_121107
1761041408.1859384,3657589,936342784,936.342784,179,196,167,2,20251021_121107
1761041408.1959224,3657628,936352768,936.352768,182,196,167,2,20251021_121107
1761041408.2059064,3657667,936362752,936.362752,185,197,167,2,20251021_121107
1761041408.2158904,3657706,936372736,936.372736,188,197,167,2,20251021_121107
1761041408.2261305,3657746,936382976,936.382976,191,196,168,2,20251021_121107
1761041408.2361145,3657785,936392960,936.39296,194,196,168,2,20251021_121107
1761041408.2460985,3657824,936402944,936.402944,197,197,168,2,20251021_121107
1761041408.2560823,3657863,936412928,936.412928,200,196,169,2,20251021_121107
1761041408.2660663,3657902,936422912,936.422912,203,197,168,2,20251021_121107
1761041408.2760503,3657941,936432896,936.432896,206,196,168,2,20251021_121107
1761041408.2860343,3657980,936442880,936.44288,209,197,169,2,20251021_121107
1761041408.2960184,3658019,936452864,936.452864,212,196,168,2,20251021_121107
1761041408.3060024,3658058,936462848,936.462848,214,196,169,2,20251021_121107
1761041408.3159864,3658097,936472832,936.472832,217,197,168,2,20251021_121107
1761041408.3259704,3658136,936482816,936.482816,220,197,168,2,20251021_121107
1761041408.3359544,3658175,936492800,936.4928,223,197,168,2,20251021_121107
1761041408.3459384,3658214,936502784,936.502784,225,197,168,2,20251021_121107
1761041408.3559225,3658253,936512768,936.512768,228,197,168,2,20251021_121107
1761041408.3661623,3658293,936523008,936.523008,230,197,170,2,20251021_121107
1761041408.3761463,3658332,936532992,936.532992,233,197,169,2,20251021_121107
1761041408.3861303,3658371,936542976,936.542976,235,197,169,2,20251021_121107
1761041408.3961143,3658410,936552960,936.55296,238,197,168,2,20251021_121107
1761041408.4060984,3658449,936562944,936.562944,240,197,168,2,20251021_121107
1761041408.4160824,3658488,936572928,936.572928,242,197,169,2,20251021_121107
1761041408.4260664,3658527,936582912,936.582912,245,197,168,2,20251021_121107
1761041408.4360504,3658566,936592896,936.592896,247,197,169,2,20251021_121107
1761041408.4460344,3658605,936602880,936.60288,249,197,169,2,20251021_121107
1761041408.4560184,3658644,936612864,936.612864,251,197,169,2,20251021_121107
1761041408.4660025,3658683,936622848,936.622848,253,197,169,2,20251021_121107
1761041408.4759865,3658722,936632832,936.632832,0,197,170,2,20251021_121107
1761041408.4859705,3658761,936642816,936.642816,2,197,168,2,20251021_121107
1761041408.4959545,3658800,936652800,936.6528,4,197,169,2,20251021_121107
1761041408.5059383,3658839,936662784,936.662784,6,197,170,2,20251021_121107
1761041408.5161784,3658879,936673024,936.673024,8,197,170,2,20251021_121107
1761041408.5261624,3658918,936683008,936.683008,10,197,169,2,20251021_121107
1761041408.5361464,3658957,936692992,936.692992,12,197,169,2,20251021_121107
1761041408.5461304,3658996,936702976,936.702976,14,197,169,2,20251021_121107
1761041408.5561144,3659035,936712960,936.71296,15,197,169,2,20251021_121107
1761041408.5660985,3659074,936722944,936.722944,17,197,169,2,20251021_121107
1761041408.5760825,3659113,936732928,936.732928,19,199,170,2,20251021_121107
1761041408.5860665,3659152,936742912,936.742912,21,197,169,2,20251021_121107
1761041408.5963063,3659192,936753152,936.753152,22,197,169,2,20251021_121107
1761041408.6062903,3659231,936763136,936.763136,24,197,171,2,20251021_121107
1761041408.6162744,3659270,936773120,936.77312,26,197,169,2,20251021_121107
1761041408.6262584,3659309,936783104,936.783104,27,197,169,2,20251021_121107
1761041408.6362424,3659348,936793088,936.793088,29,197,169,2,20251021_121107
1761041408.6462264,3659387,936803072,936.803072,30,197,169,2,20251021_121107
1761041408.6564665,3659427,936813312,936.813312,32,197,169,2,20251021_121107
1761041408.6664505,3659466,936823296,936.823296,33,197,169,2,20251021_121107
1761041408.6764345,3659505,936833280,936.83328,35,198,169,2,20251021_121107
1761041408.6864183,3659544,936843264,936.843264,37,197,169,2,20251021_121107
1761041408.6964023,3659583,936853248,936.853248,38,197,169,2,20251021_121107
1761041408.7063863,3659622,936863232,936.863232,40,197,169,2,20251021_121107
1761041408.7163703,3659661,936873216,936.873216,41,197,169,2,20251021_121107
1761041408.7263544,3659700,936883200,936.8832,43,197,169,2,20251021_121107
1761041408.7365944,3659740,936893440,936.89344,44,197,169,2,20251021_121107
1761041408.7465785,3659779,936903424,936.903424,46,197,169,2,20251021_121107
1761041408.7565625,3659818,936913408,936.913408,47,197,168,2,20251021_121107
1761041408.7665465,3659857,936923392,936.923392,49,197,168,2,20251021_121107
1761041408.7765305,3659896,936933376,936.933376,50,197,169,2,20251021_121107
1761041408.7865143,3659935,936943360,936.94336,52,197,168,2,20251021_121107
1761041408.7964983,3659974,936953344,936.953344,53,197,168,2,20251021_121107
1761041408.8064823,3660013,936963328,936.963328,55,197,166,2,20251021_121107
1761041408.8167224,3660053,936973568,936.973568,56,197,166,2,20251021_121107
1761041408.8267064,3660092,936983552,936.983552,58,197,165,2,20251021_121107
1761041408.8366904,3660131,936993536,936.993536,60,197,164,2,20251021_121107
1761041408.8466744,3660170,937003520,937.00352,62,197,162,2,20251021_121107
1761041408.8566585,3660209,937013504,937.013504,63,197,159,2,20251021_121107
1761041408.8666425,3660248,937023488,937.023488,65,197,156,2,20251021_121107
1761041408.8766265,3660287,937033472,937.033472,68,198,154,2,20251021_121107
1761041408.8866105,3660326,937043456,937.043456,70,197,148,2,20251021_121107
1761041408.8965943,3660365,937053440,937.05344,72,197,146,2,20251021_121107
1761041408.9068344,3660405,937063680,937.06368,75,197,143,2,20251021_121107
1761041408.9168184,3660444,937073664,937.073664,77,197,140,2,20251021_121107
1761041408.9268024,3660483,937083648,937.083648,80,196,137,2,20251021_121107
1761041408.9367864,3660522,937093632,937.093632,83,197,134,2,20251021_121107
1761041408.9467704,3660561,937103616,937.103616,85,197,131,2,20251021_121107
1761041408.9567544,3660600,937113600,937.1136,88,196,130,2,20251021_121107
1761041408.9667385,3660639,937123584,937.123584,91,196,127,2,20251021_121107
1761041408.9767225,3660678,937133568,937.133568,94,196,126,2,20251021_121107
1761041408.9867065,3660717,937143552,937.143552,96,196,126,2,20251021_121107
1761041408.9966905,3660756,937153536,937.153536,99,196,124,2,20251021_121107
1761041409.0066743,3660795,937163520,937.16352,102,196,124,2,20251021_121107
1761041409.0166583,3660834,937173504,937.173504,104,196,126,2,20251021_121107
1761041409.0266423,3660873,937183488,937.183488,107,195,126,2,20251021_121107
1761041409.0366263,3660912,937193472,937.193472,109,195,127,2,20251021_121107
1761041409.0468664,3660952,937203712,937.203712,111,195,127,2,20251021_121107
1761041409.0568504,3660991,937213696,937.213696,114,195,127,2,20251021_121107
1761041409.0668344,3661030,937223680,937.22368,116,196,127,2,20251021_121107
1761041409.0768185,3661069,937233664,937.233664,118,196,128,2,20251021_121107
1761041409.0868025,3661108,937243648,937.243648,120,196,128,2,20251021_121107
1761041409.0967865,3661147,937253632,937.253632,123,196,129,2,20251021_121107
1761041409.1067705,3661186,937263616,937.263616,125,196,130,2,20251021_121107
1761041409.1167543,3661225,937273600,937.2736,127,196,131,2,20251021_121107
1761041409.1267383,3661264,937283584,937.283584,129,196,132,2,20251021_121107
1761041409.1367223,3661303,937293568,937.293568,131,196,133,2,20251021_121107
1761041409.1467063,3661342,937303552,937.303552,133,196,136,2,20251021_121107
1761041409.1566904,3661381,937313536,937.313536,135,196,138,2,20251021_121107
1761041409.1666744,3661420,937323520,937.32352,137,196,139,2,20251021_121107
1761041409.1766584,3661459,937333504,937.333504,139,196,143,2,20251021_121107
1761041409.1866424,3661498,937343488,937.343488,142,196,146,2,20251021_121107
1761041409.1968825,3661538,937353728,937.353728,144,196,149,2,20251021_121107
1761041409.2068665,3661577,937363712,937.363712,146,196,153,2,20251021_121107
1761041409.2168505,3661616,937373696,937.373696,149,197,157,2,20251021_121107
1761041409.2268343,3661655,937383680,937.38368,151,196,160,2,20251021_121107
1761041409.2368183,3661694,937393664,937.393664,154,197,163,2,20251021_121107
1761041409.2468023,3661733,937403648,937.403648,157,197,163,2,20251021_121107
1761041409.2567863,3661772,937413632,937.413632,160,197,165,2,20251021_121107
1761041409.2667704,3661811,937423616,937.423616,162,197,166,2,20251021_121107
1761041409.2767544,3661850,937433600,937.4336,165,197,166,2,20251021_121107
1761041409.2867384,3661889,937443584,937.443584,168,197,167,2,20251021_121107
1761041409.2967224,3661928,937453568,937.453568,171,197,167,2,20251021_121107
1761041409.3067064,3661967,937463552,937.463552,174,197,167,2,20251021_121107
1761041409.3166904,3662006,937473536,937.473536,177,197,166,2,20251021_121107
1761041409.3266745,3662045,937483520,937.48352,181,197,168,2,20251021_121107
1761041409.3369143,3662085,937493760,937.49376,184,197,168,2,20251021_121107
1761041409.3468983,3662124,937503744,937.503744,187,197,168,2,20251021_121107
1761041409.3568823,3662163,937513728,937.513728,190,197,167,2,20251021_121107
1761041409.3668664,3662202,937523712,937.523712,193,197,168,2,20251021_121107
1761041409.3768504,3662241,937533696,937.533696,196,197,168,2,20251021_121107
1761041409.3868344,3662280,937543680,937.54368,199,197,168,2,20251021_121107
1761041409.3968184,3662319,937553664,937.553664,202,197,168,2,20251021_121107
1761041409.4068024,3662358,937563648,937.563648,205,197,167,2,20251021_121107
1761041409.4167864,3662397,937573632,937.573632,207,197,168,2,20251021_121107
1761041409.4267704,3662436,937583616,937.583616,210,197,168,2,20251021_121107
1761041409.4367545,3662475,937593600,937.5936,213,197,168,2,20251021_121107
1761041409.4467385,3662514,937603584,937.603584,216,197,168,2,20251021_121107
1761041409.4569783,3662554,937613824,937.613824,219,197,168,2,20251021_121107
1761041409.4669623,3662593,937623808,937.623808,221,197,169,2,20251021_121107
1761041409.4769464,3662632,937633792,937.633792,224,197,170,2,20251021_121107
1761041409.4869304,3662671,937643776,937.643776,227,197,170,2,20251021_121107
1761041409.4969144,3662710,937653760,937.65376,229,197,169,2,20251021_121107
1761041409.5068984,3662749,937663744,937.663744,232,197,169,2,20251021_121107
1761041409.5171385,3662789,937673984,937.673984,234,197,169,2,20251021_121107
1761041409.5271225,3662828,937683968,937.683968,237,197,169,2,20251021_121107
1761041409.5371065,3662867,937693952,937.693952,239,197,169,2,20251021_121107
1761041409.5470903,3662906,937703936,937.703936,241,197,169,2,20251021_121107
1761041409.5570743,3662945,937713920,937.71392,244,197,169,2,20251021_121107
1761041409.5670583,3662984,937723904,937.723904,246,197,169,2,20251021_121107
1761041409.5770423,3663023,937733888,937.733888,248,197,169,2,20251021_121107
1761041409.5870264,3663062,937743872,937.743872,250,197,169,2,20251021_121107
1761041409.5972664,3663102,937754112,937.754112,252,197,169,2,20251021_121107
1761041409.6072505,3663141,937764096,937.764096,254,197,169,2,20251021_121107
1761041409.6172345,3663180,937774080,937.77408,1,197,169,2,20251021_121107
1761041409.6272185,3663219,937784064,937.784064,3,197,168,2,20251021_121107
1761041409.6372025,3663258,937794048,937.794048,5,197,169,2,20251021_121107
1761041409.6471865,3663297,937804032,937.804032,7,197,168,2,20251021_121107
1761041409.6571703,3663336,937814016,937.814016,9,197,168,2,20251021_121107
1761041409.6671543,3663375,937824000,937.824,11,197,168,2,20251021_121107
1761041409.6771383,3663414,937833984,937.833984,13,197,168,2,20251021_121107
1761041409.6871223,3663453,937843968,937.843968,15,197,168,2,20251021_121107
1761041409.6971064,3663492,937853952,937.853952,16,197,168,2,20251021_121107
1761041409.7073464,3663532,937864192,937.864192,18,197,167,2,20251021_121107
1761041409.7173305,3663571,937874176,937.874176,20,197,167,2,20251021_121107
1761041409.7273145,3663610,937884160,937.88416,22,197,165,2,20251021_121107
1761041409.7372985,3663649,937894144,937.894144,24,197,164,2,20251021_121107
1761041409.7472825,3663688,937904128,937.904128,25,197,164,2,20251021_121107
1761041409.7572663,3663727,937914112,937.914112,27,197,159,2,20251021_121107
1761041409.7672503,3663766,937924096,937.924096,29,197,157,2,20251021_121107
1761041409.7772343,3663805,937934080,937.93408,31,197,152,2,20251021_121107
1761041409.7872183,3663844,937944064,937.944064,34,197,150,2,20251021_121107
1761041409.7972023,3663883,937954048,937.954048,36,197,147,2,20251021_121107
1761041409.8071864,3663922,937964032,937.964032,38,197,144,2,20251021_121107
1761041409.8171704,3663961,937974016,937.974016,41,197,140,2,20251021_121107
1761041409.8271544,3664000,937984000,937.984,44,197,137,2,20251021_121107
1761041409.8371384,3664039,937993984,937.993984,46,197,134,2,20251021_121107
1761041409.8471224,3664078,938003968,938.003968,49,197,131,2,20251021_121107
1761041409.8573625,3664118,938014208,938.014208,52,197,129,2,20251021_121107
1761041409.8673463,3664157,938024192,938.024192,55,197,127,2,20251021_121107
1761041409.8773303,3664196,938034176,938.034176,58,197,127,2,20251021_121107
1761041409.8873143,3664235,938044160,938.04416,61,197,125,2,20251021_121107
1761041409.8972983,3664274,938054144,938.054144,65,197,125,2,20251021_121107
1761041409.9072824,3664313,938064128,938.064128,68,197,125,2,20251021_121107
1761041409.9172664,3664352,938074112,938.074112,71,197,125,2,20251021_121107
1761041409.9272504,3664391,938084096,938.084096,74,197,126,2,20251021_121107
1761041409.9372344,3664430,938094080,938.09408,77,197,125,2,20251021_121107
1761041409.9472184,3664469,938104064,938.104064,80,197,125,2,20251021_121107
1761041409.9572024,3664508,938114048,938.114048,82,196,125,2,20251021_121107
1761041409.9671865,3664547,938124032,938.124032,85,196,125,2,20251021_121107
1761041409.9771705,3664586,938134016,938.134016,88,196,126,2,20251021_121107
1761041409.9871545,3664625,938144000,938.144,91,196,125,2,20251021_121107
1761041409.9973943,3664665,938154240,938.15424,94,196,126,2,20251021_121107
1761041410.0073783,3664704,938164224,938.164224,96,196,126,2,20251021_121107
1761041410.0173624,3664743,938174208,938.174208,99,196,126,2,20251021_121107
1761041410.0273464,3664782,938184192,938.184192,101,196,127,2,20251021_121107
1761041410.0373304,3664821,938194176,938.194176,104,195,127,2,20251021_121107
1761041410.0473144,3664860,938204160,938.20416,106,195,127,2,20251021_121107
1761041410.0572984,3664899,938214144,938.214144,109,195,127,2,20251021_121107
1761041410.0672824,3664938,938224128,938.224128,111,195,127,2,20251021_121107
1761041410.0772665,3664977,938234112,938.234112,113,195,127,2,20251021_121107
1761041410.0872505,3665016,938244096,938.244096,116,195,129,2,20251021_121107
1761041410.0972345,3665055,938254080,938.25408,118,195,132,2,20251021_121107
1761041410.1072185,3665094,938264064,938.264064,120,195,132,2,20251021_121107
1761041410.1172023,3665133,938274048,938.274048,122,196,134,2,20251021_121107
1761041410.1271863,3665172,938284032,938.284032,125,196,136,2,20251021_121107
1761041410.1374264,3665212,938294272,938.294272,127,196,140,2,20251021_121107
1761041410.1474104,3665251,938304256,938.304256,129,196,143,2,20251021_121107
1761041410.1573944,3665290,938314240,938.31424,131,196,147,2,20251021_121107
1761041410.1673784,3665329,938324224,938.324224,134,196,153,2,20251021_121107
1761041410.1773624,3665368,938334208,938.334208,136,196,157,2,20251021_121107
1761041410.1873465,3665407,938344192,938.344192,139,196,160,2,20251021_121107
1761041410.1973305,3665446,938354176,938.354176,141,196,161,2,20251021_121107
1761041410.2073145,3665485,938364160,938.36416,144,196,162,2,20251021_121107
1761041410.2172985,3665524,938374144,938.374144,146,196,164,2,20251021_121107
1761041410.2272823,3665563,938384128,938.384128,149,197,165,2,20251021_121107
1761041410.2372663,3665602,938394112,938.394112,152,196,166,2,20251021_121107
1761041410.2472503,3665641,938404096,938.404096,155,197,166,2,20251021_121107
1761041410.2572343,3665680,938414080,938.41408,158,197,167,2,20251021_121107
1761041410.2672184,3665719,938424064,938.424064,161,197,167,2,20251021_121107
1761041410.2772024,3665758,938434048,938.434048,164,197,167,2,20251021_121107
1761041410.2874424,3665798,938444288,938.444288,167,197,166,2,20251021_121107
1761041410.2974265,3665837,938454272,938.454272,170,197,168,2,20251021_121107
1761041410.3074105,3665876,938464256,938.464256,173,197,168,2,20251021_121107
1761041410.3173945,3665915,938474240,938.47424,176,197,168,2,20251021_121107
1761041410.3273785,3665954,938484224,938.484224,179,197,168,2,20251021_121107
1761041410.3373623,3665993,938494208,938.494208,182,196,167,2,20251021_121107
1761041410.3473463,3666032,938504192,938.504192,185,196,170,2,20251021_121107
1761041410.3573303,3666071,938514176,938.514176,188,196,168,2,20251021_121107
1761041410.3673143,3666110,938524160,938.52416,191,197,168,2,20251021_121107
1761041410.3772984,3666149,938534144,938.534144,194,197,168,2,20251021_121107
1761041410.3872824,3666188,938544128,938.544128,197,196,169,2,20251021_121107
1761041410.3972664,3666227,938554112,938.554112,200,196,168,2,20251021_121107
1761041410.4072504,3666266,938564096,938.564096,203,196,168,2,20251021_121107
1761041410.4172344,3666305,938574080,938.57408,206,197,169,2,20251021_121107
1761041410.4274745,3666345,938584320,938.58432,209,196,168,2,20251021_121107
1761041410.4374585,3666384,938594304,938.594304,212,196,168,2,20251021_121107
1761041410.4474423,3666423,938604288,938.604288,214,197,168,2,20251021_121107
1761041410.4574263,3666462,938614272,938.614272,217,196,169,2,20251021_121107
1761041410.4674103,3666501,938624256,938.624256,220,197,168,2,20251021_121107
1761041410.4773943,3666540,938634240,938.63424,223,197,168,2,20251021_121107
1761041410.4873784,3666579,938644224,938.644224,225,197,169,2,20251021_121107
1761041410.4973624,3666618,938654208,938.654208,228,196,170,2,20251021_121107
1761041410.5073464,3666657,938664192,938.664192,230,197,170,2,20251021_121107
1761041410.5173304,3666696,938674176,938.674176,233,197,169,2,20251021_121107
1761041410.5273144,3666735,938684160,938.68416,235,197,168,2,20251021_121107
1761041410.5372984,3666774,938694144,938.694144,238,197,169,2,20251021_121107
1761041410.5472825,3666813,938704128,938.704128,240,197,169,2,20251021_121107
1761041410.5572665,3666852,938714112,938.714112,242,197,169,2,20251021_121107
1761041410.5672505,3666891,938724096,938.724096,245,197,169,2,20251021_121107
1761041410.5774903,3666931,938734336,938.734336,247,197,169,2,20251021_121107
1761041410.5874743,3666970,938744320,938.74432,249,197,169,2,20251021_121107
1761041410.5974584,3667009,938754304,938.754304,251,197,170,2,20251021_121107
1761041410.6074424,3667048,938764288,938.764288,253,197,167,2,20251021_121107
1761041410.6174264,3667087,938774272,938.774272,0,197,168,2,20251021_121107
1761041410.6274104,3667126,938784256,938.784256,2,198,168,2,20251021_121107
1761041410.6373944,3667165,938794240,938.79424,4,197,169,2,20251021_121107
1761041410.6473784,3667204,938804224,938.804224,6,197,169,2,20251021_121107
1761041410.6573625,3667243,938814208,938.814208,8,197,168,2,20251021_121107
1761041410.6673465,3667282,938824192,938.824192,10,197,168,2,20251021_121107
1761041410.6773305,3667321,938834176,938.834176,12,197,168,2,20251021_121107
1761041410.6873145,3667360,938844160,938.84416,14,197,167,2,20251021_121107
1761041410.6972983,3667399,938854144,938.854144,15,197,167,2,20251021_121107
1761041410.7072823,3667438,938864128,938.864128,17,197,167,2,20251021_121107
1761041410.7175224,3667478,938874368,938.874368,19,197,165,2,20251021_121107
1761041410.7275064,3667517,938884352,938.884352,21,197,164,2,20251021_121107
1761041410.7374904,3667556,938894336,938.894336,23,197,164,2,20251021_121107
1761041410.7474744,3667595,938904320,938.90432,24,197,164,2,20251021_121107
1761041410.7574584,3667634,938914304,938.914304,26,197,162,2,20251021_121107
1761041410.7674425,3667673,938924288,938.924288,28,197,161,2,20251021_121107
1761041410.7774265,3667712,938934272,938.934272,30,197,160,2,20251021_121107
1761041410.7874105,3667751,938944256,938.944256,32,197,159,2,20251021_121107
1761041410.7973945,3667790,938954240,938.95424,34,197,158,2,20251021_121107
1761041410.8073783,3667829,938964224,938.964224,36,197,157,2,20251021_121107
1761041410.8173623,3667868,938974208,938.974208,38,197,156,2,20251021_121107
1761041410.8273463,3667907,938984192,938.984192,40,197,155,2,20251021_121107
1761041410.8373303,3667946,938994176,938.994176,42,197,156,2,20251021_121107
1761041410.8473144,3667985,939004160,939.00416,44,197,154,2,20251021_121107
1761041410.8572984,3668024,939014144,939.014144,46,197,153,2,20251021_121107
1761041410.8675385,3668064,939024384,939.024384,48,197,152,2,20251021_121107
1761041410.8775225,3668103,939034368,939.034368,50,197,151,2,20251021_121107
1761041410.8875065,3668142,939044352,939.044352,52,197,150,2,20251021_121107
1761041410.8974905,3668181,939054336,939.054336,55,197,148,2,20251021_121107
1761041410.9074745,3668220,939064320,939.06432,57,197,146,2,20251021_121107
1761041410.9174583,3668259,939074304,939.074304,59,197,145,2,20251021_121107
1761041410.9274423,3668298,939084288,939.084288,62,197,143,2,20251021_121107
1761041410.9374263,3668337,939094272,939.094272,64,197,142,2,20251021_121107
1761041410.9474103,3668376,939104256,939.104256,67,196,140,2,20251021_121107
1761041410.9573944,3668415,939114240,939.11424,69,197,139,2,20251021_121107
1761041410.9673784,3668454,939124224,939.124224,72,197,137,2,20251021_121107
1761041410.9773624,3668493,939134208,939.134208,75,197,136,2,20251021_121107
1761041410.9873464,3668532,939144192,939.144192,77,196,134,2,20251021_121107
1761041410.9973304,3668571,939154176,939.154176,80,197,132,2,20251021_121107
1761041411.0075705,3668611,939164416,939.164416,83,196,131,2,20251021_121107
1761041411.0175543,3668650,939174400,939.1744,86,196,130,2,20251021_121107
1761041411.0275383,3668689,939184384,939.184384,88,196,128,2,20251021_121107
1761041411.0375223,3668728,939194368,939.194368,91,196,127,2,20251021_121107
1761041411.0475063,3668767,939204352,939.204352,94,196,127,2,20251021_121107
1761041411.0574903,3668806,939214336,939.214336,97,196,127,2,20251021_121107
1761041411.0674744,3668845,939224320,939.22432,99,196,127,2,20251021_121107
1761041411.0774584,3668884,939234304,939.234304,102,196,127,2,20251021_121107
1761041411.0874424,3668923,939244288,939.244288,104,196,127,2,20251021_121107
1761041411.0974264,3668962,939254272,939.254272,107,196,127,2,20251021_121107
1761041411.1074104,3669001,939264256,939.264256,109,196,127,2,20251021_121107
1761041411.1173944,3669040,939274240,939.27424,111,196,127,2,20251021_121107
1761041411.1273785,3669079,939284224,939.284224,114,196,127,2,20251021_121107
1761041411.1373625,3669118,939294208,939.294208,116,196,128,2,20251021_121107
1761041411.1473465,3669157,939304192,939.304192,118,196,128,2,20251021_121107
1761041411.1575863,3669197,939314432,939.314432,121,196,129,2,20251021_121107
1761041411.1675704,3669236,939324416,939.324416,123,196,129,2,20251021_121107
1761041411.1775544,3669275,939334400,939.3344,125,196,131,2,20251021_121107
1761041411.1875384,3669314,939344384,939.344384,127,196,132,2,20251021_121107
1761041411.1975224,3669353,939354368,939.354368,129,196,132,2,20251021_121107
1761041411.2075064,3669392,939364352,939.364352,131,196,134,2,20251021_121107
1761041411.2174904,3669431,939374336,939.374336,133,196,135,2,20251021_121107
1761041411.2274745,3669470,939384320,939.38432,135,197,136,2,20251021_121107
1761041411.2374585,3669509,939394304,939.394304,137,196,141,2,20251021_121107
1761041411.2474425,3669548,939404288,939.404288,139,196,141,2,20251021_121107
1761041411.2574265,3669587,939414272,939.414272,142,197,142,2,20251021_121107
1761041411.2674105,3669626,939424256,939.424256,144,197,145,2,20251021_121107
1761041411.2773943,3669665,939434240,939.43424,146,197,147,2,20251021_121107
1761041411.2873783,3669704,939444224,939.444224,148,196,149,2,20251021_121107
1761041411.2976184,3669744,939454464,939.454464,151,197,152,2,20251021_121107
1761041411.3076024,3669783,939464448,939.464448,153,197,155,2,20251021_121107
1761041411.3175864,3669822,939474432,939.474432,156,197,158,2,20251021_121107
1761041411.3275704,3669861,939484416,939.484416,159,197,160,2,20251021_121107
1761041411.3375545,3669900,939494400,939.4944,161,197,161,2,20251021_121107
1761041411.3475385,3669939,939504384,939.504384,164,197,162,2,20251021_121107
1761041411.3575225,3669978,939514368,939.514368,167,197,164,2,20251021_121107
1761041411.3675065,3670017,939524352,939.524352,170,197,164,2,20251021_121107
1761041411.3774903,3670056,939534336,939.534336,173,197,166,2,20251021_121107
1761041411.3874743,3670095,939544320,939.54432,176,197,166,2,20251021_121107
1761041411.3974583,3670134,939554304,939.554304,179,197,167,2,20251021_121107
1761041411.4074423,3670173,939564288,939.564288,182,197,167,2,20251021_121107
1761041411.4174263,3670212,939574272,939.574272,185,197,167,2,20251021_121107
1761041411.4274104,3670251,939584256,939.584256,188,197,167,2,20251021_121107
1761041411.4376504,3670291,939594496,939.594496,191,197,167,2,20251021_121107
1761041411.4476345,3670330,939604480,939.60448,194,197,168,2,20251021_121107
1761041411.4576185,3670369,939614464,939.614464,197,197,168,2,20251021_121107
1761041411.4676025,3670408,939624448,939.624448,200,197,168,2,20251021_121107
1761041411.4775865,3670447,939634432,939.634432,203,197,168,2,20251021_121107
1761041411.4875703,3670486,939644416,939.644416,206,197,168,2,20251021_121107
1761041411.4975543,3670525,939654400,939.6544,209,197,168,2,20251021_121107
1761041411.5075383,3670564,939664384,939.664384,211,197,168,2,20251021_121107
1761041411.5175223,3670603,939674368,939.674368,214,197,168,2,20251021_121107
1761041411.5275064,3670642,939684352,939.684352,217,197,168,2,20251021_121107
1761041411.5374904,3670681,939694336,939.694336,220,197,168,2,20251021_121107
1761041411.5474744,3670720,939704320,939.70432,222,197,168,2,20251021_121107
1761041411.5574584,3670759,939714304,939.714304,225,197,168,2,20251021_121107
1761041411.5674424,3670798,939724288,939.724288,228,197,168,2,20251021_121107
1761041411.5774264,3670837,939734272,939.734272,230,197,168,2,20251021_121107
1761041411.5876665,3670877,939744512,939.744512,233,197,169,2,20251021_121107
1761041411.5976503,3670916,939754496,939.754496,235,197,169,2,20251021_121107
1761041411.6076343,3670955,939764480,939.76448,238,197,169,2,20251021_121107
1761041411.6176183,3670994,939774464,939.774464,240,197,169,2,20251021_121107
1761041411.6276023,3671033,939784448,939.784448,242,197,169,2,20251021_121107
1761041411.6375864,3671072,939794432,939.794432,244,198,169,2,20251021_121107
1761041411.6475704,3671111,939804416,939.804416,247,198,169,2,20251021_121107
1761041411.6575544,3671150,939814400,939.8144,249,197,169,2,20251021_121107
1761041411.6675384,3671189,939824384,939.824384,251,198,169,2,20251021_121107
1761041411.6775224,3671228,939834368,939.834368,253,197,169,2,20251021_121107
1761041411.6875064,3671267,939844352,939.844352,0,197,170,2,20251021_121107
1761041411.6974905,3671306,939854336,939.854336,2,198,169,2,20251021_121107
1761041411.7074745,3671345,939864320,939.86432,4,198,169,2,20251021_121107
1761041411.7174585,3671384,939874304,939.874304,6,198,169,2,20251021_121107
1761041411.7276983,3671424,939884544,939.884544,8,198,169,2,20251021_121107
1761041411.7376823,3671463,939894528,939.894528,10,198,169,2,20251021_121107
1761041411.7476664,3671502,939904512,939.904512,12,198,169,2,20251021_121107
1761041411.7576504,3671541,939914496,939.914496,13,198,169,2,20251021_121107
1761041411.7676344,3671580,939924480,939.92448,15,198,169,2,20251021_121107
1761041411.7776184,3671619,939934464,939.934464,17,198,169,2,20251021_121107
1761041411.7876024,3671658,939944448,939.944448,19,198,168,2,20251021_121107
1761041411.7975864,3671697,939954432,939.954432,20,198,170,2,20251021_121107
1761041411.8075705,3671736,939964416,939.964416,22,198,169,2,20251021_121107
1761041411.8175545,3671775,939974400,939.9744,24,198,169,2,20251021_121107
1761041411.8275385,3671814,939984384,939.984384,25,198,168,2,20251021_121107
1761041411.8375225,3671853,939994368,939.994368,27,197,169,2,20251021_121107
1761041411.8475063,3671892,940004352,940.004352,29,198,169,2,20251021_121107
1761041411.8574903,3671931,940014336,940.014336,30,198,169,2,20251021_121107
1761041411.8674743,3671970,940024320,940.02432,32,198,169,2,20251021_121107
1761041411.8777144,3672010,940034560,940.03456,33,198,168,2,20251021_121107
1761041411.8876984,3672049,940044544,940.044544,35,198,169,2,20251021_121107
1761041411.8976824,3672088,940054528,940.054528,37,198,169,2,20251021_121107
1761041411.9076664,3672127,940064512,940.064512,38,198,168,2,20251021_121107
1761041411.9176505,3672166,940074496,940.074496,40,198,168,2,20251021_121107
1761041411.9276345,3672205,940084480,940.08448,41,198,168,2,20251021_121107
1761041411.9376185,3672244,940094464,940.094464,43,198,167,2,20251021_121107
1761041411.9476025,3672283,940104448,940.104448,44,198,167,2,20251021_121107
1761041411.9575863,3672322,940114432,940.114432,46,198,166,2,20251021_121107
1761041411.9675703,3672361,940124416,940.124416,47,198,166,2,20251021_121107
1761041411.9775543,3672400,940134400,940.1344,49,198,164,2,20251021_121107
1761041411.9877944,3672440,940144640,940.14464,51,198,161,2,20251021_121107
1761041411.9977784,3672479,940154624,940.154624,53,198,158,2,20251021_121107
1761041412.0077624,3672518,940164608,940.164608,55,198,156,2,20251021_121107
1761041412.0177464,3672557,940174592,940.174592,57,198,153,2,20251021_121107
1761041412.0277305,3672596,940184576,940.184576,59,198,150,2,20251021_121107
1761041412.0377145,3672635,940194560,940.19456,61,198,146,2,20251021_121107
1761041412.0476985,3672674,940204544,940.204544,64,197,143,2,20251021_121107
1761041412.0576825,3672713,940214528,940.214528,66,198,140,2,20251021_121107
1761041412.0676663,3672752,940224512,940.224512,69,198,136,2,20251021_121107
1761041412.0776503,3672791,940234496,940.234496,72,197,133,2,20251021_121107
1761041412.0876343,3672830,940244480,940.24448,75,197,131,2,20251021_121107
1761041412.0976183,3672869,940254464,940.254464,78,197,128,2,20251021_121107
1761041412.1076024,3672908,940264448,940.264448,81,197,127,2,20251021_121107
1761041412.1175864,3672947,940274432,940.274432,84,197,125,2,20251021_121107
1761041412.1278265,3672987,940284672,940.284672,87,197,126,2,20251021_121107
1761041412.1378105,3673026,940294656,940.294656,89,197,125,2,20251021_121107
1761041412.1477945,3673065,940304640,940.30464,92,197,126,2,20251021_121107
1761041412.1577785,3673104,940314624,940.314624,95,197,126,2,20251021_121107
1761041412.1677625,3673143,940324608,940.324608,97,197,126,2,20251021_121107
1761041412.1777463,3673182,940334592,940.334592,100,197,125,2,20251021_121107
1761041412.1877303,3673221,940344576,940.344576,103,197,125,2,20251021_121107
1761041412.1977143,3673260,940354560,940.35456,105,197,125,2,20251021_121107
1761041412.2076983,3673299,940364544,940.364544,107,197,124,2,20251021_121107
1761041412.2176824,3673338,940374528,940.374528,110,197,126,2,20251021_121107
1761041412.2276664,3673377,940384512,940.384512,112,197,127,2,20251021_121107
1761041412.2376504,3673416,940394496,940.394496,115,197,126,2,20251021_121107
1761041412.2476344,3673455,940404480,940.40448,117,197,126,2,20251021_121107
1761041412.2576184,3673494,940414464,940.414464,119,197,126,2,20251021_121107
1761041412.2676024,3673533,940424448,940.424448,121,197,127,2,20251021_121107
1761041412.2778423,3673573,940434688,940.434688,123,197,127,2,20251021_121107
1761041412.2878263,3673612,940444672,940.444672,125,197,127,2,20251021_121107
1761041412.2978103,3673651,940454656,940.454656,127,197,127,2,20251021_121107
1761041412.3077943,3673690,940464640,940.46464,130,197,127,2,20251021_121107
1761041412.3177783,3673729,940474624,940.474624,131,197,128,2,20251021_121107
1761041412.3277624,3673768,940484608,940.484608,133,197,129,2,20251021_121107
1761041412.3377464,3673807,940494592,940.494592,135,197,130,2,20251021_121107
1761041412.3477304,3673846,940504576,940.504576,137,197,132,2,20251021_121107
1761041412.3577144,3673885,940514560,940.51456,139,197,134,2,20251021_121107
1761041412.3676984,3673924,940524544,940.524544,141,197,137,2,20251021_121107
1761041412.3776824,3673963,940534528,940.534528,143,197,139,2,20251021_121107
1761041412.3876665,3674002,940544512,940.544512,146,198,144,2,20251021_121107
1761041412.3976505,3674041,940554496,940.554496,148,198,150,2,20251021_121107
1761041412.4076345,3674080,940564480,940.56448,150,198,156,2,20251021_121107
1761041412.4178743,3674120,940574720,940.57472,153,198,159,2,20251021_121107
1761041412.4278584,3674159,940584704,940.584704,155,198,161,2,20251021_121107
1761041412.4378424,3674198,940594688,940.594688,158,198,163,2,20251021_121107
1761041412.4478264,3674237,940604672,940.604672,161,198,165,2,20251021_121107
1761041412.4578104,3674276,940614656,940.614656,164,198,166,2,20251021_121107
1761041412.4677944,3674315,940624640,940.62464,167,198,166,2,20251021_121107
1761041412.4777784,3674354,940634624,940.634624,170,198,167,2,20251021_121107
1761041412.4877625,3674393,940644608,940.644608,173,198,166,2,20251021_121107
1761041412.4977465,3674432,940654592,940.654592,176,198,167,2,20251021_121107
1761041412.5077305,3674471,940664576,940.664576,179,198,167,2,20251021_121107
1761041412.5177145,3674510,940674560,940.67456,182,198,168,2,20251021_121107
1761041412.5276985,3674549,940684544,940.684544,185,198,167,2,20251021_121107
1761041412.5376823,3674588,940694528,940.694528,188,198,167,2,20251021_121107
1761041412.5476663,3674627,940704512,940.704512,191,198,168,2,20251021_121107
1761041412.5579064,3674667,940714752,940.714752,194,198,167,2,20251021_121107
1761041412.5678904,3674706,940724736,940.724736,197,198,168,2,20251021_121107
1761041412.5778744,3674745,940734720,940.73472,200,198,167,2,20251021_121107
1761041412.5878584,3674784,940744704,940.744704,203,198,168,2,20251021_121107
1761041412.5978425,3674823,940754688,940.754688,206,198,168,2,20251021_121107
1761041412.6078265,3674862,940764672,940.764672,209,198,170,2,20251021_121107
1761041412.6178105,3674901,940774656,940.774656,212,198,168,2,20251021_121107
1761041412.6277945,3674940,940784640,940.78464,215,198,169,2,20251021_121107
1761041412.6377783,3674979,940794624,940.794624,217,198,169,2,20251021_121107
1761041412.6477623,3675018,940804608,940.804608,220,198,168,2,20251021_121107
1761041412.6577463,3675057,940814592,940.814592,223,198,168,2,20251021_121107
1761041412.6677303,3675096,940824576,940.824576,225,198,168,2,20251021_121107
1761041412.6777143,3675135,940834560,940.83456,228,198,169,2,20251021_121107
1761041412.6876984,3675174,940844544,940.844544,230,198,168,2,20251021_121107
1761041412.6976824,3675213,940854528,940.854528,233,198,168,2,20251021_121107
1761041412.7079225,3675253,940864768,940.864768,235,198,168,2,20251021_121107
1761041412.7179065,3675292,940874752,940.874752,238,198,169,2,20251021_121107
1761041412.7278905,3675331,940884736,940.884736,240,198,168,2,20251021_121107
1761041412.7378745,3675370,940894720,940.89472,242,198,169,2,20251021_121107
1761041412.7478583,3675409,940904704,940.904704,245,198,168,2,20251021_121107
1761041412.7578423,3675448,940914688,940.914688,247,198,167,2,20251021_121107
1761041412.7678263,3675487,940924672,940.924672,249,198,169,2,20251021_121107
1761041412.7778103,3675526,940934656,940.934656,251,198,168,2,20251021_121107
1761041412.7877944,3675565,940944640,940.94464,253,198,168,2,20251021_121107
1761041412.7977784,3675604,940954624,940.954624,0,198,168,2,20251021_121107
1761041412.8077624,3675643,940964608,940.964608,2,198,171,2,20251021_121107
1761041412.8177464,3675682,940974592,940.974592,4,198,168,2,20251021_121107
1761041412.8277304,3675721,940984576,940.984576,6,198,169,2,20251021_121107
1761041412.8377144,3675760,940994560,940.99456,8,198,168,2,20251021_121107
1761041412.8479545,3675800,941004800,941.0048,10,198,168,2,20251021_121107
1761041412.8579383,3675839,941014784,941.014784,12,198,168,2,20251021_121107
1761041412.8679223,3675878,941024768,941.024768,14,198,168,2,20251021_121107
1761041412.8779063,3675917,941034752,941.034752,16,198,168,2,20251021_121107
1761041412.8878903,3675956,941044736,941.044736,17,198,167,2,20251021_121107
1761041412.8978744,3675995,941054720,941.05472,19,198,166,2,20251021_121107
1761041412.9078584,3676034,941064704,941.064704,21,198,165,2,20251021_121107
1761041412.9178424,3676073,941074688,941.074688,23,198,163,2,20251021_121107
1761041412.9278264,3676112,941084672,941.084672,25,198,160,2,20251021_121107
1761041412.9378104,3676151,941094656,941.094656,27,198,157,2,20251021_121107
1761041412.9477944,3676190,941104640,941.10464,29,198,156,2,20251021_121107
1761041412.9577785,3676229,941114624,941.114624,31,198,152,2,20251021_121107
1761041412.9677625,3676268,941124608,941.124608,33,198,150,2,20251021_121107
1761041412.9777465,3676307,941134592,941.134592,35,197,145,2,20251021_121107
1761041412.9877305,3676346,941144576,941.144576,38,198,142,2,20251021_121107
1761041412.9979703,3676386,941154816,941.154816,40,197,139,2,20251021_121107
1761041413.0079544,3676425,941164800,941.1648,43,198,137,2,20251021_121107
1761041413.0179384,3676464,941174784,941.174784,46,198,134,2,20251021_121107
1761041413.0279224,3676503,941184768,941.184768,49,197,131,2,20251021_121107
1761041413.0379064,3676542,941194752,941.194752,52,198,128,2,20251021_121107
1761041413.0478904,3676581,941204736,941.204736,55,197,127,2,20251021_121107
1761041413.0578744,3676620,941214720,941.21472,58,197,125,2,20251021_121107
1761041413.0678585,3676659,941224704,941.224704,61,197,126,2,20251021_121107
1761041413.0778425,3676698,941234688,941.234688,64,198,126,2,20251021_121107
1761041413.0878265,3676737,941244672,941.244672,67,197,126,2,20251021_121107
1761041413.0978105,3676776,941254656,941.254656,70,197,126,2,20251021_121107
1761041413.1077943,3676815,941264640,941.26464,73,197,126,2,20251021_121107
1761041413.1177783,3676854,941274624,941.274624,76,197,126,2,20251021_121107
1761041413.1277623,3676893,941284608,941.284608,79,197,125,2,20251021_121107
1761041413.1380024,3676933,941294848,941.294848,82,197,125,2,20251021_121107
1761041413.1479864,3676972,941304832,941.304832,85,197,125,2,20251021_121107
1761041413.1579704,3677011,941314816,941.314816,88,197,124,2,20251021_121107
1761041413.1679544,3677050,941324800,941.3248,90,196,125,2,20251021_121107
1761041413.1779385,3677089,941334784,941.334784,93,197,126,2,20251021_121107
1761041413.1879225,3677128,941344768,941.344768,96,197,126,2,20251021_121107
1761041413.1979065,3677167,941354752,941.354752,98,196,126,2,20251021_121107
1761041413.2078905,3677206,941364736,941.364736,101,196,126,2,20251021_121107
1761041413.2178743,3677245,941374720,941.37472,104,197,127,2,20251021_121107
1761041413.2278583,3677284,941384704,941.384704,106,197,127,2,20251021_121107
1761041413.2378423,3677323,941394688,941.394688,108,197,127,2,20251021_121107
1761041413.2478263,3677362,941404672,941.404672,111,196,127,2,20251021_121107
1761041413.2578104,3677401,941414656,941.414656,113,197,128,2,20251021_121107
1761041413.2677944,3677440,941424640,941.42464,115,197,129,2,20251021_121107
1761041413.2777784,3677479,941434624,941.434624,118,197,131,2,20251021_121107
1761041413.2880185,3677519,941444864,941.444864,120,197,133,2,20251021_121107
1761041413.2980025,3677558,941454848,941.454848,122,197,136,2,20251021_121107
1761041413.3079865,3677597,941464832,941.464832,124,197,138,2,20251021_121107
1761041413.3179705,3677636,941474816,941.474816,127,197,141,2,20251021_121107
1761041413.3279543,3677675,941484800,941.4848,129,197,145,2,20251021_121107
1761041413.3379383,3677714,941494784,941.494784,131,198,149,2,20251021_121107
1761041413.3479223,3677753,941504768,941.504768,133,197,154,2,20251021_121107
1761041413.3579063,3677792,941514752,941.514752,136,197,158,2,20251021_121107
1761041413.3678904,3677831,941524736,941.524736,138,198,160,2,20251021_121107
1761041413.3778744,3677870,941534720,941.53472,141,198,162,2,20251021_121107
1761041413.3878584,3677909,941544704,941.544704,144,197,162,2,20251021_121107
1761041413.3978424,3677948,941554688,941.554688,146,198,164,2,20251021_121107
1761041413.4078264,3677987,941564672,941.564672,149,198,165,2,20251021_121107
1761041413.4178104,3678026,941574656,941.574656,152,198,166,2,20251021_121107
1761041413.4277945,3678065,941584640,941.58464,155,197,166,2,20251021_121107
1761041413.4380343,3678105,941594880,941.59488,158,198,167,2,20251021_121107
1761041413.4480183,3678144,941604864,941.604864,161,198,166,2,20251021_121107
1761041413.4580023,3678183,941614848,941.614848,164,198,167,2,20251021_121107
1761041413.4679863,3678222,941624832,941.624832,167,198,167,2,20251021_121107
1761041413.4779704,3678261,941634816,941.634816,170,198,167,2,20251021_121107
1761041413.4879544,3678300,941644800,941.6448,173,197,167,2,20251021_121107
1761041413.4979384,3678339,941654784,941.654784,176,198,168,2,20251021_121107
1761041413.5079224,3678378,941664768,941.664768,179,198,167,2,20251021_121107
1761041413.5179064,3678417,941674752,941.674752,182,198,167,2,20251021_121107
1761041413.5278904,3678456,941684736,941.684736,185,198,167,2,20251021_121107
1761041413.5378745,3678495,941694720,941.69472,188,197,167,2,20251021_121107
1761041413.5478585,3678534,941704704,941.704704,191,197,168,2,20251021_121107
1761041413.5578425,3678573,941714688,941.714688,194,197,168,2,20251021_121107
1761041413.5678265,3678612,941724672,941.724672,197,197,168,2,20251021_121107
1761041413.5780663,3678652,941734912,941.734912,200,198,168,2,20251021_121107
1761041413.5880504,3678691,941744896,941.744896,203,197,168,2,20251021_121107
1761041413.5980344,3678730,941754880,941.75488,206,198,168,2,20251021_121107
1761041413.6080184,3678769,941764864,941.764864,209,197,168,2,20251021_121107
1761041413.6180024,3678808,941774848,941.774848,212,197,168,2,20251021_121107
1761041413.6279864,3678847,941784832,941.784832,214,197,168,2,20251021_121107
1761041413.6379704,3678886,941794816,941.794816,217,198,168,2,20251021_121107
1761041413.6479545,3678925,941804800,941.8048,220,198,169,2,20251021_121107
1761041413.6579385,3678964,941814784,941.814784,223,197,168,2,20251021_121107
1761041413.6679225,3679003,941824768,941.824768,225,197,168,2,20251021_121107
1761041413.6779065,3679042,941834752,941.834752,228,197,168,2,20251021_121107
1761041413.6878903,3679081,941844736,941.844736,230,198,169,2,20251021_121107
1761041413.6978743,3679120,941854720,941.85472,233,198,168,2,20251021_121107
1761041413.7078583,3679159,941864704,941.864704,235,198,169,2,20251021_121107
1761041413.7178423,3679198,941874688,941.874688,238,198,168,2,20251021_121107
1761041413.7280824,3679238,941884928,941.884928,240,198,168,2,20251021_121107
1761041413.7380664,3679277,941894912,941.894912,242,198,169,2,20251021_121107
1761041413.7480505,3679316,941904896,941.904896,245,198,169,2,20251021_121107
1761041413.7580345,3679355,941914880,941.91488,247,198,168,2,20251021_121107
1761041413.7680185,3679394,941924864,941.924864,249,198,168,2,20251021_121107
1761041413.7780025,3679433,941934848,941.934848,251,198,169,2,20251021_121107
1761041413.7879865,3679472,941944832,941.944832,253,197,168,2,20251021_121107
1761041413.7979703,3679511,941954816,941.954816,0,198,168,2,20251021_121107
1761041413.8079543,3679550,941964800,941.9648,2,198,168,2,20251021_121107
1761041413.8179383,3679589,941974784,941.974784,4,197,168,2,20251021_121107
1761041413.8279223,3679628,941984768,941.984768,6,197,168,2,20251021_121107
1761041413.8379064,3679667,941994752,941.994752,8,198,168,2,20251021_121107
1761041413.8478904,3679706,942004736,942.004736,10,198,168,2,20251021_121107
1761041413.8578744,3679745,942014720,942.01472,12,198,168,2,20251021_121107
1761041413.8681145,3679785,942024960,942.02496,14,198,168,2,20251021_121107
1761041413.8780985,3679824,942034944,942.034944,15,198,168,2,20251021_121107
1761041413.8880825,3679863,942044928,942.044928,17,198,168,2,20251021_121107
1761041413.8980663,3679902,942054912,942.054912,19,198,167,2,20251021_121107
1761041413.9080503,3679941,942064896,942.064896,21,198,167,2,20251021_121107
1761041413.9180343,3679980,942074880,942.07488,22,198,167,2,20251021_121107
1761041413.9280183,3680019,942084864,942.084864,24,197,168,2,20251021_121107
1761041413.9380023,3680058,942094848,942.094848,26,198,167,2,20251021_121107
1761041413.9479864,3680097,942104832,942.104832,27,199,166,2,20251021_121107
1761041413.9579704,3680136,942114816,942.114816,29,198,166,2,20251021_121107
1761041413.9679544,3680175,942124800,942.1248,31,198,166,2,20251021_121107
1761041413.9779384,3680214,942134784,942.134784,32,198,166,2,20251021_121107
1761041413.9879224,3680253,942144768,942.144768,34,198,166,2,20251021_121107
1761041413.9979064,3680292,942154752,942.154752,36,198,166,2,20251021_121107
1761041414.0078905,3680331,942164736,942.164736,37,198,165,2,20251021_121107
1761041414.0181303,3680371,942174976,942.174976,39,198,165,2,20251021_121107
1761041414.0281143,3680410,942184960,942.18496,41,198,165,2,20251021_121107
1761041414.0380983,3680449,942194944,942.194944,42,198,165,2,20251021_121107
1761041414.0480824,3680488,942204928,942.204928,44,198,163,2,20251021_121107
1761041414.0580664,3680527,942214912,942.214912,46,198,163,2,20251021_121107
1761041414.0680504,3680566,942224896,942.224896,47,198,163,2,20251021_121107
1761041414.0780344,3680605,942234880,942.23488,49,198,163,2,20251021_121107
1761041414.0880184,3680644,942244864,942.244864,51,198,162,2,20251021_121107
1761041414.0980024,3680683,942254848,942.254848,52,198,160,2,20251021_121107
1761041414.1079865,3680722,942264832,942.264832,54,198,159,2,20251021_121107
1761041414.1179705,3680761,942274816,942.274816,56,198,158,2,20251021_121107
1761041414.1279545,3680800,942284800,942.2848,58,198,157,2,20251021_121107
1761041414.1379385,3680839,942294784,942.294784,60,198,156,2,20251021_121107
1761041414.1479225,3680878,942304768,942.304768,62,198,155,2,20251021_121107
1761041414.1581624,3680918,942315008,942.315008,64,198,153,2,20251021_121107
1761041414.1681464,3680957,942324992,942.324992,66,198,151,2,20251021_121107
1761041414.1781304,3680996,942334976,942.334976,68,198,150,2,20251021_121107
1761041414.1881144,3681035,942344960,942.34496,71,198,149,2,20251021_121107
1761041414.1980984,3681074,942354944,942.354944,73,198,147,2,20251021_121107
1761041414.2080824,3681113,942364928,942.364928,75,198,145,2,20251021_121107
1761041414.2180665,3681152,942374912,942.374912,78,198,143,2,20251021_121107
1761041414.2280505,3681191,942384896,942.384896,80,198,141,2,20251021_121107
1761041414.2380345,3681230,942394880,942.39488,83,198,139,2,20251021_121107
1761041414.2480185,3681269,942404864,942.404864,85,198,138,2,20251021_121107
1761041414.2580023,3681308,942414848,942.414848,88,198,136,2,20251021_121107
1761041414.2679863,3681347,942424832,942.424832,90,197,135,2,20251021_121107
1761041414.2779703,3681386,942434816,942.434816,93,198,134,2,20251021_121107
1761041414.2879543,3681425,942444800,942.4448,96,198,133,2,20251021_121107
1761041414.2979383,3681464,942454784,942.454784,98,197,132,2,20251021_121107
1761041414.3081784,3681504,942465024,942.465024,101,197,131,2,20251021_121107
1761041414.3181624,3681543,942475008,942.475008,103,197,131,2,20251021_121107
1761041414.3281465,3681582,942484992,942.484992,106,197,129,2,20251021_121107
1761041414.3381305,3681621,942494976,942.494976,108,197,129,2,20251021_121107
1761041414.3481145,3681660,942504960,942.50496,110,197,129,2,20251021_121107
1761041414.3580985,3681699,942514944,942.514944,113,197,129,2,20251021_121107
1761041414.3680823,3681738,942524928,942.524928,115,197,129,2,20251021_121107
1761041414.3780663,3681777,942534912,942.534912,117,198,128,2,20251021_121107
1761041414.3880503,3681816,942544896,942.544896,120,197,129,2,20251021_121107
1761041414.3980343,3681855,942554880,942.55488,122,197,130,2,20251021_121107
1761041414.4080184,3681894,942564864,942.564864,124,197,130,2,20251021_121107
1761041414.4180024,3681933,942574848,942.574848,126,198,130,2,20251021_121107
1761041414.4279864,3681972,942584832,942.584832,128,198,130,2,20251021_121107
1761041414.4379704,3682011,942594816,942.594816,130,198,131,2,20251021_121107
1761041414.4482105,3682051,942605056,942.605056,132,198,132,2,20251021_121107
1761041414.4581945,3682090,942615040,942.61504,134,197,132,2,20251021_121107
1761041414.4681785,3682129,942625024,942.625024,136,197,133,2,20251021_121107
1761041414.4781623,3682168,942635008,942.635008,138,198,135,2,20251021_121107
1761041414.4881463,3682207,942644992,942.644992,140,198,135,2,20251021_121107
1761041414.4981303,3682246,942654976,942.654976,142,198,137,2,20251021_121107
1761041414.5081143,3682285,942664960,942.66496,144,198,139,2,20251021_121107
1761041414.5180984,3682324,942674944,942.674944,146,198,140,2,20251021_121107
1761041414.5280824,3682363,942684928,942.684928,148,198,144,2,20251021_121107
1761041414.5380664,3682402,942694912,942.694912,151,198,145,2,20251021_121107
1761041414.5480504,3682441,942704896,942.704896,153,198,149,2,20251021_121107
1761041414.5580344,3682480,942714880,942.71488,155,198,153,2,20251021_121107
1761041414.5680184,3682519,942724864,942.724864,158,198,156,2,20251021_121107
1761041414.5780025,3682558,942734848,942.734848,160,198,159,2,20251021_121107
1761041414.5879865,3682597,942744832,942.744832,163,198,161,2,20251021_121107
1761041414.5982263,3682637,942755072,942.755072,166,198,161,2,20251021_121107
1761041414.6082103,3682676,942765056,942.765056,169,198,163,2,20251021_121107
1761041414.6181943,3682715,942775040,942.77504,172,198,164,2,20251021_121107
1761041414.6281784,3682754,942785024,942.785024,175,198,166,2,20251021_121107
1761041414.6381624,3682793,942795008,942.795008,178,198,166,2,20251021_121107
1761041414.6481464,3682832,942804992,942.804992,181,198,166,2,20251021_121107
1761041414.6581304,3682871,942814976,942.814976,184,198,167,2,20251021_121107
1761041414.6681144,3682910,942824960,942.82496,187,198,167,2,20251021_121107
1761041414.6780984,3682949,942834944,942.834944,190,198,167,2,20251021_121107
1761041414.6880825,3682988,942844928,942.844928,193,198,167,2,20251021_121107
1761041414.6980665,3683027,942854912,942.854912,196,198,167,2,20251021_121107
1761041414.7080505,3683066,942864896,942.864896,199,198,167,2,20251021_121107
1761041414.7180345,3683105,942874880,942.87488,202,198,168,2,20251021_121107
1761041414.7280183,3683144,942884864,942.884864,205,198,168,2,20251021_121107
1761041414.7382584,3683184,942895104,942.895104,208,198,168,2,20251021_121107
1761041414.7482424,3683223,942905088,942.905088,211,198,168,2,20251021_121107
1761041414.7582264,3683262,942915072,942.915072,213,198,168,2,20251021_121107
1761041414.7682104,3683301,942925056,942.925056,216,198,168,2,20251021_121107
1761041414.7781944,3683340,942935040,942.93504,219,198,168,2,20251021_121107
1761041414.7881784,3683379,942945024,942.945024,222,199,168,2,20251021_121107
1761041414.7981625,3683418,942955008,942.955008,224,198,168,2,20251021_121107
1761041414.8081465,3683457,942964992,942.964992,227,198,168,2,20251021_121107
1761041414.8181305,3683496,942974976,942.974976,229,198,168,2,20251021_121107
1761041414.8281145,3683535,942984960,942.98496,232,198,168,2,20251021_121107
1761041414.8380983,3683574,942994944,942.994944,234,199,168,2,20251021_121107
1761041414.8480823,3683613,943004928,943.004928,237,198,169,2,20251021_121107
1761041414.8580663,3683652,943014912,943.014912,239,198,168,2,20251021_121107
1761041414.8680503,3683691,943024896,943.024896,241,199,168,2,20251021_121107
1761041414.8782904,3683731,943035136,943.035136,244,198,169,2,20251021_121107
1761041414.8882744,3683770,943045120,943.04512,246,198,169,2,20251021_121107
1761041414.8982584,3683809,943055104,943.055104,248,198,168,2,20251021_121107
1761041414.9082425,3683848,943065088,943.065088,250,199,168,2,20251021_121107
1761041414.9182265,3683887,943075072,943.075072,252,198,169,2,20251021_121107
1761041414.9282105,3683926,943085056,943.085056,254,199,168,2,20251021_121107
1761041414.9381945,3683965,943095040,943.09504,1,199,168,2,20251021_121107
1761041414.9481783,3684004,943105024,943.105024,3,198,168,2,20251021_121107
1761041414.9581623,3684043,943115008,943.115008,5,198,168,2,20251021_121107
1761041414.9681463,3684082,943124992,943.124992,7,199,169,2,20251021_121107
1761041414.9781303,3684121,943134976,943.134976,9,198,168,2,20251021_121107
1761041414.9881144,3684160,943144960,943.14496,11,198,168,2,20251021_121107
1761041414.9980984,3684199,943154944,943.154944,13,198,168,2,20251021_121107
1761041415.0083385,3684239,943165184,943.165184,15,198,169,2,20251021_121107
1761041415.0183225,3684278,943175168,943.175168,16,198,168,2,20251021_121107
1761041415.0283065,3684317,943185152,943.185152,18,198,168,2,20251021_121107
1761041415.0382905,3684356,943195136,943.195136,20,198,168,2,20251021_121107
1761041415.0482745,3684395,943205120,943.20512,22,199,167,2,20251021_121107
1761041415.0582583,3684434,943215104,943.215104,23,199,167,2,20251021_121107
1761041415.0682423,3684473,943225088,943.225088,25,199,167,2,20251021_121107
1761041415.0782263,3684512,943235072,943.235072,27,198,166,2,20251021_121107
1761041415.0882103,3684551,943245056,943.245056,28,198,165,2,20251021_121107
1761041415.0981944,3684590,943255040,943.25504,30,198,163,2,20251021_121107
1761041415.1081784,3684629,943265024,943.265024,32,198,161,2,20251021_121107
1761041415.1181624,3684668,943275008,943.275008,34,199,160,2,20251021_121107
1761041415.1281464,3684707,943284992,943.284992,36,199,156,2,20251021_121107
1761041415.1381304,3684746,943294976,943.294976,38,199,152,2,20251021_121107
1761041415.1481144,3684785,943304960,943.30496,40,198,150,2,20251021_121107
1761041415.1583543,3684825,943315200,943.3152,43,198,146,2,20251021_121107
1761041415.1683383,3684864,943325184,943.325184,45,199,142,2,20251021_121107
1761041415.1783223,3684903,943335168,943.335168,48,199,139,2,20251021_121107
1761041415.1883063,3684942,943345152,943.345152,51,199,135,2,20251021_121107
1761041415.1982903,3684981,943355136,943.355136,54,199,133,2,20251021_121107
1761041415.2082744,3685020,943365120,943.36512,57,199,130,2,20251021_121107
1761041415.2182584,3685059,943375104,943.375104,60,198,127,2,20251021_121107
1761041415.2282424,3685098,943385088,943.385088,63,198,127,2,20251021_121107
1761041415.2382264,3685137,943395072,943.395072,66,199,125,2,20251021_121107
1761041415.2482104,3685176,943405056,943.405056,69,198,125,2,20251021_121107
1761041415.2581944,3685215,943415040,943.41504,72,199,125,2,20251021_121107
1761041415.2681785,3685254,943425024,943.425024,75,198,125,2,20251021_121107
1761041415.2781625,3685293,943435008,943.435008,78,199,125,2,20251021_121107
1761041415.2881465,3685332,943444992,943.444992,81,198,125,2,20251021_121107
1761041415.2983863,3685372,943455232,943.455232,84,198,124,2,20251021_121107
1761041415.3083704,3685411,943465216,943.465216,86,198,125,2,20251021_121107
1761041415.3183544,3685450,943475200,943.4752,89,198,124,2,20251021_121107
1761041415.3283384,3685489,943485184,943.485184,92,198,125,2,20251021_121107
1761041415.3383224,3685528,943495168,943.495168,95,198,124,2,20251021_121107
1761041415.3483064,3685567,943505152,943.505152,97,197,124,2,20251021_121107
1761041415.3582904,3685606,943515136,943.515136,100,198,124,2,20251021_121107
1761041415.3682745,3685645,943525120,943.52512,102,198,124,2,20251021_121107
1761041415.3782585,3685684,943535104,943.535104,105,197,124,2,20251021_121107
1761041415.3882425,3685723,943545088,943.545088,107,197,124,2,20251021_121107
1761041415.3982265,3685762,943555072,943.555072,110,197,125,2,20251021_121107
1761041415.4082105,3685801,943565056,943.565056,112,198,125,2,20251021_121107
1761041415.4181943,3685840,943575040,943.57504,114,198,126,2,20251021_121107
1761041415.4281783,3685879,943585024,943.585024,117,197,126,2,20251021_121107
1761041415.4384184,3685919,943595264,943.595264,119,197,126,2,20251021_121107
1761041415.4484024,3685958,943605248,943.605248,121,197,127,2,20251021_121107
1761041415.4583864,3685997,943615232,943.615232,123,198,127,2,20251021_121107
1761041415.4683704,3686036,943625216,943.625216,125,197,127,2,20251021_121107
1761041415.4783545,3686075,943635200,943.6352,127,198,127,2,20251021_121107
1761041415.4883385,3686114,943645184,943.645184,129,198,127,2,20251021_121107
1761041415.4983225,3686153,943655168,943.655168,132,198,127,2,20251021_121107
1761041415.5085623,3686193,943665408,943.665408,133,198,128,2,20251021_121107
1761041415.5185463,3686232,943675392,943.675392,135,198,128,2,20251021_121107
1761041415.5285304,3686271,943685376,943.685376,137,198,130,2,20251021_121107
1761041415.5385144,3686310,943695360,943.69536,139,198,132,2,20251021_121107
1761041415.5484984,3686349,943705344,943.705344,141,198,135,2,20251021_121107
1761041415.5584824,3686388,943715328,943.715328,143,198,138,2,20251021_121107
1761041415.5684664,3686427,943725312,943.725312,145,198,142,2,20251021_121107
1761041415.5787065,3686467,943735552,943.735552,148,198,147,2,20251021_121107
1761041415.5886903,3686506,943745536,943.745536,150,198,154,2,20251021_121107
1761041415.5986743,3686545,943755520,943.75552,153,198,157,2,20251021_121107
1761041415.6086583,3686584,943765504,943.765504,155,198,160,2,20251021_121107
1761041415.6186423,3686623,943775488,943.775488,158,198,162,2,20251021_121107
1761041415.6286263,3686662,943785472,943.785472,161,198,163,2,20251021_121107
1761041415.6386104,3686701,943795456,943.795456,164,198,165,2,20251021_121107
1761041415.6488504,3686741,943805696,943.805696,167,198,166,2,20251021_121107
1761041415.6588345,3686780,943815680,943.81568,170,199,166,2,20251021_121107
1761041415.6688185,3686819,943825664,943.825664,173,198,166,2,20251021_121107
1761041415.6788025,3686858,943835648,943.835648,176,198,166,2,20251021_121107
1761041415.6887865,3686897,943845632,943.845632,179,198,166,2,20251021_121107
1761041415.6987703,3686936,943855616,943.855616,182,198,167,2,20251021_121107
1761041415.7087543,3686975,943865600,943.8656,185,198,167,2,20251021_121107
1761041415.7187383,3687014,943875584,943.875584,188,198,167,2,20251021_121107
1761041415.7289784,3687054,943885824,943.885824,191,198,167,2,20251021_121107
1761041415.7389624,3687093,943895808,943.895808,194,198,167,2,20251021_121107
1761041415.7489464,3687132,943905792,943.905792,197,198,167,2,20251021_121107
1761041415.7589304,3687171,943915776,943.915776,200,198,168,2,20251021_121107
1761041415.7689145,3687210,943925760,943.92576,203,198,168,2,20251021_121107
1761041415.7788985,3687249,943935744,943.935744,206,198,167,2,20251021_121107
1761041415.7888825,3687288,943945728,943.945728,209,199,168,2,20251021_121107
1761041415.7991223,3687328,943955968,943.955968,212,198,168,2,20251021_121107
1761041415.8091063,3687367,943965952,943.965952,214,198,168,2,20251021_121107
1761041415.8190904,3687406,943975936,943.975936,217,198,169,2,20251021_121107
1761041415.8290744,3687445,943985920,943.98592,220,198,168,2,20251021_121107
1761041415.8390584,3687484,943995904,943.995904,223,199,168,2,20251021_121107
1761041415.8492985,3687524,944006144,944.006144,225,199,168,2,20251021_121107
1761041415.8592825,3687563,944016128,944.016128,228,198,168,2,20251021_121107
1761041415.8692665,3687602,944026112,944.026112,230,198,168,2,20251021_121107
1761041415.8792503,3687641,944036096,944.036096,233,198,168,2,20251021_121107
1761041415.8892343,3687680,944046080,944.04608,235,199,168,2,20251021_121107
1761041415.8992183,3687719,944056064,944.056064,238,199,168,2,20251021_121107
1761041415.9092023,3687758,944066048,944.066048,240,199,169,2,20251021_121107
1761041415.9191864,3687797,944076032,944.076032,242,198,168,2,20251021_121107
1761041415.9294264,3687837,944086272,944.086272,245,198,168,2,20251021_121107
1761041415.9394104,3687876,944096256,944.096256,247,198,168,2,20251021_121107
1761041415.9493945,3687915,944106240,944.10624,249,199,168,2,20251021_121107
1761041415.9593785,3687954,944116224,944.116224,251,199,168,2,20251021_121107
1761041415.9693625,3687993,944126208,944.126208,253,198,168,2,20251021_121107
1761041415.9793465,3688032,944136192,944.136192,0,198,168,2,20251021_121107
1761041415.9893303,3688071,944146176,944.146176,2,199,168,2,20251021_121107
1761041415.9993143,3688110,944156160,944.15616,4,198,168,2,20251021_121107
1761041416.0092983,3688149,944166144,944.166144,6,198,168,2,20251021_121107
1761041416.0192823,3688188,944176128,944.176128,8,199,168,2,20251021_121107
1761041416.0292664,3688227,944186112,944.186112,10,199,167,2,20251021_121107
1761041416.0392504,3688266,944196096,944.196096,12,198,167,2,20251021_121107
1761041416.0492344,3688305,944206080,944.20608,14,198,168,2,20251021_121107
1761041416.0592184,3688344,944216064,944.216064,16,198,165,2,20251021_121107
1761041416.0694585,3688384,944226304,944.226304,17,198,164,2,20251021_121107
1761041416.0794425,3688423,944236288,944.236288,19,199,161,2,20251021_121107
1761041416.0894265,3688462,944246272,944.246272,21,198,159,2,20251021_121107
1761041416.0994103,3688501,944256256,944.256256,23,199,156,2,20251021_121107
1761041416.1093943,3688540,944266240,944.26624,25,198,152,2,20251021_121107
1761041416.1193783,3688579,944276224,944.276224,28,199,150,2,20251021_121107
1761041416.1293623,3688618,944286208,944.286208,30,198,147,2,20251021_121107
1761041416.1393464,3688657,944296192,944.296192,32,198,144,2,20251021_121107
1761041416.1493304,3688696,944306176,944.306176,35,198,142,2,20251021_121107
1761041416.1593144,3688735,944316160,944.31616,37,199,138,2,20251021_121107
1761041416.1692984,3688774,944326144,944.326144,40,198,136,2,20251021_121107
1761041416.1792824,3688813,944336128,944.336128,43,198,133,2,20251021_121107
1761041416.1892664,3688852,944346112,944.346112,45,201,132,2,20251021_121107
1761041416.1992505,3688891,944356096,944.356096,48,198,130,2,20251021_121107
1761041416.2094903,3688931,944366336,944.366336,52,198,127,2,20251021_121107
1761041416.2194743,3688970,944376320,944.37632,55,198,127,2,20251021_121107
1761041416.2294583,3689009,944386304,944.386304,58,198,125,2,20251021_121107
1761041416.2394423,3689048,944396288,944.396288,61,198,125,2,20251021_121107
1761041416.2494264,3689087,944406272,944.406272,64,198,125,2,20251021_121107
1761041416.2594104,3689126,944416256,944.416256,67,198,126,2,20251021_121107
1761041416.2693944,3689165,944426240,944.42624,70,198,127,2,20251021_121107
1761041416.2793784,3689204,944436224,944.436224,73,198,127,2,20251021_121107
1761041416.2893624,3689243,944446208,944.446208,76,198,126,2,20251021_121107
1761041416.2993464,3689282,944456192,944.456192,79,198,125,2,20251021_121107
1761041416.3093305,3689321,944466176,944.466176,82,198,125,2,20251021_121107
1761041416.3193145,3689360,944476160,944.47616,84,197,124,2,20251021_121107
1761041416.3292985,3689399,944486144,944.486144,87,197,124,2,20251021_121107
1761041416.3392825,3689438,944496128,944.496128,90,198,124,2,20251021_121107
1761041416.3492663,3689477,944506112,944.506112,93,197,125,2,20251021_121107
1761041416.3595064,3689517,944516352,944.516352,95,198,125,2,20251021_121107
1761041416.3694904,3689556,944526336,944.526336,98,197,124,2,20251021_121107
1761041416.3794744,3689595,944536320,944.53632,101,197,125,2,20251021_121107
1761041416.3894584,3689634,944546304,944.546304,103,197,126,2,20251021_121107
1761041416.3994424,3689673,944556288,944.556288,106,197,126,2,20251021_121107
1761041416.4094265,3689712,944566272,944.566272,108,198,127,2,20251021_121107
1761041416.4194105,3689751,944576256,944.576256,110,197,127,2,20251021_121107
1761041416.4293945,3689790,944586240,944.58624,113,197,127,2,20251021_121107
1761041416.4393785,3689829,944596224,944.596224,115,198,127,2,20251021_121107
1761041416.4493625,3689868,944606208,944.606208,117,197,128,2,20251021_121107
1761041416.4593463,3689907,944616192,944.616192,120,198,130,2,20251021_121107
1761041416.4693303,3689946,944626176,944.626176,122,198,132,2,20251021_121107
1761041416.4793143,3689985,944636160,944.63616,124,198,135,2,20251021_121107
1761041416.4892983,3690024,944646144,944.646144,126,198,136,2,20251021_121107
1761041416.4995384,3690064,944656384,944.656384,128,198,140,2,20251021_121107
1761041416.5095224,3690103,944666368,944.666368,131,198,143,2,20251021_121107
1761041416.5195065,3690142,944676352,944.676352,133,198,148,2,20251021_121107
1761041416.5294905,3690181,944686336,944.686336,135,198,152,2,20251021_121107
1761041416.5394745,3690220,944696320,944.69632,138,198,156,2,20251021_121107
1761041416.5494585,3690259,944706304,944.706304,140,198,159,2,20251021_121107
1761041416.5594423,3690298,944716288,944.716288,143,199,161,2,20251021_121107
1761041416.5694263,3690337,944726272,944.726272,145,201,162,2,20251021_121107
1761041416.5794103,3690376,944736256,944.736256,148,198,163,2,20251021_121107
1761041416.5893943,3690415,944746240,944.74624,151,199,165,2,20251021_121107
1761041416.5993783,3690454,944756224,944.756224,154,198,164,2,20251021_121107
1761041416.6093624,3690493,944766208,944.766208,157,198,166,2,20251021_121107
1761041416.6193464,3690532,944776192,944.776192,160,198,166,2,20251021_121107
1761041416.6293304,3690571,944786176,944.786176,163,198,166,2,20251021_121107
1761041416.6395705,3690611,944796416,944.796416,166,198,167,2,20251021_121107
1761041416.6495545,3690650,944806400,944.8064,169,198,166,2,20251021_121107
1761041416.6595385,3690689,944816384,944.816384,172,198,167,2,20251021_121107
1761041416.6695223,3690728,944826368,944.826368,175,198,168,2,20251021_121107
1761041416.6795063,3690767,944836352,944.836352,178,199,168,2,20251021_121107
1761041416.6894903,3690806,944846336,944.846336,181,198,168,2,20251021_121107
1761041416.6994743,3690845,944856320,944.85632,184,198,167,2,20251021_121107
1761041416.7094584,3690884,944866304,944.866304,187,198,167,2,20251021_121107
1761041416.7194424,3690923,944876288,944.876288,190,198,168,2,20251021_121107
1761041416.7294264,3690962,944886272,944.886272,193,198,168,2,20251021_121107
1761041416.7394104,3691001,944896256,944.896256,196,198,167,2,20251021_121107
1761041416.7493944,3691040,944906240,944.90624,199,198,168,2,20251021_121107
1761041416.7593784,3691079,944916224,944.916224,202,198,167,2,20251021_121107
1761041416.7693624,3691118,944926208,944.926208,205,198,168,2,20251021_121107
1761041416.7796023,3691158,944936448,944.936448,208,198,168,2,20251021_121107
1761041416.7895863,3691197,944946432,944.946432,211,198,168,2,20251021_121107
1761041416.7995703,3691236,944956416,944.956416,213,198,168,2,20251021_121107
1761041416.8095543,3691275,944966400,944.9664,216,198,168,2,20251021_121107
1761041416.8195384,3691314,944976384,944.976384,219,198,168,2,20251021_121107
1761041416.8295224,3691353,944986368,944.986368,222,198,168,2,20251021_121107
1761041416.8395064,3691392,944996352,944.996352,224,198,168,2,20251021_121107
1761041416.8494904,3691431,945006336,945.006336,227,198,170,2,20251021_121107
1761041416.8594744,3691470,945016320,945.01632,229,198,168,2,20251021_121107
1761041416.8694584,3691509,945026304,945.026304,232,198,168,2,20251021_121107
1761041416.8794425,3691548,945036288,945.036288,234,199,169,2,20251021_121107
1761041416.8894265,3691587,945046272,945.046272,237,198,168,2,20251021_121107
1761041416.8994105,3691626,945056256,945.056256,239,199,169,2,20251021_121107
1761041416.9093945,3691665,945066240,945.06624,242,198,168,2,20251021_121107
1761041416.9193785,3691704,945076224,945.076224,244,199,168,2,20251021_121107
1761041416.9296184,3691744,945086464,945.086464,246,199,169,2,20251021_121107
1761041416.9396024,3691783,945096448,945.096448,248,198,169,2,20251021_121107
1761041416.9495864,3691822,945106432,945.106432,250,198,168,2,20251021_121107
1761041416.9595704,3691861,945116416,945.116416,252,198,168,2,20251021_121107
1761041416.9695544,3691900,945126400,945.1264,0,198,168,2,20251021_121107
1761041416.9795384,3691939,945136384,945.136384,2,199,169,2,20251021_121107
1761041416.9895225,3691978,945146368,945.146368,4,198,168,2,20251021_121107
1761041416.9995065,3692017,945156352,945.156352,5,198,168,2,20251021_121107
1761041417.0094905,3692056,945166336,945.166336,7,198,168,2,20251021_121107
1761041417.0194745,3692095,945176320,945.17632,9,198,168,2,20251021_121107
1761041417.0294583,3692134,945186304,945.186304,11,198,170,2,20251021_121107
1761041417.0394423,3692173,945196288,945.196288,13,198,168,2,20251021_121107
1761041417.0494263,3692212,945206272,945.206272,15,198,168,2,20251021_121107
1761041417.0594103,3692251,945216256,945.216256,17,198,167,2,20251021_121107
1761041417.0696504,3692291,945226496,945.226496,18,198,168,2,20251021_121107
1761041417.0796344,3692330,945236480,945.23648,20,198,168,2,20251021_121107
1761041417.0896184,3692369,945246464,945.246464,22,198,168,2,20251021_121107
1761041417.0996025,3692408,945256448,945.256448,23,198,168,2,20251021_121107
1761041417.1095865,3692447,945266432,945.266432,25,198,168,2,20251021_121107
1761041417.1195705,3692486,945276416,945.276416,27,199,168,2,20251021_121107
1761041417.1295545,3692525,945286400,945.2864,28,198,168,2,20251021_121107
1761041417.1395383,3692564,945296384,945.296384,30,198,168,2,20251021_121107
1761041417.1495223,3692603,945306368,945.306368,31,198,168,2,20251021_121107
1761041417.1595063,3692642,945316352,945.316352,33,199,168,2,20251021_121107
1761041417.1694903,3692681,945326336,945.326336,35,198,168,2,20251021_121107
1761041417.1794744,3692720,945336320,945.33632,36,199,168,2,20251021_121107
1761041417.1894584,3692759,945346304,945.346304,38,199,168,2,20251021_121107
1761041417.1994424,3692798,945356288,945.356288,39,199,169,2,20251021_121107
1761041417.2094264,3692837,945366272,945.366272,41,198,168,2,20251021_121107
1761041417.2196665,3692877,945376512,945.376512,42,199,170,2,20251021_121107
1761041417.2296505,3692916,945386496,945.386496,44,198,168,2,20251021_121107
1761041417.2396345,3692955,945396480,945.39648,45,198,167,2,20251021_121107
1761041417.2496183,3692994,945406464,945.406464,47,199,167,2,20251021_121107
1761041417.2596023,3693033,945416448,945.416448,48,198,168,2,20251021_121107
1761041417.2695863,3693072,945426432,945.426432,50,200,168,2,20251021_121107
1761041417.2795703,3693111,945436416,945.436416,51,198,167,2,20251021_121107
1761041417.2895544,3693150,945446400,945.4464,53,198,167,2,20251021_121107
1761041417.2995384,3693189,945456384,945.456384,54,199,167,2,20251021_121107
1761041417.3095224,3693228,945466368,945.466368,56,198,167,2,20251021_121107
1761041417.3195064,3693267,945476352,945.476352,57,198,166,2,20251021_121107
1761041417.3294904,3693306,945486336,945.486336,59,198,166,2,20251021_121107
1761041417.3394744,3693345,945496320,945.49632,60,198,166,2,20251021_121107
1761041417.3494585,3693384,945506304,945.506304,62,199,166,2,20251021_121107
1761041417.3596983,3693424,945516544,945.516544,64,199,165,2,20251021_121107
1761041417.3696823,3693463,945526528,945.526528,65,199,164,2,20251021_121107
1761041417.3796663,3693502,945536512,945.536512,67,199,164,2,20251021_121107
1761041417.3896503,3693541,945546496,945.546496,69,199,163,2,20251021_121107
1761041417.3996344,3693580,945556480,945.55648,71,199,161,2,20251021_121107
1761041417.4096184,3693619,945566464,945.566464,72,199,160,2,20251021_121107
1761041417.4196024,3693658,945576448,945.576448,74,199,158,2,20251021_121107
1761041417.4295864,3693697,945586432,945.586432,76,199,156,2,20251021_121107
1761041417.4395704,3693736,945596416,945.596416,78,198,155,2,20251021_121107
1761041417.4495544,3693775,945606400,945.6064,80,198,154,2,20251021_121107
1761041417.4595385,3693814,945616384,945.616384,83,198,152,2,20251021_121107
1761041417.4695225,3693853,945626368,945.626368,85,198,151,2,20251021_121107
1761041417.4795065,3693892,945636352,945.636352,87,198,149,2,20251021_121107
1761041417.4894905,3693931,945646336,945.646336,89,198,148,2,20251021_121107
1761041417.4997303,3693971,945656576,945.656576,92,198,144,2,20251021_121107
1761041417.5097144,3694010,945666560,945.66656,94,198,142,2,20251021_121107
1761041417.5196984,3694049,945676544,945.676544,96,198,139,2,20251021_121107
1761041417.5296824,3694088,945686528,945.686528,99,198,137,2,20251021_121107
1761041417.5396664,3694127,945696512,945.696512,101,199,136,2,20251021_121107
1761041417.5496504,3694166,945706496,945.706496,104,198,134,2,20251021_121107
1761041417.5596344,3694205,945716480,945.71648,106,198,132,2,20251021_121107
1761041417.5696185,3694244,945726464,945.726464,109,198,131,2,20251021_121107
1761041417.5796025,3694283,945736448,945.736448,111,198,130,2,20251021_121107
1761041417.5895865,3694322,945746432,945.746432,113,198,130,2,20251021_121107
1761041417.5995705,3694361,945756416,945.756416,116,198,129,2,20251021_121107
1761041417.6095543,3694400,945766400,945.7664,118,198,129,2,20251021_121107
1761041417.6195383,3694439,945776384,945.776384,120,199,130,2,20251021_121107
1761041417.6295223,3694478,945786368,945.786368,122,198,128,2,20251021_121107
1761041417.6395063,3694517,945796352,945.796352,124,198,129,2,20251021_121107
1761041417.6497464,3694557,945806592,945.806592,126,198,129,2,20251021_121107
1761041417.6597304,3694596,945816576,945.816576,129,198,129,2,20251021_121107
1761041417.6697145,3694635,945826560,945.82656,131,198,131,2,20251021_121107
1761041417.6796985,3694674,945836544,945.836544,133,198,132,2,20251021_121107
1761041417.6896825,3694713,945846528,945.846528,135,198,133,2,20251021_121107
1761041417.6996665,3694752,945856512,945.856512,137,198,134,2,20251021_121107
1761041417.7096505,3694791,945866496,945.866496,139,198,135,2,20251021_121107
1761041417.7196343,3694830,945876480,945.87648,141,198,137,2,20251021_121107
1761041417.7296183,3694869,945886464,945.886464,143,198,138,2,20251021_121107
1761041417.7396023,3694908,945896448,945.896448,145,198,140,2,20251021_121107
1761041417.7495863,3694947,945906432,945.906432,147,198,143,2,20251021_121107
1761041417.7595704,3694986,945916416,945.916416,149,199,146,2,20251021_121107
1761041417.7695544,3695025,945926400,945.9264,151,198,148,2,20251021_121107
1761041417.7795384,3695064,945936384,945.936384,154,198,153,2,20251021_121107
1761041417.7897785,3695104,945946624,945.946624,156,198,156,2,20251021_121107
1761041417.7997625,3695143,945956608,945.956608,159,199,160,2,20251021_121107
1761041417.8097465,3695182,945966592,945.966592,162,198,161,2,20251021_121107
1761041417.8197303,3695221,945976576,945.976576,164,199,163,2,20251021_121107
1761041417.8297143,3695260,945986560,945.98656,167,199,164,2,20251021_121107
1761041417.8396983,3695299,945996544,945.996544,170,198,164,2,20251021_121107
1761041417.8496823,3695338,946006528,946.006528,173,198,166,2,20251021_121107
1761041417.8596663,3695377,946016512,946.016512,176,199,166,2,20251021_121107
1761041417.8696504,3695416,946026496,946.026496,179,199,166,2,20251021_121107
1761041417.8796344,3695455,946036480,946.03648,182,198,167,2,20251021_121107
1761041417.8896184,3695494,946046464,946.046464,185,198,168,2,20251021_121107
1761041417.8996024,3695533,946056448,946.056448,188,198,167,2,20251021_121107
1761041417.9095864,3695572,946066432,946.066432,192,199,167,2,20251021_121107
1761041417.9195704,3695611,946076416,946.076416,195,199,168,2,20251021_121107
1761041417.9298103,3695651,946086656,946.086656,198,199,167,2,20251021_121107
1761041417.9397943,3695690,946096640,946.09664,201,198,167,2,20251021_121107
1761041417.9497783,3695729,946106624,946.106624,203,198,168,2,20251021_121107
1761041417.9597623,3695768,946116608,946.116608,206,198,168,2,20251021_121107
1761041417.9697464,3695807,946126592,946.126592,209,198,168,2,20251021_121107
1761041417.9797304,3695846,946136576,946.136576,212,199,168,2,20251021_121107
1761041417.9897144,3695885,946146560,946.14656,215,198,168,2,20251021_121107
1761041417.9996984,3695924,946156544,946.156544,218,199,168,2,20251021_121107
1761041418.0096824,3695963,946166528,946.166528,220,198,168,2,20251021_121107
1761041418.0196664,3696002,946176512,946.176512,223,199,168,2,20251021_121107
1761041418.0296504,3696041,946186496,946.186496,226,199,168,2,20251021_121107
1761041418.0396345,3696080,946196480,946.19648,228,199,170,2,20251021_121107
1761041418.0496185,3696119,946206464,946.206464,231,199,168,2,20251021_121107
1761041418.0596025,3696158,946216448,946.216448,233,199,168,2,20251021_121107
1761041418.0698423,3696198,946226688,946.226688,236,199,168,2,20251021_121107
1761041418.0798264,3696237,946236672,946.236672,238,199,169,2,20251021_121107
1761041418.0898104,3696276,946246656,946.246656,241,199,169,2,20251021_121107
1761041418.0997944,3696315,946256640,946.25664,243,199,169,2,20251021_121107
1761041418.1097784,3696354,946266624,946.266624,245,199,169,2,20251021_121107
1761041418.1197624,3696393,946276608,946.276608,247,199,169,2,20251021_121107
1761041418.1297464,3696432,946286592,946.286592,249,199,169,2,20251021_121107
1761041418.1397305,3696471,946296576,946.296576,252,199,169,2,20251021_121107
1761041418.1497145,3696510,946306560,946.30656,254,199,169,2,20251021_121107
1761041418.1596985,3696549,946316544,946.316544,1,199,169,2,20251021_121107
1761041418.1696825,3696588,946326528,946.326528,3,199,168,2,20251021_121107
1761041418.1796665,3696627,946336512,946.336512,5,199,169,2,20251021_121107
1761041418.1896503,3696666,946346496,946.346496,7,199,168,2,20251021_121107
1761041418.1996343,3696705,946356480,946.35648,8,199,168,2,20251021_121107
1761041418.2098744,3696745,946366720,946.36672,10,199,168,2,20251021_121107
1761041418.2198584,3696784,946376704,946.376704,12,199,169,2,20251021_121107
1761041418.2298424,3696823,946386688,946.386688,14,199,169,2,20251021_121107
1761041418.2398264,3696862,946396672,946.396672,16,199,169,2,20251021_121107
1761041418.2498105,3696901,946406656,946.406656,18,199,168,2,20251021_121107
1761041418.2597945,3696940,946416640,946.41664,19,199,167,2,20251021_121107
1761041418.2697785,3696979,946426624,946.426624,21,199,167,2,20251021_121107
1761041418.2797625,3697018,946436608,946.436608,23,199,166,2,20251021_121107
1761041418.2897463,3697057,946446592,946.446592,24,199,165,2,20251021_121107
1761041418.2997303,3697096,946456576,946.456576,26,199,163,2,20251021_121107
1761041418.3097143,3697135,946466560,946.46656,28,199,160,2,20251021_121107
1761041418.3196983,3697174,946476544,946.476544,30,199,157,2,20251021_121107
1761041418.3296824,3697213,946486528,946.486528,32,198,153,2,20251021_121107
1761041418.3396664,3697252,946496512,946.496512,34,199,151,2,20251021_121107
1761041418.3496504,3697291,946506496,946.506496,37,199,148,2,20251021_121107
1761041418.3598905,3697331,946516736,946.516736,39,199,144,2,20251021_121107
1761041418.3698745,3697370,946526720,946.52672,42,199,141,2,20251021_121107
1761041418.3798585,3697409,946536704,946.536704,44,199,138,2,20251021_121107
1761041418.3898425,3697448,946546688,946.546688,47,199,136,2,20251021_121107
1761041418.3998263,3697487,946556672,946.556672,50,198,133,2,20251021_121107
1761041418.4098103,3697526,946566656,946.566656,53,199,130,2,20251021_121107
1761041418.4197943,3697565,946576640,946.57664,57,199,127,2,20251021_121107
1761041418.4297783,3697604,946586624,946.586624,60,199,127,2,20251021_121107
1761041418.4397624,3697643,946596608,946.596608,63,199,126,2,20251021_121107
1761041418.4497464,3697682,946606592,946.606592,66,199,126,2,20251021_121107
1761041418.4597304,3697721,946616576,946.616576,69,199,126,2,20251021_121107
1761041418.4697144,3697760,946626560,946.62656,72,199,127,2,20251021_121107
1761041418.4796984,3697799,946636544,946.636544,75,199,126,2,20251021_121107
1761041418.4896824,3697838,946646528,946.646528,78,199,126,2,20251021_121107
1761041418.4999225,3697878,946656768,946.656768,81,199,125,2,20251021_121107
1761041418.5099063,3697917,946666752,946.666752,83,198,126,2,20251021_121107
1761041418.5198903,3697956,946676736,946.676736,86,198,125,2,20251021_121107
1761041418.5298743,3697995,946686720,946.68672,89,198,126,2,20251021_121107
1761041418.5398583,3698034,946696704,946.696704,92,198,125,2,20251021_121107
1761041418.5498424,3698073,946706688,946.706688,95,198,125,2,20251021_121107
1761041418.5598264,3698112,946716672,946.716672,97,198,125,2,20251021_121107
1761041418.5698104,3698151,946726656,946.726656,100,198,125,2,20251021_121107
1761041418.5797944,3698190,946736640,946.73664,102,198,126,2,20251021_121107
1761041418.5897784,3698229,946746624,946.746624,105,198,125,2,20251021_121107
1761041418.5997624,3698268,946756608,946.756608,107,198,125,2,20251021_121107
1761041418.6097465,3698307,946766592,946.766592,110,198,125,2,20251021_121107
1761041418.6197305,3698346,946776576,946.776576,112,198,126,2,20251021_121107
1761041418.6297145,3698385,946786560,946.78656,114,198,126,2,20251021_121107
1761041418.6399543,3698425,946796800,946.7968,117,198,126,2,20251021_121107
1761041418.6499383,3698464,946806784,946.806784,119,198,127,2,20251021_121107
1761041418.6599224,3698503,946816768,946.816768,121,198,127,2,20251021_121107
1761041418.6699064,3698542,946826752,946.826752,123,198,127,2,20251021_121107
1761041418.6798904,3698581,946836736,946.836736,125,198,127,2,20251021_121107
1761041418.6898744,3698620,946846720,946.84672,127,198,127,2,20251021_121107
1761041418.6998584,3698659,946856704,946.856704,129,198,130,2,20251021_121107
1761041418.7098424,3698698,946866688,946.866688,131,198,132,2,20251021_121107
1761041418.7198265,3698737,946876672,946.876672,134,198,135,2,20251021_121107
1761041418.7298105,3698776,946886656,946.886656,136,198,139,2,20251021_121107
1761041418.7397945,3698815,946896640,946.89664,138,198,143,2,20251021_121107
1761041418.7497785,3698854,946906624,946.906624,140,198,149,2,20251021_121107
1761041418.7597623,3698893,946916608,946.916608,142,199,155,2,20251021_121107
1761041418.7697463,3698932,946926592,946.926592,145,198,158,2,20251021_121107
1761041418.7797303,3698971,946936576,946.936576,148,199,160,2,20251021_121107
1761041418.7899704,3699011,946946816,946.946816,150,199,162,2,20251021_121107
1761041418.7999544,3699050,946956800,946.9568,153,199,164,2,20251021_121107
1761041418.8099384,3699089,946966784,946.966784,156,198,166,2,20251021_121107
1761041418.8199224,3699128,946976768,946.976768,159,198,166,2,20251021_121107
1761041418.8299065,3699167,946986752,946.986752,162,199,166,2,20251021_121107
1761041418.8398905,3699206,946996736,946.996736,165,198,166,2,20251021_121107
1761041418.8498745,3699245,947006720,947.00672,168,199,166,2,20251021_121107
1761041418.8598585,3699284,947016704,947.016704,171,198,166,2,20251021_121107
1761041418.8698423,3699323,947026688,947.026688,174,198,166,2,20251021_121107
1761041418.8800824,3699363,947036928,947.036928,177,198,167,2,20251021_121107
1761041418.8900664,3699402,947046912,947.046912,180,198,167,2,20251021_121107
1761041418.9000504,3699441,947056896,947.056896,183,199,168,2,20251021_121107
1761041418.9100344,3699480,947066880,947.06688,186,198,167,2,20251021_121107
1761041418.9200184,3699519,947076864,947.076864,189,199,167,2,20251021_121107
1761041418.9300025,3699558,947086848,947.086848,192,198,167,2,20251021_121107
1761041418.9399865,3699597,947096832,947.096832,195,198,167,2,20251021_121107
1761041418.9502263,3699637,947107072,947.107072,198,198,168,2,20251021_121107
1761041418.9602103,3699676,947117056,947.117056,201,198,168,2,20251021_121107
1761041418.9701943,3699715,947127040,947.12704,204,198,168,2,20251021_121107
1761041418.9801784,3699754,947137024,947.137024,207,199,168,2,20251021_121107
1761041418.9901624,3699793,947147008,947.147008,210,199,168,2,20251021_121107
1761041419.0001464,3699832,947156992,947.156992,213,199,168,2,20251021_121107
1761041419.0103865,3699872,947167232,947.167232,215,198,168,2,20251021_121107
1761041419.0203705,3699911,947177216,947.177216,218,199,168,2,20251021_121107
1761041419.0303545,3699950,947187200,947.1872,221,199,168,2,20251021_121107
1761041419.0403385,3699989,947197184,947.197184,224,199,168,2,20251021_121107
1761041419.0503223,3700028,947207168,947.207168,226,199,168,2,20251021_121107
1761041419.0603063,3700067,947217152,947.217152,229,199,168,2,20251021_121107
1761041419.0702903,3700106,947227136,947.227136,231,199,168,2,20251021_121107
1761041419.0805304,3700146,947237376,947.237376,234,199,168,2,20251021_121107
1761041419.0905144,3700185,947247360,947.24736,236,199,168,2,20251021_121107
1761041419.1004984,3700224,947257344,947.257344,239,198,168,2,20251021_121107
1761041419.1104825,3700263,947267328,947.267328,241,199,169,2,20251021_121107
1761041419.1204665,3700302,947277312,947.277312,243,200,169,2,20251021_121107
1761041419.1304505,3700341,947287296,947.287296,245,199,168,2,20251021_121107
1761041419.1404345,3700380,947297280,947.29728,248,199,168,2,20251021_121107
1761041419.1506743,3700420,947307520,947.30752,250,199,169,2,20251021_121107
1761041419.1606584,3700459,947317504,947.317504,252,199,168,2,20251021_121107
1761041419.1706424,3700498,947327488,947.327488,254,199,168,2,20251021_121107
1761041419.1806264,3700537,947337472,947.337472,1,199,168,2,20251021_121107
1761041419.1906104,3700576,947347456,947.347456,3,199,168,2,20251021_121107
1761041419.2005944,3700615,947357440,947.35744,5,199,168,2,20251021_121107
1761041419.2105784,3700654,947367424,947.367424,7,199,168,2,20251021_121107
1761041419.2205625,3700693,947377408,947.377408,9,199,168,2,20251021_121107
1761041419.2308023,3700733,947387648,947.387648,11,199,168,2,20251021_121107
1761041419.2407863,3700772,947397632,947.397632,13,199,167,2,20251021_121107
1761041419.2507703,3700811,947407616,947.407616,14,199,167,2,20251021_121107
1761041419.2607543,3700850,947417600,947.4176,16,199,166,2,20251021_121107
1761041419.2707384,3700889,947427584,947.427584,18,198,166,2,20251021_121107
1761041419.2807224,3700928,947437568,947.437568,20,198,165,2,20251021_121107
1761041419.2907064,3700967,947447552,947.447552,22,199,164,2,20251021_121107
1761041419.3009465,3701007,947457792,947.457792,23,199,161,2,20251021_121107
1761041419.3109305,3701046,947467776,947.467776,25,199,158,2,20251021_121107
1761041419.3209145,3701085,947477760,947.47776,27,199,155,2,20251021_121107
1761041419.3308983,3701124,947487744,947.487744,30,198,153,2,20251021_121107
1761041419.3408823,3701163,947497728,947.497728,32,198,150,2,20251021_121107
1761041419.3508663,3701202,947507712,947.507712,34,199,147,2,20251021_121107
1761041419.3608503,3701241,947517696,947.517696,36,198,143,2,20251021_121107
1761041419.3710904,3701281,947527936,947.527936,39,199,141,2,20251021_121107
1761041419.3810744,3701320,947537920,947.53792,41,198,138,2,20251021_121107
1761041419.3910584,3701359,947547904,947.547904,44,199,136,2,20251021_121107
1761041419.4010425,3701398,947557888,947.557888,47,198,134,2,20251021_121107
1761041419.4110265,3701437,947567872,947.567872,50,198,131,2,20251021_121107
1761041419.4210105,3701476,947577856,947.577856,53,199,129,2,20251021_121107
1761041419.4309945,3701515,947587840,947.58784,56,199,128,2,20251021_121107
1761041419.4409783,3701554,947597824,947.597824,59,199,127,2,20251021_121107
1761041419.4509623,3701593,947607808,947.607808,62,198,127,2,20251021_121107
1761041419.4612024,3701633,947618048,947.618048,65,199,126,2,20251021_121107
1761041419.4711864,3701672,947628032,947.628032,68,199,124,2,20251021_121107
1761041419.4811704,3701711,947638016,947.638016,71,199,123,2,20251021_121107
1761041419.4911544,3701750,947648000,947.648,74,198,124,2,20251021_121107
1761041419.5011384,3701789,947657984,947.657984,77,199,125,2,20251021_121107
1761041419.5111225,3701828,947667968,947.667968,80,198,125,2,20251021_121107
1761041419.5211065,3701867,947677952,947.677952,83,198,125,2,20251021_121107
1761041419.5310905,3701906,947687936,947.687936,86,198,125,2,20251021_121107
1761041419.5410745,3701945,947697920,947.69792,88,198,125,2,20251021_121107
1761041419.5510583,3701984,947707904,947.707904,91,198,125,2,20251021_121107
1761041419.5610423,3702023,947717888,947.717888,94,198,126,2,20251021_121107
1761041419.5710263,3702062,947727872,947.727872,96,198,126,2,20251021_121107
1761041419.5810103,3702101,947737856,947.737856,99,198,125,2,20251021_121107
1761041419.5909944,3702140,947747840,947.74784,102,198,126,2,20251021_121107
1761041419.6012344,3702180,947758080,947.75808,104,198,127,2,20251021_121107
1761041419.6112185,3702219,947768064,947.768064,107,198,126,2,20251021_121107
1761041419.6212025,3702258,947778048,947.778048,109,198,127,2,20251021_121107
1761041419.6311865,3702297,947788032,947.788032,111,198,127,2,20251021_121107
1761041419.6411705,3702336,947798016,947.798016,114,198,127,2,20251021_121107
1761041419.6511545,3702375,947808000,947.808,116,198,128,2,20251021_121107
1761041419.6611383,3702414,947817984,947.817984,118,198,129,2,20251021_121107
1761041419.6711223,3702453,947827968,947.827968,120,198,130,2,20251021_121107
1761041419.6811063,3702492,947837952,947.837952,123,198,132,2,20251021_121107
1761041419.6910903,3702531,947847936,947.847936,125,198,134,2,20251021_121107
1761041419.7010744,3702570,947857920,947.85792,127,199,137,2,20251021_121107
1761041419.7110584,3702609,947867904,947.867904,129,198,139,2,20251021_121107
1761041419.7210424,3702648,947877888,947.877888,131,198,142,2,20251021_121107
1761041419.7310264,3702687,947887872,947.887872,134,199,146,2,20251021_121107
1761041419.7412665,3702727,947898112,947.898112,136,198,151,2,20251021_121107
1761041419.7512505,3702766,947908096,947.908096,138,198,155,2,20251021_121107
1761041419.7612343,3702805,947918080,947.91808,141,198,158,2,20251021_121107
1761041419.7712183,3702844,947928064,947.928064,143,199,160,2,20251021_121107
1761041419.7812023,3702883,947938048,947.938048,146,198,161,2,20251021_121107
1761041419.7911863,3702922,947948032,947.948032,149,199,162,2,20251021_121107
1761041419.8011703,3702961,947958016,947.958016,152,199,164,2,20251021_121107
1761041419.8111544,3703000,947968000,947.968,154,198,165,2,20251021_121107
1761041419.8211384,3703039,947977984,947.977984,157,198,166,2,20251021_121107
1761041419.8311224,3703078,947987968,947.987968,160,198,166,2,20251021_121107
1761041419.8411064,3703117,947997952,947.997952,163,198,166,2,20251021_121107
1761041419.8510904,3703156,948007936,948.007936,166,198,167,2,20251021_121107
1761041419.8610744,3703195,948017920,948.01792,169,198,166,2,20251021_121107
1761041419.8710585,3703234,948027904,948.027904,172,199,166,2,20251021_121107
1761041419.8810425,3703273,948037888,948.037888,175,198,167,2,20251021_121107
1761041419.8912823,3703313,948048128,948.048128,178,199,166,2,20251021_121107
1761041419.9012663,3703352,948058112,948.058112,181,199,168,2,20251021_121107
1761041419.9112504,3703391,948068096,948.068096,184,198,167,2,20251021_121107
1761041419.9212344,3703430,948078080,948.07808,187,198,167,2,20251021_121107
1761041419.9312184,3703469,948088064,948.088064,190,199,168,2,20251021_121107
1761041419.9412024,3703508,948098048,948.098048,193,198,167,2,20251021_121107
1761041419.9511864,3703547,948108032,948.108032,197,198,167,2,20251021_121107
1761041419.9611704,3703586,948118016,948.118016,199,199,168,2,20251021_121107
1761041419.9711545,3703625,948128000,948.128,202,198,168,2,20251021_121107
1761041419.9811385,3703664,948137984,948.137984,205,199,168,2,20251021_121107
1761041419.9911225,3703703,948147968,948.147968,208,198,168,2,20251021_121107
1761041420.0011065,3703742,948157952,948.157952,211,199,168,2,20251021_121107
1761041420.0110905,3703781,948167936,948.167936,214,199,169,2,20251021_121107
1761041420.0210743,3703820,948177920,948.17792,217,199,168,2,20251021_121107
1761041420.0313144,3703860,948188160,948.18816,219,199,168,2,20251021_121107
1761041420.0412984,3703899,948198144,948.198144,222,199,168,2,20251021_121107
1761041420.0512824,3703938,948208128,948.208128,225,199,168,2,20251021_121107
1761041420.0612664,3703977,948218112,948.218112,227,199,168,2,20251021_121107
1761041420.0712504,3704016,948228096,948.228096,230,199,168,2,20251021_121107
1761041420.0812345,3704055,948238080,948.23808,232,199,168,2,20251021_121107
1761041420.0912185,3704094,948248064,948.248064,235,198,168,2,20251021_121107
1761041420.1012025,3704133,948258048,948.258048,237,199,168,2,20251021_121107
1761041420.1111865,3704172,948268032,948.268032,240,199,168,2,20251021_121107
1761041420.1211703,3704211,948278016,948.278016,242,199,169,2,20251021_121107
1761041420.1311543,3704250,948288000,948.288,244,199,169,2,20251021_121107
1761041420.1411383,3704289,948297984,948.297984,246,198,170,2,20251021_121107
1761041420.1511223,3704328,948307968,948.307968,249,199,169,2,20251021_121107
1761041420.1611063,3704367,948317952,948.317952,251,199,170,2,20251021_121107
1761041420.1713464,3704407,948328192,948.328192,253,199,168,2,20251021_121107
1761041420.1813304,3704446,948338176,948.338176,0,199,168,2,20251021_121107
1761041420.1913145,3704485,948348160,948.34816,2,199,168,2,20251021_121107
1761041420.2012985,3704524,948358144,948.358144,4,199,169,2,20251021_121107
1761041420.2112825,3704563,948368128,948.368128,6,199,169,2,20251021_121107
1761041420.2212665,3704602,948378112,948.378112,8,199,169,2,20251021_121107
1761041420.2312503,3704641,948388096,948.388096,10,199,169,2,20251021_121107
1761041420.2412343,3704680,948398080,948.39808,11,199,169,2,20251021_121107
1761041420.2512183,3704719,948408064,948.408064,13,199,169,2,20251021_121107
1761041420.2612023,3704758,948418048,948.418048,15,199,169,2,20251021_121107
1761041420.2711864,3704797,948428032,948.428032,17,199,169,2,20251021_121107
1761041420.2811704,3704836,948438016,948.438016,19,199,169,2,20251021_121107
1761041420.2911544,3704875,948448000,948.448,20,199,169,2,20251021_121107
1761041420.3011384,3704914,948457984,948.457984,22,199,171,2,20251021_121107
1761041420.3111224,3704953,948467968,948.467968,24,199,169,2,20251021_121107
1761041420.3213625,3704993,948478208,948.478208,25,199,169,2,20251021_121107
1761041420.3313465,3705032,948488192,948.488192,27,199,170,2,20251021_121107
1761041420.3413303,3705071,948498176,948.498176,28,199,169,2,20251021_121107
1761041420.3513143,3705110,948508160,948.50816,30,199,169,2,20251021_121107
1761041420.3612983,3705149,948518144,948.518144,32,199,169,2,20251021_121107
1761041420.3712823,3705188,948528128,948.528128,33,199,169,2,20251021_121107
1761041420.3812664,3705227,948538112,948.538112,35,199,169,2,20251021_121107
1761041420.3912504,3705266,948548096,948.548096,36,199,169,2,20251021_121107
1761041420.4012344,3705305,948558080,948.55808,38,199,169,2,20251021_121107
1761041420.4112184,3705344,948568064,948.568064,39,199,168,2,20251021_121107
1761041420.4212024,3705383,948578048,948.578048,41,199,169,2,20251021_121107
1761041420.4311864,3705422,948588032,948.588032,42,199,169,2,20251021_121107
1761041420.4411705,3705461,948598016,948.598016,44,199,168,2,20251021_121107
1761041420.4511545,3705500,948608000,948.608,45,199,168,2,20251021_121107
1761041420.4611385,3705539,948617984,948.617984,47,199,168,2,20251021_121107
1761041420.4713783,3705579,948628224,948.628224,48,199,169,2,20251021_121107
1761041420.4813623,3705618,948638208,948.638208,50,199,168,2,20251021_121107
1761041420.4913464,3705657,948648192,948.648192,51,199,168,2,20251021_121107
1761041420.5013304,3705696,948658176,948.658176,53,199,168,2,20251021_121107
1761041420.5113144,3705735,948668160,948.66816,54,199,167,2,20251021_121107
1761041420.5212984,3705774,948678144,948.678144,56,199,167,2,20251021_121107
1761041420.5312824,3705813,948688128,948.688128,57,199,167,2,20251021_121107
1761041420.5412664,3705852,948698112,948.698112,59,199,167,2,20251021_121107
1761041420.5512505,3705891,948708096,948.708096,61,199,167,2,20251021_121107
1761041420.5612345,3705930,948718080,948.71808,62,199,166,2,20251021_121107
1761041420.5712185,3705969,948728064,948.728064,64,199,166,2,20251021_121107
1761041420.5812025,3706008,948738048,948.738048,65,199,165,2,20251021_121107
1761041420.5911863,3706047,948748032,948.748032,67,199,164,2,20251021_121107
1761041420.6011703,3706086,948758016,948.758016,69,199,162,2,20251021_121107
1761041420.6114104,3706126,948768256,948.768256,71,199,161,2,20251021_121107
1761041420.6213944,3706165,948778240,948.77824,73,199,159,2,20251021_121107
1761041420.6313784,3706204,948788224,948.788224,75,199,157,2,20251021_121107
1761041420.6413624,3706243,948798208,948.798208,77,200,155,2,20251021_121107
1761041420.6513464,3706282,948808192,948.808192,79,199,152,2,20251021_121107
1761041420.6613305,3706321,948818176,948.818176,81,199,150,2,20251021_121107
1761041420.6713145,3706360,948828160,948.82816,83,199,149,2,20251021_121107
1761041420.6812985,3706399,948838144,948.838144,86,199,144,2,20251021_121107
1761041420.6912825,3706438,948848128,948.848128,88,199,142,2,20251021_121107
1761041420.7012663,3706477,948858112,948.858112,90,199,140,2,20251021_121107
1761041420.7112503,3706516,948868096,948.868096,93,199,138,2,20251021_121107
1761041420.7212343,3706555,948878080,948.87808,95,199,135,2,20251021_121107
1761041420.7312183,3706594,948888064,948.888064,98,198,133,2,20251021_121107
1761041420.7412024,3706633,948898048,948.898048,101,199,131,2,20251021_121107
1761041420.7511864,3706672,948908032,948.908032,103,199,129,2,20251021_121107
1761041420.7614264,3706712,948918272,948.918272,106,198,128,2,20251021_121107
1761041420.7714105,3706751,948928256,948.928256,108,198,127,2,20251021_121107
1761041420.7813945,3706790,948938240,948.93824,110,199,127,2,20251021_121107
1761041420.7913785,3706829,948948224,948.948224,113,199,127,2,20251021_121107
1761041420.8013625,3706868,948958208,948.958208,115,198,127,2,20251021_121107
1761041420.8113463,3706907,948968192,948.968192,117,198,126,2,20251021_121107
1761041420.8213303,3706946,948978176,948.978176,119,199,127,2,20251021_121107
1761041420.8313143,3706985,948988160,948.98816,122,198,127,2,20251021_121107
1761041420.8412983,3707024,948998144,948.998144,124,198,127,2,20251021_121107
1761041420.8512824,3707063,949008128,949.008128,126,198,127,2,20251021_121107
1761041420.8612664,3707102,949018112,949.018112,128,199,127,2,20251021_121107
1761041420.8712504,3707141,949028096,949.028096,130,198,127,2,20251021_121107
1761041420.8812344,3707180,949038080,949.03808,132,198,127,2,20251021_121107
1761041420.8912184,3707219,949048064,949.048064,134,199,128,2,20251021_121107
1761041420.9014585,3707259,949058304,949.058304,136,198,130,2,20251021_121107
1761041420.9114425,3707298,949068288,949.068288,138,199,130,2,20251021_121107
1761041420.9214263,3707337,949078272,949.078272,140,198,132,2,20251021_121107
1761041420.9314103,3707376,949088256,949.088256,141,198,132,2,20251021_121107
1761041420.9413943,3707415,949098240,949.09824,143,199,134,2,20251021_121107
1761041420.9513783,3707454,949108224,949.108224,145,198,136,2,20251021_121107
1761041420.9613624,3707493,949118208,949.118208,147,199,138,2,20251021_121107
1761041420.9713464,3707532,949128192,949.128192,149,199,141,2,20251021_121107
1761041420.9813304,3707571,949138176,949.138176,152,199,145,2,20251021_121107
1761041420.9913144,3707610,949148160,949.14816,154,199,148,2,20251021_121107
1761041421.0012984,3707649,949158144,949.158144,156,199,152,2,20251021_121107
1761041421.0112824,3707688,949168128,949.168128,159,199,157,2,20251021_121107
1761041421.0212665,3707727,949178112,949.178112,161,199,159,2,20251021_121107
1761041421.0312505,3707766,949188096,949.188096,164,199,162,2,20251021_121107
1761041421.0412345,3707805,949198080,949.19808,167,199,163,2,20251021_121107
1761041421.0514743,3707845,949208320,949.20832,170,199,165,2,20251021_121107
1761041421.0614583,3707884,949218304,949.218304,173,199,166,2,20251021_121107
1761041421.0714424,3707923,949228288,949.228288,176,199,166,2,20251021_121107
1761041421.0814264,3707962,949238272,949.238272,179,199,166,2,20251021_121107
1761041421.0914104,3708001,949248256,949.248256,182,199,166,2,20251021_121107
1761041421.1013944,3708040,949258240,949.25824,185,199,167,2,20251021_121107
1761041421.1113784,3708079,949268224,949.268224,188,199,167,2,20251021_121107
1761041421.1213624,3708118,949278208,949.278208,191,199,167,2,20251021_121107
1761041421.1313465,3708157,949288192,949.288192,194,199,167,2,20251021_121107
1761041421.1413305,3708196,949298176,949.298176,197,199,167,2,20251021_121107
1761041421.1513145,3708235,949308160,949.30816,200,199,168,2,20251021_121107
1761041421.1612985,3708274,949318144,949.318144,203,199,168,2,20251021_121107
1761041421.1712823,3708313,949328128,949.328128,206,199,168,2,20251021_121107
1761041421.1812663,3708352,949338112,949.338112,209,199,168,2,20251021_121107
1761041421.1915064,3708392,949348352,949.348352,211,199,168,2,20251021_121107
1761041421.2014904,3708431,949358336,949.358336,214,199,168,2,20251021_121107
1761041421.2114744,3708470,949368320,949.36832,217,199,168,2,20251021_121107
1761041421.2214584,3708509,949378304,949.378304,220,199,168,2,20251021_121107
1761041421.2314425,3708548,949388288,949.388288,222,199,168,2,20251021_121107
1761041421.2414265,3708587,949398272,949.398272,225,199,168,2,20251021_121107
1761041421.2514105,3708626,949408256,949.408256,228,200,167,2,20251021_121107
1761041421.2613945,3708665,949418240,949.41824,230,199,168,2,20251021_121107
1761041421.2713785,3708704,949428224,949.428224,233,199,168,2,20251021_121107
1761041421.2813623,3708743,949438208,949.438208,235,199,168,2,20251021_121107
1761041421.2913463,3708782,949448192,949.448192,237,199,168,2,20251021_121107
1761041421.3013303,3708821,949458176,949.458176,240,199,168,2,20251021_121107
1761041421.3113143,3708860,949468160,949.46816,242,199,168,2,20251021_121107
1761041421.3212984,3708899,949478144,949.478144,244,199,168,2,20251021_121107
1761041421.3312824,3708938,949488128,949.488128,247,200,169,2,20251021_121107
1761041421.3415225,3708978,949498368,949.498368,249,199,168,2,20251021_121107
1761041421.3515065,3709017,949508352,949.508352,251,199,168,2,20251021_121107
1761041421.3614905,3709056,949518336,949.518336,253,200,169,2,20251021_121107
1761041421.3714745,3709095,949528320,949.52832,0,199,168,2,20251021_121107
1761041421.3814583,3709134,949538304,949.538304,2,200,168,2,20251021_121107
1761041421.3914423,3709173,949548288,949.548288,4,199,168,2,20251021_121107
1761041421.4014263,3709212,949558272,949.558272,6,199,168,2,20251021_121107
1761041421.4114103,3709251,949568256,949.568256,8,199,169,2,20251021_121107
1761041421.4213943,3709290,949578240,949.57824,10,199,168,2,20251021_121107
1761041421.4313784,3709329,949588224,949.588224,12,200,168,2,20251021_121107
1761041421.4413624,3709368,949598208,949.598208,13,199,168,2,20251021_121107
1761041421.4513464,3709407,949608192,949.608192,15,199,168,2,20251021_121107
1761041421.4613304,3709446,949618176,949.618176,17,199,168,2,20251021_121107
1761041421.4713144,3709485,949628160,949.62816,19,199,168,2,20251021_121107
1761041421.4815545,3709525,949638400,949.6384,21,199,167,2,20251021_121107
1761041421.4915383,3709564,949648384,949.648384,22,200,166,2,20251021_121107
1761041421.5015223,3709603,949658368,949.658368,24,199,165,2,20251021_121107
1761041421.5115063,3709642,949668352,949.668352,26,199,164,2,20251021_121107
1761041421.5214903,3709681,949678336,949.678336,28,200,161,2,20251021_121107
1761041421.5314744,3709720,949688320,949.68832,30,199,157,2,20251021_121107
1761041421.5414584,3709759,949698304,949.698304,32,199,154,2,20251021_121107
1761041421.5514424,3709798,949708288,949.708288,34,199,150,2,20251021_121107
1761041421.5614264,3709837,949718272,949.718272,36,199,148,2,20251021_121107
1761041421.5714104,3709876,949728256,949.728256,38,199,144,2,20251021_121107
1761041421.5813944,3709915,949738240,949.73824,41,199,141,2,20251021_121107
1761041421.5913785,3709954,949748224,949.748224,44,199,139,2,20251021_121107
1761041421.6013625,3709993,949758208,949.758208,46,199,136,2,20251021_121107
1761041421.6113465,3710032,949768192,949.768192,49,199,133,2,20251021_121107
1761041421.6215863,3710072,949778432,949.778432,52,199,130,2,20251021_121107
1761041421.6315703,3710111,949788416,949.788416,55,199,128,2,20251021_121107
1761041421.6415544,3710150,949798400,949.7984,58,199,127,2,20251021_121107
1761041421.6515384,3710189,949808384,949.808384,62,199,125,2,20251021_121107
1761041421.6615224,3710228,949818368,949.818368,65,199,125,2,20251021_121107
1761041421.6715064,3710267,949828352,949.828352,68,199,125,2,20251021_121107
1761041421.6814904,3710306,949838336,949.838336,71,199,125,2,20251021_121107
1761041421.6914744,3710345,949848320,949.84832,74,199,125,2,20251021_121107
1761041421.7014585,3710384,949858304,949.858304,77,199,125,2,20251021_121107
1761041421.7114425,3710423,949868288,949.868288,80,198,125,2,20251021_121107
1761041421.7214265,3710462,949878272,949.878272,82,200,125,2,20251021_121107
1761041421.7314105,3710501,949888256,949.888256,85,198,125,2,20251021_121107
1761041421.7413943,3710540,949898240,949.89824,88,198,124,2,20251021_121107
1761041421.7513783,3710579,949908224,949.908224,91,198,125,2,20251021_121107
1761041421.7613623,3710618,949918208,949.918208,94,198,125,2,20251021_121107
1761041421.7716024,3710658,949928448,949.928448,96,198,125,2,20251021_121107
1761041421.7815864,3710697,949938432,949.938432,99,198,126,2,20251021_121107
1761041421.7915704,3710736,949948416,949.948416,101,199,126,2,20251021_121107
1761041421.8015544,3710775,949958400,949.9584,104,198,126,2,20251021_121107
1761041421.8115385,3710814,949968384,949.968384,106,198,125,2,20251021_121107
1761041421.8215225,3710853,949978368,949.978368,109,198,127,2,20251021_121107
1761041421.8315065,3710892,949988352,949.988352,111,198,127,2,20251021_121107
1761041421.8414905,3710931,949998336,949.998336,114,198,127,2,20251021_121107
1761041421.8514743,3710970,950008320,950.00832,116,198,127,2,20251021_121107
1761041421.8614583,3711009,950018304,950.018304,118,198,127,2,20251021_121107
1761041421.8714423,3711048,950028288,950.028288,120,199,129,2,20251021_121107
1761041421.8814263,3711087,950038272,950.038272,122,199,131,2,20251021_121107
1761041421.8914104,3711126,950048256,950.048256,125,199,133,2,20251021_121107
1761041421.9013944,3711165,950058240,950.05824,127,199,136,2,20251021_121107
1761041421.9116344,3711205,950068480,950.06848,129,199,140,2,20251021_121107
1761041421.9216185,3711244,950078464,950.078464,131,199,144,2,20251021_121107
1761041421.9316025,3711283,950088448,950.088448,133,199,148,2,20251021_121107
1761041421.9415865,3711322,950098432,950.098432,136,199,156,2,20251021_121107
1761041421.9515705,3711361,950108416,950.108416,138,199,160,2,20251021_121107
1761041421.9615543,3711400,950118400,950.1184,141,199,160,2,20251021_121107
1761041421.9715383,3711439,950128384,950.128384,144,199,162,2,20251021_121107
1761041421.9815223,3711478,950138368,950.138368,146,199,164,2,20251021_121107
1761041421.9915063,3711517,950148352,950.148352,149,199,164,2,20251021_121107
1761041422.0014904,3711556,950158336,950.158336,152,199,165,2,20251021_121107
1761041422.0114744,3711595,950168320,950.16832,155,199,166,2,20251021_121107
1761041422.0214584,3711634,950178304,950.178304,158,199,166,2,20251021_121107
1761041422.0314424,3711673,950188288,950.188288,160,199,166,2,20251021_121107
1761041422.0414264,3711712,950198272,950.198272,163,199,166,2,20251021_121107
1761041422.0514104,3711751,950208256,950.208256,166,199,166,2,20251021_121107
1761041422.0616505,3711791,950218496,950.218496,169,199,167,2,20251021_121107
1761041422.0716343,3711830,950228480,950.22848,172,199,167,2,20251021_121107
1761041422.0816183,3711869,950238464,950.238464,175,199,168,2,20251021_121107
1761041422.0916023,3711908,950248448,950.248448,179,199,167,2,20251021_121107
1761041422.1015863,3711947,950258432,950.258432,182,199,167,2,20251021_121107
1761041422.1115704,3711986,950268416,950.268416,185,199,167,2,20251021_121107
1761041422.1215544,3712025,950278400,950.2784,188,199,167,2,20251021_121107
1761041422.1315384,3712064,950288384,950.288384,191,199,168,2,20251021_121107
1761041422.1415224,3712103,950298368,950.298368,194,199,168,2,20251021_121107
1761041422.1515064,3712142,950308352,950.308352,197,199,168,2,20251021_121107
1761041422.1614904,3712181,950318336,950.318336,200,199,168,2,20251021_121107
1761041422.1714745,3712220,950328320,950.32832,203,200,168,2,20251021_121107
1761041422.1814585,3712259,950338304,950.338304,206,199,168,2,20251021_121107
1761041422.1914425,3712298,950348288,950.348288,208,199,168,2,20251021_121107
1761041422.2016823,3712338,950358528,950.358528,211,199,168,2,20251021_121107
1761041422.2116663,3712377,950368512,950.368512,214,199,168,2,20251021_121107
1761041422.2216504,3712416,950378496,950.378496,217,199,167,2,20251021_121107
1761041422.2316344,3712455,950388480,950.38848,220,199,168,2,20251021_121107
1761041422.2416184,3712494,950398464,950.398464,222,199,168,2,20251021_121107
1761041422.2516024,3712533,950408448,950.408448,225,200,168,2,20251021_121107
1761041422.2615864,3712572,950418432,950.418432,228,200,169,2,20251021_121107
1761041422.2715704,3712611,950428416,950.428416,230,199,168,2,20251021_121107
1761041422.2815545,3712650,950438400,950.4384,233,199,168,2,20251021_121107
1761041422.2915385,3712689,950448384,950.448384,235,199,168,2,20251021_121107
1761041422.3015225,3712728,950458368,950.458368,237,199,169,2,20251021_121107
1761041422.3115065,3712767,950468352,950.468352,240,199,168,2,20251021_121107
1761041422.3214903,3712806,950478336,950.478336,242,199,168,2,20251021_121107
1761041422.3314743,3712845,950488320,950.48832,244,199,168,2,20251021_121107
1761041422.3414583,3712884,950498304,950.498304,247,198,169,2,20251021_121107
1761041422.3516984,3712924,950508544,950.508544,249,199,168,2,20251021_121107
1761041422.3616824,3712963,950518528,950.518528,251,199,169,2,20251021_121107
1761041422.3716664,3713002,950528512,950.528512,253,199,168,2,20251021_121107
1761041422.3816504,3713041,950538496,950.538496,0,199,168,2,20251021_121107
1761041422.3916345,3713080,950548480,950.54848,2,199,168,2,20251021_121107
1761041422.4016185,3713119,950558464,950.558464,4,199,168,2,20251021_121107
1761041422.4116025,3713158,950568448,950.568448,6,199,168,2,20251021_121107
1761041422.4215865,3713197,950578432,950.578432,8,199,168,2,20251021_121107
1761041422.4315703,3713236,950588416,950.588416,10,199,168,2,20251021_121107
1761041422.4415543,3713275,950598400,950.5984,12,199,168,2,20251021_121107
1761041422.4515383,3713314,950608384,950.608384,13,199,170,2,20251021_121107
1761041422.4615223,3713353,950618368,950.618368,15,199,167,2,20251021_121107
1761041422.4715064,3713392,950628352,950.628352,17,199,167,2,20251021_121107
1761041422.4814904,3713431,950638336,950.638336,19,199,166,2,20251021_121107
1761041422.4917305,3713471,950648576,950.648576,21,199,165,2,20251021_121107
1761041422.5017145,3713510,950658560,950.65856,22,199,164,2,20251021_121107
1761041422.5116985,3713549,950668544,950.668544,24,199,162,2,20251021_121107
1761041422.5216825,3713588,950678528,950.678528,26,199,159,2,20251021_121107
1761041422.5316665,3713627,950688512,950.688512,28,199,160,2,20251021_121107
1761041422.5416503,3713666,950698496,950.698496,30,199,156,2,20251021_121107
1761041422.5516343,3713705,950708480,950.70848,32,199,154,2,20251021_121107
1761041422.5616183,3713744,950718464,950.718464,34,199,152,2,20251021_121107
1761041422.5716023,3713783,950728448,950.728448,36,199,152,2,20251021_121107
1761041422.5815864,3713822,950738432,950.738432,39,199,150,2,20251021_121107
1761041422.5915704,3713861,950748416,950.748416,41,199,148,2,20251021_121107
1761041422.6015544,3713900,950758400,950.7584,43,199,147,2,20251021_121107
1761041422.6115384,3713939,950768384,950.768384,45,199,145,2,20251021_121107
1761041422.6215224,3713978,950778368,950.778368,48,199,142,2,20251021_121107
1761041422.6315064,3714017,950788352,950.788352,50,199,141,2,20251021_121107
1761041422.6417463,3714057,950798592,950.798592,53,199,141,2,20251021_121107
1761041422.6517303,3714096,950808576,950.808576,56,199,139,2,20251021_121107
1761041422.6617143,3714135,950818560,950.81856,58,199,137,2,20251021_121107
1761041422.6716983,3714174,950828544,950.828544,61,199,136,2,20251021_121107
1761041422.6816823,3714213,950838528,950.838528,64,199,135,2,20251021_121107
1761041422.6916664,3714252,950848512,950.848512,67,199,134,2,20251021_121107
1761041422.7016504,3714291,950858496,950.858496,69,199,132,2,20251021_121107
1761041422.7116344,3714330,950868480,950.86848,72,199,130,2,20251021_121107
1761041422.7216184,3714369,950878464,950.878464,75,199,128,2,20251021_121107
1761041422.7316024,3714408,950888448,950.888448,78,199,127,2,20251021_121107
1761041422.7415864,3714447,950898432,950.898432,81,199,127,2,20251021_121107
1761041422.7515705,3714486,950908416,950.908416,84,199,127,2,20251021_121107
1761041422.7615545,3714525,950918400,950.9184,87,199,125,2,20251021_121107
1761041422.7715385,3714564,950928384,950.928384,89,199,124,2,20251021_121107
1761041422.7817783,3714604,950938624,950.938624,92,199,124,2,20251021_121107
1761041422.7917624,3714643,950948608,950.948608,95,199,124,2,20251021_121107
1761041422.8017464,3714682,950958592,950.958592,98,199,124,2,20251021_121107
1761041422.8117304,3714721,950968576,950.968576,100,199,124,2,20251021_121107
1761041422.8217144,3714760,950978560,950.97856,103,199,125,2,20251021_121107
1761041422.8316984,3714799,950988544,950.988544,105,198,124,2,20251021_121107
1761041422.8416824,3714838,950998528,950.998528,108,199,125,2,20251021_121107
1761041422.8516665,3714877,951008512,951.008512,110,199,126,2,20251021_121107
1761041422.8616505,3714916,951018496,951.018496,112,198,127,2,20251021_121107
1761041422.8716345,3714955,951028480,951.02848,115,199,127,2,20251021_121107
1761041422.8816185,3714994,951038464,951.038464,117,198,127,2,20251021_121107
1761041422.8918583,3715034,951048704,951.048704,119,199,127,2,20251021_121107
1761041422.9018424,3715073,951058688,951.058688,121,199,128,2,20251021_121107
1761041422.9118264,3715112,951068672,951.068672,124,199,129,2,20251021_121107
1761041422.9218104,3715151,951078656,951.078656,126,199,129,2,20251021_121107
1761041422.9317944,3715190,951088640,951.08864,128,199,131,2,20251021_121107
1761041422.9417784,3715229,951098624,951.098624,130,199,133,2,20251021_121107
1761041422.9517624,3715268,951108608,951.108608,132,199,135,2,20251021_121107
1761041422.9617465,3715307,951118592,951.118592,134,199,139,2,20251021_121107
1761041422.9717305,3715346,951128576,951.128576,136,198,140,2,20251021_121107
1761041422.9819703,3715386,951138816,951.138816,138,199,143,2,20251021_121107
1761041422.9919543,3715425,951148800,951.1488,141,199,147,2,20251021_121107
1761041423.0019383,3715464,951158784,951.158784,143,199,151,2,20251021_121107
1761041423.0119224,3715503,951168768,951.168768,146,199,152,2,20251021_121107
1761041423.0219064,3715542,951178752,951.178752,148,199,156,2,20251021_121107
1761041423.0318904,3715581,951188736,951.188736,151,199,158,2,20251021_121107
1761041423.0418744,3715620,951198720,951.19872,153,199,160,2,20251021_121107
1761041423.0518584,3715659,951208704,951.208704,156,199,161,2,20251021_121107
1761041423.0618424,3715698,951218688,951.218688,159,199,162,2,20251021_121107
1761041423.0718265,3715737,951228672,951.228672,162,199,163,2,20251021_121107
1761041423.0818105,3715776,951238656,951.238656,165,199,164,2,20251021_121107
1761041423.0917945,3715815,951248640,951.24864,167,201,166,2,20251021_121107
1761041423.1017785,3715854,951258624,951.258624,170,199,166,2,20251021_121107
1761041423.1117623,3715893,951268608,951.268608,173,199,166,2,20251021_121107
1761041423.1217463,3715932,951278592,951.278592,176,199,166,2,20251021_121107
1761041423.1319864,3715972,951288832,951.288832,180,199,166,2,20251021_121107
1761041423.1419704,3716011,951298816,951.298816,183,199,166,2,20251021_121107
1761041423.1519544,3716050,951308800,951.3088,186,199,166,2,20251021_121107
1761041423.1619384,3716089,951318784,951.318784,189,199,166,2,20251021_121107
1761041423.1719224,3716128,951328768,951.328768,192,199,166,2,20251021_121107
1761041423.1819065,3716167,951338752,951.338752,195,199,167,2,20251021_121107
1761041423.1918905,3716206,951348736,951.348736,198,199,167,2,20251021_121107
1761041423.2018745,3716245,951358720,951.35872,200,199,167,2,20251021_121107
1761041423.2118585,3716284,951368704,951.368704,203,199,167,2,20251021_121107
1761041423.2218423,3716323,951378688,951.378688,206,199,167,2,20251021_121107
1761041423.2318263,3716362,951388672,951.388672,209,199,167,2,20251021_121107
1761041423.2418103,3716401,951398656,951.398656,212,199,168,2,20251021_121107
1761041423.2517943,3716440,951408640,951.40864,215,199,168,2,20251021_121107
1761041423.2617784,3716479,951418624,951.418624,218,199,168,2,20251021_121107
1761041423.2720184,3716519,951428864,951.428864,220,199,168,2,20251021_121107
1761041423.2820024,3716558,951438848,951.438848,223,199,168,2,20251021_121107
1761041423.2919865,3716597,951448832,951.448832,226,199,168,2,20251021_121107
1761041423.3019705,3716636,951458816,951.458816,228,199,168,2,20251021_121107
1761041423.3119545,3716675,951468800,951.4688,231,199,168,2,20251021_121107
1761041423.3219385,3716714,951478784,951.478784,233,199,168,2,20251021_121107
1761041423.3319223,3716753,951488768,951.488768,236,199,168,2,20251021_121107
1761041423.3419063,3716792,951498752,951.498752,238,200,168,2,20251021_121107
1761041423.3518903,3716831,951508736,951.508736,240,199,168,2,20251021_121107
1761041423.3618743,3716870,951518720,951.51872,243,199,168,2,20251021_121107
1761041423.3718584,3716909,951528704,951.528704,245,199,168,2,20251021_121107
1761041423.3818424,3716948,951538688,951.538688,247,199,169,2,20251021_121107
1761041423.3918264,3716987,951548672,951.548672,249,199,168,2,20251021_121107
1761041423.4018104,3717026,951558656,951.558656,251,199,168,2,20251021_121107
1761041423.4117944,3717065,951568640,951.56864,254,199,169,2,20251021_121107
1761041423.4220345,3717105,951578880,951.57888,1,200,169,2,20251021_121107
1761041423.4320185,3717144,951588864,951.588864,3,199,168,2,20251021_121107
1761041423.4420023,3717183,951598848,951.598848,5,199,168,2,20251021_121107
1761041423.4519863,3717222,951608832,951.608832,6,200,168,2,20251021_121107
1761041423.4619703,3717261,951618816,951.618816,8,200,168,2,20251021_121107
1761041423.4719543,3717300,951628800,951.6288,10,200,168,2,20251021_121107
1761041423.4819384,3717339,951638784,951.638784,12,199,170,2,20251021_121107
1761041423.4919224,3717378,951648768,951.648768,14,199,168,2,20251021_121107
1761041423.5019064,3717417,951658752,951.658752,16,200,168,2,20251021_121107
1761041423.5118904,3717456,951668736,951.668736,17,200,168,2,20251021_121107
1761041423.5218744,3717495,951678720,951.67872,19,199,169,2,20251021_121107
1761041423.5318584,3717534,951688704,951.688704,21,199,169,2,20251021_121107
1761041423.5418425,3717573,951698688,951.698688,22,199,168,2,20251021_121107
1761041423.5518265,3717612,951708672,951.708672,24,200,168,2,20251021_121107
1761041423.5620663,3717652,951718912,951.718912,26,200,169,2,20251021_121107
1761041423.5720503,3717691,951728896,951.728896,27,199,168,2,20251021_121107
1761041423.5820343,3717730,951738880,951.73888,29,200,168,2,20251021_121107
1761041423.5920184,3717769,951748864,951.748864,31,200,168,2,20251021_121107
1761041423.6020024,3717808,951758848,951.758848,32,199,168,2,20251021_121107
1761041423.6119864,3717847,951768832,951.768832,34,199,168,2,20251021_121107
1761041423.6219704,3717886,951778816,951.778816,35,200,168,2,20251021_121107
1761041423.6319544,3717925,951788800,951.7888,37,200,168,2,20251021_121107
1761041423.6419384,3717964,951798784,951.798784,38,199,168,2,20251021_121107
1761041423.6519225,3718003,951808768,951.808768,40,200,168,2,20251021_121107
1761041423.6619065,3718042,951818752,951.818752,41,199,168,2,20251021_121107
1761041423.6718905,3718081,951828736,951.828736,43,200,168,2,20251021_121107
1761041423.6818745,3718120,951838720,951.83872,44,199,168,2,20251021_121107
1761041423.6918583,3718159,951848704,951.848704,46,200,168,2,20251021_121107
1761041423.7018423,3718198,951858688,951.858688,48,200,167,2,20251021_121107
1761041423.7120824,3718238,951868928,951.868928,49,200,167,2,20251021_121107
1761041423.7220664,3718277,951878912,951.878912,51,199,166,2,20251021_121107
1761041423.7320504,3718316,951888896,951.888896,52,199,166,2,20251021_121107
1761041423.7420344,3718355,951898880,951.89888,54,199,164,2,20251021_121107
1761041423.7520185,3718394,951908864,951.908864,55,200,164,2,20251021_121107
1761041423.7620025,3718433,951918848,951.918848,57,200,162,2,20251021_121107
1761041423.7719865,3718472,951928832,951.928832,59,199,161,2,20251021_121107
1761041423.7819705,3718511,951938816,951.938816,61,200,159,2,20251021_121107
1761041423.7919545,3718550,951948800,951.9488,63,200,156,2,20251021_121107
1761041423.8019383,3718589,951958784,951.958784,65,200,153,2,20251021_121107
1761041423.8119223,3718628,951968768,951.968768,67,199,150,2,20251021_121107
1761041423.8219063,3718667,951978752,951.978752,69,199,147,2,20251021_121107
1761041423.8318903,3718706,951988736,951.988736,72,199,145,2,20251021_121107
1761041423.8418744,3718745,951998720,951.99872,74,200,140,2,20251021_121107
1761041423.8521144,3718785,952008960,952.00896,77,200,137,2,20251021_121107
1761041423.8620985,3718824,952018944,952.018944,79,199,133,2,20251021_121107
1761041423.8720825,3718863,952028928,952.028928,82,199,131,2,20251021_121107
1761041423.8820665,3718902,952038912,952.038912,85,199,128,2,20251021_121107
1761041423.8920505,3718941,952048896,952.048896,88,199,127,2,20251021_121107
1761041423.9020343,3718980,952058880,952.05888,91,199,127,2,20251021_121107
1761041423.9120183,3719019,952068864,952.068864,93,199,125,2,20251021_121107
1761041423.9220023,3719058,952078848,952.078848,96,199,124,2,20251021_121107
1761041423.9319863,3719097,952088832,952.088832,99,199,124,2,20251021_121107
1761041423.9419703,3719136,952098816,952.098816,101,199,124,2,20251021_121107
1761041423.9519544,3719175,952108800,952.1088,104,199,125,2,20251021_121107
1761041423.9619384,3719214,952118784,952.118784,106,199,126,2,20251021_121107
1761041423.9719224,3719253,952128768,952.128768,109,199,127,2,20251021_121107
1761041423.9819064,3719292,952138752,952.138752,111,199,127,2,20251021_121107
1761041423.9921465,3719332,952148992,952.148992,113,199,127,2,20251021_121107
1761041424.0021305,3719371,952158976,952.158976,116,199,127,2,20251021_121107
1761041424.0121143,3719410,952168960,952.16896,118,199,127,2,20251021_121107
1761041424.0220983,3719449,952178944,952.178944,120,199,127,2,20251021_121107
1761041424.0320823,3719488,952188928,952.188928,122,199,127,2,20251021_121107
1761041424.0420663,3719527,952198912,952.198912,124,199,128,2,20251021_121107
1761041424.0520504,3719566,952208896,952.208896,127,199,129,2,20251021_121107
1761041424.0620344,3719605,952218880,952.21888,129,199,129,2,20251021_121107
1761041424.0720184,3719644,952228864,952.228864,131,199,130,2,20251021_121107
1761041424.0820024,3719683,952238848,952.238848,133,199,132,2,20251021_121107
1761041424.0919864,3719722,952248832,952.248832,135,199,134,2,20251021_121107
1761041424.1019704,3719761,952258816,952.258816,137,199,134,2,20251021_121107
1761041424.1119545,3719800,952268800,952.2688,139,199,139,2,20251021_121107
1761041424.1219385,3719839,952278784,952.278784,141,199,141,2,20251021_121107
1761041424.1319225,3719878,952288768,952.288768,143,199,144,2,20251021_121107
1761041424.1421623,3719918,952299008,952.299008,145,199,148,2,20251021_121107
1761041424.1521463,3719957,952308992,952.308992,148,200,151,2,20251021_121107
1761041424.1621304,3719996,952318976,952.318976,150,199,156,2,20251021_121107
1761041424.1721144,3720035,952328960,952.32896,153,199,160,2,20251021_121107
1761041424.1820984,3720074,952338944,952.338944,155,199,160,2,20251021_121107
1761041424.1920824,3720113,952348928,952.348928,158,199,162,2,20251021_121107
1761041424.2020664,3720152,952358912,952.358912,161,199,162,2,20251021_121107
1761041424.2120504,3720191,952368896,952.368896,164,199,165,2,20251021_121107
1761041424.2220345,3720230,952378880,952.37888,167,199,166,2,20251021_121107
1761041424.2320185,3720269,952388864,952.388864,170,199,168,2,20251021_121107
1761041424.2420025,3720308,952398848,952.398848,173,200,166,2,20251021_121107
1761041424.2519865,3720347,952408832,952.408832,176,199,166,2,20251021_121107
1761041424.2619703,3720386,952418816,952.418816,179,199,167,2,20251021_121107
1761041424.2719543,3720425,952428800,952.4288,182,199,168,2,20251021_121107
1761041424.2821944,3720465,952439040,952.43904,185,199,167,2,20251021_121107
1761041424.2921784,3720504,952449024,952.449024,188,199,167,2,20251021_121107
1761041424.3021624,3720543,952459008,952.459008,191,199,167,2,20251021_121107
1761041424.3121464,3720582,952468992,952.468992,194,199,167,2,20251021_121107
1761041424.3221304,3720621,952478976,952.478976,197,199,168,2,20251021_121107
1761041424.3321145,3720660,952488960,952.48896,200,200,167,2,20251021_121107
1761041424.3420985,3720699,952498944,952.498944,203,199,168,2,20251021_121107
1761041424.3520825,3720738,952508928,952.508928,206,199,168,2,20251021_121107
1761041424.3620665,3720777,952518912,952.518912,209,199,168,2,20251021_121107
1761041424.3720503,3720816,952528896,952.528896,212,199,168,2,20251021_121107
1761041424.3820343,3720855,952538880,952.53888,215,199,168,2,20251021_121107
1761041424.3920183,3720894,952548864,952.548864,217,200,168,2,20251021_121107
1761041424.4020023,3720933,952558848,952.558848,220,200,167,2,20251021_121107
1761041424.4119864,3720972,952568832,952.568832,223,199,168,2,20251021_121107
1761041424.4222264,3721012,952579072,952.579072,225,200,168,2,20251021_121107
1761041424.4322104,3721051,952589056,952.589056,228,200,168,2,20251021_121107
1761041424.4421945,3721090,952599040,952.59904,230,200,168,2,20251021_121107
1761041424.4521785,3721129,952609024,952.609024,233,200,168,2,20251021_121107
1761041424.4621625,3721168,952619008,952.619008,235,200,168,2,20251021_121107
1761041424.4721465,3721207,952628992,952.628992,238,199,168,2,20251021_121107
1761041424.4821303,3721246,952638976,952.638976,240,200,168,2,20251021_121107
1761041424.4921143,3721285,952648960,952.64896,242,200,168,2,20251021_121107
1761041424.5020983,3721324,952658944,952.658944,245,200,168,2,20251021_121107
1761041424.5120823,3721363,952668928,952.668928,247,200,169,2,20251021_121107
1761041424.5220664,3721402,952678912,952.678912,249,200,168,2,20251021_121107
1761041424.5320504,3721441,952688896,952.688896,251,200,168,2,20251021_121107
1761041424.5420344,3721480,952698880,952.69888,253,200,169,2,20251021_121107
1761041424.5520184,3721519,952708864,952.708864,0,200,168,2,20251021_121107
1761041424.5620024,3721558,952718848,952.718848,2,200,168,2,20251021_121107
1761041424.5722425,3721598,952729088,952.729088,4,199,168,2,20251021_121107
1761041424.5822265,3721637,952739072,952.739072,6,200,168,2,20251021_121107
1761041424.5922103,3721676,952749056,952.749056,8,200,167,2,20251021_121107
1761041424.6021943,3721715,952759040,952.75904,10,199,168,2,20251021_121107
1761041424.6121783,3721754,952769024,952.769024,12,200,168,2,20251021_121107
1761041424.6221623,3721793,952779008,952.779008,14,200,167,2,20251021_121107
1761041424.6321464,3721832,952788992,952.788992,16,200,167,2,20251021_121107
1761041424.6421304,3721871,952798976,952.798976,17,200,167,2,20251021_121107
1761041424.6521144,3721910,952808960,952.80896,19,200,165,2,20251021_121107
1761041424.6620984,3721949,952818944,952.818944,21,200,164,2,20251021_121107
1761041424.6720824,3721988,952828928,952.828928,23,200,162,2,20251021_121107
1761041424.6820664,3722027,952838912,952.838912,25,200,160,2,20251021_121107
1761041424.6920505,3722066,952848896,952.848896,27,199,156,2,20251021_121107
1761041424.7020345,3722105,952858880,952.85888,29,200,154,2,20251021_121107
1761041424.7122743,3722145,952869120,952.86912,31,200,151,2,20251021_121107
1761041424.7222583,3722184,952879104,952.879104,33,200,148,2,20251021_121107
1761041424.7322423,3722223,952889088,952.889088,35,200,145,2,20251021_121107
1761041424.7422264,3722262,952899072,952.899072,38,199,142,2,20251021_121107
1761041424.7522104,3722301,952909056,952.909056,41,200,139,2,20251021_121107
1761041424.7621944,3722340,952919040,952.91904,43,199,135,2,20251021_121107
1761041424.7721784,3722379,952929024,952.929024,46,200,134,2,20251021_121107
1761041424.7821624,3722418,952939008,952.939008,49,200,130,2,20251021_121107
1761041424.7921464,3722457,952948992,952.948992,52,199,127,2,20251021_121107
1761041424.8021305,3722496,952958976,952.958976,55,199,127,2,20251021_121107
1761041424.8121145,3722535,952968960,952.96896,58,199,125,2,20251021_121107
1761041424.8220985,3722574,952978944,952.978944,61,199,124,2,20251021_121107
1761041424.8320825,3722613,952988928,952.988928,64,199,125,2,20251021_121107
1761041424.8420663,3722652,952998912,952.998912,68,199,124,2,20251021_121107
1761041424.8520503,3722691,953008896,953.008896,71,199,124,2,20251021_121107
1761041424.8622904,3722731,953019136,953.019136,74,199,124,2,20251021_121107
1761041424.8722744,3722770,953029120,953.02912,76,199,124,2,20251021_121107
1761041424.8822584,3722809,953039104,953.039104,79,199,124,2,20251021_121107
1761041424.8922424,3722848,953049088,953.049088,82,199,123,2,20251021_121107
1761041424.9022264,3722887,953059072,953.059072,85,199,124,2,20251021_121107
1761041424.9122105,3722926,953069056,953.069056,88,199,124,2,20251021_121107
1761041424.9221945,3722965,953079040,953.07904,91,199,124,2,20251021_121107
1761041424.9321785,3723004,953089024,953.089024,93,199,125,2,20251021_121107
1761041424.9421625,3723043,953099008,953.099008,96,199,124,2,20251021_121107
1761041424.9521463,3723082,953108992,953.108992,99,199,125,2,20251021_121107
1761041424.9621303,3723121,953118976,953.118976,101,199,124,2,20251021_121107
1761041424.9721143,3723160,953128960,953.12896,104,199,125,2,20251021_121107
1761041424.9820983,3723199,953138944,953.138944,106,199,126,2,20251021_121107
1761041424.9920824,3723238,953148928,953.148928,109,199,126,2,20251021_121107
1761041425.0023224,3723278,953159168,953.159168,111,199,127,2,20251021_121107
1761041425.0123065,3723317,953169152,953.169152,113,199,127,2,20251021_121107
1761041425.0222905,3723356,953179136,953.179136,116,199,127,2,20251021_121107
1761041425.0322745,3723395,953189120,953.18912,118,199,127,2,20251021_121107
1761041425.0422585,3723434,953199104,953.199104,120,199,128,2,20251021_121107
1761041425.0522425,3723473,953209088,953.209088,122,200,132,2,20251021_121107
1761041425.0622263,3723512,953219072,953.219072,125,199,135,2,20251021_121107
1761041425.0722103,3723551,953229056,953.229056,127,199,136,2,20251021_121107
1761041425.0821943,3723590,953239040,953.23904,129,199,140,2,20251021_121107
1761041425.0921783,3723629,953249024,953.249024,131,199,144,2,20251021_121107
1761041425.1021624,3723668,953259008,953.259008,133,199,149,2,20251021_121107
1761041425.1121464,3723707,953268992,953.268992,136,199,155,2,20251021_121107
1761041425.1221304,3723746,953278976,953.278976,138,199,159,2,20251021_121107
1761041425.1321144,3723785,953288960,953.28896,141,199,160,2,20251021_121107
1761041425.1423545,3723825,953299200,953.2992,143,199,161,2,20251021_121107
1761041425.1523385,3723864,953309184,953.309184,146,199,162,2,20251021_121107
1761041425.1623223,3723903,953319168,953.319168,149,199,164,2,20251021_121107
1761041425.1723063,3723942,953329152,953.329152,152,199,166,2,20251021_121107
1761041425.1822903,3723981,953339136,953.339136,155,200,166,2,20251021_121107
1761041425.1922743,3724020,953349120,953.34912,158,199,166,2,20251021_121107
1761041425.2022583,3724059,953359104,953.359104,160,199,166,2,20251021_121107
1761041425.2122424,3724098,953369088,953.369088,163,199,166,2,20251021_121107
1761041425.2222264,3724137,953379072,953.379072,166,199,166,2,20251021_121107
1761041425.2322104,3724176,953389056,953.389056,169,199,167,2,20251021_121107
1761041425.2421944,3724215,953399040,953.39904,172,199,167,2,20251021_121107
1761041425.2521784,3724254,953409024,953.409024,175,199,167,2,20251021_121107
1761041425.2621624,3724293,953419008,953.419008,179,199,167,2,20251021_121107
1761041425.2721465,3724332,953428992,953.428992,182,199,167,2,20251021_121107
1761041425.2821305,3724371,953438976,953.438976,185,199,167,2,20251021_121107
1761041425.2923703,3724411,953449216,953.449216,188,199,167,2,20251021_121107
1761041425.3023543,3724450,953459200,953.4592,191,199,167,2,20251021_121107
1761041425.3123384,3724489,953469184,953.469184,194,200,168,2,20251021_121107
1761041425.3223224,3724528,953479168,953.479168,197,199,167,2,20251021_121107
1761041425.3323064,3724567,953489152,953.489152,200,199,170,2,20251021_121107
1761041425.3422904,3724606,953499136,953.499136,203,200,168,2,20251021_121107
1761041425.3525305,3724646,953509376,953.509376,206,199,168,2,20251021_121107
1761041425.3625145,3724685,953519360,953.51936,209,199,168,2,20251021_121107
1761041425.3724985,3724724,953529344,953.529344,211,200,168,2,20251021_121107
1761041425.3824823,3724763,953539328,953.539328,214,199,167,2,20251021_121107
1761041425.3924663,3724802,953549312,953.549312,217,199,168,2,20251021_121107
1761041425.4024503,3724841,953559296,953.559296,220,200,168,2,20251021_121107
1761041425.4124343,3724880,953569280,953.56928,222,200,168,2,20251021_121107
1761041425.4224184,3724919,953579264,953.579264,225,199,168,2,20251021_121107
1761041425.4326584,3724959,953589504,953.589504,228,200,168,2,20251021_121107
1761041425.4426425,3724998,953599488,953.599488,230,200,168,2,20251021_121107
1761041425.4526265,3725037,953609472,953.609472,233,200,168,2,20251021_121107
1761041425.4626105,3725076,953619456,953.619456,235,200,168,2,20251021_121107
1761041425.4725945,3725115,953629440,953.62944,238,200,168,2,20251021_121107
1761041425.4825785,3725154,953639424,953.639424,240,200,168,2,20251021_121107
1761041425.4925623,3725193,953649408,953.649408,242,200,168,2,20251021_121107
1761041425.5028024,3725233,953659648,953.659648,245,200,168,2,20251021_121107
1761041425.5127864,3725272,953669632,953.669632,247,199,168,2,20251021_121107
1761041425.5227704,3725311,953679616,953.679616,249,200,168,2,20251021_121107
1761041425.5327544,3725350,953689600,953.6896,251,200,168,2,20251021_121107
1761041425.5427384,3725389,953699584,953.699584,253,200,169,2,20251021_121107
1761041425.5529785,3725429,953709824,953.709824,0,200,168,2,20251021_121107
1761041425.5629623,3725468,953719808,953.719808,2,200,168,2,20251021_121107
1761041425.5729463,3725507,953729792,953.729792,4,200,168,2,20251021_121107
1761041425.5829303,3725546,953739776,953.739776,6,200,169,2,20251021_121107
1761041425.5929143,3725585,953749760,953.74976,8,200,168,2,20251021_121107
1761041425.6028984,3725624,953759744,953.759744,10,199,168,2,20251021_121107
1761041425.6128824,3725663,953769728,953.769728,12,200,168,2,20251021_121107
1761041425.6228664,3725702,953779712,953.779712,14,200,167,2,20251021_121107
1761041425.6331065,3725742,953789952,953.789952,15,200,167,2,20251021_121107
1761041425.6430905,3725781,953799936,953.799936,17,199,166,2,20251021_121107
1761041425.6530745,3725820,953809920,953.80992,19,200,165,2,20251021_121107
1761041425.6630583,3725859,953819904,953.819904,21,199,163,2,20251021_121107
1761041425.6730423,3725898,953829888,953.829888,23,200,163,2,20251021_121107
1761041425.6830263,3725937,953839872,953.839872,25,199,163,2,20251021_121107
1761041425.6930103,3725976,953849856,953.849856,26,199,163,2,20251021_121107
1761041425.7029943,3726015,953859840,953.85984,28,200,163,2,20251021_121107
1761041425.7132344,3726055,953870080,953.87008,30,200,160,2,20251021_121107
1761041425.7232184,3726094,953880064,953.880064,32,199,158,2,20251021_121107
1761041425.7332025,3726133,953890048,953.890048,34,199,158,2,20251021_121107
1761041425.7431865,3726172,953900032,953.900032,36,200,156,2,20251021_121107
1761041425.7531705,3726211,953910016,953.910016,38,199,155,2,20251021_121107
1761041425.7631545,3726250,953920000,953.92,40,199,154,2,20251021_121107
1761041425.7731383,3726289,953929984,953.929984,42,200,153,2,20251021_121107
1761041425.7831223,3726328,953939968,953.939968,44,200,152,2,20251021_121107
1761041425.7931063,3726367,953949952,953.949952,46,200,151,2,20251021_121107
1761041425.8030903,3726406,953959936,953.959936,48,199,149,2,20251021_121107
1761041425.8130744,3726445,953969920,953.96992,50,199,149,2,20251021_121107
1761041425.8230584,3726484,953979904,953.979904,53,200,147,2,20251021_121107
1761041425.8332984,3726524,953990144,953.990144,55,200,145,2,20251021_121107
1761041425.8432825,3726563,954000128,954.000128,57,200,144,2,20251021_121107
1761041425.8532665,3726602,954010112,954.010112,60,199,143,2,20251021_121107
1761041425.8632505,3726641,954020096,954.020096,62,199,140,2,20251021_121107
1761041425.8732345,3726680,954030080,954.03008,65,200,140,2,20251021_121107
1761041425.8832183,3726719,954040064,954.040064,67,199,137,2,20251021_121107
1761041425.8932023,3726758,954050048,954.050048,70,200,136,2,20251021_121107
1761041425.9031863,3726797,954060032,954.060032,73,199,134,2,20251021_121107
1761041425.9131703,3726836,954070016,954.070016,75,200,133,2,20251021_121107
1761041425.9231544,3726875,954080000,954.08,78,200,132,2,20251021_121107
1761041425.9331384,3726914,954089984,954.089984,81,199,131,2,20251021_121107
1761041425.9431224,3726953,954099968,954.099968,84,199,128,2,20251021_121107
1761041425.9531064,3726992,954109952,954.109952,86,199,127,2,20251021_121107
1761041425.9630904,3727031,954119936,954.119936,89,200,127,2,20251021_121107
1761041425.9730744,3727070,954129920,954.12992,92,199,127,2,20251021_121107
1761041425.9833145,3727110,954140160,954.14016,95,199,126,2,20251021_121107
1761041425.9932983,3727149,954150144,954.150144,97,199,126,2,20251021_121107
1761041426.0032823,3727188,954160128,954.160128,100,199,126,2,20251021_121107
1761041426.0132663,3727227,954170112,954.170112,102,199,126,2,20251021_121107
1761041426.0232503,3727266,954180096,954.180096,105,199,125,2,20251021_121107
1761041426.0332344,3727305,954190080,954.19008,107,199,125,2,20251021_121107
1761041426.0432184,3727344,954200064,954.200064,110,199,126,2,20251021_121107
1761041426.0532024,3727383,954210048,954.210048,112,199,126,2,20251021_121107
1761041426.0631864,3727422,954220032,954.220032,114,199,127,2,20251021_121107
1761041426.0731704,3727461,954230016,954.230016,117,199,127,2,20251021_121107
1761041426.0831544,3727500,954240000,954.24,119,199,127,2,20251021_121107
1761041426.0931385,3727539,954249984,954.249984,121,199,127,2,20251021_121107
1761041426.1031225,3727578,954259968,954.259968,123,199,127,2,20251021_121107
1761041426.1131065,3727617,954269952,954.269952,125,199,129,2,20251021_121107
1761041426.1233463,3727657,954280192,954.280192,127,199,129,2,20251021_121107
1761041426.1333303,3727696,954290176,954.290176,130,199,130,2,20251021_121107
1761041426.1433144,3727735,954300160,954.30016,132,199,131,2,20251021_121107
1761041426.1532984,3727774,954310144,954.310144,134,199,132,2,20251021_121107
1761041426.1632824,3727813,954320128,954.320128,136,199,134,2,20251021_121107
1761041426.1732664,3727852,954330112,954.330112,138,199,136,2,20251021_121107
1761041426.1832504,3727891,954340096,954.340096,140,199,139,2,20251021_121107
1761041426.1932344,3727930,954350080,954.35008,142,199,140,2,20251021_121107
1761041426.2032185,3727969,954360064,954.360064,144,199,141,2,20251021_121107
1761041426.2132025,3728008,954370048,954.370048,146,199,143,2,20251021_121107
1761041426.2231865,3728047,954380032,954.380032,148,199,145,2,20251021_121107
1761041426.2331705,3728086,954390016,954.390016,151,199,148,2,20251021_121107
1761041426.2431543,3728125,954400000,954.4,153,199,151,2,20251021_121107
1761041426.2531383,3728164,954409984,954.409984,156,199,155,2,20251021_121107
1761041426.2633784,3728204,954420224,954.420224,158,199,158,2,20251021_121107
1761041426.2733624,3728243,954430208,954.430208,161,199,159,2,20251021_121107
1761041426.2833464,3728282,954440192,954.440192,164,199,161,2,20251021_121107
1761041426.2933304,3728321,954450176,954.450176,166,199,162,2,20251021_121107
1761041426.3033144,3728360,954460160,954.46016,169,199,163,2,20251021_121107
1761041426.3132985,3728399,954470144,954.470144,172,199,164,2,20251021_121107
1761041426.3232825,3728438,954480128,954.480128,175,199,165,2,20251021_121107
1761041426.3332665,3728477,954490112,954.490112,178,200,167,2,20251021_121107
1761041426.3432505,3728516,954500096,954.500096,181,199,166,2,20251021_121107
1761041426.3532343,3728555,954510080,954.51008,184,199,166,2,20251021_121107
1761041426.3632183,3728594,954520064,954.520064,187,199,166,2,20251021_121107
1761041426.3732023,3728633,954530048,954.530048,190,199,166,2,20251021_121107
1761041426.3831863,3728672,954540032,954.540032,193,199,166,2,20251021_121107
1761041426.3931704,3728711,954550016,954.550016,196,199,167,2,20251021_121107
1761041426.4031544,3728750,954560000,954.56,199,200,168,2,20251021_121107
1761041426.4133945,3728790,954570240,954.57024,202,199,168,2,20251021_121107
1761041426.4233785,3728829,954580224,954.580224,205,199,167,2,20251021_121107
1761041426.4333625,3728868,954590208,954.590208,208,199,167,2,20251021_121107
1761041426.4433465,3728907,954600192,954.600192,211,199,168,2,20251021_121107
1761041426.4533305,3728946,954610176,954.610176,214,199,168,2,20251021_121107
1761041426.4633143,3728985,954620160,954.62016,216,199,168,2,20251021_121107
1761041426.4732983,3729024,954630144,954.630144,219,200,168,2,20251021_121107
1761041426.4832823,3729063,954640128,954.640128,222,199,168,2,20251021_121107
1761041426.4932663,3729102,954650112,954.650112,225,199,168,2,20251021_121107
1761041426.5032504,3729141,954660096,954.660096,227,200,168,2,20251021_121107
1761041426.5132344,3729180,954670080,954.67008,230,200,167,2,20251021_121107
1761041426.5232184,3729219,954680064,954.680064,232,200,168,2,20251021_121107
1761041426.5332024,3729258,954690048,954.690048,235,200,170,2,20251021_121107
1761041426.5431864,3729297,954700032,954.700032,237,200,168,2,20251021_121107
1761041426.5534265,3729337,954710272,954.710272,239,200,168,2,20251021_121107
1761041426.5634103,3729376,954720256,954.720256,242,200,168,2,20251021_121107
1761041426.5733943,3729415,954730240,954.73024,244,199,168,2,20251021_121107
1761041426.5833783,3729454,954740224,954.740224,246,201,168,2,20251021_121107
1761041426.5933623,3729493,954750208,954.750208,248,199,168,2,20251021_121107
1761041426.6033463,3729532,954760192,954.760192,251,200,169,2,20251021_121107
1761041426.6133304,3729571,954770176,954.770176,253,200,168,2,20251021_121107
1761041426.6233144,3729610,954780160,954.78016,0,199,168,2,20251021_121107
1761041426.6332984,3729649,954790144,954.790144,2,200,168,2,20251021_121107
1761041426.6432824,3729688,954800128,954.800128,4,200,168,2,20251021_121107
1761041426.6532664,3729727,954810112,954.810112,6,200,168,2,20251021_121107
1761041426.6632504,3729766,954820096,954.820096,8,200,168,2,20251021_121107
1761041426.6732345,3729805,954830080,954.83008,9,200,168,2,20251021_121107
1761041426.6832185,3729844,954840064,954.840064,11,200,169,2,20251021_121107
1761041426.6934583,3729884,954850304,954.850304,13,200,168,2,20251021_121107
1761041426.7034423,3729923,954860288,954.860288,15,200,169,2,20251021_121107
1761041426.7134264,3729962,954870272,954.870272,17,200,168,2,20251021_121107
1761041426.7234104,3730001,954880256,954.880256,18,200,168,2,20251021_121107
1761041426.7333944,3730040,954890240,954.89024,20,200,168,2,20251021_121107
1761041426.7433784,3730079,954900224,954.900224,22,200,168,2,20251021_121107
1761041426.7533624,3730118,954910208,954.910208,23,200,168,2,20251021_121107
1761041426.7633464,3730157,954920192,954.920192,25,200,168,2,20251021_121107
1761041426.7733305,3730196,954930176,954.930176,27,200,168,2,20251021_121107
1761041426.7833145,3730235,954940160,954.94016,28,200,168,2,20251021_121107
1761041426.7932985,3730274,954950144,954.950144,30,199,168,2,20251021_121107
1761041426.8032825,3730313,954960128,954.960128,32,200,168,2,20251021_121107
1761041426.8132665,3730352,954970112,954.970112,33,199,168,2,20251021_121107
1761041426.8232503,3730391,954980096,954.980096,35,200,168,2,20251021_121107
1761041426.8334904,3730431,954990336,954.990336,36,200,168,2,20251021_121107
1761041426.8434744,3730470,955000320,955.00032,38,200,168,2,20251021_121107
1761041426.8534584,3730509,955010304,955.010304,39,200,168,2,20251021_121107
1761041426.8634424,3730548,955020288,955.020288,41,200,167,2,20251021_121107
1761041426.8734264,3730587,955030272,955.030272,42,200,168,2,20251021_121107
1761041426.8834105,3730626,955040256,955.040256,44,200,167,2,20251021_121107
1761041426.8933945,3730665,955050240,955.05024,45,200,167,2,20251021_121107
1761041426.9033785,3730704,955060224,955.060224,47,200,166,2,20251021_121107
1761041426.9133625,3730743,955070208,955.070208,49,199,165,2,20251021_121107
1761041426.9233463,3730782,955080192,955.080192,50,200,163,2,20251021_121107
1761041426.9335864,3730822,955090432,955.090432,52,200,162,2,20251021_121107
1761041426.9435704,3730861,955100416,955.100416,54,200,159,2,20251021_121107
1761041426.9535544,3730900,955110400,955.1104,56,200,156,2,20251021_121107
1761041426.9635384,3730939,955120384,955.120384,58,200,153,2,20251021_121107
1761041426.9735224,3730978,955130368,955.130368,60,200,150,2,20251021_121107
1761041426.9835064,3731017,955140352,955.140352,62,200,147,2,20251021_121107
1761041426.9934905,3731056,955150336,955.150336,65,200,144,2,20251021_121107
1761041427.0034745,3731095,955160320,955.16032,67,200,140,2,20251021_121107
1761041427.0134585,3731134,955170304,955.170304,70,199,136,2,20251021_121107
1761041427.0234425,3731173,955180288,955.180288,73,200,134,2,20251021_121107
1761041427.0334263,3731212,955190272,955.190272,76,200,132,2,20251021_121107
1761041427.0434103,3731251,955200256,955.200256,78,199,130,2,20251021_121107
1761041427.0533943,3731290,955210240,955.21024,81,200,127,2,20251021_121107
1761041427.0636344,3731330,955220480,955.22048,84,199,127,2,20251021_121107
1761041427.0736184,3731369,955230464,955.230464,87,199,124,2,20251021_121107
1761041427.0836024,3731408,955240448,955.240448,90,199,124,2,20251021_121107
1761041427.0935864,3731447,955250432,955.250432,93,199,125,2,20251021_121107
1761041427.1035705,3731486,955260416,955.260416,95,199,125,2,20251021_121107
1761041427.1135545,3731525,955270400,955.2704,98,199,125,2,20251021_121107
1761041427.1235385,3731564,955280384,955.280384,100,199,126,2,20251021_121107
1761041427.1335225,3731603,955290368,955.290368,103,199,126,2,20251021_121107
1761041427.1435063,3731642,955300352,955.300352,105,199,126,2,20251021_121107
1761041427.1534903,3731681,955310336,955.310336,108,199,124,2,20251021_121107
1761041427.1634743,3731720,955320320,955.32032,110,199,126,2,20251021_121107
1761041427.1734583,3731759,955330304,955.330304,113,199,126,2,20251021_121107
1761041427.1834424,3731798,955340288,955.340288,115,200,127,2,20251021_121107
1761041427.1934264,3731837,955350272,955.350272,117,199,127,2,20251021_121107
1761041427.2036664,3731877,955360512,955.360512,119,199,127,2,20251021_121107
1761041427.2136505,3731916,955370496,955.370496,122,199,127,2,20251021_121107
1761041427.2236345,3731955,955380480,955.38048,124,199,127,2,20251021_121107
1761041427.2336185,3731994,955390464,955.390464,126,199,127,2,20251021_121107
1761041427.2436025,3732033,955400448,955.400448,128,199,128,2,20251021_121107
1761041427.2535863,3732072,955410432,955.410432,130,199,128,2,20251021_121107
1761041427.2635703,3732111,955420416,955.420416,132,199,130,2,20251021_121107
1761041427.2735543,3732150,955430400,955.4304,134,199,131,2,20251021_121107
1761041427.2835383,3732189,955440384,955.440384,136,199,133,2,20251021_121107
1761041427.2935224,3732228,955450368,955.450368,138,199,136,2,20251021_121107
1761041427.3035064,3732267,955460352,955.460352,140,199,138,2,20251021_121107
1761041427.3134904,3732306,955470336,955.470336,142,199,140,2,20251021_121107
1761041427.3234744,3732345,955480320,955.48032,144,199,144,2,20251021_121107
1761041427.3334584,3732384,955490304,955.490304,147,199,150,2,20251021_121107
1761041427.3434424,3732423,955500288,955.500288,149,199,155,2,20251021_121107
1761041427.3536825,3732463,955510528,955.510528,152,199,159,2,20251021_121107
1761041427.3636663,3732502,955520512,955.520512,154,199,162,2,20251021_121107
1761041427.3736503,3732541,955530496,955.530496,157,200,163,2,20251021_121107
1761041427.3836343,3732580,955540480,955.54048,160,199,165,2,20251021_121107
1761041427.3936183,3732619,955550464,955.550464,163,199,166,2,20251021_121107
1761041427.4036024,3732658,955560448,955.560448,166,200,166,2,20251021_121107
1761041427.4135864,3732697,955570432,955.570432,169,199,166,2,20251021_121107
1761041427.4235704,3732736,955580416,955.580416,172,199,166,2,20251021_121107
1761041427.4335544,3732775,955590400,955.5904,175,199,166,2,20251021_121107
1761041427.4435384,3732814,955600384,955.600384,178,200,166,2,20251021_121107
1761041427.4535224,3732853,955610368,955.610368,181,199,167,2,20251021_121107
1761041427.4635065,3732892,955620352,955.620352,184,199,168,2,20251021_121107
1761041427.4734905,3732931,955630336,955.630336,187,199,167,2,20251021_121107
1761041427.4834745,3732970,955640320,955.64032,190,199,167,2,20251021_121107
1761041427.4937143,3733010,955650560,955.65056,193,199,167,2,20251021_121107
1761041427.5036983,3733049,955660544,955.660544,196,199,168,2,20251021_121107
1761041427.5136824,3733088,955670528,955.670528,199,200,168,2,20251021_121107
1761041427.5236664,3733127,955680512,955.680512,202,199,167,2,20251021_121107
1761041427.5336504,3733166,955690496,955.690496,205,199,168,2,20251021_121107
1761041427.5436344,3733205,955700480,955.70048,208,199,168,2,20251021_121107
1761041427.5536184,3733244,955710464,955.710464,211,199,170,2,20251021_121107
1761041427.5636024,3733283,955720448,955.720448,214,199,168,2,20251021_121107
1761041427.5735865,3733322,955730432,955.730432,216,199,168,2,20251021_121107
1761041427.5835705,3733361,955740416,955.740416,219,199,168,2,20251021_121107
1761041427.5935545,3733400,955750400,955.7504,222,200,168,2,20251021_121107
1761041427.6035385,3733439,955760384,955.760384,224,200,168,2,20251021_121107
1761041427.6135223,3733478,955770368,955.770368,227,199,168,2,20251021_121107
1761041427.6235063,3733517,955780352,955.780352,230,199,168,2,20251021_121107
1761041427.6337464,3733557,955790592,955.790592,232,200,168,2,20251021_121107
1761041427.6437304,3733596,955800576,955.800576,235,200,168,2,20251021_121107
1761041427.6537144,3733635,955810560,955.81056,237,200,168,2,20251021_121107
1761041427.6636984,3733674,955820544,955.820544,239,200,168,2,20251021_121107
1761041427.6736825,3733713,955830528,955.830528,242,199,169,2,20251021_121107
1761041427.6836665,3733752,955840512,955.840512,244,200,168,2,20251021_121107
1761041427.6936505,3733791,955850496,955.850496,246,200,168,2,20251021_121107
1761041427.7036345,3733830,955860480,955.86048,248,200,168,2,20251021_121107
1761041427.7136185,3733869,955870464,955.870464,250,200,168,2,20251021_121107
1761041427.7236023,3733908,955880448,955.880448,253,199,168,2,20251021_121107
1761041427.7335863,3733947,955890432,955.890432,0,200,168,2,20251021_121107
1761041427.7435703,3733986,955900416,955.900416,2,200,168,2,20251021_121107
1761041427.7535543,3734025,955910400,955.9104,4,200,168,2,20251021_121107
1761041427.7635384,3734064,955920384,955.920384,6,200,168,2,20251021_121107
1761041427.7735224,3734103,955930368,955.930368,7,199,168,2,20251021_121107
1761041427.7837625,3734143,955940608,955.940608,9,200,168,2,20251021_121107
1761041427.7937465,3734182,955950592,955.950592,11,200,168,2,20251021_121107
1761041427.8037305,3734221,955960576,955.960576,13,200,167,2,20251021_121107
1761041427.8137145,3734260,955970560,955.97056,15,200,167,2,20251021_121107
1761041427.8236983,3734299,955980544,955.980544,17,200,167,2,20251021_121107
1761041427.8336823,3734338,955990528,955.990528,18,200,166,2,20251021_121107
1761041427.8436663,3734377,956000512,956.000512,20,200,166,2,20251021_121107
1761041427.8536503,3734416,956010496,956.010496,22,200,165,2,20251021_121107
1761041427.8636343,3734455,956020480,956.02048,24,200,163,2,20251021_121107
1761041427.8736184,3734494,956030464,956.030464,26,200,162,2,20251021_121107
1761041427.8836024,3734533,956040448,956.040448,28,200,158,2,20251021_121107
1761041427.8935864,3734572,956050432,956.050432,30,199,155,2,20251021_121107
1761041427.9035704,3734611,956060416,956.060416,32,200,151,2,20251021_121107
1761041427.9135544,3734650,956070400,956.0704,34,200,149,2,20251021_121107
1761041427.9237945,3734690,956080640,956.08064,36,200,146,2,20251021_121107
1761041427.9337783,3734729,956090624,956.090624,39,200,143,2,20251021_121107
1761041427.9437623,3734768,956100608,956.100608,41,200,138,2,20251021_121107
1761041427.9537463,3734807,956110592,956.110592,44,200,136,2,20251021_121107
1761041427.9637303,3734846,956120576,956.120576,47,200,134,2,20251021_121107
1761041427.9737144,3734885,956130560,956.13056,50,200,131,2,20251021_121107
1761041427.9836984,3734924,956140544,956.140544,53,200,127,2,20251021_121107
1761041427.9936824,3734963,956150528,956.150528,56,199,127,2,20251021_121107
1761041428.0036664,3735002,956160512,956.160512,59,200,126,2,20251021_121107
1761041428.0136504,3735041,956170496,956.170496,62,200,124,2,20251021_121107
1761041428.0236344,3735080,956180480,956.18048,65,200,123,2,20251021_121107
1761041428.0336185,3735119,956190464,956.190464,68,199,124,2,20251021_121107
1761041428.0436025,3735158,956200448,956.200448,71,200,124,2,20251021_121107
1761041428.0535865,3735197,956210432,956.210432,74,199,124,2,20251021_121107
1761041428.0635705,3735236,956220416,956.220416,77,199,124,2,20251021_121107
1761041428.0738103,3735276,956230656,956.230656,80,200,123,2,20251021_121107
1761041428.0837944,3735315,956240640,956.24064,83,199,123,2,20251021_121107
1761041428.0937784,3735354,956250624,956.250624,86,200,124,2,20251021_121107
1761041428.1037624,3735393,956260608,956.260608,88,200,125,2,20251021_121107
1761041428.1137464,3735432,956270592,956.270592,91,199,124,2,20251021_121107
1761041428.1237304,3735471,956280576,956.280576,94,199,124,2,20251021_121107
1761041428.1337144,3735510,956290560,956.29056,96,199,125,2,20251021_121107
1761041428.1436985,3735549,956300544,956.300544,99,199,125,2,20251021_121107
1761041428.1536825,3735588,956310528,956.310528,102,199,126,2,20251021_121107
1761041428.1636665,3735627,956320512,956.320512,104,199,125,2,20251021_121107
1761041428.1736505,3735666,956330496,956.330496,107,199,126,2,20251021_121107
1761041428.1836343,3735705,956340480,956.34048,109,199,126,2,20251021_121107
1761041428.1936183,3735744,956350464,956.350464,111,199,127,2,20251021_121107
1761041428.2036023,3735783,956360448,956.360448,114,199,127,2,20251021_121107
1761041428.2138424,3735823,956370688,956.370688,116,199,127,2,20251021_121107
1761041428.2238264,3735862,956380672,956.380672,118,199,127,2,20251021_121107
1761041428.2338104,3735901,956390656,956.390656,120,199,128,2,20251021_121107
1761041428.2437944,3735940,956400640,956.40064,123,199,132,2,20251021_121107
1761041428.2537785,3735979,956410624,956.410624,125,199,134,2,20251021_121107
1761041428.2637625,3736018,956420608,956.420608,127,199,137,2,20251021_121107
1761041428.2737465,3736057,956430592,956.430592,129,199,141,2,20251021_121107
1761041428.2837305,3736096,956440576,956.440576,131,199,145,2,20251021_121107
1761041428.2937143,3736135,956450560,956.45056,134,199,150,2,20251021_121107
1761041428.3036983,3736174,956460544,956.460544,136,199,155,2,20251021_121107
1761041428.3136823,3736213,956470528,956.470528,139,199,157,2,20251021_121107
1761041428.3236663,3736252,956480512,956.480512,141,199,160,2,20251021_121107
1761041428.3336504,3736291,956490496,956.490496,144,199,161,2,20251021_121107
1761041428.3436344,3736330,956500480,956.50048,146,199,162,2,20251021_121107
1761041428.3536184,3736369,956510464,956.510464,149,200,164,2,20251021_121107
1761041428.3638585,3736409,956520704,956.520704,152,199,165,2,20251021_121107
1761041428.3738425,3736448,956530688,956.530688,155,200,166,2,20251021_121107
1761041428.3838265,3736487,956540672,956.540672,158,199,166,2,20251021_121107
1761041428.3938105,3736526,956550656,956.550656,161,199,166,2,20251021_121107
1761041428.4037943,3736565,956560640,956.56064,164,199,166,2,20251021_121107
1761041428.4137783,3736604,956570624,956.570624,167,200,166,2,20251021_121107
1761041428.4237623,3736643,956580608,956.580608,170,199,167,2,20251021_121107
1761041428.4337463,3736682,956590592,956.590592,173,199,166,2,20251021_121107
1761041428.4437304,3736721,956600576,956.600576,176,200,167,2,20251021_121107
1761041428.4537144,3736760,956610560,956.61056,179,199,167,2,20251021_121107
1761041428.4636984,3736799,956620544,956.620544,182,200,167,2,20251021_121107
1761041428.4736824,3736838,956630528,956.630528,185,200,168,2,20251021_121107
1761041428.4836664,3736877,956640512,956.640512,188,200,167,2,20251021_121107
1761041428.4939065,3736917,956650752,956.650752,191,199,167,2,20251021_121107
1761041428.5038905,3736956,956660736,956.660736,194,199,167,2,20251021_121107
1761041428.5138743,3736995,956670720,956.67072,197,200,168,2,20251021_121107
1761041428.5238583,3737034,956680704,956.680704,200,200,168,2,20251021_121107
1761041428.5338423,3737073,956690688,956.690688,203,199,168,2,20251021_121107
1761041428.5438263,3737112,956700672,956.700672,206,200,168,2,20251021_121107
1761041428.5538104,3737151,956710656,956.710656,209,199,166,2,20251021_121107
1761041428.5637944,3737190,956720640,956.72064,212,199,168,2,20251021_121107
1761041428.5737784,3737229,956730624,956.730624,214,200,168,2,20251021_121107
1761041428.5837624,3737268,956740608,956.740608,217,200,168,2,20251021_121107
1761041428.5937464,3737307,956750592,956.750592,220,200,168,2,20251021_121107
1761041428.6037304,3737346,956760576,956.760576,223,199,168,2,20251021_121107
1761041428.6137145,3737385,956770560,956.77056,225,200,168,2,20251021_121107
1761041428.6239543,3737425,956780800,956.7808,228,200,168,2,20251021_121107
1761041428.6339383,3737464,956790784,956.790784,230,200,168,2,20251021_121107
1761041428.6439223,3737503,956800768,956.800768,233,200,168,2,20251021_121107
1761041428.6539063,3737542,956810752,956.810752,235,199,168,2,20251021_121107
1761041428.6638904,3737581,956820736,956.820736,238,200,168,2,20251021_121107
1761041428.6738744,3737620,956830720,956.83072,240,199,168,2,20251021_121107
1761041428.6838584,3737659,956840704,956.840704,242,200,168,2,20251021_121107
1761041428.6938424,3737698,956850688,956.850688,245,200,168,2,20251021_121107
1761041428.7038264,3737737,956860672,956.860672,247,200,168,2,20251021_121107
1761041428.7138104,3737776,956870656,956.870656,249,200,168,2,20251021_121107
1761041428.7237945,3737815,956880640,956.88064,251,200,168,2,20251021_121107
1761041428.7337785,3737854,956890624,956.890624,253,200,168,2,20251021_121107
1761041428.7437625,3737893,956900608,956.900608,0,200,168,2,20251021_121107
1761041428.7537465,3737932,956910592,956.910592,2,199,168,2,20251021_121107
1761041428.7637303,3737971,956920576,956.920576,4,200,168,2,20251021_121107
1761041428.7739704,3738011,956930816,956.930816,6,200,168,2,20251021_121107
1761041428.7839544,3738050,956940800,956.9408,8,200,168,2,20251021_121107
1761041428.7939384,3738089,956950784,956.950784,10,200,167,2,20251021_121107
1761041428.8039224,3738128,956960768,956.960768,12,200,167,2,20251021_121107
1761041428.8139064,3738167,956970752,956.970752,14,200,167,2,20251021_121107
1761041428.8238904,3738206,956980736,956.980736,15,200,168,2,20251021_121107
1761041428.8338745,3738245,956990720,956.99072,17,200,168,2,20251021_121107
1761041428.8438585,3738284,957000704,957.000704,19,200,167,2,20251021_121107
1761041428.8538425,3738323,957010688,957.010688,21,200,167,2,20251021_121107
1761041428.8638265,3738362,957020672,957.020672,22,200,167,2,20251021_121107
1761041428.8738103,3738401,957030656,957.030656,24,199,167,2,20251021_121107
1761041428.8837943,3738440,957040640,957.04064,26,200,167,2,20251021_121107
1761041428.8937783,3738479,957050624,957.050624,27,200,166,2,20251021_121107
1761041428.9037623,3738518,957060608,957.060608,29,200,166,2,20251021_121107
1761041428.9140024,3738558,957070848,957.070848,31,200,167,2,20251021_121107
1761041428.9239864,3738597,957080832,957.080832,32,199,166,2,20251021_121107
1761041428.9339705,3738636,957090816,957.090816,34,200,166,2,20251021_121107
1761041428.9439545,3738675,957100800,957.1008,36,200,168,2,20251021_121107
1761041428.9539385,3738714,957110784,957.110784,37,200,166,2,20251021_121107
1761041428.9639225,3738753,957120768,957.120768,39,200,166,2,20251021_121107
1761041428.9739065,3738792,957130752,957.130752,40,200,166,2,20251021_121107
1761041428.9838903,3738831,957140736,957.140736,42,200,166,2,20251021_121107
1761041428.9938743,3738870,957150720,957.15072,44,199,165,2,20251021_121107
1761041429.0038583,3738909,957160704,957.160704,45,200,164,2,20251021_121107
1761041429.0138423,3738948,957170688,957.170688,47,200,164,2,20251021_121107
1761041429.0238264,3738987,957180672,957.180672,48,200,164,2,20251021_121107
1761041429.0338104,3739026,957190656,957.190656,50,200,164,2,20251021_121107
1761041429.0437944,3739065,957200640,957.20064,52,200,163,2,20251021_121107
1761041429.0537784,3739104,957210624,957.210624,53,200,163,2,20251021_121107
1761041429.0640185,3739144,957220864,957.220864,55,200,162,2,20251021_121107
1761041429.0740025,3739183,957230848,957.230848,57,200,161,2,20251021_121107
1761041429.0839863,3739222,957240832,957.240832,59,200,161,2,20251021_121107
1761041429.0939703,3739261,957250816,957.250816,60,200,160,2,20251021_121107
1761041429.1039543,3739300,957260800,957.2608,62,200,160,2,20251021_121107
1761041429.1139383,3739339,957270784,957.270784,64,200,158,2,20251021_121107
1761041429.1239223,3739378,957280768,957.280768,66,200,158,2,20251021_121107
1761041429.1339064,3739417,957290752,957.290752,68,199,157,2,20251021_121107
1761041429.1438904,3739456,957300736,957.300736,70,199,156,2,20251021_121107
1761041429.1538744,3739495,957310720,957.31072,72,200,156,2,20251021_121107
1761041429.1638584,3739534,957320704,957.320704,74,200,153,2,20251021_121107
1761041429.1738424,3739573,957330688,957.330688,76,199,152,2,20251021_121107
1761041429.1838264,3739612,957340672,957.340672,78,199,151,2,20251021_121107
1761041429.1938105,3739651,957350656,957.350656,81,199,150,2,20251021_121107
1761041429.2040503,3739691,957360896,957.360896,83,199,148,2,20251021_121107
1761041429.2140343,3739730,957370880,957.37088,85,200,147,2,20251021_121107
1761041429.2240183,3739769,957380864,957.380864,87,200,145,2,20251021_121107
1761041429.2340024,3739808,957390848,957.390848,90,199,145,2,20251021_121107
1761041429.2439864,3739847,957400832,957.400832,92,200,144,2,20251021_121107
1761041429.2539704,3739886,957410816,957.410816,95,200,142,2,20251021_121107
1761041429.2639544,3739925,957420800,957.4208,97,199,140,2,20251021_121107
1761041429.2739384,3739964,957430784,957.430784,99,200,139,2,20251021_121107
1761041429.2839224,3740003,957440768,957.440768,102,199,138,2,20251021_121107
1761041429.2939065,3740042,957450752,957.450752,104,199,137,2,20251021_121107
1761041429.3038905,3740081,957460736,957.460736,107,199,136,2,20251021_121107
1761041429.3138745,3740120,957470720,957.47072,109,199,136,2,20251021_121107
1761041429.3238585,3740159,957480704,957.480704,111,199,135,2,20251021_121107
1761041429.3338425,3740198,957490688,957.490688,114,199,134,2,20251021_121107
1761041429.3440824,3740238,957500928,957.500928,116,199,133,2,20251021_121107
1761041429.3540664,3740277,957510912,957.510912,118,199,134,2,20251021_121107
1761041429.3640504,3740316,957520896,957.520896,120,199,134,2,20251021_121107
1761041429.3740344,3740355,957530880,957.53088,123,199,135,2,20251021_121107
1761041429.3840184,3740394,957540864,957.540864,125,199,135,2,20251021_121107
1761041429.3940024,3740433,957550848,957.550848,127,199,135,2,20251021_121107
1761041429.4039865,3740472,957560832,957.560832,129,199,135,2,20251021_121107
1761041429.4139705,3740511,957570816,957.570816,131,199,137,2,20251021_121107
1761041429.4239545,3740550,957580800,957.5808,133,199,137,2,20251021_121107
1761041429.4339385,3740589,957590784,957.590784,135,199,138,2,20251021_121107
1761041429.4439223,3740628,957600768,957.600768,138,199,140,2,20251021_121107
1761041429.4539063,3740667,957610752,957.610752,140,199,141,2,20251021_121107
1761041429.4638903,3740706,957620736,957.620736,142,199,142,2,20251021_121107
1761041429.4738743,3740745,957630720,957.63072,144,199,144,2,20251021_121107
1761041429.4838583,3740784,957640704,957.640704,146,199,146,2,20251021_121107
1761041429.4940984,3740824,957650944,957.650944,148,199,149,2,20251021_121107
1761041429.5040824,3740863,957660928,957.660928,151,199,151,2,20251021_121107
1761041429.5140665,3740902,957670912,957.670912,153,199,155,2,20251021_121107
1761041429.5240505,3740941,957680896,957.680896,156,199,158,2,20251021_121107
1761041429.5340345,3740980,957690880,957.69088,159,199,160,2,20251021_121107
1761041429.5440185,3741019,957700864,957.700864,161,199,161,2,20251021_121107
1761041429.5540023,3741058,957710848,957.710848,164,199,162,2,20251021_121107
1761041429.5639863,3741097,957720832,957.720832,167,199,164,2,20251021_121107
1761041429.5739703,3741136,957730816,957.730816,170,199,165,2,20251021_121107
1761041429.5839543,3741175,957740800,957.7408,173,199,166,2,20251021_121107
1761041429.5939384,3741214,957750784,957.750784,176,199,166,2,20251021_121107
1761041429.6039224,3741253,957760768,957.760768,179,199,166,2,20251021_121107
1761041429.6139064,3741292,957770752,957.770752,182,199,167,2,20251021_121107
1761041429.6238904,3741331,957780736,957.780736,185,199,167,2,20251021_121107
1761041429.6341305,3741371,957790976,957.790976,188,199,167,2,20251021_121107
1761041429.6441145,3741410,957800960,957.80096,191,199,167,2,20251021_121107
1761041429.6540985,3741449,957810944,957.810944,194,199,169,2,20251021_121107
1761041429.6640823,3741488,957820928,957.820928,197,199,168,2,20251021_121107
1761041429.6740663,3741527,957830912,957.830912,200,199,168,2,20251021_121107
1761041429.6840503,3741566,957840896,957.840896,203,199,168,2,20251021_121107
1761041429.6940343,3741605,957850880,957.85088,206,199,168,2,20251021_121107
1761041429.7040184,3741644,957860864,957.860864,209,199,169,2,20251021_121107
1761041429.7140024,3741683,957870848,957.870848,212,199,168,2,20251021_121107
1761041429.7239864,3741722,957880832,957.880832,215,200,168,2,20251021_121107
1761041429.7339704,3741761,957890816,957.890816,217,199,169,2,20251021_121107
1761041429.7439544,3741800,957900800,957.9008,220,199,168,2,20251021_121107
1761041429.7539384,3741839,957910784,957.910784,223,199,170,2,20251021_121107
1761041429.7639225,3741878,957920768,957.920768,225,200,168,2,20251021_121107
1761041429.7741623,3741918,957931008,957.931008,228,199,169,2,20251021_121107
1761041429.7841463,3741957,957940992,957.940992,231,199,168,2,20251021_121107
1761041429.7941303,3741996,957950976,957.950976,233,199,169,2,20251021_121107
1761041429.8041143,3742035,957960960,957.96096,235,200,169,2,20251021_121107
1761041429.8140984,3742074,957970944,957.970944,238,199,168,2,20251021_121107
1761041429.8240824,3742113,957980928,957.980928,240,199,168,2,20251021_121107
1761041429.8340664,3742152,957990912,957.990912,243,200,168,2,20251021_121107
1761041429.8440504,3742191,958000896,958.000896,245,199,169,2,20251021_121107
1761041429.8540344,3742230,958010880,958.01088,247,200,169,2,20251021_121107
1761041429.8640184,3742269,958020864,958.020864,249,200,169,2,20251021_121107
1761041429.8740025,3742308,958030848,958.030848,251,200,169,2,20251021_121107
1761041429.8839865,3742347,958040832,958.040832,253,199,169,2,20251021_121107
1761041429.8939705,3742386,958050816,958.050816,0,200,169,2,20251021_121107
1761041429.9042103,3742426,958061056,958.061056,2,200,169,2,20251021_121107
1761041429.9141943,3742465,958071040,958.07104,4,200,168,2,20251021_121107
1761041429.9241784,3742504,958081024,958.081024,6,200,169,2,20251021_121107
1761041429.9341624,3742543,958091008,958.091008,8,200,169,2,20251021_121107
1761041429.9441464,3742582,958100992,958.100992,10,199,168,2,20251021_121107
1761041429.9541304,3742621,958110976,958.110976,12,200,167,2,20251021_121107
1761041429.9643705,3742661,958121216,958.121216,14,200,168,2,20251021_121107
1761041429.9743545,3742700,958131200,958.1312,16,199,168,2,20251021_121107
1761041429.9843383,3742739,958141184,958.141184,17,199,168,2,20251021_121107
1761041429.9943223,3742778,958151168,958.151168,19,199,168,2,20251021_121107
1761041430.0043063,3742817,958161152,958.161152,21,199,168,2,20251021_121107
1761041430.0142903,3742856,958171136,958.171136,22,200,168,2,20251021_121107
1761041430.0242743,3742895,958181120,958.18112,24,199,168,2,20251021_121107
1761041430.0345144,3742935,958191360,958.19136,26,200,167,2,20251021_121107
1761041430.0444984,3742974,958201344,958.201344,27,199,167,2,20251021_121107
1761041430.0544825,3743013,958211328,958.211328,29,199,166,2,20251021_121107
1761041430.0644665,3743052,958221312,958.221312,31,199,165,2,20251021_121107
1761041430.0744505,3743091,958231296,958.231296,33,200,163,2,20251021_121107
1761041430.0844345,3743130,958241280,958.24128,34,199,161,2,20251021_121107
1761041430.0946743,3743170,958251520,958.25152,36,199,158,2,20251021_121107
1761041430.1046584,3743209,958261504,958.261504,38,200,156,2,20251021_121107
1761041430.1146424,3743248,958271488,958.271488,41,200,155,2,20251021_121107
1761041430.1246264,3743287,958281472,958.281472,43,200,151,2,20251021_121107
1761041430.1346104,3743326,958291456,958.291456,45,199,146,2,20251021_121107
1761041430.1445944,3743365,958301440,958.30144,48,199,142,2,20251021_121107
1761041430.1545784,3743404,958311424,958.311424,51,199,137,2,20251021_121107
1761041430.1645625,3743443,958321408,958.321408,54,199,133,2,20251021_121107
1761041430.1748023,3743483,958331648,958.331648,57,200,131,2,20251021_121107
1761041430.1847863,3743522,958341632,958.341632,60,200,128,2,20251021_121107
1761041430.1947703,3743561,958351616,958.351616,63,199,127,2,20251021_121107
1761041430.2047544,3743600,958361600,958.3616,66,200,125,2,20251021_121107
1761041430.2147384,3743639,958371584,958.371584,69,200,125,2,20251021_121107
1761041430.2247224,3743678,958381568,958.381568,72,199,125,2,20251021_121107
1761041430.2347064,3743717,958391552,958.391552,75,199,125,2,20251021_121107
1761041430.2446904,3743756,958401536,958.401536,78,200,125,2,20251021_121107
1761041430.2546744,3743795,958411520,958.41152,81,199,124,2,20251021_121107
1761041430.2646585,3743834,958421504,958.421504,84,199,124,2,20251021_121107
1761041430.2746425,3743873,958431488,958.431488,87,199,124,2,20251021_121107
1761041430.2846265,3743912,958441472,958.441472,90,199,124,2,20251021_121107
1761041430.2948663,3743952,958451712,958.451712,92,199,124,2,20251021_121107
1761041430.3048503,3743991,958461696,958.461696,95,199,124,2,20251021_121107
1761041430.3148344,3744030,958471680,958.47168,98,199,124,2,20251021_121107
1761041430.3248184,3744069,958481664,958.481664,100,199,124,2,20251021_121107
1761041430.3348024,3744108,958491648,958.491648,103,199,124,2,20251021_121107
1761041430.3447864,3744147,958501632,958.501632,105,199,126,2,20251021_121107
1761041430.3547704,3744186,958511616,958.511616,108,199,124,2,20251021_121107
1761041430.3647544,3744225,958521600,958.5216,110,199,126,2,20251021_121107
1761041430.3747385,3744264,958531584,958.531584,113,199,126,2,20251021_121107
1761041430.3847225,3744303,958541568,958.541568,115,199,126,2,20251021_121107
1761041430.3947065,3744342,958551552,958.551552,117,199,126,2,20251021_121107
1761041430.4046905,3744381,958561536,958.561536,119,199,126,2,20251021_121107
1761041430.4146743,3744420,958571520,958.57152,122,199,127,2,20251021_121107
1761041430.4246583,3744459,958581504,958.581504,124,199,127,2,20251021_121107
1761041430.4346423,3744498,958591488,958.591488,126,199,127,2,20251021_121107
1761041430.4448824,3744538,958601728,958.601728,128,199,127,2,20251021_121107
1761041430.4548664,3744577,958611712,958.611712,130,199,127,2,20251021_121107
1761041430.4648504,3744616,958621696,958.621696,132,199,128,2,20251021_121107
1761041430.4748344,3744655,958631680,958.63168,134,199,129,2,20251021_121107
1761041430.4848185,3744694,958641664,958.641664,136,199,131,2,20251021_121107
1761041430.4948025,3744733,958651648,958.651648,138,199,134,2,20251021_121107
1761041430.5047865,3744772,958661632,958.661632,140,199,137,2,20251021_121107
1761041430.5147705,3744811,958671616,958.671616,142,199,141,2,20251021_121107
1761041430.5247543,3744850,958681600,958.6816,144,199,146,2,20251021_121107
1761041430.5347383,3744889,958691584,958.691584,146,199,150,2,20251021_121107
1761041430.5447223,3744928,958701568,958.701568,149,199,155,2,20251021_121107
1761041430.5547063,3744967,958711552,958.711552,152,199,159,2,20251021_121107
1761041430.5646904,3745006,958721536,958.721536,154,199,161,2,20251021_121107
1761041430.5746744,3745045,958731520,958.73152,157,199,162,2,20251021_121107
1761041430.5849144,3745085,958741760,958.74176,160,199,165,2,20251021_121107
1761041430.5948985,3745124,958751744,958.751744,163,199,165,2,20251021_121107
1761041430.6048825,3745163,958761728,958.761728,166,199,166,2,20251021_121107
1761041430.6148665,3745202,958771712,958.771712,169,199,166,2,20251021_121107
1761041430.6248505,3745241,958781696,958.781696,172,199,166,2,20251021_121107
1761041430.6348343,3745280,958791680,958.79168,175,199,166,2,20251021_121107
1761041430.6448183,3745319,958801664,958.801664,178,199,167,2,20251021_121107
1761041430.6548023,3745358,958811648,958.811648,181,199,167,2,20251021_121107
1761041430.6647863,3745397,958821632,958.821632,184,199,167,2,20251021_121107
1761041430.6747704,3745436,958831616,958.831616,187,199,167,2,20251021_121107
1761041430.6847544,3745475,958841600,958.8416,190,199,167,2,20251021_121107
1761041430.6947384,3745514,958851584,958.851584,193,199,167,2,20251021_121107
1761041430.7047224,3745553,958861568,958.861568,196,199,167,2,20251021_121107
1761041430.7147064,3745592,958871552,958.871552,199,199,167,2,20251021_121107
1761041430.7246904,3745631,958881536,958.881536,202,200,167,2,20251021_121107
1761041430.7349305,3745671,958891776,958.891776,205,199,168,2,20251021_121107
1761041430.7449143,3745710,958901760,958.90176,208,199,167,2,20251021_121107
1761041430.7548983,3745749,958911744,958.911744,211,199,168,2,20251021_121107
1761041430.7648823,3745788,958921728,958.921728,213,199,168,2,20251021_121107
1761041430.7748663,3745827,958931712,958.931712,216,200,169,2,20251021_121107
1761041430.7848504,3745866,958941696,958.941696,219,199,168,2,20251021_121107
1761041430.7948344,3745905,958951680,958.95168,222,199,168,2,20251021_121107
1761041430.8048184,3745944,958961664,958.961664,224,199,168,2,20251021_121107
1761041430.8148024,3745983,958971648,958.971648,227,199,168,2,20251021_121107
1761041430.8247864,3746022,958981632,958.981632,229,200,168,2,20251021_121107
1761041430.8347704,3746061,958991616,958.991616,232,199,168,2,20251021_121107
1761041430.8447545,3746100,959001600,959.0016,234,199,168,2,20251021_121107
1761041430.8547385,3746139,959011584,959.011584,237,200,168,2,20251021_121107
1761041430.8647225,3746178,959021568,959.021568,239,200,167,2,20251021_121107
1761041430.8749623,3746218,959031808,959.031808,241,200,167,2,20251021_121107
1761041430.8849463,3746257,959041792,959.041792,244,199,168,2,20251021_121107
1761041430.8949304,3746296,959051776,959.051776,246,199,168,2,20251021_121107
1761041430.9049144,3746335,959061760,959.06176,248,200,169,2,20251021_121107
1761041430.9148984,3746374,959071744,959.071744,250,200,168,2,20251021_121107
1761041430.9248824,3746413,959081728,959.081728,252,200,168,2,20251021_121107
1761041430.9348664,3746452,959091712,959.091712,254,200,168,2,20251021_121107
1761041430.9448504,3746491,959101696,959.101696,1,199,168,2,20251021_121107
1761041430.9548345,3746530,959111680,959.11168,3,199,168,2,20251021_121107
1761041430.9648185,3746569,959121664,959.121664,5,200,168,2,20251021_121107
1761041430.9748025,3746608,959131648,959.131648,7,200,168,2,20251021_121107
1761041430.9847865,3746647,959141632,959.141632,9,200,167,2,20251021_121107
1761041430.9947703,3746686,959151616,959.151616,11,199,167,2,20251021_121107
1761041431.0047543,3746725,959161600,959.1616,13,199,166,2,20251021_121107
1761041431.0149944,3746765,959171840,959.17184,15,200,166,2,20251021_121107
1761041431.0249784,3746804,959181824,959.181824,17,200,166,2,20251021_121107
1761041431.0349624,3746843,959191808,959.191808,19,200,164,2,20251021_121107
1761041431.0449464,3746882,959201792,959.201792,20,199,163,2,20251021_121107
1761041431.0549304,3746921,959211776,959.211776,22,199,160,2,20251021_121107
1761041431.0649145,3746960,959221760,959.22176,24,200,158,2,20251021_121107
1761041431.0748985,3746999,959231744,959.231744,26,200,155,2,20251021_121107
1761041431.0848825,3747038,959241728,959.241728,28,199,152,2,20251021_121107
1761041431.0948665,3747077,959251712,959.251712,31,200,149,2,20251021_121107
1761041431.1048503,3747116,959261696,959.261696,33,200,146,2,20251021_121107
1761041431.1148343,3747155,959271680,959.27168,35,199,144,2,20251021_121107
1761041431.1248183,3747194,959281664,959.281664,38,200,141,2,20251021_121107
1761041431.1348023,3747233,959291648,959.291648,40,200,138,2,20251021_121107
1761041431.1447864,3747272,959301632,959.301632,43,200,134,2,20251021_121107
1761041431.1550264,3747312,959311872,959.311872,46,199,132,2,20251021_121107
1761041431.1650105,3747351,959321856,959.321856,49,200,128,2,20251021_121107
1761041431.1749945,3747390,959331840,959.33184,52,200,128,2,20251021_121107
1761041431.1849785,3747429,959341824,959.341824,55,199,127,2,20251021_121107
1761041431.1949625,3747468,959351808,959.351808,58,200,126,2,20251021_121107
1761041431.2049465,3747507,959361792,959.361792,61,200,124,2,20251021_121107
1761041431.2149303,3747546,959371776,959.371776,64,200,124,2,20251021_121107
1761041431.2249143,3747585,959381760,959.38176,67,200,124,2,20251021_121107
1761041431.2348983,3747624,959391744,959.391744,70,200,125,2,20251021_121107
1761041431.2448823,3747663,959401728,959.401728,73,199,124,2,20251021_121107
1761041431.2548664,3747702,959411712,959.411712,76,199,123,2,20251021_121107
1761041431.2648504,3747741,959421696,959.421696,79,200,123,2,20251021_121107
1761041431.2748344,3747780,959431680,959.43168,82,199,123,2,20251021_121107
1761041431.2848184,3747819,959441664,959.441664,85,199,124,2,20251021_121107
1761041431.2950585,3747859,959451904,959.451904,88,199,124,2,20251021_121107
1761041431.3050425,3747898,959461888,959.461888,91,200,124,2,20251021_121107
1761041431.3150263,3747937,959471872,959.471872,93,200,124,2,20251021_121107
1761041431.3250103,3747976,959481856,959.481856,96,199,124,2,20251021_121107
1761041431.3349943,3748015,959491840,959.49184,99,199,125,2,20251021_121107
1761041431.3449783,3748054,959501824,959.501824,101,199,124,2,20251021_121107
1761041431.3549623,3748093,959511808,959.511808,104,199,126,2,20251021_121107
1761041431.3649464,3748132,959521792,959.521792,106,199,126,2,20251021_121107
1761041431.3749304,3748171,959531776,959.531776,109,199,127,2,20251021_121107
1761041431.3849144,3748210,959541760,959.54176,111,199,127,2,20251021_121107
1761041431.3948984,3748249,959551744,959.551744,113,199,127,2,20251021_121107
1761041431.4048824,3748288,959561728,959.561728,116,199,127,2,20251021_121107
1761041431.4148664,3748327,959571712,959.571712,118,199,128,2,20251021_121107
1761041431.4248505,3748366,959581696,959.581696,120,199,130,2,20251021_121107
1761041431.4350903,3748406,959591936,959.591936,122,199,132,2,20251021_121107
1761041431.4450743,3748445,959601920,959.60192,124,199,134,2,20251021_121107
1761041431.4550583,3748484,959611904,959.611904,127,199,137,2,20251021_121107
1761041431.4650424,3748523,959621888,959.621888,129,199,139,2,20251021_121107
1761041431.4750264,3748562,959631872,959.631872,131,199,141,2,20251021_121107
1761041431.4850104,3748601,959641856,959.641856,133,199,147,2,20251021_121107
1761041431.4949944,3748640,959651840,959.65184,136,199,152,2,20251021_121107
1761041431.5049784,3748679,959661824,959.661824,138,199,157,2,20251021_121107
1761041431.5149624,3748718,959671808,959.671808,141,199,159,2,20251021_121107
1761041431.5249465,3748757,959681792,959.681792,143,199,160,2,20251021_121107
1761041431.5349305,3748796,959691776,959.691776,146,199,162,2,20251021_121107
1761041431.5449145,3748835,959701760,959.70176,149,199,163,2,20251021_121107
1761041431.5548985,3748874,959711744,959.711744,151,199,165,2,20251021_121107
1761041431.5648825,3748913,959721728,959.721728,154,199,165,2,20251021_121107
1761041431.5751224,3748953,959731968,959.731968,157,199,166,2,20251021_121107
1761041431.5851064,3748992,959741952,959.741952,160,199,166,2,20251021_121107
1761041431.5950904,3749031,959751936,959.751936,163,199,166,2,20251021_121107
1761041431.6050744,3749070,959761920,959.76192,166,199,166,2,20251021_121107
1761041431.6150584,3749109,959771904,959.771904,169,199,166,2,20251021_121107
1761041431.6250424,3749148,959781888,959.781888,172,199,167,2,20251021_121107
1761041431.6350265,3749187,959791872,959.791872,175,199,167,2,20251021_121107
1761041431.6450105,3749226,959801856,959.801856,178,199,167,2,20251021_121107
1761041431.6549945,3749265,959811840,959.81184,181,199,168,2,20251021_121107
1761041431.6649785,3749304,959821824,959.821824,184,199,167,2,20251021_121107
1761041431.6749623,3749343,959831808,959.831808,187,199,167,2,20251021_121107
1761041431.6849463,3749382,959841792,959.841792,190,199,167,2,20251021_121107
1761041431.6949303,3749421,959851776,959.851776,193,199,167,2,20251021_121107
1761041431.7049143,3749460,959861760,959.86176,196,199,166,2,20251021_121107
1761041431.7151544,3749500,959872000,959.872,199,199,167,2,20251021_121107
1761041431.7251384,3749539,959881984,959.881984,202,199,167,2,20251021_121107
1761041431.7351224,3749578,959891968,959.891968,205,199,168,2,20251021_121107
1761041431.7451065,3749617,959901952,959.901952,208,199,168,2,20251021_121107
1761041431.7550905,3749656,959911936,959.911936,211,199,169,2,20251021_121107
1761041431.7650745,3749695,959921920,959.92192,214,199,168,2,20251021_121107
1761041431.7750585,3749734,959931904,959.931904,217,199,168,2,20251021_121107
1761041431.7850423,3749773,959941888,959.941888,219,199,168,2,20251021_121107
1761041431.7950263,3749812,959951872,959.951872,222,199,168,2,20251021_121107
1761041431.8050103,3749851,959961856,959.961856,225,199,168,2,20251021_121107
1761041431.8149943,3749890,959971840,959.97184,227,200,168,2,20251021_121107
1761041431.8249784,3749929,959981824,959.981824,230,199,168,2,20251021_121107
1761041431.8349624,3749968,959991808,959.991808,232,200,168,2,20251021_121107
1761041431.8449464,3750007,960001792,960.001792,235,199,168,2,20251021_121107
1761041431.8551865,3750047,960012032,960.012032,237,200,168,2,20251021_121107
1761041431.8651705,3750086,960022016,960.022016,239,200,168,2,20251021_121107
1761041431.8751545,3750125,960032000,960.032,242,199,168,2,20251021_121107
1761041431.8851385,3750164,960041984,960.041984,244,199,168,2,20251021_121107
1761041431.8951223,3750203,960051968,960.051968,246,199,168,2,20251021_121107
1761041431.9051063,3750242,960061952,960.061952,248,200,168,2,20251021_121107
1761041431.9150903,3750281,960071936,960.071936,251,200,168,2,20251021_121107
1761041431.9250743,3750320,960081920,960.08192,253,200,168,2,20251021_121107
1761041431.9350584,3750359,960091904,960.091904,0,199,168,2,20251021_121107
1761041431.9450424,3750398,960101888,960.101888,2,200,168,2,20251021_121107
1761041431.9550264,3750437,960111872,960.111872,4,200,168,2,20251021_121107
1761041431.9650104,3750476,960121856,960.121856,6,199,168,2,20251021_121107
1761041431.9749944,3750515,960131840,960.13184,8,200,168,2,20251021_121107
1761041431.9852345,3750555,960142080,960.14208,10,200,168,2,20251021_121107
1761041431.9952185,3750594,960152064,960.152064,11,200,168,2,20251021_121107
1761041432.0052023,3750633,960162048,960.162048,13,200,167,2,20251021_121107
1761041432.0151863,3750672,960172032,960.172032,15,200,167,2,20251021_121107
1761041432.0251703,3750711,960182016,960.182016,17,199,168,2,20251021_121107
1761041432.0351543,3750750,960192000,960.192,18,200,168,2,20251021_121107
1761041432.0451384,3750789,960201984,960.201984,20,199,168,2,20251021_121107
1761041432.0551224,3750828,960211968,960.211968,22,200,168,2,20251021_121107
1761041432.0651064,3750867,960221952,960.221952,24,199,168,2,20251021_121107
1761041432.0750904,3750906,960231936,960.231936,25,199,168,2,20251021_121107
1761041432.0850744,3750945,960241920,960.24192,27,199,168,2,20251021_121107
1761041432.0950584,3750984,960251904,960.251904,28,199,168,2,20251021_121107
1761041432.1050425,3751023,960261888,960.261888,30,200,168,2,20251021_121107
1761041432.1150265,3751062,960271872,960.271872,32,200,169,2,20251021_121107
1761041432.1252663,3751102,960282112,960.282112,33,200,168,2,20251021_121107
1761041432.1352503,3751141,960292096,960.292096,35,199,168,2,20251021_121107
1761041432.1452343,3751180,960302080,960.30208,36,200,168,2,20251021_121107
1761041432.1552184,3751219,960312064,960.312064,38,199,168,2,20251021_121107
1761041432.1652024,3751258,960322048,960.322048,39,199,168,2,20251021_121107
1761041432.1751864,3751297,960332032,960.332032,41,200,167,2,20251021_121107
1761041432.1851704,3751336,960342016,960.342016,42,201,169,2,20251021_121107
1761041432.1951544,3751375,960352000,960.352,44,200,168,2,20251021_121107
1761041432.2051384,3751414,960361984,960.361984,45,200,168,2,20251021_121107
1761041432.2151225,3751453,960371968,960.371968,47,199,168,2,20251021_121107
1761041432.2251065,3751492,960381952,960.381952,48,199,168,2,20251021_121107
1761041432.2350905,3751531,960391936,960.391936,50,200,167,2,20251021_121107
1761041432.2450745,3751570,960401920,960.40192,51,199,168,2,20251021_121107
1761041432.2550583,3751609,960411904,960.411904,53,199,168,2,20251021_121107
1761041432.2652984,3751649,960422144,960.422144,54,199,167,2,20251021_121107
1761041432.2752824,3751688,960432128,960.432128,56,199,167,2,20251021_121107
1761041432.2852664,3751727,960442112,960.442112,58,199,167,2,20251021_121107
1761041432.2952504,3751766,960452096,960.452096,59,199,167,2,20251021_121107
1761041432.3052344,3751805,960462080,960.46208,61,199,167,2,20251021_121107
1761041432.3152184,3751844,960472064,960.472064,62,199,167,2,20251021_121107
1761041432.3252025,3751883,960482048,960.482048,64,199,166,2,20251021_121107
1761041432.3351865,3751922,960492032,960.492032,65,199,166,2,20251021_121107
1761041432.3451705,3751961,960502016,960.502016,67,200,166,2,20251021_121107
1761041432.3551545,3752000,960512000,960.512,69,199,165,2,20251021_121107
1761041432.3651383,3752039,960521984,960.521984,70,200,165,2,20251021_121107
1761041432.3751223,3752078,960531968,960.531968,72,199,164,2,20251021_121107
1761041432.3851063,3752117,960541952,960.541952,74,200,164,2,20251021_121107
1761041432.3950903,3752156,960551936,960.551936,76,199,163,2,20251021_121107
1761041432.4053304,3752196,960562176,960.562176,77,199,162,2,20251021_121107
1761041432.4153144,3752235,960572160,960.57216,79,199,160,2,20251021_121107
1761041432.4252985,3752274,960582144,960.582144,81,199,159,2,20251021_121107
1761041432.4352825,3752313,960592128,960.592128,83,199,156,2,20251021_121107
1761041432.4452665,3752352,960602112,960.602112,85,199,154,2,20251021_121107
1761041432.4552505,3752391,960612096,960.612096,88,199,153,2,20251021_121107
1761041432.4652345,3752430,960622080,960.62208,90,199,151,2,20251021_121107
1761041432.4752183,3752469,960632064,960.632064,92,199,149,2,20251021_121107
1761041432.4852023,3752508,960642048,960.642048,94,199,146,2,20251021_121107
1761041432.4951863,3752547,960652032,960.652032,97,199,144,2,20251021_121107
1761041432.5051703,3752586,960662016,960.662016,99,199,141,2,20251021_121107
1761041432.5151544,3752625,960672000,960.672,101,199,139,2,20251021_121107
1761041432.5251384,3752664,960681984,960.681984,104,199,137,2,20251021_121107
1761041432.5351224,3752703,960691968,960.691968,106,199,136,2,20251021_121107
1761041432.5453625,3752743,960702208,960.702208,109,199,134,2,20251021_121107
1761041432.5553465,3752782,960712192,960.712192,111,199,134,2,20251021_121107
1761041432.5653305,3752821,960722176,960.722176,113,199,133,2,20251021_121107
1761041432.5753143,3752860,960732160,960.73216,116,199,132,2,20251021_121107
1761041432.5852983,3752899,960742144,960.742144,118,199,132,2,20251021_121107
1761041432.5952823,3752938,960752128,960.752128,120,199,132,2,20251021_121107
1761041432.6052663,3752977,960762112,960.762112,122,199,133,2,20251021_121107
1761041432.6152503,3753016,960772096,960.772096,124,198,133,2,20251021_121107
1761041432.6252344,3753055,960782080,960.78208,127,199,133,2,20251021_121107
1761041432.6352184,3753094,960792064,960.792064,129,199,134,2,20251021_121107
1761041432.6452024,3753133,960802048,960.802048,131,199,135,2,20251021_121107
1761041432.6551864,3753172,960812032,960.812032,133,199,136,2,20251021_121107
1761041432.6651704,3753211,960822016,960.822016,135,199,137,2,20251021_121107
1761041432.6751544,3753250,960832000,960.832,137,199,139,2,20251021_121107
1761041432.6851385,3753289,960841984,960.841984,139,199,140,2,20251021_121107
1761041432.6953783,3753329,960852224,960.852224,141,199,142,2,20251021_121107
1761041432.7053623,3753368,960862208,960.862208,143,199,144,2,20251021_121107
1761041432.7153463,3753407,960872192,960.872192,146,199,146,2,20251021_121107
1761041432.7253304,3753446,960882176,960.882176,148,199,149,2,20251021_121107
1761041432.7353144,3753485,960892160,960.89216,150,199,152,2,20251021_121107
1761041432.7452984,3753524,960902144,960.902144,153,199,155,2,20251021_121107
1761041432.7552824,3753563,960912128,960.912128,155,199,158,2,20251021_121107
1761041432.7652664,3753602,960922112,960.922112,158,199,161,2,20251021_121107
1761041432.7752504,3753641,960932096,960.932096,161,199,162,2,20251021_121107
1761041432.7852345,3753680,960942080,960.94208,164,199,163,2,20251021_121107
1761041432.7952185,3753719,960952064,960.952064,167,199,164,2,20251021_121107
1761041432.8052025,3753758,960962048,960.962048,170,199,165,2,20251021_121107
1761041432.8151865,3753797,960972032,960.972032,173,199,166,2,20251021_121107
1761041432.8251705,3753836,960982016,960.982016,176,199,166,2,20251021_121107
1761041432.8354104,3753876,960992256,960.992256,179,199,167,2,20251021_121107
1761041432.8453944,3753915,961002240,961.00224,182,199,167,2,20251021_121107
1761041432.8553784,3753954,961012224,961.012224,185,199,166,2,20251021_121107
1761041432.8653624,3753993,961022208,961.022208,188,199,167,2,20251021_121107
1761041432.8753464,3754032,961032192,961.032192,191,199,168,2,20251021_121107
1761041432.8853304,3754071,961042176,961.042176,194,199,167,2,20251021_121107
1761041432.8953145,3754110,961052160,961.05216,197,199,167,2,20251021_121107
1761041432.9052985,3754149,961062144,961.062144,200,199,168,2,20251021_121107
1761041432.9152825,3754188,961072128,961.072128,203,199,168,2,20251021_121107
1761041432.9252665,3754227,961082112,961.082112,206,199,169,2,20251021_121107
1761041432.9352503,3754266,961092096,961.092096,209,200,168,2,20251021_121107
1761041432.9452343,3754305,961102080,961.10208,212,199,169,2,20251021_121107
1761041432.9552183,3754344,961112064,961.112064,214,199,168,2,20251021_121107
1761041432.9652023,3754383,961122048,961.122048,217,199,168,2,20251021_121107
1761041432.9754424,3754423,961132288,961.132288,220,199,168,2,20251021_121107
1761041432.9854264,3754462,961142272,961.142272,223,199,168,2,20251021_121107
1761041432.9954104,3754501,961152256,961.152256,225,199,168,2,20251021_121107
1761041433.0053945,3754540,961162240,961.16224,228,199,168,2,20251021_121107
1761041433.0153785,3754579,961172224,961.172224,230,199,168,2,20251021_121107
1761041433.0253625,3754618,961182208,961.182208,233,200,168,2,20251021_121107
1761041433.0353465,3754657,961192192,961.192192,235,199,169,2,20251021_121107
1761041433.0453303,3754696,961202176,961.202176,238,199,170,2,20251021_121107
1761041433.0553143,3754735,961212160,961.21216,240,199,168,2,20251021_121107
1761041433.0652983,3754774,961222144,961.222144,242,200,169,2,20251021_121107
1761041433.0752823,3754813,961232128,961.232128,245,199,169,2,20251021_121107
1761041433.0852664,3754852,961242112,961.242112,247,200,168,2,20251021_121107
1761041433.0952504,3754891,961252096,961.252096,249,199,168,2,20251021_121107
1761041433.1052344,3754930,961262080,961.26208,251,199,168,2,20251021_121107
1761041433.1152184,3754969,961272064,961.272064,253,199,170,2,20251021_121107
1761041433.1254585,3755009,961282304,961.282304,0,199,168,2,20251021_121107
1761041433.1354425,3755048,961292288,961.292288,2,200,168,2,20251021_121107
1761041433.1454265,3755087,961302272,961.302272,4,199,169,2,20251021_121107
1761041433.1554103,3755126,961312256,961.312256,6,199,168,2,20251021_121107
1761041433.1653943,3755165,961322240,961.32224,8,199,184,2,20251021_121107
1761041433.1753783,3755204,961332224,961.332224,10,200,168,2,20251021_121107
1761041433.1853623,3755243,961342208,961.342208,12,200,168,2,20251021_121107
1761041433.1953464,3755282,961352192,961.352192,14,199,168,2,20251021_121107
1761041433.2053304,3755321,961362176,961.362176,15,200,168,2,20251021_121107
1761041433.2153144,3755360,961372160,961.37216,17,200,168,2,20251021_121107
1761041433.2252984,3755399,961382144,961.382144,19,199,168,2,20251021_121107
1761041433.2352824,3755438,961392128,961.392128,21,199,167,2,20251021_121107
1761041433.2452664,3755477,961402112,961.402112,22,200,167,2,20251021_121107
1761041433.2552505,3755516,961412096,961.412096,24,199,167,2,20251021_121107
1761041433.2652345,3755555,961422080,961.42208,26,200,166,2,20251021_121107
1761041433.2754743,3755595,961432320,961.43232,28,199,164,2,20251021_121107
1761041433.2854583,3755634,961442304,961.442304,29,199,160,2,20251021_121107
1761041433.2954423,3755673,961452288,961.452288,31,200,159,2,20251021_121107
1761041433.3054264,3755712,961462272,961.462272,33,200,156,2,20251021_121107
1761041433.3154104,3755751,961472256,961.472256,36,199,152,2,20251021_121107
1761041433.3253944,3755790,961482240,961.48224,38,200,150,2,20251021_121107
1761041433.3353784,3755829,961492224,961.492224,40,199,145,2,20251021_121107
1761041433.3453624,3755868,961502208,961.502208,43,199,142,2,20251021_121107
1761041433.3553464,3755907,961512192,961.512192,46,199,138,2,20251021_121107
1761041433.3653305,3755946,961522176,961.522176,49,199,136,2,20251021_121107
1761041433.3753145,3755985,961532160,961.53216,52,200,133,2,20251021_121107
1761041433.3852985,3756024,961542144,961.542144,55,199,131,2,20251021_121107
1761041433.3952825,3756063,961552128,961.552128,58,200,128,2,20251021_121107
1761041433.4052663,3756102,961562112,961.562112,61,200,127,2,20251021_121107
1761041433.4155064,3756142,961572352,961.572352,64,199,125,2,20251021_121107
1761041433.4254904,3756181,961582336,961.582336,67,199,125,2,20251021_121107
1761041433.4354744,3756220,961592320,961.59232,70,199,126,2,20251021_121107
1761041433.4454584,3756259,961602304,961.602304,73,199,125,2,20251021_121107
1761041433.4554424,3756298,961612288,961.612288,76,199,124,2,20251021_121107
1761041433.4654264,3756337,961622272,961.622272,79,199,125,2,20251021_121107
1761041433.4754105,3756376,961632256,961.632256,82,199,126,2,20251021_121107
1761041433.4853945,3756415,961642240,961.64224,85,199,125,2,20251021_121107
1761041433.4953785,3756454,961652224,961.652224,88,199,125,2,20251021_121107
1761041433.5053625,3756493,961662208,961.662208,91,199,126,2,20251021_121107
1761041433.5153463,3756532,961672192,961.672192,93,199,125,2,20251021_121107
1761041433.5253303,3756571,961682176,961.682176,96,199,125,2,20251021_121107
1761041433.5353143,3756610,961692160,961.69216,99,199,125,2,20251021_121107
1761041433.5452983,3756649,961702144,961.702144,101,199,124,2,20251021_121107
1761041433.5555384,3756689,961712384,961.712384,104,199,124,2,20251021_121107
1761041433.5655224,3756728,961722368,961.722368,106,199,125,2,20251021_121107
1761041433.5755064,3756767,961732352,961.732352,109,199,125,2,20251021_121107
1761041433.5854905,3756806,961742336,961.742336,111,199,125,2,20251021_121107
1761041433.5954745,3756845,961752320,961.75232,113,199,126,2,20251021_121107
1761041433.6054585,3756884,961762304,961.762304,116,199,127,2,20251021_121107
1761041433.6154425,3756923,961772288,961.772288,118,199,127,2,20251021_121107
1761041433.6254263,3756962,961782272,961.782272,120,199,127,2,20251021_121107
1761041433.6354103,3757001,961792256,961.792256,122,198,128,2,20251021_121107
1761041433.6453943,3757040,961802240,961.80224,124,199,130,2,20251021_121107
1761041433.6553783,3757079,961812224,961.812224,126,199,131,2,20251021_121107
1761041433.6653624,3757118,961822208,961.822208,129,199,133,2,20251021_121107
1761041433.6753464,3757157,961832192,961.832192,131,199,136,2,20251021_121107
1761041433.6853304,3757196,961842176,961.842176,133,199,140,2,20251021_121107
1761041433.6955705,3757236,961852416,961.852416,135,199,145,2,20251021_121107
1761041433.7055545,3757275,961862400,961.8624,137,199,152,2,20251021_121107
1761041433.7155385,3757314,961872384,961.872384,140,199,156,2,20251021_121107
1761041433.7255225,3757353,961882368,961.882368,142,199,159,2,20251021_121107
1761041433.7355063,3757392,961892352,961.892352,145,199,160,2,20251021_121107
1761041433.7454903,3757431,961902336,961.902336,148,199,162,2,20251021_121107
1761041433.7554743,3757470,961912320,961.91232,150,199,164,2,20251021_121107
1761041433.7654583,3757509,961922304,961.922304,153,199,165,2,20251021_121107
1761041433.7754424,3757548,961932288,961.932288,156,199,166,2,20251021_121107
1761041433.7854264,3757587,961942272,961.942272,159,199,166,2,20251021_121107
1761041433.7954104,3757626,961952256,961.952256,162,199,165,2,20251021_121107
1761041433.8053944,3757665,961962240,961.96224,165,199,166,2,20251021_121107
1761041433.8153784,3757704,961972224,961.972224,168,199,166,2,20251021_121107
1761041433.8253624,3757743,961982208,961.982208,171,199,166,2,20251021_121107
1761041433.8353465,3757782,961992192,961.992192,174,199,167,2,20251021_121107
1761041433.8455863,3757822,962002432,962.002432,177,199,167,2,20251021_121107
1761041433.8555703,3757861,962012416,962.012416,180,199,167,2,20251021_121107
1761041433.8655543,3757900,962022400,962.0224,183,199,167,2,20251021_121107
1761041433.8755383,3757939,962032384,962.032384,186,199,167,2,20251021_121107
1761041433.8855224,3757978,962042368,962.042368,189,199,167,2,20251021_121107
1761041433.8955064,3758017,962052352,962.052352,192,199,168,2,20251021_121107
1761041433.9054904,3758056,962062336,962.062336,195,199,168,2,20251021_121107
1761041433.9154744,3758095,962072320,962.07232,198,199,168,2,20251021_121107
1761041433.9254584,3758134,962082304,962.082304,201,199,167,2,20251021_121107
1761041433.9354424,3758173,962092288,962.092288,204,199,168,2,20251021_121107
1761041433.9454265,3758212,962102272,962.102272,207,199,169,2,20251021_121107
1761041433.9554105,3758251,962112256,962.112256,210,199,168,2,20251021_121107
1761041433.9653945,3758290,962122240,962.12224,213,199,168,2,20251021_121107
1761041433.9753785,3758329,962132224,962.132224,216,199,168,2,20251021_121107
1761041433.9856184,3758369,962142464,962.142464,218,199,168,2,20251021_121107
1761041433.9956024,3758408,962152448,962.152448,221,199,167,2,20251021_121107
1761041434.0055864,3758447,962162432,962.162432,224,199,167,2,20251021_121107
1761041434.0155704,3758486,962172416,962.172416,226,199,168,2,20251021_121107
1761041434.0255544,3758525,962182400,962.1824,229,199,168,2,20251021_121107
1761041434.0355384,3758564,962192384,962.192384,231,199,168,2,20251021_121107
1761041434.0455225,3758603,962202368,962.202368,234,199,168,2,20251021_121107
1761041434.0555065,3758642,962212352,962.212352,236,199,168,2,20251021_121107
1761041434.0654905,3758681,962222336,962.222336,239,199,169,2,20251021_121107
1761041434.0754745,3758720,962232320,962.23232,241,199,168,2,20251021_121107
1761041434.0854585,3758759,962242304,962.242304,243,199,168,2,20251021_121107
1761041434.0954423,3758798,962252288,962.252288,245,199,168,2,20251021_121107
1761041434.1054263,3758837,962262272,962.262272,248,199,168,2,20251021_121107
1761041434.1154103,3758876,962272256,962.272256,250,199,168,2,20251021_121107
1761041434.1253943,3758915,962282240,962.28224,252,199,168,2,20251021_121107
1761041434.1356344,3758955,962292480,962.29248,254,200,168,2,20251021_121107
1761041434.1456184,3758994,962302464,962.302464,1,199,167,2,20251021_121107
1761041434.1556025,3759033,962312448,962.312448,3,200,168,2,20251021_121107
1761041434.1655865,3759072,962322432,962.322432,5,199,168,2,20251021_121107
1761041434.1755705,3759111,962332416,962.332416,7,200,167,2,20251021_121107
1761041434.1855545,3759150,962342400,962.3424,9,199,167,2,20251021_121107
1761041434.1955383,3759189,962352384,962.352384,11,199,167,2,20251021_121107
1761041434.2055223,3759228,962362368,962.362368,13,200,166,2,20251021_121107
1761041434.2155063,3759267,962372352,962.372352,14,200,167,2,20251021_121107
1761041434.2254903,3759306,962382336,962.382336,16,200,165,2,20251021_121107
1761041434.2354743,3759345,962392320,962.39232,18,199,163,2,20251021_121107
1761041434.2454584,3759384,962402304,962.402304,20,199,161,2,20251021_121107
1761041434.2554424,3759423,962412288,962.412288,22,199,158,2,20251021_121107
1761041434.2654264,3759462,962422272,962.422272,24,200,155,2,20251021_121107
1761041434.2756665,3759502,962432512,962.432512,26,199,152,2,20251021_121107
1761041434.2856505,3759541,962442496,962.442496,28,200,150,2,20251021_121107
1761041434.2956345,3759580,962452480,962.45248,31,199,148,2,20251021_121107
1761041434.3056183,3759619,962462464,962.462464,33,200,144,2,20251021_121107
1761041434.3156023,3759658,962472448,962.472448,35,199,142,2,20251021_121107
1761041434.3255863,3759697,962482432,962.482432,38,200,140,2,20251021_121107
1761041434.3355703,3759736,962492416,962.492416,41,199,137,2,20251021_121107
1761041434.3455544,3759775,962502400,962.5024,43,199,134,2,20251021_121107
1761041434.3555384,3759814,962512384,962.512384,46,199,134,2,20251021_121107
1761041434.3655224,3759853,962522368,962.522368,49,200,131,2,20251021_121107
1761041434.3755064,3759892,962532352,962.532352,52,200,128,2,20251021_121107
1761041434.3854904,3759931,962542336,962.542336,55,199,127,2,20251021_121107
1761041434.3954744,3759970,962552320,962.55232,58,199,127,2,20251021_121107
1761041434.4054585,3760009,962562304,962.562304,61,199,127,2,20251021_121107
1761041434.4156983,3760049,962572544,962.572544,65,200,126,2,20251021_121107
1761041434.4256823,3760088,962582528,962.582528,68,199,124,2,20251021_121107
1761041434.4356663,3760127,962592512,962.592512,71,199,124,2,20251021_121107
1761041434.4456503,3760166,962602496,962.602496,74,200,124,2,20251021_121107
1761041434.4556344,3760205,962612480,962.61248,77,199,124,2,20251021_121107
1761041434.4656184,3760244,962622464,962.622464,79,199,125,2,20251021_121107
1761041434.4756024,3760283,962632448,962.632448,82,199,126,2,20251021_121107
1761041434.4855864,3760322,962642432,962.642432,85,199,125,2,20251021_121107
1761041434.4955704,3760361,962652416,962.652416,88,199,126,2,20251021_121107
1761041434.5055544,3760400,962662400,962.6624,91,199,125,2,20251021_121107
1761041434.5155385,3760439,962672384,962.672384,93,199,126,2,20251021_121107
1761041434.5255225,3760478,962682368,962.682368,96,199,126,2,20251021_121107
1761041434.5355065,3760517,962692352,962.692352,99,199,126,2,20251021_121107
1761041434.5454905,3760556,962702336,962.702336,101,199,126,2,20251021_121107
1761041434.5554743,3760595,962712320,962.71232,104,199,127,2,20251021_121107
1761041434.5657144,3760635,962722560,962.72256,106,199,127,2,20251021_121107
1761041434.5756984,3760674,962732544,962.732544,109,199,127,2,20251021_121107
1761041434.5856824,3760713,962742528,962.742528,111,199,127,2,20251021_121107
1761041434.5956664,3760752,962752512,962.752512,113,199,127,2,20251021_121107
1761041434.6056504,3760791,962762496,962.762496,116,199,127,2,20251021_121107
1761041434.6156344,3760830,962772480,962.77248,118,199,128,2,20251021_121107
1761041434.6256185,3760869,962782464,962.782464,120,199,130,2,20251021_121107
1761041434.6356025,3760908,962792448,962.792448,122,198,131,2,20251021_121107
1761041434.6455865,3760947,962802432,962.802432,124,199,133,2,20251021_121107
1761041434.6555705,3760986,962812416,962.812416,127,199,135,2,20251021_121107
1761041434.6655543,3761025,962822400,962.8224,129,199,138,2,20251021_121107
1761041434.6755383,3761064,962832384,962.832384,131,199,140,2,20251021_121107
1761041434.6855223,3761103,962842368,962.842368,133,200,144,2,20251021_121107
1761041434.6955063,3761142,962852352,962.852352,136,199,148,2,20251021_121107
1761041434.7057464,3761182,962862592,962.862592,138,199,153,2,20251021_121107
1761041434.7157304,3761221,962872576,962.872576,140,199,156,2,20251021_121107
1761041434.7257144,3761260,962882560,962.88256,143,199,158,2,20251021_121107
1761041434.7356985,3761299,962892544,962.892544,146,199,160,2,20251021_121107
1761041434.7456825,3761338,962902528,962.902528,148,199,162,2,20251021_121107
1761041434.7556665,3761377,962912512,962.912512,151,200,163,2,20251021_121107
1761041434.7656505,3761416,962922496,962.922496,154,199,164,2,20251021_121107
1761041434.7756343,3761455,962932480,962.93248,157,199,166,2,20251021_121107
1761041434.7856183,3761494,962942464,962.942464,160,199,166,2,20251021_121107
1761041434.7956023,3761533,962952448,962.952448,162,199,165,2,20251021_121107
1761041434.8055863,3761572,962962432,962.962432,165,199,166,2,20251021_121107
1761041434.8155704,3761611,962972416,962.972416,168,199,166,2,20251021_121107
1761041434.8255544,3761650,962982400,962.9824,171,199,166,2,20251021_121107
1761041434.8355384,3761689,962992384,962.992384,174,199,166,2,20251021_121107
1761041434.8455224,3761728,963002368,963.002368,177,199,166,2,20251021_121107
1761041434.8557625,3761768,963012608,963.012608,180,199,166,2,20251021_121107
1761041434.8657465,3761807,963022592,963.022592,184,199,167,2,20251021_121107
1761041434.8757305,3761846,963032576,963.032576,187,199,167,2,20251021_121107
1761041434.8857143,3761885,963042560,963.04256,190,199,167,2,20251021_121107
1761041434.8956983,3761924,963052544,963.052544,193,199,167,2,20251021_121107
1761041434.9056823,3761963,963062528,963.062528,196,199,167,2,20251021_121107
1761041434.9156663,3762002,963072512,963.072512,199,199,168,2,20251021_121107
1761041434.9256504,3762041,963082496,963.082496,202,199,167,2,20251021_121107
1761041434.9356344,3762080,963092480,963.09248,205,199,167,2,20251021_121107
1761041434.9456184,3762119,963102464,963.102464,207,199,168,2,20251021_121107
1761041434.9556024,3762158,963112448,963.112448,210,199,167,2,20251021_121107
1761041434.9655864,3762197,963122432,963.122432,213,199,167,2,20251021_121107
1761041434.9755704,3762236,963132416,963.132416,216,199,168,2,20251021_121107
1761041434.9855545,3762275,963142400,963.1424,219,199,168,2,20251021_121107
1761041434.9957943,3762315,963152640,963.15264,221,199,168,2,20251021_121107
1761041435.0057783,3762354,963162624,963.162624,224,199,168,2,20251021_121107
1761041435.0157623,3762393,963172608,963.172608,227,199,168,2,20251021_121107
1761041435.0257463,3762432,963182592,963.182592,229,199,168,2,20251021_121107
1761041435.0357304,3762471,963192576,963.192576,232,199,168,2,20251021_121107
1761041435.0457144,3762510,963202560,963.20256,234,199,168,2,20251021_121107
1761041435.0556984,3762549,963212544,963.212544,237,199,168,2,20251021_121107
1761041435.0656824,3762588,963222528,963.222528,239,200,168,2,20251021_121107
1761041435.0756664,3762627,963232512,963.232512,241,199,168,2,20251021_121107
1761041435.0856504,3762666,963242496,963.242496,244,199,168,2,20251021_121107
1761041435.0956345,3762705,963252480,963.25248,246,199,168,2,20251021_121107
1761041435.1056185,3762744,963262464,963.262464,248,199,168,2,20251021_121107
1761041435.1156025,3762783,963272448,963.272448,250,199,168,2,20251021_121107
1761041435.1255865,3762822,963282432,963.282432,252,199,168,2,20251021_121107
1761041435.1358263,3762862,963292672,963.292672,254,199,168,2,20251021_121107
1761041435.1458104,3762901,963302656,963.302656,1,199,168,2,20251021_121107
1761041435.1557944,3762940,963312640,963.31264,3,199,168,2,20251021_121107
1761041435.1657784,3762979,963322624,963.322624,5,200,168,2,20251021_121107
1761041435.1757624,3763018,963332608,963.332608,7,199,169,2,20251021_121107
1761041435.1857464,3763057,963342592,963.342592,9,200,169,2,20251021_121107
1761041435.1957304,3763096,963352576,963.352576,11,199,169,2,20251021_121107
1761041435.2057145,3763135,963362560,963.36256,13,199,169,2,20251021_121107
1761041435.2156985,3763174,963372544,963.372544,15,199,168,2,20251021_121107
1761041435.2256825,3763213,963382528,963.382528,16,200,168,2,20251021_121107
1761041435.2356665,3763252,963392512,963.392512,18,199,169,2,20251021_121107
1761041435.2456503,3763291,963402496,963.402496,20,200,169,2,20251021_121107
1761041435.2556343,3763330,963412480,963.41248,21,199,169,2,20251021_121107
1761041435.2656183,3763369,963422464,963.422464,23,199,169,2,20251021_121107
1761041435.2756023,3763408,963432448,963.432448,25,199,171,2,20251021_121107
1761041435.2858424,3763448,963442688,963.442688,26,199,169,2,20251021_121107
1761041435.2958264,3763487,963452672,963.452672,28,199,169,2,20251021_121107
1761041435.3058105,3763526,963462656,963.462656,30,199,169,2,20251021_121107
1761041435.3157945,3763565,963472640,963.47264,31,199,170,2,20251021_121107
1761041435.3257785,3763604,963482624,963.482624,33,199,169,2,20251021_121107
1761041435.3357625,3763643,963492608,963.492608,34,200,169,2,20251021_121107
1761041435.3457465,3763682,963502592,963.502592,36,199,169,2,20251021_121107
1761041435.3557303,3763721,963512576,963.512576,37,199,169,2,20251021_121107
1761041435.3657143,3763760,963522560,963.52256,39,199,168,2,20251021_121107
1761041435.3756983,3763799,963532544,963.532544,40,200,169,2,20251021_121107
1761041435.3856823,3763838,963542528,963.542528,42,200,168,2,20251021_121107
1761041435.3956664,3763877,963552512,963.552512,43,199,168,2,20251021_121107
1761041435.4056504,3763916,963562496,963.562496,45,200,168,2,20251021_121107
1761041435.4156344,3763955,963572480,963.57248,46,199,168,2,20251021_121107
1761041435.4258745,3763995,963582720,963.58272,48,200,169,2,20251021_121107
1761041435.4358585,3764034,963592704,963.592704,49,200,168,2,20251021_121107
1761041435.4458425,3764073,963602688,963.602688,51,200,169,2,20251021_121107
1761041435.4558263,3764112,963612672,963.612672,52,200,168,2,20251021_121107
1761041435.4658103,3764151,963622656,963.622656,54,200,168,2,20251021_121107
1761041435.4757943,3764190,963632640,963.63264,55,200,168,2,20251021_121107
1761041435.4857783,3764229,963642624,963.642624,57,199,167,2,20251021_121107
1761041435.4957623,3764268,963652608,963.652608,59,199,168,2,20251021_121107
1761041435.5057464,3764307,963662592,963.662592,60,199,167,2,20251021_121107
1761041435.5157304,3764346,963672576,963.672576,62,199,167,2,20251021_121107
1761041435.5257144,3764385,963682560,963.68256,63,199,167,2,20251021_121107
1761041435.5356984,3764424,963692544,963.692544,65,199,166,2,20251021_121107
1761041435.5456824,3764463,963702528,963.702528,66,200,166,2,20251021_121107
1761041435.5556664,3764502,963712512,963.712512,68,199,165,2,20251021_121107
1761041435.5656505,3764541,963722496,963.722496,70,199,164,2,20251021_121107
1761041435.5758903,3764581,963732736,963.732736,72,200,164,2,20251021_121107
1761041435.5858743,3764620,963742720,963.74272,73,200,163,2,20251021_121107
1761041435.5958583,3764659,963752704,963.752704,75,200,160,2,20251021_121107
1761041435.6058424,3764698,963762688,963.762688,77,200,156,2,20251021_121107
1761041435.6158264,3764737,963772672,963.772672,79,199,154,2,20251021_121107
1761041435.6258104,3764776,963782656,963.782656,81,199,151,2,20251021_121107
1761041435.6357944,3764815,963792640,963.79264,84,199,148,2,20251021_121107
1761041435.6457784,3764854,963802624,963.802624,86,199,145,2,20251021_121107
1761041435.6557624,3764893,963812608,963.812608,88,199,144,2,20251021_121107
1761041435.6657465,3764932,963822592,963.822592,91,199,140,2,20251021_121107
1761041435.6757305,3764971,963832576,963.832576,93,199,138,2,20251021_121107
1761041435.6857145,3765010,963842560,963.84256,96,199,135,2,20251021_121107
1761041435.6956985,3765049,963852544,963.852544,98,199,133,2,20251021_121107
1761041435.7056825,3765088,963862528,963.862528,101,199,132,2,20251021_121107
1761041435.7159224,3765128,963872768,963.872768,103,199,130,2,20251021_121107
1761041435.7259064,3765167,963882752,963.882752,106,199,128,2,20251021_121107
1761041435.7358904,3765206,963892736,963.892736,108,199,128,2,20251021_121107
1761041435.7458744,3765245,963902720,963.90272,111,199,127,2,20251021_121107
1761041435.7558584,3765284,963912704,963.912704,113,199,127,2,20251021_121107
1761041435.7658424,3765323,963922688,963.922688,115,199,127,2,20251021_121107
1761041435.7758265,3765362,963932672,963.932672,118,199,127,2,20251021_121107
1761041435.7858105,3765401,963942656,963.942656,120,199,127,2,20251021_121107
1761041435.7957945,3765440,963952640,963.95264,122,199,127,2,20251021_121107
1761041435.8057785,3765479,963962624,963.962624,124,199,127,2,20251021_121107
1761041435.8157623,3765518,963972608,963.972608,126,199,127,2,20251021_121107
1761041435.8257463,3765557,963982592,963.982592,128,199,128,2,20251021_121107
1761041435.8357303,3765596,963992576,963.992576,130,199,128,2,20251021_121107
1761041435.8457143,3765635,964002560,964.00256,132,199,130,2,20251021_121107
1761041435.8556983,3765674,964012544,964.012544,134,199,131,2,20251021_121107
1761041435.8659384,3765714,964022784,964.022784,136,199,132,2,20251021_121107
1761041435.8759224,3765753,964032768,964.032768,138,199,133,2,20251021_121107
1761041435.8859065,3765792,964042752,964.042752,140,199,134,2,20251021_121107
1761041435.8958905,3765831,964052736,964.052736,142,199,136,2,20251021_121107
1761041435.9058745,3765870,964062720,964.06272,144,199,138,2,20251021_121107
1761041435.9158585,3765909,964072704,964.072704,146,199,140,2,20251021_121107
1761041435.9258423,3765948,964082688,964.082688,148,199,144,2,20251021_121107
1761041435.9358263,3765987,964092672,964.092672,151,199,147,2,20251021_121107
1761041435.9458103,3766026,964102656,964.102656,153,199,151,2,20251021_121107
1761041435.9557943,3766065,964112640,964.11264,155,199,155,2,20251021_121107
1761041435.9657784,3766104,964122624,964.122624,158,199,158,2,20251021_121107
1761041435.9757624,3766143,964132608,964.132608,161,200,161,2,20251021_121107
1761041435.9857464,3766182,964142592,964.142592,163,199,163,2,20251021_121107
1761041435.9957304,3766221,964152576,964.152576,166,199,164,2,20251021_121107
1761041436.0059705,3766261,964162816,964.162816,169,199,166,2,20251021_121107
1761041436.0159545,3766300,964172800,964.1728,172,199,166,2,20251021_121107
1761041436.0259385,3766339,964182784,964.182784,175,199,166,2,20251021_121107
1761041436.0359223,3766378,964192768,964.192768,178,199,166,2,20251021_121107
1761041436.0459063,3766417,964202752,964.202752,181,199,167,2,20251021_121107
1761041436.0558903,3766456,964212736,964.212736,184,199,167,2,20251021_121107
1761041436.0658743,3766495,964222720,964.22272,187,199,167,2,20251021_121107
1761041436.0758584,3766534,964232704,964.232704,190,199,167,2,20251021_121107
1761041436.0858424,3766573,964242688,964.242688,193,199,167,2,20251021_121107
1761041436.0958264,3766612,964252672,964.252672,196,199,167,2,20251021_121107
1761041436.1058104,3766651,964262656,964.262656,199,199,168,2,20251021_121107
1761041436.1157944,3766690,964272640,964.27264,202,199,168,2,20251021_121107
1761041436.1257784,3766729,964282624,964.282624,205,199,168,2,20251021_121107
1761041436.1357625,3766768,964292608,964.292608,208,199,168,2,20251021_121107
1761041436.1460023,3766808,964302848,964.302848,211,199,168,2,20251021_121107
1761041436.1559863,3766847,964312832,964.312832,214,199,168,2,20251021_121107
1761041436.1659703,3766886,964322816,964.322816,216,199,169,2,20251021_121107
1761041436.1759543,3766925,964332800,964.3328,219,199,168,2,20251021_121107
1761041436.1859384,3766964,964342784,964.342784,222,199,168,2,20251021_121107
1761041436.1959224,3767003,964352768,964.352768,225,199,168,2,20251021_121107
1761041436.2059064,3767042,964362752,964.362752,227,199,168,2,20251021_121107
1761041436.2158904,3767081,964372736,964.372736,230,200,168,2,20251021_121107
1761041436.2258744,3767120,964382720,964.38272,232,199,168,2,20251021_121107
1761041436.2358584,3767159,964392704,964.392704,235,199,168,2,20251021_121107
1761041436.2458425,3767198,964402688,964.402688,237,199,168,2,20251021_121107
1761041436.2558265,3767237,964412672,964.412672,239,200,168,2,20251021_121107
1761041436.2658105,3767276,964422656,964.422656,242,200,168,2,20251021_121107
1761041436.2757945,3767315,964432640,964.43264,244,200,168,2,20251021_121107
1761041436.2860343,3767355,964442880,964.44288,246,199,169,2,20251021_121107
1761041436.2960184,3767394,964452864,964.452864,248,199,168,2,20251021_121107
1761041436.3060024,3767433,964462848,964.462848,251,200,169,2,20251021_121107
1761041436.3159864,3767472,964472832,964.472832,253,199,168,2,20251021_121107
1761041436.3259704,3767511,964482816,964.482816,0,200,168,2,20251021_121107
1761041436.3359544,3767550,964492800,964.4928,2,199,169,2,20251021_121107
1761041436.3459384,3767589,964502784,964.502784,4,200,168,2,20251021_121107
1761041436.3559225,3767628,964512768,964.512768,6,199,168,2,20251021_121107
1761041436.3659065,3767667,964522752,964.522752,8,199,168,2,20251021_121107
1761041436.3758905,3767706,964532736,964.532736,9,199,168,2,20251021_121107
1761041436.3858745,3767745,964542720,964.54272,11,199,168,2,20251021_121107
1761041436.3958583,3767784,964552704,964.552704,13,200,168,2,20251021_121107
1761041436.4058423,3767823,964562688,964.562688,15,199,168,2,20251021_121107
1761041436.4158263,3767862,964572672,964.572672,17,200,168,2,20251021_121107
1761041436.4260664,3767902,964582912,964.582912,19,200,167,2,20251021_121107
1761041436.4360504,3767941,964592896,964.592896,20,200,168,2,20251021_121107
1761041436.4460344,3767980,964602880,964.60288,22,199,166,2,20251021_121107
1761041436.4560184,3768019,964612864,964.612864,24,199,166,2,20251021_121107
1761041436.4660025,3768058,964622848,964.622848,26,199,164,2,20251021_121107
1761041436.4759865,3768097,964632832,964.632832,27,200,162,2,20251021_121107
1761041436.4859705,3768136,964642816,964.642816,29,200,159,2,20251021_121107
1761041436.4959545,3768175,964652800,964.6528,31,200,155,2,20251021_121107
1761041436.5059383,3768214,964662784,964.662784,33,200,153,2,20251021_121107
1761041436.5159223,3768253,964672768,964.672768,35,199,150,2,20251021_121107
1761041436.5259063,3768292,964682752,964.682752,38,199,148,2,20251021_121107
1761041436.5358903,3768331,964692736,964.692736,40,200,144,2,20251021_121107
1761041436.5458744,3768370,964702720,964.70272,43,199,140,2,20251021_121107
1761041436.5558584,3768409,964712704,964.712704,46,199,138,2,20251021_121107
1761041436.5658424,3768448,964722688,964.722688,48,199,134,2,20251021_121107
1761041436.5760825,3768488,964732928,964.732928,51,200,132,2,20251021_121107
1761041436.5860665,3768527,964742912,964.742912,54,199,129,2,20251021_121107
1761041436.5960505,3768566,964752896,964.752896,58,200,127,2,20251021_121107
1761041436.6060345,3768605,964762880,964.76288,61,199,127,2,20251021_121107
1761041436.6160183,3768644,964772864,964.772864,64,199,124,2,20251021_121107
1761041436.6260023,3768683,964782848,964.782848,67,200,124,2,20251021_121107
1761041436.6359863,3768722,964792832,964.792832,70,199,125,2,20251021_121107
1761041436.6459703,3768761,964802816,964.802816,73,200,125,2,20251021_121107
1761041436.6559544,3768800,964812800,964.8128,76,199,124,2,20251021_121107
1761041436.6659384,3768839,964822784,964.822784,79,199,123,2,20251021_121107
1761041436.6759224,3768878,964832768,964.832768,82,200,124,2,20251021_121107
1761041436.6859064,3768917,964842752,964.842752,84,199,124,2,20251021_121107
1761041436.6958904,3768956,964852736,964.852736,87,199,124,2,20251021_121107
1761041436.7058744,3768995,964862720,964.86272,90,199,124,2,20251021_121107
1761041436.7161143,3769035,964872960,964.87296,93,199,124,2,20251021_121107
1761041436.7260983,3769074,964882944,964.882944,95,199,125,2,20251021_121107
1761041436.7360823,3769113,964892928,964.892928,98,199,125,2,20251021_121107
1761041436.7460663,3769152,964902912,964.902912,101,199,126,2,20251021_121107
1761041436.7560503,3769191,964912896,964.912896,103,199,127,2,20251021_121107
1761041436.7660344,3769230,964922880,964.92288,106,198,127,2,20251021_121107
1761041436.7760184,3769269,964932864,964.932864,108,199,127,2,20251021_121107
1761041436.7860024,3769308,964942848,964.942848,111,199,127,2,20251021_121107
1761041436.7959864,3769347,964952832,964.952832,113,199,128,2,20251021_121107
1761041436.8059704,3769386,964962816,964.962816,115,199,128,2,20251021_121107
1761041436.8159544,3769425,964972800,964.9728,117,199,130,2,20251021_121107
1761041436.8259385,3769464,964982784,964.982784,120,199,132,2,20251021_121107
1761041436.8359225,3769503,964992768,964.992768,122,199,134,2,20251021_121107
1761041436.8459065,3769542,965002752,965.002752,124,199,136,2,20251021_121107
1761041436.8561463,3769582,965012992,965.012992,126,199,140,2,20251021_121107
1761041436.8661304,3769621,965022976,965.022976,128,199,144,2,20251021_121107
1761041436.8761144,3769660,965032960,965.03296,131,199,148,2,20251021_121107
1761041436.8860984,3769699,965042944,965.042944,133,200,154,2,20251021_121107
1761041436.8960824,3769738,965052928,965.052928,136,199,157,2,20251021_121107
1761041436.9060664,3769777,965062912,965.062912,138,199,160,2,20251021_121107
1761041436.9160504,3769816,965072896,965.072896,141,199,162,2,20251021_121107
1761041436.9260345,3769855,965082880,965.08288,143,199,162,2,20251021_121107
1761041436.9360185,3769894,965092864,965.092864,146,199,165,2,20251021_121107
1761041436.9460025,3769933,965102848,965.102848,149,199,165,2,20251021_121107
1761041436.9559865,3769972,965112832,965.112832,152,199,166,2,20251021_121107
1761041436.9659705,3770011,965122816,965.122816,154,199,166,2,20251021_121107
1761041436.9759543,3770050,965132800,965.1328,157,199,166,2,20251021_121107
1761041436.9859383,3770089,965142784,965.142784,160,199,166,2,20251021_121107
1761041436.9959223,3770128,965152768,965.152768,163,200,167,2,20251021_121107
1761041437.0061624,3770168,965163008,965.163008,166,199,167,2,20251021_121107
1761041437.0161464,3770207,965172992,965.172992,169,199,167,2,20251021_121107
1761041437.0261304,3770246,965182976,965.182976,172,199,167,2,20251021_121107
1761041437.0361145,3770285,965192960,965.19296,175,200,168,2,20251021_121107
1761041437.0460985,3770324,965202944,965.202944,178,199,168,2,20251021_121107
1761041437.0560825,3770363,965212928,965.212928,181,199,167,2,20251021_121107
1761041437.0660665,3770402,965222912,965.222912,185,199,168,2,20251021_121107
1761041437.0760503,3770441,965232896,965.232896,188,199,168,2,20251021_121107
1761041437.0860343,3770480,965242880,965.24288,191,200,168,2,20251021_121107
1761041437.0960183,3770519,965252864,965.252864,194,199,168,2,20251021_121107
1761041437.1060023,3770558,965262848,965.262848,197,199,168,2,20251021_121107
1761041437.1159863,3770597,965272832,965.272832,200,199,168,2,20251021_121107
1761041437.1259704,3770636,965282816,965.282816,203,199,168,2,20251021_121107
1761041437.1359544,3770675,965292800,965.2928,206,199,168,2,20251021_121107
1761041437.1461945,3770715,965303040,965.30304,208,200,168,2,20251021_121107
1761041437.1561785,3770754,965313024,965.313024,211,199,168,2,20251021_121107
1761041437.1661625,3770793,965323008,965.323008,214,199,168,2,20251021_121107
1761041437.1761465,3770832,965332992,965.332992,217,199,169,2,20251021_121107
1761041437.1861303,3770871,965342976,965.342976,220,199,168,2,20251021_121107
1761041437.1961143,3770910,965352960,965.35296,222,199,168,2,20251021_121107
1761041437.2060983,3770949,965362944,965.362944,225,199,168,2,20251021_121107
1761041437.2160823,3770988,965372928,965.372928,227,200,168,2,20251021_121107
1761041437.2260664,3771027,965382912,965.382912,230,200,168,2,20251021_121107
1761041437.2360504,3771066,965392896,965.392896,233,200,168,2,20251021_121107
1761041437.2460344,3771105,965402880,965.40288,235,199,169,2,20251021_121107
1761041437.2560184,3771144,965412864,965.412864,237,199,168,2,20251021_121107
1761041437.2660024,3771183,965422848,965.422848,240,199,168,2,20251021_121107
1761041437.2759864,3771222,965432832,965.432832,242,199,168,2,20251021_121107
1761041437.2859704,3771261,965442816,965.442816,244,199,168,2,20251021_121107
1761041437.2962103,3771301,965453056,965.453056,247,200,168,2,20251021_121107
1761041437.3061943,3771340,965463040,965.46304,249,199,168,2,20251021_121107
1761041437.3161783,3771379,965473024,965.473024,251,200,168,2,20251021_121107
1761041437.3261623,3771418,965483008,965.483008,253,200,168,2,20251021_121107
1761041437.3361464,3771457,965492992,965.492992,0,200,168,2,20251021_121107
1761041437.3461304,3771496,965502976,965.502976,2,200,168,2,20251021_121107
1761041437.3561144,3771535,965512960,965.51296,4,199,168,2,20251021_121107
1761041437.3660984,3771574,965522944,965.522944,6,199,168,2,20251021_121107
1761041437.3763385,3771614,965533184,965.533184,8,199,168,2,20251021_121107
1761041437.3863225,3771653,965543168,965.543168,10,199,168,2,20251021_121107
1761041437.3963065,3771692,965553152,965.553152,12,200,167,2,20251021_121107
1761041437.4062903,3771731,965563136,965.563136,13,200,167,2,20251021_121107
1761041437.4162743,3771770,965573120,965.57312,15,200,167,2,20251021_121107
1761041437.4262583,3771809,965583104,965.583104,17,199,167,2,20251021_121107
1761041437.4364984,3771849,965593344,965.593344,19,199,166,2,20251021_121107
1761041437.4464824,3771888,965603328,965.603328,21,199,165,2,20251021_121107
1761041437.4564664,3771927,965613312,965.613312,23,199,163,2,20251021_121107
1761041437.4664505,3771966,965623296,965.623296,24,199,161,2,20251021_121107
1761041437.4764345,3772005,965633280,965.63328,26,199,161,2,20251021_121107
1761041437.4864185,3772044,965643264,965.643264,28,200,161,2,20251021_121107
1761041437.4964025,3772083,965653248,965.653248,30,200,159,2,20251021_121107
1761041437.5066423,3772123,965663488,965.663488,32,199,158,2,20251021_121107
1761041437.5166264,3772162,965673472,965.673472,34,200,157,2,20251021_121107
1761041437.5266104,3772201,965683456,965.683456,36,200,155,2,20251021_121107
1761041437.5365944,3772240,965693440,965.69344,38,200,155,2,20251021_121107
1761041437.5465784,3772279,965703424,965.703424,40,199,153,2,20251021_121107
1761041437.5565624,3772318,965713408,965.713408,42,200,152,2,20251021_121107
1761041437.5665464,3772357,965723392,965.723392,44,200,152,2,20251021_121107
1761041437.5767865,3772397,965733632,965.733632,46,200,150,2,20251021_121107
1761041437.5867703,3772436,965743616,965.743616,49,200,149,2,20251021_121107
1761041437.5967543,3772475,965753600,965.7536,51,201,148,2,20251021_121107
1761041437.6067383,3772514,965763584,965.763584,53,199,147,2,20251021_121107
1761041437.6167223,3772553,965773568,965.773568,56,199,146,2,20251021_121107
1761041437.6267064,3772592,965783552,965.783552,58,199,145,2,20251021_121107
1761041437.6366904,3772631,965793536,965.793536,61,200,145,2,20251021_121107
1761041437.6469305,3772671,965803776,965.803776,63,199,144,2,20251021_121107
1761041437.6569145,3772710,965813760,965.81376,65,199,143,2,20251021_121107
1761041437.6668985,3772749,965823744,965.823744,68,200,142,2,20251021_121107
1761041437.6768825,3772788,965833728,965.833728,70,200,141,2,20251021_121107
1761041437.6868663,3772827,965843712,965.843712,73,200,140,2,20251021_121107
1761041437.6968503,3772866,965853696,965.853696,76,199,137,2,20251021_121107
1761041437.7068343,3772905,965863680,965.86368,78,199,136,2,20251021_121107
1761041437.7168183,3772944,965873664,965.873664,81,199,135,2,20251021_121107
1761041437.7270584,3772984,965883904,965.883904,84,200,133,2,20251021_121107
1761041437.7370424,3773023,965893888,965.893888,86,200,132,2,20251021_121107
1761041437.7470264,3773062,965903872,965.903872,89,199,130,2,20251021_121107
1761041437.7570105,3773101,965913856,965.913856,92,199,130,2,20251021_121107
1761041437.7669945,3773140,965923840,965.92384,94,199,129,2,20251021_121107
1761041437.7769785,3773179,965933824,965.933824,97,199,128,2,20251021_121107
1761041437.7869625,3773218,965943808,965.943808,100,199,128,2,20251021_121107
1761041437.7972023,3773258,965954048,965.954048,102,199,128,2,20251021_121107
1761041437.8071864,3773297,965964032,965.964032,105,199,128,2,20251021_121107
1761041437.8171704,3773336,965974016,965.974016,107,199,129,2,20251021_121107
1761041437.8271544,3773375,965984000,965.984,110,199,130,2,20251021_121107
1761041437.8371384,3773414,965993984,965.993984,112,199,130,2,20251021_121107
1761041437.8471224,3773453,966003968,966.003968,114,199,131,2,20251021_121107
1761041437.8571064,3773492,966013952,966.013952,117,199,131,2,20251021_121107
1761041437.8670905,3773531,966023936,966.023936,119,199,132,2,20251021_121107
1761041437.8770745,3773570,966033920,966.03392,121,199,134,2,20251021_121107
1761041437.8870585,3773609,966043904,966.043904,123,200,135,2,20251021_121107
1761041437.8970425,3773648,966053888,966.053888,125,199,136,2,20251021_121107
1761041437.9070263,3773687,966063872,966.063872,128,199,138,2,20251021_121107
1761041437.9172664,3773727,966074112,966.074112,130,199,139,2,20251021_121107
1761041437.9272504,3773766,966084096,966.084096,132,199,142,2,20251021_121107
1761041437.9372344,3773805,966094080,966.09408,134,199,143,2,20251021_121107
1761041437.9472184,3773844,966104064,966.104064,136,199,146,2,20251021_121107
1761041437.9572024,3773883,966114048,966.114048,139,199,147,2,20251021_121107
1761041437.9671865,3773922,966124032,966.124032,141,199,151,2,20251021_121107
1761041437.9771705,3773961,966134016,966.134016,143,199,153,2,20251021_121107
1761041437.9871545,3774000,966144000,966.144,146,200,154,2,20251021_121107
1761041437.9971385,3774039,966153984,966.153984,148,199,157,2,20251021_121107
1761041438.0071225,3774078,966163968,966.163968,151,199,159,2,20251021_121107
1761041438.0171063,3774117,966173952,966.173952,153,199,161,2,20251021_121107
1761041438.0270903,3774156,966183936,966.183936,156,199,161,2,20251021_121107
1761041438.0370743,3774195,966193920,966.19392,159,199,162,2,20251021_121107
1761041438.0470583,3774234,966203904,966.203904,162,199,162,2,20251021_121107
1761041438.0572984,3774274,966214144,966.214144,165,199,164,2,20251021_121107
1761041438.0672824,3774313,966224128,966.224128,168,199,165,2,20251021_121107
1761041438.0772665,3774352,966234112,966.234112,171,199,166,2,20251021_121107
1761041438.0872505,3774391,966244096,966.244096,174,199,166,2,20251021_121107
1761041438.0972345,3774430,966254080,966.25408,177,199,166,2,20251021_121107
1761041438.1072185,3774469,966264064,966.264064,180,199,166,2,20251021_121107
1761041438.1172023,3774508,966274048,966.274048,183,199,166,2,20251021_121107
1761041438.1271863,3774547,966284032,966.284032,186,199,167,2,20251021_121107
1761041438.1371703,3774586,966294016,966.294016,189,199,167,2,20251021_121107
1761041438.1471543,3774625,966304000,966.304,192,199,167,2,20251021_121107
1761041438.1571383,3774664,966313984,966.313984,195,199,167,2,20251021_121107
1761041438.1671224,3774703,966323968,966.323968,198,199,168,2,20251021_121107
1761041438.1771064,3774742,966333952,966.333952,201,199,167,2,20251021_121107
1761041438.1870904,3774781,966343936,966.343936,204,199,168,2,20251021_121107
1761041438.1970744,3774820,966353920,966.35392,207,199,168,2,20251021_121107
1761041438.2073145,3774860,966364160,966.36416,209,199,167,2,20251021_121107
1761041438.2172985,3774899,966374144,966.374144,212,199,168,2,20251021_121107
1761041438.2272823,3774938,966384128,966.384128,215,199,168,2,20251021_121107
1761041438.2372663,3774977,966394112,966.394112,218,199,168,2,20251021_121107
1761041438.2472503,3775016,966404096,966.404096,221,199,168,2,20251021_121107
1761041438.2572343,3775055,966414080,966.41408,223,200,168,2,20251021_121107
1761041438.2672184,3775094,966424064,966.424064,226,200,168,2,20251021_121107
1761041438.2772024,3775133,966434048,966.434048,228,199,168,2,20251021_121107
1761041438.2871864,3775172,966444032,966.444032,231,199,168,2,20251021_121107
1761041438.2971704,3775211,966454016,966.454016,233,199,168,2,20251021_121107
1761041438.3071544,3775250,966464000,966.464,236,199,168,2,20251021_121107
1761041438.3171384,3775289,966473984,966.473984,238,199,168,2,20251021_121107
1761041438.3271224,3775328,966483968,966.483968,241,200,169,2,20251021_121107
1761041438.3371065,3775367,966493952,966.493952,243,200,169,2,20251021_121107
1761041438.3473463,3775407,966504192,966.504192,245,199,168,2,20251021_121107
1761041438.3573303,3775446,966514176,966.514176,247,200,169,2,20251021_121107
1761041438.3673143,3775485,966524160,966.52416,249,199,169,2,20251021_121107
1761041438.3772984,3775524,966534144,966.534144,252,200,168,2,20251021_121107
1761041438.3872824,3775563,966544128,966.544128,254,200,169,2,20251021_121107
1761041438.3972664,3775602,966554112,966.554112,1,199,169,2,20251021_121107
1761041438.4072504,3775641,966564096,966.564096,3,200,168,2,20251021_121107
1761041438.4172344,3775680,966574080,966.57408,5,200,169,2,20251021_121107
1761041438.4272184,3775719,966584064,966.584064,7,199,169,2,20251021_121107
1761041438.4372025,3775758,966594048,966.594048,9,200,169,2,20251021_121107
1761041438.4471865,3775797,966604032,966.604032,10,200,169,2,20251021_121107
1761041438.4571705,3775836,966614016,966.614016,12,200,169,2,20251021_121107
1761041438.4671545,3775875,966624000,966.624,14,200,170,2,20251021_121107
1761041438.4771383,3775914,966633984,966.633984,16,199,169,2,20251021_121107
1761041438.4873784,3775954,966644224,966.644224,18,200,169,2,20251021_121107
1761041438.4973624,3775993,966654208,966.654208,19,201,170,2,20251021_121107
1761041438.5073464,3776032,966664192,966.664192,21,200,169,2,20251021_121107
1761041438.5173304,3776071,966674176,966.674176,23,199,169,2,20251021_121107
1761041438.5273144,3776110,966684160,966.68416,24,199,169,2,20251021_121107
1761041438.5372984,3776149,966694144,966.694144,26,200,169,2,20251021_121107
1761041438.5472825,3776188,966704128,966.704128,28,200,169,2,20251021_121107
1761041438.5572665,3776227,966714112,966.714112,29,200,169,2,20251021_121107
1761041438.5672505,3776266,966724096,966.724096,31,200,169,2,20251021_121107
1761041438.5772345,3776305,966734080,966.73408,32,200,169,2,20251021_121107
1761041438.5872183,3776344,966744064,966.744064,34,200,168,2,20251021_121107
1761041438.5972023,3776383,966754048,966.754048,35,200,168,2,20251021_121107
1761041438.6071863,3776422,966764032,966.764032,37,200,168,2,20251021_121107
1761041438.6171703,3776461,966774016,966.774016,38,199,168,2,20251021_121107
1761041438.6271544,3776500,966784000,966.784,40,199,168,2,20251021_121107
1761041438.6373944,3776540,966794240,966.79424,42,199,169,2,20251021_121107
1761041438.6473784,3776579,966804224,966.804224,43,200,168,2,20251021_121107
1761041438.6573625,3776618,966814208,966.814208,45,200,168,2,20251021_121107
1761041438.6673465,3776657,966824192,966.824192,46,200,167,2,20251021_121107
1761041438.6773305,3776696,966834176,966.834176,48,199,167,2,20251021_121107
1761041438.6873145,3776735,966844160,966.84416,49,200,167,2,20251021_121107
1761041438.6972983,3776774,966854144,966.854144,51,199,166,2,20251021_121107
1761041438.7072823,3776813,966864128,966.864128,52,199,166,2,20251021_121107
1761041438.7172663,3776852,966874112,966.874112,54,200,163,2,20251021_121107
1761041438.7272503,3776891,966884096,966.884096,56,199,161,2,20251021_121107
1761041438.7372344,3776930,966894080,966.89408,58,200,158,2,20251021_121107
1761041438.7472184,3776969,966904064,966.904064,60,199,157,2,20251021_121107
1761041438.7572024,3777008,966914048,966.914048,62,199,155,2,20251021_121107
1761041438.7671864,3777047,966924032,966.924032,64,199,151,2,20251021_121107
1761041438.7774265,3777087,966934272,966.934272,66,199,149,2,20251021_121107
1761041438.7874105,3777126,966944256,966.944256,69,199,144,2,20251021_121107
1761041438.7973945,3777165,966954240,966.95424,71,200,141,2,20251021_121107
1761041438.8073783,3777204,966964224,966.964224,74,199,138,2,20251021_121107
1761041438.8173623,3777243,966974208,966.974208,77,199,135,2,20251021_121107
1761041438.8273463,3777282,966984192,966.984192,80,199,132,2,20251021_121107
1761041438.8373303,3777321,966994176,966.994176,83,199,130,2,20251021_121107
1761041438.8473144,3777360,967004160,967.00416,86,199,127,2,20251021_121107
1761041438.8572984,3777399,967014144,967.014144,89,199,127,2,20251021_121107
1761041438.8672824,3777438,967024128,967.024128,91,199,124,2,20251021_121107
1761041438.8772664,3777477,967034112,967.034112,94,199,124,2,20251021_121107
1761041438.8872504,3777516,967044096,967.044096,97,199,125,2,20251021_121107
1761041438.8972344,3777555,967054080,967.05408,99,200,125,2,20251021_121107
1761041438.9072185,3777594,967064064,967.064064,102,199,126,2,20251021_121107
1761041438.9172025,3777633,967074048,967.074048,104,199,126,2,20251021_121107
1761041438.9274423,3777673,967084288,967.084288,107,199,126,2,20251021_121107
1761041438.9374263,3777712,967094272,967.094272,109,199,126,2,20251021_121107
1761041438.9474103,3777751,967104256,967.104256,112,199,127,2,20251021_121107
1761041438.9573944,3777790,967114240,967.11424,114,200,127,2,20251021_121107
1761041438.9673784,3777829,967124224,967.124224,116,199,127,2,20251021_121107
1761041438.9773624,3777868,967134208,967.134208,118,199,127,2,20251021_121107
1761041438.9873464,3777907,967144192,967.144192,121,198,127,2,20251021_121107
1761041438.9973304,3777946,967154176,967.154176,123,199,127,2,20251021_121107
1761041439.0073144,3777985,967164160,967.16416,125,199,127,2,20251021_121107
1761041439.0172985,3778024,967174144,967.174144,127,198,128,2,20251021_121107
1761041439.0272825,3778063,967184128,967.184128,129,199,127,2,20251021_121107
1761041439.0372665,3778102,967194112,967.194112,131,199,130,2,20251021_121107
1761041439.0472505,3778141,967204096,967.204096,133,199,131,2,20251021_121107
1761041439.0572343,3778180,967214080,967.21408,135,199,133,2,20251021_121107
1761041439.0674744,3778220,967224320,967.22432,137,199,135,2,20251021_121107
1761041439.0774584,3778259,967234304,967.234304,139,199,137,2,20251021_121107
1761041439.0874424,3778298,967244288,967.244288,141,199,139,2,20251021_121107
1761041439.0974264,3778337,967254272,967.254272,143,199,142,2,20251021_121107
1761041439.1074104,3778376,967264256,967.264256,145,199,144,2,20251021_121107
1761041439.1173944,3778415,967274240,967.27424,148,199,149,2,20251021_121107
1761041439.1273785,3778454,967284224,967.284224,150,199,155,2,20251021_121107
1761041439.1373625,3778493,967294208,967.294208,153,199,159,2,20251021_121107
1761041439.1473465,3778532,967304192,967.304192,155,199,159,2,20251021_121107
1761041439.1573305,3778571,967314176,967.314176,158,199,163,2,20251021_121107
1761041439.1673143,3778610,967324160,967.32416,161,199,164,2,20251021_121107
1761041439.1772983,3778649,967334144,967.334144,164,199,165,2,20251021_121107
1761041439.1872823,3778688,967344128,967.344128,167,199,166,2,20251021_121107
1761041439.1972663,3778727,967354112,967.354112,170,199,166,2,20251021_121107
1761041439.2075064,3778767,967364352,967.364352,173,199,166,2,20251021_121107
1761041439.2174904,3778806,967374336,967.374336,176,199,166,2,20251021_121107
1761041439.2274745,3778845,967384320,967.38432,179,200,167,2,20251021_121107
1761041439.2374585,3778884,967394304,967.394304,182,199,167,2,20251021_121107
1761041439.2474425,3778923,967404288,967.404288,185,199,167,2,20251021_121107
1761041439.2574265,3778962,967414272,967.414272,188,200,167,2,20251021_121107
1761041439.2674105,3779001,967424256,967.424256,191,199,167,2,20251021_121107
1761041439.2773943,3779040,967434240,967.43424,194,199,167,2,20251021_121107
1761041439.2873783,3779079,967444224,967.444224,197,199,167,2,20251021_121107
1761041439.2973623,3779118,967454208,967.454208,200,199,167,2,20251021_121107
1761041439.3073463,3779157,967464192,967.464192,203,199,167,2,20251021_121107
1761041439.3173304,3779196,967474176,967.474176,206,199,168,2,20251021_121107
1761041439.3273144,3779235,967484160,967.48416,208,199,168,2,20251021_121107
1761041439.3372984,3779274,967494144,967.494144,211,199,168,2,20251021_121107
1761041439.3472824,3779313,967504128,967.504128,214,199,168,2,20251021_121107
1761041439.3575225,3779353,967514368,967.514368,217,199,168,2,20251021_121107
1761041439.3675065,3779392,967524352,967.524352,220,199,168,2,20251021_121107
1761041439.3774903,3779431,967534336,967.534336,222,199,168,2,20251021_121107
1761041439.3874743,3779470,967544320,967.54432,225,199,168,2,20251021_121107
1761041439.3974583,3779509,967554304,967.554304,227,199,168,2,20251021_121107
1761041439.4074423,3779548,967564288,967.564288,230,199,168,2,20251021_121107
1761041439.4174263,3779587,967574272,967.574272,233,199,168,2,20251021_121107
1761041439.4274104,3779626,967584256,967.584256,235,199,168,2,20251021_121107
1761041439.4373944,3779665,967594240,967.59424,237,199,168,2,20251021_121107
1761041439.4473784,3779704,967604224,967.604224,240,200,169,2,20251021_121107
1761041439.4573624,3779743,967614208,967.614208,242,199,168,2,20251021_121107
1761041439.4673464,3779782,967624192,967.624192,244,199,168,2,20251021_121107
1761041439.4773304,3779821,967634176,967.634176,247,199,168,2,20251021_121107
1761041439.4873145,3779860,967644160,967.64416,249,199,168,2,20251021_121107
1761041439.4975543,3779900,967654400,967.6544,251,199,168,2,20251021_121107
1761041439.5075383,3779939,967664384,967.664384,253,200,168,2,20251021_121107
1761041439.5175223,3779978,967674368,967.674368,0,199,168,2,20251021_121107
1761041439.5275064,3780017,967684352,967.684352,2,200,168,2,20251021_121107
1761041439.5374904,3780056,967694336,967.694336,4,199,168,2,20251021_121107
1761041439.5474744,3780095,967704320,967.70432,6,199,168,2,20251021_121107
1761041439.5574584,3780134,967714304,967.714304,8,199,168,2,20251021_121107
1761041439.5674424,3780173,967724288,967.724288,10,199,168,2,20251021_121107
1761041439.5774264,3780212,967734272,967.734272,12,199,168,2,20251021_121107
1761041439.5874104,3780251,967744256,967.744256,13,199,167,2,20251021_121107
1761041439.5973945,3780290,967754240,967.75424,15,199,167,2,20251021_121107
1761041439.6073785,3780329,967764224,967.764224,17,199,167,2,20251021_121107
1761041439.6173625,3780368,967774208,967.774208,19,199,166,2,20251021_121107
1761041439.6273465,3780407,967784192,967.784192,21,200,166,2,20251021_121107
1761041439.6373303,3780446,967794176,967.794176,22,199,164,2,20251021_121107
1761041439.6475704,3780486,967804416,967.804416,24,199,163,2,20251021_121107
1761041439.6575544,3780525,967814400,967.8144,26,200,160,2,20251021_121107
1761041439.6675384,3780564,967824384,967.824384,28,199,157,2,20251021_121107
1761041439.6775224,3780603,967834368,967.834368,30,199,154,2,20251021_121107
1761041439.6875064,3780642,967844352,967.844352,32,200,150,2,20251021_121107
1761041439.6974905,3780681,967854336,967.854336,35,199,147,2,20251021_121107
1761041439.7074745,3780720,967864320,967.86432,37,200,144,2,20251021_121107
1761041439.7174585,3780759,967874304,967.874304,40,199,142,2,20251021_121107
1761041439.7274425,3780798,967884288,967.884288,42,200,139,2,20251021_121107
1761041439.7374263,3780837,967894272,967.894272,45,200,136,2,20251021_121107
1761041439.7474103,3780876,967904256,967.904256,48,199,133,2,20251021_121107
1761041439.7573943,3780915,967914240,967.91424,51,200,129,2,20251021_121107
1761041439.7673783,3780954,967924224,967.924224,54,199,128,2,20251021_121107
1761041439.7773623,3780993,967934208,967.934208,57,201,127,2,20251021_121107
1761041439.7876024,3781033,967944448,967.944448,60,199,126,2,20251021_121107
1761041439.7975864,3781072,967954432,967.954432,63,200,124,2,20251021_121107
1761041439.8075705,3781111,967964416,967.964416,66,199,126,2,20251021_121107
1761041439.8175545,3781150,967974400,967.9744,69,200,125,2,20251021_121107
1761041439.8275385,3781189,967984384,967.984384,72,199,125,2,20251021_121107
1761041439.8375225,3781228,967994368,967.994368,75,199,124,2,20251021_121107
1761041439.8475063,3781267,968004352,968.004352,78,199,124,2,20251021_121107
1761041439.8574903,3781306,968014336,968.014336,81,199,124,2,20251021_121107
1761041439.8674743,3781345,968024320,968.02432,84,199,125,2,20251021_121107
1761041439.8774583,3781384,968034304,968.034304,87,199,124,2,20251021_121107
1761041439.8874424,3781423,968044288,968.044288,89,199,124,2,20251021_121107
1761041439.8974264,3781462,968054272,968.054272,92,199,124,2,20251021_121107
1761041439.9074104,3781501,968064256,968.064256,95,199,125,2,20251021_121107
1761041439.9173944,3781540,968074240,968.07424,98,199,126,2,20251021_121107
1761041439.9273784,3781579,968084224,968.084224,100,199,126,2,20251021_121107
1761041439.9376185,3781619,968094464,968.094464,103,199,126,2,20251021_121107
1761041439.9476025,3781658,968104448,968.104448,105,199,127,2,20251021_121107
1761041439.9575863,3781697,968114432,968.114432,108,199,127,2,20251021_121107
1761041439.9675703,3781736,968124416,968.124416,110,199,127,2,20251021_121107
1761041439.9775543,3781775,968134400,968.1344,112,199,127,2,20251021_121107
1761041439.9875383,3781814,968144384,968.144384,115,199,128,2,20251021_121107
1761041439.9975224,3781853,968154368,968.154368,117,199,128,2,20251021_121107
1761041440.0075064,3781892,968164352,968.164352,119,199,130,2,20251021_121107
1761041440.0174904,3781931,968174336,968.174336,121,199,133,2,20251021_121107
1761041440.0274744,3781970,968184320,968.18432,124,199,135,2,20251021_121107
1761041440.0374584,3782009,968194304,968.194304,126,199,138,2,20251021_121107
1761041440.0474424,3782048,968204288,968.204288,128,199,141,2,20251021_121107
1761041440.0574265,3782087,968214272,968.214272,130,199,145,2,20251021_121107
1761041440.0674105,3782126,968224256,968.224256,133,199,150,2,20251021_121107
1761041440.0776503,3782166,968234496,968.234496,135,199,156,2,20251021_121107
1761041440.0876343,3782205,968244480,968.24448,137,199,158,2,20251021_121107
1761041440.0976183,3782244,968254464,968.254464,140,199,160,2,20251021_121107
1761041440.1076024,3782283,968264448,968.264448,143,199,162,2,20251021_121107
1761041440.1175864,3782322,968274432,968.274432,145,199,163,2,20251021_121107
1761041440.1275704,3782361,968284416,968.284416,148,199,163,2,20251021_121107
1761041440.1375544,3782400,968294400,968.2944,151,199,165,2,20251021_121107
1761041440.1475384,3782439,968304384,968.304384,154,199,166,2,20251021_121107
1761041440.1575224,3782478,968314368,968.314368,156,199,166,2,20251021_121107
1761041440.1675065,3782517,968324352,968.324352,159,199,166,2,20251021_121107
1761041440.1774905,3782556,968334336,968.334336,162,200,168,2,20251021_121107
1761041440.1874745,3782595,968344320,968.34432,165,199,166,2,20251021_121107
1761041440.1974585,3782634,968354304,968.354304,168,199,167,2,20251021_121107
1761041440.2074423,3782673,968364288,968.364288,171,199,167,2,20251021_121107
1761041440.2176824,3782713,968374528,968.374528,174,199,167,2,20251021_121107
1761041440.2276664,3782752,968384512,968.384512,177,199,167,2,20251021_121107
1761041440.2376504,3782791,968394496,968.394496,180,199,166,2,20251021_121107
1761041440.2476344,3782830,968404480,968.40448,183,199,166,2,20251021_121107
1761041440.2576184,3782869,968414464,968.414464,187,199,167,2,20251021_121107
1761041440.2676024,3782908,968424448,968.424448,190,199,167,2,20251021_121107
1761041440.2775865,3782947,968434432,968.434432,193,199,167,2,20251021_121107
1761041440.2875705,3782986,968444416,968.444416,196,199,167,2,20251021_121107
1761041440.2975545,3783025,968454400,968.4544,199,199,167,2,20251021_121107
1761041440.3075385,3783064,968464384,968.464384,202,199,168,2,20251021_121107
1761041440.3175223,3783103,968474368,968.474368,204,199,168,2,20251021_121107
1761041440.3275063,3783142,968484352,968.484352,207,199,168,2,20251021_121107
1761041440.3374903,3783181,968494336,968.494336,210,199,168,2,20251021_121107
1761041440.3474743,3783220,968504320,968.50432,213,199,168,2,20251021_121107
1761041440.3574584,3783259,968514304,968.514304,216,199,168,2,20251021_121107
1761041440.3676984,3783299,968524544,968.524544,219,199,168,2,20251021_121107
1761041440.3776824,3783338,968534528,968.534528,221,199,168,2,20251021_121107
1761041440.3876665,3783377,968544512,968.544512,224,199,168,2,20251021_121107
1761041440.3976505,3783416,968554496,968.554496,227,199,168,2,20251021_121107
1761041440.4076345,3783455,968564480,968.56448,229,199,168,2,20251021_121107
1761041440.4176185,3783494,968574464,968.574464,232,199,168,2,20251021_121107
1761041440.4276023,3783533,968584448,968.584448,234,199,168,2,20251021_121107
1761041440.4375863,3783572,968594432,968.594432,236,199,168,2,20251021_121107
1761041440.4475703,3783611,968604416,968.604416,239,199,168,2,20251021_121107
1761041440.4575543,3783650,968614400,968.6144,241,199,168,2,20251021_121107
1761041440.4675384,3783689,968624384,968.624384,243,199,168,2,20251021_121107
1761041440.4775224,3783728,968634368,968.634368,246,199,169,2,20251021_121107
1761041440.4875064,3783767,968644352,968.644352,248,199,168,2,20251021_121107
1761041440.4974904,3783806,968654336,968.654336,250,199,169,2,20251021_121107
1761041440.5077305,3783846,968664576,968.664576,252,200,168,2,20251021_121107
1761041440.5177145,3783885,968674560,968.67456,254,199,168,2,20251021_121107
1761041440.5276985,3783924,968684544,968.684544,1,200,168,2,20251021_121107
1761041440.5376823,3783963,968694528,968.694528,3,199,168,2,20251021_121107
1761041440.5476663,3784002,968704512,968.704512,5,199,168,2,20251021_121107
1761041440.5576503,3784041,968714496,968.714496,7,200,168,2,20251021_121107
1761041440.5676343,3784080,968724480,968.72448,9,200,167,2,20251021_121107
1761041440.5776184,3784119,968734464,968.734464,11,199,168,2,20251021_121107
1761041440.5876024,3784158,968744448,968.744448,13,200,167,2,20251021_121107
1761041440.5975864,3784197,968754432,968.754432,15,200,166,2,20251021_121107
1761041440.6075704,3784236,968764416,968.764416,16,199,166,2,20251021_121107
1761041440.6175544,3784275,968774400,968.7744,18,200,166,2,20251021_121107
1761041440.6275384,3784314,968784384,968.784384,20,200,166,2,20251021_121107
1761041440.6375225,3784353,968794368,968.794368,22,199,165,2,20251021_121107
1761041440.6477623,3784393,968804608,968.804608,23,199,165,2,20251021_121107
1761041440.6577463,3784432,968814592,968.814592,25,199,165,2,20251021_121107
1761041440.6677303,3784471,968824576,968.824576,27,199,164,2,20251021_121107
1761041440.6777143,3784510,968834560,968.83456,29,199,164,2,20251021_121107
1761041440.6876984,3784549,968844544,968.844544,30,199,163,2,20251021_121107
1761041440.6976824,3784588,968854528,968.854528,32,200,163,2,20251021_121107
1761041440.7076664,3784627,968864512,968.864512,34,200,163,2,20251021_121107
1761041440.7176504,3784666,968874496,968.874496,36,199,162,2,20251021_121107
1761041440.7276344,3784705,968884480,968.88448,37,200,162,2,20251021_121107
1761041440.7376184,3784744,968894464,968.894464,39,200,161,2,20251021_121107
1761041440.7476025,3784783,968904448,968.904448,41,200,161,2,20251021_121107
1761041440.7575865,3784822,968914432,968.914432,43,199,160,2,20251021_121107
1761041440.7675705,3784861,968924416,968.924416,45,199,158,2,20251021_121107
1761041440.7775545,3784900,968934400,968.9344,47,200,157,2,20251021_121107
1761041440.7875383,3784939,968944384,968.944384,48,199,156,2,20251021_121107
1761041440.7977784,3784979,968954624,968.954624,50,199,154,2,20251021_121107
1761041440.8077624,3785018,968964608,968.964608,52,199,154,2,20251021_121107
1761041440.8177464,3785057,968974592,968.974592,54,199,153,2,20251021_121107
1761041440.8277304,3785096,968984576,968.984576,57,200,152,2,20251021_121107
1761041440.8377144,3785135,968994560,968.99456,59,199,152,2,20251021_121107
1761041440.8476985,3785174,969004544,969.004544,61,199,150,2,20251021_121107
1761041440.8576825,3785213,969014528,969.014528,63,200,150,2,20251021_121107
1761041440.8676665,3785252,969024512,969.024512,65,199,148,2,20251021_121107
1761041440.8776505,3785291,969034496,969.034496,68,200,146,2,20251021_121107
1761041440.8876345,3785330,969044480,969.04448,70,199,144,2,20251021_121107
1761041440.8976183,3785369,969054464,969.054464,72,199,144,2,20251021_121107
1761041440.9076023,3785408,969064448,969.064448,75,199,142,2,20251021_121107
1761041440.9175863,3785447,969074432,969.074432,77,199,140,2,20251021_121107
1761041440.9275703,3785486,969084416,969.084416,80,199,139,2,20251021_121107
1761041440.9378104,3785526,969094656,969.094656,82,199,137,2,20251021_121107
1761041440.9477944,3785565,969104640,969.10464,85,199,135,2,20251021_121107
1761041440.9577785,3785604,969114624,969.114624,88,199,134,2,20251021_121107
1761041440.9677625,3785643,969124608,969.124608,90,199,133,2,20251021_121107
1761041440.9777465,3785682,969134592,969.134592,93,199,132,2,20251021_121107
1761041440.9877305,3785721,969144576,969.144576,95,199,132,2,20251021_121107
1761041440.9977143,3785760,969154560,969.15456,98,199,131,2,20251021_121107
1761041441.0076983,3785799,969164544,969.164544,101,199,130,2,20251021_121107
1761041441.0176823,3785838,969174528,969.174528,103,199,130,2,20251021_121107
1761041441.0276663,3785877,969184512,969.184512,106,199,130,2,20251021_121107
1761041441.0376503,3785916,969194496,969.194496,108,199,131,2,20251021_121107
1761041441.0476344,3785955,969204480,969.20448,110,199,131,2,20251021_121107
1761041441.0576184,3785994,969214464,969.214464,113,200,132,2,20251021_121107
1761041441.0676024,3786033,969224448,969.224448,115,199,131,2,20251021_121107
1761041441.0775864,3786072,969234432,969.234432,117,199,132,2,20251021_121107
1761041441.0878265,3786112,969244672,969.244672,119,199,132,2,20251021_121107
1761041441.0978105,3786151,969254656,969.254656,122,199,133,2,20251021_121107
1761041441.1077943,3786190,969264640,969.26464,124,199,134,2,20251021_121107
1761041441.1177783,3786229,969274624,969.274624,126,199,134,2,20251021_121107
1761041441.1277623,3786268,969284608,969.284608,128,199,135,2,20251021_121107
1761041441.1377463,3786307,969294592,969.294592,130,200,136,2,20251021_121107
1761041441.1477304,3786346,969304576,969.304576,132,199,136,2,20251021_121107
1761041441.1577144,3786385,969314560,969.31456,134,198,137,2,20251021_121107
1761041441.1676984,3786424,969324544,969.324544,137,199,139,2,20251021_121107
1761041441.1776824,3786463,969334528,969.334528,139,199,139,2,20251021_121107
1761041441.1876664,3786502,969344512,969.344512,141,199,141,2,20251021_121107
1761041441.1976504,3786541,969354496,969.354496,143,199,142,2,20251021_121107
1761041441.2076344,3786580,969364480,969.36448,145,199,144,2,20251021_121107
1761041441.2176185,3786619,969374464,969.374464,147,199,145,2,20251021_121107
1761041441.2278583,3786659,969384704,969.384704,150,199,148,2,20251021_121107
1761041441.2378423,3786698,969394688,969.394688,152,198,150,2,20251021_121107
1761041441.2478263,3786737,969404672,969.404672,154,199,153,2,20251021_121107
1761041441.2578104,3786776,969414656,969.414656,157,199,158,2,20251021_121107
1761041441.2677944,3786815,969424640,969.42464,160,199,159,2,20251021_121107
1761041441.2777784,3786854,969434624,969.434624,162,199,160,2,20251021_121107
1761041441.2877624,3786893,969444608,969.444608,165,199,161,2,20251021_121107
1761041441.2977464,3786932,969454592,969.454592,168,199,162,2,20251021_121107
1761041441.3077304,3786971,969464576,969.464576,171,199,164,2,20251021_121107
1761041441.3177145,3787010,969474560,969.47456,174,199,165,2,20251021_121107
1761041441.3276985,3787049,969484544,969.484544,177,199,166,2,20251021_121107
1761041441.3376825,3787088,969494528,969.494528,180,199,166,2,20251021_121107
1761041441.3476665,3787127,969504512,969.504512,183,199,166,2,20251021_121107
1761041441.3576505,3787166,969514496,969.514496,186,199,166,2,20251021_121107
1761041441.3678904,3787206,969524736,969.524736,189,199,167,2,20251021_121107
1761041441.3778744,3787245,969534720,969.53472,192,199,166,2,20251021_121107
1761041441.3878584,3787284,969544704,969.544704,195,199,167,2,20251021_121107
1761041441.3978424,3787323,969554688,969.554688,198,199,167,2,20251021_121107
1761041441.4078264,3787362,969564672,969.564672,201,199,166,2,20251021_121107
1761041441.4178104,3787401,969574656,969.574656,204,199,168,2,20251021_121107
1761041441.4277945,3787440,969584640,969.58464,207,199,167,2,20251021_121107
1761041441.4377785,3787479,969594624,969.594624,209,199,168,2,20251021_121107
1761041441.4477625,3787518,969604608,969.604608,212,199,168,2,20251021_121107
1761041441.4577465,3787557,969614592,969.614592,215,199,168,2,20251021_121107
1761041441.4677303,3787596,969624576,969.624576,218,199,169,2,20251021_121107
1761041441.4777143,3787635,969634560,969.63456,221,199,168,2,20251021_121107
1761041441.4876983,3787674,969644544,969.644544,223,199,168,2,20251021_121107
1761041441.4976823,3787713,969654528,969.654528,226,199,168,2,20251021_121107
1761041441.5076663,3787752,969664512,969.664512,228,199,168,2,20251021_121107
1761041441.5179064,3787792,969674752,969.674752,231,199,168,2,20251021_121107
1761041441.5278904,3787831,969684736,969.684736,233,199,168,2,20251021_121107
1761041441.5378745,3787870,969694720,969.69472,236,199,169,2,20251021_121107
1761041441.5478585,3787909,969704704,969.704704,238,199,169,2,20251021_121107
1761041441.5578425,3787948,969714688,969.714688,241,199,169,2,20251021_121107
1761041441.5678265,3787987,969724672,969.724672,243,200,168,2,20251021_121107
1761041441.5778103,3788026,969734656,969.734656,245,199,168,2,20251021_121107
1761041441.5877943,3788065,969744640,969.74464,247,200,168,2,20251021_121107
1761041441.5977783,3788104,969754624,969.754624,250,199,168,2,20251021_121107
1761041441.6077623,3788143,969764608,969.764608,252,199,168,2,20251021_121107
1761041441.6177464,3788182,969774592,969.774592,254,199,168,2,20251021_121107
1761041441.6277304,3788221,969784576,969.784576,1,199,168,2,20251021_121107
1761041441.6377144,3788260,969794560,969.79456,3,199,171,2,20251021_121107
1761041441.6476984,3788299,969804544,969.804544,5,200,169,2,20251021_121107
1761041441.6579385,3788339,969814784,969.814784,7,200,169,2,20251021_121107
1761041441.6679225,3788378,969824768,969.824768,9,200,169,2,20251021_121107
1761041441.6779065,3788417,969834752,969.834752,10,200,171,2,20251021_121107
1761041441.6878903,3788456,969844736,969.844736,12,200,169,2,20251021_121107
1761041441.6978743,3788495,969854720,969.85472,14,199,169,2,20251021_121107
1761041441.7078583,3788534,969864704,969.864704,16,199,168,2,20251021_121107
1761041441.7178423,3788573,969874688,969.874688,18,199,169,2,20251021_121107
1761041441.7278264,3788612,969884672,969.884672,19,199,169,2,20251021_121107
1761041441.7378104,3788651,969894656,969.894656,21,199,168,2,20251021_121107
1761041441.7477944,3788690,969904640,969.90464,23,200,169,2,20251021_121107
1761041441.7577784,3788729,969914624,969.914624,24,200,167,2,20251021_121107
1761041441.7677624,3788768,969924608,969.924608,26,199,168,2,20251021_121107
1761041441.7777464,3788807,969934592,969.934592,28,199,169,2,20251021_121107
1761041441.7877305,3788846,969944576,969.944576,29,200,168,2,20251021_121107
1761041441.7977145,3788885,969954560,969.95456,31,199,168,2,20251021_121107
1761041441.8079543,3788925,969964800,969.9648,32,199,168,2,20251021_121107
1761041441.8179383,3788964,969974784,969.974784,34,201,168,2,20251021_121107
1761041441.8279223,3789003,969984768,969.984768,36,199,168,2,20251021_121107
1761041441.8379064,3789042,969994752,969.994752,37,199,168,2,20251021_121107
1761041441.8478904,3789081,970004736,970.004736,39,199,167,2,20251021_121107
1761041441.8578744,3789120,970014720,970.01472,40,199,166,2,20251021_121107
1761041441.8678584,3789159,970024704,970.024704,42,199,164,2,20251021_121107
1761041441.8778424,3789198,970034688,970.034688,44,199,162,2,20251021_121107
1761041441.8878264,3789237,970044672,970.044672,46,199,158,2,20251021_121107
1761041441.8978105,3789276,970054656,970.054656,48,199,156,2,20251021_121107
1761041441.9077945,3789315,970064640,970.06464,50,199,153,2,20251021_121107
1761041441.9177785,3789354,970074624,970.074624,52,199,150,2,20251021_121107
1761041441.9277625,3789393,970084608,970.084608,54,199,146,2,20251021_121107
1761041441.9377463,3789432,970094592,970.094592,57,200,142,2,20251021_121107
1761041441.9479864,3789472,970104832,970.104832,60,199,139,2,20251021_121107
1761041441.9579704,3789511,970114816,970.114816,63,199,136,2,20251021_121107
1761041441.9679544,3789550,970124800,970.1248,66,199,133,2,20251021_121107
1761041441.9779384,3789589,970134784,970.134784,69,199,130,2,20251021_121107
1761041441.9879224,3789628,970144768,970.144768,72,199,127,2,20251021_121107
1761041441.9979064,3789667,970154752,970.154752,75,200,127,2,20251021_121107
1761041442.0078905,3789706,970164736,970.164736,78,199,126,2,20251021_121107
1761041442.0178745,3789745,970174720,970.17472,80,199,124,2,20251021_121107
1761041442.0278585,3789784,970184704,970.184704,83,199,125,2,20251021_121107
1761041442.0378425,3789823,970194688,970.194688,86,199,126,2,20251021_121107
1761041442.0478263,3789862,970204672,970.204672,89,199,125,2,20251021_121107
1761041442.0578103,3789901,970214656,970.214656,92,199,125,2,20251021_121107
1761041442.0677943,3789940,970224640,970.22464,94,199,124,2,20251021_121107
1761041442.0777783,3789979,970234624,970.234624,97,199,124,2,20251021_121107
1761041442.0880184,3790019,970244864,970.244864,100,199,123,2,20251021_121107
1761041442.0980024,3790058,970254848,970.254848,102,199,124,2,20251021_121107
1761041442.1079865,3790097,970264832,970.264832,105,199,124,2,20251021_121107
1761041442.1179705,3790136,970274816,970.274816,107,198,124,2,20251021_121107
1761041442.1279545,3790175,970284800,970.2848,110,199,125,2,20251021_121107
1761041442.1379385,3790214,970294784,970.294784,112,198,125,2,20251021_121107
1761041442.1479225,3790253,970304768,970.304768,114,199,126,2,20251021_121107
1761041442.1579063,3790292,970314752,970.314752,117,199,126,2,20251021_121107
1761041442.1678903,3790331,970324736,970.324736,119,199,126,2,20251021_121107
1761041442.1778743,3790370,970334720,970.33472,121,199,127,2,20251021_121107
1761041442.1878583,3790409,970344704,970.344704,123,198,127,2,20251021_121107
1761041442.1978424,3790448,970354688,970.354688,125,199,127,2,20251021_121107
1761041442.2078264,3790487,970364672,970.364672,127,199,127,2,20251021_121107
1761041442.2178104,3790526,970374656,970.374656,129,199,127,2,20251021_121107
1761041442.2280505,3790566,970384896,970.384896,131,199,127,2,20251021_121107
1761041442.2380345,3790605,970394880,970.39488,133,199,128,2,20251021_121107
1761041442.2480185,3790644,970404864,970.404864,135,199,129,2,20251021_121107
1761041442.2580023,3790683,970414848,970.414848,137,199,130,2,20251021_121107
1761041442.2679863,3790722,970424832,970.424832,139,199,132,2,20251021_121107
1761041442.2779703,3790761,970434816,970.434816,141,199,135,2,20251021_121107
1761041442.2879543,3790800,970444800,970.4448,143,199,139,2,20251021_121107
1761041442.2979383,3790839,970454784,970.454784,145,199,143,2,20251021_121107
1761041442.3079224,3790878,970464768,970.464768,147,199,148,2,20251021_121107
1761041442.3179064,3790917,970474752,970.474752,150,199,152,2,20251021_121107
1761041442.3278904,3790956,970484736,970.484736,152,199,156,2,20251021_121107
1761041442.3378744,3790995,970494720,970.49472,155,199,160,2,20251021_121107
1761041442.3478584,3791034,970504704,970.504704,158,199,162,2,20251021_121107
1761041442.3578424,3791073,970514688,970.514688,161,200,164,2,20251021_121107
1761041442.3680823,3791113,970524928,970.524928,163,199,165,2,20251021_121107
1761041442.3780663,3791152,970534912,970.534912,166,199,165,2,20251021_121107
1761041442.3880503,3791191,970544896,970.544896,169,199,166,2,20251021_121107
1761041442.3980343,3791230,970554880,970.55488,172,199,166,2,20251021_121107
1761041442.4080184,3791269,970564864,970.564864,175,199,166,2,20251021_121107
1761041442.4180024,3791308,970574848,970.574848,178,199,166,2,20251021_121107
1761041442.4279864,3791347,970584832,970.584832,181,199,166,2,20251021_121107
1761041442.4379704,3791386,970594816,970.594816,184,200,167,2,20251021_121107
1761041442.4479544,3791425,970604800,970.6048,187,199,167,2,20251021_121107
1761041442.4579384,3791464,970614784,970.614784,190,199,167,2,20251021_121107
1761041442.4679224,3791503,970624768,970.624768,193,199,167,2,20251021_121107
1761041442.4779065,3791542,970634752,970.634752,196,199,167,2,20251021_121107
1761041442.4878905,3791581,970644736,970.644736,199,199,167,2,20251021_121107
1761041442.4978745,3791620,970654720,970.65472,202,199,167,2,20251021_121107
1761041442.5078585,3791659,970664704,970.664704,205,199,168,2,20251021_121107
1761041442.5180984,3791699,970674944,970.674944,208,199,167,2,20251021_121107
1761041442.5280824,3791738,970684928,970.684928,211,199,167,2,20251021_121107
1761041442.5380664,3791777,970694912,970.694912,214,199,167,2,20251021_121107
1761041442.5480504,3791816,970704896,970.704896,217,199,168,2,20251021_121107
1761041442.5580344,3791855,970714880,970.71488,219,199,168,2,20251021_121107
1761041442.5680184,3791894,970724864,970.724864,222,199,168,2,20251021_121107
1761041442.5780025,3791933,970734848,970.734848,225,199,167,2,20251021_121107
1761041442.5879865,3791972,970744832,970.744832,227,199,168,2,20251021_121107
1761041442.5979705,3792011,970754816,970.754816,230,199,167,2,20251021_121107
1761041442.6079545,3792050,970764800,970.7648,232,199,168,2,20251021_121107
1761041442.6179385,3792089,970774784,970.774784,235,199,168,2,20251021_121107
1761041442.6279223,3792128,970784768,970.784768,237,199,168,2,20251021_121107
1761041442.6379063,3792167,970794752,970.794752,239,199,168,2,20251021_121107
1761041442.6478903,3792206,970804736,970.804736,242,199,168,2,20251021_121107
1761041442.6581304,3792246,970814976,970.814976,244,200,168,2,20251021_121107
1761041442.6681144,3792285,970824960,970.82496,246,199,168,2,20251021_121107
1761041442.6780984,3792324,970834944,970.834944,248,199,168,2,20251021_121107
1761041442.6880825,3792363,970844928,970.844928,251,199,168,2,20251021_121107
1761041442.6980665,3792402,970854912,970.854912,253,199,168,2,20251021_121107
1761041442.7080505,3792441,970864896,970.864896,0,200,168,2,20251021_121107
1761041442.7180345,3792480,970874880,970.87488,2,199,168,2,20251021_121107
1761041442.7280183,3792519,970884864,970.884864,4,199,168,2,20251021_121107
1761041442.7380023,3792558,970894848,970.894848,6,199,168,2,20251021_121107
1761041442.7479863,3792597,970904832,970.904832,8,199,168,2,20251021_121107
1761041442.7579703,3792636,970914816,970.914816,10,199,167,2,20251021_121107
1761041442.7679543,3792675,970924800,970.9248,11,199,167,2,20251021_121107
1761041442.7779384,3792714,970934784,970.934784,13,200,167,2,20251021_121107
1761041442.7879224,3792753,970944768,970.944768,15,199,167,2,20251021_121107
1761041442.7981625,3792793,970955008,970.955008,17,199,166,2,20251021_121107
1761041442.8081465,3792832,970964992,970.964992,19,199,165,2,20251021_121107
1761041442.8181305,3792871,970974976,970.974976,20,199,164,2,20251021_121107
1761041442.8281145,3792910,970984960,970.98496,22,199,164,2,20251021_121107
1761041442.8380983,3792949,970994944,970.994944,24,199,161,2,20251021_121107
1761041442.8480823,3792988,971004928,971.004928,26,199,158,2,20251021_121107
1761041442.8580663,3793027,971014912,971.014912,28,200,156,2,20251021_121107
1761041442.8680503,3793066,971024896,971.024896,30,199,152,2,20251021_121107
1761041442.8780344,3793105,971034880,971.03488,32,199,149,2,20251021_121107
1761041442.8880184,3793144,971044864,971.044864,35,199,147,2,20251021_121107
1761041442.8980024,3793183,971054848,971.054848,37,199,143,2,20251021_121107
1761041442.9079864,3793222,971064832,971.064832,40,199,140,2,20251021_121107
1761041442.9179704,3793261,971074816,971.074816,42,199,138,2,20251021_121107
1761041442.9279544,3793300,971084800,971.0848,45,199,135,2,20251021_121107
1761041442.9381945,3793340,971095040,971.09504,48,199,133,2,20251021_121107
1761041442.9481783,3793379,971105024,971.105024,51,199,130,2,20251021_121107
1761041442.9581623,3793418,971115008,971.115008,54,199,128,2,20251021_121107
1761041442.9681463,3793457,971124992,971.124992,57,199,127,2,20251021_121107
1761041442.9781303,3793496,971134976,971.134976,60,199,126,2,20251021_121107
1761041442.9881144,3793535,971144960,971.14496,63,199,125,2,20251021_121107
1761041442.9980984,3793574,971154944,971.154944,66,199,125,2,20251021_121107
1761041443.0080824,3793613,971164928,971.164928,69,199,125,2,20251021_121107
1761041443.0180664,3793652,971174912,971.174912,72,199,125,2,20251021_121107
1761041443.0280504,3793691,971184896,971.184896,75,199,124,2,20251021_121107
1761041443.0380344,3793730,971194880,971.19488,78,199,124,2,20251021_121107
1761041443.0480185,3793769,971204864,971.204864,81,199,123,2,20251021_121107
1761041443.0580025,3793808,971214848,971.214848,84,200,123,2,20251021_121107
1761041443.0679865,3793847,971224832,971.224832,87,199,124,2,20251021_121107
1761041443.0779705,3793886,971234816,971.234816,90,199,124,2,20251021_121107
1761041443.0882103,3793926,971245056,971.245056,92,199,124,2,20251021_121107
1761041443.0981944,3793965,971255040,971.25504,95,199,125,2,20251021_121107
1761041443.1081784,3794004,971265024,971.265024,98,199,125,2,20251021_121107
1761041443.1181624,3794043,971275008,971.275008,100,199,125,2,20251021_121107
1761041443.1281464,3794082,971284992,971.284992,103,199,126,2,20251021_121107
1761041443.1381304,3794121,971294976,971.294976,105,199,127,2,20251021_121107
1761041443.1481144,3794160,971304960,971.30496,108,199,126,2,20251021_121107
1761041443.1580985,3794199,971314944,971.314944,110,199,127,2,20251021_121107
1761041443.1680825,3794238,971324928,971.324928,112,199,127,2,20251021_121107
1761041443.1780665,3794277,971334912,971.334912,115,199,128,2,20251021_121107
1761041443.1880505,3794316,971344896,971.344896,117,200,130,2,20251021_121107
1761041443.1980343,3794355,971354880,971.35488,119,198,131,2,20251021_121107
1761041443.2080183,3794394,971364864,971.364864,121,199,134,2,20251021_121107
1761041443.2180023,3794433,971374848,971.374848,124,198,136,2,20251021_121107
1761041443.2282424,3794473,971385088,971.385088,126,199,139,2,20251021_121107
1761041443.2382264,3794512,971395072,971.395072,128,199,142,2,20251021_121107
1761041443.2482104,3794551,971405056,971.405056,130,199,145,2,20251021_121107
1761041443.2581944,3794590,971415040,971.41504,133,199,150,2,20251021_121107
1761041443.2681785,3794629,971425024,971.425024,135,199,154,2,20251021_121107
1761041443.2781625,3794668,971435008,971.435008,137,199,158,2,20251021_121107
1761041443.2881465,3794707,971444992,971.444992,140,199,160,2,20251021_121107
1761041443.2981305,3794746,971454976,971.454976,143,199,161,2,20251021_121107
1761041443.3081143,3794785,971464960,971.46496,145,199,162,2,20251021_121107
1761041443.3180983,3794824,971474944,971.474944,148,199,163,2,20251021_121107
1761041443.3280823,3794863,971484928,971.484928,151,199,165,2,20251021_121107
1761041443.3380663,3794902,971494912,971.494912,154,199,165,2,20251021_121107
1761041443.3480504,3794941,971504896,971.504896,157,199,166,2,20251021_121107
1761041443.3580344,3794980,971514880,971.51488,159,199,166,2,20251021_121107
1761041443.3682745,3795020,971525120,971.52512,162,199,166,2,20251021_121107
1761041443.3782585,3795059,971535104,971.535104,165,199,166,2,20251021_121107
1761041443.3882425,3795098,971545088,971.545088,168,199,167,2,20251021_121107
1761041443.3982265,3795137,971555072,971.555072,171,199,167,2,20251021_121107
1761041443.4082105,3795176,971565056,971.565056,174,199,167,2,20251021_121107
1761041443.4181943,3795215,971575040,971.57504,178,199,167,2,20251021_121107
1761041443.4281783,3795254,971585024,971.585024,181,199,167,2,20251021_121107
1761041443.4381623,3795293,971595008,971.595008,184,199,167,2,20251021_121107
1761041443.4481463,3795332,971604992,971.604992,187,199,167,2,20251021_121107
1761041443.4581304,3795371,971614976,971.614976,190,199,167,2,20251021_121107
1761041443.4681144,3795410,971624960,971.62496,193,199,166,2,20251021_121107
1761041443.4780984,3795449,971634944,971.634944,196,199,168,2,20251021_121107
1761041443.4880824,3795488,971644928,971.644928,199,199,168,2,20251021_121107
1761041443.4980664,3795527,971654912,971.654912,202,199,168,2,20251021_121107
1761041443.5080504,3795566,971664896,971.664896,205,199,168,2,20251021_121107
1761041443.5182903,3795606,971675136,971.675136,208,199,168,2,20251021_121107
1761041443.5282743,3795645,971685120,971.68512,210,199,168,2,20251021_121107
1761041443.5382583,3795684,971695104,971.695104,213,199,168,2,20251021_121107
1761041443.5482423,3795723,971705088,971.705088,216,199,168,2,20251021_121107
1761041443.5582263,3795762,971715072,971.715072,219,199,167,2,20251021_121107
1761041443.5682104,3795801,971725056,971.725056,221,200,168,2,20251021_121107
1761041443.5781944,3795840,971735040,971.73504,224,199,168,2,20251021_121107
1761041443.5881784,3795879,971745024,971.745024,227,199,168,2,20251021_121107
1761041443.5981624,3795918,971755008,971.755008,229,199,168,2,20251021_121107
1761041443.6084025,3795958,971765248,971.765248,232,199,168,2,20251021_121107
1761041443.6183865,3795997,971775232,971.775232,234,199,169,2,20251021_121107
1761041443.6283703,3796036,971785216,971.785216,237,199,168,2,20251021_121107
1761041443.6383543,3796075,971795200,971.7952,239,199,168,2,20251021_121107
1761041443.6483383,3796114,971805184,971.805184,241,200,168,2,20251021_121107
1761041443.6583223,3796153,971815168,971.815168,244,199,169,2,20251021_121107
1761041443.6683064,3796192,971825152,971.825152,246,200,168,2,20251021_121107
1761041443.6785464,3796232,971835392,971.835392,248,199,168,2,20251021_121107
1761041443.6885304,3796271,971845376,971.845376,250,199,167,2,20251021_121107
1761041443.6985145,3796310,971855360,971.85536,252,199,168,2,20251021_121107
1761041443.7084985,3796349,971865344,971.865344,254,199,168,2,20251021_121107
1761041443.7184825,3796388,971875328,971.875328,1,200,168,2,20251021_121107
1761041443.7284665,3796427,971885312,971.885312,3,199,168,2,20251021_121107
1761041443.7384503,3796466,971895296,971.895296,5,199,167,2,20251021_121107
1761041443.7486904,3796506,971905536,971.905536,7,199,168,2,20251021_121107
1761041443.7586744,3796545,971915520,971.91552,9,200,167,2,20251021_121107
1761041443.7686584,3796584,971925504,971.925504,11,199,168,2,20251021_121107
1761041443.7786424,3796623,971935488,971.935488,13,199,168,2,20251021_121107
1761041443.7886264,3796662,971945472,971.945472,15,199,168,2,20251021_121107
1761041443.7986104,3796701,971955456,971.955456,17,200,168,2,20251021_121107
1761041443.8085945,3796740,971965440,971.96544,18,199,168,2,20251021_121107
1761041443.8185785,3796779,971975424,971.975424,20,199,167,2,20251021_121107
1761041443.8288183,3796819,971985664,971.985664,22,199,168,2,20251021_121107
1761041443.8388023,3796858,971995648,971.995648,23,200,168,2,20251021_121107
1761041443.8487864,3796897,972005632,972.005632,25,200,168,2,20251021_121107
1761041443.8587704,3796936,972015616,972.015616,27,199,167,2,20251021_121107
1761041443.8687544,3796975,972025600,972.0256,28,199,167,2,20251021_121107
1761041443.8787384,3797014,972035584,972.035584,30,199,169,2,20251021_121107
1761041443.8887224,3797053,972045568,972.045568,32,200,168,2,20251021_121107
1761041443.8987064,3797092,972055552,972.055552,33,200,168,2,20251021_121107
1761041443.9086905,3797131,972065536,972.065536,35,199,167,2,20251021_121107
1761041443.9186745,3797170,972075520,972.07552,36,199,167,2,20251021_121107
1761041443.9286585,3797209,972085504,972.085504,38,199,167,2,20251021_121107
1761041443.9388983,3797249,972095744,972.095744,39,199,167,2,20251021_121107
1761041443.9488823,3797288,972105728,972.105728,41,199,167,2,20251021_121107
1761041443.9588664,3797327,972115712,972.115712,42,201,167,2,20251021_121107
1761041443.9688504,3797366,972125696,972.125696,44,199,166,2,20251021_121107
1761041443.9788344,3797405,972135680,972.13568,46,199,165,2,20251021_121107
1761041443.9888184,3797444,972145664,972.145664,47,200,167,2,20251021_121107
1761041443.9988024,3797483,972155648,972.155648,49,200,166,2,20251021_121107
1761041444.0087864,3797522,972165632,972.165632,50,199,166,2,20251021_121107
1761041444.0187705,3797561,972175616,972.175616,52,199,165,2,20251021_121107
1761041444.0287545,3797600,972185600,972.1856,53,199,165,2,20251021_121107
1761041444.0387385,3797639,972195584,972.195584,55,199,166,2,20251021_121107
1761041444.0487225,3797678,972205568,972.205568,57,199,164,2,20251021_121107
1761041444.0587063,3797717,972215552,972.215552,58,199,164,2,20251021_121107
1761041444.0686903,3797756,972225536,972.225536,60,199,164,2,20251021_121107
1761041444.0789304,3797796,972235776,972.235776,62,200,163,2,20251021_121107
1761041444.0889144,3797835,972245760,972.24576,63,199,162,2,20251021_121107
1761041444.0988984,3797874,972255744,972.255744,65,199,161,2,20251021_121107
1761041444.1088824,3797913,972265728,972.265728,67,199,160,2,20251021_121107
1761041444.1188664,3797952,972275712,972.275712,69,200,159,2,20251021_121107
1761041444.1288505,3797991,972285696,972.285696,71,199,158,2,20251021_121107
1761041444.1388345,3798030,972295680,972.29568,73,199,157,2,20251021_121107
1761041444.1488185,3798069,972305664,972.305664,75,199,155,2,20251021_121107
1761041444.1588025,3798108,972315648,972.315648,77,199,154,2,20251021_121107
1761041444.1687863,3798147,972325632,972.325632,79,199,153,2,20251021_121107
1761041444.1787703,3798186,972335616,972.335616,81,199,151,2,20251021_121107
1761041444.1887543,3798225,972345600,972.3456,83,199,150,2,20251021_121107
1761041444.1987383,3798264,972355584,972.355584,86,199,148,2,20251021_121107
1761041444.2087224,3798303,972365568,972.365568,88,199,146,2,20251021_121107
1761041444.2187064,3798342,972375552,972.375552,90,200,144,2,20251021_121107
1761041444.2289464,3798382,972385792,972.385792,93,199,142,2,20251021_121107
1761041444.2389305,3798421,972395776,972.395776,95,199,141,2,20251021_121107
1761041444.2489145,3798460,972405760,972.40576,97,199,139,2,20251021_121107
1761041444.2588985,3798499,972415744,972.415744,100,199,136,2,20251021_121107
1761041444.2688825,3798538,972425728,972.425728,102,199,135,2,20251021_121107
1761041444.2788663,3798577,972435712,972.435712,105,199,133,2,20251021_121107
1761041444.2888503,3798616,972445696,972.445696,107,199,133,2,20251021_121107
1761041444.2988343,3798655,972455680,972.45568,110,200,132,2,20251021_121107
1761041444.3088183,3798694,972465664,972.465664,112,199,132,2,20251021_121107
1761041444.3188024,3798733,972475648,972.475648,114,199,131,2,20251021_121107
1761041444.3287864,3798772,972485632,972.485632,117,199,131,2,20251021_121107
1761041444.3387704,3798811,972495616,972.495616,119,199,131,2,20251021_121107
1761041444.3487544,3798850,972505600,972.5056,121,199,131,2,20251021_121107
1761041444.3587384,3798889,972515584,972.515584,123,199,131,2,20251021_121107
1761041444.3689785,3798929,972525824,972.525824,125,199,132,2,20251021_121107
1761041444.3789625,3798968,972535808,972.535808,127,199,132,2,20251021_121107
1761041444.3889463,3799007,972545792,972.545792,129,199,132,2,20251021_121107
1761041444.3989303,3799046,972555776,972.555776,131,200,133,2,20251021_121107
1761041444.4089143,3799085,972565760,972.56576,134,199,134,2,20251021_121107
1761041444.4188983,3799124,972575744,972.575744,136,199,135,2,20251021_121107
1761041444.4288824,3799163,972585728,972.585728,138,199,137,2,20251021_121107
1761041444.4388664,3799202,972595712,972.595712,140,199,138,2,20251021_121107
1761041444.4488504,3799241,972605696,972.605696,142,199,140,2,20251021_121107
1761041444.4590905,3799281,972615936,972.615936,144,199,141,2,20251021_121107
1761041444.4690745,3799320,972625920,972.62592,146,199,144,2,20251021_121107
1761041444.4790585,3799359,972635904,972.635904,148,199,146,2,20251021_121107
1761041444.4890423,3799398,972645888,972.645888,151,199,149,2,20251021_121107
1761041444.4990263,3799437,972655872,972.655872,153,199,152,2,20251021_121107
1761041444.5090103,3799476,972665856,972.665856,156,199,156,2,20251021_121107
1761041444.5192504,3799516,972676096,972.676096,158,199,159,2,20251021_121107
1761041444.5292344,3799555,972686080,972.68608,161,199,160,2,20251021_121107
1761041444.5392184,3799594,972696064,972.696064,164,199,162,2,20251021_121107
1761041444.5492024,3799633,972706048,972.706048,167,199,163,2,20251021_121107
1761041444.5591865,3799672,972716032,972.716032,170,199,164,2,20251021_121107
1761041444.5691705,3799711,972726016,972.726016,173,201,166,2,20251021_121107
1761041444.5791545,3799750,972736000,972.736,176,199,166,2,20251021_121107
1761041444.5891385,3799789,972745984,972.745984,179,199,166,2,20251021_121107
1761041444.5991223,3799828,972755968,972.755968,182,199,166,2,20251021_121107
1761041444.6091063,3799867,972765952,972.765952,185,199,167,2,20251021_121107
1761041444.6190903,3799906,972775936,972.775936,188,199,167,2,20251021_121107
1761041444.6290743,3799945,972785920,972.78592,191,199,167,2,20251021_121107
1761041444.6390584,3799984,972795904,972.795904,194,199,167,2,20251021_121107
1761041444.6490424,3800023,972805888,972.805888,197,199,167,2,20251021_121107
1761041444.6592824,3800063,972816128,972.816128,200,199,168,2,20251021_121107
1761041444.6692665,3800102,972826112,972.826112,203,199,168,2,20251021_121107
1761041444.6792505,3800141,972836096,972.836096,206,199,167,2,20251021_121107
1761041444.6892345,3800180,972846080,972.84608,209,199,168,2,20251021_121107
1761041444.6992185,3800219,972856064,972.856064,211,199,168,2,20251021_121107
1761041444.7092023,3800258,972866048,972.866048,214,199,168,2,20251021_121107
1761041444.7191863,3800297,972876032,972.876032,217,199,168,2,20251021_121107
1761041444.7291703,3800336,972886016,972.886016,220,199,168,2,20251021_121107
1761041444.7391543,3800375,972896000,972.896,222,199,169,2,20251021_121107
1761041444.7491384,3800414,972905984,972.905984,225,200,168,2,20251021_121107
1761041444.7591224,3800453,972915968,972.915968,228,199,168,2,20251021_121107
1761041444.7691064,3800492,972925952,972.925952,230,200,169,2,20251021_121107
1761041444.7790904,3800531,972935936,972.935936,233,200,169,2,20251021_121107
1761041444.7890744,3800570,972945920,972.94592,235,199,168,2,20251021_121107
1761041444.7993145,3800610,972956160,972.95616,238,199,168,2,20251021_121107
1761041444.8092985,3800649,972966144,972.966144,240,200,169,2,20251021_121107
1761041444.8192823,3800688,972976128,972.976128,242,200,168,2,20251021_121107
1761041444.8292663,3800727,972986112,972.986112,244,200,169,2,20251021_121107
1761041444.8392503,3800766,972996096,972.996096,247,200,169,2,20251021_121107
1761041444.8492343,3800805,973006080,973.00608,249,199,168,2,20251021_121107
1761041444.8592184,3800844,973016064,973.016064,251,199,168,2,20251021_121107
1761041444.8692024,3800883,973026048,973.026048,253,199,169,2,20251021_121107
1761041444.8791864,3800922,973036032,973.036032,0,200,168,2,20251021_121107
1761041444.8891704,3800961,973046016,973.046016,2,199,168,2,20251021_121107
1761041444.8991544,3801000,973056000,973.056,4,200,169,2,20251021_121107
1761041444.9091384,3801039,973065984,973.065984,6,200,168,2,20251021_121107
1761041444.9191225,3801078,973075968,973.075968,8,200,168,2,20251021_121107
1761041444.9291065,3801117,973085952,973.085952,10,199,168,2,20251021_121107
1761041444.9390905,3801156,973095936,973.095936,12,199,168,2,20251021_121107
1761041444.9493303,3801196,973106176,973.106176,13,199,168,2,20251021_121107
1761041444.9593143,3801235,973116160,973.11616,15,200,168,2,20251021_121107
1761041444.9692984,3801274,973126144,973.126144,17,199,168,2,20251021_121107
1761041444.9792824,3801313,973136128,973.136128,19,199,168,2,20251021_121107
1761041444.9892664,3801352,973146112,973.146112,20,199,168,2,20251021_121107
1761041444.9992504,3801391,973156096,973.156096,22,200,167,2,20251021_121107
1761041445.0092344,3801430,973166080,973.16608,24,199,167,2,20251021_121107
1761041445.0192184,3801469,973176064,973.176064,26,199,166,2,20251021_121107
1761041445.0292025,3801508,973186048,973.186048,27,200,166,2,20251021_121107
1761041445.0391865,3801547,973196032,973.196032,29,200,164,2,20251021_121107
1761041445.0491705,3801586,973206016,973.206016,31,200,161,2,20251021_121107
1761041445.0591545,3801625,973216000,973.216,33,200,158,2,20251021_121107
1761041445.0691383,3801664,973225984,973.225984,35,199,156,2,20251021_121107
1761041445.0791223,3801703,973235968,973.235968,37,199,153,2,20251021_121107
1761041445.0893624,3801743,973246208,973.246208,39,200,149,2,20251021_121107
1761041445.0993464,3801782,973256192,973.256192,42,200,145,2,20251021_121107
1761041445.1093304,3801821,973266176,973.266176,44,199,141,2,20251021_121107
1761041445.1193144,3801860,973276160,973.27616,47,199,138,2,20251021_121107
1761041445.1292984,3801899,973286144,973.286144,50,200,134,2,20251021_121107
1761041445.1392825,3801938,973296128,973.296128,53,199,131,2,20251021_121107
1761041445.1492665,3801977,973306112,973.306112,56,200,129,2,20251021_121107
1761041445.1592505,3802016,973316096,973.316096,59,199,127,2,20251021_121107
1761041445.1692345,3802055,973326080,973.32608,62,199,127,2,20251021_121107
1761041445.1792183,3802094,973336064,973.336064,66,201,124,2,20251021_121107
1761041445.1892023,3802133,973346048,973.346048,69,199,125,2,20251021_121107
1761041445.1991863,3802172,973356032,973.356032,72,200,125,2,20251021_121107
1761041445.2091703,3802211,973366016,973.366016,75,199,125,2,20251021_121107
1761041445.2191544,3802250,973376000,973.376,78,200,124,2,20251021_121107
1761041445.2291384,3802289,973385984,973.385984,80,199,125,2,20251021_121107
1761041445.2393785,3802329,973396224,973.396224,83,199,124,2,20251021_121107
1761041445.2493625,3802368,973406208,973.406208,86,199,124,2,20251021_121107
1761041445.2593465,3802407,973416192,973.416192,89,199,124,2,20251021_121107
1761041445.2693305,3802446,973426176,973.426176,92,200,125,2,20251021_121107
1761041445.2793145,3802485,973436160,973.43616,94,199,124,2,20251021_121107
1761041445.2892983,3802524,973446144,973.446144,97,199,125,2,20251021_121107
1761041445.2992823,3802563,973456128,973.456128,100,199,124,2,20251021_121107
1761041445.3092663,3802602,973466112,973.466112,102,199,126,2,20251021_121107
1761041445.3192503,3802641,973476096,973.476096,105,199,124,2,20251021_121107
1761041445.3292344,3802680,973486080,973.48608,107,199,124,2,20251021_121107
1761041445.3392184,3802719,973496064,973.496064,110,199,124,2,20251021_121107
1761041445.3492024,3802758,973506048,973.506048,112,199,125,2,20251021_121107
1761041445.3591864,3802797,973516032,973.516032,114,199,125,2,20251021_121107
1761041445.3691704,3802836,973526016,973.526016,117,199,126,2,20251021_121107
1761041445.3794105,3802876,973536256,973.536256,119,199,126,2,20251021_121107
1761041445.3893943,3802915,973546240,973.54624,121,199,126,2,20251021_121107
1761041445.3993783,3802954,973556224,973.556224,123,199,127,2,20251021_121107
1761041445.4093623,3802993,973566208,973.566208,125,199,127,2,20251021_121107
1761041445.4193463,3803032,973576192,973.576192,127,199,127,2,20251021_121107
1761041445.4293303,3803071,973586176,973.586176,129,199,127,2,20251021_121107
1761041445.4393144,3803110,973596160,973.59616,131,199,129,2,20251021_121107
1761041445.4492984,3803149,973606144,973.606144,133,199,130,2,20251021_121107
1761041445.4592824,3803188,973616128,973.616128,135,199,132,2,20251021_121107
1761041445.4692664,3803227,973626112,973.626112,137,199,136,2,20251021_121107
1761041445.4792504,3803266,973636096,973.636096,139,199,140,2,20251021_121107
1761041445.4892344,3803305,973646080,973.64608,142,199,145,2,20251021_121107
1761041445.4992185,3803344,973656064,973.656064,144,199,151,2,20251021_121107
1761041445.5092025,3803383,973666048,973.666048,146,200,156,2,20251021_121107
1761041445.5194423,3803423,973676288,973.676288,149,199,158,2,20251021_121107
1761041445.5294263,3803462,973686272,973.686272,152,201,162,2,20251021_121107
1761041445.5394104,3803501,973696256,973.696256,154,199,162,2,20251021_121107
1761041445.5493944,3803540,973706240,973.70624,157,199,164,2,20251021_121107
1761041445.5593784,3803579,973716224,973.716224,160,199,165,2,20251021_121107
1761041445.5693624,3803618,973726208,973.726208,163,199,165,2,20251021_121107
1761041445.5793464,3803657,973736192,973.736192,166,199,165,2,20251021_121107
1761041445.5893304,3803696,973746176,973.746176,169,199,166,2,20251021_121107
1761041445.5993145,3803735,973756160,973.75616,172,199,166,2,20251021_121107
1761041445.6092985,3803774,973766144,973.766144,175,199,167,2,20251021_121107
1761041445.6192825,3803813,973776128,973.776128,178,199,167,2,20251021_121107
1761041445.6292665,3803852,973786112,973.786112,181,199,166,2,20251021_121107
1761041445.6392505,3803891,973796096,973.796096,184,199,167,2,20251021_121107
1761041445.6492343,3803930,973806080,973.80608,187,199,167,2,20251021_121107
1761041445.6594744,3803970,973816320,973.81632,190,199,167,2,20251021_121107
1761041445.6694584,3804009,973826304,973.826304,193,199,167,2,20251021_121107
1761041445.6794424,3804048,973836288,973.836288,196,199,167,2,20251021_121107
1761041445.6894264,3804087,973846272,973.846272,199,199,167,2,20251021_121107
1761041445.6994104,3804126,973856256,973.856256,202,199,167,2,20251021_121107
1761041445.7093945,3804165,973866240,973.86624,205,199,168,2,20251021_121107
1761041445.7193785,3804204,973876224,973.876224,208,200,168,2,20251021_121107
1761041445.7293625,3804243,973886208,973.886208,211,199,168,2,20251021_121107
1761041445.7393465,3804282,973896192,973.896192,214,199,167,2,20251021_121107
1761041445.7493303,3804321,973906176,973.906176,217,199,168,2,20251021_121107
1761041445.7593143,3804360,973916160,973.91616,219,199,168,2,20251021_121107
1761041445.7692983,3804399,973926144,973.926144,222,199,168,2,20251021_121107
1761041445.7792823,3804438,973936128,973.936128,225,199,168,2,20251021_121107
1761041445.7892663,3804477,973946112,973.946112,227,199,168,2,20251021_121107
1761041445.7992504,3804516,973956096,973.956096,230,200,168,2,20251021_121107
1761041445.8094904,3804556,973966336,973.966336,232,199,168,2,20251021_121107
1761041445.8194745,3804595,973976320,973.97632,235,200,169,2,20251021_121107
1761041445.8294585,3804634,973986304,973.986304,237,199,168,2,20251021_121107
1761041445.8394425,3804673,973996288,973.996288,239,199,168,2,20251021_121107
1761041445.8494265,3804712,974006272,974.006272,242,199,168,2,20251021_121107
1761041445.8594103,3804751,974016256,974.016256,244,199,168,2,20251021_121107
1761041445.8693943,3804790,974026240,974.02624,246,199,168,2,20251021_121107
1761041445.8793783,3804829,974036224,974.036224,248,200,168,2,20251021_121107
1761041445.8893623,3804868,974046208,974.046208,251,200,168,2,20251021_121107
1761041445.8993464,3804907,974056192,974.056192,253,199,168,2,20251021_121107
1761041445.9093304,3804946,974066176,974.066176,0,200,168,2,20251021_121107
1761041445.9193144,3804985,974076160,974.07616,2,199,168,2,20251021_121107
1761041445.9292984,3805024,974086144,974.086144,4,199,168,2,20251021_121107
1761041445.9392824,3805063,974096128,974.096128,6,200,168,2,20251021_121107
1761041445.9495225,3805103,974106368,974.106368,8,200,168,2,20251021_121107
1761041445.9595065,3805142,974116352,974.116352,10,200,167,2,20251021_121107
1761041445.9694903,3805181,974126336,974.126336,11,199,167,2,20251021_121107
1761041445.9794743,3805220,974136320,974.13632,13,199,167,2,20251021_121107
1761041445.9894583,3805259,974146304,974.146304,15,200,167,2,20251021_121107
1761041445.9994423,3805298,974156288,974.156288,17,200,165,2,20251021_121107
1761041446.0094264,3805337,974166272,974.166272,19,199,165,2,20251021_121107
1761041446.0194104,3805376,974176256,974.176256,20,199,164,2,20251021_121107
1761041446.0293944,3805415,974186240,974.18624,22,199,162,2,20251021_121107
1761041446.0393784,3805454,974196224,974.196224,24,199,159,2,20251021_121107
1761041446.0493624,3805493,974206208,974.206208,26,199,156,2,20251021_121107
1761041446.0593464,3805532,974216192,974.216192,28,199,154,2,20251021_121107
1761041446.0693305,3805571,974226176,974.226176,30,199,151,2,20251021_121107
1761041446.0793145,3805610,974236160,974.23616,33,199,147,2,20251021_121107
1761041446.0895543,3805650,974246400,974.2464,35,200,145,2,20251021_121107
1761041446.0995383,3805689,974256384,974.256384,37,200,142,2,20251021_121107
1761041446.1095223,3805728,974266368,974.266368,40,200,140,2,20251021_121107
1761041446.1195064,3805767,974276352,974.276352,43,199,136,2,20251021_121107
1761041446.1294904,3805806,974286336,974.286336,45,199,134,2,20251021_121107
1761041446.1394744,3805845,974296320,974.29632,48,199,130,2,20251021_121107
1761041446.1494584,3805884,974306304,974.306304,51,199,128,2,20251021_121107
1761041446.1594424,3805923,974316288,974.316288,54,201,128,2,20251021_121107
1761041446.1694264,3805962,974326272,974.326272,57,199,127,2,20251021_121107
1761041446.1794105,3806001,974336256,974.336256,60,200,126,2,20251021_121107
1761041446.1893945,3806040,974346240,974.34624,63,199,124,2,20251021_121107
1761041446.1993785,3806079,974356224,974.356224,66,199,124,2,20251021_121107
1761041446.2093625,3806118,974366208,974.366208,69,199,124,2,20251021_121107
1761041446.2193463,3806157,974376192,974.376192,72,199,124,2,20251021_121107
1761041446.2295864,3806197,974386432,974.386432,75,200,124,2,20251021_121107
1761041446.2395704,3806236,974396416,974.396416,78,199,123,2,20251021_121107
1761041446.2495544,3806275,974406400,974.4064,81,199,123,2,20251021_121107
1761041446.2595384,3806314,974416384,974.416384,84,199,123,2,20251021_121107
1761041446.2695224,3806353,974426368,974.426368,87,199,124,2,20251021_121107
1761041446.2795064,3806392,974436352,974.436352,90,199,124,2,20251021_121107
1761041446.2894905,3806431,974446336,974.446336,92,199,124,2,20251021_121107
1761041446.2994745,3806470,974456320,974.45632,95,199,125,2,20251021_121107
1761041446.3094585,3806509,974466304,974.466304,98,199,125,2,20251021_121107
1761041446.3194425,3806548,974476288,974.476288,100,199,127,2,20251021_121107
1761041446.3294263,3806587,974486272,974.486272,103,199,126,2,20251021_121107
1761041446.3394103,3806626,974496256,974.496256,105,199,126,2,20251021_121107
1761041446.3493943,3806665,974506240,974.50624,108,199,127,2,20251021_121107
1761041446.3593783,3806704,974516224,974.516224,110,199,127,2,20251021_121107
1761041446.3696184,3806744,974526464,974.526464,112,199,127,2,20251021_121107
1761041446.3796024,3806783,974536448,974.536448,115,199,128,2,20251021_121107
1761041446.3895864,3806822,974546432,974.546432,117,199,129,2,20251021_121107
1761041446.3995705,3806861,974556416,974.556416,119,199,131,2,20251021_121107
1761041446.4095545,3806900,974566400,974.5664,121,199,133,2,20251021_121107
1761041446.4195385,3806939,974576384,974.576384,124,199,136,2,20251021_121107
1761041446.4295225,3806978,974586368,974.586368,126,199,138,2,20251021_121107
1761041446.4395063,3807017,974596352,974.596352,128,199,140,2,20251021_121107
1761041446.4494903,3807056,974606336,974.606336,130,199,143,2,20251021_121107
1761041446.4594743,3807095,974616320,974.61632,133,199,148,2,20251021_121107
1761041446.4694583,3807134,974626304,974.626304,135,199,151,2,20251021_121107
1761041446.4794424,3807173,974636288,974.636288,137,199,156,2,20251021_121107
1761041446.4894264,3807212,974646272,974.646272,140,200,159,2,20251021_121107
1761041446.4994104,3807251,974656256,974.656256,143,199,160,2,20251021_121107
1761041446.5093944,3807290,974666240,974.66624,145,199,161,2,20251021_121107
1761041446.5196345,3807330,974676480,974.67648,148,199,162,2,20251021_121107
1761041446.5296185,3807369,974686464,974.686464,151,200,163,2,20251021_121107
1761041446.5396025,3807408,974696448,974.696448,154,199,166,2,20251021_121107
1761041446.5495863,3807447,974706432,974.706432,156,199,167,2,20251021_121107
1761041446.5595703,3807486,974716416,974.716416,159,199,167,2,20251021_121107
1761041446.5695543,3807525,974726400,974.7264,162,199,166,2,20251021_121107
1761041446.5795383,3807564,974736384,974.736384,165,199,166,2,20251021_121107
1761041446.5895224,3807603,974746368,974.746368,168,199,166,2,20251021_121107
1761041446.5995064,3807642,974756352,974.756352,171,199,166,2,20251021_121107
1761041446.6094904,3807681,974766336,974.766336,174,199,166,2,20251021_121107
1761041446.6194744,3807720,974776320,974.77632,177,199,167,2,20251021_121107
1761041446.6294584,3807759,974786304,974.786304,180,199,167,2,20251021_121107
1761041446.6394424,3807798,974796288,974.796288,184,199,167,2,20251021_121107
1761041446.6494265,3807837,974806272,974.806272,187,199,167,2,20251021_121107
1761041446.6596663,3807877,974816512,974.816512,190,199,167,2,20251021_121107
1761041446.6696503,3807916,974826496,974.826496,193,199,167,2,20251021_121107
1761041446.6796343,3807955,974836480,974.83648,196,199,167,2,20251021_121107
1761041446.6896183,3807994,974846464,974.846464,199,199,168,2,20251021_121107
1761041446.6996024,3808033,974856448,974.856448,202,199,168,2,20251021_121107
1761041446.7095864,3808072,974866432,974.866432,205,199,167,2,20251021_121107
1761041446.7195704,3808111,974876416,974.876416,207,199,168,2,20251021_121107
1761041446.7295544,3808150,974886400,974.8864,210,199,168,2,20251021_121107
1761041446.7395384,3808189,974896384,974.896384,213,199,168,2,20251021_121107
1761041446.7495224,3808228,974906368,974.906368,216,199,168,2,20251021_121107
1761041446.7595065,3808267,974916352,974.916352,219,199,168,2,20251021_121107
1761041446.7694905,3808306,974926336,974.926336,221,199,168,2,20251021_121107
1761041446.7794745,3808345,974936320,974.93632,224,199,168,2,20251021_121107
1761041446.7894585,3808384,974946304,974.946304,227,200,168,2,20251021_121107
1761041446.7994423,3808423,974956288,974.956288,229,200,168,2,20251021_121107
1761041446.8096824,3808463,974966528,974.966528,232,199,168,2,20251021_121107
1761041446.8196664,3808502,974976512,974.976512,234,200,168,2,20251021_121107
1761041446.8296504,3808541,974986496,974.986496,237,199,168,2,20251021_121107
1761041446.8396344,3808580,974996480,974.99648,239,199,168,2,20251021_121107
1761041446.8496184,3808619,975006464,975.006464,241,199,168,2,20251021_121107
1761041446.8596025,3808658,975016448,975.016448,244,199,168,2,20251021_121107
1761041446.8695865,3808697,975026432,975.026432,246,200,168,2,20251021_121107
1761041446.8795705,3808736,975036416,975.036416,248,199,168,2,20251021_121107
1761041446.8895545,3808775,975046400,975.0464,250,199,168,2,20251021_121107
1761041446.8995385,3808814,975056384,975.056384,252,200,168,2,20251021_121107
1761041446.9095223,3808853,975066368,975.066368,254,200,168,2,20251021_121107
1761041446.9195063,3808892,975076352,975.076352,1,199,168,2,20251021_121107
1761041446.9294903,3808931,975086336,975.086336,3,199,168,2,20251021_121107
1761041446.9394743,3808970,975096320,975.09632,5,199,168,2,20251021_121107
1761041446.9497144,3809010,975106560,975.10656,7,200,168,2,20251021_121107
1761041446.9596984,3809049,975116544,975.116544,9,199,169,2,20251021_121107
1761041446.9696825,3809088,975126528,975.126528,11,200,168,2,20251021_121107
1761041446.9796665,3809127,975136512,975.136512,13,199,168,2,20251021_121107
1761041446.9896505,3809166,975146496,975.146496,15,200,168,2,20251021_121107
1761041446.9996345,3809205,975156480,975.15648,16,200,169,2,20251021_121107
1761041447.0096183,3809244,975166464,975.166464,18,200,169,2,20251021_121107
1761041447.0196023,3809283,975176448,975.176448,20,199,168,2,20251021_121107
1761041447.0295863,3809322,975186432,975.186432,21,199,169,2,20251021_121107
1761041447.0395703,3809361,975196416,975.196416,23,200,169,2,20251021_121107
1761041447.0495543,3809400,975206400,975.2064,25,200,170,2,20251021_121107
1761041447.0595384,3809439,975216384,975.216384,26,200,169,2,20251021_121107
1761041447.0695224,3809478,975226368,975.226368,28,200,169,2,20251021_121107
1761041447.0795064,3809517,975236352,975.236352,30,200,169,2,20251021_121107
1761041447.0897465,3809557,975246592,975.246592,31,200,169,2,20251021_121107
1761041447.0997305,3809596,975256576,975.256576,33,200,169,2,20251021_121107
1761041447.1097145,3809635,975266560,975.26656,34,199,169,2,20251021_121107
1761041447.1196983,3809674,975276544,975.276544,36,199,169,2,20251021_121107
1761041447.1296823,3809713,975286528,975.286528,37,200,168,2,20251021_121107
1761041447.1396663,3809752,975296512,975.296512,39,200,168,2,20251021_121107
1761041447.1496503,3809791,975306496,975.306496,40,200,168,2,20251021_121107
1761041447.1596344,3809830,975316480,975.31648,42,199,168,2,20251021_121107
1761041447.1696184,3809869,975326464,975.326464,43,200,168,2,20251021_121107
1761041447.1796024,3809908,975336448,975.336448,45,200,168,2,20251021_121107
1761041447.1895864,3809947,975346432,975.346432,46,199,168,2,20251021_121107
1761041447.1995704,3809986,975356416,975.356416,48,200,168,2,20251021_121107
1761041447.2095544,3810025,975366400,975.3664,49,199,168,2,20251021_121107
1761041447.2195385,3810064,975376384,975.376384,51,199,167,2,20251021_121107
1761041447.2297783,3810104,975386624,975.386624,52,200,168,2,20251021_121107
1761041447.2397623,3810143,975396608,975.396608,54,199,167,2,20251021_121107
1761041447.2497463,3810182,975406592,975.406592,56,199,167,2,20251021_121107
1761041447.2597303,3810221,975416576,975.416576,57,199,167,2,20251021_121107
1761041447.2697144,3810260,975426560,975.42656,59,199,166,2,20251021_121107
1761041447.2796984,3810299,975436544,975.436544,60,199,166,2,20251021_121107
1761041447.2896824,3810338,975446528,975.446528,62,199,166,2,20251021_121107
1761041447.2996664,3810377,975456512,975.456512,63,200,164,2,20251021_121107
1761041447.3096504,3810416,975466496,975.466496,65,200,164,2,20251021_121107
1761041447.3196344,3810455,975476480,975.47648,67,199,163,2,20251021_121107
1761041447.3296185,3810494,975486464,975.486464,69,199,163,2,20251021_121107
1761041447.3396025,3810533,975496448,975.496448,70,199,162,2,20251021_121107
1761041447.3495865,3810572,975506432,975.506432,72,200,160,2,20251021_121107
1761041447.3595705,3810611,975516416,975.516416,74,199,158,2,20251021_121107
1761041447.3695543,3810650,975526400,975.5264,76,199,155,2,20251021_121107
1761041447.3797944,3810690,975536640,975.53664,78,199,153,2,20251021_121107
1761041447.3897784,3810729,975546624,975.546624,80,199,150,2,20251021_121107
1761041447.3997624,3810768,975556608,975.556608,83,199,148,2,20251021_121107
1761041447.4097464,3810807,975566592,975.566592,85,199,145,2,20251021_121107
1761041447.4197304,3810846,975576576,975.576576,87,199,143,2,20251021_121107
1761041447.4297144,3810885,975586560,975.58656,90,199,142,2,20251021_121107
1761041447.4396985,3810924,975596544,975.596544,92,199,138,2,20251021_121107
1761041447.4496825,3810963,975606528,975.606528,95,199,136,2,20251021_121107
1761041447.4596665,3811002,975616512,975.616512,97,199,134,2,20251021_121107
1761041447.4696505,3811041,975626496,975.626496,100,199,132,2,20251021_121107
1761041447.4796343,3811080,975636480,975.63648,102,199,130,2,20251021_121107
1761041447.4896183,3811119,975646464,975.646464,105,199,129,2,20251021_121107
1761041447.4996023,3811158,975656448,975.656448,107,199,127,2,20251021_121107
1761041447.5095863,3811197,975666432,975.666432,110,199,127,2,20251021_121107
1761041447.5198264,3811237,975676672,975.676672,112,199,127,2,20251021_121107
1761041447.5298104,3811276,975686656,975.686656,114,199,127,2,20251021_121107
1761041447.5397944,3811315,975696640,975.69664,117,199,127,2,20251021_121107
1761041447.5497785,3811354,975706624,975.706624,119,199,127,2,20251021_121107
1761041447.5597625,3811393,975716608,975.716608,121,199,127,2,20251021_121107
1761041447.5697465,3811432,975726592,975.726592,123,199,127,2,20251021_121107
1761041447.5797305,3811471,975736576,975.736576,125,199,127,2,20251021_121107
1761041447.5897143,3811510,975746560,975.74656,127,199,127,2,20251021_121107
1761041447.5996983,3811549,975756544,975.756544,129,199,127,2,20251021_121107
1761041447.6096823,3811588,975766528,975.766528,131,199,127,2,20251021_121107
1761041447.6196663,3811627,975776512,975.776512,133,199,128,2,20251021_121107
1761041447.6296504,3811666,975786496,975.786496,135,199,129,2,20251021_121107
1761041447.6396344,3811705,975796480,975.79648,137,199,130,2,20251021_121107
1761041447.6496184,3811744,975806464,975.806464,139,199,131,2,20251021_121107
1761041447.6596024,3811783,975816448,975.816448,141,199,132,2,20251021_121107
1761041447.6698425,3811823,975826688,975.826688,143,199,133,2,20251021_121107
1761041447.6798265,3811862,975836672,975.836672,145,199,136,2,20251021_121107
1761041447.6898105,3811901,975846656,975.846656,147,199,137,2,20251021_121107
1761041447.6997943,3811940,975856640,975.85664,149,198,140,2,20251021_121107
1761041447.7097783,3811979,975866624,975.866624,151,199,143,2,20251021_121107
1761041447.7197623,3812018,975876608,975.876608,153,199,147,2,20251021_121107
1761041447.7297463,3812057,975886592,975.886592,156,199,151,2,20251021_121107
1761041447.7397304,3812096,975896576,975.896576,158,199,156,2,20251021_121107
1761041447.7497144,3812135,975906560,975.90656,161,199,158,2,20251021_121107
1761041447.7596984,3812174,975916544,975.916544,163,199,160,2,20251021_121107
1761041447.7696824,3812213,975926528,975.926528,166,199,162,2,20251021_121107
1761041447.7796664,3812252,975936512,975.936512,169,198,163,2,20251021_121107
1761041447.7896504,3812291,975946496,975.946496,172,199,165,2,20251021_121107
1761041447.7996345,3812330,975956480,975.95648,175,199,166,2,20251021_121107
1761041447.8098743,3812370,975966720,975.96672,178,199,166,2,20251021_121107
1761041447.8198583,3812409,975976704,975.976704,181,199,166,2,20251021_121107
1761041447.8298423,3812448,975986688,975.986688,184,199,166,2,20251021_121107
1761041447.8398263,3812487,975996672,975.996672,187,199,167,2,20251021_121107
1761041447.8498104,3812526,976006656,976.006656,190,199,167,2,20251021_121107
1761041447.8597944,3812565,976016640,976.01664,193,199,167,2,20251021_121107
1761041447.8697784,3812604,976026624,976.026624,196,199,166,2,20251021_121107
1761041447.8797624,3812643,976036608,976.036608,199,199,167,2,20251021_121107
1761041447.8897464,3812682,976046592,976.046592,202,199,167,2,20251021_121107
1761041447.8997304,3812721,976056576,976.056576,205,199,167,2,20251021_121107
1761041447.9097145,3812760,976066560,976.06656,208,199,168,2,20251021_121107
1761041447.9196985,3812799,976076544,976.076544,210,199,168,2,20251021_121107
1761041447.9296825,3812838,976086528,976.086528,213,199,168,2,20251021_121107
1761041447.9396665,3812877,976096512,976.096512,216,199,168,2,20251021_121107
1761041447.9499063,3812917,976106752,976.106752,219,199,168,2,20251021_121107
1761041447.9598904,3812956,976116736,976.116736,221,200,168,2,20251021_121107
1761041447.9698744,3812995,976126720,976.12672,224,199,168,2,20251021_121107
1761041447.9798584,3813034,976136704,976.136704,227,199,168,2,20251021_121107
1761041447.9898424,3813073,976146688,976.146688,229,199,168,2,20251021_121107
1761041447.9998264,3813112,976156672,976.156672,232,200,168,2,20251021_121107
1761041448.0098104,3813151,976166656,976.166656,234,200,168,2,20251021_121107
1761041448.0197945,3813190,976176640,976.17664,237,200,168,2,20251021_121107
1761041448.0297785,3813229,976186624,976.186624,239,199,168,2,20251021_121107
1761041448.0397625,3813268,976196608,976.196608,241,199,168,2,20251021_121107
1761041448.0497465,3813307,976206592,976.206592,244,199,168,2,20251021_121107
1761041448.0597303,3813346,976216576,976.216576,246,200,168,2,20251021_121107
1761041448.0697143,3813385,976226560,976.22656,248,200,168,2,20251021_121107
1761041448.0796983,3813424,976236544,976.236544,250,200,169,2,20251021_121107
1761041448.0899384,3813464,976246784,976.246784,252,199,168,2,20251021_121107
1761041448.0999224,3813503,976256768,976.256768,254,199,168,2,20251021_121107
1761041448.1099064,3813542,976266752,976.266752,1,200,169,2,20251021_121107
1761041448.1198905,3813581,976276736,976.276736,3,200,168,2,20251021_121107
1761041448.1298745,3813620,976286720,976.28672,5,200,169,2,20251021_121107
1761041448.1398585,3813659,976296704,976.296704,7,199,169,2,20251021_121107
1761041448.1498425,3813698,976306688,976.306688,9,200,168,2,20251021_121107
1761041448.1598265,3813737,976316672,976.316672,11,200,168,2,20251021_121107
1761041448.1698103,3813776,976326656,976.326656,13,199,168,2,20251021_121107
1761041448.1797943,3813815,976336640,976.33664,15,199,167,2,20251021_121107
1761041448.1897783,3813854,976346624,976.346624,16,199,167,2,20251021_121107
1761041448.1997623,3813893,976356608,976.356608,18,199,170,2,20251021_121107
1761041448.2097464,3813932,976366592,976.366592,20,200,167,2,20251021_121107
1761041448.2197304,3813971,976376576,976.376576,22,200,166,2,20251021_121107
1761041448.2297144,3814010,976386560,976.38656,23,200,164,2,20251021_121107
1761041448.2399545,3814050,976396800,976.3968,25,199,165,2,20251021_121107
1761041448.2499385,3814089,976406784,976.406784,27,199,163,2,20251021_121107
1761041448.2599225,3814128,976416768,976.416768,29,199,160,2,20251021_121107
1761041448.2699063,3814167,976426752,976.426752,31,199,156,2,20251021_121107
1761041448.2798903,3814206,976436736,976.436736,33,199,152,2,20251021_121107
1761041448.2898743,3814245,976446720,976.44672,35,199,150,2,20251021_121107
1761041448.2998583,3814284,976456704,976.456704,37,199,146,2,20251021_121107
1761041448.3098423,3814323,976466688,976.466688,40,200,142,2,20251021_121107
1761041448.3198264,3814362,976476672,976.476672,42,200,139,2,20251021_121107
1761041448.3298104,3814401,976486656,976.486656,45,199,136,2,20251021_121107
1761041448.3397944,3814440,976496640,976.49664,48,201,133,2,20251021_121107
1761041448.3497784,3814479,976506624,976.506624,51,199,130,2,20251021_121107
1761041448.3597624,3814518,976516608,976.516608,54,200,128,2,20251021_121107
1761041448.3697464,3814557,976526592,976.526592,57,199,127,2,20251021_121107
1761041448.3799863,3814597,976536832,976.536832,60,199,126,2,20251021_121107
1761041448.3899703,3814636,976546816,976.546816,63,200,124,2,20251021_121107
1761041448.3999543,3814675,976556800,976.5568,66,200,125,2,20251021_121107
1761041448.4099383,3814714,976566784,976.566784,70,199,125,2,20251021_121107
1761041448.4199224,3814753,976576768,976.576768,73,199,126,2,20251021_121107
1761041448.4299064,3814792,976586752,976.586752,75,200,125,2,20251021_121107
1761041448.4398904,3814831,976596736,976.596736,78,199,124,2,20251021_121107
1761041448.4498744,3814870,976606720,976.60672,81,199,124,2,20251021_121107
1761041448.4598584,3814909,976616704,976.616704,84,199,124,2,20251021_121107
1761041448.4698424,3814948,976626688,976.626688,87,199,124,2,20251021_121107
1761041448.4798265,3814987,976636672,976.636672,90,199,123,2,20251021_121107
1761041448.4898105,3815026,976646656,976.646656,93,199,123,2,20251021_121107
1761041448.4997945,3815065,976656640,976.65664,95,199,124,2,20251021_121107
1761041448.5097785,3815104,976666624,976.666624,98,199,124,2,20251021_121107
1761041448.5197625,3815143,976676608,976.676608,100,199,124,2,20251021_121107
1761041448.5300024,3815183,976686848,976.686848,103,199,124,2,20251021_121107
1761041448.5399864,3815222,976696832,976.696832,105,199,124,2,20251021_121107
1761041448.5499704,3815261,976706816,976.706816,108,199,125,2,20251021_121107
1761041448.5599544,3815300,976716800,976.7168,110,199,125,2,20251021_121107
1761041448.5699384,3815339,976726784,976.726784,113,199,126,2,20251021_121107
1761041448.5799224,3815378,976736768,976.736768,115,199,127,2,20251021_121107
1761041448.5899065,3815417,976746752,976.746752,117,199,127,2,20251021_121107
1761041448.5998905,3815456,976756736,976.756736,119,199,127,2,20251021_121107
1761041448.6098745,3815495,976766720,976.76672,122,199,128,2,20251021_121107
1761041448.6198585,3815534,976776704,976.776704,124,199,130,2,20251021_121107
1761041448.6298423,3815573,976786688,976.786688,126,199,132,2,20251021_121107
1761041448.6398263,3815612,976796672,976.796672,128,199,135,2,20251021_121107
1761041448.6498103,3815651,976806656,976.806656,130,199,138,2,20251021_121107
1761041448.6597943,3815690,976816640,976.81664,132,199,142,2,20251021_121107
1761041448.6700344,3815730,976826880,976.82688,135,199,147,2,20251021_121107
1761041448.6800184,3815769,976836864,976.836864,137,199,152,2,20251021_121107
1761041448.6900024,3815808,976846848,976.846848,139,199,158,2,20251021_121107
1761041448.6999865,3815847,976856832,976.856832,142,199,159,2,20251021_121107
1761041448.7099705,3815886,976866816,976.866816,145,199,160,2,20251021_121107
1761041448.7199545,3815925,976876800,976.8768,147,199,162,2,20251021_121107
1761041448.7299385,3815964,976886784,976.886784,150,199,163,2,20251021_121107
1761041448.7399223,3816003,976896768,976.896768,153,199,165,2,20251021_121107
1761041448.7499063,3816042,976906752,976.906752,156,199,165,2,20251021_121107
1761041448.7598903,3816081,976916736,976.916736,158,199,166,2,20251021_121107
1761041448.7698743,3816120,976926720,976.92672,161,199,166,2,20251021_121107
1761041448.7798584,3816159,976936704,976.936704,164,199,166,2,20251021_121107
1761041448.7898424,3816198,976946688,976.946688,167,199,166,2,20251021_121107
1761041448.7998264,3816237,976956672,976.956672,170,199,166,2,20251021_121107
1761041448.8100665,3816277,976966912,976.966912,173,199,166,2,20251021_121107
1761041448.8200505,3816316,976976896,976.976896,176,199,167,2,20251021_121107
1761041448.8300345,3816355,976986880,976.98688,179,199,167,2,20251021_121107
1761041448.8400185,3816394,976996864,976.996864,183,200,167,2,20251021_121107
1761041448.8500023,3816433,977006848,977.006848,186,199,167,2,20251021_121107
1761041448.8599863,3816472,977016832,977.016832,189,199,167,2,20251021_121107
1761041448.8699703,3816511,977026816,977.026816,192,199,168,2,20251021_121107
1761041448.8799543,3816550,977036800,977.0368,195,199,167,2,20251021_121107
1761041448.8899384,3816589,977046784,977.046784,198,199,168,2,20251021_121107
1761041448.8999224,3816628,977056768,977.056768,201,199,167,2,20251021_121107
1761041448.9099064,3816667,977066752,977.066752,204,199,168,2,20251021_121107
1761041448.9198904,3816706,977076736,977.076736,206,199,168,2,20251021_121107
1761041448.9298744,3816745,977086720,977.08672,209,199,168,2,20251021_121107
1761041448.9398584,3816784,977096704,977.096704,212,199,168,2,20251021_121107
1761041448.9500985,3816824,977106944,977.106944,215,199,169,2,20251021_121107
1761041448.9600823,3816863,977116928,977.116928,218,199,168,2,20251021_121107
1761041448.9700663,3816902,977126912,977.126912,220,199,168,2,20251021_121107
1761041448.9800503,3816941,977136896,977.136896,223,199,168,2,20251021_121107
1761041448.9900343,3816980,977146880,977.14688,226,199,168,2,20251021_121107
1761041449.0000184,3817019,977156864,977.156864,228,200,168,2,20251021_121107
1761041449.0100024,3817058,977166848,977.166848,231,199,168,2,20251021_121107
1761041449.0199864,3817097,977176832,977.176832,233,199,168,2,20251021_121107
1761041449.0299704,3817136,977186816,977.186816,236,199,168,2,20251021_121107
1761041449.0399544,3817175,977196800,977.1968,238,199,168,2,20251021_121107
1761041449.0499384,3817214,977206784,977.206784,240,199,168,2,20251021_121107
1761041449.0599225,3817253,977216768,977.216768,243,200,168,2,20251021_121107
1761041449.0699065,3817292,977226752,977.226752,245,200,168,2,20251021_121107
1761041449.0798905,3817331,977236736,977.236736,247,199,168,2,20251021_121107
1761041449.0898745,3817370,977246720,977.24672,249,200,168,2,20251021_121107
1761041449.1001143,3817410,977256960,977.25696,252,200,168,2,20251021_121107
1761041449.1100984,3817449,977266944,977.266944,254,200,168,2,20251021_121107
1761041449.1200824,3817488,977276928,977.276928,1,200,168,2,20251021_121107
1761041449.1300664,3817527,977286912,977.286912,3,200,168,2,20251021_121107
1761041449.1400504,3817566,977296896,977.296896,5,199,168,2,20251021_121107
1761041449.1500344,3817605,977306880,977.30688,7,199,168,2,20251021_121107
1761041449.1600184,3817644,977316864,977.316864,8,200,167,2,20251021_121107
1761041449.1700025,3817683,977326848,977.326848,10,199,167,2,20251021_121107
1761041449.1799865,3817722,977336832,977.336832,12,199,167,2,20251021_121107
1761041449.1899705,3817761,977346816,977.346816,14,200,166,2,20251021_121107
1761041449.1999545,3817800,977356800,977.3568,16,199,166,2,20251021_121107
1761041449.2099383,3817839,977366784,977.366784,18,200,164,2,20251021_121107
1761041449.2199223,3817878,977376768,977.376768,20,200,162,2,20251021_121107
1761041449.2299063,3817917,977386752,977.386752,21,200,159,2,20251021_121107
1761041449.2401464,3817957,977396992,977.396992,23,200,156,2,20251021_121107
1761041449.2501304,3817996,977406976,977.406976,26,199,155,2,20251021_121107
1761041449.2601144,3818035,977416960,977.41696,28,200,152,2,20251021_121107
1761041449.2700984,3818074,977426944,977.426944,30,199,150,2,20251021_121107
1761041449.2800825,3818113,977436928,977.436928,32,200,148,2,20251021_121107
1761041449.2900665,3818152,977446912,977.446912,34,199,146,2,20251021_121107
1761041449.3000505,3818191,977456896,977.456896,37,199,144,2,20251021_121107
1761041449.3100345,3818230,977466880,977.46688,39,200,141,2,20251021_121107
1761041449.3200183,3818269,977476864,977.476864,42,200,139,2,20251021_121107
1761041449.3300023,3818308,977486848,977.486848,44,200,137,2,20251021_121107
1761041449.3399863,3818347,977496832,977.496832,47,199,136,2,20251021_121107
1761041449.3499703,3818386,977506816,977.506816,50,199,134,2,20251021_121107
1761041449.3599544,3818425,977516800,977.5168,53,200,132,2,20251021_121107
1761041449.3699384,3818464,977526784,977.526784,56,199,131,2,20251021_121107
1761041449.3801785,3818504,977537024,977.537024,59,199,129,2,20251021_121107
1761041449.3901625,3818543,977547008,977.547008,62,200,127,2,20251021_121107
1761041449.4001465,3818582,977556992,977.556992,65,200,127,2,20251021_121107
1761041449.4101305,3818621,977566976,977.566976,68,199,126,2,20251021_121107
1761041449.4201145,3818660,977576960,977.57696,71,200,125,2,20251021_121107
1761041449.4300983,3818699,977586944,977.586944,74,200,124,2,20251021_121107
1761041449.4400823,3818738,977596928,977.596928,77,200,123,2,20251021_121107
1761041449.4500663,3818777,977606912,977.606912,80,199,124,2,20251021_121107
1761041449.4600503,3818816,977616896,977.616896,83,199,124,2,20251021_121107
1761041449.4700344,3818855,977626880,977.62688,86,199,125,2,20251021_121107
1761041449.4800184,3818894,977636864,977.636864,88,199,125,2,20251021_121107
1761041449.4900024,3818933,977646848,977.646848,91,199,125,2,20251021_121107
1761041449.4999864,3818972,977656832,977.656832,94,200,125,2,20251021_121107
1761041449.5099704,3819011,977666816,977.666816,96,199,126,2,20251021_121107
1761041449.5199544,3819050,977676800,977.6768,99,199,126,2,20251021_121107
1761041449.5301943,3819090,977687040,977.68704,102,199,127,2,20251021_121107
1761041449.5401783,3819129,977697024,977.697024,104,199,126,2,20251021_121107
1761041449.5501623,3819168,977707008,977.707008,107,199,126,2,20251021_121107
1761041449.5601463,3819207,977716992,977.716992,109,199,127,2,20251021_121107
1761041449.5701303,3819246,977726976,977.726976,111,199,127,2,20251021_121107
1761041449.5801144,3819285,977736960,977.73696,114,199,127,2,20251021_121107
1761041449.5900984,3819324,977746944,977.746944,116,200,128,2,20251021_121107
1761041449.6000824,3819363,977756928,977.756928,118,199,129,2,20251021_121107
1761041449.6100664,3819402,977766912,977.766912,120,199,130,2,20251021_121107
1761041449.6203065,3819442,977777152,977.777152,123,199,131,2,20251021_121107
1761041449.6302905,3819481,977787136,977.787136,125,199,133,2,20251021_121107
1761041449.6402743,3819520,977797120,977.79712,127,199,135,2,20251021_121107
1761041449.6502583,3819559,977807104,977.807104,129,199,138,2,20251021_121107
1761041449.6602423,3819598,977817088,977.817088,131,199,141,2,20251021_121107
1761041449.6702263,3819637,977827072,977.827072,134,199,145,2,20251021_121107
1761041449.6802104,3819676,977837056,977.837056,136,199,149,2,20251021_121107
1761041449.6901944,3819715,977847040,977.84704,138,199,153,2,20251021_121107
1761041449.7001784,3819754,977857024,977.857024,141,199,156,2,20251021_121107
1761041449.7101624,3819793,977867008,977.867008,143,199,158,2,20251021_121107
1761041449.7201464,3819832,977876992,977.876992,146,199,160,2,20251021_121107
1761041449.7301304,3819871,977886976,977.886976,149,199,161,2,20251021_121107
1761041449.7401145,3819910,977896960,977.89696,151,199,162,2,20251021_121107
1761041449.7500985,3819949,977906944,977.906944,154,199,163,2,20251021_121107
1761041449.7603383,3819989,977917184,977.917184,157,199,165,2,20251021_121107
1761041449.7703223,3820028,977927168,977.927168,160,199,165,2,20251021_121107
1761041449.7803063,3820067,977937152,977.937152,163,199,166,2,20251021_121107
1761041449.7902904,3820106,977947136,977.947136,166,199,166,2,20251021_121107
1761041449.8002744,3820145,977957120,977.95712,169,199,165,2,20251021_121107
1761041449.8102584,3820184,977967104,977.967104,172,199,166,2,20251021_121107
1761041449.8202424,3820223,977977088,977.977088,175,199,166,2,20251021_121107
1761041449.8302264,3820262,977987072,977.987072,178,199,167,2,20251021_121107
1761041449.8402104,3820301,977997056,977.997056,181,199,167,2,20251021_121107
1761041449.8501945,3820340,978007040,978.00704,184,199,167,2,20251021_121107
1761041449.8601785,3820379,978017024,978.017024,187,199,167,2,20251021_121107
1761041449.8701625,3820418,978027008,978.027008,190,199,167,2,20251021_121107
1761041449.8801465,3820457,978036992,978.036992,193,199,167,2,20251021_121107
1761041449.8901303,3820496,978046976,978.046976,196,199,167,2,20251021_121107
1761041449.9003704,3820536,978057216,978.057216,199,199,168,2,20251021_121107
1761041449.9103544,3820575,978067200,978.0672,202,199,168,2,20251021_121107
1761041449.9203384,3820614,978077184,978.077184,205,199,167,2,20251021_121107
1761041449.9303224,3820653,978087168,978.087168,208,199,168,2,20251021_121107
1761041449.9403064,3820692,978097152,978.097152,211,199,169,2,20251021_121107
1761041449.9502904,3820731,978107136,978.107136,214,199,168,2,20251021_121107
1761041449.9602745,3820770,978117120,978.11712,216,199,168,2,20251021_121107
1761041449.9702585,3820809,978127104,978.127104,219,199,168,2,20251021_121107
1761041449.9802425,3820848,978137088,978.137088,222,200,168,2,20251021_121107
1761041449.9902265,3820887,978147072,978.147072,225,199,168,2,20251021_121107
1761041450.0002103,3820926,978157056,978.157056,227,200,168,2,20251021_121107
1761041450.0101943,3820965,978167040,978.16704,230,199,168,2,20251021_121107
1761041450.0201783,3821004,978177024,978.177024,232,199,168,2,20251021_121107
1761041450.0304184,3821044,978187264,978.187264,235,200,168,2,20251021_121107
1761041450.0404024,3821083,978197248,978.197248,237,199,169,2,20251021_121107
1761041450.0503864,3821122,978207232,978.207232,239,199,168,2,20251021_121107
1761041450.0603704,3821161,978217216,978.217216,242,199,168,2,20251021_121107
1761041450.0703545,3821200,978227200,978.2272,244,200,168,2,20251021_121107
1761041450.0803385,3821239,978237184,978.237184,246,199,168,2,20251021_121107
1761041450.0903225,3821278,978247168,978.247168,248,200,168,2,20251021_121107
1761041450.1003065,3821317,978257152,978.257152,251,200,168,2,20251021_121107
1761041450.1102903,3821356,978267136,978.267136,253,199,168,2,20251021_121107
1761041450.1202743,3821395,978277120,978.27712,0,200,168,2,20251021_121107
1761041450.1302583,3821434,978287104,978.287104,2,199,168,2,20251021_121107
1761041450.1402423,3821473,978297088,978.297088,4,200,168,2,20251021_121107
1761041450.1502264,3821512,978307072,978.307072,6,200,168,2,20251021_121107
1761041450.1604664,3821552,978317312,978.317312,8,199,168,2,20251021_121107
1761041450.1704504,3821591,978327296,978.327296,9,199,168,2,20251021_121107
1761041450.1804345,3821630,978337280,978.33728,11,199,168,2,20251021_121107
1761041450.1904185,3821669,978347264,978.347264,13,199,168,2,20251021_121107
1761041450.2004025,3821708,978357248,978.357248,15,200,168,2,20251021_121107
1761041450.2103865,3821747,978367232,978.367232,17,201,169,2,20251021_121107
1761041450.2203703,3821786,978377216,978.377216,18,199,168,2,20251021_121107
1761041450.2303543,3821825,978387200,978.3872,20,200,168,2,20251021_121107
1761041450.2403383,3821864,978397184,978.397184,22,199,168,2,20251021_121107
1761041450.2503223,3821903,978407168,978.407168,23,200,168,2,20251021_121107
1761041450.2603064,3821942,978417152,978.417152,25,199,168,2,20251021_121107
1761041450.2702904,3821981,978427136,978.427136,27,200,168,2,20251021_121107
1761041450.2802744,3822020,978437120,978.43712,28,200,168,2,20251021_121107
1761041450.2902584,3822059,978447104,978.447104,30,199,168,2,20251021_121107
1761041450.3004985,3822099,978457344,978.457344,32,199,168,2,20251021_121107
1761041450.3104825,3822138,978467328,978.467328,33,199,168,2,20251021_121107
1761041450.3204665,3822177,978477312,978.477312,35,199,168,2,20251021_121107
1761041450.3304503,3822216,978487296,978.487296,36,199,167,2,20251021_121107
1761041450.3404343,3822255,978497280,978.49728,38,199,168,2,20251021_121107
1761041450.3504183,3822294,978507264,978.507264,39,199,168,2,20251021_121107
1761041450.3604023,3822333,978517248,978.517248,41,200,168,2,20251021_121107
1761041450.3703864,3822372,978527232,978.527232,42,199,168,2,20251021_121107
1761041450.3803704,3822411,978537216,978.537216,44,199,167,2,20251021_121107
1761041450.3903544,3822450,978547200,978.5472,45,199,167,2,20251021_121107
1761041450.4003384,3822489,978557184,978.557184,47,199,167,2,20251021_121107
1761041450.4103224,3822528,978567168,978.567168,48,199,167,2,20251021_121107
1761041450.4203064,3822567,978577152,978.577152,50,199,166,2,20251021_121107
1761041450.4302905,3822606,978587136,978.587136,51,199,166,2,20251021_121107
1761041450.4405303,3822646,978597376,978.597376,53,199,166,2,20251021_121107
1761041450.4505143,3822685,978607360,978.60736,55,199,166,2,20251021_121107
1761041450.4604983,3822724,978617344,978.617344,56,199,165,2,20251021_121107
1761041450.4704823,3822763,978627328,978.627328,58,199,165,2,20251021_121107
1761041450.4804664,3822802,978637312,978.637312,59,199,163,2,20251021_121107
1761041450.4904504,3822841,978647296,978.647296,61,199,163,2,20251021_121107
1761041450.5004344,3822880,978657280,978.65728,63,199,160,2,20251021_121107
1761041450.5104184,3822919,978667264,978.667264,65,199,159,2,20251021_121107
1761041450.5204024,3822958,978677248,978.677248,67,199,156,2,20251021_121107
1761041450.5303864,3822997,978687232,978.687232,69,199,154,2,20251021_121107
1761041450.5403705,3823036,978697216,978.697216,71,199,152,2,20251021_121107
1761041450.5503545,3823075,978707200,978.7072,73,199,149,2,20251021_121107
1761041450.5605943,3823115,978717440,978.71744,75,199,146,2,20251021_121107
1761041450.5705783,3823154,978727424,978.727424,78,198,143,2,20251021_121107
1761041450.5805624,3823193,978737408,978.737408,80,198,140,2,20251021_121107
1761041450.5905464,3823232,978747392,978.747392,83,199,137,2,20251021_121107
1761041450.6005304,3823271,978757376,978.757376,86,199,134,2,20251021_121107
1761041450.6105144,3823310,978767360,978.76736,88,199,132,2,20251021_121107
1761041450.6204984,3823349,978777344,978.777344,91,199,130,2,20251021_121107
1761041450.6304824,3823388,978787328,978.787328,94,198,128,2,20251021_121107
1761041450.6404665,3823427,978797312,978.797312,96,198,127,2,20251021_121107
1761041450.6504505,3823466,978807296,978.807296,99,198,127,2,20251021_121107
1761041450.6606903,3823506,978817536,978.817536,101,198,126,2,20251021_121107
1761041450.6706743,3823545,978827520,978.82752,104,198,124,2,20251021_121107
1761041450.6806583,3823584,978837504,978.837504,106,198,124,2,20251021_121107
1761041450.6906424,3823623,978847488,978.847488,109,198,124,2,20251021_121107
1761041450.7006264,3823662,978857472,978.857472,111,199,125,2,20251021_121107
1761041450.7106104,3823701,978867456,978.867456,114,198,125,2,20251021_121107
1761041450.7205944,3823740,978877440,978.87744,116,198,125,2,20251021_121107
1761041450.7305784,3823779,978887424,978.887424,118,198,125,2,20251021_121107
1761041450.7408185,3823819,978897664,978.897664,120,198,126,2,20251021_121107
1761041450.7508025,3823858,978907648,978.907648,122,198,127,2,20251021_121107
1761041450.7607863,3823897,978917632,978.917632,125,198,127,2,20251021_121107
1761041450.7707703,3823936,978927616,978.927616,127,198,127,2,20251021_121107
1761041450.7807543,3823975,978937600,978.9376,129,198,127,2,20251021_121107
1761041450.7907383,3824014,978947584,978.947584,131,198,127,2,20251021_121107
1761041450.8009784,3824054,978957824,978.957824,133,198,128,2,20251021_121107
1761041450.8109624,3824093,978967808,978.967808,135,198,128,2,20251021_121107
1761041450.8209465,3824132,978977792,978.977792,137,198,130,2,20251021_121107
1761041450.8309305,3824171,978987776,978.987776,139,198,131,2,20251021_121107
1761041450.8409145,3824210,978997760,978.99776,141,198,133,2,20251021_121107
1761041450.8508985,3824249,979007744,979.007744,143,198,135,2,20251021_121107
1761041450.8608823,3824288,979017728,979.017728,145,198,138,2,20251021_121107
1761041450.8708663,3824327,979027712,979.027712,147,198,139,2,20251021_121107
1761041450.8808503,3824366,979037696,979.037696,149,198,142,2,20251021_121107
1761041450.8908343,3824405,979047680,979.04768,151,199,147,2,20251021_121107
1761041450.9010744,3824445,979057920,979.05792,153,199,151,2,20251021_121107
1761041450.9110584,3824484,979067904,979.067904,156,198,156,2,20251021_121107
1761041450.9210424,3824523,979077888,979.077888,158,199,158,2,20251021_121107
1761041450.9310265,3824562,979087872,979.087872,161,198,161,2,20251021_121107
1761041450.9410105,3824601,979097856,979.097856,164,198,162,2,20251021_121107
1761041450.9509945,3824640,979107840,979.10784,167,198,165,2,20251021_121107
1761041450.9609785,3824679,979117824,979.117824,170,198,165,2,20251021_121107
1761041450.9709623,3824718,979127808,979.127808,173,199,166,2,20251021_121107
1761041450.9809463,3824757,979137792,979.137792,176,198,166,2,20251021_121107
1761041450.9909303,3824796,979147776,979.147776,179,198,166,2,20251021_121107
1761041451.0009143,3824835,979157760,979.15776,182,198,166,2,20251021_121107
1761041451.0108984,3824874,979167744,979.167744,185,198,166,2,20251021_121107
1761041451.0208824,3824913,979177728,979.177728,188,198,167,2,20251021_121107
1761041451.0308664,3824952,979187712,979.187712,191,198,167,2,20251021_121107
1761041451.0411065,3824992,979197952,979.197952,194,198,167,2,20251021_121107
1761041451.0510905,3825031,979207936,979.207936,197,198,167,2,20251021_121107
1761041451.0610745,3825070,979217920,979.21792,200,199,167,2,20251021_121107
1761041451.0710585,3825109,979227904,979.227904,203,198,167,2,20251021_121107
1761041451.0810423,3825148,979237888,979.237888,206,199,168,2,20251021_121107
1761041451.0910263,3825187,979247872,979.247872,209,198,167,2,20251021_121107
1761041451.1010103,3825226,979257856,979.257856,212,199,168,2,20251021_121107
1761041451.1109943,3825265,979267840,979.26784,214,198,168,2,20251021_121107
1761041451.1209784,3825304,979277824,979.277824,217,198,168,2,20251021_121107
1761041451.1309624,3825343,979287808,979.287808,220,199,168,2,20251021_121107
1761041451.1409464,3825382,979297792,979.297792,223,199,168,2,20251021_121107
1761041451.1509304,3825421,979307776,979.307776,225,199,168,2,20251021_121107
1761041451.1609144,3825460,979317760,979.31776,228,199,168,2,20251021_121107
1761041451.1708984,3825499,979327744,979.327744,230,199,168,2,20251021_121107
1761041451.1811385,3825539,979337984,979.337984,233,199,168,2,20251021_121107
1761041451.1911223,3825578,979347968,979.347968,235,199,168,2,20251021_121107
1761041451.2011063,3825617,979357952,979.357952,238,199,168,2,20251021_121107
1761041451.2110903,3825656,979367936,979.367936,240,199,168,2,20251021_121107
1761041451.2210743,3825695,979377920,979.37792,242,199,168,2,20251021_121107
1761041451.2310584,3825734,979387904,979.387904,245,199,168,2,20251021_121107
1761041451.2410424,3825773,979397888,979.397888,247,199,168,2,20251021_121107
1761041451.2510264,3825812,979407872,979.407872,249,199,168,2,20251021_121107
1761041451.2610104,3825851,979417856,979.417856,251,199,168,2,20251021_121107
1761041451.2709944,3825890,979427840,979.42784,253,199,168,2,20251021_121107
1761041451.2809784,3825929,979437824,979.437824,0,199,169,2,20251021_121107
1761041451.2909625,3825968,979447808,979.447808,2,199,168,2,20251021_121107
1761041451.3009465,3826007,979457792,979.457792,4,199,168,2,20251021_121107
1761041451.3109305,3826046,979467776,979.467776,6,199,168,2,20251021_121107
1761041451.3209145,3826085,979477760,979.47776,8,199,168,2,20251021_121107
1761041451.3311543,3826125,979488000,979.488,10,199,168,2,20251021_121107
1761041451.3411384,3826164,979497984,979.497984,12,199,167,2,20251021_121107
1761041451.3511224,3826203,979507968,979.507968,14,199,167,2,20251021_121107
1761041451.3611064,3826242,979517952,979.517952,15,199,167,2,20251021_121107
1761041451.3710904,3826281,979527936,979.527936,17,199,167,2,20251021_121107
1761041451.3810744,3826320,979537920,979.53792,19,199,166,2,20251021_121107
1761041451.3910584,3826359,979547904,979.547904,21,199,165,2,20251021_121107
1761041451.4010425,3826398,979557888,979.557888,23,199,164,2,20251021_121107
1761041451.4110265,3826437,979567872,979.567872,24,199,163,2,20251021_121107
1761041451.4210105,3826476,979577856,979.577856,26,200,160,2,20251021_121107
1761041451.4309945,3826515,979587840,979.58784,28,199,156,2,20251021_121107
1761041451.4409783,3826554,979597824,979.597824,30,199,153,2,20251021_121107
1761041451.4509623,3826593,979607808,979.607808,32,199,149,2,20251021_121107
1761041451.4612024,3826633,979618048,979.618048,35,199,147,2,20251021_121107
1761041451.4711864,3826672,979628032,979.628032,37,199,144,2,20251021_121107
1761041451.4811704,3826711,979638016,979.638016,40,199,141,2,20251021_121107
1761041451.4911544,3826750,979648000,979.648,42,199,137,2,20251021_121107
1761041451.5011384,3826789,979657984,979.657984,45,199,134,2,20251021_121107
1761041451.5111225,3826828,979667968,979.667968,48,199,131,2,20251021_121107
1761041451.5211065,3826867,979677952,979.677952,51,200,130,2,20251021_121107
1761041451.5310905,3826906,979687936,979.687936,54,199,127,2,20251021_121107
1761041451.5410745,3826945,979697920,979.69792,57,199,126,2,20251021_121107
1761041451.5510583,3826984,979707904,979.707904,60,199,124,2,20251021_121107
1761041451.5610423,3827023,979717888,979.717888,63,199,124,2,20251021_121107
1761041451.5710263,3827062,979727872,979.727872,66,199,125,2,20251021_121107
1761041451.5810103,3827101,979737856,979.737856,69,199,125,2,20251021_121107
1761041451.5909944,3827140,979747840,979.74784,72,199,124,2,20251021_121107
1761041451.6012344,3827180,979758080,979.75808,75,199,123,2,20251021_121107
1761041451.6112185,3827219,979768064,979.768064,78,199,124,2,20251021_121107
1761041451.6212025,3827258,979778048,979.778048,81,199,123,2,20251021_121107
1761041451.6311865,3827297,979788032,979.788032,84,199,124,2,20251021_121107
1761041451.6411705,3827336,979798016,979.798016,87,199,123,2,20251021_121107
1761041451.6511545,3827375,979808000,979.808,90,199,124,2,20251021_121107
1761041451.6611383,3827414,979817984,979.817984,92,199,123,2,20251021_121107
1761041451.6711223,3827453,979827968,979.827968,95,199,124,2,20251021_121107
1761041451.6811063,3827492,979837952,979.837952,98,199,124,2,20251021_121107
1761041451.6910903,3827531,979847936,979.847936,100,198,125,2,20251021_121107
1761041451.7010744,3827570,979857920,979.85792,103,199,125,2,20251021_121107
1761041451.7110584,3827609,979867904,979.867904,105,199,125,2,20251021_121107
1761041451.7210424,3827648,979877888,979.877888,108,198,126,2,20251021_121107
1761041451.7310264,3827687,979887872,979.887872,110,198,127,2,20251021_121107
1761041451.7410104,3827726,979897856,979.897856,112,199,126,2,20251021_121107
1761041451.7512505,3827766,979908096,979.908096,115,198,127,2,20251021_121107
1761041451.7612343,3827805,979918080,979.91808,117,198,127,2,20251021_121107
1761041451.7712183,3827844,979928064,979.928064,119,198,127,2,20251021_121107
1761041451.7812023,3827883,979938048,979.938048,121,198,128,2,20251021_121107
1761041451.7911863,3827922,979948032,979.948032,124,198,130,2,20251021_121107
1761041451.8011703,3827961,979958016,979.958016,126,198,133,2,20251021_121107
1761041451.8111544,3828000,979968000,979.968,128,198,136,2,20251021_121107
1761041451.8211384,3828039,979977984,979.977984,130,198,140,2,20251021_121107
1761041451.8311224,3828078,979987968,979.987968,132,198,144,2,20251021_121107
1761041451.8411064,3828117,979997952,979.997952,135,198,148,2,20251021_121107
1761041451.8510904,3828156,980007936,980.007936,137,198,153,2,20251021_121107
1761041451.8610744,3828195,980017920,980.01792,139,198,157,2,20251021_121107
1761041451.8710585,3828234,980027904,980.027904,142,198,160,2,20251021_121107
1761041451.8810425,3828273,980037888,980.037888,145,198,161,2,20251021_121107
1761041451.8912823,3828313,980048128,980.048128,147,198,161,2,20251021_121107
1761041451.9012663,3828352,980058112,980.058112,150,198,164,2,20251021_121107
1761041451.9112504,3828391,980068096,980.068096,153,198,166,2,20251021_121107
1761041451.9212344,3828430,980078080,980.07808,156,198,167,2,20251021_121107
1761041451.9312184,3828469,980088064,980.088064,159,198,165,2,20251021_121107
1761041451.9412024,3828508,980098048,980.098048,162,198,166,2,20251021_121107
1761041451.9511864,3828547,980108032,980.108032,165,198,166,2,20251021_121107
1761041451.9611704,3828586,980118016,980.118016,168,198,166,2,20251021_121107
1761041451.9711545,3828625,980128000,980.128,171,198,166,2,20251021_121107
1761041451.9811385,3828664,980137984,980.137984,174,198,166,2,20251021_121107
1761041451.9911225,3828703,980147968,980.147968,177,198,168,2,20251021_121107
1761041452.0011065,3828742,980157952,980.157952,180,198,166,2,20251021_121107
1761041452.0110905,3828781,980167936,980.167936,183,198,167,2,20251021_121107
1761041452.0213304,3828821,980178176,980.178176,186,198,167,2,20251021_121107
1761041452.0313144,3828860,980188160,980.18816,189,198,167,2,20251021_121107
1761041452.0412984,3828899,980198144,980.198144,192,198,167,2,20251021_121107
1761041452.0512824,3828938,980208128,980.208128,195,198,168,2,20251021_121107
1761041452.0612664,3828977,980218112,980.218112,198,198,168,2,20251021_121107
1761041452.0712504,3829016,980228096,980.228096,201,198,168,2,20251021_121107
1761041452.0812345,3829055,980238080,980.23808,204,198,168,2,20251021_121107
1761041452.0912185,3829094,980248064,980.248064,207,198,167,2,20251021_121107
1761041452.1012025,3829133,980258048,980.258048,210,198,167,2,20251021_121107
1761041452.1111865,3829172,980268032,980.268032,213,198,168,2,20251021_121107
1761041452.1211703,3829211,980278016,980.278016,215,199,168,2,20251021_121107
1761041452.1311543,3829250,980288000,980.288,218,198,168,2,20251021_121107
1761041452.1411383,3829289,980297984,980.297984,221,199,168,2,20251021_121107
1761041452.1511223,3829328,980307968,980.307968,223,199,168,2,20251021_121107
1761041452.1611063,3829367,980317952,980.317952,226,198,168,2,20251021_121107
1761041452.1713464,3829407,980328192,980.328192,229,199,168,2,20251021_121107
1761041452.1813304,3829446,980338176,980.338176,231,199,167,2,20251021_121107
1761041452.1913145,3829485,980348160,980.34816,234,199,167,2,20251021_121107
1761041452.2012985,3829524,980358144,980.358144,236,199,168,2,20251021_121107
1761041452.2112825,3829563,980368128,980.368128,238,199,168,2,20251021_121107
1761041452.2212665,3829602,980378112,980.378112,241,199,168,2,20251021_121107
1761041452.2312503,3829641,980388096,980.388096,243,199,168,2,20251021_121107
1761041452.2412343,3829680,980398080,980.39808,245,199,168,2,20251021_121107
1761041452.2512183,3829719,980408064,980.408064,248,199,168,2,20251021_121107
1761041452.2612023,3829758,980418048,980.418048,250,199,168,2,20251021_121107
1761041452.2711864,3829797,980428032,980.428032,252,199,168,2,20251021_121107
1761041452.2811704,3829836,980438016,980.438016,254,199,169,2,20251021_121107
1761041452.2911544,3829875,980448000,980.448,1,199,168,2,20251021_121107
1761041452.3011384,3829914,980457984,980.457984,3,199,168,2,20251021_121107
1761041452.3113785,3829954,980468224,980.468224,5,200,168,2,20251021_121107
1761041452.3213625,3829993,980478208,980.478208,7,199,168,2,20251021_121107
1761041452.3313465,3830032,980488192,980.488192,9,199,168,2,20251021_121107
1761041452.3413303,3830071,980498176,980.498176,11,199,168,2,20251021_121107
1761041452.3513143,3830110,980508160,980.50816,12,199,168,2,20251021_121107
1761041452.3612983,3830149,980518144,980.518144,14,199,168,2,20251021_121107
1761041452.3712823,3830188,980528128,980.528128,16,199,168,2,20251021_121107
1761041452.3812664,3830227,980538112,980.538112,18,199,167,2,20251021_121107
1761041452.3912504,3830266,980548096,980.548096,19,200,167,2,20251021_121107
1761041452.4012344,3830305,980558080,980.55808,21,199,168,2,20251021_121107
1761041452.4112184,3830344,980568064,980.568064,23,200,167,2,20251021_121107
1761041452.4212024,3830383,980578048,980.578048,25,200,167,2,20251021_121107
1761041452.4311864,3830422,980588032,980.588032,26,200,167,2,20251021_121107
1761041452.4411705,3830461,980598016,980.598016,28,200,166,2,20251021_121107
1761041452.4511545,3830500,980608000,980.608,30,200,165,2,20251021_121107
1761041452.4613943,3830540,980618240,980.61824,31,193,164,2,20251021_121107
1761041452.4713783,3830579,980628224,980.628224,33,195,164,2,20251021_121107
1761041452.4813623,3830618,980638208,980.638208,35,177,165,2,20251021_121107
1761041452.4913464,3830657,980648192,980.648192,36,164,165,2,20251021_121107
1761041452.5013304,3830696,980658176,980.658176,38,177,166,2,20251021_121107
1761041452.5113144,3830735,980668160,980.66816,39,175,166,2,20251021_121107
1761041452.5212984,3830774,980678144,980.678144,41,166,166,2,20251021_121107
1761041452.5312824,3830813,980688128,980.688128,43,151,167,2,20251021_121107
1761041452.5412664,3830852,980698112,980.698112,44,193,168,2,20251021_121107
1761041452.5512505,3830891,980708096,980.708096,46,196,168,2,20251021_121107
1761041452.5612345,3830930,980718080,980.71808,47,195,169,2,20251021_121107
1761041452.5712185,3830969,980728064,980.728064,49,195,169,2,20251021_121107
1761041452.5812025,3831008,980738048,980.738048,50,196,168,2,20251021_121107
1761041452.5911863,3831047,980748032,980.748032,52,196,168,2,20251021_121107
1761041452.6011703,3831086,980758016,980.758016,53,197,168,2,20251021_121107
1761041452.6114104,3831126,980768256,980.768256,55,197,167,2,20251021_121107
1761041452.6213944,3831165,980778240,980.77824,56,198,166,2,20251021_121107
1761041452.6313784,3831204,980788224,980.788224,58,198,161,2,20251021_121107
1761041452.6413624,3831243,980798208,980.798208,60,199,155,2,20251021_121107
1761041452.6513464,3831282,980808192,980.808192,62,199,148,2,20251021_121107
1761041452.6613305,3831321,980818176,980.818176,64,199,141,2,20251021_121107
1761041452.6713145,3831360,980828160,980.82816,67,199,135,2,20251021_121107
1761041452.6812985,3831399,980838144,980.838144,70,199,130,2,20251021_121107
1761041452.6912825,3831438,980848128,980.848128,73,199,127,2,20251021_121107
1761041452.7012663,3831477,980858112,980.858112,75,200,127,2,20251021_121107
1761041452.7112503,3831516,980868096,980.868096,78,200,127,2,20251021_121107
1761041452.7212343,3831555,980878080,980.87808,81,200,125,2,20251021_121107
1761041452.7312183,3831594,980888064,980.888064,84,200,123,2,20251021_121107
1761041452.7412024,3831633,980898048,980.898048,87,200,124,2,20251021_121107
1761041452.7514424,3831673,980908288,980.908288,90,200,125,2,20251021_121107
1761041452.7614264,3831712,980918272,980.918272,92,200,126,2,20251021_121107
1761041452.7714105,3831751,980928256,980.928256,95,200,126,2,20251021_121107
1761041452.7813945,3831790,980938240,980.93824,98,200,124,2,20251021_121107
1761041452.7913785,3831829,980948224,980.948224,100,200,124,2,20251021_121107
1761041452.8013625,3831868,980958208,980.958208,103,201,124,2,20251021_121107
1761041452.8113463,3831907,980968192,980.968192,105,200,124,2,20251021_121107
1761041452.8213303,3831946,980978176,980.978176,108,200,125,2,20251021_121107
1761041452.8313143,3831985,980988160,980.98816,110,200,127,2,20251021_121107
1761041452.8412983,3832024,980998144,980.998144,113,200,126,2,20251021_121107
1761041452.8512824,3832063,981008128,981.008128,115,200,127,2,20251021_121107
1761041452.8612664,3832102,981018112,981.018112,117,200,127,2,20251021_121107
1761041452.8712504,3832141,981028096,981.028096,119,200,127,2,20251021_121107
1761041452.8812344,3832180,981038080,981.03808,122,201,127,2,20251021_121107
1761041452.8914745,3832220,981048320,981.04832,124,201,127,2,20251021_121107
1761041452.9014585,3832259,981058304,981.058304,126,201,130,2,20251021_121107
1761041452.9114425,3832298,981068288,981.068288,128,201,132,2,20251021_121107
1761041452.9214263,3832337,981078272,981.078272,130,201,134,2,20251021_121107
1761041452.9314103,3832376,981088256,981.088256,132,201,140,2,20251021_121107
1761041452.9413943,3832415,981098240,981.09824,134,201,148,2,20251021_121107
1761041452.9513783,3832454,981108224,981.108224,137,201,156,2,20251021_121107
1761041452.9613624,3832493,981118208,981.118208,139,200,159,2,20251021_121107
1761041452.9713464,3832532,981128192,981.128192,142,200,163,2,20251021_121107
1761041452.9813304,3832571,981138176,981.138176,145,201,166,2,20251021_121107
1761041452.9913144,3832610,981148160,981.14816,148,200,165,2,20251021_121107
1761041453.0012984,3832649,981158144,981.158144,150,200,165,2,20251021_121107
1761041453.0112824,3832688,981168128,981.168128,153,200,164,2,20251021_121107
1761041453.0212665,3832727,981178112,981.178112,156,200,165,2,20251021_121107
1761041453.0315063,3832767,981188352,981.188352,159,200,163,2,20251021_121107
1761041453.0414903,3832806,981198336,981.198336,162,200,166,2,20251021_121107
1761041453.0514743,3832845,981208320,981.20832,165,200,166,2,20251021_121107
1761041453.0614583,3832884,981218304,981.218304,168,200,166,2,20251021_121107
1761041453.0714424,3832923,981228288,981.228288,171,201,166,2,20251021_121107
1761041453.0814264,3832962,981238272,981.238272,174,200,166,2,20251021_121107
1761041453.0914104,3833001,981248256,981.248256,177,201,166,2,20251021_121107
1761041453.1013944,3833040,981258240,981.25824,180,201,165,2,20251021_121107
1761041453.1113784,3833079,981268224,981.268224,183,201,165,2,20251021_121107
1761041453.1213624,3833118,981278208,981.278208,186,201,165,2,20251021_121107
1761041453.1313465,3833157,981288192,981.288192,189,201,164,2,20251021_121107
1761041453.1413305,3833196,981298176,981.298176,192,202,163,2,20251021_121107
1761041453.1513145,3833235,981308160,981.30816,195,201,163,2,20251021_121107
1761041453.1612985,3833274,981318144,981.318144,197,201,162,2,20251021_121107
1761041453.1712823,3833313,981328128,981.328128,200,201,162,2,20251021_121107
1761041453.1815224,3833353,981338368,981.338368,203,201,163,2,20251021_121107
1761041453.1915064,3833392,981348352,981.348352,206,201,164,2,20251021_121107
1761041453.2014904,3833431,981358336,981.358336,209,200,164,2,20251021_121107
1761041453.2114744,3833470,981368320,981.36832,211,201,167,2,20251021_121107
1761041453.2214584,3833509,981378304,981.378304,214,201,166,2,20251021_121107
1761041453.2314425,3833548,981388288,981.388288,217,201,166,2,20251021_121107
1761041453.2414265,3833587,981398272,981.398272,220,201,167,2,20251021_121107
1761041453.2514105,3833626,981408256,981.408256,222,201,165,2,20251021_121107
1761041453.2613945,3833665,981418240,981.41824,225,201,166,2,20251021_121107
1761041453.2713785,3833704,981428224,981.428224,227,201,167,2,20251021_121107
1761041453.2813623,3833743,981438208,981.438208,230,201,167,2,20251021_121107
1761041453.2913463,3833782,981448192,981.448192,233,201,167,2,20251021_121107
1761041453.3013303,3833821,981458176,981.458176,235,201,166,2,20251021_121107
1761041453.3113143,3833860,981468160,981.46816,237,201,162,2,20251021_121107
1761041453.3215544,3833900,981478400,981.4784,240,201,156,2,20251021_121107
1761041453.3315384,3833939,981488384,981.488384,242,201,147,2,20251021_121107
1761041453.3415225,3833978,981498368,981.498368,244,201,139,2,20251021_121107
1761041453.3515065,3834017,981508352,981.508352,247,201,129,2,20251021_121107
1761041453.3614905,3834056,981518336,981.518336,249,201,125,2,20251021_121107
1761041453.3714745,3834095,981528320,981.52832,251,201,125,2,20251021_121107
1761041453.3814583,3834134,981538304,981.538304,254,201,125,2,20251021_121107
1761041453.3914423,3834173,981548288,981.548288,2,201,125,2,20251021_121107
1761041453.4014263,3834212,981558272,981.558272,4,201,125,2,20251021_121107
1761041453.4114103,3834251,981568256,981.568256,7,201,126,2,20251021_121107
1761041453.4213943,3834290,981578240,981.57824,9,201,124,2,20251021_121107
1761041453.4313784,3834329,981588224,981.588224,12,201,123,2,20251021_121107
1761041453.4413624,3834368,981598208,981.598208,15,201,124,2,20251021_121107
1761041453.4513464,3834407,981608192,981.608192,18,201,124,2,20251021_121107
1761041453.4613304,3834446,981618176,981.618176,21,201,124,2,20251021_121107
1761041453.4715705,3834486,981628416,981.628416,24,202,124,2,20251021_121107
1761041453.4815545,3834525,981638400,981.6384,27,201,124,2,20251021_121107
1761041453.4915383,3834564,981648384,981.648384,30,201,124,2,20251021_121107
1761041453.5015223,3834603,981658368,981.658368,33,201,124,2,20251021_121107
1761041453.5115063,3834642,981668352,981.668352,36,201,124,2,20251021_121107
1761041453.5214903,3834681,981678336,981.678336,39,201,123,2,20251021_121107
1761041453.5314744,3834720,981688320,981.68832,42,201,122,2,20251021_121107
1761041453.5414584,3834759,981698304,981.698304,45,202,123,2,20251021_121107
1761041453.5514424,3834798,981708288,981.708288,48,201,123,2,20251021_121107
1761041453.5614264,3834837,981718272,981.718272,51,201,123,2,20251021_121107
1761041453.5714104,3834876,981728256,981.728256,54,201,123,2,20251021_121107
1761041453.5813944,3834915,981738240,981.73824,57,201,124,2,20251021_121107
1761041453.5913785,3834954,981748224,981.748224,60,201,123,2,20251021_121107
1761041453.6013625,3834993,981758208,981.758208,63,201,123,2,20251021_121107
1761041453.6116023,3835033,981768448,981.768448,66,201,123,2,20251021_121107
1761041453.6215863,3835072,981778432,981.778432,70,201,123,2,20251021_121107
