time_pc_sec_abs,micros32,micros32_raw,time_local_sec,a0,a1,a2,agent_id,chunk_id
1751283839.0578222,14177604,3629466624,3629.466624,40,148,96,3,20250630_204522
1751283839.0678062,14177643,3629476608,3629.476608,44,140,96,3,20250630_204522
1751283839.0780463,14177683,3629486848,3629.486848,47,144,96,3,20250630_204522
1751283839.08803,14177722,3629496832,3629.496832,51,141,95,3,20250630_204522
1751283839.098014,14177761,3629506816,3629.506816,55,88,95,3,20250630_204522
1751283839.107998,14177800,3629516800,3629.5168,59,139,97,3,20250630_204522
1751283839.117982,14177839,3629526784,3629.526784,63,140,98,3,20250630_204522
1751283839.1279662,14177878,3629536768,3629.536768,66,136,99,3,20250630_204522
1751283839.1379502,14177917,3629546752,3629.546752,70,138,101,3,20250630_204522
1751283839.1479342,14177956,3629556736,3629.556736,74,134,101,3,20250630_204522
1751283839.1579182,14177995,3629566720,3629.56672,78,136,98,3,20250630_204522
1751283839.1679022,14178034,3629576704,3629.576704,82,132,96,3,20250630_204522
1751283839.1778862,14178073,3629586688,3629.586688,86,132,94,3,20250630_204522
1751283839.1878705,14178112,3629596672,3629.596672,89,129,93,3,20250630_204522
1751283839.1978545,14178151,3629606656,3629.606656,93,129,92,3,20250630_204522
1751283839.2078383,14178190,3629616640,3629.61664,97,124,93,3,20250630_204522
1751283839.218078,14178230,3629626880,3629.62688,101,125,94,3,20250630_204522
1751283839.2280622,14178269,3629636864,3629.636864,105,122,97,3,20250630_204522
1751283839.2380462,14178308,3629646848,3629.646848,108,123,99,3,20250630_204522
1751283839.2480302,14178347,3629656832,3629.656832,112,109,100,3,20250630_204522
1751283839.2580142,14178386,3629666816,3629.666816,116,122,100,3,20250630_204522
1751283839.2679982,14178425,3629676800,3629.6768,120,118,101,3,20250630_204522
1751283839.2779822,14178464,3629686784,3629.686784,124,120,102,3,20250630_204522
1751283839.2879665,14178503,3629696768,3629.696768,128,120,102,3,20250630_204522
1751283839.2979505,14178542,3629706752,3629.706752,131,121,104,3,20250630_204522
1751283839.3079343,14178581,3629716736,3629.716736,135,120,104,3,20250630_204522
1751283839.3179183,14178620,3629726720,3629.72672,139,123,104,3,20250630_204522
1751283839.3279023,14178659,3629736704,3629.736704,143,122,107,3,20250630_204522
1751283839.337886,14178698,3629746688,3629.746688,147,123,108,3,20250630_204522
1751283839.34787,14178737,3629756672,3629.756672,151,122,110,3,20250630_204522
1751283839.357854,14178776,3629766656,3629.766656,154,124,111,3,20250630_204522
1751283839.3680942,14178816,3629776896,3629.776896,158,122,110,3,20250630_204522
1751283839.3780782,14178855,3629786880,3629.78688,162,124,112,3,20250630_204522
1751283839.3880622,14178894,3629796864,3629.796864,166,123,112,3,20250630_204522
1751283839.3980465,14178933,3629806848,3629.806848,170,124,113,3,20250630_204522
1751283839.4080305,14178972,3629816832,3629.816832,126,123,115,3,20250630_204522
1751283839.4180143,14179011,3629826816,3629.826816,130,123,116,3,20250630_204522
1751283839.4279983,14179050,3629836800,3629.8368,134,123,117,3,20250630_204522
1751283839.4379823,14179089,3629846784,3629.846784,138,125,117,3,20250630_204522
1751283839.447966,14179128,3629856768,3629.856768,142,122,114,3,20250630_204522
1751283839.45795,14179167,3629866752,3629.866752,146,123,110,3,20250630_204522
1751283839.467934,14179206,3629876736,3629.876736,149,122,103,3,20250630_204522
1751283839.477918,14179245,3629886720,3629.88672,153,122,98,3,20250630_204522
1751283839.4879022,14179284,3629896704,3629.896704,157,120,95,3,20250630_204522
1751283839.4978862,14179323,3629906688,3629.906688,161,122,92,3,20250630_204522
1751283839.5081265,14179363,3629916928,3629.916928,165,119,92,3,20250630_204522
1751283839.5181105,14179402,3629926912,3629.926912,169,120,91,3,20250630_204522
1751283839.5280943,14179441,3629936896,3629.936896,172,118,92,3,20250630_204522
1751283839.5380783,14179480,3629946880,3629.94688,176,119,92,3,20250630_204522
1751283839.5480623,14179519,3629956864,3629.956864,180,117,93,3,20250630_204522
1751283839.558046,14179558,3629966848,3629.966848,184,119,94,3,20250630_204522
1751283839.56803,14179597,3629976832,3629.976832,188,116,94,3,20250630_204522
1751283839.578014,14179636,3629986816,3629.986816,191,119,95,3,20250630_204522
1751283839.5879982,14179675,3629996800,3629.9968,195,116,95,3,20250630_204522
1751283839.5979822,14179714,3630006784,3630.006784,199,118,95,3,20250630_204522
1751283839.6079662,14179753,3630016768,3630.016768,203,116,96,3,20250630_204522
1751283839.6179502,14179792,3630026752,3630.026752,207,118,97,3,20250630_204522
1751283839.6279342,14179831,3630036736,3630.036736,211,115,96,3,20250630_204522
1751283839.6379182,14179870,3630046720,3630.04672,214,117,97,3,20250630_204522
1751283839.6479025,14179909,3630056704,3630.056704,218,115,97,3,20250630_204522
1751283839.658142,14179949,3630066944,3630.066944,222,117,98,3,20250630_204522
1751283839.668126,14179988,3630076928,3630.076928,226,114,95,3,20250630_204522
1751283839.67811,14180027,3630086912,3630.086912,230,116,97,3,20250630_204522
1751283839.688094,14180066,3630096896,3630.096896,234,114,97,3,20250630_204522
1751283839.6980782,14180105,3630106880,3630.10688,237,115,96,3,20250630_204522
1751283839.7080622,14180144,3630116864,3630.116864,241,112,95,3,20250630_204522
1751283839.7180462,14180183,3630126848,3630.126848,245,112,94,3,20250630_204522
1751283839.7280302,14180222,3630136832,3630.136832,249,110,94,3,20250630_204522
1751283839.7380142,14180261,3630146816,3630.146816,253,111,95,3,20250630_204522
1751283839.7479982,14180300,3630156800,3630.1568,1,108,95,3,20250630_204522
1751283839.7579825,14180339,3630166784,3630.166784,5,109,95,3,20250630_204522
1751283839.7679665,14180378,3630176768,3630.176768,9,105,94,3,20250630_204522
1751283839.7779503,14180417,3630186752,3630.186752,13,105,94,3,20250630_204522
1751283839.7879343,14180456,3630196736,3630.196736,17,102,94,3,20250630_204522
1751283839.798174,14180496,3630206976,3630.206976,21,103,94,3,20250630_204522
1751283839.8081582,14180535,3630216960,3630.21696,24,100,94,3,20250630_204522
1751283839.8181422,14180574,3630226944,3630.226944,28,101,93,3,20250630_204522
1751283839.8281262,14180613,3630236928,3630.236928,32,99,94,3,20250630_204522
1751283839.8381102,14180652,3630246912,3630.246912,36,100,95,3,20250630_204522
1751283839.8480942,14180691,3630256896,3630.256896,40,98,95,3,20250630_204522
1751283839.8580782,14180730,3630266880,3630.26688,44,98,95,3,20250630_204522
1751283839.8680625,14180769,3630276864,3630.276864,47,96,95,3,20250630_204522
1751283839.8780465,14180808,3630286848,3630.286848,51,98,96,3,20250630_204522
1751283839.8880303,14180847,3630296832,3630.296832,55,97,96,3,20250630_204522
1751283839.8980143,14180886,3630306816,3630.306816,59,98,96,3,20250630_204522
1751283839.9079983,14180925,3630316800,3630.3168,63,97,95,3,20250630_204522
1751283839.917982,14180964,3630326784,3630.326784,66,98,95,3,20250630_204522
1751283839.927966,14181003,3630336768,3630.336768,70,97,96,3,20250630_204522
1751283839.9382062,14181043,3630347008,3630.347008,74,97,96,3,20250630_204522
1751283839.9481902,14181082,3630356992,3630.356992,78,97,96,3,20250630_204522
1751283839.9581742,14181121,3630366976,3630.366976,82,97,97,3,20250630_204522
1751283839.9681582,14181160,3630376960,3630.37696,86,97,97,3,20250630_204522
1751283839.9781425,14181199,3630386944,3630.386944,89,96,96,3,20250630_204522
1751283839.9881265,14181238,3630396928,3630.396928,93,95,96,3,20250630_204522
1751283839.9981103,14181277,3630406912,3630.406912,97,95,96,3,20250630_204522
1751283840.0080943,14181316,3630416896,3630.416896,101,95,96,3,20250630_204522
1751283840.018078,14181355,3630426880,3630.42688,105,95,97,3,20250630_204522
1751283840.028062,14181394,3630436864,3630.436864,109,94,98,3,20250630_204522
1751283840.038046,14181433,3630446848,3630.446848,112,93,96,3,20250630_204522
1751283840.04803,14181472,3630456832,3630.456832,116,91,97,3,20250630_204522
1751283840.0580142,14181511,3630466816,3630.466816,120,89,98,3,20250630_204522
1751283840.0679982,14181550,3630476800,3630.4768,124,87,98,3,20250630_204522
1751283840.0779822,14181589,3630486784,3630.486784,128,85,98,3,20250630_204522
1751283840.0882225,14181629,3630497024,3630.497024,131,83,97,3,20250630_204522
1751283840.0982063,14181668,3630507008,3630.507008,135,82,98,3,20250630_204522
1751283840.1081903,14181707,3630516992,3630.516992,139,79,98,3,20250630_204522
1751283840.1181743,14181746,3630526976,3630.526976,143,76,98,3,20250630_204522
1751283840.128158,14181785,3630536960,3630.53696,147,74,99,3,20250630_204522
1751283840.138142,14181824,3630546944,3630.546944,151,70,99,3,20250630_204522
1751283840.148126,14181863,3630556928,3630.556928,154,67,99,3,20250630_204522
1751283840.15811,14181902,3630566912,3630.566912,158,64,99,3,20250630_204522
1751283840.1680942,14181941,3630576896,3630.576896,162,63,99,3,20250630_204522
1751283840.1780782,14181980,3630586880,3630.58688,166,60,99,3,20250630_204522
1751283840.1880622,14182019,3630596864,3630.596864,170,60,98,3,20250630_204522
1751283840.1980462,14182058,3630606848,3630.606848,174,59,99,3,20250630_204522
1751283840.2080302,14182097,3630616832,3630.616832,177,59,100,3,20250630_204522
1751283840.2180142,14182136,3630626816,3630.626816,181,57,100,3,20250630_204522
1751283840.2282543,14182176,3630637056,3630.637056,185,58,102,3,20250630_204522
1751283840.238238,14182215,3630647040,3630.64704,189,56,102,3,20250630_204522
1751283840.248222,14182254,3630657024,3630.657024,193,57,103,3,20250630_204522
1751283840.258206,14182293,3630667008,3630.667008,196,55,105,3,20250630_204522
1751283840.26819,14182332,3630676992,3630.676992,200,55,105,3,20250630_204522
1751283840.2781742,14182371,3630686976,3630.686976,204,53,105,3,20250630_204522
1751283840.2881582,14182410,3630696960,3630.69696,208,54,106,3,20250630_204522
1751283840.2981422,14182449,3630706944,3630.706944,212,52,106,3,20250630_204522
1751283840.3081262,14182488,3630716928,3630.716928,216,53,106,3,20250630_204522
1751283840.3181102,14182527,3630726912,3630.726912,219,51,106,3,20250630_204522
1751283840.3280942,14182566,3630736896,3630.736896,223,53,106,3,20250630_204522
1751283840.3380785,14182605,3630746880,3630.74688,227,50,105,3,20250630_204522
1751283840.3480625,14182644,3630756864,3630.756864,231,51,104,3,20250630_204522
1751283840.3580463,14182683,3630766848,3630.766848,235,50,103,3,20250630_204522
1751283840.3680303,14182722,3630776832,3630.776832,239,51,102,3,20250630_204522
1751283840.37827,14182762,3630787072,3630.787072,242,49,103,3,20250630_204522
1751283840.3882542,14182801,3630797056,3630.797056,246,50,102,3,20250630_204522
1751283840.3982382,14182840,3630807040,3630.80704,250,49,103,3,20250630_204522
1751283840.4082222,14182879,3630817024,3630.817024,254,49,103,3,20250630_204522
1751283840.4182062,14182918,3630827008,3630.827008,3,49,103,3,20250630_204522
1751283840.4281902,14182957,3630836992,3630.836992,6,50,103,3,20250630_204522
1751283840.4381742,14182996,3630846976,3630.846976,10,48,102,3,20250630_204522
1751283840.4481585,14183035,3630856960,3630.85696,14,49,102,3,20250630_204522
1751283840.4581425,14183074,3630866944,3630.866944,18,49,103,3,20250630_204522
1751283840.4681263,14183113,3630876928,3630.876928,22,50,103,3,20250630_204522
1751283840.4781103,14183152,3630886912,3630.886912,26,49,103,3,20250630_204522
1751283840.488094,14183191,3630896896,3630.896896,29,49,102,3,20250630_204522
1751283840.498078,14183230,3630906880,3630.90688,33,49,103,3,20250630_204522
1751283840.508062,14183269,3630916864,3630.916864,37,50,103,3,20250630_204522
1751283840.518046,14183308,3630926848,3630.926848,41,49,102,3,20250630_204522
1751283840.5282862,14183348,3630937088,3630.937088,45,50,104,3,20250630_204522
1751283840.5382702,14183387,3630947072,3630.947072,49,49,104,3,20250630_204522
1751283840.5482545,14183426,3630957056,3630.957056,52,51,103,3,20250630_204522
1751283840.5582385,14183465,3630967040,3630.96704,56,51,102,3,20250630_204522
1751283840.5682223,14183504,3630977024,3630.977024,60,55,104,3,20250630_204522
1751283840.5782063,14183543,3630987008,3630.987008,64,54,104,3,20250630_204522
1751283840.5881903,14183582,3630996992,3630.996992,68,57,105,3,20250630_204522
1751283840.598174,14183621,3631006976,3631.006976,71,56,105,3,20250630_204522
1751283840.608158,14183660,3631016960,3631.01696,75,58,106,3,20250630_204522
1751283840.618142,14183699,3631026944,3631.026944,79,58,106,3,20250630_204522
1751283840.628126,14183738,3631036928,3631.036928,83,59,107,3,20250630_204522
1751283840.6381102,14183777,3631046912,3631.046912,87,58,108,3,20250630_204522
1751283840.6480942,14183816,3631056896,3631.056896,91,58,108,3,20250630_204522
1751283840.6580782,14183855,3631066880,3631.06688,94,56,108,3,20250630_204522
1751283840.6683185,14183895,3631077120,3631.07712,98,57,110,3,20250630_204522
1751283840.6783023,14183934,3631087104,3631.087104,102,57,109,3,20250630_204522
1751283840.6882863,14183973,3631097088,3631.097088,106,58,109,3,20250630_204522
1751283840.6982703,14184012,3631107072,3631.107072,110,56,110,3,20250630_204522
1751283840.708254,14184051,3631117056,3631.117056,114,57,110,3,20250630_204522
1751283840.718238,14184090,3631127040,3631.12704,117,55,110,3,20250630_204522
1751283840.728222,14184129,3631137024,3631.137024,121,56,110,3,20250630_204522
1751283840.738206,14184168,3631147008,3631.147008,125,55,112,3,20250630_204522
1751283840.7481902,14184207,3631156992,3631.156992,129,56,112,3,20250630_204522
1751283840.7581742,14184246,3631166976,3631.166976,133,55,112,3,20250630_204522
1751283840.7681582,14184285,3631176960,3631.17696,136,57,112,3,20250630_204522
1751283840.7781422,14184324,3631186944,3631.186944,140,55,112,3,20250630_204522
1751283840.7881262,14184363,3631196928,3631.196928,144,56,114,3,20250630_204522
1751283840.7981102,14184402,3631206912,3631.206912,148,54,114,3,20250630_204522
1751283840.8083503,14184442,3631217152,3631.217152,152,54,114,3,20250630_204522
1751283840.818334,14184481,3631227136,3631.227136,156,51,114,3,20250630_204522
1751283840.828318,14184520,3631237120,3631.23712,159,50,114,3,20250630_204522
1751283840.838302,14184559,3631247104,3631.247104,163,47,115,3,20250630_204522
1751283840.8482862,14184598,3631257088,3631.257088,167,48,115,3,20250630_204522
1751283840.8582702,14184637,3631267072,3631.267072,171,45,118,3,20250630_204522
1751283840.8682542,14184676,3631277056,3631.277056,175,46,120,3,20250630_204522
1751283840.8782382,14184715,3631287040,3631.28704,179,43,123,3,20250630_204522
1751283840.8882222,14184754,3631297024,3631.297024,182,44,126,3,20250630_204522
1751283840.8982062,14184793,3631307008,3631.307008,186,42,130,3,20250630_204522
1751283840.9081905,14184832,3631316992,3631.316992,190,44,134,3,20250630_204522
1751283840.9181745,14184871,3631326976,3631.326976,194,42,136,3,20250630_204522
1751283840.9281583,14184910,3631336960,3631.33696,198,44,140,3,20250630_204522
1751283840.9381423,14184949,3631346944,3631.346944,201,41,146,3,20250630_204522
1751283840.9481263,14184988,3631356928,3631.356928,205,42,152,3,20250630_204522
1751283840.9583662,14185028,3631367168,3631.367168,209,41,152,3,20250630_204522
1751283840.9683502,14185067,3631377152,3631.377152,213,43,152,3,20250630_204522
1751283840.9783342,14185106,3631387136,3631.387136,217,41,152,3,20250630_204522
1751283840.9883182,14185145,3631397120,3631.39712,221,42,154,3,20250630_204522
1751283840.9983022,14185184,3631407104,3631.407104,224,41,155,3,20250630_204522
1751283841.0082862,14185223,3631417088,3631.417088,228,42,155,3,20250630_204522
1751283841.0182705,14185262,3631427072,3631.427072,232,42,156,3,20250630_204522
1751283841.0282545,14185301,3631437056,3631.437056,236,44,156,3,20250630_204522
1751283841.0382383,14185340,3631447040,3631.44704,240,41,156,3,20250630_204522
1751283841.0482223,14185379,3631457024,3631.457024,244,29,156,3,20250630_204522
1751283841.0582063,14185418,3631467008,3631.467008,247,43,157,3,20250630_204522
1751283841.06819,14185457,3631476992,3631.476992,251,43,158,3,20250630_204522
1751283841.0784302,14185497,3631487232,3631.487232,0,47,159,3,20250630_204522
1751283841.0884142,14185536,3631497216,3631.497216,4,52,159,3,20250630_204522
1751283841.0983982,14185575,3631507200,3631.5072,8,49,158,3,20250630_204522
1751283841.1083822,14185614,3631517184,3631.517184,12,48,159,3,20250630_204522
1751283841.1183662,14185653,3631527168,3631.527168,15,50,158,3,20250630_204522
1751283841.1283505,14185692,3631537152,3631.537152,19,48,157,3,20250630_204522
1751283841.1383345,14185731,3631547136,3631.547136,23,50,158,3,20250630_204522
1751283841.1483183,14185770,3631557120,3631.55712,27,49,155,3,20250630_204522
1751283841.158558,14185810,3631567360,3631.56736,31,52,155,3,20250630_204522
1751283841.168542,14185849,3631577344,3631.577344,35,50,153,3,20250630_204522
1751283841.1785262,14185888,3631587328,3631.587328,38,53,153,3,20250630_204522
1751283841.1885102,14185927,3631597312,3631.597312,42,49,150,3,20250630_204522
1751283841.1984942,14185966,3631607296,3631.607296,46,52,147,3,20250630_204522
1751283841.2084782,14186005,3631617280,3631.61728,50,50,142,3,20250630_204522
1751283841.2187183,14186045,3631627520,3631.62752,54,53,138,3,20250630_204522
1751283841.2287023,14186084,3631637504,3631.637504,58,51,132,3,20250630_204522
1751283841.2386863,14186123,3631647488,3631.647488,61,55,127,3,20250630_204522
1751283841.24867,14186162,3631657472,3631.657472,65,52,120,3,20250630_204522
1751283841.258654,14186201,3631667456,3631.667456,69,55,115,3,20250630_204522
1751283841.268638,14186240,3631677440,3631.67744,73,53,109,3,20250630_204522
1751283841.2788782,14186280,3631687680,3631.68768,77,56,105,3,20250630_204522
1751283841.2888622,14186319,3631697664,3631.697664,81,53,101,3,20250630_204522
1751283841.2988462,14186358,3631707648,3631.707648,84,56,98,3,20250630_204522
1751283841.3088305,14186397,3631717632,3631.717632,88,52,96,3,20250630_204522
1751283841.3188145,14186436,3631727616,3631.727616,92,56,96,3,20250630_204522
1751283841.3287983,14186475,3631737600,3631.7376,96,53,96,3,20250630_204522
1751283841.3387823,14186514,3631747584,3631.747584,100,56,95,3,20250630_204522
1751283841.348766,14186553,3631757568,3631.757568,103,55,96,3,20250630_204522
1751283841.3590062,14186593,3631767808,3631.767808,107,58,95,3,20250630_204522
1751283841.3689902,14186632,3631777792,3631.777792,111,54,95,3,20250630_204522
1751283841.3789742,14186671,3631787776,3631.787776,115,57,96,3,20250630_204522
1751283841.3889582,14186710,3631797760,3631.79776,119,55,97,3,20250630_204522
1751283841.3989422,14186749,3631807744,3631.807744,123,56,97,3,20250630_204522
1751283841.4089262,14186788,3631817728,3631.817728,126,53,97,3,20250630_204522
1751283841.4189105,14186827,3631827712,3631.827712,130,56,98,3,20250630_204522
1751283841.4288943,14186866,3631837696,3631.837696,134,53,98,3,20250630_204522
1751283841.4388783,14186905,3631847680,3631.84768,138,55,97,3,20250630_204522
1751283841.4488623,14186944,3631857664,3631.857664,142,53,96,3,20250630_204522
1751283841.4591022,14186984,3631867904,3631.867904,146,56,99,3,20250630_204522
1751283841.4690862,14187023,3631877888,3631.877888,149,53,100,3,20250630_204522
1751283841.4790702,14187062,3631887872,3631.887872,153,55,101,3,20250630_204522
1751283841.4890542,14187101,3631897856,3631.897856,157,51,102,3,20250630_204522
1751283841.4990382,14187140,3631907840,3631.90784,161,51,103,3,20250630_204522
1751283841.5090222,14187179,3631917824,3631.917824,165,46,104,3,20250630_204522
1751283841.5190065,14187218,3631927808,3631.927808,169,47,106,3,20250630_204522
1751283841.5289905,14187257,3631937792,3631.937792,172,45,107,3,20250630_204522
1751283841.5389743,14187296,3631947776,3631.947776,176,46,111,3,20250630_204522
1751283841.5489583,14187335,3631957760,3631.95776,180,44,114,3,20250630_204522
1751283841.5589423,14187374,3631967744,3631.967744,184,45,116,3,20250630_204522
1751283841.568926,14187413,3631977728,3631.977728,188,43,121,3,20250630_204522
1751283841.57891,14187452,3631987712,3631.987712,191,43,126,3,20250630_204522
1751283841.588894,14187491,3631997696,3631.997696,195,41,129,3,20250630_204522
1751283841.5991342,14187531,3632007936,3632.007936,199,42,134,3,20250630_204522
1751283841.6091182,14187570,3632017920,3632.01792,203,40,138,3,20250630_204522
1751283841.6191022,14187609,3632027904,3632.027904,207,42,142,3,20250630_204522
1751283841.6290865,14187648,3632037888,3632.037888,211,41,147,3,20250630_204522
1751283841.6390705,14187687,3632047872,3632.047872,214,43,154,3,20250630_204522
1751283841.6490543,14187726,3632057856,3632.057856,218,42,158,3,20250630_204522
1751283841.6590383,14187765,3632067840,3632.06784,222,43,160,3,20250630_204522
1751283841.6690223,14187804,3632077824,3632.077824,226,43,160,3,20250630_204522
1751283841.679006,14187843,3632087808,3632.087808,230,45,161,3,20250630_204522
1751283841.68899,14187882,3632097792,3632.097792,234,44,161,3,20250630_204522
1751283841.698974,14187921,3632107776,3632.107776,237,46,162,3,20250630_204522
1751283841.708958,14187960,3632117760,3632.11776,241,50,163,3,20250630_204522
1751283841.7189422,14187999,3632127744,3632.127744,245,51,163,3,20250630_204522
1751283841.7289262,14188038,3632137728,3632.137728,249,51,163,3,20250630_204522
1751283841.7389102,14188077,3632147712,3632.147712,253,52,164,3,20250630_204522
1751283841.7491505,14188117,3632157952,3632.157952,1,52,163,3,20250630_204522
1751283841.7591343,14188156,3632167936,3632.167936,5,52,162,3,20250630_204522
1751283841.7691183,14188195,3632177920,3632.17792,9,52,162,3,20250630_204522
1751283841.779102,14188234,3632187904,3632.187904,13,53,164,3,20250630_204522
1751283841.789086,14188273,3632197888,3632.197888,17,54,161,3,20250630_204522
1751283841.79907,14188312,3632207872,3632.207872,21,55,159,3,20250630_204522
1751283841.809054,14188351,3632217856,3632.217856,24,56,158,3,20250630_204522
1751283841.8190382,14188390,3632227840,3632.22784,28,56,157,3,20250630_204522
1751283841.8290222,14188429,3632237824,3632.237824,32,56,155,3,20250630_204522
1751283841.8390062,14188468,3632247808,3632.247808,36,56,154,3,20250630_204522
1751283841.8489902,14188507,3632257792,3632.257792,40,56,150,3,20250630_204522
1751283841.8589742,14188546,3632267776,3632.267776,44,56,148,3,20250630_204522
1751283841.8689582,14188585,3632277760,3632.27776,47,56,142,3,20250630_204522
1751283841.8789425,14188624,3632287744,3632.287744,51,57,136,3,20250630_204522
1751283841.889182,14188664,3632297984,3632.297984,55,57,133,3,20250630_204522
1751283841.899166,14188703,3632307968,3632.307968,59,58,127,3,20250630_204522
1751283841.90915,14188742,3632317952,3632.317952,63,58,123,3,20250630_204522
1751283841.919134,14188781,3632327936,3632.327936,66,58,119,3,20250630_204522
1751283841.9291182,14188820,3632337920,3632.33792,70,58,114,3,20250630_204522
1751283841.9391022,14188859,3632347904,3632.347904,74,57,111,3,20250630_204522
1751283841.9490862,14188898,3632357888,3632.357888,78,58,108,3,20250630_204522
1751283841.9590702,14188937,3632367872,3632.367872,82,57,105,3,20250630_204522
1751283841.9690542,14188976,3632377856,3632.377856,86,57,103,3,20250630_204522
1751283841.9790382,14189015,3632387840,3632.38784,89,58,100,3,20250630_204522
1751283841.9890225,14189054,3632397824,3632.397824,93,57,99,3,20250630_204522
1751283841.9990065,14189093,3632407808,3632.407808,97,58,99,3,20250630_204522
1751283842.0089903,14189132,3632417792,3632.417792,101,56,99,3,20250630_204522
1751283842.0189743,14189171,3632427776,3632.427776,105,59,99,3,20250630_204522
1751283842.029214,14189211,3632438016,3632.438016,109,56,96,3,20250630_204522
1751283842.0391982,14189250,3632448000,3632.448,112,60,96,3,20250630_204522
1751283842.0491822,14189289,3632457984,3632.457984,116,57,96,3,20250630_204522
1751283842.0591662,14189328,3632467968,3632.467968,120,59,96,3,20250630_204522
1751283842.0691502,14189367,3632477952,3632.477952,124,57,98,3,20250630_204522
1751283842.0791342,14189406,3632487936,3632.487936,128,60,100,3,20250630_204522
1751283842.0891182,14189445,3632497920,3632.49792,131,57,100,3,20250630_204522
1751283842.0991025,14189484,3632507904,3632.507904,135,60,101,3,20250630_204522
1751283842.1090865,14189523,3632517888,3632.517888,139,57,101,3,20250630_204522
1751283842.1190703,14189562,3632527872,3632.527872,143,60,102,3,20250630_204522
1751283842.1290543,14189601,3632537856,3632.537856,147,57,103,3,20250630_204522
1751283842.1390383,14189640,3632547840,3632.54784,151,61,105,3,20250630_204522
1751283842.149022,14189679,3632557824,3632.557824,154,58,106,3,20250630_204522
1751283842.159006,14189718,3632567808,3632.567808,158,61,107,3,20250630_204522
1751283842.16899,14189757,3632577792,3632.577792,162,58,108,3,20250630_204522
1751283842.1792302,14189797,3632588032,3632.588032,166,61,111,3,20250630_204522
1751283842.1892142,14189836,3632598016,3632.598016,170,58,112,3,20250630_204522
1751283842.1991982,14189875,3632608000,3632.608,174,62,117,3,20250630_204522
1751283842.2091825,14189914,3632617984,3632.617984,177,59,120,3,20250630_204522
1751283842.2191665,14189953,3632627968,3632.627968,181,62,127,3,20250630_204522
1751283842.2291503,14189992,3632637952,3632.637952,185,58,129,3,20250630_204522
1751283842.2391343,14190031,3632647936,3632.647936,189,61,135,3,20250630_204522
1751283842.249118,14190070,3632657920,3632.65792,193,57,139,3,20250630_204522
1751283842.259102,14190109,3632667904,3632.667904,196,62,142,3,20250630_204522
1751283842.269086,14190148,3632677888,3632.677888,200,58,144,3,20250630_204522
1751283842.27907,14190187,3632687872,3632.687872,204,62,151,3,20250630_204522
1751283842.2890542,14190226,3632697856,3632.697856,208,59,155,3,20250630_204522
1751283842.2990382,14190265,3632707840,3632.70784,212,63,158,3,20250630_204522
1751283842.3090222,14190304,3632717824,3632.717824,216,61,158,3,20250630_204522
1751283842.3190062,14190343,3632727808,3632.727808,219,67,158,3,20250630_204522
1751283842.3292463,14190383,3632738048,3632.738048,223,63,158,3,20250630_204522
1751283842.3392303,14190422,3632748032,3632.748032,227,68,160,3,20250630_204522
1751283842.3492143,14190461,3632758016,3632.758016,231,63,160,3,20250630_204522
1751283842.359198,14190500,3632768000,3632.768,235,68,162,3,20250630_204522
1751283842.369182,14190539,3632777984,3632.777984,239,64,162,3,20250630_204522
1751283842.379166,14190578,3632787968,3632.787968,242,67,161,3,20250630_204522
1751283842.38915,14190617,3632797952,3632.797952,246,63,162,3,20250630_204522
1751283842.3991342,14190656,3632807936,3632.807936,250,67,161,3,20250630_204522
1751283842.4091182,14190695,3632817920,3632.81792,254,64,162,3,20250630_204522
1751283842.4191022,14190734,3632827904,3632.827904,3,68,162,3,20250630_204522
1751283842.4290862,14190773,3632837888,3632.837888,6,63,161,3,20250630_204522
1751283842.4390702,14190812,3632847872,3632.847872,10,67,162,3,20250630_204522
1751283842.4490542,14190851,3632857856,3632.857856,14,64,162,3,20250630_204522
1751283842.4590385,14190890,3632867840,3632.86784,18,67,160,3,20250630_204522
1751283842.469278,14190930,3632878080,3632.87808,22,65,160,3,20250630_204522
1751283842.479262,14190969,3632888064,3632.888064,26,66,158,3,20250630_204522
1751283842.489246,14191008,3632898048,3632.898048,29,64,157,3,20250630_204522
1751283842.49923,14191047,3632908032,3632.908032,33,66,157,3,20250630_204522
1751283842.5092142,14191086,3632918016,3632.918016,37,64,155,3,20250630_204522
1751283842.5191982,14191125,3632928000,3632.928,41,66,153,3,20250630_204522
1751283842.5291822,14191164,3632937984,3632.937984,45,64,150,3,20250630_204522
1751283842.5391662,14191203,3632947968,3632.947968,49,65,144,3,20250630_204522
1751283842.5491502,14191242,3632957952,3632.957952,52,62,140,3,20250630_204522
1751283842.5591342,14191281,3632967936,3632.967936,56,63,132,3,20250630_204522
1751283842.5691185,14191320,3632977920,3632.97792,60,61,127,3,20250630_204522
1751283842.5791025,14191359,3632987904,3632.987904,64,61,121,3,20250630_204522
1751283842.5890863,14191398,3632997888,3632.997888,68,60,115,3,20250630_204522
1751283842.5990703,14191437,3633007872,3633.007872,71,62,109,3,20250630_204522
1751283842.6093102,14191477,3633018112,3633.018112,75,58,106,3,20250630_204522
1751283842.6192942,14191516,3633028096,3633.028096,79,57,102,3,20250630_204522
1751283842.6292782,14191555,3633038080,3633.03808,83,54,98,3,20250630_204522
1751283842.6392622,14191594,3633048064,3633.048064,87,53,97,3,20250630_204522
1751283842.6492462,14191633,3633058048,3633.058048,91,52,96,3,20250630_204522
1751283842.6592302,14191672,3633068032,3633.068032,94,52,97,3,20250630_204522
1751283842.6692142,14191711,3633078016,3633.078016,98,53,98,3,20250630_204522
1751283842.6791985,14191750,3633088000,3633.088,102,52,98,3,20250630_204522
1751283842.6891823,14191789,3633097984,3633.097984,106,51,98,3,20250630_204522
1751283842.6991663,14191828,3633107968,3633.107968,110,50,98,3,20250630_204522
1751283842.7091503,14191867,3633117952,3633.117952,114,50,97,3,20250630_204522
1751283842.719134,14191906,3633127936,3633.127936,117,50,98,3,20250630_204522
1751283842.729118,14191945,3633137920,3633.13792,121,49,96,3,20250630_204522
1751283842.739102,14191984,3633147904,3633.147904,125,49,98,3,20250630_204522
1751283842.749086,14192023,3633157888,3633.157888,129,49,97,3,20250630_204522
1751283842.7593262,14192063,3633168128,3633.168128,133,50,98,3,20250630_204522
1751283842.7693102,14192102,3633178112,3633.178112,136,50,99,3,20250630_204522
1751283842.7792945,14192141,3633188096,3633.188096,140,51,99,3,20250630_204522
1751283842.7892785,14192180,3633198080,3633.19808,144,51,99,3,20250630_204522
1751283842.7992623,14192219,3633208064,3633.208064,148,57,102,3,20250630_204522
1751283842.8092463,14192258,3633218048,3633.218048,152,58,102,3,20250630_204522
1751283842.8192303,14192297,3633228032,3633.228032,156,60,103,3,20250630_204522
1751283842.829214,14192336,3633238016,3633.238016,159,61,104,3,20250630_204522
1751283842.839198,14192375,3633248000,3633.248,163,61,106,3,20250630_204522
1751283842.849182,14192414,3633257984,3633.257984,167,62,108,3,20250630_204522
1751283842.859166,14192453,3633267968,3633.267968,171,63,112,3,20250630_204522
1751283842.8691502,14192492,3633277952,3633.277952,175,63,116,3,20250630_204522
1751283842.8791342,14192531,3633287936,3633.287936,179,64,121,3,20250630_204522
1751283842.8891182,14192570,3633297920,3633.29792,182,64,127,3,20250630_204522
1751283842.8993585,14192610,3633308160,3633.30816,186,65,134,3,20250630_204522
1751283842.9093423,14192649,3633318144,3633.318144,190,64,138,3,20250630_204522
1751283842.9193263,14192688,3633328128,3633.328128,194,65,142,3,20250630_204522
1751283842.9293103,14192727,3633338112,3633.338112,198,64,147,3,20250630_204522
1751283842.939294,14192766,3633348096,3633.348096,201,66,154,3,20250630_204522
1751283842.949278,14192805,3633358080,3633.35808,205,63,156,3,20250630_204522
1751283842.959262,14192844,3633368064,3633.368064,209,66,158,3,20250630_204522
1751283842.969246,14192883,3633378048,3633.378048,213,65,158,3,20250630_204522
1751283842.9792302,14192922,3633388032,3633.388032,217,68,158,3,20250630_204522
1751283842.9892142,14192961,3633398016,3633.398016,221,66,158,3,20250630_204522
1751283842.9991982,14193000,3633408000,3633.408,224,68,163,3,20250630_204522
1751283843.0091822,14193039,3633417984,3633.417984,228,66,164,3,20250630_204522
1751283843.0191662,14193078,3633427968,3633.427968,232,70,165,3,20250630_204522
1751283843.0291502,14193117,3633437952,3633.437952,236,67,163,3,20250630_204522
1751283843.0391345,14193156,3633447936,3633.447936,240,71,165,3,20250630_204522
1751283843.049374,14193196,3633458176,3633.458176,244,70,166,3,20250630_204522
1751283843.059358,14193235,3633468160,3633.46816,247,72,165,3,20250630_204522
1751283843.069342,14193274,3633478144,3633.478144,251,71,165,3,20250630_204522
1751283843.0793262,14193313,3633488128,3633.488128,0,74,166,3,20250630_204522
1751283843.0893102,14193352,3633498112,3633.498112,4,72,166,3,20250630_204522
1751283843.0992942,14193391,3633508096,3633.508096,8,75,166,3,20250630_204522
1751283843.1092782,14193430,3633518080,3633.51808,11,73,166,3,20250630_204522
1751283843.1192622,14193469,3633528064,3633.528064,15,76,166,3,20250630_204522
1751283843.1292462,14193508,3633538048,3633.538048,19,72,165,3,20250630_204522
1751283843.1392305,14193547,3633548032,3633.548032,23,73,165,3,20250630_204522
1751283843.1492145,14193586,3633558016,3633.558016,27,71,164,3,20250630_204522
1751283843.1591983,14193625,3633568000,3633.568,31,73,163,3,20250630_204522
1751283843.1691823,14193664,3633577984,3633.577984,34,71,162,3,20250630_204522
1751283843.1791663,14193703,3633587968,3633.587968,38,72,160,3,20250630_204522
1751283843.1894062,14193743,3633598208,3633.598208,42,70,159,3,20250630_204522
1751283843.1993902,14193782,3633608192,3633.608192,46,72,160,3,20250630_204522
1751283843.2093742,14193821,3633618176,3633.618176,50,71,156,3,20250630_204522
1751283843.2193582,14193860,3633628160,3633.62816,54,72,152,3,20250630_204522
1751283843.2293422,14193899,3633638144,3633.638144,57,69,147,3,20250630_204522
1751283843.2393262,14193938,3633648128,3633.648128,61,69,141,3,20250630_204522
1751283843.2493105,14193977,3633658112,3633.658112,65,65,135,3,20250630_204522
1751283843.2592945,14194016,3633668096,3633.668096,69,66,127,3,20250630_204522
1751283843.2692783,14194055,3633678080,3633.67808,73,64,124,3,20250630_204522
1751283843.2792623,14194094,3633688064,3633.688064,76,64,119,3,20250630_204522
1751283843.2892463,14194133,3633698048,3633.698048,80,62,113,3,20250630_204522
1751283843.29923,14194172,3633708032,3633.708032,84,63,109,3,20250630_204522
1751283843.309214,14194211,3633718016,3633.718016,88,64,107,3,20250630_204522
1751283843.319198,14194250,3633728000,3633.728,92,63,105,3,20250630_204522
1751283843.329182,14194289,3633737984,3633.737984,96,63,101,3,20250630_204522
1751283843.3394222,14194329,3633748224,3633.748224,99,64,100,3,20250630_204522
1751283843.3494062,14194368,3633758208,3633.758208,103,64,97,3,20250630_204522
1751283843.3593905,14194407,3633768192,3633.768192,107,63,96,3,20250630_204522
1751283843.3693745,14194446,3633778176,3633.778176,111,62,96,3,20250630_204522
1751283843.3793583,14194485,3633788160,3633.78816,115,62,97,3,20250630_204522
1751283843.3893423,14194524,3633798144,3633.798144,119,62,98,3,20250630_204522
1751283843.3993263,14194563,3633808128,3633.808128,122,64,100,3,20250630_204522
1751283843.40931,14194602,3633818112,3633.818112,126,64,100,3,20250630_204522
1751283843.419294,14194641,3633828096,3633.828096,130,63,101,3,20250630_204522
1751283843.429278,14194680,3633838080,3633.83808,134,62,101,3,20250630_204522
1751283843.4392622,14194719,3633848064,3633.848064,138,64,101,3,20250630_204522
1751283843.4492462,14194758,3633858048,3633.858048,142,67,103,3,20250630_204522
1751283843.4592302,14194797,3633868032,3633.868032,145,70,106,3,20250630_204522
1751283843.4692142,14194836,3633878016,3633.878016,149,74,107,3,20250630_204522
1751283843.4794545,14194876,3633888256,3633.888256,153,77,109,3,20250630_204522
1751283843.4894383,14194915,3633898240,3633.89824,157,80,110,3,20250630_204522
1751283843.4994223,14194954,3633908224,3633.908224,161,83,114,3,20250630_204522
1751283843.509406,14194993,3633918208,3633.918208,164,86,117,3,20250630_204522
1751283843.51939,14195032,3633928192,3633.928192,168,88,120,3,20250630_204522
1751283843.529374,14195071,3633938176,3633.938176,172,89,124,3,20250630_204522
1751283843.539358,14195110,3633948160,3633.94816,176,90,130,3,20250630_204522
1751283843.5493422,14195149,3633958144,3633.958144,180,85,137,3,20250630_204522
1751283843.5593262,14195188,3633968128,3633.968128,184,83,141,3,20250630_204522
1751283843.5693102,14195227,3633978112,3633.978112,187,81,145,3,20250630_204522
1751283843.5792942,14195266,3633988096,3633.988096,191,84,154,3,20250630_204522
1751283843.5892782,14195305,3633998080,3633.99808,195,80,158,3,20250630_204522
1751283843.5992622,14195344,3634008064,3634.008064,199,87,159,3,20250630_204522
1751283843.6092465,14195383,3634018048,3634.018048,203,83,159,3,20250630_204522
1751283843.6192305,14195422,3634028032,3634.028032,207,86,160,3,20250630_204522
1751283843.62947,14195462,3634038272,3634.038272,210,83,160,3,20250630_204522
1751283843.639454,14195501,3634048256,3634.048256,214,87,162,3,20250630_204522
1751283843.649438,14195540,3634058240,3634.05824,218,85,162,3,20250630_204522
1751283843.6594222,14195579,3634068224,3634.068224,222,88,162,3,20250630_204522
1751283843.6694062,14195618,3634078208,3634.078208,226,85,163,3,20250630_204522
1751283843.6793902,14195657,3634088192,3634.088192,229,88,163,3,20250630_204522
1751283843.6893742,14195696,3634098176,3634.098176,233,92,164,3,20250630_204522
1751283843.6993582,14195735,3634108160,3634.10816,237,89,164,3,20250630_204522
1751283843.7093422,14195774,3634118144,3634.118144,241,86,164,3,20250630_204522
1751283843.7193265,14195813,3634128128,3634.128128,245,88,163,3,20250630_204522
1751283843.7293105,14195852,3634138112,3634.138112,249,85,163,3,20250630_204522
1751283843.7392943,14195891,3634148096,3634.148096,252,87,165,3,20250630_204522
1751283843.7492783,14195930,3634158080,3634.15808,1,83,165,3,20250630_204522
1751283843.7592623,14195969,3634168064,3634.168064,5,86,166,3,20250630_204522
1751283843.7695022,14196009,3634178304,3634.178304,9,84,165,3,20250630_204522
1751283843.7794862,14196048,3634188288,3634.188288,13,86,166,3,20250630_204522
1751283843.7894702,14196087,3634198272,3634.198272,17,81,165,3,20250630_204522
1751283843.7994542,14196126,3634208256,3634.208256,20,84,164,3,20250630_204522
1751283843.8094382,14196165,3634218240,3634.21824,24,83,164,3,20250630_204522
1751283843.8194222,14196204,3634228224,3634.228224,28,86,162,3,20250630_204522
1751283843.8294065,14196243,3634238208,3634.238208,32,84,162,3,20250630_204522
1751283843.8393905,14196282,3634248192,3634.248192,36,85,161,3,20250630_204522
1751283843.8493743,14196321,3634258176,3634.258176,39,80,158,3,20250630_204522
1751283843.8593583,14196360,3634268160,3634.26816,43,83,157,3,20250630_204522
1751283843.869342,14196399,3634278144,3634.278144,47,80,153,3,20250630_204522
1751283843.879326,14196438,3634288128,3634.288128,51,83,147,3,20250630_204522
1751283843.88931,14196477,3634298112,3634.298112,55,81,139,3,20250630_204522
1751283843.899294,14196516,3634308096,3634.308096,59,84,128,3,20250630_204522
1751283843.9092782,14196555,3634318080,3634.31808,62,81,122,3,20250630_204522
1751283843.9195182,14196595,3634328320,3634.32832,66,85,116,3,20250630_204522
1751283843.9295022,14196634,3634338304,3634.338304,70,82,110,3,20250630_204522
1751283843.9394865,14196673,3634348288,3634.348288,74,86,105,3,20250630_204522
1751283843.9494703,14196712,3634358272,3634.358272,78,84,101,3,20250630_204522
1751283843.9594543,14196751,3634368256,3634.368256,82,86,98,3,20250630_204522
1751283843.9694383,14196790,3634378240,3634.37824,85,83,98,3,20250630_204522
1751283843.979422,14196829,3634388224,3634.388224,89,86,98,3,20250630_204522
1751283843.989406,14196868,3634398208,3634.398208,93,85,98,3,20250630_204522
1751283843.99939,14196907,3634408192,3634.408192,97,87,99,3,20250630_204522
1751283844.009374,14196946,3634418176,3634.418176,101,82,100,3,20250630_204522
1751283844.0193582,14196985,3634428160,3634.42816,104,85,99,3,20250630_204522
1751283844.0293422,14197024,3634438144,3634.438144,108,82,98,3,20250630_204522
1751283844.0393262,14197063,3634448128,3634.448128,112,85,98,3,20250630_204522
1751283844.0493102,14197102,3634458112,3634.458112,116,82,97,3,20250630_204522
1751283844.0595503,14197142,3634468352,3634.468352,120,84,97,3,20250630_204522
1751283844.0695343,14197181,3634478336,3634.478336,124,82,97,3,20250630_204522
1751283844.0795183,14197220,3634488320,3634.48832,127,84,98,3,20250630_204522
1751283844.089502,14197259,3634498304,3634.498304,131,80,99,3,20250630_204522
1751283844.099486,14197298,3634508288,3634.508288,135,83,99,3,20250630_204522
1751283844.10947,14197337,3634518272,3634.518272,139,82,99,3,20250630_204522
1751283844.119454,14197376,3634528256,3634.528256,143,84,100,3,20250630_204522
1751283844.1294382,14197415,3634538240,3634.53824,147,82,101,3,20250630_204522
1751283844.1394222,14197454,3634548224,3634.548224,150,84,103,3,20250630_204522
1751283844.1494062,14197493,3634558208,3634.558208,154,82,103,3,20250630_204522
1751283844.1593902,14197532,3634568192,3634.568192,158,85,107,3,20250630_204522
1751283844.1693742,14197571,3634578176,3634.578176,162,81,109,3,20250630_204522
1751283844.1793582,14197610,3634588160,3634.58816,166,83,112,3,20250630_204522
1751283844.1893425,14197649,3634598144,3634.598144,169,81,117,3,20250630_204522
1751283844.1993265,14197688,3634608128,3634.608128,173,83,123,3,20250630_204522
1751283844.209566,14197728,3634618368,3634.618368,177,79,130,3,20250630_204522
1751283844.21955,14197767,3634628352,3634.628352,181,81,138,3,20250630_204522
1751283844.229534,14197806,3634638336,3634.638336,185,80,143,3,20250630_204522
1751283844.2395182,14197845,3634648320,3634.64832,189,85,148,3,20250630_204522
1751283844.2495022,14197884,3634658304,3634.658304,192,83,155,3,20250630_204522
1751283844.2594862,14197923,3634668288,3634.668288,196,86,158,3,20250630_204522
1751283844.2694702,14197962,3634678272,3634.678272,200,86,158,3,20250630_204522
1751283844.2794542,14198001,3634688256,3634.688256,204,90,159,3,20250630_204522
1751283844.2894382,14198040,3634698240,3634.69824,208,88,163,3,20250630_204522
1751283844.2994225,14198079,3634708224,3634.708224,212,92,164,3,20250630_204522
1751283844.3094065,14198118,3634718208,3634.718208,215,91,164,3,20250630_204522
1751283844.3193903,14198157,3634728192,3634.728192,219,93,164,3,20250630_204522
1751283844.3293743,14198196,3634738176,3634.738176,223,92,164,3,20250630_204522
1751283844.339358,14198235,3634748160,3634.74816,227,94,165,3,20250630_204522
1751283844.3495982,14198275,3634758400,3634.7584,231,91,164,3,20250630_204522
1751283844.3595822,14198314,3634768384,3634.768384,234,93,164,3,20250630_204522
1751283844.3695662,14198353,3634778368,3634.778368,238,91,165,3,20250630_204522
1751283844.3795502,14198392,3634788352,3634.788352,242,93,166,3,20250630_204522
1751283844.3895342,14198431,3634798336,3634.798336,246,93,165,3,20250630_204522
1751283844.3995185,14198470,3634808320,3634.80832,250,98,166,3,20250630_204522
1751283844.4095025,14198509,3634818304,3634.818304,254,95,167,3,20250630_204522
1751283844.4194863,14198548,3634828288,3634.828288,2,96,167,3,20250630_204522
1751283844.4294703,14198587,3634838272,3634.838272,6,93,166,3,20250630_204522
1751283844.4394543,14198626,3634848256,3634.848256,10,96,167,3,20250630_204522
1751283844.449438,14198665,3634858240,3634.85824,14,98,168,3,20250630_204522
1751283844.459422,14198704,3634868224,3634.868224,18,97,167,3,20250630_204522
1751283844.469406,14198743,3634878208,3634.878208,22,95,167,3,20250630_204522
1751283844.47939,14198782,3634888192,3634.888192,25,95,165,3,20250630_204522
1751283844.4893742,14198821,3634898176,3634.898176,29,94,163,3,20250630_204522
1751283844.4996142,14198861,3634908416,3634.908416,33,95,161,3,20250630_204522
1751283844.5095985,14198900,3634918400,3634.9184,37,91,159,3,20250630_204522
1751283844.5195825,14198939,3634928384,3634.928384,41,93,158,3,20250630_204522
1751283844.5295663,14198978,3634938368,3634.938368,44,91,152,3,20250630_204522
1751283844.5395503,14199017,3634948352,3634.948352,48,93,144,3,20250630_204522
1751283844.5495343,14199056,3634958336,3634.958336,52,90,137,3,20250630_204522
1751283844.559518,14199095,3634968320,3634.96832,56,93,127,3,20250630_204522
1751283844.569502,14199134,3634978304,3634.978304,60,93,123,3,20250630_204522
1751283844.579486,14199173,3634988288,3634.988288,64,95,116,3,20250630_204522
1751283844.58947,14199212,3634998272,3634.998272,67,90,108,3,20250630_204522
1751283844.5994542,14199251,3635008256,3635.008256,71,93,103,3,20250630_204522
1751283844.6094382,14199290,3635018240,3635.01824,75,92,98,3,20250630_204522
1751283844.6194222,14199329,3635028224,3635.028224,79,94,98,3,20250630_204522
1751283844.6294062,14199368,3635038208,3635.038208,83,92,98,3,20250630_204522
1751283844.6396463,14199408,3635048448,3635.048448,87,93,98,3,20250630_204522
1751283844.6496303,14199447,3635058432,3635.058432,90,91,98,3,20250630_204522
1751283844.6596143,14199486,3635068416,3635.068416,94,92,99,3,20250630_204522
1751283844.669598,14199525,3635078400,3635.0784,98,89,99,3,20250630_204522
1751283844.679582,14199564,3635088384,3635.088384,102,90,98,3,20250630_204522
1751283844.689566,14199603,3635098368,3635.098368,106,87,99,3,20250630_204522
1751283844.6995502,14199642,3635108352,3635.108352,109,88,100,3,20250630_204522
1751283844.7095342,14199681,3635118336,3635.118336,113,84,99,3,20250630_204522
1751283844.7195182,14199720,3635128320,3635.12832,117,86,100,3,20250630_204522
1751283844.7295022,14199759,3635138304,3635.138304,121,83,100,3,20250630_204522
1751283844.7394862,14199798,3635148288,3635.148288,125,83,100,3,20250630_204522
1751283844.7494702,14199837,3635158272,3635.158272,129,82,102,3,20250630_204522
1751283844.7594545,14199876,3635168256,3635.168256,132,86,103,3,20250630_204522
1751283844.7694385,14199915,3635178240,3635.17824,136,84,103,3,20250630_204522
1751283844.7794223,14199954,3635188224,3635.188224,140,87,102,3,20250630_204522
1751283844.789662,14199994,3635198464,3635.198464,144,86,102,3,20250630_204522
1751283844.799646,14200033,3635208448,3635.208448,148,88,104,3,20250630_204522
1751283844.8096302,14200072,3635218432,3635.218432,152,87,106,3,20250630_204522
1751283844.8196142,14200111,3635228416,3635.228416,155,89,108,3,20250630_204522
1751283844.8295982,14200150,3635238400,3635.2384,159,86,111,3,20250630_204522
1751283844.8395822,14200189,3635248384,3635.248384,163,87,113,3,20250630_204522
1751283844.8495662,14200228,3635258368,3635.258368,167,86,117,3,20250630_204522
1751283844.8595502,14200267,3635268352,3635.268352,171,88,122,3,20250630_204522
1751283844.8695345,14200306,3635278336,3635.278336,174,85,127,3,20250630_204522
1751283844.8795185,14200345,3635288320,3635.28832,178,86,134,3,20250630_204522
1751283844.8895023,14200384,3635298304,3635.298304,182,84,140,3,20250630_204522
1751283844.8994863,14200423,3635308288,3635.308288,186,86,144,3,20250630_204522
1751283844.9094703,14200462,3635318272,3635.318272,190,84,150,3,20250630_204522
1751283844.919454,14200501,3635328256,3635.328256,194,87,158,3,20250630_204522
1751283844.9296942,14200541,3635338496,3635.338496,197,87,160,3,20250630_204522
1751283844.9396782,14200580,3635348480,3635.34848,201,93,161,3,20250630_204522
1751283844.9496622,14200619,3635358464,3635.358464,205,91,160,3,20250630_204522
1751283844.9596462,14200658,3635368448,3635.368448,209,95,163,3,20250630_204522
1751283844.9696302,14200697,3635378432,3635.378432,213,94,164,3,20250630_204522
1751283844.9796145,14200736,3635388416,3635.388416,217,98,164,3,20250630_204522
1751283844.9895985,14200775,3635398400,3635.3984,220,95,164,3,20250630_204522
1751283844.9995823,14200814,3635408384,3635.408384,224,97,164,3,20250630_204522
1751283845.0095663,14200853,3635418368,3635.418368,228,94,164,3,20250630_204522
1751283845.0195503,14200892,3635428352,3635.428352,232,96,165,3,20250630_204522
1751283845.029534,14200931,3635438336,3635.438336,236,94,166,3,20250630_204522
1751283845.039518,14200970,3635448320,3635.44832,239,95,164,3,20250630_204522
1751283845.049502,14201009,3635458304,3635.458304,243,94,166,3,20250630_204522
1751283845.0594862,14201048,3635468288,3635.468288,247,97,167,3,20250630_204522
1751283845.0694702,14201087,3635478272,3635.478272,251,94,166,3,20250630_204522
1751283845.0797102,14201127,3635488512,3635.488512,0,96,166,3,20250630_204522
1751283845.0896945,14201166,3635498496,3635.498496,4,96,167,3,20250630_204522
1751283845.0996785,14201205,3635508480,3635.50848,7,99,166,3,20250630_204522
1751283845.1096623,14201244,3635518464,3635.518464,11,96,166,3,20250630_204522
1751283845.1196463,14201283,3635528448,3635.528448,15,98,166,3,20250630_204522
1751283845.12963,14201322,3635538432,3635.538432,19,94,166,3,20250630_204522
1751283845.139614,14201361,3635548416,3635.548416,23,95,164,3,20250630_204522
1751283845.149598,14201400,3635558400,3635.5584,27,93,163,3,20250630_204522
1751283845.159582,14201439,3635568384,3635.568384,30,95,162,3,20250630_204522
1751283845.1695662,14201478,3635578368,3635.578368,34,92,161,3,20250630_204522
1751283845.1795502,14201517,3635588352,3635.588352,38,94,159,3,20250630_204522
1751283845.1895342,14201556,3635598336,3635.598336,42,92,158,3,20250630_204522
1751283845.1995182,14201595,3635608320,3635.60832,46,93,155,3,20250630_204522
1751283845.2095022,14201634,3635618304,3635.618304,49,91,149,3,20250630_204522
1751283845.2197423,14201674,3635628544,3635.628544,53,92,144,3,20250630_204522
1751283845.2297263,14201713,3635638528,3635.638528,57,90,138,3,20250630_204522
1751283845.23971,14201752,3635648512,3635.648512,61,93,130,3,20250630_204522
1751283845.249694,14201791,3635658496,3635.658496,65,91,126,3,20250630_204522
1751283845.259678,14201830,3635668480,3635.66848,69,94,120,3,20250630_204522
1751283845.269662,14201869,3635678464,3635.678464,72,92,114,3,20250630_204522
1751283845.2796462,14201908,3635688448,3635.688448,76,93,108,3,20250630_204522
1751283845.2896302,14201947,3635698432,3635.698432,80,90,104,3,20250630_204522
1751283845.2996142,14201986,3635708416,3635.708416,84,93,101,3,20250630_204522
1751283845.3095982,14202025,3635718400,3635.7184,88,90,98,3,20250630_204522
1751283845.3195822,14202064,3635728384,3635.728384,92,92,97,3,20250630_204522
1751283845.3295662,14202103,3635738368,3635.738368,95,89,98,3,20250630_204522
1751283845.3395505,14202142,3635748352,3635.748352,99,90,98,3,20250630_204522
1751283845.3495345,14202181,3635758336,3635.758336,103,87,98,3,20250630_204522
1751283845.359774,14202221,3635768576,3635.768576,107,89,99,3,20250630_204522
1751283845.369758,14202260,3635778560,3635.77856,111,86,99,3,20250630_204522
1751283845.379742,14202299,3635788544,3635.788544,114,87,99,3,20250630_204522
1751283845.3897262,14202338,3635798528,3635.798528,118,85,98,3,20250630_204522
1751283845.3997102,14202377,3635808512,3635.808512,122,86,98,3,20250630_204522
1751283845.4096942,14202416,3635818496,3635.818496,126,84,99,3,20250630_204522
1751283845.4196782,14202455,3635828480,3635.82848,130,85,99,3,20250630_204522
1751283845.4296622,14202494,3635838464,3635.838464,134,83,100,3,20250630_204522
1751283845.4396462,14202533,3635848448,3635.848448,137,85,100,3,20250630_204522
1751283845.4496305,14202572,3635858432,3635.858432,141,84,101,3,20250630_204522
1751283845.4596145,14202611,3635868416,3635.868416,145,85,101,3,20250630_204522
1751283845.4695983,14202650,3635878400,3635.8784,149,84,103,3,20250630_204522
1751283845.4795823,14202689,3635888384,3635.888384,153,86,105,3,20250630_204522
1751283845.489566,14202728,3635898368,3635.898368,157,84,106,3,20250630_204522
1751283845.49955,14202767,3635908352,3635.908352,160,87,108,3,20250630_204522
1751283845.5097902,14202807,3635918592,3635.918592,164,84,111,3,20250630_204522
1751283845.5197742,14202846,3635928576,3635.928576,168,88,114,3,20250630_204522
1751283845.5297582,14202885,3635938560,3635.93856,172,86,118,3,20250630_204522
1751283845.5397422,14202924,3635948544,3635.948544,176,89,124,3,20250630_204522
1751283845.5497262,14202963,3635958528,3635.958528,179,88,127,3,20250630_204522
1751283845.5597105,14203002,3635968512,3635.968512,183,90,134,3,20250630_204522
1751283845.5696945,14203041,3635978496,3635.978496,187,88,141,3,20250630_204522
1751283845.5796783,14203080,3635988480,3635.98848,191,90,145,3,20250630_204522
1751283845.5896623,14203119,3635998464,3635.998464,195,88,150,3,20250630_204522
1751283845.599646,14203158,3636008448,3636.008448,199,89,157,3,20250630_204522
1751283845.60963,14203197,3636018432,3636.018432,202,88,159,3,20250630_204522
1751283845.619614,14203236,3636028416,3636.028416,206,92,160,3,20250630_204522
1751283845.629598,14203275,3636038400,3636.0384,210,90,159,3,20250630_204522
1751283845.6395822,14203314,3636048384,3636.048384,214,94,163,3,20250630_204522
1751283845.6498222,14203354,3636058624,3636.058624,218,91,161,3,20250630_204522
1751283845.6598065,14203393,3636068608,3636.068608,222,95,163,3,20250630_204522
1751283845.6697905,14203432,3636078592,3636.078592,225,95,161,3,20250630_204522
1751283845.6797743,14203471,3636088576,3636.088576,229,97,162,3,20250630_204522
1751283845.6897583,14203510,3636098560,3636.09856,233,96,164,3,20250630_204522
1751283845.6997423,14203549,3636108544,3636.108544,237,98,163,3,20250630_204522
1751283845.709726,14203588,3636118528,3636.118528,241,96,164,3,20250630_204522
1751283845.71971,14203627,3636128512,3636.128512,244,98,164,3,20250630_204522
1751283845.729694,14203666,3636138496,3636.138496,248,96,165,3,20250630_204522
1751283845.739678,14203705,3636148480,3636.14848,252,98,164,3,20250630_204522
1751283845.7496622,14203744,3636158464,3636.158464,1,98,164,3,20250630_204522
1751283845.7596462,14203783,3636168448,3636.168448,5,100,165,3,20250630_204522
1751283845.7696302,14203822,3636178432,3636.178432,9,97,166,3,20250630_204522
1751283845.7796142,14203861,3636188416,3636.188416,12,99,165,3,20250630_204522
1751283845.7898543,14203901,3636198656,3636.198656,16,99,166,3,20250630_204522
1751283845.7998383,14203940,3636208640,3636.20864,20,100,165,3,20250630_204522
1751283845.8098223,14203979,3636218624,3636.218624,24,97,164,3,20250630_204522
1751283845.819806,14204018,3636228608,3636.228608,28,99,163,3,20250630_204522
1751283845.82979,14204057,3636238592,3636.238592,32,96,161,3,20250630_204522
1751283845.839774,14204096,3636248576,3636.248576,35,98,160,3,20250630_204522
1751283845.849758,14204135,3636258560,3636.25856,39,95,159,3,20250630_204522
1751283845.8597422,14204174,3636268544,3636.268544,43,95,156,3,20250630_204522
1751283845.8697262,14204213,3636278528,3636.278528,47,93,148,3,20250630_204522
1751283845.8797102,14204252,3636288512,3636.288512,51,95,144,3,20250630_204522
1751283845.8896942,14204291,3636298496,3636.298496,54,92,135,3,20250630_204522
1751283845.8996782,14204330,3636308480,3636.30848,58,93,127,3,20250630_204522
1751283845.9096622,14204369,3636318464,3636.318464,62,91,121,3,20250630_204522
1751283845.9196465,14204408,3636328448,3636.328448,66,94,115,3,20250630_204522
1751283845.9296305,14204447,3636338432,3636.338432,70,92,108,3,20250630_204522
1751283845.93987,14204487,3636348672,3636.348672,74,95,103,3,20250630_204522
1751283845.949854,14204526,3636358656,3636.358656,77,93,100,3,20250630_204522
1751283845.9598382,14204565,3636368640,3636.36864,81,95,97,3,20250630_204522
1751283845.9698222,14204604,3636378624,3636.378624,85,94,98,3,20250630_204522
1751283845.9798062,14204643,3636388608,3636.388608,89,95,98,3,20250630_204522
1751283845.9897902,14204682,3636398592,3636.398592,93,93,98,3,20250630_204522
1751283845.9997742,14204721,3636408576,3636.408576,97,95,99,3,20250630_204522
1751283846.0097582,14204760,3636418560,3636.41856,100,90,98,3,20250630_204522
1751283846.0197425,14204799,3636428544,3636.428544,104,91,98,3,20250630_204522
1751283846.0297265,14204838,3636438528,3636.438528,108,87,97,3,20250630_204522
1751283846.0397103,14204877,3636448512,3636.448512,112,88,99,3,20250630_204522
1751283846.0496943,14204916,3636458496,3636.458496,116,86,99,3,20250630_204522
1751283846.0596783,14204955,3636468480,3636.46848,119,88,99,3,20250630_204522
1751283846.069662,14204994,3636478464,3636.478464,123,85,100,3,20250630_204522
1751283846.0799022,14205034,3636488704,3636.488704,127,86,101,3,20250630_204522
1751283846.0898862,14205073,3636498688,3636.498688,131,83,100,3,20250630_204522
1751283846.0998702,14205112,3636508672,3636.508672,135,85,101,3,20250630_204522
1751283846.1098542,14205151,3636518656,3636.518656,139,83,102,3,20250630_204522
1751283846.1198382,14205190,3636528640,3636.52864,142,86,103,3,20250630_204522
1751283846.1298225,14205229,3636538624,3636.538624,146,85,105,3,20250630_204522
1751283846.1398065,14205268,3636548608,3636.548608,150,88,106,3,20250630_204522
1751283846.1497903,14205307,3636558592,3636.558592,154,88,107,3,20250630_204522
1751283846.1597743,14205346,3636568576,3636.568576,158,89,109,3,20250630_204522
1751283846.1697583,14205385,3636578560,3636.57856,162,88,112,3,20250630_204522
1751283846.179742,14205424,3636588544,3636.588544,165,90,114,3,20250630_204522
1751283846.189726,14205463,3636598528,3636.598528,169,87,118,3,20250630_204522
1751283846.19971,14205502,3636608512,3636.608512,173,89,122,3,20250630_204522
1751283846.209694,14205541,3636618496,3636.618496,177,85,127,3,20250630_204522
1751283846.2196782,14205580,3636628480,3636.62848,181,88,134,3,20250630_204522
1751283846.2299182,14205620,3636638720,3636.63872,184,85,140,3,20250630_204522
1751283846.2399025,14205659,3636648704,3636.648704,188,87,144,3,20250630_204522
1751283846.2498865,14205698,3636658688,3636.658688,192,85,148,3,20250630_204522
1751283846.2598703,14205737,3636668672,3636.668672,196,88,157,3,20250630_204522
1751283846.2698543,14205776,3636678656,3636.678656,200,85,160,3,20250630_204522
1751283846.2798383,14205815,3636688640,3636.68864,204,91,160,3,20250630_204522
1751283846.289822,14205854,3636698624,3636.698624,207,90,160,3,20250630_204522
1751283846.299806,14205893,3636708608,3636.708608,211,94,164,3,20250630_204522
1751283846.30979,14205932,3636718592,3636.718592,215,92,165,3,20250630_204522
1751283846.3197742,14205971,3636728576,3636.728576,219,96,166,3,20250630_204522
1751283846.3297582,14206010,3636738560,3636.73856,223,94,166,3,20250630_204522
1751283846.3397422,14206049,3636748544,3636.748544,227,97,165,3,20250630_204522
1751283846.3497262,14206088,3636758528,3636.758528,230,96,166,3,20250630_204522
1751283846.3597102,14206127,3636768512,3636.768512,234,97,166,3,20250630_204522
1751283846.3696942,14206166,3636778496,3636.778496,238,96,166,3,20250630_204522
1751283846.3799343,14206206,3636788736,3636.788736,242,99,167,3,20250630_204522
1751283846.389918,14206245,3636798720,3636.79872,246,96,167,3,20250630_204522
1751283846.399902,14206284,3636808704,3636.808704,249,98,167,3,20250630_204522
1751283846.409886,14206323,3636818688,3636.818688,253,95,167,3,20250630_204522
1751283846.41987,14206362,3636828672,3636.828672,2,98,168,3,20250630_204522
1751283846.4298542,14206401,3636838656,3636.838656,6,97,168,3,20250630_204522
1751283846.4398382,14206440,3636848640,3636.84864,10,100,168,3,20250630_204522
1751283846.4498222,14206479,3636858624,3636.858624,14,98,168,3,20250630_204522
1751283846.4598062,14206518,3636868608,3636.868608,17,99,168,3,20250630_204522
1751283846.4697902,14206557,3636878592,3636.878592,21,96,167,3,20250630_204522
1751283846.4797742,14206596,3636888576,3636.888576,25,98,165,3,20250630_204522
1751283846.4897585,14206635,3636898560,3636.89856,29,95,163,3,20250630_204522
1751283846.4997425,14206674,3636908544,3636.908544,33,96,161,3,20250630_204522
1751283846.5097263,14206713,3636918528,3636.918528,37,94,160,3,20250630_204522
1751283846.519966,14206753,3636928768,3636.928768,40,96,160,3,20250630_204522
1751283846.52995,14206792,3636938752,3636.938752,44,93,158,3,20250630_204522
1751283846.5399342,14206831,3636948736,3636.948736,48,94,152,3,20250630_204522
1751283846.5499182,14206870,3636958720,3636.95872,52,91,146,3,20250630_204522
1751283846.5599022,14206909,3636968704,3636.968704,56,94,138,3,20250630_204522
1751283846.5698862,14206948,3636978688,3636.978688,59,93,131,3,20250630_204522
1751283846.5798702,14206987,3636988672,3636.988672,63,95,127,3,20250630_204522
1751283846.5898542,14207026,3636998656,3636.998656,67,93,122,3,20250630_204522
1751283846.5998385,14207065,3637008640,3637.00864,71,95,117,3,20250630_204522
1751283846.6098225,14207104,3637018624,3637.018624,75,93,114,3,20250630_204522
1751283846.6198063,14207143,3637028608,3637.028608,79,94,111,3,20250630_204522
1751283846.6297903,14207182,3637038592,3637.038592,82,91,106,3,20250630_204522
1751283846.6397743,14207221,3637048576,3637.048576,86,90,103,3,20250630_204522
1751283846.649758,14207260,3637058560,3637.05856,90,91,101,3,20250630_204522
1751283846.659742,14207299,3637068544,3637.068544,94,89,100,3,20250630_204522
1751283846.6699822,14207339,3637078784,3637.078784,98,89,100,3,20250630_204522
1751283846.6799662,14207378,3637088768,3637.088768,102,91,99,3,20250630_204522
1751283846.6899502,14207417,3637098752,3637.098752,105,89,97,3,20250630_204522
1751283846.6999342,14207456,3637108736,3637.108736,109,91,97,3,20250630_204522
1751283846.7099185,14207495,3637118720,3637.11872,113,89,98,3,20250630_204522
1751283846.7199025,14207534,3637128704,3637.128704,117,91,99,3,20250630_204522
1751283846.7298863,14207573,3637138688,3637.138688,121,88,99,3,20250630_204522
1751283846.7398703,14207612,3637148672,3637.148672,125,89,102,3,20250630_204522
1751283846.749854,14207651,3637158656,3637.158656,128,89,103,3,20250630_204522
1751283846.759838,14207690,3637168640,3637.16864,132,90,104,3,20250630_204522
1751283846.769822,14207729,3637178624,3637.178624,136,88,107,3,20250630_204522
1751283846.779806,14207768,3637188608,3637.188608,140,89,110,3,20250630_204522
1751283846.7897902,14207807,3637198592,3637.198592,144,88,113,3,20250630_204522
1751283846.7997742,14207846,3637208576,3637.208576,147,89,119,3,20250630_204522
1751283846.8100142,14207886,3637218816,3637.218816,151,85,124,3,20250630_204522
1751283846.8199985,14207925,3637228800,3637.2288,155,86,131,3,20250630_204522
1751283846.8299825,14207964,3637238784,3637.238784,159,84,138,3,20250630_204522
1751283846.8399663,14208003,3637248768,3637.248768,163,86,144,3,20250630_204522
1751283846.8499503,14208042,3637258752,3637.258752,167,85,150,3,20250630_204522
1751283846.859934,14208081,3637268736,3637.268736,170,87,158,3,20250630_204522
1751283846.869918,14208120,3637278720,3637.27872,174,86,160,3,20250630_204522
1751283846.879902,14208159,3637288704,3637.288704,178,90,160,3,20250630_204522
1751283846.889886,14208198,3637298688,3637.298688,182,86,161,3,20250630_204522
1751283846.8998702,14208237,3637308672,3637.308672,186,89,163,3,20250630_204522
1751283846.9098542,14208276,3637318656,3637.318656,190,89,165,3,20250630_204522
1751283846.9198382,14208315,3637328640,3637.32864,193,93,164,3,20250630_204522
1751283846.9298222,14208354,3637338624,3637.338624,197,94,166,3,20250630_204522
1751283846.9398062,14208393,3637348608,3637.348608,201,98,166,3,20250630_204522
1751283846.9500463,14208433,3637358848,3637.358848,205,98,166,3,20250630_204522
1751283846.9600303,14208472,3637368832,3637.368832,209,99,166,3,20250630_204522
1751283846.970014,14208511,3637378816,3637.378816,212,96,166,3,20250630_204522
1751283846.979998,14208550,3637388800,3637.3888,216,97,166,3,20250630_204522
1751283846.989982,14208589,3637398784,3637.398784,220,97,167,3,20250630_204522
1751283846.999966,14208628,3637408768,3637.408768,224,96,166,3,20250630_204522
1751283847.0099502,14208667,3637418752,3637.418752,228,95,166,3,20250630_204522
1751283847.0199342,14208706,3637428736,3637.428736,232,96,167,3,20250630_204522
1751283847.0299182,14208745,3637438720,3637.43872,235,97,167,3,20250630_204522
1751283847.0399022,14208784,3637448704,3637.448704,239,100,166,3,20250630_204522
1751283847.0498862,14208823,3637458688,3637.458688,243,99,168,3,20250630_204522
1751283847.0598702,14208862,3637468672,3637.468672,247,101,168,3,20250630_204522
1751283847.0698545,14208901,3637478656,3637.478656,251,101,168,3,20250630_204522
1751283847.0798385,14208940,3637488640,3637.48864,0,103,166,3,20250630_204522
1751283847.0898223,14208979,3637498624,3637.498624,3,102,167,3,20250630_204522
1751283847.100062,14209019,3637508864,3637.508864,7,102,166,3,20250630_204522
1751283847.110046,14209058,3637518848,3637.518848,11,100,168,3,20250630_204522
1751283847.1200302,14209097,3637528832,3637.528832,15,101,167,3,20250630_204522
1751283847.1300142,14209136,3637538816,3637.538816,19,97,166,3,20250630_204522
1751283847.1399982,14209175,3637548800,3637.5488,22,95,167,3,20250630_204522
1751283847.1499822,14209214,3637558784,3637.558784,26,89,167,3,20250630_204522
1751283847.1599662,14209253,3637568768,3637.568768,30,94,167,3,20250630_204522
1751283847.1699502,14209292,3637578752,3637.578752,34,95,167,3,20250630_204522
1751283847.1799345,14209331,3637588736,3637.588736,38,92,166,3,20250630_204522
1751283847.1899185,14209370,3637598720,3637.59872,42,86,166,3,20250630_204522
1751283847.1999023,14209409,3637608704,3637.608704,45,93,165,3,20250630_204522
1751283847.2098863,14209448,3637618688,3637.618688,49,95,163,3,20250630_204522
1751283847.21987,14209487,3637628672,3637.628672,53,96,163,3,20250630_204522
1751283847.229854,14209526,3637638656,3637.638656,57,94,162,3,20250630_204522
1751283847.2400942,14209566,3637648896,3637.648896,61,94,160,3,20250630_204522
1751283847.2500782,14209605,3637658880,3637.65888,65,89,156,3,20250630_204522
1751283847.2600622,14209644,3637668864,3637.668864,68,89,152,3,20250630_204522
1751283847.2700462,14209683,3637678848,3637.678848,72,87,147,3,20250630_204522
1751283847.2800305,14209722,3637688832,3637.688832,76,88,141,3,20250630_204522
1751283847.2900145,14209761,3637698816,3637.698816,80,86,136,3,20250630_204522
1751283847.2999983,14209800,3637708800,3637.7088,84,87,128,3,20250630_204522
1751283847.3099823,14209839,3637718784,3637.718784,87,86,127,3,20250630_204522
1751283847.3199663,14209878,3637728768,3637.728768,91,87,122,3,20250630_204522
1751283847.32995,14209917,3637738752,3637.738752,95,85,119,3,20250630_204522
1751283847.339934,14209956,3637748736,3637.748736,99,87,117,3,20250630_204522
1751283847.349918,14209995,3637758720,3637.75872,103,84,114,3,20250630_204522
1751283847.359902,14210034,3637768704,3637.768704,107,85,111,3,20250630_204522
1751283847.3698862,14210073,3637778688,3637.778688,110,82,107,3,20250630_204522
1751283847.3801262,14210113,3637788928,3637.788928,114,84,107,3,20250630_204522
1751283847.3901105,14210152,3637798912,3637.798912,118,81,106,3,20250630_204522
1751283847.4000945,14210191,3637808896,3637.808896,122,82,106,3,20250630_204522
1751283847.4100783,14210230,3637818880,3637.81888,126,80,106,3,20250630_204522
1751283847.4200623,14210269,3637828864,3637.828864,130,82,106,3,20250630_204522
1751283847.4300463,14210308,3637838848,3637.838848,133,81,108,3,20250630_204522
1751283847.44003,14210347,3637848832,3637.848832,137,82,109,3,20250630_204522
1751283847.450014,14210386,3637858816,3637.858816,141,81,112,3,20250630_204522
1751283847.459998,14210425,3637868800,3637.8688,145,82,113,3,20250630_204522
1751283847.469982,14210464,3637878784,3637.878784,149,80,114,3,20250630_204522
1751283847.4799662,14210503,3637888768,3637.888768,152,81,118,3,20250630_204522
1751283847.4899502,14210542,3637898752,3637.898752,156,80,122,3,20250630_204522
1751283847.4999342,14210581,3637908736,3637.908736,160,81,124,3,20250630_204522
1751283847.5099182,14210620,3637918720,3637.91872,164,78,127,3,20250630_204522
1751283847.5199022,14210659,3637928704,3637.928704,168,80,129,3,20250630_204522
1751283847.5301423,14210699,3637938944,3637.938944,172,78,135,3,20250630_204522
1751283847.5401263,14210738,3637948928,3637.948928,175,80,141,3,20250630_204522
1751283847.55011,14210777,3637958912,3637.958912,179,78,145,3,20250630_204522
1751283847.560094,14210816,3637968896,3637.968896,183,80,149,3,20250630_204522
1751283847.570078,14210855,3637978880,3637.97888,187,78,154,3,20250630_204522
1751283847.5800622,14210894,3637988864,3637.988864,191,79,159,3,20250630_204522
1751283847.5900462,14210933,3637998848,3637.998848,195,78,161,3,20250630_204522
1751283847.6000302,14210972,3638008832,3638.008832,198,81,162,3,20250630_204522
1751283847.6100142,14211011,3638018816,3638.018816,202,79,163,3,20250630_204522
1751283847.6199982,14211050,3638028800,3638.0288,206,82,162,3,20250630_204522
1751283847.6299822,14211089,3638038784,3638.038784,210,80,164,3,20250630_204522
1751283847.6399662,14211128,3638048768,3638.048768,214,81,164,3,20250630_204522
1751283847.6499505,14211167,3638058752,3638.058752,217,81,165,3,20250630_204522
1751283847.6599343,14211206,3638068736,3638.068736,221,82,166,3,20250630_204522
1751283847.670174,14211246,3638078976,3638.078976,225,81,166,3,20250630_204522
1751283847.680158,14211285,3638088960,3638.08896,229,82,166,3,20250630_204522
1751283847.6901422,14211324,3638098944,3638.098944,233,81,166,3,20250630_204522
1751283847.7001262,14211363,3638108928,3638.108928,237,82,166,3,20250630_204522
1751283847.7101102,14211402,3638118912,3638.118912,240,82,166,3,20250630_204522
1751283847.7200942,14211441,3638128896,3638.128896,244,82,167,3,20250630_204522
1751283847.7300782,14211480,3638138880,3638.13888,248,81,167,3,20250630_204522
1751283847.7400622,14211519,3638148864,3638.148864,252,82,167,3,20250630_204522
1751283847.7500465,14211558,3638158848,3638.158848,1,80,166,3,20250630_204522
1751283847.7600305,14211597,3638168832,3638.168832,5,82,167,3,20250630_204522
1751283847.7700143,14211636,3638178816,3638.178816,8,80,167,3,20250630_204522
1751283847.7799983,14211675,3638188800,3638.1888,12,81,166,3,20250630_204522
1751283847.7899823,14211714,3638198784,3638.198784,16,79,166,3,20250630_204522
1751283847.799966,14211753,3638208768,3638.208768,20,80,166,3,20250630_204522
1751283847.80995,14211792,3638218752,3638.218752,24,79,166,3,20250630_204522
1751283847.8201902,14211832,3638228992,3638.228992,27,80,164,3,20250630_204522
1751283847.8301742,14211871,3638238976,3638.238976,31,78,163,3,20250630_204522
1751283847.8401582,14211910,3638248960,3638.24896,35,80,162,3,20250630_204522
1751283847.8501422,14211949,3638258944,3638.258944,39,78,161,3,20250630_204522
1751283847.8601265,14211988,3638268928,3638.268928,43,82,159,3,20250630_204522
1751283847.8701105,14212027,3638278912,3638.278912,47,80,154,3,20250630_204522
1751283847.8800943,14212066,3638288896,3638.288896,50,82,149,3,20250630_204522
1751283847.8900783,14212105,3638298880,3638.29888,54,80,142,3,20250630_204522
1751283847.9000623,14212144,3638308864,3638.308864,58,82,135,3,20250630_204522
1751283847.910046,14212183,3638318848,3638.318848,62,80,127,3,20250630_204522
1751283847.92003,14212222,3638328832,3638.328832,66,82,123,3,20250630_204522
1751283847.930014,14212261,3638338816,3638.338816,70,79,117,3,20250630_204522
1751283847.939998,14212300,3638348800,3638.3488,73,81,110,3,20250630_204522
1751283847.9499822,14212339,3638358784,3638.358784,77,80,106,3,20250630_204522
1751283847.9602222,14212379,3638369024,3638.369024,81,81,103,3,20250630_204522
1751283847.9702065,14212418,3638379008,3638.379008,85,79,99,3,20250630_204522
1751283847.9801905,14212457,3638388992,3638.388992,89,81,98,3,20250630_204522
1751283847.9901743,14212496,3638398976,3638.398976,92,79,99,3,20250630_204522
1751283848.0001583,14212535,3638408960,3638.40896,96,81,98,3,20250630_204522
1751283848.010142,14212574,3638418944,3638.418944,100,79,100,3,20250630_204522
1751283848.020126,14212613,3638428928,3638.428928,104,80,98,3,20250630_204522
1751283848.03011,14212652,3638438912,3638.438912,108,78,100,3,20250630_204522
1751283848.040094,14212691,3638448896,3638.448896,112,80,99,3,20250630_204522
1751283848.0500782,14212730,3638458880,3638.45888,115,78,98,3,20250630_204522
1751283848.0600622,14212769,3638468864,3638.468864,119,79,99,3,20250630_204522
1751283848.0700462,14212808,3638478848,3638.478848,123,77,100,3,20250630_204522
1751283848.0802865,14212848,3638489088,3638.489088,127,76,100,3,20250630_204522
1751283848.0902703,14212887,3638499072,3638.499072,131,75,100,3,20250630_204522
1751283848.1002543,14212926,3638509056,3638.509056,135,77,100,3,20250630_204522
1751283848.1102383,14212965,3638519040,3638.51904,138,76,102,3,20250630_204522
1751283848.120222,14213004,3638529024,3638.529024,142,76,101,3,20250630_204522
1751283848.130206,14213043,3638539008,3638.539008,146,75,102,3,20250630_204522
1751283848.14019,14213082,3638548992,3638.548992,150,76,104,3,20250630_204522
1751283848.150174,14213121,3638558976,3638.558976,154,76,105,3,20250630_204522
1751283848.1604142,14213161,3638569216,3638.569216,158,76,106,3,20250630_204522
1751283848.1703982,14213200,3638579200,3638.5792,161,75,107,3,20250630_204522
1751283848.1803825,14213239,3638589184,3638.589184,165,74,110,3,20250630_204522
1751283848.1903665,14213278,3638599168,3638.599168,169,74,112,3,20250630_204522
1751283848.2003503,14213317,3638609152,3638.609152,173,73,116,3,20250630_204522
1751283848.2103343,14213356,3638619136,3638.619136,177,72,123,3,20250630_204522
1751283848.220574,14213396,3638629376,3638.629376,181,74,127,3,20250630_204522
1751283848.2305582,14213435,3638639360,3638.63936,184,72,132,3,20250630_204522
1751283848.2405422,14213474,3638649344,3638.649344,188,73,139,3,20250630_204522
1751283848.2505262,14213513,3638659328,3638.659328,192,72,144,3,20250630_204522
1751283848.2605102,14213552,3638669312,3638.669312,196,72,148,3,20250630_204522
1751283848.2704942,14213591,3638679296,3638.679296,200,71,155,3,20250630_204522
1751283848.2804782,14213630,3638689280,3638.68928,204,73,161,3,20250630_204522
1751283848.2907183,14213670,3638699520,3638.69952,207,71,161,3,20250630_204522
1751283848.300702,14213709,3638709504,3638.709504,211,73,162,3,20250630_204522
1751283848.310686,14213748,3638719488,3638.719488,215,71,163,3,20250630_204522
1751283848.32067,14213787,3638729472,3638.729472,219,71,164,3,20250630_204522
1751283848.330654,14213826,3638739456,3638.739456,223,72,165,3,20250630_204522
1751283848.3406382,14213865,3638749440,3638.74944,227,73,165,3,20250630_204522
1751283848.3506222,14213904,3638759424,3638.759424,230,72,166,3,20250630_204522
1751283848.3608625,14213944,3638769664,3638.769664,234,71,166,3,20250630_204522
1751283848.3708465,14213983,3638779648,3638.779648,238,71,166,3,20250630_204522
1751283848.3808303,14214022,3638789632,3638.789632,242,71,166,3,20250630_204522
1751283848.3908143,14214061,3638799616,3638.799616,246,69,166,3,20250630_204522
1751283848.4007983,14214100,3638809600,3638.8096,249,70,167,3,20250630_204522
1751283848.410782,14214139,3638819584,3638.819584,253,68,167,3,20250630_204522
1751283848.420766,14214178,3638829568,3638.829568,2,69,167,3,20250630_204522
1751283848.4310062,14214218,3638839808,3638.839808,6,68,167,3,20250630_204522
1751283848.4409902,14214257,3638849792,3638.849792,10,67,166,3,20250630_204522
1751283848.4509742,14214296,3638859776,3638.859776,14,68,167,3,20250630_204522
1751283848.4609582,14214335,3638869760,3638.86976,17,67,166,3,20250630_204522
1751283848.4709425,14214374,3638879744,3638.879744,21,66,166,3,20250630_204522
1751283848.4809265,14214413,3638889728,3638.889728,25,66,165,3,20250630_204522
1751283848.4909103,14214452,3638899712,3638.899712,29,65,164,3,20250630_204522
1751283848.50115,14214492,3638909952,3638.909952,33,65,161,3,20250630_204522
1751283848.511134,14214531,3638919936,3638.919936,37,64,161,3,20250630_204522
1751283848.5211182,14214570,3638929920,3638.92992,40,63,160,3,20250630_204522
1751283848.5311022,14214609,3638939904,3638.939904,44,61,156,3,20250630_204522
1751283848.5410862,14214648,3638949888,3638.949888,48,61,152,3,20250630_204522
1751283848.5510702,14214687,3638959872,3638.959872,52,60,145,3,20250630_204522
1751283848.5610542,14214726,3638969856,3638.969856,56,60,135,3,20250630_204522
1751283848.5712943,14214766,3638980096,3638.980096,60,60,127,3,20250630_204522
1751283848.5812783,14214805,3638990080,3638.99008,63,61,123,3,20250630_204522
1751283848.591262,14214844,3639000064,3639.000064,67,61,116,3,20250630_204522
1751283848.601246,14214883,3639010048,3639.010048,71,62,110,3,20250630_204522
1751283848.61123,14214922,3639020032,3639.020032,75,60,104,3,20250630_204522
1751283848.6212142,14214961,3639030016,3639.030016,79,62,102,3,20250630_204522
1751283848.6311982,14215000,3639040000,3639.04,83,61,98,3,20250630_204522
1751283848.6411822,14215039,3639049984,3639.049984,86,61,98,3,20250630_204522
1751283848.6511662,14215078,3639059968,3639.059968,90,60,98,3,20250630_204522
1751283848.6611502,14215117,3639069952,3639.069952,94,60,99,3,20250630_204522
1751283848.6711342,14215156,3639079936,3639.079936,98,58,103,3,20250630_204522
1751283848.6811182,14215195,3639089920,3639.08992,102,58,99,3,20250630_204522
1751283848.6911025,14215234,3639099904,3639.099904,106,58,100,3,20250630_204522
1751283848.7010863,14215273,3639109888,3639.109888,109,58,98,3,20250630_204522
1751283848.711326,14215313,3639120128,3639.120128,113,57,97,3,20250630_204522
1751283848.72131,14215352,3639130112,3639.130112,117,57,99,3,20250630_204522
1751283848.7312942,14215391,3639140096,3639.140096,121,56,100,3,20250630_204522
1751283848.7412782,14215430,3639150080,3639.15008,125,56,100,3,20250630_204522
1751283848.7512622,14215469,3639160064,3639.160064,128,56,102,3,20250630_204522
1751283848.7612462,14215508,3639170048,3639.170048,132,56,102,3,20250630_204522
1751283848.7712302,14215547,3639180032,3639.180032,136,56,102,3,20250630_204522
1751283848.7812142,14215586,3639190016,3639.190016,140,57,102,3,20250630_204522
1751283848.7911985,14215625,3639200000,3639.2,144,57,103,3,20250630_204522
1751283848.8011825,14215664,3639209984,3639.209984,148,57,104,3,20250630_204522
1751283848.8111663,14215703,3639219968,3639.219968,151,57,105,3,20250630_204522
1751283848.8211503,14215742,3639229952,3639.229952,155,57,108,3,20250630_204522
1751283848.8311343,14215781,3639239936,3639.239936,159,57,110,3,20250630_204522
1751283848.841118,14215820,3639249920,3639.24992,163,56,112,3,20250630_204522
1751283848.8513582,14215860,3639260160,3639.26016,167,56,116,3,20250630_204522
1751283848.8613422,14215899,3639270144,3639.270144,171,57,120,3,20250630_204522
1751283848.8713262,14215938,3639280128,3639.280128,174,56,125,3,20250630_204522
1751283848.8813102,14215977,3639290112,3639.290112,178,56,131,3,20250630_204522
1751283848.8912942,14216016,3639300096,3639.300096,182,56,137,3,20250630_204522
1751283848.9012785,14216055,3639310080,3639.31008,186,55,143,3,20250630_204522
1751283848.9112625,14216094,3639320064,3639.320064,190,55,148,3,20250630_204522
1751283848.9212463,14216133,3639330048,3639.330048,193,55,153,3,20250630_204522
1751283848.9312303,14216172,3639340032,3639.340032,197,54,159,3,20250630_204522
1751283848.9412143,14216211,3639350016,3639.350016,201,54,161,3,20250630_204522
1751283848.951198,14216250,3639360000,3639.36,205,56,161,3,20250630_204522
1751283848.961182,14216289,3639369984,3639.369984,209,55,162,3,20250630_204522
1751283848.971166,14216328,3639379968,3639.379968,213,55,164,3,20250630_204522
1751283848.9811502,14216367,3639389952,3639.389952,216,57,164,3,20250630_204522
1751283848.9911342,14216406,3639399936,3639.399936,220,57,164,3,20250630_204522
1751283849.0013742,14216446,3639410176,3639.410176,224,57,164,3,20250630_204522
1751283849.0113585,14216485,3639420160,3639.42016,228,57,165,3,20250630_204522
1751283849.0213425,14216524,3639430144,3639.430144,232,58,165,3,20250630_204522
1751283849.0313263,14216563,3639440128,3639.440128,236,57,165,3,20250630_204522
1751283849.0413103,14216602,3639450112,3639.450112,239,57,166,3,20250630_204522
1751283849.051294,14216641,3639460096,3639.460096,243,57,166,3,20250630_204522
1751283849.061278,14216680,3639470080,3639.47008,247,57,166,3,20250630_204522
1751283849.071262,14216719,3639480064,3639.480064,251,57,167,3,20250630_204522
1751283849.081246,14216758,3639490048,3639.490048,0,58,167,3,20250630_204522
1751283849.0912302,14216797,3639500032,3639.500032,3,57,167,3,20250630_204522
1751283849.1012142,14216836,3639510016,3639.510016,7,58,167,3,20250630_204522
1751283849.1111982,14216875,3639520000,3639.52,11,57,167,3,20250630_204522
1751283849.1211822,14216914,3639529984,3639.529984,15,57,167,3,20250630_204522
1751283849.1311662,14216953,3639539968,3639.539968,19,56,166,3,20250630_204522
1751283849.1414063,14216993,3639550208,3639.550208,23,57,166,3,20250630_204522
1751283849.1513903,14217032,3639560192,3639.560192,26,56,165,3,20250630_204522
1751283849.161374,14217071,3639570176,3639.570176,30,56,163,3,20250630_204522
1751283849.171358,14217110,3639580160,3639.58016,34,55,163,3,20250630_204522
1751283849.181342,14217149,3639590144,3639.590144,38,55,160,3,20250630_204522
1751283849.191326,14217188,3639600128,3639.600128,42,54,159,3,20250630_204522
1751283849.2013102,14217227,3639610112,3639.610112,46,53,155,3,20250630_204522
1751283849.2112942,14217266,3639620096,3639.620096,49,53,150,3,20250630_204522
1751283849.2212782,14217305,3639630080,3639.63008,53,53,144,3,20250630_204522
1751283849.2312622,14217344,3639640064,3639.640064,57,53,135,3,20250630_204522
1751283849.2412462,14217383,3639650048,3639.650048,61,53,127,3,20250630_204522
1751283849.2512302,14217422,3639660032,3639.660032,65,53,123,3,20250630_204522
1751283849.2612145,14217461,3639670016,3639.670016,68,54,116,3,20250630_204522
1751283849.2711985,14217500,3639680000,3639.68,72,54,110,3,20250630_204522
1751283849.281438,14217540,3639690240,3639.69024,76,54,105,3,20250630_204522
1751283849.291422,14217579,3639700224,3639.700224,80,55,102,3,20250630_204522
1751283849.301406,14217618,3639710208,3639.710208,84,55,97,3,20250630_204522
1751283849.3113902,14217657,3639720192,3639.720192,88,54,98,3,20250630_204522
1751283849.3213742,14217696,3639730176,3639.730176,91,55,98,3,20250630_204522
1751283849.3313582,14217735,3639740160,3639.74016,95,53,98,3,20250630_204522
1751283849.3413422,14217774,3639750144,3639.750144,99,53,100,3,20250630_204522
1751283849.3513262,14217813,3639760128,3639.760128,103,52,102,3,20250630_204522
1751283849.3613102,14217852,3639770112,3639.770112,107,52,100,3,20250630_204522
1751283849.3712945,14217891,3639780096,3639.780096,111,52,98,3,20250630_204522
1751283849.3812785,14217930,3639790080,3639.79008,114,52,99,3,20250630_204522
1751283849.3912623,14217969,3639800064,3639.800064,118,51,98,3,20250630_204522
1751283849.4012463,14218008,3639810048,3639.810048,122,51,98,3,20250630_204522
1751283849.41123,14218047,3639820032,3639.820032,126,51,99,3,20250630_204522
1751283849.4214702,14218087,3639830272,3639.830272,130,52,100,3,20250630_204522
1751283849.4314542,14218126,3639840256,3639.840256,133,51,100,3,20250630_204522
1751283849.4414382,14218165,3639850240,3639.85024,137,52,100,3,20250630_204522
1751283849.4514222,14218204,3639860224,3639.860224,141,51,101,3,20250630_204522
1751283849.4614062,14218243,3639870208,3639.870208,145,52,101,3,20250630_204522
1751283849.4713902,14218282,3639880192,3639.880192,149,51,102,3,20250630_204522
1751283849.4813745,14218321,3639890176,3639.890176,153,52,104,3,20250630_204522
1751283849.4913585,14218360,3639900160,3639.90016,156,52,105,3,20250630_204522
1751283849.5013423,14218399,3639910144,3639.910144,160,52,108,3,20250630_204522
1751283849.5113263,14218438,3639920128,3639.920128,164,51,109,3,20250630_204522
1751283849.52131,14218477,3639930112,3639.930112,168,51,112,3,20250630_204522
1751283849.531294,14218516,3639940096,3639.940096,172,51,117,3,20250630_204522
1751283849.541278,14218555,3639950080,3639.95008,176,50,121,3,20250630_204522
1751283849.551262,14218594,3639960064,3639.960064,179,51,127,3,20250630_204522
1751283849.5615022,14218634,3639970304,3639.970304,183,51,134,3,20250630_204522
1751283849.5714862,14218673,3639980288,3639.980288,187,51,141,3,20250630_204522
1751283849.5814705,14218712,3639990272,3639.990272,191,51,146,3,20250630_204522
1751283849.5914545,14218751,3640000256,3640.000256,195,50,151,3,20250630_204522
1751283849.6014383,14218790,3640010240,3640.01024,198,50,158,3,20250630_204522
1751283849.6114223,14218829,3640020224,3640.020224,202,50,160,3,20250630_204522
1751283849.6214063,14218868,3640030208,3640.030208,206,51,160,3,20250630_204522
1751283849.63139,14218907,3640040192,3640.040192,210,50,160,3,20250630_204522
1751283849.641374,14218946,3640050176,3640.050176,214,50,162,3,20250630_204522
1751283849.651358,14218985,3640060160,3640.06016,218,51,164,3,20250630_204522
1751283849.661342,14219024,3640070144,3640.070144,221,51,163,3,20250630_204522
1751283849.6713262,14219063,3640080128,3640.080128,225,51,163,3,20250630_204522
1751283849.6815662,14219103,3640090368,3640.090368,229,52,163,3,20250630_204522
1751283849.6915505,14219142,3640100352,3640.100352,233,52,164,3,20250630_204522
1751283849.7015345,14219181,3640110336,3640.110336,237,51,164,3,20250630_204522
1751283849.7115183,14219220,3640120320,3640.12032,241,51,165,3,20250630_204522
1751283849.7215023,14219259,3640130304,3640.130304,244,52,165,3,20250630_204522
1751283849.7314863,14219298,3640140288,3640.140288,248,51,166,3,20250630_204522
1751283849.74147,14219337,3640150272,3640.150272,252,52,166,3,20250630_204522
1751283849.751454,14219376,3640160256,3640.160256,1,52,166,3,20250630_204522
1751283849.761438,14219415,3640170240,3640.17024,5,52,166,3,20250630_204522
1751283849.771422,14219454,3640180224,3640.180224,9,51,166,3,20250630_204522
1751283849.7814062,14219493,3640190208,3640.190208,12,52,166,3,20250630_204522
1751283849.7913902,14219532,3640200192,3640.200192,16,51,165,3,20250630_204522
1751283849.8013742,14219571,3640210176,3640.210176,20,52,166,3,20250630_204522
1751283849.8116145,14219611,3640220416,3640.220416,24,51,165,3,20250630_204522
1751283849.8215983,14219650,3640230400,3640.2304,28,51,163,3,20250630_204522
1751283849.8315823,14219689,3640240384,3640.240384,31,50,160,3,20250630_204522
1751283849.8415663,14219728,3640250368,3640.250368,35,51,161,3,20250630_204522
1751283849.85155,14219767,3640260352,3640.260352,39,50,159,3,20250630_204522
1751283849.861534,14219806,3640270336,3640.270336,43,50,156,3,20250630_204522
1751283849.871518,14219845,3640280320,3640.28032,47,49,150,3,20250630_204522
1751283849.8815022,14219884,3640290304,3640.290304,51,50,146,3,20250630_204522
1751283849.8914862,14219923,3640300288,3640.300288,54,49,138,3,20250630_204522
1751283849.9014702,14219962,3640310272,3640.310272,58,49,127,3,20250630_204522
1751283849.9114542,14220001,3640320256,3640.320256,62,49,124,3,20250630_204522
1751283849.9214382,14220040,3640330240,3640.33024,66,49,117,3,20250630_204522
1751283849.9314222,14220079,3640340224,3640.340224,70,49,111,3,20250630_204522
1751283849.9414062,14220118,3640350208,3640.350208,73,49,105,3,20250630_204522
1751283849.9513905,14220157,3640360192,3640.360192,77,50,102,3,20250630_204522
1751283849.96163,14220197,3640370432,3640.370432,81,50,98,3,20250630_204522
1751283849.971614,14220236,3640380416,3640.380416,85,49,97,3,20250630_204522
1751283849.981598,14220275,3640390400,3640.3904,89,51,98,3,20250630_204522
1751283849.9915822,14220314,3640400384,3640.400384,93,49,99,3,20250630_204522
1751283850.0015662,14220353,3640410368,3640.410368,96,52,99,3,20250630_204522
1751283850.0115502,14220392,3640420352,3640.420352,100,48,100,3,20250630_204522
1751283850.0215342,14220431,3640430336,3640.430336,104,49,100,3,20250630_204522
1751283850.0315182,14220470,3640440320,3640.44032,108,48,97,3,20250630_204522
1751283850.0415022,14220509,3640450304,3640.450304,112,48,99,3,20250630_204522
1751283850.0514865,14220548,3640460288,3640.460288,116,48,100,3,20250630_204522
1751283850.0614705,14220587,3640470272,3640.470272,119,49,101,3,20250630_204522
1751283850.0714543,14220626,3640480256,3640.480256,123,48,102,3,20250630_204522
1751283850.0814383,14220665,3640490240,3640.49024,127,49,102,3,20250630_204522
1751283850.0914223,14220704,3640500224,3640.500224,131,47,102,3,20250630_204522
1751283850.1016622,14220744,3640510464,3640.510464,135,48,102,3,20250630_204522
1751283850.1116462,14220783,3640520448,3640.520448,139,48,101,3,20250630_204522
1751283850.1216302,14220822,3640530432,3640.530432,142,47,101,3,20250630_204522
1751283850.1316142,14220861,3640540416,3640.540416,146,47,103,3,20250630_204522
1751283850.1415982,14220900,3640550400,3640.5504,150,48,104,3,20250630_204522
1751283850.1515822,14220939,3640560384,3640.560384,154,47,106,3,20250630_204522
1751283850.1615665,14220978,3640570368,3640.570368,158,48,108,3,20250630_204522
1751283850.1715505,14221017,3640580352,3640.580352,161,47,110,3,20250630_204522
1751283850.1815343,14221056,3640590336,3640.590336,165,48,112,3,20250630_204522
1751283850.1915183,14221095,3640600320,3640.60032,169,47,115,3,20250630_204522
1751283850.2015023,14221134,3640610304,3640.610304,173,47,120,3,20250630_204522
1751283850.211486,14221173,3640620288,3640.620288,177,47,126,3,20250630_204522
1751283850.22147,14221212,3640630272,3640.630272,181,47,131,3,20250630_204522
1751283850.231454,14221251,3640640256,3640.640256,184,49,140,3,20250630_204522
1751283850.2414382,14221290,3640650240,3640.65024,188,47,144,3,20250630_204522
1751283850.2516782,14221330,3640660480,3640.66048,192,48,148,3,20250630_204522
1751283850.2616622,14221369,3640670464,3640.670464,196,47,154,3,20250630_204522
1751283850.2716465,14221408,3640680448,3640.680448,200,47,159,3,20250630_204522
1751283850.2816305,14221447,3640690432,3640.690432,204,47,159,3,20250630_204522
1751283850.2916143,14221486,3640700416,3640.700416,207,48,161,3,20250630_204522
1751283850.3015983,14221525,3640710400,3640.7104,211,48,162,3,20250630_204522
1751283850.311582,14221564,3640720384,3640.720384,215,48,164,3,20250630_204522
1751283850.321566,14221603,3640730368,3640.730368,219,48,165,3,20250630_204522
1751283850.33155,14221642,3640740352,3640.740352,223,48,165,3,20250630_204522
1751283850.341534,14221681,3640750336,3640.750336,226,48,163,3,20250630_204522
1751283850.3515182,14221720,3640760320,3640.76032,230,49,165,3,20250630_204522
1751283850.3615022,14221759,3640770304,3640.770304,234,48,166,3,20250630_204522
1751283850.3714862,14221798,3640780288,3640.780288,238,49,165,3,20250630_204522
1751283850.3814702,14221837,3640790272,3640.790272,242,49,166,3,20250630_204522
1751283850.3917103,14221877,3640800512,3640.800512,246,48,165,3,20250630_204522
1751283850.4016943,14221916,3640810496,3640.810496,249,49,167,3,20250630_204522
1751283850.4116783,14221955,3640820480,3640.82048,253,49,167,3,20250630_204522
1751283850.421662,14221994,3640830464,3640.830464,2,49,167,3,20250630_204522
1751283850.431646,14222033,3640840448,3640.840448,6,49,167,3,20250630_204522
1751283850.44163,14222072,3640850432,3640.850432,10,49,168,3,20250630_204522
1751283850.451614,14222111,3640860416,3640.860416,14,48,167,3,20250630_204522
1751283850.4615982,14222150,3640870400,3640.8704,17,49,167,3,20250630_204522
1751283850.4715822,14222189,3640880384,3640.880384,21,49,166,3,20250630_204522
1751283850.4815662,14222228,3640890368,3640.890368,25,48,165,3,20250630_204522
1751283850.4915502,14222267,3640900352,3640.900352,29,48,165,3,20250630_204522
1751283850.5015342,14222306,3640910336,3640.910336,33,47,162,3,20250630_204522
1751283850.5115182,14222345,3640920320,3640.92032,36,48,163,3,20250630_204522
1751283850.5215025,14222384,3640930304,3640.930304,40,47,160,3,20250630_204522
1751283850.531742,14222424,3640940544,3640.940544,44,47,158,3,20250630_204522
1751283850.541726,14222463,3640950528,3640.950528,48,47,154,3,20250630_204522
1751283850.55171,14222502,3640960512,3640.960512,52,47,147,3,20250630_204522
1751283850.561694,14222541,3640970496,3640.970496,56,46,138,3,20250630_204522
1751283850.5716782,14222580,3640980480,3640.98048,59,46,128,3,20250630_204522
1751283850.5816622,14222619,3640990464,3640.990464,63,46,123,3,20250630_204522
1751283850.5916462,14222658,3641000448,3641.000448,67,46,116,3,20250630_204522
1751283850.6016302,14222697,3641010432,3641.010432,71,47,110,3,20250630_204522
1751283850.6116142,14222736,3641020416,3641.020416,75,47,104,3,20250630_204522
1751283850.6215982,14222775,3641030400,3641.0304,79,47,100,3,20250630_204522
1751283850.6315825,14222814,3641040384,3641.040384,82,47,98,3,20250630_204522
1751283850.6415665,14222853,3641050368,3641.050368,86,47,98,3,20250630_204522
1751283850.6515503,14222892,3641060352,3641.060352,90,48,99,3,20250630_204522
1751283850.6615343,14222931,3641070336,3641.070336,94,47,98,3,20250630_204522
1751283850.671518,14222970,3641080320,3641.08032,98,47,98,3,20250630_204522
1751283850.6817582,14223010,3641090560,3641.09056,101,46,97,3,20250630_204522
1751283850.6917422,14223049,3641100544,3641.100544,105,46,98,3,20250630_204522
1751283850.7017262,14223088,3641110528,3641.110528,109,47,98,3,20250630_204522
1751283850.7117102,14223127,3641120512,3641.120512,113,47,99,3,20250630_204522
1751283850.7216942,14223166,3641130496,3641.130496,117,47,100,3,20250630_204522
1751283850.7316782,14223205,3641140480,3641.14048,121,46,100,3,20250630_204522
1751283850.7416625,14223244,3641150464,3641.150464,124,47,100,3,20250630_204522
1751283850.7516465,14223283,3641160448,3641.160448,128,47,100,3,20250630_204522
1751283850.7616303,14223322,3641170432,3641.170432,132,46,100,3,20250630_204522
1751283850.7716143,14223361,3641180416,3641.180416,136,47,102,3,20250630_204522
1751283850.781598,14223400,3641190400,3641.1904,140,47,103,3,20250630_204522
1751283850.791582,14223439,3641200384,3641.200384,144,46,104,3,20250630_204522
1751283850.801566,14223478,3641210368,3641.210368,147,47,104,3,20250630_204522
1751283850.81155,14223517,3641220352,3641.220352,151,46,106,3,20250630_204522
1751283850.8215342,14223556,3641230336,3641.230336,155,46,108,3,20250630_204522
1751283850.8317742,14223596,3641240576,3641.240576,159,46,110,3,20250630_204522
1751283850.8417585,14223635,3641250560,3641.25056,163,45,111,3,20250630_204522
1751283850.8517425,14223674,3641260544,3641.260544,166,46,115,3,20250630_204522
1751283850.8617263,14223713,3641270528,3641.270528,170,46,118,3,20250630_204522
1751283850.8717103,14223752,3641280512,3641.280512,174,46,124,3,20250630_204522
1751283850.8816943,14223791,3641290496,3641.290496,178,45,127,3,20250630_204522
1751283850.891678,14223830,3641300480,3641.30048,182,46,135,3,20250630_204522
1751283850.901662,14223869,3641310464,3641.310464,186,46,142,3,20250630_204522
1751283850.911646,14223908,3641320448,3641.320448,189,46,144,3,20250630_204522
1751283850.92163,14223947,3641330432,3641.330432,193,46,150,3,20250630_204522
1751283850.9316142,14223986,3641340416,3641.340416,197,47,157,3,20250630_204522
1751283850.9415982,14224025,3641350400,3641.3504,201,45,159,3,20250630_204522
1751283850.9515822,14224064,3641360384,3641.360384,205,47,162,3,20250630_204522
1751283850.9615662,14224103,3641370368,3641.370368,209,46,161,3,20250630_204522
1751283850.9715502,14224142,3641380352,3641.380352,212,47,163,3,20250630_204522
1751283850.9817903,14224182,3641390592,3641.390592,216,46,164,3,20250630_204522
1751283850.9917743,14224221,3641400576,3641.400576,220,47,165,3,20250630_204522
1751283851.001758,14224260,3641410560,3641.41056,224,47,166,3,20250630_204522
1751283851.011742,14224299,3641420544,3641.420544,228,47,165,3,20250630_204522
1751283851.021726,14224338,3641430528,3641.430528,231,47,165,3,20250630_204522
1751283851.03171,14224377,3641440512,3641.440512,235,47,166,3,20250630_204522
1751283851.0416942,14224416,3641450496,3641.450496,239,47,166,3,20250630_204522
1751283851.0516782,14224455,3641460480,3641.46048,243,48,166,3,20250630_204522
1751283851.0616622,14224494,3641470464,3641.470464,247,48,167,3,20250630_204522
1751283851.0716462,14224533,3641480448,3641.480448,251,47,168,3,20250630_204522
1751283851.0816302,14224572,3641490432,3641.490432,254,48,168,3,20250630_204522
1751283851.0916142,14224611,3641500416,3641.500416,3,48,168,3,20250630_204522
1751283851.1015985,14224650,3641510400,3641.5104,7,49,168,3,20250630_204522
1751283851.1115825,14224689,3641520384,3641.520384,11,48,169,3,20250630_204522
1751283851.121822,14224729,3641530624,3641.530624,15,48,168,3,20250630_204522
1751283851.131806,14224768,3641540608,3641.540608,19,48,168,3,20250630_204522
1751283851.1417902,14224807,3641550592,3641.550592,22,49,167,3,20250630_204522
1751283851.1517742,14224846,3641560576,3641.560576,26,48,166,3,20250630_204522
1751283851.1617582,14224885,3641570560,3641.57056,30,48,164,3,20250630_204522
1751283851.1717422,14224924,3641580544,3641.580544,34,48,163,3,20250630_204522
1751283851.1817262,14224963,3641590528,3641.590528,38,48,162,3,20250630_204522
1751283851.1917102,14225002,3641600512,3641.600512,41,47,159,3,20250630_204522
1751283851.2016945,14225041,3641610496,3641.610496,45,47,157,3,20250630_204522
1751283851.2116785,14225080,3641620480,3641.62048,49,47,152,3,20250630_204522
1751283851.2216623,14225119,3641630464,3641.630464,53,46,146,3,20250630_204522
1751283851.2316463,14225158,3641640448,3641.640448,57,47,136,3,20250630_204522
1751283851.2416303,14225197,3641650432,3641.650432,61,46,127,3,20250630_204522
1751283851.251614,14225236,3641660416,3641.660416,64,47,123,3,20250630_204522
1751283851.261598,14225275,3641670400,3641.6704,68,46,115,3,20250630_204522
1751283851.2718382,14225315,3641680640,3641.68064,72,47,110,3,20250630_204522
1751283851.2818222,14225354,3641690624,3641.690624,76,48,105,3,20250630_204522
1751283851.2918062,14225393,3641700608,3641.700608,80,47,100,3,20250630_204522
1751283851.3017902,14225432,3641710592,3641.710592,84,47,98,3,20250630_204522
1751283851.3117745,14225471,3641720576,3641.720576,87,47,98,3,20250630_204522
1751283851.3217585,14225510,3641730560,3641.73056,91,47,98,3,20250630_204522
1751283851.3317423,14225549,3641740544,3641.740544,95,47,99,3,20250630_204522
1751283851.3417263,14225588,3641750528,3641.750528,99,46,98,3,20250630_204522
1751283851.3517103,14225627,3641760512,3641.760512,103,47,99,3,20250630_204522
1751283851.361694,14225666,3641770496,3641.770496,106,46,98,3,20250630_204522
1751283851.371678,14225705,3641780480,3641.78048,110,47,99,3,20250630_204522
1751283851.381662,14225744,3641790464,3641.790464,114,46,98,3,20250630_204522
1751283851.391646,14225783,3641800448,3641.800448,118,47,97,3,20250630_204522
1751283851.4016302,14225822,3641810432,3641.810432,122,47,98,3,20250630_204522
1751283851.4118702,14225862,3641820672,3641.820672,126,47,99,3,20250630_204522
1751283851.4218545,14225901,3641830656,3641.830656,129,46,98,3,20250630_204522
1751283851.4318385,14225940,3641840640,3641.84064,133,46,98,3,20250630_204522
1751283851.4418223,14225979,3641850624,3641.850624,137,47,99,3,20250630_204522
1751283851.4518063,14226018,3641860608,3641.860608,141,46,99,3,20250630_204522
1751283851.4617903,14226057,3641870592,3641.870592,145,47,101,3,20250630_204522
1751283851.471774,14226096,3641880576,3641.880576,149,46,102,3,20250630_204522
1751283851.481758,14226135,3641890560,3641.89056,152,47,104,3,20250630_204522
1751283851.491742,14226174,3641900544,3641.900544,156,47,105,3,20250630_204522
1751283851.5017262,14226213,3641910528,3641.910528,160,46,106,3,20250630_204522
1751283851.5117102,14226252,3641920512,3641.920512,164,46,108,3,20250630_204522
1751283851.5216942,14226291,3641930496,3641.930496,168,46,110,3,20250630_204522
1751283851.5316782,14226330,3641940480,3641.94048,171,46,114,3,20250630_204522
1751283851.5416622,14226369,3641950464,3641.950464,175,45,118,3,20250630_204522
1751283851.5519023,14226409,3641960704,3641.960704,179,46,125,3,20250630_204522
1751283851.5618863,14226448,3641970688,3641.970688,183,46,129,3,20250630_204522
1751283851.57187,14226487,3641980672,3641.980672,187,46,135,3,20250630_204522
1751283851.581854,14226526,3641990656,3641.990656,191,46,142,3,20250630_204522
1751283851.591838,14226565,3642000640,3642.00064,194,46,146,3,20250630_204522
1751283851.601822,14226604,3642010624,3642.010624,198,46,152,3,20250630_204522
1751283851.6118062,14226643,3642020608,3642.020608,202,46,159,3,20250630_204522
1751283851.6217902,14226682,3642030592,3642.030592,206,46,160,3,20250630_204522
1751283851.6317742,14226721,3642040576,3642.040576,210,47,161,3,20250630_204522
1751283851.6417582,14226760,3642050560,3642.05056,214,47,161,3,20250630_204522
1751283851.6517422,14226799,3642060544,3642.060544,217,47,162,3,20250630_204522
1751283851.6617262,14226838,3642070528,3642.070528,221,47,163,3,20250630_204522
1751283851.6717105,14226877,3642080512,3642.080512,225,47,163,3,20250630_204522
1751283851.6816945,14226916,3642090496,3642.090496,229,47,164,3,20250630_204522
1751283851.6916783,14226955,3642100480,3642.10048,233,48,164,3,20250630_204522
1751283851.701918,14226995,3642110720,3642.11072,236,47,165,3,20250630_204522
1751283851.711902,14227034,3642120704,3642.120704,240,48,165,3,20250630_204522
1751283851.7218862,14227073,3642130688,3642.130688,244,47,164,3,20250630_204522
1751283851.7318702,14227112,3642140672,3642.140672,248,48,164,3,20250630_204522
1751283851.7418542,14227151,3642150656,3642.150656,252,49,166,3,20250630_204522
1751283851.7518382,14227190,3642160640,3642.16064,1,49,166,3,20250630_204522
1751283851.7618222,14227229,3642170624,3642.170624,4,49,166,3,20250630_204522
1751283851.7718062,14227268,3642180608,3642.180608,8,49,167,3,20250630_204522
1751283851.7817905,14227307,3642190592,3642.190592,12,50,166,3,20250630_204522
1751283851.7917745,14227346,3642200576,3642.200576,16,49,166,3,20250630_204522
1751283851.8017583,14227385,3642210560,3642.21056,20,49,165,3,20250630_204522
1751283851.8117423,14227424,3642220544,3642.220544,24,49,164,3,20250630_204522
1751283851.8217263,14227463,3642230528,3642.230528,27,49,163,3,20250630_204522
1751283851.83171,14227502,3642240512,3642.240512,31,48,162,3,20250630_204522
1751283851.8419502,14227542,3642250752,3642.250752,35,49,161,3,20250630_204522
1751283851.8519342,14227581,3642260736,3642.260736,39,48,159,3,20250630_204522
1751283851.8619182,14227620,3642270720,3642.27072,43,50,158,3,20250630_204522
1751283851.8719022,14227659,3642280704,3642.280704,46,48,150,3,20250630_204522
1751283851.8818862,14227698,3642290688,3642.290688,50,48,144,3,20250630_204522
1751283851.8918705,14227737,3642300672,3642.300672,54,48,137,3,20250630_204522
1751283851.9018545,14227776,3642310656,3642.310656,58,48,127,3,20250630_204522
1751283851.9118383,14227815,3642320640,3642.32064,62,48,122,3,20250630_204522
1751283851.9218223,14227854,3642330624,3642.330624,66,48,115,3,20250630_204522
1751283851.931806,14227893,3642340608,3642.340608,69,48,110,3,20250630_204522
1751283851.94179,14227932,3642350592,3642.350592,73,48,104,3,20250630_204522
1751283851.951774,14227971,3642360576,3642.360576,77,48,100,3,20250630_204522
1751283851.961758,14228010,3642370560,3642.37056,81,47,98,3,20250630_204522
1751283851.9717422,14228049,3642380544,3642.380544,85,48,99,3,20250630_204522
1751283851.9819822,14228089,3642390784,3642.390784,89,49,98,3,20250630_204522
1751283851.9919662,14228128,3642400768,3642.400768,92,48,98,3,20250630_204522
1751283852.0019505,14228167,3642410752,3642.410752,96,47,101,3,20250630_204522
1751283852.0119345,14228206,3642420736,3642.420736,100,48,99,3,20250630_204522
1751283852.0219183,14228245,3642430720,3642.43072,104,47,96,3,20250630_204522
1751283852.0319023,14228284,3642440704,3642.440704,108,48,98,3,20250630_204522
1751283852.041886,14228323,3642450688,3642.450688,111,48,99,3,20250630_204522
1751283852.05187,14228362,3642460672,3642.460672,115,48,100,3,20250630_204522
1751283852.061854,14228401,3642470656,3642.470656,119,49,101,3,20250630_204522
1751283852.071838,14228440,3642480640,3642.48064,123,48,100,3,20250630_204522
1751283852.0818222,14228479,3642490624,3642.490624,127,48,100,3,20250630_204522
1751283852.0918062,14228518,3642500608,3642.500608,131,47,100,3,20250630_204522
1751283852.1017902,14228557,3642510592,3642.510592,134,48,99,3,20250630_204522
1751283852.1117742,14228596,3642520576,3642.520576,138,48,99,3,20250630_204522
1751283852.1217582,14228635,3642530560,3642.53056,142,48,100,3,20250630_204522
1751283852.1319983,14228675,3642540800,3642.5408,146,48,102,3,20250630_204522
1751283852.1419823,14228714,3642550784,3642.550784,150,48,103,3,20250630_204522
1751283852.151966,14228753,3642560768,3642.560768,154,48,104,3,20250630_204522
1751283852.16195,14228792,3642570752,3642.570752,157,48,105,3,20250630_204522
1751283852.171934,14228831,3642580736,3642.580736,161,48,107,3,20250630_204522
1751283852.181918,14228870,3642590720,3642.59072,165,47,109,3,20250630_204522
1751283852.1919022,14228909,3642600704,3642.600704,169,48,112,3,20250630_204522
1751283852.2018862,14228948,3642610688,3642.610688,173,48,115,3,20250630_204522
1751283852.2118702,14228987,3642620672,3642.620672,176,47,120,3,20250630_204522
1751283852.2218542,14229026,3642630656,3642.630656,180,48,126,3,20250630_204522
1751283852.2318382,14229065,3642640640,3642.64064,184,47,131,3,20250630_204522
1751283852.2418222,14229104,3642650624,3642.650624,188,48,137,3,20250630_204522
1751283852.2518065,14229143,3642660608,3642.660608,192,48,142,3,20250630_204522
1751283852.2617905,14229182,3642670592,3642.670592,196,48,147,3,20250630_204522
1751283852.27203,14229222,3642680832,3642.680832,199,49,154,3,20250630_204522
1751283852.282014,14229261,3642690816,3642.690816,203,47,158,3,20250630_204522
1751283852.291998,14229300,3642700800,3642.7008,207,48,161,3,20250630_204522
1751283852.3019822,14229339,3642710784,3642.710784,211,48,160,3,20250630_204522
1751283852.3119662,14229378,3642720768,3642.720768,215,49,161,3,20250630_204522
1751283852.3219502,14229417,3642730752,3642.730752,219,48,162,3,20250630_204522
1751283852.3319342,14229456,3642740736,3642.740736,222,49,163,3,20250630_204522
1751283852.3419182,14229495,3642750720,3642.75072,226,49,163,3,20250630_204522
1751283852.3519022,14229534,3642760704,3642.760704,230,50,165,3,20250630_204522
1751283852.3618865,14229573,3642770688,3642.770688,234,50,164,3,20250630_204522
1751283852.3718705,14229612,3642780672,3642.780672,238,50,164,3,20250630_204522
1751283852.3818543,14229651,3642790656,3642.790656,241,49,164,3,20250630_204522
1751283852.3918383,14229690,3642800640,3642.80064,245,50,164,3,20250630_204522
1751283852.401822,14229729,3642810624,3642.810624,249,50,166,3,20250630_204522
1751283852.411806,14229768,3642820608,3642.820608,253,50,165,3,20250630_204522
1751283852.4220462,14229808,3642830848,3642.830848,2,51,165,3,20250630_204522
1751283852.4320302,14229847,3642840832,3642.840832,6,50,166,3,20250630_204522
1751283852.4420142,14229886,3642850816,3642.850816,9,51,167,3,20250630_204522
1751283852.4519982,14229925,3642860800,3642.8608,13,50,166,3,20250630_204522
1751283852.4619825,14229964,3642870784,3642.870784,17,51,167,3,20250630_204522
1751283852.4719665,14230003,3642880768,3642.880768,21,51,166,3,20250630_204522
1751283852.4819503,14230042,3642890752,3642.890752,25,51,164,3,20250630_204522
1751283852.4919343,14230081,3642900736,3642.900736,29,51,164,3,20250630_204522
1751283852.5019183,14230120,3642910720,3642.91072,32,50,162,3,20250630_204522
1751283852.511902,14230159,3642920704,3642.920704,36,51,162,3,20250630_204522
1751283852.521886,14230198,3642930688,3642.930688,40,50,160,3,20250630_204522
1751283852.53187,14230237,3642940672,3642.940672,44,50,157,3,20250630_204522
1751283852.541854,14230276,3642950656,3642.950656,48,50,153,3,20250630_204522
1751283852.5518382,14230315,3642960640,3642.96064,51,50,147,3,20250630_204522
1751283852.5620782,14230355,3642970880,3642.97088,55,49,138,3,20250630_204522
1751283852.5720625,14230394,3642980864,3642.980864,59,50,130,3,20250630_204522
1751283852.5820465,14230433,3642990848,3642.990848,63,50,125,3,20250630_204522
1751283852.5920303,14230472,3643000832,3643.000832,67,50,117,3,20250630_204522
1751283852.6020143,14230511,3643010816,3643.010816,71,50,112,3,20250630_204522
1751283852.6119983,14230550,3643020800,3643.0208,74,50,106,3,20250630_204522
1751283852.621982,14230589,3643030784,3643.030784,78,50,101,3,20250630_204522
1751283852.631966,14230628,3643040768,3643.040768,82,50,98,3,20250630_204522
1751283852.64195,14230667,3643050752,3643.050752,86,49,98,3,20250630_204522
1751283852.651934,14230706,3643060736,3643.060736,90,51,98,3,20250630_204522
1751283852.6619182,14230745,3643070720,3643.07072,94,50,99,3,20250630_204522
1751283852.6719022,14230784,3643080704,3643.080704,97,50,99,3,20250630_204522
1751283852.6818862,14230823,3643090688,3643.090688,101,49,99,3,20250630_204522
1751283852.6918702,14230862,3643100672,3643.100672,105,50,99,3,20250630_204522
1751283852.7018542,14230901,3643110656,3643.110656,109,50,98,3,20250630_204522
1751283852.7120943,14230941,3643120896,3643.120896,113,50,97,3,20250630_204522
1751283852.7220783,14230980,3643130880,3643.13088,116,50,98,3,20250630_204522
1751283852.732062,14231019,3643140864,3643.140864,120,50,98,3,20250630_204522
1751283852.742046,14231058,3643150848,3643.150848,124,50,100,3,20250630_204522
1751283852.75203,14231097,3643160832,3643.160832,128,50,99,3,20250630_204522
1751283852.7620142,14231136,3643170816,3643.170816,132,51,100,3,20250630_204522
1751283852.7719982,14231175,3643180800,3643.1808,136,50,99,3,20250630_204522
1751283852.7819822,14231214,3643190784,3643.190784,139,51,101,3,20250630_204522
1751283852.7919662,14231253,3643200768,3643.200768,143,50,103,3,20250630_204522
1751283852.8019502,14231292,3643210752,3643.210752,147,51,102,3,20250630_204522
1751283852.8119342,14231331,3643220736,3643.220736,151,50,105,3,20250630_204522
1751283852.8219182,14231370,3643230720,3643.23072,155,51,106,3,20250630_204522
1751283852.8319025,14231409,3643240704,3643.240704,159,50,108,3,20250630_204522
1751283852.8418863,14231448,3643250688,3643.250688,162,49,109,3,20250630_204522
1751283852.8518703,14231487,3643260672,3643.260672,166,50,111,3,20250630_204522
1751283852.86211,14231527,3643270912,3643.270912,170,51,115,3,20250630_204522
1751283852.8720942,14231566,3643280896,3643.280896,174,50,119,3,20250630_204522
1751283852.8820782,14231605,3643290880,3643.29088,178,50,125,3,20250630_204522
1751283852.8920622,14231644,3643300864,3643.300864,181,51,130,3,20250630_204522
1751283852.9020462,14231683,3643310848,3643.310848,185,50,137,3,20250630_204522
1751283852.9120302,14231722,3643320832,3643.320832,189,51,142,3,20250630_204522
1751283852.9220142,14231761,3643330816,3643.330816,193,51,148,3,20250630_204522
1751283852.9319985,14231800,3643340800,3643.3408,197,51,152,3,20250630_204522
1751283852.9419825,14231839,3643350784,3643.350784,201,51,159,3,20250630_204522
1751283852.9519663,14231878,3643360768,3643.360768,204,51,160,3,20250630_204522
1751283852.9619503,14231917,3643370752,3643.370752,208,51,160,3,20250630_204522
1751283852.9719343,14231956,3643380736,3643.380736,212,51,161,3,20250630_204522
1751283852.981918,14231995,3643390720,3643.39072,216,52,162,3,20250630_204522
1751283852.991902,14232034,3643400704,3643.400704,220,52,163,3,20250630_204522
1751283853.0021422,14232074,3643410944,3643.410944,224,52,164,3,20250630_204522
1751283853.0121262,14232113,3643420928,3643.420928,227,53,163,3,20250630_204522
1751283853.0221102,14232152,3643430912,3643.430912,231,53,163,3,20250630_204522
1751283853.0320942,14232191,3643440896,3643.440896,235,53,164,3,20250630_204522
1751283853.0420785,14232230,3643450880,3643.45088,239,53,165,3,20250630_204522
1751283853.0520625,14232269,3643460864,3643.460864,243,54,165,3,20250630_204522
1751283853.0620463,14232308,3643470848,3643.470848,247,54,163,3,20250630_204522
1751283853.0720303,14232347,3643480832,3643.480832,250,54,165,3,20250630_204522
1751283853.0820143,14232386,3643490816,3643.490816,254,54,165,3,20250630_204522
1751283853.091998,14232425,3643500800,3643.5008,3,54,166,3,20250630_204522
1751283853.101982,14232464,3643510784,3643.510784,7,55,166,3,20250630_204522
1751283853.111966,14232503,3643520768,3643.520768,11,54,167,3,20250630_204522
1751283853.12195,14232542,3643530752,3643.530752,14,55,167,3,20250630_204522
1751283853.1319342,14232581,3643540736,3643.540736,18,54,166,3,20250630_204522
1751283853.1421742,14232621,3643550976,3643.550976,22,55,165,3,20250630_204522
1751283853.1521585,14232660,3643560960,3643.56096,26,54,164,3,20250630_204522
1751283853.1621425,14232699,3643570944,3643.570944,30,55,164,3,20250630_204522
1751283853.1721263,14232738,3643580928,3643.580928,34,54,162,3,20250630_204522
1751283853.1821103,14232777,3643590912,3643.590912,37,54,160,3,20250630_204522
1751283853.192094,14232816,3643600896,3643.600896,41,54,159,3,20250630_204522
1751283853.202078,14232855,3643610880,3643.61088,45,53,156,3,20250630_204522
1751283853.212062,14232894,3643620864,3643.620864,49,54,150,3,20250630_204522
1751283853.222046,14232933,3643630848,3643.630848,53,53,142,3,20250630_204522
1751283853.2320302,14232972,3643640832,3643.640832,57,54,134,3,20250630_204522
1751283853.2420142,14233011,3643650816,3643.650816,60,53,127,3,20250630_204522
1751283853.2519982,14233050,3643660800,3643.6608,64,53,120,3,20250630_204522
1751283853.2619822,14233089,3643670784,3643.670784,68,52,113,3,20250630_204522
1751283853.2719662,14233128,3643680768,3643.680768,72,53,106,3,20250630_204522
1751283853.2819502,14233167,3643690752,3643.690752,76,53,103,3,20250630_204522
1751283853.2921903,14233207,3643700992,3643.700992,79,53,99,3,20250630_204522
1751283853.302174,14233246,3643710976,3643.710976,83,54,99,3,20250630_204522
1751283853.312158,14233285,3643720960,3643.72096,87,55,98,3,20250630_204522
1751283853.322142,14233324,3643730944,3643.730944,91,54,99,3,20250630_204522
1751283853.332126,14233363,3643740928,3643.740928,95,54,99,3,20250630_204522
1751283853.3421102,14233402,3643750912,3643.750912,99,53,80,3,20250630_204522
1751283853.3520942,14233441,3643760896,3643.760896,102,54,99,3,20250630_204522
1751283853.3620782,14233480,3643770880,3643.77088,106,53,98,3,20250630_204522
1751283853.3720622,14233519,3643780864,3643.780864,110,53,97,3,20250630_204522
1751283853.3820462,14233558,3643790848,3643.790848,114,53,99,3,20250630_204522
1751283853.3920302,14233597,3643800832,3643.800832,118,53,99,3,20250630_204522
1751283853.4020145,14233636,3643810816,3643.810816,122,54,101,3,20250630_204522
1751283853.4119985,14233675,3643820800,3643.8208,125,54,101,3,20250630_204522
1751283853.4219823,14233714,3643830784,3643.830784,129,54,101,3,20250630_204522
1751283853.432222,14233754,3643841024,3643.841024,133,53,100,3,20250630_204522
1751283853.442206,14233793,3643851008,3643.851008,137,54,99,3,20250630_204522
1751283853.4521902,14233832,3643860992,3643.860992,141,53,102,3,20250630_204522
1751283853.4621742,14233871,3643870976,3643.870976,144,54,103,3,20250630_204522
1751283853.4721582,14233910,3643880960,3643.88096,148,53,104,3,20250630_204522
1751283853.4821422,14233949,3643890944,3643.890944,152,53,105,3,20250630_204522
1751283853.4921262,14233988,3643900928,3643.900928,156,53,106,3,20250630_204522
1751283853.5021102,14234027,3643910912,3643.910912,160,53,108,3,20250630_204522
1751283853.5120945,14234066,3643920896,3643.920896,164,53,111,3,20250630_204522
1751283853.5220785,14234105,3643930880,3643.93088,167,53,113,3,20250630_204522
1751283853.5320623,14234144,3643940864,3643.940864,171,54,116,3,20250630_204522
1751283853.5420463,14234183,3643950848,3643.950848,175,53,122,3,20250630_204522
1751283853.5520303,14234222,3643960832,3643.960832,179,54,127,3,20250630_204522
1751283853.562014,14234261,3643970816,3643.970816,183,54,133,3,20250630_204522
1751283853.571998,14234300,3643980800,3643.9808,187,54,139,3,20250630_204522
1751283853.5822382,14234340,3643991040,3643.99104,190,54,144,3,20250630_204522
1751283853.5922222,14234379,3644001024,3644.001024,194,54,150,3,20250630_204522
1751283853.6022062,14234418,3644011008,3644.011008,198,54,156,3,20250630_204522
1751283853.6121902,14234457,3644020992,3644.020992,202,54,160,3,20250630_204522
1751283853.6221745,14234496,3644030976,3644.030976,206,54,161,3,20250630_204522
1751283853.6321585,14234535,3644040960,3644.04096,209,55,161,3,20250630_204522
1751283853.6421423,14234574,3644050944,3644.050944,213,55,161,3,20250630_204522
1751283853.6521263,14234613,3644060928,3644.060928,217,55,164,3,20250630_204522
1751283853.66211,14234652,3644070912,3644.070912,221,56,165,3,20250630_204522
1751283853.672094,14234691,3644080896,3644.080896,225,56,166,3,20250630_204522
1751283853.682078,14234730,3644090880,3644.09088,229,56,165,3,20250630_204522
1751283853.692062,14234769,3644100864,3644.100864,232,57,166,3,20250630_204522
1751283853.7020462,14234808,3644110848,3644.110848,236,57,165,3,20250630_204522
1751283853.7120302,14234847,3644120832,3644.120832,240,57,166,3,20250630_204522
1751283853.7222705,14234887,3644131072,3644.131072,244,58,166,3,20250630_204522
1751283853.7322545,14234926,3644141056,3644.141056,248,58,166,3,20250630_204522
1751283853.7422383,14234965,3644151040,3644.15104,252,58,167,3,20250630_204522
1751283853.7522223,14235004,3644161024,3644.161024,0,58,166,3,20250630_204522
1751283853.7622063,14235043,3644171008,3644.171008,4,59,166,3,20250630_204522
1751283853.77219,14235082,3644180992,3644.180992,8,58,168,3,20250630_204522
1751283853.782174,14235121,3644190976,3644.190976,12,58,167,3,20250630_204522
1751283853.792158,14235160,3644200960,3644.20096,16,58,166,3,20250630_204522
1751283853.802142,14235199,3644210944,3644.210944,19,59,167,3,20250630_204522
1751283853.8121262,14235238,3644220928,3644.220928,23,59,166,3,20250630_204522
1751283853.8221102,14235277,3644230912,3644.230912,27,58,164,3,20250630_204522
1751283853.8320942,14235316,3644240896,3644.240896,31,58,164,3,20250630_204522
1751283853.8420782,14235355,3644250880,3644.25088,35,58,162,3,20250630_204522
1751283853.8520622,14235394,3644260864,3644.260864,39,60,160,3,20250630_204522
1751283853.8620462,14235433,3644270848,3644.270848,42,57,159,3,20250630_204522
1751283853.8722863,14235473,3644281088,3644.281088,46,57,156,3,20250630_204522
1751283853.88227,14235512,3644291072,3644.291072,50,57,150,3,20250630_204522
1751283853.892254,14235551,3644301056,3644.301056,54,57,143,3,20250630_204522
1751283853.902238,14235590,3644311040,3644.31104,58,57,133,3,20250630_204522
1751283853.912222,14235629,3644321024,3644.321024,62,57,126,3,20250630_204522
1751283853.9222062,14235668,3644331008,3644.331008,65,56,119,3,20250630_204522
1751283853.9321902,14235707,3644340992,3644.340992,69,57,113,3,20250630_204522
1751283853.9421742,14235746,3644350976,3644.350976,73,57,106,3,20250630_204522
1751283853.9521582,14235785,3644360960,3644.36096,77,59,102,3,20250630_204522
1751283853.9621422,14235824,3644370944,3644.370944,81,57,99,3,20250630_204522
1751283853.9721262,14235863,3644380928,3644.380928,84,58,99,3,20250630_204522
1751283853.9821105,14235902,3644390912,3644.390912,88,58,98,3,20250630_204522
1751283853.9920945,14235941,3644400896,3644.400896,92,58,98,3,20250630_204522
1751283854.0020783,14235980,3644410880,3644.41088,96,54,98,3,20250630_204522
1751283854.012318,14236020,3644421120,3644.42112,100,58,101,3,20250630_204522
1751283854.0223022,14236059,3644431104,3644.431104,104,57,99,3,20250630_204522
1751283854.0322862,14236098,3644441088,3644.441088,107,57,98,3,20250630_204522
1751283854.0422702,14236137,3644451072,3644.451072,111,58,99,3,20250630_204522
1751283854.0522542,14236176,3644461056,3644.461056,115,58,99,3,20250630_204522
1751283854.0622382,14236215,3644471040,3644.47104,119,58,99,3,20250630_204522
1751283854.0722222,14236254,3644481024,3644.481024,123,58,99,3,20250630_204522
1751283854.0822062,14236293,3644491008,3644.491008,127,58,99,3,20250630_204522
1751283854.0921905,14236332,3644500992,3644.500992,130,57,98,3,20250630_204522
1751283854.1021743,14236371,3644510976,3644.510976,134,58,98,3,20250630_204522
1751283854.1121583,14236410,3644520960,3644.52096,138,57,100,3,20250630_204522
1751283854.1221423,14236449,3644530944,3644.530944,142,58,100,3,20250630_204522
1751283854.132126,14236488,3644540928,3644.540928,146,57,101,3,20250630_204522
1751283854.14211,14236527,3644550912,3644.550912,149,58,103,3,20250630_204522
1751283854.1523502,14236567,3644561152,3644.561152,153,58,103,3,20250630_204522
1751283854.1623342,14236606,3644571136,3644.571136,157,58,105,3,20250630_204522
1751283854.1723182,14236645,3644581120,3644.58112,161,59,107,3,20250630_204522
1751283854.1823022,14236684,3644591104,3644.591104,165,57,108,3,20250630_204522
1751283854.1922865,14236723,3644601088,3644.601088,169,58,110,3,20250630_204522
1751283854.2022705,14236762,3644611072,3644.611072,172,58,114,3,20250630_204522
1751283854.2122543,14236801,3644621056,3644.621056,176,58,119,3,20250630_204522
1751283854.2222383,14236840,3644631040,3644.63104,180,59,127,3,20250630_204522
1751283854.2322223,14236879,3644641024,3644.641024,184,60,132,3,20250630_204522
1751283854.242206,14236918,3644651008,3644.651008,188,59,137,3,20250630_204522
1751283854.25219,14236957,3644660992,3644.660992,192,59,142,3,20250630_204522
1751283854.262174,14236996,3644670976,3644.670976,195,59,149,3,20250630_204522
1751283854.272158,14237035,3644680960,3644.68096,199,59,156,3,20250630_204522
1751283854.2821422,14237074,3644690944,3644.690944,203,58,160,3,20250630_204522
1751283854.2921262,14237113,3644700928,3644.700928,207,60,162,3,20250630_204522
1751283854.3023665,14237153,3644711168,3644.711168,211,60,161,3,20250630_204522
1751283854.3123505,14237192,3644721152,3644.721152,214,61,161,3,20250630_204522
1751283854.3223343,14237231,3644731136,3644.731136,218,60,164,3,20250630_204522
1751283854.3323183,14237270,3644741120,3644.74112,222,61,163,3,20250630_204522
1751283854.3423023,14237309,3644751104,3644.751104,226,61,164,3,20250630_204522
1751283854.352286,14237348,3644761088,3644.761088,230,62,164,3,20250630_204522
1751283854.36227,14237387,3644771072,3644.771072,234,62,165,3,20250630_204522
1751283854.372254,14237426,3644781056,3644.781056,237,62,164,3,20250630_204522
1751283854.382238,14237465,3644791040,3644.79104,241,62,165,3,20250630_204522
1751283854.3922222,14237504,3644801024,3644.801024,245,63,166,3,20250630_204522
1751283854.4022062,14237543,3644811008,3644.811008,249,64,166,3,20250630_204522
1751283854.4121902,14237582,3644820992,3644.820992,253,63,166,3,20250630_204522
1751283854.4221742,14237621,3644830976,3644.830976,2,65,167,3,20250630_204522
1751283854.4321582,14237660,3644840960,3644.84096,5,63,167,3,20250630_204522
1751283854.4423983,14237700,3644851200,3644.8512,9,64,166,3,20250630_204522
1751283854.452382,14237739,3644861184,3644.861184,13,64,167,3,20250630_204522
1751283854.462366,14237778,3644871168,3644.871168,17,64,167,3,20250630_204522
1751283854.47235,14237817,3644881152,3644.881152,21,63,166,3,20250630_204522
1751283854.482334,14237856,3644891136,3644.891136,24,63,164,3,20250630_204522
1751283854.4923182,14237895,3644901120,3644.90112,28,63,163,3,20250630_204522
1751283854.5023022,14237934,3644911104,3644.911104,32,63,162,3,20250630_204522
1751283854.5122862,14237973,3644921088,3644.921088,36,63,162,3,20250630_204522
1751283854.5222702,14238012,3644931072,3644.931072,40,63,160,3,20250630_204522
1751283854.5322542,14238051,3644941056,3644.941056,44,62,157,3,20250630_204522
1751283854.5422382,14238090,3644951040,3644.95104,47,61,151,3,20250630_204522
1751283854.5522225,14238129,3644961024,3644.961024,51,62,146,3,20250630_204522
1751283854.5622065,14238168,3644971008,3644.971008,55,62,136,3,20250630_204522
1751283854.5721903,14238207,3644980992,3644.980992,59,62,127,3,20250630_204522
1751283854.5821743,14238246,3644990976,3644.990976,63,61,120,3,20250630_204522
1751283854.592414,14238286,3645001216,3645.001216,67,62,114,3,20250630_204522
1751283854.6023982,14238325,3645011200,3645.0112,70,62,108,3,20250630_204522
1751283854.6123822,14238364,3645021184,3645.021184,74,63,103,3,20250630_204522
1751283854.6223662,14238403,3645031168,3645.031168,78,62,98,3,20250630_204522
1751283854.6323502,14238442,3645041152,3645.041152,82,63,98,3,20250630_204522
1751283854.6423342,14238481,3645051136,3645.051136,86,63,98,3,20250630_204522
1751283854.6523182,14238520,3645061120,3645.06112,89,63,98,3,20250630_204522
1751283854.6623025,14238559,3645071104,3645.071104,93,62,98,3,20250630_204522
1751283854.6722865,14238598,3645081088,3645.081088,97,62,98,3,20250630_204522
1751283854.6822703,14238637,3645091072,3645.091072,101,62,99,3,20250630_204522
1751283854.6922543,14238676,3645101056,3645.101056,105,62,98,3,20250630_204522
1751283854.7022383,14238715,3645111040,3645.11104,109,61,98,3,20250630_204522
1751283854.712222,14238754,3645121024,3645.121024,112,63,100,3,20250630_204522
1751283854.722206,14238793,3645131008,3645.131008,116,63,100,3,20250630_204522
1751283854.7324462,14238833,3645141248,3645.141248,120,63,99,3,20250630_204522
1751283854.7424302,14238872,3645151232,3645.151232,124,63,99,3,20250630_204522
1751283854.7524142,14238911,3645161216,3645.161216,128,62,101,3,20250630_204522
1751283854.7623982,14238950,3645171200,3645.1712,132,63,101,3,20250630_204522
1751283854.7723825,14238989,3645181184,3645.181184,135,62,101,3,20250630_204522
1751283854.7823665,14239028,3645191168,3645.191168,139,62,100,3,20250630_204522
1751283854.7923503,14239067,3645201152,3645.201152,143,62,103,3,20250630_204522
1751283854.8023343,14239106,3645211136,3645.211136,147,62,104,3,20250630_204522
1751283854.8123183,14239145,3645221120,3645.22112,151,62,106,3,20250630_204522
1751283854.822302,14239184,3645231104,3645.231104,154,63,107,3,20250630_204522
1751283854.832286,14239223,3645241088,3645.241088,158,63,109,3,20250630_204522
1751283854.84227,14239262,3645251072,3645.251072,162,63,111,3,20250630_204522
1751283854.8522542,14239301,3645261056,3645.261056,166,63,113,3,20250630_204522
1751283854.8622382,14239340,3645271040,3645.27104,170,63,115,3,20250630_204522
1751283854.8722222,14239379,3645281024,3645.281024,174,64,121,3,20250630_204522
1751283854.8824625,14239419,3645291264,3645.291264,177,62,127,3,20250630_204522
1751283854.8924465,14239458,3645301248,3645.301248,181,64,132,3,20250630_204522
1751283854.9024303,14239497,3645311232,3645.311232,185,63,138,3,20250630_204522
1751283854.9124143,14239536,3645321216,3645.321216,189,64,143,3,20250630_204522
1751283854.922398,14239575,3645331200,3645.3312,193,64,148,3,20250630_204522
1751283854.932382,14239614,3645341184,3645.341184,197,65,155,3,20250630_204522
1751283854.942366,14239653,3645351168,3645.351168,200,64,160,3,20250630_204522
1751283854.95235,14239692,3645361152,3645.361152,204,65,161,3,20250630_204522
1751283854.9625902,14239732,3645371392,3645.371392,208,65,161,3,20250630_204522
1751283854.9725742,14239771,3645381376,3645.381376,212,66,161,3,20250630_204522
1751283854.9825585,14239810,3645391360,3645.39136,216,66,164,3,20250630_204522
1751283854.9925425,14239849,3645401344,3645.401344,220,68,164,3,20250630_204522
1751283855.0025263,14239888,3645411328,3645.411328,223,68,164,3,20250630_204522
1751283855.0125103,14239927,3645421312,3645.421312,227,69,164,3,20250630_204522
1751283855.02275,14239967,3645431552,3645.431552,231,70,164,3,20250630_204522
1751283855.0327342,14240006,3645441536,3645.441536,235,72,166,3,20250630_204522
1751283855.0427182,14240045,3645451520,3645.45152,239,72,164,3,20250630_204522
1751283855.0527022,14240084,3645461504,3645.461504,243,72,165,3,20250630_204522
1751283855.0626862,14240123,3645471488,3645.471488,246,73,166,3,20250630_204522
1751283855.0726702,14240162,3645481472,3645.481472,250,73,166,3,20250630_204522
1751283855.0826542,14240201,3645491456,3645.491456,254,74,167,3,20250630_204522
1751283855.0928943,14240241,3645501696,3645.501696,3,74,167,3,20250630_204522
1751283855.102878,14240280,3645511680,3645.51168,7,74,167,3,20250630_204522
1751283855.112862,14240319,3645521664,3645.521664,11,74,167,3,20250630_204522
1751283855.122846,14240358,3645531648,3645.531648,14,74,166,3,20250630_204522
1751283855.13283,14240397,3645541632,3645.541632,18,74,167,3,20250630_204522
1751283855.1428142,14240436,3645551616,3645.551616,22,74,167,3,20250630_204522
1751283855.1527982,14240475,3645561600,3645.5616,26,73,166,3,20250630_204522
1751283855.1630385,14240515,3645571840,3645.57184,30,73,166,3,20250630_204522
1751283855.1730225,14240554,3645581824,3645.581824,33,72,166,3,20250630_204522
1751283855.1830063,14240593,3645591808,3645.591808,37,71,165,3,20250630_204522
1751283855.1929903,14240632,3645601792,3645.601792,41,72,166,3,20250630_204522
1751283855.2029743,14240671,3645611776,3645.611776,45,70,165,3,20250630_204522
1751283855.212958,14240710,3645621760,3645.62176,49,71,164,3,20250630_204522
1751283855.222942,14240749,3645631744,3645.631744,53,72,163,3,20250630_204522
1751283855.2331822,14240789,3645641984,3645.641984,56,72,161,3,20250630_204522
1751283855.2431662,14240828,3645651968,3645.651968,60,74,160,3,20250630_204522
1751283855.2531502,14240867,3645661952,3645.661952,64,76,159,3,20250630_204522
1751283855.2631342,14240906,3645671936,3645.671936,68,76,159,3,20250630_204522
1751283855.2731185,14240945,3645681920,3645.68192,72,77,157,3,20250630_204522
1751283855.2831025,14240984,3645691904,3645.691904,76,73,155,3,20250630_204522
1751283855.2930863,14241023,3645701888,3645.701888,79,75,152,3,20250630_204522
1751283855.3030703,14241062,3645711872,3645.711872,83,78,151,3,20250630_204522
1751283855.3130543,14241101,3645721856,3645.721856,87,80,150,3,20250630_204522
1751283855.323038,14241140,3645731840,3645.73184,91,79,149,3,20250630_204522
1751283855.333022,14241179,3645741824,3645.741824,95,79,146,3,20250630_204522
1751283855.3432622,14241219,3645752064,3645.752064,99,78,142,3,20250630_204522
1751283855.3532462,14241258,3645762048,3645.762048,102,82,142,3,20250630_204522
1751283855.3632302,14241297,3645772032,3645.772032,106,81,138,3,20250630_204522
1751283855.3732142,14241336,3645782016,3645.782016,110,82,137,3,20250630_204522
1751283855.3831985,14241375,3645792000,3645.792,114,81,135,3,20250630_204522
1751283855.3931825,14241414,3645801984,3645.801984,118,80,135,3,20250630_204522
1751283855.4031663,14241453,3645811968,3645.811968,122,81,136,3,20250630_204522
1751283855.4131503,14241492,3645821952,3645.821952,125,81,138,3,20250630_204522
1751283855.423134,14241531,3645831936,3645.831936,129,81,139,3,20250630_204522
1751283855.433118,14241570,3645841920,3645.84192,133,80,142,3,20250630_204522
1751283855.443102,14241609,3645851904,3645.851904,137,80,143,3,20250630_204522
1751283855.453086,14241648,3645861888,3645.861888,141,79,144,3,20250630_204522
1751283855.4630702,14241687,3645871872,3645.871872,144,79,148,3,20250630_204522
1751283855.4730542,14241726,3645881856,3645.881856,148,77,150,3,20250630_204522
1751283855.4830382,14241765,3645891840,3645.89184,152,77,154,3,20250630_204522
1751283855.4932785,14241805,3645902080,3645.90208,156,76,156,3,20250630_204522
1751283855.5032623,14241844,3645912064,3645.912064,160,73,158,3,20250630_204522
1751283855.5132463,14241883,3645922048,3645.922048,164,72,159,3,20250630_204522
1751283855.5232303,14241922,3645932032,3645.932032,167,69,162,3,20250630_204522
1751283855.533214,14241961,3645942016,3645.942016,171,68,165,3,20250630_204522
1751283855.543198,14242000,3645952000,3645.952,175,68,166,3,20250630_204522
1751283855.553182,14242039,3645961984,3645.961984,179,68,166,3,20250630_204522
1751283855.563166,14242078,3645971968,3645.971968,183,68,167,3,20250630_204522
1751283855.5731502,14242117,3645981952,3645.981952,187,68,168,3,20250630_204522
1751283855.5831342,14242156,3645991936,3645.991936,190,66,167,3,20250630_204522
1751283855.5931182,14242195,3646001920,3646.00192,194,68,168,3,20250630_204522
1751283855.6031022,14242234,3646011904,3646.011904,198,68,168,3,20250630_204522
1751283855.6130862,14242273,3646021888,3646.021888,202,68,167,3,20250630_204522
1751283855.6230702,14242312,3646031872,3646.031872,206,69,168,3,20250630_204522
1751283855.6333103,14242352,3646042112,3646.042112,209,70,168,3,20250630_204522
1751283855.643294,14242391,3646052096,3646.052096,213,68,168,3,20250630_204522
1751283855.653278,14242430,3646062080,3646.06208,217,70,168,3,20250630_204522
1751283855.663262,14242469,3646072064,3646.072064,221,69,169,3,20250630_204522
1751283855.673246,14242508,3646082048,3646.082048,225,70,168,3,20250630_204522
1751283855.6832302,14242547,3646092032,3646.092032,229,71,169,3,20250630_204522
1751283855.6932142,14242586,3646102016,3646.102016,232,72,169,3,20250630_204522
1751283855.7031982,14242625,3646112000,3646.112,236,70,168,3,20250630_204522
1751283855.7131822,14242664,3646121984,3646.121984,240,71,169,3,20250630_204522
1751283855.7231662,14242703,3646131968,3646.131968,244,71,169,3,20250630_204522
1751283855.7331502,14242742,3646141952,3646.141952,248,72,169,3,20250630_204522
1751283855.7431345,14242781,3646151936,3646.151936,252,72,170,3,20250630_204522
1751283855.7531185,14242820,3646161920,3646.16192,0,72,168,3,20250630_204522
1751283855.7631023,14242859,3646171904,3646.171904,4,72,169,3,20250630_204522
1751283855.773342,14242899,3646182144,3646.182144,8,72,168,3,20250630_204522
1751283855.783326,14242938,3646192128,3646.192128,12,72,168,3,20250630_204522
1751283855.7933102,14242977,3646202112,3646.202112,16,72,169,3,20250630_204522
1751283855.8032942,14243016,3646212096,3646.212096,19,72,169,3,20250630_204522
1751283855.8132782,14243055,3646222080,3646.22208,23,72,168,3,20250630_204522
1751283855.8232622,14243094,3646232064,3646.232064,27,72,168,3,20250630_204522
1751283855.8332462,14243133,3646242048,3646.242048,31,72,167,3,20250630_204522
1751283855.8432302,14243172,3646252032,3646.252032,35,71,166,3,20250630_204522
1751283855.8532145,14243211,3646262016,3646.262016,39,72,166,3,20250630_204522
1751283855.8631985,14243250,3646272000,3646.272,42,72,164,3,20250630_204522
1751283855.8731823,14243289,3646281984,3646.281984,46,73,161,3,20250630_204522
1751283855.8831663,14243328,3646291968,3646.291968,50,72,158,3,20250630_204522
1751283855.89315,14243367,3646301952,3646.301952,54,73,152,3,20250630_204522
1751283855.903134,14243406,3646311936,3646.311936,58,73,146,3,20250630_204522
1751283855.9133742,14243446,3646322176,3646.322176,62,74,138,3,20250630_204522
1751283855.9233582,14243485,3646332160,3646.33216,65,72,130,3,20250630_204522
1751283855.9333422,14243524,3646342144,3646.342144,69,73,125,3,20250630_204522
1751283855.9433262,14243563,3646352128,3646.352128,73,72,118,3,20250630_204522
1751283855.9533105,14243602,3646362112,3646.362112,77,73,113,3,20250630_204522
1751283855.9632945,14243641,3646372096,3646.372096,81,71,108,3,20250630_204522
1751283855.9732783,14243680,3646382080,3646.38208,84,72,103,3,20250630_204522
1751283855.9832623,14243719,3646392064,3646.392064,88,71,100,3,20250630_204522
1751283855.9932463,14243758,3646402048,3646.402048,92,71,100,3,20250630_204522
1751283856.00323,14243797,3646412032,3646.412032,96,70,100,3,20250630_204522
1751283856.013214,14243836,3646422016,3646.422016,100,70,100,3,20250630_204522
1751283856.023198,14243875,3646432000,3646.432,104,69,99,3,20250630_204522
1751283856.033182,14243914,3646441984,3646.441984,107,70,99,3,20250630_204522
1751283856.0431662,14243953,3646451968,3646.451968,111,70,100,3,20250630_204522
1751283856.0531502,14243992,3646461952,3646.461952,115,70,99,3,20250630_204522
1751283856.0633905,14244032,3646472192,3646.472192,119,69,99,3,20250630_204522
1751283856.0733745,14244071,3646482176,3646.482176,123,69,100,3,20250630_204522
1751283856.0833583,14244110,3646492160,3646.49216,127,69,100,3,20250630_204522
1751283856.0933423,14244149,3646502144,3646.502144,130,69,101,3,20250630_204522
1751283856.1033263,14244188,3646512128,3646.512128,134,69,101,3,20250630_204522
1751283856.11331,14244227,3646522112,3646.522112,138,69,101,3,20250630_204522
1751283856.123294,14244266,3646532096,3646.532096,142,69,103,3,20250630_204522
1751283856.133278,14244305,3646542080,3646.54208,146,70,104,3,20250630_204522
1751283856.143262,14244344,3646552064,3646.552064,149,70,105,3,20250630_204522
1751283856.1532462,14244383,3646562048,3646.562048,153,70,105,3,20250630_204522
1751283856.1632302,14244422,3646572032,3646.572032,157,69,107,3,20250630_204522
1751283856.1732142,14244461,3646582016,3646.582016,161,69,109,3,20250630_204522
1751283856.1831982,14244500,3646592000,3646.592,165,68,110,3,20250630_204522
1751283856.1931822,14244539,3646601984,3646.601984,169,69,113,3,20250630_204522
1751283856.2031662,14244578,3646611968,3646.611968,172,70,118,3,20250630_204522
1751283856.2134063,14244618,3646622208,3646.622208,176,71,123,3,20250630_204522
1751283856.22339,14244657,3646632192,3646.632192,180,70,127,3,20250630_204522
1751283856.233374,14244696,3646642176,3646.642176,184,71,133,3,20250630_204522
1751283856.243358,14244735,3646652160,3646.65216,188,70,139,3,20250630_204522
1751283856.2533422,14244774,3646662144,3646.662144,192,72,145,3,20250630_204522
1751283856.2633262,14244813,3646672128,3646.672128,195,72,150,3,20250630_204522
1751283856.2733102,14244852,3646682112,3646.682112,199,73,156,3,20250630_204522
1751283856.2832942,14244891,3646692096,3646.692096,203,72,160,3,20250630_204522
1751283856.2932782,14244930,3646702080,3646.70208,207,74,161,3,20250630_204522
1751283856.3032622,14244969,3646712064,3646.712064,211,75,162,3,20250630_204522
1751283856.3132465,14245008,3646722048,3646.722048,214,76,163,3,20250630_204522
1751283856.3232305,14245047,3646732032,3646.732032,218,76,162,3,20250630_204522
1751283856.3332143,14245086,3646742016,3646.742016,222,77,164,3,20250630_204522
1751283856.3431983,14245125,3646752000,3646.752,226,77,164,3,20250630_204522
1751283856.353438,14245165,3646762240,3646.76224,230,78,166,3,20250630_204522
1751283856.3634222,14245204,3646772224,3646.772224,234,78,167,3,20250630_204522
1751283856.3734062,14245243,3646782208,3646.782208,237,79,167,3,20250630_204522
1751283856.3833902,14245282,3646792192,3646.792192,241,78,167,3,20250630_204522
1751283856.3933742,14245321,3646802176,3646.802176,245,79,167,3,20250630_204522
1751283856.4033582,14245360,3646812160,3646.81216,249,78,167,3,20250630_204522
1751283856.4133422,14245399,3646822144,3646.822144,253,77,167,3,20250630_204522
1751283856.4233265,14245438,3646832128,3646.832128,2,77,166,3,20250630_204522
1751283856.4333105,14245477,3646842112,3646.842112,5,77,167,3,20250630_204522
1751283856.4432943,14245516,3646852096,3646.852096,9,77,167,3,20250630_204522
1751283856.4532783,14245555,3646862080,3646.86208,13,78,167,3,20250630_204522
1751283856.4632623,14245594,3646872064,3646.872064,17,78,167,3,20250630_204522
1751283856.473246,14245633,3646882048,3646.882048,21,77,167,3,20250630_204522
1751283856.48323,14245672,3646892032,3646.892032,24,77,164,3,20250630_204522
1751283856.493214,14245711,3646902016,3646.902016,28,77,164,3,20250630_204522
1751283856.5034542,14245751,3646912256,3646.912256,32,76,163,3,20250630_204522
1751283856.5134382,14245790,3646922240,3646.92224,36,75,161,3,20250630_204522
1751283856.5234222,14245829,3646932224,3646.932224,40,73,157,3,20250630_204522
1751283856.5334065,14245868,3646942208,3646.942208,44,74,152,3,20250630_204522
1751283856.5433905,14245907,3646952192,3646.952192,47,74,145,3,20250630_204522
1751283856.5533743,14245946,3646962176,3646.962176,51,74,136,3,20250630_204522
1751283856.5633583,14245985,3646972160,3646.97216,55,73,128,3,20250630_204522
1751283856.5733423,14246024,3646982144,3646.982144,59,74,121,3,20250630_204522
1751283856.583326,14246063,3646992128,3646.992128,63,74,115,3,20250630_204522
1751283856.59331,14246102,3647002112,3647.002112,67,75,107,3,20250630_204522
1751283856.603294,14246141,3647012096,3647.012096,70,75,103,3,20250630_204522
1751283856.6132782,14246180,3647022080,3647.02208,74,76,100,3,20250630_204522
1751283856.6232622,14246219,3647032064,3647.032064,78,75,99,3,20250630_204522
1751283856.6332462,14246258,3647042048,3647.042048,82,77,99,3,20250630_204522
1751283856.6434865,14246298,3647052288,3647.052288,86,74,98,3,20250630_204522
1751283856.6534705,14246337,3647062272,3647.062272,89,76,99,3,20250630_204522
1751283856.6634543,14246376,3647072256,3647.072256,93,76,100,3,20250630_204522
1751283856.6734383,14246415,3647082240,3647.08224,97,75,100,3,20250630_204522
1751283856.683422,14246454,3647092224,3647.092224,101,73,98,3,20250630_204522
1751283856.693406,14246493,3647102208,3647.102208,105,73,98,3,20250630_204522
1751283856.70339,14246532,3647112192,3647.112192,109,72,99,3,20250630_204522
1751283856.713374,14246571,3647122176,3647.122176,112,73,100,3,20250630_204522
1751283856.7233582,14246610,3647132160,3647.13216,116,73,100,3,20250630_204522
1751283856.7333422,14246649,3647142144,3647.142144,120,73,100,3,20250630_204522
1751283856.7433262,14246688,3647152128,3647.152128,124,73,101,3,20250630_204522
1751283856.7533102,14246727,3647162112,3647.162112,128,73,101,3,20250630_204522
1751283856.7632942,14246766,3647172096,3647.172096,132,73,99,3,20250630_204522
1751283856.7732782,14246805,3647182080,3647.18208,135,73,100,3,20250630_204522
1751283856.7835183,14246845,3647192320,3647.19232,139,74,102,3,20250630_204522
1751283856.793502,14246884,3647202304,3647.202304,143,73,102,3,20250630_204522
1751283856.803486,14246923,3647212288,3647.212288,147,74,104,3,20250630_204522
1751283856.81347,14246962,3647222272,3647.222272,151,74,105,3,20250630_204522
1751283856.823454,14247001,3647232256,3647.232256,154,73,106,3,20250630_204522
1751283856.8334382,14247040,3647242240,3647.24224,158,74,108,3,20250630_204522
1751283856.8434222,14247079,3647252224,3647.252224,162,72,109,3,20250630_204522
1751283856.8534062,14247118,3647262208,3647.262208,166,72,112,3,20250630_204522
1751283856.8633902,14247157,3647272192,3647.272192,170,74,115,3,20250630_204522
1751283856.8733742,14247196,3647282176,3647.282176,174,74,120,3,20250630_204522
1751283856.8833582,14247235,3647292160,3647.29216,177,74,127,3,20250630_204522
1751283856.8933425,14247274,3647302144,3647.302144,181,74,134,3,20250630_204522
1751283856.9033265,14247313,3647312128,3647.312128,185,73,140,3,20250630_204522
1751283856.9133103,14247352,3647322112,3647.322112,189,73,145,3,20250630_204522
1751283856.9232943,14247391,3647332096,3647.332096,193,73,149,3,20250630_204522
1751283856.933534,14247431,3647342336,3647.342336,197,74,155,3,20250630_204522
1751283856.9435182,14247470,3647352320,3647.35232,200,71,160,3,20250630_204522
1751283856.9535022,14247509,3647362304,3647.362304,204,74,162,3,20250630_204522
1751283856.9634862,14247548,3647372288,3647.372288,208,73,164,3,20250630_204522
1751283856.9734702,14247587,3647382272,3647.382272,212,74,167,3,20250630_204522
1751283856.9834542,14247626,3647392256,3647.392256,216,74,167,3,20250630_204522
1751283856.9934382,14247665,3647402240,3647.40224,219,77,168,3,20250630_204522
1751283857.0034225,14247704,3647412224,3647.412224,223,76,167,3,20250630_204522
1751283857.0134065,14247743,3647422208,3647.422208,227,79,167,3,20250630_204522
1751283857.0233903,14247782,3647432192,3647.432192,231,78,167,3,20250630_204522
1751283857.0333743,14247821,3647442176,3647.442176,235,77,167,3,20250630_204522
1751283857.043358,14247860,3647452160,3647.45216,239,77,167,3,20250630_204522
1751283857.053342,14247899,3647462144,3647.462144,242,79,168,3,20250630_204522
1751283857.063326,14247938,3647472128,3647.472128,246,78,168,3,20250630_204522
1751283857.0735662,14247978,3647482368,3647.482368,250,78,168,3,20250630_204522
1751283857.0835502,14248017,3647492352,3647.492352,254,79,168,3,20250630_204522
1751283857.0935342,14248056,3647502336,3647.502336,3,79,168,3,20250630_204522
1751283857.1035182,14248095,3647512320,3647.51232,7,80,168,3,20250630_204522
1751283857.1135025,14248134,3647522304,3647.522304,10,80,168,3,20250630_204522
1751283857.1234865,14248173,3647532288,3647.532288,14,81,169,3,20250630_204522
1751283857.1334703,14248212,3647542272,3647.542272,18,82,169,3,20250630_204522
1751283857.1434543,14248251,3647552256,3647.552256,22,80,169,3,20250630_204522
1751283857.153438,14248290,3647562240,3647.56224,26,80,169,3,20250630_204522
1751283857.163422,14248329,3647572224,3647.572224,29,79,169,3,20250630_204522
1751283857.173406,14248368,3647582208,3647.582208,33,78,168,3,20250630_204522
1751283857.18339,14248407,3647592192,3647.592192,37,77,169,3,20250630_204522
1751283857.1933742,14248446,3647602176,3647.602176,41,78,169,3,20250630_204522
1751283857.2033582,14248485,3647612160,3647.61216,45,77,169,3,20250630_204522
1751283857.2133422,14248524,3647622144,3647.622144,49,79,168,3,20250630_204522
1751283857.2235825,14248564,3647632384,3647.632384,52,79,169,3,20250630_204522
1751283857.2335663,14248603,3647642368,3647.642368,56,79,168,3,20250630_204522
1751283857.2435503,14248642,3647652352,3647.652352,60,76,167,3,20250630_204522
1751283857.2535343,14248681,3647662336,3647.662336,64,80,166,3,20250630_204522
1751283857.263518,14248720,3647672320,3647.67232,68,78,164,3,20250630_204522
1751283857.273502,14248759,3647682304,3647.682304,72,79,163,3,20250630_204522
1751283857.283486,14248798,3647692288,3647.692288,75,79,163,3,20250630_204522
1751283857.29347,14248837,3647702272,3647.702272,79,77,160,3,20250630_204522
1751283857.3034542,14248876,3647712256,3647.712256,83,75,157,3,20250630_204522
1751283857.3134382,14248915,3647722240,3647.72224,87,77,155,3,20250630_204522
1751283857.3234222,14248954,3647732224,3647.732224,91,78,152,3,20250630_204522
1751283857.3334062,14248993,3647742208,3647.742208,95,81,148,3,20250630_204522
1751283857.3433902,14249032,3647752192,3647.752192,98,77,154,3,20250630_204522
1751283857.3533742,14249071,3647762176,3647.762176,102,82,142,3,20250630_204522
1751283857.3636143,14249111,3647772416,3647.772416,106,78,140,3,20250630_204522
1751283857.373598,14249150,3647782400,3647.7824,110,77,139,3,20250630_204522
1751283857.383582,14249189,3647792384,3647.792384,114,74,139,3,20250630_204522
1751283857.393566,14249228,3647802368,3647.802368,117,75,139,3,20250630_204522
1751283857.40355,14249267,3647812352,3647.812352,121,71,139,3,20250630_204522
1751283857.4135342,14249306,3647822336,3647.822336,125,70,143,3,20250630_204522
1751283857.4235182,14249345,3647832320,3647.83232,129,68,145,3,20250630_204522
1751283857.4335022,14249384,3647842304,3647.842304,133,68,148,3,20250630_204522
1751283857.4434862,14249423,3647852288,3647.852288,137,67,150,3,20250630_204522
1751283857.4534702,14249462,3647862272,3647.862272,140,67,154,3,20250630_204522
1751283857.4634542,14249501,3647872256,3647.872256,144,66,157,3,20250630_204522
1751283857.4734385,14249540,3647882240,3647.88224,148,67,158,3,20250630_204522
1751283857.4834225,14249579,3647892224,3647.892224,152,68,160,3,20250630_204522
1751283857.4934063,14249618,3647902208,3647.902208,156,68,162,3,20250630_204522
1751283857.5033903,14249657,3647912192,3647.912192,160,67,165,3,20250630_204522
1751283857.5136302,14249697,3647922432,3647.922432,163,68,166,3,20250630_204522
1751283857.5236142,14249736,3647932416,3647.932416,167,68,167,3,20250630_204522
1751283857.5335982,14249775,3647942400,3647.9424,171,69,166,3,20250630_204522
1751283857.5435822,14249814,3647952384,3647.952384,175,67,166,3,20250630_204522
1751283857.5535662,14249853,3647962368,3647.962368,179,67,167,3,20250630_204522
1751283857.5635502,14249892,3647972352,3647.972352,182,67,167,3,20250630_204522
1751283857.5735345,14249931,3647982336,3647.982336,186,68,168,3,20250630_204522
1751283857.5835185,14249970,3647992320,3647.99232,190,68,168,3,20250630_204522
1751283857.5935023,14250009,3648002304,3648.002304,194,68,168,3,20250630_204522
1751283857.6034863,14250048,3648012288,3648.012288,198,68,169,3,20250630_204522
1751283857.6134703,14250087,3648022272,3648.022272,202,68,169,3,20250630_204522
1751283857.623454,14250126,3648032256,3648.032256,205,68,169,3,20250630_204522
1751283857.633438,14250165,3648042240,3648.04224,209,69,170,3,20250630_204522
1751283857.643422,14250204,3648052224,3648.052224,213,69,169,3,20250630_204522
1751283857.6536622,14250244,3648062464,3648.062464,217,71,168,3,20250630_204522
1751283857.6636462,14250283,3648072448,3648.072448,221,70,169,3,20250630_204522
1751283857.6736302,14250322,3648082432,3648.082432,225,71,169,3,20250630_204522
1751283857.6836145,14250361,3648092416,3648.092416,228,70,169,3,20250630_204522
1751283857.6935985,14250400,3648102400,3648.1024,232,71,168,3,20250630_204522
1751283857.7035823,14250439,3648112384,3648.112384,236,71,169,3,20250630_204522
1751283857.7135663,14250478,3648122368,3648.122368,240,72,170,3,20250630_204522
1751283857.7235503,14250517,3648132352,3648.132352,244,73,169,3,20250630_204522
1751283857.733534,14250556,3648142336,3648.142336,247,72,169,3,20250630_204522
1751283857.743518,14250595,3648152320,3648.15232,251,72,172,3,20250630_204522
1751283857.753502,14250634,3648162304,3648.162304,0,71,170,3,20250630_204522
1751283857.763486,14250673,3648172288,3648.172288,4,71,170,3,20250630_204522
1751283857.7734702,14250712,3648182272,3648.182272,8,70,169,3,20250630_204522
1751283857.7834542,14250751,3648192256,3648.192256,12,71,169,3,20250630_204522
1751283857.7934382,14250790,3648202240,3648.20224,15,71,169,3,20250630_204522
1751283857.8036785,14250830,3648212480,3648.21248,19,71,169,3,20250630_204522
1751283857.8136623,14250869,3648222464,3648.222464,23,71,169,3,20250630_204522
1751283857.8236463,14250908,3648232448,3648.232448,27,71,168,3,20250630_204522
1751283857.8336303,14250947,3648242432,3648.242432,31,71,167,3,20250630_204522
1751283857.843614,14250986,3648252416,3648.252416,35,70,167,3,20250630_204522
1751283857.853598,14251025,3648262400,3648.2624,38,70,166,3,20250630_204522
1751283857.863582,14251064,3648272384,3648.272384,42,69,165,3,20250630_204522
1751283857.8735662,14251103,3648282368,3648.282368,46,70,163,3,20250630_204522
1751283857.8835502,14251142,3648292352,3648.292352,50,69,158,3,20250630_204522
1751283857.8935342,14251181,3648302336,3648.302336,54,70,155,3,20250630_204522
1751283857.9035182,14251220,3648312320,3648.31232,57,69,147,3,20250630_204522
1751283857.9135022,14251259,3648322304,3648.322304,61,68,138,3,20250630_204522
1751283857.9234862,14251298,3648332288,3648.332288,65,67,131,3,20250630_204522
1751283857.9334702,14251337,3648342272,3648.342272,69,68,126,3,20250630_204522
1751283857.94371,14251377,3648352512,3648.352512,73,67,120,3,20250630_204522
1751283857.953694,14251416,3648362496,3648.362496,77,68,114,3,20250630_204522
1751283857.963678,14251455,3648372480,3648.37248,80,67,109,3,20250630_204522
1751283857.973662,14251494,3648382464,3648.382464,84,68,106,3,20250630_204522
1751283857.9836462,14251533,3648392448,3648.392448,88,67,103,3,20250630_204522
1751283857.9936302,14251572,3648402432,3648.402432,92,67,100,3,20250630_204522
1751283858.0036142,14251611,3648412416,3648.412416,96,66,102,3,20250630_204522
1751283858.0135982,14251650,3648422400,3648.4224,100,68,101,3,20250630_204522
1751283858.0235822,14251689,3648432384,3648.432384,103,67,98,3,20250630_204522
1751283858.0335662,14251728,3648442368,3648.442368,107,66,99,3,20250630_204522
1751283858.0435505,14251767,3648452352,3648.452352,111,66,101,3,20250630_204522
1751283858.0535345,14251806,3648462336,3648.462336,115,65,101,3,20250630_204522
1751283858.0635183,14251845,3648472320,3648.47232,119,65,102,3,20250630_204522
1751283858.0735023,14251884,3648482304,3648.482304,122,65,103,3,20250630_204522
1751283858.0834863,14251923,3648492288,3648.492288,126,64,102,3,20250630_204522
1751283858.0937262,14251963,3648502528,3648.502528,130,64,102,3,20250630_204522
1751283858.1037102,14252002,3648512512,3648.512512,134,64,102,3,20250630_204522
1751283858.1136942,14252041,3648522496,3648.522496,138,64,103,3,20250630_204522
1751283858.1236782,14252080,3648532480,3648.53248,142,64,104,3,20250630_204522
1751283858.1336622,14252119,3648542464,3648.542464,145,63,105,3,20250630_204522
1751283858.1436462,14252158,3648552448,3648.552448,149,63,107,3,20250630_204522
1751283858.1536305,14252197,3648562432,3648.562432,153,64,108,3,20250630_204522
1751283858.1636145,14252236,3648572416,3648.572416,157,64,110,3,20250630_204522
1751283858.1735983,14252275,3648582400,3648.5824,161,64,111,3,20250630_204522
1751283858.1835823,14252314,3648592384,3648.592384,165,63,113,3,20250630_204522
1751283858.1935663,14252353,3648602368,3648.602368,168,65,116,3,20250630_204522
1751283858.20355,14252392,3648612352,3648.612352,172,67,120,3,20250630_204522
1751283858.213534,14252431,3648622336,3648.622336,176,69,127,3,20250630_204522
1751283858.223518,14252470,3648632320,3648.63232,180,69,132,3,20250630_204522
1751283858.2337582,14252510,3648642560,3648.64256,184,72,139,3,20250630_204522
1751283858.2437422,14252549,3648652544,3648.652544,187,71,145,3,20250630_204522
1751283858.2537262,14252588,3648662528,3648.662528,191,75,150,3,20250630_204522
1751283858.2637105,14252627,3648672512,3648.672512,195,75,154,3,20250630_204522
1751283858.2736945,14252666,3648682496,3648.682496,199,77,160,3,20250630_204522
1751283858.2836783,14252705,3648692480,3648.69248,203,75,163,3,20250630_204522
1751283858.2936623,14252744,3648702464,3648.702464,207,76,162,3,20250630_204522
1751283858.303646,14252783,3648712448,3648.712448,210,78,163,3,20250630_204522
1751283858.31363,14252822,3648722432,3648.722432,214,80,163,3,20250630_204522
1751283858.323614,14252861,3648732416,3648.732416,218,78,164,3,20250630_204522
1751283858.333598,14252900,3648742400,3648.7424,222,80,164,3,20250630_204522
1751283858.3435822,14252939,3648752384,3648.752384,226,79,163,3,20250630_204522
1751283858.3535662,14252978,3648762368,3648.762368,230,81,164,3,20250630_204522
1751283858.3635502,14253017,3648772352,3648.772352,233,79,166,3,20250630_204522
1751283858.3737905,14253057,3648782592,3648.782592,237,77,166,3,20250630_204522
1751283858.3837745,14253096,3648792576,3648.792576,241,77,166,3,20250630_204522
1751283858.3937583,14253135,3648802560,3648.80256,245,75,166,3,20250630_204522
1751283858.4037423,14253174,3648812544,3648.812544,249,86,167,3,20250630_204522
1751283858.413726,14253213,3648822528,3648.822528,252,76,167,3,20250630_204522
1751283858.42371,14253252,3648832512,3648.832512,1,73,166,3,20250630_204522
1751283858.433694,14253291,3648842496,3648.842496,5,78,167,3,20250630_204522
1751283858.443678,14253330,3648852480,3648.85248,9,77,167,3,20250630_204522
1751283858.4536622,14253369,3648862464,3648.862464,13,76,167,3,20250630_204522
1751283858.4636462,14253408,3648872448,3648.872448,17,76,167,3,20250630_204522
1751283858.4736302,14253447,3648882432,3648.882432,20,73,165,3,20250630_204522
1751283858.4836142,14253486,3648892416,3648.892416,24,76,164,3,20250630_204522
1751283858.4935982,14253525,3648902400,3648.9024,28,73,164,3,20250630_204522
1751283858.5035822,14253564,3648912384,3648.912384,32,76,162,3,20250630_204522
1751283858.5135665,14253603,3648922368,3648.922368,36,78,160,3,20250630_204522
1751283858.523806,14253643,3648932608,3648.932608,40,74,158,3,20250630_204522
1751283858.53379,14253682,3648942592,3648.942592,43,70,154,3,20250630_204522
1751283858.543774,14253721,3648952576,3648.952576,47,69,149,3,20250630_204522
1751283858.553758,14253760,3648962560,3648.96256,51,69,140,3,20250630_204522
1751283858.5637422,14253799,3648972544,3648.972544,55,69,132,3,20250630_204522
1751283858.5737262,14253838,3648982528,3648.982528,59,71,125,3,20250630_204522
1751283858.5837102,14253877,3648992512,3648.992512,62,68,120,3,20250630_204522
1751283858.5936942,14253916,3649002496,3649.002496,66,68,113,3,20250630_204522
1751283858.6036782,14253955,3649012480,3649.01248,70,67,108,3,20250630_204522
1751283858.6136622,14253994,3649022464,3649.022464,74,70,104,3,20250630_204522
1751283858.6236465,14254033,3649032448,3649.032448,78,69,101,3,20250630_204522
1751283858.6336305,14254072,3649042432,3649.042432,82,71,97,3,20250630_204522
1751283858.6436143,14254111,3649052416,3649.052416,85,68,99,3,20250630_204522
1751283858.6535983,14254150,3649062400,3649.0624,89,70,100,3,20250630_204522
1751283858.663838,14254190,3649072640,3649.07264,93,68,99,3,20250630_204522
1751283858.6738222,14254229,3649082624,3649.082624,97,67,100,3,20250630_204522
1751283858.6838062,14254268,3649092608,3649.092608,101,67,100,3,20250630_204522
1751283858.6937902,14254307,3649102592,3649.102592,105,72,99,3,20250630_204522
1751283858.7037742,14254346,3649112576,3649.112576,108,67,98,3,20250630_204522
1751283858.7137582,14254385,3649122560,3649.12256,112,65,98,3,20250630_204522
1751283858.7237422,14254424,3649132544,3649.132544,116,67,100,3,20250630_204522
1751283858.7337265,14254463,3649142528,3649.142528,120,68,101,3,20250630_204522
1751283858.7437105,14254502,3649152512,3649.152512,124,65,102,3,20250630_204522
1751283858.7536943,14254541,3649162496,3649.162496,127,65,102,3,20250630_204522
1751283858.7636783,14254580,3649172480,3649.17248,131,64,101,3,20250630_204522
1751283858.773662,14254619,3649182464,3649.182464,135,66,102,3,20250630_204522
1751283858.783646,14254658,3649192448,3649.192448,139,65,102,3,20250630_204522
1751283858.79363,14254697,3649202432,3649.202432,143,65,103,3,20250630_204522
1751283858.8038702,14254737,3649212672,3649.212672,147,65,104,3,20250630_204522
1751283858.8138542,14254776,3649222656,3649.222656,150,65,106,3,20250630_204522
1751283858.8238382,14254815,3649232640,3649.23264,154,64,107,3,20250630_204522
1751283858.8338225,14254854,3649242624,3649.242624,158,65,110,3,20250630_204522
1751283858.8438065,14254893,3649252608,3649.252608,162,66,111,3,20250630_204522
1751283858.8537903,14254932,3649262592,3649.262592,166,70,113,3,20250630_204522
1751283858.8637743,14254971,3649272576,3649.272576,170,71,117,3,20250630_204522
1751283858.8737583,14255010,3649282560,3649.28256,173,72,123,3,20250630_204522
1751283858.883742,14255049,3649292544,3649.292544,177,69,127,3,20250630_204522
1751283858.893726,14255088,3649302528,3649.302528,181,73,136,3,20250630_204522
1751283858.90371,14255127,3649312512,3649.312512,185,70,141,3,20250630_204522
1751283858.913694,14255166,3649322496,3649.322496,189,73,147,3,20250630_204522
1751283858.9236782,14255205,3649332480,3649.33248,192,71,150,3,20250630_204522
1751283858.9336622,14255244,3649342464,3649.342464,196,73,158,3,20250630_204522
1751283858.9439025,14255284,3649352704,3649.352704,200,65,161,3,20250630_204522
1751283858.9538865,14255323,3649362688,3649.362688,204,66,162,3,20250630_204522
1751283858.9638703,14255362,3649372672,3649.372672,208,67,162,3,20250630_204522
1751283858.9738543,14255401,3649382656,3649.382656,212,67,163,3,20250630_204522
1751283858.9838383,14255440,3649392640,3649.39264,215,64,165,3,20250630_204522
1751283858.993822,14255479,3649402624,3649.402624,219,66,166,3,20250630_204522
1751283859.003806,14255518,3649412608,3649.412608,223,67,164,3,20250630_204522
1751283859.01379,14255557,3649422592,3649.422592,227,69,165,3,20250630_204522
1751283859.023774,14255596,3649432576,3649.432576,231,69,165,3,20250630_204522
1751283859.0337582,14255635,3649442560,3649.44256,235,71,166,3,20250630_204522
1751283859.0437422,14255674,3649452544,3649.452544,238,73,166,3,20250630_204522
1751283859.0537262,14255713,3649462528,3649.462528,242,76,165,3,20250630_204522
1751283859.0637102,14255752,3649472512,3649.472512,247,81,166,3,20250630_204522
1751283859.0736942,14255791,3649482496,3649.482496,253,76,166,3,20250630_204522
1751283859.0836782,14255830,3649492480,3649.49248,4,77,166,3,20250630_204522
1751283859.0939183,14255870,3649502720,3649.50272,9,73,166,3,20250630_204522
1751283859.103902,14255909,3649512704,3649.512704,15,70,167,3,20250630_204522
1751283859.113886,14255948,3649522688,3649.522688,21,67,167,3,20250630_204522
1751283859.12387,14255987,3649532672,3649.532672,26,86,166,3,20250630_204522
1751283859.1338542,14256026,3649542656,3649.542656,31,74,167,3,20250630_204522
1751283859.1438382,14256065,3649552640,3649.55264,36,69,166,3,20250630_204522
1751283859.1538222,14256104,3649562624,3649.562624,41,67,166,3,20250630_204522
1751283859.1638062,14256143,3649572608,3649.572608,46,65,164,3,20250630_204522
1751283859.1737902,14256182,3649582592,3649.582592,50,70,162,3,20250630_204522
1751283859.1837742,14256221,3649592576,3649.592576,54,70,159,3,20250630_204522
1751283859.1937582,14256260,3649602560,3649.60256,58,74,153,3,20250630_204522
1751283859.2037425,14256299,3649612544,3649.612544,62,70,145,3,20250630_204522
1751283859.2137263,14256338,3649622528,3649.622528,66,68,134,3,20250630_204522
1751283859.2237103,14256377,3649632512,3649.632512,70,67,126,3,20250630_204522
1751283859.23395,14256417,3649642752,3649.642752,74,65,118,3,20250630_204522
1751283859.2439342,14256456,3649652736,3649.652736,78,60,110,3,20250630_204522
1751283859.2539182,14256495,3649662720,3649.66272,83,66,104,3,20250630_204522
1751283859.2639022,14256534,3649672704,3649.672704,88,65,102,3,20250630_204522
1751283859.2738862,14256573,3649682688,3649.682688,93,65,99,3,20250630_204522
1751283859.2838702,14256612,3649692672,3649.692672,98,65,99,3,20250630_204522
1751283859.2938542,14256651,3649702656,3649.702656,104,65,99,3,20250630_204522
1751283859.3038385,14256690,3649712640,3649.71264,109,65,99,3,20250630_204522
1751283859.3138225,14256729,3649722624,3649.722624,115,66,99,3,20250630_204522
1751283859.3238063,14256768,3649732608,3649.732608,121,65,100,3,20250630_204522
1751283859.3337903,14256807,3649742592,3649.742592,127,64,100,3,20250630_204522
1751283859.3437743,14256846,3649752576,3649.752576,132,63,99,3,20250630_204522
1751283859.353758,14256885,3649762560,3649.76256,138,62,100,3,20250630_204522
1751283859.363742,14256924,3649772544,3649.772544,144,60,100,3,20250630_204522
1751283859.373726,14256963,3649782528,3649.782528,149,61,102,3,20250630_204522
1751283859.3839662,14257003,3649792768,3649.792768,155,60,103,3,20250630_204522
1751283859.3939502,14257042,3649802752,3649.802752,160,61,104,3,20250630_204522
1751283859.4039342,14257081,3649812736,3649.812736,165,59,105,3,20250630_204522
1751283859.4139185,14257120,3649822720,3649.82272,170,60,106,3,20250630_204522
1751283859.4239025,14257159,3649832704,3649.832704,174,59,108,3,20250630_204522
1751283859.4338863,14257198,3649842688,3649.842688,179,62,112,3,20250630_204522
1751283859.4438703,14257237,3649852672,3649.852672,183,61,118,3,20250630_204522
1751283859.4538543,14257276,3649862656,3649.862656,187,63,124,3,20250630_204522
1751283859.463838,14257315,3649872640,3649.87264,190,61,129,3,20250630_204522
1751283859.473822,14257354,3649882624,3649.882624,194,63,138,3,20250630_204522
1751283859.483806,14257393,3649892608,3649.892608,198,62,145,3,20250630_204522
1751283859.49379,14257432,3649902592,3649.902592,202,63,150,3,20250630_204522
1751283859.5037742,14257471,3649912576,3649.912576,206,63,157,3,20250630_204522
1751283859.5137582,14257510,3649922560,3649.92256,211,63,160,3,20250630_204522
1751283859.5239985,14257550,3649932800,3649.9328,215,62,161,3,20250630_204522
1751283859.5339825,14257589,3649942784,3649.942784,220,63,162,3,20250630_204522
1751283859.5439663,14257628,3649952768,3649.952768,225,62,163,3,20250630_204522
1751283859.5539503,14257667,3649962752,3649.962752,230,63,162,3,20250630_204522
1751283859.563934,14257706,3649972736,3649.972736,236,62,163,3,20250630_204522
1751283859.573918,14257745,3649982720,3649.98272,241,65,164,3,20250630_204522
1751283859.583902,14257784,3649992704,3649.992704,247,64,165,3,20250630_204522
1751283859.593886,14257823,3650002688,3650.002688,252,66,165,3,20250630_204522
1751283859.6038702,14257862,3650012672,3650.012672,3,65,165,3,20250630_204522
1751283859.6138542,14257901,3650022656,3650.022656,9,66,165,3,20250630_204522
1751283859.6238382,14257940,3650032640,3650.03264,14,64,164,3,20250630_204522
1751283859.6340785,14257980,3650042880,3650.04288,20,65,165,3,20250630_204522
1751283859.6440625,14258019,3650052864,3650.052864,25,66,165,3,20250630_204522
1751283859.6540463,14258058,3650062848,3650.062848,30,66,165,3,20250630_204522
1751283859.6640303,14258097,3650072832,3650.072832,35,66,164,3,20250630_204522
1751283859.674014,14258136,3650082816,3650.082816,40,66,164,3,20250630_204522
1751283859.683998,14258175,3650092800,3650.0928,45,62,163,3,20250630_204522
1751283859.693982,14258214,3650102784,3650.102784,50,64,163,3,20250630_204522
1751283859.703966,14258253,3650112768,3650.112768,54,67,158,3,20250630_204522
1751283859.7139502,14258292,3650122752,3650.122752,58,67,153,3,20250630_204522
1751283859.7239342,14258331,3650132736,3650.132736,62,64,143,3,20250630_204522
1751283859.7339182,14258370,3650142720,3650.14272,66,65,133,3,20250630_204522
1751283859.7441585,14258410,3650152960,3650.15296,69,64,127,3,20250630_204522
1751283859.7541423,14258449,3650162944,3650.162944,73,65,119,3,20250630_204522
1751283859.7641263,14258488,3650172928,3650.172928,78,63,113,3,20250630_204522
1751283859.7741103,14258527,3650182912,3650.182912,82,62,106,3,20250630_204522
1751283859.784094,14258566,3650192896,3650.192896,87,62,103,3,20250630_204522
1751283859.794078,14258605,3650202880,3650.20288,92,63,99,3,20250630_204522
1751283859.804062,14258644,3650212864,3650.212864,97,61,98,3,20250630_204522
1751283859.814046,14258683,3650222848,3650.222848,102,61,99,3,20250630_204522
1751283859.8240302,14258722,3650232832,3650.232832,108,59,99,3,20250630_204522
1751283859.8340142,14258761,3650242816,3650.242816,114,61,99,3,20250630_204522
1751283859.8439982,14258800,3650252800,3650.2528,119,62,100,3,20250630_204522
1751283859.8539822,14258839,3650262784,3650.262784,125,64,100,3,20250630_204522
1751283859.8639662,14258878,3650272768,3650.272768,131,62,99,3,20250630_204522
1751283859.8739502,14258917,3650282752,3650.282752,137,62,98,3,20250630_204522
1751283859.8841903,14258957,3650292992,3650.292992,143,62,99,3,20250630_204522
1751283859.894174,14258996,3650302976,3650.302976,148,64,100,3,20250630_204522
1751283859.904158,14259035,3650312960,3650.31296,154,61,101,3,20250630_204522
1751283859.914142,14259074,3650322944,3650.322944,159,61,101,3,20250630_204522
1751283859.924126,14259113,3650332928,3650.332928,164,60,102,3,20250630_204522
1751283859.9341102,14259152,3650342912,3650.342912,169,60,104,3,20250630_204522
1751283859.9440942,14259191,3650352896,3650.352896,173,59,106,3,20250630_204522
1751283859.9540782,14259230,3650362880,3650.36288,178,61,109,3,20250630_204522
1751283859.9640622,14259269,3650372864,3650.372864,182,60,113,3,20250630_204522
1751283859.9740462,14259308,3650382848,3650.382848,186,63,119,3,20250630_204522
1751283859.9840302,14259347,3650392832,3650.392832,190,61,124,3,20250630_204522
1751283859.9940145,14259386,3650402816,3650.402816,194,63,131,3,20250630_204522
1751283860.0039985,14259425,3650412800,3650.4128,197,61,138,3,20250630_204522
1751283860.0139823,14259464,3650422784,3650.422784,201,61,144,3,20250630_204522
1751283860.024222,14259504,3650433024,3650.433024,205,61,148,3,20250630_204522
1751283860.0342062,14259543,3650443008,3650.443008,210,62,154,3,20250630_204522
1751283860.0441902,14259582,3650452992,3650.452992,214,61,160,3,20250630_204522
1751283860.0541742,14259621,3650462976,3650.462976,219,62,161,3,20250630_204522
1751283860.0641582,14259660,3650472960,3650.47296,224,61,160,3,20250630_204522
1751283860.0741422,14259699,3650482944,3650.482944,229,62,161,3,20250630_204522
1751283860.0841262,14259738,3650492928,3650.492928,235,62,162,3,20250630_204522
1751283860.0941105,14259777,3650502912,3650.502912,240,63,165,3,20250630_204522
1751283860.1040945,14259816,3650512896,3650.512896,246,62,166,3,20250630_204522
1751283860.1140783,14259855,3650522880,3650.52288,252,63,166,3,20250630_204522
1751283860.124318,14259895,3650533120,3650.53312,3,61,165,3,20250630_204522
1751283860.134302,14259934,3650543104,3650.543104,9,64,165,3,20250630_204522
1751283860.1442862,14259973,3650553088,3650.553088,14,64,166,3,20250630_204522
1751283860.1542702,14260012,3650563072,3650.563072,20,63,166,3,20250630_204522
1751283860.1642542,14260051,3650573056,3650.573056,26,62,166,3,20250630_204522
1751283860.1742382,14260090,3650583040,3650.58304,31,61,165,3,20250630_204522
1751283860.1842222,14260129,3650593024,3650.593024,36,62,165,3,20250630_204522
1751283860.1942062,14260168,3650603008,3650.603008,41,65,165,3,20250630_204522
1751283860.2041905,14260207,3650612992,3650.612992,46,63,165,3,20250630_204522
1751283860.2141745,14260246,3650622976,3650.622976,50,61,164,3,20250630_204522
1751283860.2241583,14260285,3650632960,3650.63296,55,60,163,3,20250630_204522
1751283860.2341423,14260324,3650642944,3650.642944,59,62,158,3,20250630_204522
1751283860.2441263,14260363,3650652928,3650.652928,63,61,154,3,20250630_204522
1751283860.25411,14260402,3650662912,3650.662912,66,62,147,3,20250630_204522
1751283860.2643502,14260442,3650673152,3650.673152,70,61,139,3,20250630_204522
1751283860.2743342,14260481,3650683136,3650.683136,74,63,129,3,20250630_204522
1751283860.2843182,14260520,3650693120,3650.69312,78,61,124,3,20250630_204522
1751283860.2943022,14260559,3650703104,3650.703104,82,62,119,3,20250630_204522
1751283860.3042862,14260598,3650713088,3650.713088,86,61,113,3,20250630_204522
1751283860.3142705,14260637,3650723072,3650.723072,91,61,107,3,20250630_204522
1751283860.3242545,14260676,3650733056,3650.733056,96,59,103,3,20250630_204522
1751283860.3342383,14260715,3650743040,3650.74304,101,60,101,3,20250630_204522
1751283860.3442223,14260754,3650753024,3650.753024,107,59,99,3,20250630_204522
1751283860.354462,14260794,3650763264,3650.763264,113,61,99,3,20250630_204522
1751283860.3644462,14260833,3650773248,3650.773248,118,62,99,3,20250630_204522
1751283860.3744302,14260872,3650783232,3650.783232,124,61,100,3,20250630_204522
1751283860.3844142,14260911,3650793216,3650.793216,130,60,100,3,20250630_204522
1751283860.3943982,14260950,3650803200,3650.8032,136,62,102,3,20250630_204522
1751283860.4043822,14260989,3650813184,3650.813184,141,62,102,3,20250630_204522
1751283860.4146223,14261029,3650823424,3650.823424,147,62,103,3,20250630_204522
1751283860.4246063,14261068,3650833408,3650.833408,152,60,104,3,20250630_204522
1751283860.43459,14261107,3650843392,3650.843392,157,60,106,3,20250630_204522
1751283860.444574,14261146,3650853376,3650.853376,162,57,107,3,20250630_204522
1751283860.454558,14261185,3650863360,3650.86336,167,57,111,3,20250630_204522
1751283860.4645422,14261224,3650873344,3650.873344,171,56,113,3,20250630_204522
1751283860.4747822,14261264,3650883584,3650.883584,176,57,117,3,20250630_204522
1751283860.4847662,14261303,3650893568,3650.893568,180,57,122,3,20250630_204522
1751283860.4947505,14261342,3650903552,3650.903552,183,59,127,3,20250630_204522
1751283860.5047345,14261381,3650913536,3650.913536,187,58,134,3,20250630_204522
1751283860.5147183,14261420,3650923520,3650.92352,191,60,140,3,20250630_204522
1751283860.5247023,14261459,3650933504,3650.933504,195,59,147,3,20250630_204522
1751283860.534686,14261498,3650943488,3650.943488,199,59,151,3,20250630_204522
1751283860.54467,14261537,3650953472,3650.953472,203,59,156,3,20250630_204522
1751283860.5549102,14261577,3650963712,3650.963712,208,60,162,3,20250630_204522
1751283860.5648942,14261616,3650973696,3650.973696,212,59,160,3,20250630_204522
1751283860.5748782,14261655,3650983680,3650.98368,217,58,162,3,20250630_204522
1751283860.5848622,14261694,3650993664,3650.993664,222,57,162,3,20250630_204522
1751283860.5948462,14261733,3651003648,3651.003648,227,58,165,3,20250630_204522
1751283860.6048305,14261772,3651013632,3651.013632,233,57,166,3,20250630_204522
1751283860.6148143,14261811,3651023616,3651.023616,239,58,166,3,20250630_204522
1751283860.6247983,14261850,3651033600,3651.0336,244,57,166,3,20250630_204522
1751283860.6347823,14261889,3651043584,3651.043584,250,58,166,3,20250630_204522
1751283860.644766,14261928,3651053568,3651.053568,1,57,168,3,20250630_204522
1751283860.6550062,14261968,3651063808,3651.063808,7,58,166,3,20250630_204522
1751283860.6649902,14262007,3651073792,3651.073792,13,60,168,3,20250630_204522
1751283860.6749742,14262046,3651083776,3651.083776,18,61,167,3,20250630_204522
1751283860.6849582,14262085,3651093760,3651.09376,24,63,167,3,20250630_204522
1751283860.6949422,14262124,3651103744,3651.103744,29,63,165,3,20250630_204522
1751283860.7049265,14262163,3651113728,3651.113728,35,58,166,3,20250630_204522
1751283860.7149105,14262202,3651123712,3651.123712,40,59,166,3,20250630_204522
1751283860.7248943,14262241,3651133696,3651.133696,44,59,165,3,20250630_204522
1751283860.7348783,14262280,3651143680,3651.14368,49,58,163,3,20250630_204522
1751283860.7448623,14262319,3651153664,3651.153664,53,60,163,3,20250630_204522
1751283860.754846,14262358,3651163648,3651.163648,57,59,160,3,20250630_204522
1751283860.76483,14262397,3651173632,3651.173632,61,59,154,3,20250630_204522
1751283860.774814,14262436,3651183616,3651.183616,65,61,147,3,20250630_204522
1751283860.784798,14262475,3651193600,3651.1936,69,58,137,3,20250630_204522
1751283860.7950382,14262515,3651203840,3651.20384,73,59,127,3,20250630_204522
1751283860.8050222,14262554,3651213824,3651.213824,77,57,122,3,20250630_204522
1751283860.8150065,14262593,3651223808,3651.223808,81,58,114,3,20250630_204522
1751283860.8249905,14262632,3651233792,3651.233792,85,56,109,3,20250630_204522
1751283860.8349743,14262671,3651243776,3651.243776,90,58,104,3,20250630_204522
1751283860.8449583,14262710,3651253760,3651.25376,95,57,101,3,20250630_204522
1751283860.8549423,14262749,3651263744,3651.263744,101,56,98,3,20250630_204522
1751283860.864926,14262788,3651273728,3651.273728,106,55,99,3,20250630_204522
1751283860.87491,14262827,3651283712,3651.283712,112,57,98,3,20250630_204522
1751283860.884894,14262866,3651293696,3651.293696,118,57,99,3,20250630_204522
1751283860.894878,14262905,3651303680,3651.30368,123,58,100,3,20250630_204522
1751283860.9048622,14262944,3651313664,3651.313664,129,57,99,3,20250630_204522
1751283860.9148462,14262983,3651323648,3651.323648,135,58,100,3,20250630_204522
1751283860.9248302,14263022,3651333632,3651.333632,141,56,99,3,20250630_204522
1751283860.9348142,14263061,3651343616,3651.343616,146,56,100,3,20250630_204522
1751283860.9450543,14263101,3651353856,3651.353856,152,56,101,3,20250630_204522
1751283860.9550383,14263140,3651363840,3651.36384,157,56,101,3,20250630_204522
1751283860.965022,14263179,3651373824,3651.373824,162,54,102,3,20250630_204522
1751283860.975006,14263218,3651383808,3651.383808,167,56,104,3,20250630_204522
1751283860.98499,14263257,3651393792,3651.393792,172,54,107,3,20250630_204522
1751283860.994974,14263296,3651403776,3651.403776,176,56,109,3,20250630_204522
1751283861.0049582,14263335,3651413760,3651.41376,180,56,113,3,20250630_204522
1751283861.0149422,14263374,3651423744,3651.423744,184,57,118,3,20250630_204522
1751283861.0249262,14263413,3651433728,3651.433728,188,56,124,3,20250630_204522
1751283861.0349102,14263452,3651443712,3651.443712,192,57,130,3,20250630_204522
1751283861.0448942,14263491,3651453696,3651.453696,196,55,138,3,20250630_204522
1751283861.0548782,14263530,3651463680,3651.46368,200,57,144,3,20250630_204522
1751283861.0648625,14263569,3651473664,3651.473664,204,55,149,3,20250630_204522
1751283861.0748465,14263608,3651483648,3651.483648,208,57,154,3,20250630_204522
1751283861.085086,14263648,3651493888,3651.493888,213,55,159,3,20250630_204522
1751283861.09507,14263687,3651503872,3651.503872,218,55,161,3,20250630_204522
1751283861.105054,14263726,3651513856,3651.513856,223,55,162,3,20250630_204522
1751283861.1150382,14263765,3651523840,3651.52384,228,56,162,3,20250630_204522
1751283861.1250222,14263804,3651533824,3651.533824,233,55,165,3,20250630_204522
1751283861.1350062,14263843,3651543808,3651.543808,239,56,166,3,20250630_204522
1751283861.1449902,14263882,3651553792,3651.553792,245,54,166,3,20250630_204522
1751283861.1549742,14263921,3651563776,3651.563776,250,56,166,3,20250630_204522
1751283861.1649582,14263960,3651573760,3651.57376,1,58,166,3,20250630_204522
1751283861.1751983,14264000,3651584000,3651.584,7,59,167,3,20250630_204522
1751283861.185182,14264039,3651593984,3651.593984,13,57,168,3,20250630_204522
1751283861.195166,14264078,3651603968,3651.603968,19,58,169,3,20250630_204522
1751283861.20515,14264117,3651613952,3651.613952,24,55,167,3,20250630_204522
1751283861.215134,14264156,3651623936,3651.623936,30,57,167,3,20250630_204522
1751283861.2251182,14264195,3651633920,3651.63392,35,55,168,3,20250630_204522
1751283861.2351022,14264234,3651643904,3651.643904,40,55,168,3,20250630_204522
1751283861.2453425,14264274,3651654144,3651.654144,45,53,167,3,20250630_204522
1751283861.2553265,14264313,3651664128,3651.664128,49,55,166,3,20250630_204522
1751283861.2653103,14264352,3651674112,3651.674112,54,52,165,3,20250630_204522
1751283861.2752943,14264391,3651684096,3651.684096,58,55,162,3,20250630_204522
1751283861.2852783,14264430,3651694080,3651.69408,62,57,157,3,20250630_204522
1751283861.295262,14264469,3651704064,3651.704064,66,57,150,3,20250630_204522
1751283861.305246,14264508,3651714048,3651.714048,69,54,142,3,20250630_204522
1751283861.31523,14264547,3651724032,3651.724032,73,54,131,3,20250630_204522
1751283861.325214,14264586,3651734016,3651.734016,77,53,125,3,20250630_204522
1751283861.3351982,14264625,3651744000,3651.744,81,54,119,3,20250630_204522
1751283861.3451822,14264664,3651753984,3651.753984,85,52,113,3,20250630_204522
1751283861.3551662,14264703,3651763968,3651.763968,90,53,106,3,20250630_204522
1751283861.3654065,14264743,3651774208,3651.774208,95,52,103,3,20250630_204522
1751283861.3753903,14264782,3651784192,3651.784192,100,53,100,3,20250630_204522
1751283861.3853743,14264821,3651794176,3651.794176,106,52,99,3,20250630_204522
1751283861.3953583,14264860,3651804160,3651.80416,112,67,97,3,20250630_204522
1751283861.405342,14264899,3651814144,3651.814144,117,54,99,3,20250630_204522
1751283861.415326,14264938,3651824128,3651.824128,123,55,99,3,20250630_204522
1751283861.42531,14264977,3651834112,3651.834112,129,54,101,3,20250630_204522
1751283861.4352942,14265016,3651844096,3651.844096,135,53,101,3,20250630_204522
1751283861.4452782,14265055,3651854080,3651.85408,140,52,100,3,20250630_204522
1751283861.4552622,14265094,3651864064,3651.864064,146,52,103,3,20250630_204522
1751283861.4652462,14265133,3651874048,3651.874048,151,52,104,3,20250630_204522
1751283861.4752302,14265172,3651884032,3651.884032,156,53,107,3,20250630_204522
1751283861.4852142,14265211,3651894016,3651.894016,161,52,108,3,20250630_204522
1751283861.4951982,14265250,3651904000,3651.904,166,52,109,3,20250630_204522
1751283861.5051825,14265289,3651913984,3651.913984,170,51,112,3,20250630_204522
1751283861.515422,14265329,3651924224,3651.924224,175,53,115,3,20250630_204522
1751283861.525406,14265368,3651934208,3651.934208,179,52,120,3,20250630_204522
1751283861.53539,14265407,3651944192,3651.944192,183,53,125,3,20250630_204522
1751283861.5453742,14265446,3651954176,3651.954176,187,52,132,3,20250630_204522
1751283861.5553582,14265485,3651964160,3651.96416,191,54,139,3,20250630_204522
1751283861.5653422,14265524,3651974144,3651.974144,194,53,145,3,20250630_204522
1751283861.5753262,14265563,3651984128,3651.984128,198,54,150,3,20250630_204522
1751283861.5853102,14265602,3651994112,3651.994112,202,53,155,3,20250630_204522
1751283861.5952942,14265641,3652004096,3652.004096,207,53,160,3,20250630_204522
1751283861.6052785,14265680,3652014080,3652.01408,211,51,162,3,20250630_204522
1751283861.6152625,14265719,3652024064,3652.024064,216,52,162,3,20250630_204522
1751283861.6252463,14265758,3652034048,3652.034048,221,50,162,3,20250630_204522
1751283861.6352303,14265797,3652044032,3652.044032,226,52,165,3,20250630_204522
1751283861.6452143,14265836,3652054016,3652.054016,232,51,166,3,20250630_204522
1751283861.655198,14265875,3652064000,3652.064,237,53,165,3,20250630_204522
1751283861.6654382,14265915,3652074240,3652.07424,243,52,164,3,20250630_204522
1751283861.6754222,14265954,3652084224,3652.084224,249,53,166,3,20250630_204522
1751283861.6854062,14265993,3652094208,3652.094208,0,57,166,3,20250630_204522
1751283861.6953902,14266032,3652104192,3652.104192,6,59,167,3,20250630_204522
1751283861.7053742,14266071,3652114176,3652.114176,11,56,168,3,20250630_204522
1751283861.7153585,14266110,3652124160,3652.12416,17,55,167,3,20250630_204522
1751283861.7253425,14266149,3652134144,3652.134144,23,53,166,3,20250630_204522
1751283861.7353263,14266188,3652144128,3652.144128,28,52,167,3,20250630_204522
1751283861.7453103,14266227,3652154112,3652.154112,33,54,167,3,20250630_204522
1751283861.7552943,14266266,3652164096,3652.164096,38,54,165,3,20250630_204522
1751283861.765278,14266305,3652174080,3652.17408,43,51,164,3,20250630_204522
1751283861.775262,14266344,3652184064,3652.184064,48,52,163,3,20250630_204522
1751283861.785246,14266383,3652194048,3652.194048,52,50,161,3,20250630_204522
1751283861.7952302,14266422,3652204032,3652.204032,56,55,160,3,20250630_204522
1751283861.8054702,14266462,3652214272,3652.214272,60,53,152,3,20250630_204522
1751283861.8154542,14266501,3652224256,3652.224256,64,54,146,3,20250630_204522
1751283861.8254385,14266540,3652234240,3652.23424,68,52,135,3,20250630_204522
1751283861.8354225,14266579,3652244224,3652.244224,72,53,127,3,20250630_204522
1751283861.8454063,14266618,3652254208,3652.254208,76,51,122,3,20250630_204522
1751283861.8553903,14266657,3652264192,3652.264192,80,52,114,3,20250630_204522
1751283861.865374,14266696,3652274176,3652.274176,84,50,108,3,20250630_204522
1751283861.875358,14266735,3652284160,3652.28416,89,52,102,3,20250630_204522
1751283861.885342,14266774,3652294144,3652.294144,94,50,100,3,20250630_204522
1751283861.895326,14266813,3652304128,3652.304128,100,51,100,3,20250630_204522
1751283861.9053102,14266852,3652314112,3652.314112,105,51,98,3,20250630_204522
1751283861.9152942,14266891,3652324096,3652.324096,111,54,99,3,20250630_204522
1751283861.9252782,14266930,3652334080,3652.33408,117,53,100,3,20250630_204522
1751283861.9352622,14266969,3652344064,3652.344064,122,53,100,3,20250630_204522
1751283861.9455023,14267009,3652354304,3652.354304,128,52,100,3,20250630_204522
1751283861.9554863,14267048,3652364288,3652.364288,134,52,99,3,20250630_204522
1751283861.9654703,14267087,3652374272,3652.374272,140,51,98,3,20250630_204522
1751283861.975454,14267126,3652384256,3652.384256,145,51,101,3,20250630_204522
1751283861.985438,14267165,3652394240,3652.39424,151,50,100,3,20250630_204522
1751283861.995422,14267204,3652404224,3652.404224,156,50,100,3,20250630_204522
1751283862.005406,14267243,3652414208,3652.414208,162,50,102,3,20250630_204522
1751283862.0153902,14267282,3652424192,3652.424192,167,53,103,3,20250630_204522
1751283862.0253742,14267321,3652434176,3652.434176,171,55,104,3,20250630_204522
1751283862.0353582,14267360,3652444160,3652.44416,176,52,106,3,20250630_204522
1751283862.0453422,14267399,3652454144,3652.454144,180,53,110,3,20250630_204522
1751283862.0553262,14267438,3652464128,3652.464128,184,55,116,3,20250630_204522
1751283862.0653102,14267477,3652474112,3652.474112,188,53,120,3,20250630_204522
1751283862.0752945,14267516,3652484096,3652.484096,192,52,127,3,20250630_204522
1751283862.0852785,14267555,3652494080,3652.49408,196,50,134,3,20250630_204522
1751283862.095518,14267595,3652504320,3652.50432,199,51,141,3,20250630_204522
1751283862.105502,14267634,3652514304,3652.514304,204,50,147,3,20250630_204522
1751283862.115486,14267673,3652524288,3652.524288,208,51,151,3,20250630_204522
1751283862.1254702,14267712,3652534272,3652.534272,212,49,157,3,20250630_204522
1751283862.1354542,14267751,3652544256,3652.544256,217,51,161,3,20250630_204522
1751283862.1454382,14267790,3652554240,3652.55424,222,50,161,3,20250630_204522
1751283862.1554222,14267829,3652564224,3652.564224,227,54,161,3,20250630_204522
1751283862.1654062,14267868,3652574208,3652.574208,232,51,161,3,20250630_204522
1751283862.1753902,14267907,3652584192,3652.584192,238,53,165,3,20250630_204522
1751283862.1853745,14267946,3652594176,3652.594176,243,52,166,3,20250630_204522
1751283862.1953585,14267985,3652604160,3652.60416,249,59,167,3,20250630_204522
1751283862.2053423,14268024,3652614144,3652.614144,0,57,166,3,20250630_204522
1751283862.2153263,14268063,3652624128,3652.624128,6,56,166,3,20250630_204522
1751283862.22531,14268102,3652634112,3652.634112,12,54,167,3,20250630_204522
1751283862.2355502,14268142,3652644352,3652.644352,17,54,168,3,20250630_204522
1751283862.2455342,14268181,3652654336,3652.654336,23,52,168,3,20250630_204522
1751283862.2555182,14268220,3652664320,3652.66432,28,52,168,3,20250630_204522
1751283862.2655022,14268259,3652674304,3652.674304,34,51,167,3,20250630_204522
1751283862.2754862,14268298,3652684288,3652.684288,39,52,167,3,20250630_204522
1751283862.2854702,14268337,3652694272,3652.694272,43,51,166,3,20250630_204522
1751283862.2954545,14268376,3652704256,3652.704256,48,54,166,3,20250630_204522
1751283862.3054385,14268415,3652714240,3652.71424,52,48,164,3,20250630_204522
1751283862.3154223,14268454,3652724224,3652.724224,57,50,162,3,20250630_204522
1751283862.3254063,14268493,3652734208,3652.734208,61,50,159,3,20250630_204522
1751283862.33539,14268532,3652744192,3652.744192,65,54,151,3,20250630_204522
1751283862.345374,14268571,3652754176,3652.754176,68,51,145,3,20250630_204522
1751283862.355358,14268610,3652764160,3652.76416,72,50,134,3,20250630_204522
1751283862.365342,14268649,3652774144,3652.774144,76,49,127,3,20250630_204522
1751283862.3755822,14268689,3652784384,3652.784384,80,50,122,3,20250630_204522
1751283862.3855662,14268728,3652794368,3652.794368,84,49,115,3,20250630_204522
1751283862.3955505,14268767,3652804352,3652.804352,89,50,108,3,20250630_204522
1751283862.4055345,14268806,3652814336,3652.814336,94,49,105,3,20250630_204522
1751283862.4155183,14268845,3652824320,3652.82432,99,50,100,3,20250630_204522
1751283862.4255023,14268884,3652834304,3652.834304,104,46,98,3,20250630_204522
1751283862.4354863,14268923,3652844288,3652.844288,110,54,100,3,20250630_204522
1751283862.44547,14268962,3652854272,3652.854272,116,52,99,3,20250630_204522
1751283862.455454,14269001,3652864256,3652.864256,122,51,99,3,20250630_204522
1751283862.465438,14269040,3652874240,3652.87424,127,49,100,3,20250630_204522
1751283862.475422,14269079,3652884224,3652.884224,133,49,102,3,20250630_204522
1751283862.4854062,14269118,3652894208,3652.894208,139,47,100,3,20250630_204522
1751283862.4953902,14269157,3652904192,3652.904192,144,48,102,3,20250630_204522
1751283862.5053742,14269196,3652914176,3652.914176,150,49,104,3,20250630_204522
1751283862.5156145,14269236,3652924416,3652.924416,155,50,104,3,20250630_204522
1751283862.5255983,14269275,3652934400,3652.9344,160,48,106,3,20250630_204522
1751283862.5355823,14269314,3652944384,3652.944384,165,49,108,3,20250630_204522
1751283862.5455663,14269353,3652954368,3652.954368,170,48,108,3,20250630_204522
1751283862.55555,14269392,3652964352,3652.964352,174,52,111,3,20250630_204522
1751283862.565534,14269431,3652974336,3652.974336,178,53,114,3,20250630_204522
1751283862.575518,14269470,3652984320,3652.98432,182,56,119,3,20250630_204522
1751283862.585502,14269509,3652994304,3652.994304,186,52,127,3,20250630_204522
1751283862.5954862,14269548,3653004288,3653.004288,190,52,133,3,20250630_204522
1751283862.6054702,14269587,3653014272,3653.014272,194,48,139,3,20250630_204522
1751283862.6154542,14269626,3653024256,3653.024256,198,49,145,3,20250630_204522
1751283862.6254382,14269665,3653034240,3653.03424,202,49,148,3,20250630_204522
1751283862.6354222,14269704,3653044224,3653.044224,206,51,154,3,20250630_204522
1751283862.6454062,14269743,3653054208,3653.054208,210,49,160,3,20250630_204522
1751283862.6556463,14269783,3653064448,3653.064448,215,49,162,3,20250630_204522
1751283862.66563,14269822,3653074432,3653.074432,220,49,162,3,20250630_204522
1751283862.675614,14269861,3653084416,3653.084416,225,49,163,3,20250630_204522
1751283862.685598,14269900,3653094400,3653.0944,230,47,164,3,20250630_204522
1751283862.6955822,14269939,3653104384,3653.104384,236,51,166,3,20250630_204522
1751283862.7055662,14269978,3653114368,3653.114368,242,48,166,3,20250630_204522
1751283862.7155502,14270017,3653124352,3653.124352,248,55,166,3,20250630_204522
1751283862.7255342,14270056,3653134336,3653.134336,253,50,166,3,20250630_204522
1751283862.7355182,14270095,3653144320,3653.14432,4,50,169,3,20250630_204522
1751283862.7455022,14270134,3653154304,3653.154304,10,51,167,3,20250630_204522
1751283862.7554862,14270173,3653164288,3653.164288,16,52,168,3,20250630_204522
1751283862.7654705,14270212,3653174272,3653.174272,21,50,166,3,20250630_204522
1751283862.7754543,14270251,3653184256,3653.184256,27,50,169,3,20250630_204522
1751283862.7854383,14270290,3653194240,3653.19424,32,49,167,3,20250630_204522
1751283862.7954223,14270329,3653204224,3653.204224,37,50,166,3,20250630_204522
1751283862.8056622,14270369,3653214464,3653.214464,42,47,166,3,20250630_204522
1751283862.8156462,14270408,3653224448,3653.224448,47,48,164,3,20250630_204522
1751283862.8256302,14270447,3653234432,3653.234432,51,46,162,3,20250630_204522
1751283862.8356142,14270486,3653244416,3653.244416,55,50,162,3,20250630_204522
1751283862.8455982,14270525,3653254400,3653.2544,60,48,154,3,20250630_204522
1751283862.8555822,14270564,3653264384,3653.264384,63,51,146,3,20250630_204522
1751283862.8655665,14270603,3653274368,3653.274368,67,49,136,3,20250630_204522
1751283862.8755505,14270642,3653284352,3653.284352,71,49,128,3,20250630_204522
1751283862.8855343,14270681,3653294336,3653.294336,75,48,123,3,20250630_204522
1751283862.8955183,14270720,3653304320,3653.30432,79,49,114,3,20250630_204522
1751283862.9055023,14270759,3653314304,3653.314304,84,47,110,3,20250630_204522
1751283862.915486,14270798,3653324288,3653.324288,88,48,104,3,20250630_204522
1751283862.92547,14270837,3653334272,3653.334272,93,48,101,3,20250630_204522
1751283862.935454,14270876,3653344256,3653.344256,99,48,98,3,20250630_204522
1751283862.945438,14270915,3653354240,3653.35424,104,47,99,3,20250630_204522
1751283862.9556782,14270955,3653364480,3653.36448,110,49,98,3,20250630_204522
1751283862.9656622,14270994,3653374464,3653.374464,115,48,100,3,20250630_204522
1751283862.9756465,14271033,3653384448,3653.384448,121,50,100,3,20250630_204522
1751283862.9856305,14271072,3653394432,3653.394432,127,48,99,3,20250630_204522
1751283862.9956143,14271111,3653404416,3653.404416,133,48,100,3,20250630_204522
1751283863.0055983,14271150,3653414400,3653.4144,139,47,99,3,20250630_204522
1751283863.0155823,14271189,3653424384,3653.424384,144,48,100,3,20250630_204522
1751283863.025566,14271228,3653434368,3653.434368,150,50,101,3,20250630_204522
1751283863.03555,14271267,3653444352,3653.444352,155,51,102,3,20250630_204522
1751283863.045534,14271306,3653454336,3653.454336,160,50,104,3,20250630_204522
1751283863.0555182,14271345,3653464320,3653.46432,165,49,105,3,20250630_204522
1751283863.0655022,14271384,3653474304,3653.474304,170,47,106,3,20250630_204522
1751283863.0754862,14271423,3653484288,3653.484288,175,48,107,3,20250630_204522
1751283863.0854702,14271462,3653494272,3653.494272,179,47,112,3,20250630_204522
1751283863.0957105,14271502,3653504512,3653.504512,183,47,117,3,20250630_204522
1751283863.1056943,14271541,3653514496,3653.514496,187,46,123,3,20250630_204522
1751283863.1156783,14271580,3653524480,3653.52448,191,48,128,3,20250630_204522
1751283863.125662,14271619,3653534464,3653.534464,194,46,136,3,20250630_204522
1751283863.135646,14271658,3653544448,3653.544448,198,48,143,3,20250630_204522
1751283863.14563,14271697,3653554432,3653.554432,202,47,148,3,20250630_204522
1751283863.155614,14271736,3653564416,3653.564416,207,48,154,3,20250630_204522
1751283863.1655982,14271775,3653574400,3653.5744,211,48,158,3,20250630_204522
1751283863.1755822,14271814,3653584384,3653.584384,216,48,161,3,20250630_204522
1751283863.1855662,14271853,3653594368,3653.594368,221,49,162,3,20250630_204522
1751283863.1955502,14271892,3653604352,3653.604352,226,48,162,3,20250630_204522
1751283863.2055342,14271931,3653614336,3653.614336,231,48,163,3,20250630_204522
1751283863.2155182,14271970,3653624320,3653.62432,236,48,164,3,20250630_204522
1751283863.2255025,14272009,3653634304,3653.634304,242,47,166,3,20250630_204522
1751283863.2354865,14272048,3653644288,3653.644288,248,48,167,3,20250630_204522
1751283863.245726,14272088,3653654528,3653.654528,254,47,166,3,20250630_204522
1751283863.25571,14272127,3653664512,3653.664512,4,48,167,3,20250630_204522
1751283863.265694,14272166,3653674496,3653.674496,10,47,167,3,20250630_204522
1751283863.2756782,14272205,3653684480,3653.68448,16,49,167,3,20250630_204522
1751283863.2856622,14272244,3653694464,3653.694464,22,49,167,3,20250630_204522
1751283863.2956462,14272283,3653704448,3653.704448,27,49,168,3,20250630_204522
1751283863.3056302,14272322,3653714432,3653.714432,32,48,167,3,20250630_204522
1751283863.3156142,14272361,3653724416,3653.724416,37,49,167,3,20250630_204522
1751283863.3255982,14272400,3653734400,3653.7344,42,47,168,3,20250630_204522
1751283863.3355825,14272439,3653744384,3653.744384,47,48,166,3,20250630_204522
1751283863.3455665,14272478,3653754368,3653.754368,52,46,165,3,20250630_204522
1751283863.3555503,14272517,3653764352,3653.764352,56,48,164,3,20250630_204522
1751283863.3655343,14272556,3653774336,3653.774336,60,47,160,3,20250630_204522
1751283863.3755183,14272595,3653784320,3653.78432,64,49,152,3,20250630_204522
1751283863.3857582,14272635,3653794560,3653.79456,67,48,145,3,20250630_204522
1751283863.3957422,14272674,3653804544,3653.804544,71,48,135,3,20250630_204522
1751283863.4057262,14272713,3653814528,3653.814528,75,46,127,3,20250630_204522
1751283863.4157102,14272752,3653824512,3653.824512,79,47,121,3,20250630_204522
1751283863.4256942,14272791,3653834496,3653.834496,83,47,113,3,20250630_204522
1751283863.4356782,14272830,3653844480,3653.84448,88,47,107,3,20250630_204522
1751283863.4456625,14272869,3653854464,3653.854464,93,46,103,3,20250630_204522
1751283863.4556465,14272908,3653864448,3653.864448,98,47,100,3,20250630_204522
1751283863.4656303,14272947,3653874432,3653.874432,104,46,99,3,20250630_204522
1751283863.4756143,14272986,3653884416,3653.884416,109,47,99,3,20250630_204522
1751283863.485598,14273025,3653894400,3653.8944,115,46,99,3,20250630_204522
1751283863.495582,14273064,3653904384,3653.904384,121,48,100,3,20250630_204522
1751283863.505566,14273103,3653914368,3653.914368,127,46,99,3,20250630_204522
1751283863.51555,14273142,3653924352,3653.924352,132,46,101,3,20250630_204522
1751283863.5255342,14273181,3653934336,3653.934336,138,45,100,3,20250630_204522
1751283863.5357742,14273221,3653944576,3653.944576,144,46,101,3,20250630_204522
1751283863.5457582,14273260,3653954560,3653.95456,149,46,103,3,20250630_204522
1751283863.5557425,14273299,3653964544,3653.964544,154,46,104,3,20250630_204522
1751283863.5657265,14273338,3653974528,3653.974528,160,46,105,3,20250630_204522
1751283863.5757103,14273377,3653984512,3653.984512,164,46,107,3,20250630_204522
1751283863.5856943,14273416,3653994496,3653.994496,169,45,110,3,20250630_204522
1751283863.595678,14273455,3654004480,3654.00448,174,47,109,3,20250630_204522
1751283863.605662,14273494,3654014464,3654.014464,178,46,114,3,20250630_204522
1751283863.615646,14273533,3654024448,3654.024448,182,46,118,3,20250630_204522
1751283863.62563,14273572,3654034432,3654.034432,186,45,124,3,20250630_204522
1751283863.6356142,14273611,3654044416,3654.044416,190,47,131,3,20250630_204522
1751283863.6455982,14273650,3654054400,3654.0544,194,45,138,3,20250630_204522
1751283863.6555822,14273689,3654064384,3654.064384,197,47,145,3,20250630_204522
1751283863.6655662,14273728,3654074368,3654.074368,201,45,149,3,20250630_204522
1751283863.6758063,14273768,3654084608,3654.084608,206,47,154,3,20250630_204522
1751283863.6857903,14273807,3654094592,3654.094592,210,45,159,3,20250630_204522
1751283863.6957743,14273846,3654104576,3654.104576,215,46,161,3,20250630_204522
1751283863.705758,14273885,3654114560,3654.11456,220,45,161,3,20250630_204522
1751283863.715742,14273924,3654124544,3654.124544,225,46,162,3,20250630_204522
1751283863.725726,14273963,3654134528,3654.134528,230,45,164,3,20250630_204522
1751283863.73571,14274002,3654144512,3654.144512,235,45,166,3,20250630_204522
1751283863.7456942,14274041,3654154496,3654.154496,241,45,167,3,20250630_204522
1751283863.7556782,14274080,3654164480,3654.16448,247,48,167,3,20250630_204522
1751283863.7656622,14274119,3654174464,3654.174464,253,45,167,3,20250630_204522
1751283863.7756462,14274158,3654184448,3654.184448,4,47,167,3,20250630_204522
1751283863.7856302,14274197,3654194432,3654.194432,9,47,168,3,20250630_204522
1751283863.7956142,14274236,3654204416,3654.204416,15,48,168,3,20250630_204522
1751283863.8055985,14274275,3654214400,3654.2144,21,48,167,3,20250630_204522
1751283863.815838,14274315,3654224640,3654.22464,26,46,167,3,20250630_204522
1751283863.825822,14274354,3654234624,3654.234624,32,46,168,3,20250630_204522
1751283863.835806,14274393,3654244608,3654.244608,37,47,167,3,20250630_204522
1751283863.84579,14274432,3654254592,3654.254592,42,45,164,3,20250630_204522
1751283863.8557742,14274471,3654264576,3654.264576,46,47,165,3,20250630_204522
1751283863.8657582,14274510,3654274560,3654.27456,51,44,164,3,20250630_204522
1751283863.8757422,14274549,3654284544,3654.284544,55,47,162,3,20250630_204522
1751283863.8857262,14274588,3654294528,3654.294528,59,45,157,3,20250630_204522
1751283863.8957102,14274627,3654304512,3654.304512,63,47,152,3,20250630_204522
1751283863.9056942,14274666,3654314496,3654.314496,67,46,142,3,20250630_204522
1751283863.9156785,14274705,3654324480,3654.32448,71,47,134,3,20250630_204522
1751283863.9256625,14274744,3654334464,3654.334464,74,45,127,3,20250630_204522
1751283863.9356463,14274783,3654344448,3654.344448,79,46,120,3,20250630_204522
1751283863.9456303,14274822,3654354432,3654.354432,83,44,114,3,20250630_204522
1751283863.955614,14274861,3654364416,3654.364416,87,46,106,3,20250630_204522
1751283863.9658542,14274901,3654374656,3654.374656,92,44,103,3,20250630_204522
1751283863.9758382,14274940,3654384640,3654.38464,97,45,99,3,20250630_204522
1751283863.9858222,14274979,3654394624,3654.394624,103,44,99,3,20250630_204522
1751283863.9958062,14275018,3654404608,3654.404608,109,46,98,3,20250630_204522
1751283864.0057902,14275057,3654414592,3654.414592,114,44,98,3,20250630_204522
1751283864.0157745,14275096,3654424576,3654.424576,120,46,100,3,20250630_204522
1751283864.0257585,14275135,3654434560,3654.43456,126,46,100,3,20250630_204522
1751283864.0357423,14275174,3654444544,3654.444544,132,46,101,3,20250630_204522
1751283864.0457263,14275213,3654454528,3654.454528,137,44,100,3,20250630_204522
1751283864.0557103,14275252,3654464512,3654.464512,143,44,101,3,20250630_204522
1751283864.065694,14275291,3654474496,3654.474496,149,45,103,3,20250630_204522
1751283864.075678,14275330,3654484480,3654.48448,154,45,103,3,20250630_204522
1751283864.085662,14275369,3654494464,3654.494464,159,45,103,3,20250630_204522
1751283864.095646,14275408,3654504448,3654.504448,164,45,106,3,20250630_204522
1751283864.1058862,14275448,3654514688,3654.514688,169,44,107,3,20250630_204522
1751283864.1158702,14275487,3654524672,3654.524672,173,45,108,3,20250630_204522
1751283864.1258545,14275526,3654534656,3654.534656,178,45,112,3,20250630_204522
1751283864.1358385,14275565,3654544640,3654.54464,182,45,117,3,20250630_204522
1751283864.1458223,14275604,3654554624,3654.554624,186,44,122,3,20250630_204522
1751283864.1558063,14275643,3654564608,3654.564608,190,45,128,3,20250630_204522
1751283864.1657903,14275682,3654574592,3654.574592,193,44,136,3,20250630_204522
1751283864.175774,14275721,3654584576,3654.584576,197,45,142,3,20250630_204522
1751283864.185758,14275760,3654594560,3654.59456,201,44,147,3,20250630_204522
1751283864.195742,14275799,3654604544,3654.604544,205,46,152,3,20250630_204522
1751283864.205726,14275838,3654614528,3654.614528,210,44,157,3,20250630_204522
1751283864.2157102,14275877,3654624512,3654.624512,214,45,162,3,20250630_204522
1751283864.2256942,14275916,3654634496,3654.634496,219,44,161,3,20250630_204522
1751283864.2356782,14275955,3654644480,3654.64448,224,45,162,3,20250630_204522
1751283864.2456622,14275994,3654654464,3654.654464,229,44,164,3,20250630_204522
1751283864.2559023,14276034,3654664704,3654.664704,235,46,165,3,20250630_204522
1751283864.2658863,14276073,3654674688,3654.674688,241,43,167,3,20250630_204522
1751283864.2758703,14276112,3654684672,3654.684672,246,46,167,3,20250630_204522
1751283864.285854,14276151,3654694656,3654.694656,252,46,167,3,20250630_204522
1751283864.295838,14276190,3654704640,3654.70464,3,46,168,3,20250630_204522
1751283864.305822,14276229,3654714624,3654.714624,9,46,168,3,20250630_204522
1751283864.3158062,14276268,3654724608,3654.724608,15,47,168,3,20250630_204522
1751283864.3257902,14276307,3654734592,3654.734592,20,47,168,3,20250630_204522
1751283864.3357742,14276346,3654744576,3654.744576,26,46,168,3,20250630_204522
1751283864.3457582,14276385,3654754560,3654.75456,31,45,168,3,20250630_204522
1751283864.3557422,14276424,3654764544,3654.764544,36,46,167,3,20250630_204522
1751283864.3657262,14276463,3654774528,3654.774528,41,45,167,3,20250630_204522
1751283864.3757102,14276502,3654784512,3654.784512,46,46,167,3,20250630_204522
1751283864.3856945,14276541,3654794496,3654.794496,50,44,165,3,20250630_204522
1751283864.395934,14276581,3654804736,3654.804736,55,46,164,3,20250630_204522
1751283864.405918,14276620,3654814720,3654.81472,59,45,160,3,20250630_204522
1751283864.415902,14276659,3654824704,3654.824704,63,47,152,3,20250630_204522
1751283864.4258862,14276698,3654834688,3654.834688,67,46,144,3,20250630_204522
1751283864.4358702,14276737,3654844672,3654.844672,70,46,133,3,20250630_204522
1751283864.4458542,14276776,3654854656,3654.854656,74,43,127,3,20250630_204522
1751283864.4558382,14276815,3654864640,3654.86464,78,45,121,3,20250630_204522
1751283864.4658222,14276854,3654874624,3654.874624,82,43,114,3,20250630_204522
1751283864.4758062,14276893,3654884608,3654.884608,87,45,108,3,20250630_204522
1751283864.4857905,14276932,3654894592,3654.894592,92,43,103,3,20250630_204522
1751283864.4957745,14276971,3654904576,3654.904576,97,45,99,3,20250630_204522
1751283864.5057583,14277010,3654914560,3654.91456,103,44,99,3,20250630_204522
1751283864.5157423,14277049,3654924544,3654.924544,108,46,99,3,20250630_204522
1751283864.5257263,14277088,3654934528,3654.934528,114,44,99,3,20250630_204522
1751283864.53571,14277127,3654944512,3654.944512,120,46,99,3,20250630_204522
1751283864.5459502,14277167,3654954752,3654.954752,125,45,100,3,20250630_204522
1751283864.5559342,14277206,3654964736,3654.964736,131,44,100,3,20250630_204522
1751283864.5659182,14277245,3654974720,3654.97472,137,43,99,3,20250630_204522
1751283864.5759022,14277284,3654984704,3654.984704,143,44,101,3,20250630_204522
1751283864.5858862,14277323,3654994688,3654.994688,148,44,101,3,20250630_204522
1751283864.5958705,14277362,3655004672,3655.004672,154,44,102,3,20250630_204522
1751283864.6058545,14277401,3655014656,3655.014656,159,44,103,3,20250630_204522
1751283864.6158383,14277440,3655024640,3655.02464,164,44,105,3,20250630_204522
1751283864.6258223,14277479,3655034624,3655.034624,169,43,106,3,20250630_204522
1751283864.6358063,14277518,3655044608,3655.044608,173,45,107,3,20250630_204522
1751283864.64579,14277557,3655054592,3655.054592,178,43,111,3,20250630_204522
1751283864.655774,14277596,3655064576,3655.064576,182,44,114,3,20250630_204522
1751283864.665758,14277635,3655074560,3655.07456,186,44,121,3,20250630_204522
1751283864.675742,14277674,3655084544,3655.084544,190,45,127,3,20250630_204522
1751283864.6857262,14277713,3655094528,3655.094528,193,43,134,3,20250630_204522
1751283864.6959662,14277753,3655104768,3655.104768,197,45,140,3,20250630_204522
1751283864.7059505,14277792,3655114752,3655.114752,201,43,146,3,20250630_204522
1751283864.7159345,14277831,3655124736,3655.124736,205,45,150,3,20250630_204522
1751283864.7259183,14277870,3655134720,3655.13472,210,43,156,3,20250630_204522
1751283864.7359023,14277909,3655144704,3655.144704,214,44,161,3,20250630_204522
1751283864.745886,14277948,3655154688,3655.154688,219,44,161,3,20250630_204522
1751283864.75587,14277987,3655164672,3655.164672,224,45,162,3,20250630_204522
1751283864.765854,14278026,3655174656,3655.174656,229,43,163,3,20250630_204522
1751283864.775838,14278065,3655184640,3655.18464,235,45,165,3,20250630_204522
1751283864.7858222,14278104,3655194624,3655.194624,240,43,166,3,20250630_204522
1751283864.7958062,14278143,3655204608,3655.204608,246,45,168,3,20250630_204522
1751283864.8057902,14278182,3655214592,3655.214592,252,44,167,3,20250630_204522
1751283864.8157742,14278221,3655224576,3655.224576,3,47,167,3,20250630_204522
1751283864.8257582,14278260,3655234560,3655.23456,9,45,167,3,20250630_204522
1751283864.8359983,14278300,3655244800,3655.2448,14,46,168,3,20250630_204522
1751283864.8459823,14278339,3655254784,3655.254784,20,45,168,3,20250630_204522
1751283864.855966,14278378,3655264768,3655.264768,26,46,168,3,20250630_204522
1751283864.86595,14278417,3655274752,3655.274752,31,45,168,3,20250630_204522
1751283864.875934,14278456,3655284736,3655.284736,36,45,168,3,20250630_204522
1751283864.885918,14278495,3655294720,3655.29472,41,43,167,3,20250630_204522
1751283864.8959022,14278534,3655304704,3655.304704,46,45,167,3,20250630_204522
1751283864.9058862,14278573,3655314688,3655.314688,50,44,166,3,20250630_204522
1751283864.9158702,14278612,3655324672,3655.324672,55,45,165,3,20250630_204522
1751283864.9258542,14278651,3655334656,3655.334656,59,42,161,3,20250630_204522
1751283864.9358382,14278690,3655344640,3655.34464,63,45,155,3,20250630_204522
1751283864.9458222,14278729,3655354624,3655.354624,66,44,147,3,20250630_204522
1751283864.9558065,14278768,3655364608,3655.364608,70,46,137,3,20250630_204522
1751283864.9657905,14278807,3655374592,3655.374592,74,44,128,3,20250630_204522
1751283864.97603,14278847,3655384832,3655.384832,78,45,122,3,20250630_204522
1751283864.986014,14278886,3655394816,3655.394816,82,43,116,3,20250630_204522
1751283864.995998,14278925,3655404800,3655.4048,87,44,108,3,20250630_204522
1751283865.0059822,14278964,3655414784,3655.414784,92,42,103,3,20250630_204522
1751283865.0159662,14279003,3655424768,3655.424768,97,45,100,3,20250630_204522
1751283865.0259502,14279042,3655434752,3655.434752,102,43,98,3,20250630_204522
1751283865.0359342,14279081,3655444736,3655.444736,108,46,99,3,20250630_204522
1751283865.0459182,14279120,3655454720,3655.45472,114,43,98,3,20250630_204522
1751283865.0559022,14279159,3655464704,3655.464704,119,45,100,3,20250630_204522
1751283865.0658865,14279198,3655474688,3655.474688,125,44,100,3,20250630_204522
1751283865.0758705,14279237,3655484672,3655.484672,131,45,101,3,20250630_204522
1751283865.0858543,14279276,3655494656,3655.494656,137,43,99,3,20250630_204522
1751283865.0958383,14279315,3655504640,3655.50464,143,44,101,3,20250630_204522
1751283865.1058223,14279354,3655514624,3655.514624,148,43,102,3,20250630_204522
1751283865.115806,14279393,3655524608,3655.524608,153,44,104,3,20250630_204522
1751283865.1260462,14279433,3655534848,3655.534848,158,44,104,3,20250630_204522
1751283865.1360302,14279472,3655544832,3655.544832,163,44,105,3,20250630_204522
1751283865.1460142,14279511,3655554816,3655.554816,168,43,106,3,20250630_204522
1751283865.1559982,14279550,3655564800,3655.5648,173,44,108,3,20250630_204522
1751283865.1659822,14279589,3655574784,3655.574784,177,43,110,3,20250630_204522
1751283865.1759665,14279628,3655584768,3655.584768,181,44,115,3,20250630_204522
1751283865.1859505,14279667,3655594752,3655.594752,185,43,120,3,20250630_204522
1751283865.1959343,14279706,3655604736,3655.604736,189,44,127,3,20250630_204522
1751283865.2059183,14279745,3655614720,3655.61472,193,43,134,3,20250630_204522
1751283865.215902,14279784,3655624704,3655.624704,197,45,140,3,20250630_204522
1751283865.225886,14279823,3655634688,3655.634688,201,43,146,3,20250630_204522
1751283865.23587,14279862,3655644672,3655.644672,205,44,150,3,20250630_204522
1751283865.245854,14279901,3655654656,3655.654656,209,43,154,3,20250630_204522
1751283865.2558382,14279940,3655664640,3655.66464,214,45,161,3,20250630_204522
1751283865.2658222,14279979,3655674624,3655.674624,219,43,162,3,20250630_204522
1751283865.2760625,14280019,3655684864,3655.684864,224,45,162,3,20250630_204522
1751283865.2860465,14280058,3655694848,3655.694848,229,42,162,3,20250630_204522
1751283865.2960303,14280097,3655704832,3655.704832,234,44,165,3,20250630_204522
1751283865.3060143,14280136,3655714816,3655.714816,240,43,166,3,20250630_204522
1751283865.3159983,14280175,3655724800,3655.7248,246,45,167,3,20250630_204522
1751283865.325982,14280214,3655734784,3655.734784,251,43,167,3,20250630_204522
1751283865.335966,14280253,3655744768,3655.744768,2,45,168,3,20250630_204522
1751283865.34595,14280292,3655754752,3655.754752,8,45,168,3,20250630_204522
1751283865.355934,14280331,3655764736,3655.764736,14,46,169,3,20250630_204522
1751283865.3659182,14280370,3655774720,3655.77472,19,45,168,3,20250630_204522
1751283865.3759022,14280409,3655784704,3655.784704,25,45,169,3,20250630_204522
1751283865.3858862,14280448,3655794688,3655.794688,30,44,168,3,20250630_204522
1751283865.3958702,14280487,3655804672,3655.804672,36,45,169,3,20250630_204522
1751283865.4058542,14280526,3655814656,3655.814656,41,43,168,3,20250630_204522
1751283865.4160943,14280566,3655824896,3655.824896,45,45,168,3,20250630_204522
1751283865.4260783,14280605,3655834880,3655.83488,50,43,166,3,20250630_204522
1751283865.436062,14280644,3655844864,3655.844864,54,45,163,3,20250630_204522
1751283865.446046,14280683,3655854848,3655.854848,58,44,162,3,20250630_204522
1751283865.45603,14280722,3655864832,3655.864832,62,45,156,3,20250630_204522
1751283865.466014,14280761,3655874816,3655.874816,66,43,148,3,20250630_204522
1751283865.4759982,14280800,3655884800,3655.8848,70,46,139,3,20250630_204522
1751283865.4859822,14280839,3655894784,3655.894784,74,43,129,3,20250630_204522
1751283865.4959662,14280878,3655904768,3655.904768,78,43,123,3,20250630_204522
1751283865.5059502,14280917,3655914752,3655.914752,82,42,116,3,20250630_204522
1751283865.5159342,14280956,3655924736,3655.924736,86,44,107,3,20250630_204522
1751283865.5259182,14280995,3655934720,3655.93472,91,43,103,3,20250630_204522
1751283865.5359025,14281034,3655944704,3655.944704,96,46,98,3,20250630_204522
1751283865.5458865,14281073,3655954688,3655.954688,102,44,99,3,20250630_204522
1751283865.556126,14281113,3655964928,3655.964928,107,45,98,3,20250630_204522
1751283865.56611,14281152,3655974912,3655.974912,113,44,99,3,20250630_204522
1751283865.5760942,14281191,3655984896,3655.984896,119,45,100,3,20250630_204522
1751283865.5860782,14281230,3655994880,3655.99488,125,44,100,3,20250630_204522
1751283865.5960622,14281269,3656004864,3656.004864,130,45,100,3,20250630_204522
1751283865.6060462,14281308,3656014848,3656.014848,136,42,99,3,20250630_204522
1751283865.6160302,14281347,3656024832,3656.024832,142,43,101,3,20250630_204522
1751283865.6260142,14281386,3656034816,3656.034816,148,43,102,3,20250630_204522
1751283865.6359982,14281425,3656044800,3656.0448,153,44,103,3,20250630_204522
1751283865.6459825,14281464,3656054784,3656.054784,158,44,104,3,20250630_204522
1751283865.656222,14281504,3656065024,3656.065024,163,44,105,3,20250630_204522
1751283865.666206,14281543,3656075008,3656.075008,168,44,107,3,20250630_204522
1751283865.67619,14281582,3656084992,3656.084992,172,44,107,3,20250630_204522
1751283865.6861742,14281621,3656094976,3656.094976,177,42,108,3,20250630_204522
1751283865.6961582,14281660,3656104960,3656.10496,181,44,114,3,20250630_204522
1751283865.7061422,14281699,3656114944,3656.114944,185,43,119,3,20250630_204522
1751283865.7163825,14281739,3656125184,3656.125184,189,44,127,3,20250630_204522
1751283865.7263663,14281778,3656135168,3656.135168,193,43,133,3,20250630_204522
1751283865.7363503,14281817,3656145152,3656.145152,197,44,140,3,20250630_204522
1751283865.7463343,14281856,3656155136,3656.155136,201,43,146,3,20250630_204522
1751283865.756318,14281895,3656165120,3656.16512,205,45,150,3,20250630_204522
1751283865.766302,14281934,3656175104,3656.175104,209,44,154,3,20250630_204522
1751283865.776286,14281973,3656185088,3656.185088,214,45,161,3,20250630_204522
1751283865.7865262,14282013,3656195328,3656.195328,218,43,162,3,20250630_204522
1751283865.7965102,14282052,3656205312,3656.205312,223,45,162,3,20250630_204522
1751283865.8064942,14282091,3656215296,3656.215296,228,43,163,3,20250630_204522
1751283865.8164785,14282130,3656225280,3656.22528,234,44,165,3,20250630_204522
1751283865.8264625,14282169,3656235264,3656.235264,239,44,166,3,20250630_204522
1751283865.8364463,14282208,3656245248,3656.245248,245,44,167,3,20250630_204522
1751283865.8464303,14282247,3656255232,3656.255232,251,44,167,3,20250630_204522
1751283865.85667,14282287,3656265472,3656.265472,2,45,168,3,20250630_204522
1751283865.8666542,14282326,3656275456,3656.275456,8,45,167,3,20250630_204522
1751283865.8766382,14282365,3656285440,3656.28544,13,45,166,3,20250630_204522
1751283865.8866222,14282404,3656295424,3656.295424,19,45,168,3,20250630_204522
1751283865.8966062,14282443,3656305408,3656.305408,25,45,168,3,20250630_204522
1751283865.9065902,14282482,3656315392,3656.315392,30,45,169,3,20250630_204522
1751283865.9165742,14282521,3656325376,3656.325376,35,45,169,3,20250630_204522
1751283865.9265585,14282560,3656335360,3656.33536,40,44,168,3,20250630_204522
1751283865.936798,14282600,3656345600,3656.3456,45,45,166,3,20250630_204522
1751283865.946782,14282639,3656355584,3656.355584,50,45,165,3,20250630_204522
1751283865.956766,14282678,3656365568,3656.365568,54,45,165,3,20250630_204522
1751283865.96675,14282717,3656375552,3656.375552,58,44,163,3,20250630_204522
1751283865.9767342,14282756,3656385536,3656.385536,62,45,157,3,20250630_204522
1751283865.9867182,14282795,3656395520,3656.39552,66,44,151,3,20250630_204522
1751283865.9969585,14282835,3656405760,3656.40576,70,46,141,3,20250630_204522
1751283866.0069425,14282874,3656415744,3656.415744,73,44,131,3,20250630_204522
1751283866.0169263,14282913,3656425728,3656.425728,77,44,125,3,20250630_204522
1751283866.0269103,14282952,3656435712,3656.435712,81,43,119,3,20250630_204522
1751283866.0368943,14282991,3656445696,3656.445696,86,45,110,3,20250630_204522
1751283866.046878,14283030,3656455680,3656.45568,91,48,105,3,20250630_204522
1751283866.056862,14283069,3656465664,3656.465664,96,46,102,3,20250630_204522
1751283866.066846,14283108,3656475648,3656.475648,101,57,100,3,20250630_204522
1751283866.0770862,14283148,3656485888,3656.485888,107,47,99,3,20250630_204522
1751283866.0870702,14283187,3656495872,3656.495872,112,45,98,3,20250630_204522
1751283866.0970542,14283226,3656505856,3656.505856,118,46,99,3,20250630_204522
1751283866.1070385,14283265,3656515840,3656.51584,124,45,98,3,20250630_204522
1751283866.1170225,14283304,3656525824,3656.525824,130,46,100,3,20250630_204522
1751283866.1270063,14283343,3656535808,3656.535808,136,44,99,3,20250630_204522
1751283866.137246,14283383,3656546048,3656.546048,142,45,100,3,20250630_204522
1751283866.14723,14283422,3656556032,3656.556032,147,47,102,3,20250630_204522
1751283866.1572142,14283461,3656566016,3656.566016,153,47,103,3,20250630_204522
1751283866.1671982,14283500,3656576000,3656.576,158,45,103,3,20250630_204522
1751283866.1771822,14283539,3656585984,3656.585984,163,46,104,3,20250630_204522
1751283866.1871662,14283578,3656595968,3656.595968,168,46,105,3,20250630_204522
1751283866.1971502,14283617,3656605952,3656.605952,172,47,106,3,20250630_204522
1751283866.2071342,14283656,3656615936,3656.615936,177,45,108,3,20250630_204522
1751283866.2171185,14283695,3656625920,3656.62592,181,46,112,3,20250630_204522
1751283866.2271025,14283734,3656635904,3656.635904,185,44,117,3,20250630_204522
1751283866.2370863,14283773,3656645888,3656.645888,189,46,122,3,20250630_204522
1751283866.247326,14283813,3656656128,3656.656128,193,46,130,3,20250630_204522
1751283866.2573102,14283852,3656666112,3656.666112,196,48,138,3,20250630_204522
1751283866.2672942,14283891,3656676096,3656.676096,200,47,144,3,20250630_204522
1751283866.2772782,14283930,3656686080,3656.68608,204,48,148,3,20250630_204522
1751283866.2872622,14283969,3656696064,3656.696064,209,47,153,3,20250630_204522
1751283866.2972462,14284008,3656706048,3656.706048,213,49,160,3,20250630_204522
1751283866.3072302,14284047,3656716032,3656.716032,218,46,161,3,20250630_204522
1751283866.3172145,14284086,3656726016,3656.726016,223,47,162,3,20250630_204522
1751283866.3271985,14284125,3656736000,3656.736,228,47,162,3,20250630_204522
1751283866.3371823,14284164,3656745984,3656.745984,233,47,163,3,20250630_204522
1751283866.3471663,14284203,3656755968,3656.755968,239,46,166,3,20250630_204522
1751283866.3571503,14284242,3656765952,3656.765952,244,46,167,3,20250630_204522
1751283866.367134,14284281,3656775936,3656.775936,250,45,167,3,20250630_204522
1751283866.377118,14284320,3656785920,3656.78592,1,46,167,3,20250630_204522
1751283866.387102,14284359,3656795904,3656.795904,7,47,167,3,20250630_204522
1751283866.3973422,14284399,3656806144,3656.806144,13,47,167,3,20250630_204522
1751283866.4073262,14284438,3656816128,3656.816128,18,48,167,3,20250630_204522
1751283866.4173102,14284477,3656826112,3656.826112,24,47,167,3,20250630_204522
1751283866.4272945,14284516,3656836096,3656.836096,29,47,167,3,20250630_204522
1751283866.4372785,14284555,3656846080,3656.84608,34,49,167,3,20250630_204522
1751283866.4472623,14284594,3656856064,3656.856064,39,48,168,3,20250630_204522
1751283866.4572463,14284633,3656866048,3656.866048,44,49,167,3,20250630_204522
1751283866.4672303,14284672,3656876032,3656.876032,49,56,165,3,20250630_204522
1751283866.477214,14284711,3656886016,3656.886016,53,49,163,3,20250630_204522
1751283866.487198,14284750,3656896000,3656.896,57,48,163,3,20250630_204522
1751283866.497182,14284789,3656905984,3656.905984,61,49,157,3,20250630_204522
1751283866.507166,14284828,3656915968,3656.915968,65,48,151,3,20250630_204522
1751283866.5171502,14284867,3656925952,3656.925952,69,49,141,3,20250630_204522
1751283866.5271342,14284906,3656935936,3656.935936,73,48,131,3,20250630_204522
1751283866.5373745,14284946,3656946176,3656.946176,77,48,124,3,20250630_204522
1751283866.5473585,14284985,3656956160,3656.95616,81,46,116,3,20250630_204522
1751283866.5573423,14285024,3656966144,3656.966144,85,47,110,3,20250630_204522
1751283866.5673263,14285063,3656976128,3656.976128,90,46,105,3,20250630_204522
1751283866.5773103,14285102,3656986112,3656.986112,95,48,101,3,20250630_204522
1751283866.587294,14285141,3656996096,3656.996096,100,48,99,3,20250630_204522
1751283866.597278,14285180,3657006080,3657.00608,106,62,99,3,20250630_204522
1751283866.607262,14285219,3657016064,3657.016064,112,48,98,3,20250630_204522
1751283866.6172462,14285258,3657026048,3657.026048,117,46,98,3,20250630_204522
1751283866.6272302,14285297,3657036032,3657.036032,123,47,98,3,20250630_204522
1751283866.6372142,14285336,3657046016,3657.046016,129,49,98,3,20250630_204522
1751283866.6471982,14285375,3657056000,3657.056,135,46,99,3,20250630_204522
1751283866.6571822,14285414,3657065984,3657.065984,141,47,101,3,20250630_204522
1751283866.6671662,14285453,3657075968,3657.075968,146,48,103,3,20250630_204522
1751283866.6771502,14285492,3657085952,3657.085952,151,49,103,3,20250630_204522
1751283866.68739,14285532,3657096192,3657.096192,157,50,102,3,20250630_204522
1751283866.697374,14285571,3657106176,3657.106176,162,48,103,3,20250630_204522
1751283866.707358,14285610,3657116160,3657.11616,167,47,105,3,20250630_204522
1751283866.717342,14285649,3657126144,3657.126144,171,49,105,3,20250630_204522
1751283866.7273262,14285688,3657136128,3657.136128,176,46,106,3,20250630_204522
1751283866.7373102,14285727,3657146112,3657.146112,180,49,110,3,20250630_204522
1751283866.7472942,14285766,3657156096,3657.156096,184,47,115,3,20250630_204522
1751283866.7572782,14285805,3657166080,3657.16608,188,49,121,3,20250630_204522
1751283866.7672622,14285844,3657176064,3657.176064,192,48,126,3,20250630_204522
1751283866.7772462,14285883,3657186048,3657.186048,196,50,134,3,20250630_204522
1751283866.7872305,14285922,3657196032,3657.196032,200,50,141,3,20250630_204522
1751283866.7972145,14285961,3657206016,3657.206016,204,50,146,3,20250630_204522
1751283866.8071983,14286000,3657216000,3657.216,208,49,150,3,20250630_204522
1751283866.8171823,14286039,3657225984,3657.225984,212,50,156,3,20250630_204522
1751283866.827422,14286079,3657236224,3657.236224,217,50,162,3,20250630_204522
1751283866.8374062,14286118,3657246208,3657.246208,222,47,161,3,20250630_204522
1751283866.8473902,14286157,3657256192,3657.256192,227,47,159,3,20250630_204522
1751283866.8573742,14286196,3657266176,3657.266176,232,52,164,3,20250630_204522
1751283866.8673582,14286235,3657276160,3657.27616,238,47,165,3,20250630_204522
1751283866.8773422,14286274,3657286144,3657.286144,243,48,167,3,20250630_204522
1751283866.8873262,14286313,3657296128,3657.296128,249,47,167,3,20250630_204522
1751283866.8973105,14286352,3657306112,3657.306112,0,50,167,3,20250630_204522
1751283866.9072945,14286391,3657316096,3657.316096,6,48,166,3,20250630_204522
1751283866.9172783,14286430,3657326080,3657.32608,11,51,167,3,20250630_204522
1751283866.9272623,14286469,3657336064,3657.336064,17,56,167,3,20250630_204522
1751283866.9372463,14286508,3657346048,3657.346048,23,51,168,3,20250630_204522
1751283866.94723,14286547,3657356032,3657.356032,28,48,167,3,20250630_204522
1751283866.957214,14286586,3657366016,3657.366016,33,51,167,3,20250630_204522
1751283866.9674542,14286626,3657376256,3657.376256,39,50,168,3,20250630_204522
1751283866.9774382,14286665,3657386240,3657.38624,43,53,167,3,20250630_204522
1751283866.9874222,14286704,3657396224,3657.396224,48,55,166,3,20250630_204522
1751283866.9974062,14286743,3657406208,3657.406208,52,50,166,3,20250630_204522
1751283867.0073905,14286782,3657416192,3657.416192,57,50,161,3,20250630_204522
1751283867.0173745,14286821,3657426176,3657.426176,61,49,155,3,20250630_204522
1751283867.0273583,14286860,3657436160,3657.43616,64,49,148,3,20250630_204522
1751283867.0373423,14286899,3657446144,3657.446144,68,51,138,3,20250630_204522
1751283867.047326,14286938,3657456128,3657.456128,72,50,130,3,20250630_204522
1751283867.05731,14286977,3657466112,3657.466112,76,50,123,3,20250630_204522
1751283867.067294,14287016,3657476096,3657.476096,80,49,117,3,20250630_204522
1751283867.077278,14287055,3657486080,3657.48608,84,48,110,3,20250630_204522
1751283867.0872622,14287094,3657496064,3657.496064,89,47,105,3,20250630_204522
1751283867.0972462,14287133,3657506048,3657.506048,94,51,100,3,20250630_204522
1751283867.1072302,14287172,3657516032,3657.516032,100,50,99,3,20250630_204522
1751283867.1174705,14287212,3657526272,3657.526272,105,52,99,3,20250630_204522
1751283867.1274543,14287251,3657536256,3657.536256,111,57,98,3,20250630_204522
1751283867.1374383,14287290,3657546240,3657.54624,116,50,99,3,20250630_204522
1751283867.1474223,14287329,3657556224,3657.556224,122,48,99,3,20250630_204522
1751283867.157406,14287368,3657566208,3657.566208,128,51,98,3,20250630_204522
1751283867.16739,14287407,3657576192,3657.576192,134,50,100,3,20250630_204522
1751283867.177374,14287446,3657586176,3657.586176,140,49,100,3,20250630_204522
1751283867.187358,14287485,3657596160,3657.59616,145,50,102,3,20250630_204522
1751283867.1973422,14287524,3657606144,3657.606144,151,51,101,3,20250630_204522
1751283867.2073262,14287563,3657616128,3657.616128,156,52,102,3,20250630_204522
1751283867.2173102,14287602,3657626112,3657.626112,161,52,101,3,20250630_204522
1751283867.2272942,14287641,3657636096,3657.636096,166,50,102,3,20250630_204522
1751283867.2372782,14287680,3657646080,3657.64608,171,51,103,3,20250630_204522
1751283867.2472622,14287719,3657656064,3657.656064,175,49,106,3,20250630_204522
1751283867.2575023,14287759,3657666304,3657.666304,180,54,110,3,20250630_204522
1751283867.267486,14287798,3657676288,3657.676288,184,50,114,3,20250630_204522
1751283867.27747,14287837,3657686272,3657.686272,188,51,120,3,20250630_204522
1751283867.287454,14287876,3657696256,3657.696256,191,51,126,3,20250630_204522
1751283867.297438,14287915,3657706240,3657.70624,195,53,134,3,20250630_204522
1751283867.3074222,14287954,3657716224,3657.716224,199,53,141,3,20250630_204522
1751283867.3174062,14287993,3657726208,3657.726208,203,53,145,3,20250630_204522
1751283867.3273902,14288032,3657736192,3657.736192,207,53,151,3,20250630_204522
1751283867.3373742,14288071,3657746176,3657.746176,212,55,156,3,20250630_204522
1751283867.3473582,14288110,3657756160,3657.75616,216,48,160,3,20250630_204522
1751283867.3573422,14288149,3657766144,3657.766144,221,60,162,3,20250630_204522
1751283867.3673265,14288188,3657776128,3657.776128,226,48,162,3,20250630_204522
1751283867.3773105,14288227,3657786112,3657.786112,232,49,162,3,20250630_204522
1751283867.3872943,14288266,3657796096,3657.796096,237,56,166,3,20250630_204522
1751283867.3972783,14288305,3657806080,3657.80608,243,53,167,3,20250630_204522
1751283867.407518,14288345,3657816320,3657.81632,248,50,167,3,20250630_204522
1751283867.4175022,14288384,3657826304,3657.826304,254,51,166,3,20250630_204522
1751283867.4274862,14288423,3657836288,3657.836288,5,51,166,3,20250630_204522
1751283867.4374702,14288462,3657846272,3657.846272,11,54,166,3,20250630_204522
1751283867.4474542,14288501,3657856256,3657.856256,16,50,166,3,20250630_204522
1751283867.4574382,14288540,3657866240,3657.86624,22,56,167,3,20250630_204522
1751283867.4674222,14288579,3657876224,3657.876224,27,51,168,3,20250630_204522
1751283867.4774065,14288618,3657886208,3657.886208,33,53,168,3,20250630_204522
1751283867.4873905,14288657,3657896192,3657.896192,38,51,167,3,20250630_204522
1751283867.4973743,14288696,3657906176,3657.906176,43,53,166,3,20250630_204522
1751283867.5073583,14288735,3657916160,3657.91616,47,59,165,3,20250630_204522
1751283867.517342,14288774,3657926144,3657.926144,52,57,165,3,20250630_204522
1751283867.527326,14288813,3657936128,3657.936128,56,53,163,3,20250630_204522
1751283867.53731,14288852,3657946112,3657.946112,60,55,159,3,20250630_204522
1751283867.5475502,14288892,3657956352,3657.956352,64,53,151,3,20250630_204522
1751283867.5575342,14288931,3657966336,3657.966336,68,56,143,3,20250630_204522
1751283867.5675182,14288970,3657976320,3657.97632,72,54,134,3,20250630_204522
1751283867.5775025,14289009,3657986304,3657.986304,75,53,127,3,20250630_204522
1751283867.5874865,14289048,3657996288,3657.996288,79,50,120,3,20250630_204522
1751283867.5974703,14289087,3658006272,3658.006272,84,51,112,3,20250630_204522
1751283867.6074543,14289126,3658016256,3658.016256,88,50,106,3,20250630_204522
1751283867.6174383,14289165,3658026240,3658.02624,93,56,102,3,20250630_204522
1751283867.627422,14289204,3658036224,3658.036224,99,50,98,3,20250630_204522
1751283867.637406,14289243,3658046208,3658.046208,104,61,100,3,20250630_204522
1751283867.64739,14289282,3658056192,3658.056192,110,55,98,3,20250630_204522
1751283867.657374,14289321,3658066176,3658.066176,115,52,99,3,20250630_204522
1751283867.6673582,14289360,3658076160,3658.07616,121,52,100,3,20250630_204522
1751283867.6773422,14289399,3658086144,3658.086144,127,53,99,3,20250630_204522
1751283867.6873262,14289438,3658096128,3658.096128,133,52,99,3,20250630_204522
1751283867.6975665,14289478,3658106368,3658.106368,139,53,100,3,20250630_204522
1751283867.7075503,14289517,3658116352,3658.116352,144,52,102,3,20250630_204522
1751283867.7175343,14289556,3658126336,3658.126336,150,53,102,3,20250630_204522
1751283867.7275183,14289595,3658136320,3658.13632,155,52,102,3,20250630_204522
1751283867.737502,14289634,3658146304,3658.146304,160,52,103,3,20250630_204522
1751283867.747486,14289673,3658156288,3658.156288,165,52,104,3,20250630_204522
1751283867.75747,14289712,3658166272,3658.166272,170,55,105,3,20250630_204522
1751283867.767454,14289751,3658176256,3658.176256,174,52,105,3,20250630_204522
1751283867.7774382,14289790,3658186240,3658.18624,179,55,108,3,20250630_204522
1751283867.7874222,14289829,3658196224,3658.196224,183,52,114,3,20250630_204522
1751283867.7974062,14289868,3658206208,3658.206208,187,54,119,3,20250630_204522
1751283867.8073902,14289907,3658216192,3658.216192,191,54,126,3,20250630_204522
1751283867.8173742,14289946,3658226176,3658.226176,194,55,132,3,20250630_204522
1751283867.8273582,14289985,3658236160,3658.23616,198,54,139,3,20250630_204522
1751283867.8375983,14290025,3658246400,3658.2464,202,55,145,3,20250630_204522
1751283867.847582,14290064,3658256384,3658.256384,206,58,150,3,20250630_204522
1751283867.857566,14290103,3658266368,3658.266368,211,51,156,3,20250630_204522
1751283867.86755,14290142,3658276352,3658.276352,215,57,160,3,20250630_204522
1751283867.8775342,14290181,3658286336,3658.286336,220,53,162,3,20250630_204522
1751283867.8875182,14290220,3658296320,3658.29632,225,50,161,3,20250630_204522
1751283867.8975022,14290259,3658306304,3658.306304,230,53,162,3,20250630_204522
1751283867.9074862,14290298,3658316288,3658.316288,236,59,164,3,20250630_204522
1751283867.9174702,14290337,3658326272,3658.326272,241,55,165,3,20250630_204522
1751283867.9274542,14290376,3658336256,3658.336256,247,54,167,3,20250630_204522
1751283867.9374382,14290415,3658346240,3658.34624,253,57,166,3,20250630_204522
1751283867.9474225,14290454,3658356224,3658.356224,4,54,166,3,20250630_204522
1751283867.9574063,14290493,3658366208,3658.366208,10,62,166,3,20250630_204522
1751283867.9673903,14290532,3658376192,3658.376192,15,54,166,3,20250630_204522
1751283867.97763,14290572,3658386432,3658.386432,21,66,166,3,20250630_204522
1751283867.9876142,14290611,3658396416,3658.396416,26,54,166,3,20250630_204522
1751283867.9975982,14290650,3658406400,3658.4064,32,56,167,3,20250630_204522
1751283868.0075822,14290689,3658416384,3658.416384,37,55,166,3,20250630_204522
1751283868.0175662,14290728,3658426368,3658.426368,42,56,166,3,20250630_204522
1751283868.0275502,14290767,3658436352,3658.436352,46,63,166,3,20250630_204522
1751283868.0375342,14290806,3658446336,3658.446336,51,61,164,3,20250630_204522
1751283868.0475185,14290845,3658456320,3658.45632,55,58,163,3,20250630_204522
1751283868.0575025,14290884,3658466304,3658.466304,59,58,159,3,20250630_204522
1751283868.0674863,14290923,3658476288,3658.476288,63,55,152,3,20250630_204522
1751283868.0774703,14290962,3658486272,3658.486272,67,57,143,3,20250630_204522
1751283868.0874543,14291001,3658496256,3658.496256,71,56,133,3,20250630_204522
1751283868.097438,14291040,3658506240,3658.50624,75,57,126,3,20250630_204522
1751283868.107422,14291079,3658516224,3658.516224,79,54,117,3,20250630_204522
1751283868.117406,14291118,3658526208,3658.526208,83,52,110,3,20250630_204522
1751283868.1276462,14291158,3658536448,3658.536448,88,52,104,3,20250630_204522
1751283868.1376302,14291197,3658546432,3658.546432,93,55,101,3,20250630_204522
1751283868.1476142,14291236,3658556416,3658.556416,98,52,98,3,20250630_204522
1751283868.1575985,14291275,3658566400,3658.5664,103,61,100,3,20250630_204522
1751283868.1675825,14291314,3658576384,3658.576384,109,61,98,3,20250630_204522
1751283868.1775663,14291353,3658586368,3658.586368,115,56,97,3,20250630_204522
1751283868.1875503,14291392,3658596352,3658.596352,120,55,99,3,20250630_204522
1751283868.1975343,14291431,3658606336,3658.606336,126,56,100,3,20250630_204522
1751283868.207518,14291470,3658616320,3658.61632,132,55,98,3,20250630_204522
1751283868.217502,14291509,3658626304,3658.626304,138,54,100,3,20250630_204522
1751283868.227486,14291548,3658636288,3658.636288,144,55,101,3,20250630_204522
1751283868.23747,14291587,3658646272,3658.646272,149,56,102,3,20250630_204522
1751283868.2474542,14291626,3658656256,3658.656256,154,59,101,3,20250630_204522
1751283868.2574382,14291665,3658666240,3658.66624,160,56,103,3,20250630_204522
1751283868.2676785,14291705,3658676480,3658.67648,165,55,103,3,20250630_204522
1751283868.2776625,14291744,3658686464,3658.686464,169,59,104,3,20250630_204522
1751283868.2876463,14291783,3658696448,3658.696448,174,55,104,3,20250630_204522
1751283868.2976303,14291822,3658706432,3658.706432,178,57,107,3,20250630_204522
1751283868.307614,14291861,3658716416,3658.716416,183,55,112,3,20250630_204522
1751283868.317598,14291900,3658726400,3658.7264,186,55,118,3,20250630_204522
1751283868.327582,14291939,3658736384,3658.736384,190,55,122,3,20250630_204522
1751283868.337566,14291978,3658746368,3658.746368,194,58,128,3,20250630_204522
1751283868.3475502,14292017,3658756352,3658.756352,198,57,136,3,20250630_204522
1751283868.3575342,14292056,3658766336,3658.766336,202,59,143,3,20250630_204522
1751283868.3675182,14292095,3658776320,3658.77632,206,60,148,3,20250630_204522
1751283868.3775022,14292134,3658786304,3658.786304,210,57,153,3,20250630_204522
1751283868.3874862,14292173,3658796288,3658.796288,215,55,158,3,20250630_204522
1751283868.3974702,14292212,3658806272,3658.806272,220,56,161,3,20250630_204522
1751283868.4074545,14292251,3658816256,3658.816256,225,53,161,3,20250630_204522
1751283868.417694,14292291,3658826496,3658.826496,230,54,162,3,20250630_204522
1751283868.427678,14292330,3658836480,3658.83648,235,58,164,3,20250630_204522
1751283868.437662,14292369,3658846464,3658.846464,241,64,166,3,20250630_204522
1751283868.447646,14292408,3658856448,3658.856448,247,58,166,3,20250630_204522
1751283868.4576302,14292447,3658866432,3658.866432,252,58,167,3,20250630_204522
1751283868.4676142,14292486,3658876416,3658.876416,3,59,166,3,20250630_204522
1751283868.4775982,14292525,3658886400,3658.8864,9,60,166,3,20250630_204522
1751283868.4875822,14292564,3658896384,3658.896384,15,59,166,3,20250630_204522
1751283868.4975662,14292603,3658906368,3658.906368,20,60,166,3,20250630_204522
1751283868.5075502,14292642,3658916352,3658.916352,26,58,166,3,20250630_204522
1751283868.5175345,14292681,3658926336,3658.926336,31,61,166,3,20250630_204522
1751283868.5275185,14292720,3658936320,3658.93632,36,57,166,3,20250630_204522
1751283868.5375023,14292759,3658946304,3658.946304,41,59,165,3,20250630_204522
1751283868.5474863,14292798,3658956288,3658.956288,46,66,164,3,20250630_204522
1751283868.557726,14292838,3658966528,3658.966528,50,63,164,3,20250630_204522
1751283868.5677102,14292877,3658976512,3658.976512,55,63,162,3,20250630_204522
1751283868.5776942,14292916,3658986496,3658.986496,59,62,157,3,20250630_204522
1751283868.5876782,14292955,3658996480,3658.99648,63,59,150,3,20250630_204522
1751283868.5976622,14292994,3659006464,3659.006464,66,60,140,3,20250630_204522
1751283868.6076462,14293033,3659016448,3659.016448,70,57,130,3,20250630_204522
1751283868.6176302,14293072,3659026432,3659.026432,74,57,124,3,20250630_204522
1751283868.6276145,14293111,3659036416,3659.036416,78,57,116,3,20250630_204522
1751283868.6375985,14293150,3659046400,3659.0464,83,60,110,3,20250630_204522
1751283868.6475823,14293189,3659056384,3659.056384,87,55,105,3,20250630_204522
1751283868.6575663,14293228,3659066368,3659.066368,92,58,100,3,20250630_204522
1751283868.66755,14293267,3659076352,3659.076352,98,57,98,3,20250630_204522
1751283868.677534,14293306,3659086336,3659.086336,103,60,99,3,20250630_204522
1751283868.687518,14293345,3659096320,3659.09632,109,66,99,3,20250630_204522
1751283868.6977582,14293385,3659106560,3659.10656,114,65,98,3,20250630_204522
1751283868.7077422,14293424,3659116544,3659.116544,120,59,99,3,20250630_204522
1751283868.7177262,14293463,3659126528,3659.126528,126,57,99,3,20250630_204522
1751283868.7277102,14293502,3659136512,3659.136512,132,57,98,3,20250630_204522
1751283868.7376945,14293541,3659146496,3659.146496,138,57,98,3,20250630_204522
1751283868.7476785,14293580,3659156480,3659.15648,143,57,100,3,20250630_204522
1751283868.7576623,14293619,3659166464,3659.166464,149,59,102,3,20250630_204522
1751283868.7676463,14293658,3659176448,3659.176448,154,58,102,3,20250630_204522
1751283868.77763,14293697,3659186432,3659.186432,159,58,102,3,20250630_204522
1751283868.787614,14293736,3659196416,3659.196416,164,60,104,3,20250630_204522
1751283868.797598,14293775,3659206400,3659.2064,169,58,105,3,20250630_204522
1751283868.807582,14293814,3659216384,3659.216384,174,56,105,3,20250630_204522
1751283868.8175662,14293853,3659226368,3659.226368,178,62,108,3,20250630_204522
1751283868.8275502,14293892,3659236352,3659.236352,182,59,113,3,20250630_204522
1751283868.8375342,14293931,3659246336,3659.246336,186,58,118,3,20250630_204522
1751283868.8477745,14293971,3659256576,3659.256576,190,57,125,3,20250630_204522
1751283868.8577583,14294010,3659266560,3659.26656,194,62,133,3,20250630_204522
1751283868.8677423,14294049,3659276544,3659.276544,198,61,139,3,20250630_204522
1751283868.8777263,14294088,3659286528,3659.286528,202,61,145,3,20250630_204522
1751283868.88771,14294127,3659296512,3659.296512,206,63,150,3,20250630_204522
1751283868.897694,14294166,3659306496,3659.306496,210,59,155,3,20250630_204522
1751283868.907678,14294205,3659316480,3659.31648,215,59,159,3,20250630_204522
1751283868.917662,14294244,3659326464,3659.326464,220,59,162,3,20250630_204522
1751283868.9276462,14294283,3659336448,3659.336448,225,61,161,3,20250630_204522
1751283868.9376302,14294322,3659346432,3659.346432,230,56,163,3,20250630_204522
1751283868.9476142,14294361,3659356416,3659.356416,235,54,164,3,20250630_204522
1751283868.9575982,14294400,3659366400,3659.3664,241,76,166,3,20250630_204522
1751283868.9675822,14294439,3659376384,3659.376384,247,65,165,3,20250630_204522
1751283868.9775662,14294478,3659386368,3659.386368,253,68,166,3,20250630_204522
1751283868.9878063,14294518,3659396608,3659.396608,3,60,166,3,20250630_204522
1751283868.99779,14294557,3659406592,3659.406592,9,63,165,3,20250630_204522
1751283869.007774,14294596,3659416576,3659.416576,15,61,166,3,20250630_204522
1751283869.017758,14294635,3659426560,3659.42656,21,63,167,3,20250630_204522
1751283869.027742,14294674,3659436544,3659.436544,26,60,167,3,20250630_204522
1751283869.0377262,14294713,3659446528,3659.446528,31,64,167,3,20250630_204522
1751283869.0477102,14294752,3659456512,3659.456512,37,59,166,3,20250630_204522
1751283869.0576942,14294791,3659466496,3659.466496,42,62,166,3,20250630_204522
1751283869.0676782,14294830,3659476480,3659.47648,46,66,166,3,20250630_204522
1751283869.0776622,14294869,3659486464,3659.486464,51,70,164,3,20250630_204522
1751283869.0876462,14294908,3659496448,3659.496448,55,66,162,3,20250630_204522
1751283869.0976305,14294947,3659506432,3659.506432,59,65,158,3,20250630_204522
1751283869.1076145,14294986,3659516416,3659.516416,63,63,151,3,20250630_204522
1751283869.1175983,14295025,3659526400,3659.5264,67,64,141,3,20250630_204522
1751283869.1275823,14295064,3659536384,3659.536384,71,60,132,3,20250630_204522
1751283869.1378222,14295104,3659546624,3659.546624,74,60,124,3,20250630_204522
1751283869.1478062,14295143,3659556608,3659.556608,79,62,117,3,20250630_204522
1751283869.1577902,14295182,3659566592,3659.566592,83,63,111,3,20250630_204522
1751283869.1677742,14295221,3659576576,3659.576576,87,57,105,3,20250630_204522
1751283869.1777582,14295260,3659586560,3659.58656,92,58,101,3,20250630_204522
1751283869.1877422,14295299,3659596544,3659.596544,98,68,99,3,20250630_204522
1751283869.1977262,14295338,3659606528,3659.606528,103,64,98,3,20250630_204522
1751283869.2077105,14295377,3659616512,3659.616512,109,61,99,3,20250630_204522
1751283869.2176943,14295416,3659626496,3659.626496,114,80,99,3,20250630_204522
1751283869.2276783,14295455,3659636480,3659.63648,120,62,100,3,20250630_204522
1751283869.2376623,14295494,3659646464,3659.646464,126,61,99,3,20250630_204522
1751283869.247646,14295533,3659656448,3659.656448,132,60,97,3,20250630_204522
1751283869.25763,14295572,3659666432,3659.666432,138,61,99,3,20250630_204522
1751283869.267614,14295611,3659676416,3659.676416,143,61,101,3,20250630_204522
1751283869.2778542,14295651,3659686656,3659.686656,149,58,100,3,20250630_204522
1751283869.2878382,14295690,3659696640,3659.69664,154,64,102,3,20250630_204522
1751283869.2978222,14295729,3659706624,3659.706624,159,62,102,3,20250630_204522
1751283869.3078065,14295768,3659716608,3659.716608,164,61,103,3,20250630_204522
1751283869.3177905,14295807,3659726592,3659.726592,169,60,103,3,20250630_204522
1751283869.3277743,14295846,3659736576,3659.736576,174,64,105,3,20250630_204522
1751283869.3377583,14295885,3659746560,3659.74656,178,60,109,3,20250630_204522
1751283869.3477423,14295924,3659756544,3659.756544,182,69,113,3,20250630_204522
1751283869.357726,14295963,3659766528,3659.766528,186,60,118,3,20250630_204522
1751283869.36771,14296002,3659776512,3659.776512,190,59,122,3,20250630_204522
1751283869.377694,14296041,3659786496,3659.786496,194,63,130,3,20250630_204522
1751283869.387678,14296080,3659796480,3659.79648,198,64,138,3,20250630_204522
1751283869.3976622,14296119,3659806464,3659.806464,202,62,144,3,20250630_204522
1751283869.4076462,14296158,3659816448,3659.816448,206,61,147,3,20250630_204522
1751283869.4178865,14296198,3659826688,3659.826688,210,67,153,3,20250630_204522
1751283869.4278705,14296237,3659836672,3659.836672,215,60,159,3,20250630_204522
1751283869.4378543,14296276,3659846656,3659.846656,220,65,161,3,20250630_204522
1751283869.4478383,14296315,3659856640,3659.85664,225,63,160,3,20250630_204522
1751283869.4578223,14296354,3659866624,3659.866624,230,59,162,3,20250630_204522
1751283869.467806,14296393,3659876608,3659.876608,235,61,164,3,20250630_204522
1751283869.47779,14296432,3659886592,3659.886592,241,77,166,3,20250630_204522
1751283869.487774,14296471,3659896576,3659.896576,247,67,166,3,20250630_204522
1751283869.4977582,14296510,3659906560,3659.90656,252,68,166,3,20250630_204522
1751283869.5077422,14296549,3659916544,3659.916544,3,62,165,3,20250630_204522
1751283869.5177262,14296588,3659926528,3659.926528,9,68,167,3,20250630_204522
1751283869.5277102,14296627,3659936512,3659.936512,15,64,167,3,20250630_204522
1751283869.5376942,14296666,3659946496,3659.946496,21,69,167,3,20250630_204522
1751283869.5476782,14296705,3659956480,3659.95648,26,63,168,3,20250630_204522
1751283869.5576622,14296744,3659966464,3659.966464,31,66,169,3,20250630_204522
1751283869.567902,14296784,3659976704,3659.976704,37,65,168,3,20250630_204522
1751283869.577886,14296823,3659986688,3659.986688,41,67,168,3,20250630_204522
1751283869.58787,14296862,3659996672,3659.996672,46,68,167,3,20250630_204522
1751283869.597854,14296901,3660006656,3660.006656,51,75,166,3,20250630_204522
1751283869.6078382,14296940,3660016640,3660.01664,55,71,165,3,20250630_204522
1751283869.6178222,14296979,3660026624,3660.026624,59,68,162,3,20250630_204522
1751283869.6278062,14297018,3660036608,3660.036608,63,65,156,3,20250630_204522
1751283869.6377902,14297057,3660046592,3660.046592,67,68,149,3,20250630_204522
1751283869.6477742,14297096,3660056576,3660.056576,71,63,140,3,20250630_204522
1751283869.6577582,14297135,3660066560,3660.06656,74,64,130,3,20250630_204522
1751283869.6677425,14297174,3660076544,3660.076544,78,59,124,3,20250630_204522
1751283869.6777265,14297213,3660086528,3660.086528,82,64,116,3,20250630_204522
1751283869.6877103,14297252,3660096512,3660.096512,87,64,109,3,20250630_204522
1751283869.6976943,14297291,3660106496,3660.106496,92,63,104,3,20250630_204522
1751283869.707934,14297331,3660116736,3660.116736,97,74,100,3,20250630_204522
1751283869.7179182,14297370,3660126720,3660.12672,102,61,98,3,20250630_204522
1751283869.7279022,14297409,3660136704,3660.136704,108,70,99,3,20250630_204522
1751283869.7378862,14297448,3660146688,3660.146688,114,73,99,3,20250630_204522
1751283869.7478702,14297487,3660156672,3660.156672,119,63,100,3,20250630_204522
1751283869.7578542,14297526,3660166656,3660.166656,125,63,100,3,20250630_204522
1751283869.7678382,14297565,3660176640,3660.17664,131,63,100,3,20250630_204522
1751283869.7778225,14297604,3660186624,3660.186624,137,63,98,3,20250630_204522
1751283869.7878065,14297643,3660196608,3660.196608,142,63,101,3,20250630_204522
1751283869.7977903,14297682,3660206592,3660.206592,148,65,101,3,20250630_204522
1751283869.8077743,14297721,3660216576,3660.216576,153,64,101,3,20250630_204522
1751283869.8177583,14297760,3660226560,3660.22656,159,61,102,3,20250630_204522
1751283869.827742,14297799,3660236544,3660.236544,164,62,103,3,20250630_204522
1751283869.837726,14297838,3660246528,3660.246528,168,64,104,3,20250630_204522
1751283869.84771,14297877,3660256512,3660.256512,173,62,107,3,20250630_204522
1751283869.8579502,14297917,3660266752,3660.266752,177,67,110,3,20250630_204522
1751283869.8679342,14297956,3660276736,3660.276736,182,65,113,3,20250630_204522
1751283869.8779182,14297995,3660286720,3660.28672,186,70,118,3,20250630_204522
1751283869.8879025,14298034,3660296704,3660.296704,189,64,125,3,20250630_204522
1751283869.8978865,14298073,3660306688,3660.306688,193,67,132,3,20250630_204522
1751283869.9078703,14298112,3660316672,3660.316672,197,65,139,3,20250630_204522
1751283869.9178543,14298151,3660326656,3660.326656,201,70,144,3,20250630_204522
1751283869.927838,14298190,3660336640,3660.33664,205,66,150,3,20250630_204522
1751283869.937822,14298229,3660346624,3660.346624,209,70,155,3,20250630_204522
1751283869.947806,14298268,3660356608,3660.356608,214,63,160,3,20250630_204522
1751283869.95779,14298307,3660366592,3660.366592,219,62,162,3,20250630_204522
1751283869.9677742,14298346,3660376576,3660.376576,224,105,161,3,20250630_204522
1751283869.9777582,14298385,3660386560,3660.38656,229,60,162,3,20250630_204522
1751283869.9877422,14298424,3660396544,3660.396544,235,59,164,3,20250630_204522
1751283869.9979825,14298464,3660406784,3660.406784,240,109,167,3,20250630_204522
1751283870.0079665,14298503,3660416768,3660.416768,246,69,166,3,20250630_204522
1751283870.0179503,14298542,3660426752,3660.426752,252,70,166,3,20250630_204522
1751283870.0279343,14298581,3660436736,3660.436736,3,65,167,3,20250630_204522
1751283870.037918,14298620,3660446720,3660.44672,8,73,165,3,20250630_204522
1751283870.047902,14298659,3660456704,3660.456704,14,67,167,3,20250630_204522
1751283870.057886,14298698,3660466688,3660.466688,20,78,168,3,20250630_204522
1751283870.06787,14298737,3660476672,3660.476672,25,68,168,3,20250630_204522
1751283870.0778542,14298776,3660486656,3660.486656,31,70,167,3,20250630_204522
1751283870.0878382,14298815,3660496640,3660.49664,36,68,168,3,20250630_204522
1751283870.0978222,14298854,3660506624,3660.506624,41,72,167,3,20250630_204522
1751283870.1078062,14298893,3660516608,3660.516608,46,76,166,3,20250630_204522
1751283870.1177902,14298932,3660526592,3660.526592,50,72,165,3,20250630_204522
1751283870.1277742,14298971,3660536576,3660.536576,54,72,164,3,20250630_204522
1751283870.1380143,14299011,3660546816,3660.546816,59,73,160,3,20250630_204522
1751283870.147998,14299050,3660556800,3660.5568,62,71,154,3,20250630_204522
1751283870.157982,14299089,3660566784,3660.566784,66,71,145,3,20250630_204522
1751283870.167966,14299128,3660576768,3660.576768,70,68,135,3,20250630_204522
1751283870.17795,14299167,3660586752,3660.586752,74,69,127,3,20250630_204522
1751283870.1879342,14299206,3660596736,3660.596736,78,66,120,3,20250630_204522
1751283870.1979182,14299245,3660606720,3660.60672,82,75,113,3,20250630_204522
1751283870.2079022,14299284,3660616704,3660.616704,87,61,106,3,20250630_204522
1751283870.2178862,14299323,3660626688,3660.626688,92,65,102,3,20250630_204522
1751283870.2278702,14299362,3660636672,3660.636672,97,63,98,3,20250630_204522
1751283870.2378542,14299401,3660646656,3660.646656,102,70,99,3,20250630_204522
1751283870.2478385,14299440,3660656640,3660.65664,108,65,99,3,20250630_204522
1751283870.2578225,14299479,3660666624,3660.666624,113,89,99,3,20250630_204522
1751283870.2678063,14299518,3660676608,3660.676608,119,67,100,3,20250630_204522
1751283870.278046,14299558,3660686848,3660.686848,125,66,114,3,20250630_204522
1751283870.28803,14299597,3660696832,3660.696832,131,65,98,3,20250630_204522
1751283870.2980142,14299636,3660706816,3660.706816,137,66,98,3,20250630_204522
1751283870.3079982,14299675,3660716800,3660.7168,142,67,101,3,20250630_204522
1751283870.3179822,14299714,3660726784,3660.726784,148,69,101,3,20250630_204522
1751283870.3279662,14299753,3660736768,3660.736768,153,69,101,3,20250630_204522
1751283870.3379502,14299792,3660746752,3660.746752,158,66,103,3,20250630_204522
1751283870.3479342,14299831,3660756736,3660.756736,163,68,102,3,20250630_204522
1751283870.3579185,14299870,3660766720,3660.76672,168,70,103,3,20250630_204522
1751283870.3679025,14299909,3660776704,3660.776704,173,67,105,3,20250630_204522
1751283870.3778863,14299948,3660786688,3660.786688,177,67,108,3,20250630_204522
1751283870.3878703,14299987,3660796672,3660.796672,182,67,111,3,20250630_204522
1751283870.397854,14300026,3660806656,3660.806656,186,70,117,3,20250630_204522
1751283870.407838,14300065,3660816640,3660.81664,189,66,121,3,20250630_204522
1751283870.417822,14300104,3660826624,3660.826624,193,68,128,3,20250630_204522
1751283870.4280622,14300144,3660836864,3660.836864,197,68,136,3,20250630_204522
1751283870.4380462,14300183,3660846848,3660.846848,201,71,142,3,20250630_204522
1751283870.4480302,14300222,3660856832,3660.856832,205,68,147,3,20250630_204522
1751283870.4580142,14300261,3660866816,3660.866816,209,72,153,3,20250630_204522
1751283870.4679985,14300300,3660876800,3660.8768,214,72,158,3,20250630_204522
1751283870.4779823,14300339,3660886784,3660.886784,219,66,162,3,20250630_204522
1751283870.4879663,14300378,3660896768,3660.896768,224,69,162,3,20250630_204522
1751283870.4979503,14300417,3660906752,3660.906752,229,70,161,3,20250630_204522
1751283870.507934,14300456,3660916736,3660.916736,234,63,164,3,20250630_204522
1751283870.517918,14300495,3660926720,3660.92672,240,71,166,3,20250630_204522
1751283870.527902,14300534,3660936704,3660.936704,245,74,166,3,20250630_204522
1751283870.537886,14300573,3660946688,3660.946688,251,72,167,3,20250630_204522
1751283870.5478702,14300612,3660956672,3660.956672,2,72,167,3,20250630_204522
1751283870.5578542,14300651,3660966656,3660.966656,8,74,168,3,20250630_204522
1751283870.5680945,14300691,3660976896,3660.976896,14,77,168,3,20250630_204522
1751283870.5780785,14300730,3660986880,3660.98688,19,70,168,3,20250630_204522
1751283870.5880623,14300769,3660996864,3660.996864,25,79,169,3,20250630_204522
1751283870.5980463,14300808,3661006848,3661.006848,30,73,169,3,20250630_204522
1751283870.6080303,14300847,3661016832,3661.016832,36,70,168,3,20250630_204522
1751283870.618014,14300886,3661026816,3661.026816,41,82,168,3,20250630_204522
1751283870.627998,14300925,3661036800,3661.0368,45,76,166,3,20250630_204522
1751283870.637982,14300964,3661046784,3661.046784,50,77,166,3,20250630_204522
1751283870.647966,14301003,3661056768,3661.056768,54,87,164,3,20250630_204522
1751283870.6579502,14301042,3661066752,3661.066752,58,80,160,3,20250630_204522
1751283870.6679342,14301081,3661076736,3661.076736,62,76,154,3,20250630_204522
1751283870.6779182,14301120,3661086720,3661.08672,66,72,146,3,20250630_204522
1751283870.6879022,14301159,3661096704,3661.096704,70,69,135,3,20250630_204522
1751283870.6978862,14301198,3661106688,3661.106688,74,70,127,3,20250630_204522
1751283870.7078702,14301237,3661116672,3661.116672,78,65,120,3,20250630_204522
1751283870.7181103,14301277,3661126912,3661.126912,82,70,113,3,20250630_204522
1751283870.728094,14301316,3661136896,3661.136896,86,67,108,3,20250630_204522
1751283870.738078,14301355,3661146880,3661.14688,91,69,103,3,20250630_204522
1751283870.748062,14301394,3661156864,3661.156864,97,72,99,3,20250630_204522
1751283870.7580462,14301433,3661166848,3661.166848,102,82,100,3,20250630_204522
1751283870.7680302,14301472,3661176832,3661.176832,107,68,99,3,20250630_204522
1751283870.7780142,14301511,3661186816,3661.186816,113,77,99,3,20250630_204522
1751283870.7879982,14301550,3661196800,3661.1968,119,71,100,3,20250630_204522
1751283870.7979822,14301589,3661206784,3661.206784,125,70,99,3,20250630_204522
1751283870.8079662,14301628,3661216768,3661.216768,131,67,99,3,20250630_204522
1751283870.8179502,14301667,3661226752,3661.226752,136,68,99,3,20250630_204522
1751283870.8279345,14301706,3661236736,3661.236736,142,73,101,3,20250630_204522
1751283870.8379183,14301745,3661246720,3661.24672,148,70,102,3,20250630_204522
1751283870.8479023,14301784,3661256704,3661.256704,153,70,102,3,20250630_204522
1751283870.858142,14301824,3661266944,3661.266944,158,72,103,3,20250630_204522
1751283870.8681262,14301863,3661276928,3661.276928,163,71,103,3,20250630_204522
1751283870.8781102,14301902,3661286912,3661.286912,168,76,103,3,20250630_204522
1751283870.8880942,14301941,3661296896,3661.296896,173,67,105,3,20250630_204522
1751283870.8980782,14301980,3661306880,3661.30688,177,71,108,3,20250630_204522
1751283870.9080622,14302019,3661316864,3661.316864,181,72,112,3,20250630_204522
1751283870.9180462,14302058,3661326848,3661.326848,185,76,117,3,20250630_204522
1751283870.9280305,14302097,3661336832,3661.336832,189,68,121,3,20250630_204522
1751283870.9380145,14302136,3661346816,3661.346816,193,71,128,3,20250630_204522
1751283870.9479983,14302175,3661356800,3661.3568,197,70,136,3,20250630_204522
1751283870.9579823,14302214,3661366784,3661.366784,201,75,143,3,20250630_204522
1751283870.9679663,14302253,3661376768,3661.376768,205,71,147,3,20250630_204522
1751283870.97795,14302292,3661386752,3661.386752,209,76,154,3,20250630_204522
1751283870.987934,14302331,3661396736,3661.396736,214,73,159,3,20250630_204522
1751283870.997918,14302370,3661406720,3661.40672,218,75,161,3,20250630_204522
1751283871.0081582,14302410,3661416960,3661.41696,223,70,162,3,20250630_204522
1751283871.0181422,14302449,3661426944,3661.426944,229,80,161,3,20250630_204522
1751283871.0281262,14302488,3661436928,3661.436928,234,71,164,3,20250630_204522
1751283871.0381105,14302527,3661446912,3661.446912,239,76,167,3,20250630_204522
1751283871.0480945,14302566,3661456896,3661.456896,245,83,167,3,20250630_204522
1751283871.0580783,14302605,3661466880,3661.46688,251,76,167,3,20250630_204522
1751283871.0680623,14302644,3661476864,3661.476864,2,75,167,3,20250630_204522
1751283871.0780463,14302683,3661486848,3661.486848,8,80,168,3,20250630_204522
1751283871.08803,14302722,3661496832,3661.496832,14,79,168,3,20250630_204522
1751283871.098014,14302761,3661506816,3661.506816,19,75,167,3,20250630_204522
1751283871.107998,14302800,3661516800,3661.5168,25,74,168,3,20250630_204522
1751283871.117982,14302839,3661526784,3661.526784,30,78,168,3,20250630_204522
1751283871.1279662,14302878,3661536768,3661.536768,35,74,167,3,20250630_204522
1751283871.1379502,14302917,3661546752,3661.546752,40,83,167,3,20250630_204522
1751283871.1479342,14302956,3661556736,3661.556736,45,79,166,3,20250630_204522
1751283871.1581745,14302996,3661566976,3661.566976,50,81,165,3,20250630_204522
1751283871.1681583,14303035,3661576960,3661.57696,54,89,164,3,20250630_204522
1751283871.1781423,14303074,3661586944,3661.586944,58,89,160,3,20250630_204522
1751283871.188126,14303113,3661596928,3661.596928,62,76,152,3,20250630_204522
1751283871.19811,14303152,3661606912,3661.606912,66,77,142,3,20250630_204522
1751283871.208094,14303191,3661616896,3661.616896,70,72,132,3,20250630_204522
1751283871.218078,14303230,3661626880,3661.62688,73,74,126,3,20250630_204522
1751283871.2280622,14303269,3661636864,3661.636864,78,71,118,3,20250630_204522
1751283871.2380462,14303308,3661646848,3661.646848,82,67,111,3,20250630_204522
1751283871.2480302,14303347,3661656832,3661.656832,86,69,104,3,20250630_204522
1751283871.2580142,14303386,3661666816,3661.666816,91,75,101,3,20250630_204522
1751283871.2679982,14303425,3661676800,3661.6768,97,103,98,3,20250630_204522
1751283871.2779822,14303464,3661686784,3661.686784,102,74,98,3,20250630_204522
1751283871.2879665,14303503,3661696768,3661.696768,108,70,98,3,20250630_204522
1751283871.298206,14303543,3661707008,3661.707008,113,130,99,3,20250630_204522
1751283871.30819,14303582,3661716992,3661.716992,119,75,99,3,20250630_204522
1751283871.318174,14303621,3661726976,3661.726976,125,70,99,3,20250630_204522
1751283871.328158,14303660,3661736960,3661.73696,131,69,97,3,20250630_204522
1751283871.3381422,14303699,3661746944,3661.746944,137,73,100,3,20250630_204522
1751283871.3481262,14303738,3661756928,3661.756928,142,71,100,3,20250630_204522
1751283871.3581102,14303777,3661766912,3661.766912,148,74,102,3,20250630_204522
1751283871.3680942,14303816,3661776896,3661.776896,153,73,102,3,20250630_204522
1751283871.3780782,14303855,3661786880,3661.78688,158,72,104,3,20250630_204522
1751283871.3880622,14303894,3661796864,3661.796864,164,70,103,3,20250630_204522
1751283871.3980465,14303933,3661806848,3661.806848,168,77,105,3,20250630_204522
1751283871.4080305,14303972,3661816832,3661.816832,173,75,105,3,20250630_204522
1751283871.4180143,14304011,3661826816,3661.826816,177,74,108,3,20250630_204522
1751283871.4279983,14304050,3661836800,3661.8368,182,77,112,3,20250630_204522
1751283871.438238,14304090,3661847040,3661.84704,186,78,118,3,20250630_204522
1751283871.4482222,14304129,3661857024,3661.857024,189,73,124,3,20250630_204522
1751283871.4582062,14304168,3661867008,3661.867008,193,73,130,3,20250630_204522
1751283871.4681902,14304207,3661876992,3661.876992,197,75,138,3,20250630_204522
1751283871.4781742,14304246,3661886976,3661.886976,201,80,145,3,20250630_204522
1751283871.4881582,14304285,3661896960,3661.89696,205,79,151,3,20250630_204522
1751283871.4981422,14304324,3661906944,3661.906944,209,76,154,3,20250630_204522
1751283871.5081265,14304363,3661916928,3661.916928,214,78,160,3,20250630_204522
1751283871.5181105,14304402,3661926912,3661.926912,219,76,162,3,20250630_204522
1751283871.5280943,14304441,3661936896,3661.936896,224,79,161,3,20250630_204522
1751283871.5380783,14304480,3661946880,3661.94688,229,80,162,3,20250630_204522
1751283871.5480623,14304519,3661956864,3661.956864,234,72,163,3,20250630_204522
1751283871.558046,14304558,3661966848,3661.966848,240,83,167,3,20250630_204522
1751283871.56803,14304597,3661976832,3661.976832,246,85,167,3,20250630_204522
1751283871.5782702,14304637,3661987072,3661.987072,251,83,166,3,20250630_204522
1751283871.5882542,14304676,3661997056,3661.997056,2,77,166,3,20250630_204522
1751283871.5982382,14304715,3662007040,3662.00704,8,84,165,3,20250630_204522
1751283871.6082222,14304754,3662017024,3662.017024,14,82,166,3,20250630_204522
1751283871.6182065,14304793,3662027008,3662.027008,19,78,168,3,20250630_204522
1751283871.6281905,14304832,3662036992,3662.036992,25,87,168,3,20250630_204522
1751283871.6381743,14304871,3662046976,3662.046976,30,82,168,3,20250630_204522
1751283871.6481583,14304910,3662056960,3662.05696,35,78,168,3,20250630_204522
1751283871.658142,14304949,3662066944,3662.066944,40,87,168,3,20250630_204522
1751283871.668126,14304988,3662076928,3662.076928,45,81,166,3,20250630_204522
1751283871.6783662,14305028,3662087168,3662.087168,50,84,166,3,20250630_204522
1751283871.6883502,14305067,3662097152,3662.097152,54,89,165,3,20250630_204522
1751283871.6983342,14305106,3662107136,3662.107136,58,95,163,3,20250630_204522
1751283871.7083182,14305145,3662117120,3662.11712,62,95,155,3,20250630_204522
1751283871.7183022,14305184,3662127104,3662.127104,66,85,148,3,20250630_204522
1751283871.7282865,14305223,3662137088,3662.137088,70,79,138,3,20250630_204522
1751283871.738526,14305263,3662147328,3662.147328,74,82,127,3,20250630_204522
1751283871.74851,14305302,3662157312,3662.157312,78,75,121,3,20250630_204522
1751283871.758494,14305341,3662167296,3662.167296,82,81,114,3,20250630_204522
1751283871.7684782,14305380,3662177280,3662.17728,86,71,107,3,20250630_204522
1751283871.7784622,14305419,3662187264,3662.187264,91,75,103,3,20250630_204522
1751283871.7884462,14305458,3662197248,3662.197248,97,76,98,3,20250630_204522
1751283871.7984302,14305497,3662207232,3662.207232,102,110,101,3,20250630_204522
1751283871.8086703,14305537,3662217472,3662.217472,108,79,99,3,20250630_204522
1751283871.8186543,14305576,3662227456,3662.227456,113,86,100,3,20250630_204522
1751283871.8286383,14305615,3662237440,3662.23744,119,94,99,3,20250630_204522
1751283871.838622,14305654,3662247424,3662.247424,125,85,100,3,20250630_204522
1751283871.848606,14305693,3662257408,3662.257408,131,75,97,3,20250630_204522
1751283871.85859,14305732,3662267392,3662.267392,136,80,98,3,20250630_204522
1751283871.868574,14305771,3662277376,3662.277376,142,83,100,3,20250630_204522
1751283871.8788142,14305811,3662287616,3662.287616,148,82,101,3,20250630_204522
1751283871.8887982,14305850,3662297600,3662.2976,153,80,100,3,20250630_204522
1751283871.8987825,14305889,3662307584,3662.307584,159,82,102,3,20250630_204522
1751283871.9087665,14305928,3662317568,3662.317568,164,82,102,3,20250630_204522
1751283871.9187503,14305967,3662327552,3662.327552,168,87,103,3,20250630_204522
1751283871.9287343,14306006,3662337536,3662.337536,173,81,104,3,20250630_204522
1751283871.9387183,14306045,3662347520,3662.34752,178,89,107,3,20250630_204522
1751283871.9489582,14306085,3662357760,3662.35776,182,79,112,3,20250630_204522
1751283871.9589422,14306124,3662367744,3662.367744,186,95,117,3,20250630_204522
1751283871.9689262,14306163,3662377728,3662.377728,190,89,122,3,20250630_204522
1751283871.9789102,14306202,3662387712,3662.387712,193,82,129,3,20250630_204522
1751283871.9888942,14306241,3662397696,3662.397696,197,81,136,3,20250630_204522
1751283871.9988782,14306280,3662407680,3662.40768,201,92,144,3,20250630_204522
1751283872.0088625,14306319,3662417664,3662.417664,205,88,149,3,20250630_204522
1751283872.019102,14306359,3662427904,3662.427904,210,88,155,3,20250630_204522
1751283872.029086,14306398,3662437888,3662.437888,214,81,159,3,20250630_204522
1751283872.03907,14306437,3662447872,3662.447872,219,91,162,3,20250630_204522
1751283872.049054,14306476,3662457856,3662.457856,224,76,163,3,20250630_204522
1751283872.0590382,14306515,3662467840,3662.46784,229,122,163,3,20250630_204522
1751283872.0690222,14306554,3662477824,3662.477824,235,75,166,3,20250630_204522
1751283872.0792625,14306594,3662488064,3662.488064,240,83,166,3,20250630_204522
1751283872.0892465,14306633,3662498048,3662.498048,246,117,166,3,20250630_204522
1751283872.0992303,14306672,3662508032,3662.508032,252,96,167,3,20250630_204522
1751283872.1092143,14306711,3662518016,3662.518016,3,86,166,3,20250630_204522
1751283872.1191983,14306750,3662528000,3662.528,8,89,167,3,20250630_204522
1751283872.129182,14306789,3662537984,3662.537984,14,95,168,3,20250630_204522
1751283872.139166,14306828,3662547968,3662.547968,20,90,168,3,20250630_204522
1751283872.14915,14306867,3662557952,3662.557952,25,102,168,3,20250630_204522
1751283872.1593902,14306907,3662568192,3662.568192,31,94,167,3,20250630_204522
1751283872.1693742,14306946,3662578176,3662.578176,36,93,167,3,20250630_204522
1751283872.1793582,14306985,3662588160,3662.58816,41,94,167,3,20250630_204522
1751283872.1893425,14307024,3662598144,3662.598144,46,90,166,3,20250630_204522
1751283872.1993265,14307063,3662608128,3662.608128,50,96,164,3,20250630_204522
1751283872.2093103,14307102,3662618112,3662.618112,54,98,163,3,20250630_204522
1751283872.2192943,14307141,3662628096,3662.628096,58,117,158,3,20250630_204522
1751283872.229278,14307180,3662638080,3662.63808,62,90,149,3,20250630_204522
1751283872.239262,14307219,3662648064,3662.648064,66,90,139,3,20250630_204522
1751283872.249246,14307258,3662658048,3662.658048,70,84,131,3,20250630_204522
1751283872.25923,14307297,3662668032,3662.668032,74,87,123,3,20250630_204522
1751283872.2692142,14307336,3662678016,3662.678016,78,94,117,3,20250630_204522
1751283872.2791982,14307375,3662688000,3662.688,82,81,110,3,20250630_204522
1751283872.2894382,14307415,3662698240,3662.69824,87,78,104,3,20250630_204522
1751283872.2994225,14307454,3662708224,3662.708224,92,84,101,3,20250630_204522
1751283872.3094065,14307493,3662718208,3662.718208,97,127,99,3,20250630_204522
1751283872.3193903,14307532,3662728192,3662.728192,103,130,99,3,20250630_204522
1751283872.3293743,14307571,3662738176,3662.738176,108,85,99,3,20250630_204522
1751283872.339358,14307610,3662748160,3662.74816,114,103,99,3,20250630_204522
1751283872.349342,14307649,3662758144,3662.758144,120,104,100,3,20250630_204522
1751283872.359326,14307688,3662768128,3662.768128,126,84,98,3,20250630_204522
1751283872.36931,14307727,3662778112,3662.778112,131,83,97,3,20250630_204522
1751283872.3792942,14307766,3662788096,3662.788096,137,88,99,3,20250630_204522
1751283872.3892782,14307805,3662798080,3662.79808,143,85,100,3,20250630_204522
1751283872.3992622,14307844,3662808064,3662.808064,149,92,100,3,20250630_204522
1751283872.4092462,14307883,3662818048,3662.818048,154,90,102,3,20250630_204522
1751283872.4192302,14307922,3662828032,3662.828032,159,89,102,3,20250630_204522
1751283872.4294703,14307962,3662838272,3662.838272,164,89,103,3,20250630_204522
1751283872.4394543,14308001,3662848256,3662.848256,169,94,104,3,20250630_204522
1751283872.449438,14308040,3662858240,3662.85824,174,84,105,3,20250630_204522
1751283872.459422,14308079,3662868224,3662.868224,178,90,108,3,20250630_204522
1751283872.469406,14308118,3662878208,3662.878208,182,82,112,3,20250630_204522
1751283872.47939,14308157,3662888192,3662.888192,186,95,118,3,20250630_204522
1751283872.4893742,14308196,3662898176,3662.898176,190,86,123,3,20250630_204522
1751283872.4993582,14308235,3662908160,3662.90816,194,88,130,3,20250630_204522
1751283872.5093422,14308274,3662918144,3662.918144,198,88,136,3,20250630_204522
1751283872.5193262,14308313,3662928128,3662.928128,202,95,143,3,20250630_204522
1751283872.5293102,14308352,3662938112,3662.938112,206,94,148,3,20250630_204522
1751283872.5392942,14308391,3662948096,3662.948096,210,97,154,3,20250630_204522
1751283872.5492785,14308430,3662958080,3662.95808,214,87,159,3,20250630_204522
1751283872.5592625,14308469,3662968064,3662.968064,219,96,162,3,20250630_204522
1751283872.5692463,14308508,3662978048,3662.978048,224,91,162,3,20250630_204522
1751283872.579486,14308548,3662988288,3662.988288,229,102,163,3,20250630_204522
1751283872.58947,14308587,3662998272,3662.998272,235,84,165,3,20250630_204522
1751283872.5994542,14308626,3663008256,3663.008256,240,100,166,3,20250630_204522
1751283872.6094382,14308665,3663018240,3663.01824,246,104,167,3,20250630_204522
1751283872.6194222,14308704,3663028224,3663.028224,252,95,166,3,20250630_204522
1751283872.6294062,14308743,3663038208,3663.038208,3,106,167,3,20250630_204522
1751283872.6393902,14308782,3663048192,3663.048192,9,110,167,3,20250630_204522
1751283872.6493742,14308821,3663058176,3663.058176,14,88,167,3,20250630_204522
1751283872.6593585,14308860,3663068160,3663.06816,20,93,168,3,20250630_204522
1751283872.6693425,14308899,3663078144,3663.078144,25,100,168,3,20250630_204522
1751283872.6793263,14308938,3663088128,3663.088128,31,99,168,3,20250630_204522
1751283872.6893103,14308977,3663098112,3663.098112,36,96,167,3,20250630_204522
1751283872.699294,14309016,3663108096,3663.108096,41,94,166,3,20250630_204522
1751283872.709278,14309055,3663118080,3663.11808,46,99,164,3,20250630_204522
1751283872.7195182,14309095,3663128320,3663.12832,50,108,163,3,20250630_204522
1751283872.7295022,14309134,3663138304,3663.138304,54,114,162,3,20250630_204522
1751283872.7394862,14309173,3663148288,3663.148288,59,108,157,3,20250630_204522
1751283872.7494702,14309212,3663158272,3663.158272,62,96,148,3,20250630_204522
1751283872.7594545,14309251,3663168256,3663.168256,66,95,137,3,20250630_204522
1751283872.7694385,14309290,3663178240,3663.17824,70,87,129,3,20250630_204522
1751283872.7794223,14309329,3663188224,3663.188224,74,91,123,3,20250630_204522
1751283872.7894063,14309368,3663198208,3663.198208,78,96,115,3,20250630_204522
1751283872.7993903,14309407,3663208192,3663.208192,82,84,109,3,20250630_204522
1751283872.809374,14309446,3663218176,3663.218176,87,86,103,3,20250630_204522
1751283872.819358,14309485,3663228160,3663.22816,92,100,100,3,20250630_204522
1751283872.829342,14309524,3663238144,3663.238144,97,107,99,3,20250630_204522
1751283872.839326,14309563,3663248128,3663.248128,103,118,105,3,20250630_204522
1751283872.8493102,14309602,3663258112,3663.258112,108,93,99,3,20250630_204522
1751283872.8595502,14309642,3663268352,3663.268352,114,107,99,3,20250630_204522
1751283872.8695345,14309681,3663278336,3663.278336,120,94,99,3,20250630_204522
1751283872.8795185,14309720,3663288320,3663.28832,126,85,98,3,20250630_204522
1751283872.8895023,14309759,3663298304,3663.298304,131,88,99,3,20250630_204522
1751283872.8994863,14309798,3663308288,3663.308288,137,89,99,3,20250630_204522
1751283872.9094703,14309837,3663318272,3663.318272,143,89,102,3,20250630_204522
1751283872.919454,14309876,3663328256,3663.328256,148,99,102,3,20250630_204522
1751283872.929438,14309915,3663338240,3663.33824,154,95,103,3,20250630_204522
1751283872.939422,14309954,3663348224,3663.348224,159,90,103,3,20250630_204522
1751283872.949406,14309993,3663358208,3663.358208,164,97,105,3,20250630_204522
1751283872.9593902,14310032,3663368192,3663.368192,169,97,107,3,20250630_204522
1751283872.9693742,14310071,3663378176,3663.378176,173,93,107,3,20250630_204522
1751283872.9793582,14310110,3663388160,3663.38816,178,92,110,3,20250630_204522
1751283872.9893422,14310149,3663398144,3663.398144,182,92,116,3,20250630_204522
1751283872.9995823,14310189,3663408384,3663.408384,186,91,121,3,20250630_204522
1751283873.0095663,14310228,3663418368,3663.418368,189,96,127,3,20250630_204522
1751283873.0195503,14310267,3663428352,3663.428352,193,96,135,3,20250630_204522
1751283873.029534,14310306,3663438336,3663.438336,197,93,142,3,20250630_204522
1751283873.039518,14310345,3663448320,3663.44832,201,105,148,3,20250630_204522
1751283873.049502,14310384,3663458304,3663.458304,205,108,153,3,20250630_204522
1751283873.0594862,14310423,3663468288,3663.468288,210,99,158,3,20250630_204522
1751283873.0694702,14310462,3663478272,3663.478272,214,96,160,3,20250630_204522
1751283873.0794542,14310501,3663488256,3663.488256,219,109,162,3,20250630_204522
1751283873.0894382,14310540,3663498240,3663.49824,224,87,162,3,20250630_204522
1751283873.0994222,14310579,3663508224,3663.508224,229,111,163,3,20250630_204522
1751283873.1094062,14310618,3663518208,3663.518208,235,87,164,3,20250630_204522
1751283873.1193902,14310657,3663528192,3663.528192,240,88,165,3,20250630_204522
1751283873.1293745,14310696,3663538176,3663.538176,246,87,166,3,20250630_204522
1751283873.1393583,14310735,3663548160,3663.54816,252,176,166,3,20250630_204522
1751283873.149598,14310775,3663558400,3663.5584,3,96,166,3,20250630_204522
1751283873.159582,14310814,3663568384,3663.568384,9,101,166,3,20250630_204522
1751283873.1695662,14310853,3663578368,3663.578368,14,94,166,3,20250630_204522
1751283873.1795502,14310892,3663588352,3663.588352,20,99,168,3,20250630_204522
1751283873.1895342,14310931,3663598336,3663.598336,25,100,168,3,20250630_204522
1751283873.1995182,14310970,3663608320,3663.60832,31,119,169,3,20250630_204522
1751283873.2095022,14311009,3663618304,3663.618304,36,95,168,3,20250630_204522
1751283873.2194862,14311048,3663628288,3663.628288,41,111,167,3,20250630_204522
1751283873.2294705,14311087,3663638272,3663.638272,46,108,165,3,20250630_204522
1751283873.2394545,14311126,3663648256,3663.648256,50,120,164,3,20250630_204522
1751283873.2494383,14311165,3663658240,3663.65824,54,108,164,3,20250630_204522
1751283873.2594223,14311204,3663668224,3663.668224,59,104,159,3,20250630_204522
1751283873.2694063,14311243,3663678208,3663.678208,62,106,152,3,20250630_204522
1751283873.27939,14311282,3663688192,3663.688192,66,99,142,3,20250630_204522
1751283873.2896302,14311322,3663698432,3663.698432,70,100,133,3,20250630_204522
1751283873.2996142,14311361,3663708416,3663.708416,74,95,125,3,20250630_204522
1751283873.3095982,14311400,3663718400,3663.7184,78,94,118,3,20250630_204522
1751283873.3195822,14311439,3663728384,3663.728384,82,95,110,3,20250630_204522
1751283873.3295662,14311478,3663738368,3663.738368,87,89,104,3,20250630_204522
1751283873.3395505,14311517,3663748352,3663.748352,92,104,100,3,20250630_204522
1751283873.3495345,14311556,3663758336,3663.758336,97,126,98,3,20250630_204522
1751283873.3595183,14311595,3663768320,3663.76832,103,117,98,3,20250630_204522
1751283873.3695023,14311634,3663778304,3663.778304,108,113,98,3,20250630_204522
1751283873.3794863,14311673,3663788288,3663.788288,114,128,99,3,20250630_204522
1751283873.38947,14311712,3663798272,3663.798272,120,93,98,3,20250630_204522
1751283873.399454,14311751,3663808256,3663.808256,126,84,99,3,20250630_204522
1751283873.409438,14311790,3663818240,3663.81824,131,86,99,3,20250630_204522
1751283873.419422,14311829,3663828224,3663.828224,137,95,100,3,20250630_204522
1751283873.4296622,14311869,3663838464,3663.838464,143,102,101,3,20250630_204522
1751283873.4396462,14311908,3663848448,3663.848448,148,99,101,3,20250630_204522
1751283873.4496305,14311947,3663858432,3663.858432,154,99,101,3,20250630_204522
1751283873.4596145,14311986,3663868416,3663.868416,159,96,102,3,20250630_204522
1751283873.4695983,14312025,3663878400,3663.8784,164,102,102,3,20250630_204522
1751283873.4795823,14312064,3663888384,3663.888384,169,96,104,3,20250630_204522
1751283873.489566,14312103,3663898368,3663.898368,173,91,105,3,20250630_204522
1751283873.49955,14312142,3663908352,3663.908352,178,103,110,3,20250630_204522
1751283873.509534,14312181,3663918336,3663.918336,182,102,113,3,20250630_204522
1751283873.519518,14312220,3663928320,3663.92832,186,106,120,3,20250630_204522
1751283873.5295022,14312259,3663938304,3663.938304,190,101,126,3,20250630_204522
1751283873.5394862,14312298,3663948288,3663.948288,194,100,132,3,20250630_204522
1751283873.5494702,14312337,3663958272,3663.958272,197,105,139,3,20250630_204522
1751283873.5594542,14312376,3663968256,3663.968256,201,108,145,3,20250630_204522
1751283873.5694382,14312415,3663978240,3663.97824,206,102,150,3,20250630_204522
1751283873.5796783,14312455,3663988480,3663.98848,210,108,157,3,20250630_204522
1751283873.5896623,14312494,3663998464,3663.998464,215,115,161,3,20250630_204522
1751283873.599646,14312533,3664008448,3664.008448,219,97,162,3,20250630_204522
1751283873.60963,14312572,3664018432,3664.018432,224,92,162,3,20250630_204522
1751283873.619614,14312611,3664028416,3664.028416,230,129,163,3,20250630_204522
1751283873.629598,14312650,3664038400,3664.0384,235,100,165,3,20250630_204522
1751283873.6395822,14312689,3664048384,3664.048384,241,93,166,3,20250630_204522
1751283873.6495662,14312728,3664058368,3664.058368,246,108,167,3,20250630_204522
1751283873.6595502,14312767,3664068352,3664.068352,252,134,166,3,20250630_204522
1751283873.6695342,14312806,3664078336,3664.078336,3,119,165,3,20250630_204522
1751283873.6795182,14312845,3664088320,3664.08832,9,109,166,3,20250630_204522
1751283873.6895022,14312884,3664098304,3664.098304,15,102,167,3,20250630_204522
1751283873.6994865,14312923,3664108288,3664.108288,20,104,166,3,20250630_204522
1751283873.7094705,14312962,3664118272,3664.118272,26,106,168,3,20250630_204522
1751283873.71971,14313002,3664128512,3664.128512,31,117,167,3,20250630_204522
1751283873.729694,14313041,3664138496,3664.138496,36,104,166,3,20250630_204522
1751283873.739678,14313080,3664148480,3664.14848,41,106,166,3,20250630_204522
1751283873.7496622,14313119,3664158464,3664.158464,46,118,166,3,20250630_204522
1751283873.7596462,14313158,3664168448,3664.168448,50,127,164,3,20250630_204522
1751283873.7696302,14313197,3664178432,3664.178432,55,104,163,3,20250630_204522
1751283873.7796142,14313236,3664188416,3664.188416,59,143,158,3,20250630_204522
1751283873.7895982,14313275,3664198400,3664.1984,63,110,150,3,20250630_204522
1751283873.7995822,14313314,3664208384,3664.208384,66,101,140,3,20250630_204522
1751283873.8095665,14313353,3664218368,3664.218368,70,101,130,3,20250630_204522
1751283873.8195505,14313392,3664228352,3664.228352,74,97,124,3,20250630_204522
1751283873.8295343,14313431,3664238336,3664.238336,78,90,115,3,20250630_204522
1751283873.8395183,14313470,3664248320,3664.24832,83,94,110,3,20250630_204522
1751283873.8495023,14313509,3664258304,3664.258304,87,90,104,3,20250630_204522
1751283873.859486,14313548,3664268288,3664.268288,92,95,100,3,20250630_204522
1751283873.8697262,14313588,3664278528,3664.278528,98,102,99,3,20250630_204522
1751283873.8797102,14313627,3664288512,3664.288512,103,124,82,3,20250630_204522
1751283873.8896942,14313666,3664298496,3664.298496,109,143,99,3,20250630_204522
1751283873.8996782,14313705,3664308480,3664.30848,114,102,99,3,20250630_204522
1751283873.9096622,14313744,3664318464,3664.318464,120,137,99,3,20250630_204522
1751283873.9196465,14313783,3664328448,3664.328448,126,93,99,3,20250630_204522
1751283873.9296305,14313822,3664338432,3664.338432,132,91,98,3,20250630_204522
1751283873.9396143,14313861,3664348416,3664.348416,138,92,99,3,20250630_204522
1751283873.9495983,14313900,3664358400,3664.3584,143,99,101,3,20250630_204522
1751283873.959582,14313939,3664368384,3664.368384,149,106,102,3,20250630_204522
1751283873.969566,14313978,3664378368,3664.378368,154,106,103,3,20250630_204522
1751283873.97955,14314017,3664388352,3664.388352,159,103,103,3,20250630_204522
1751283873.989534,14314056,3664398336,3664.398336,164,104,104,3,20250630_204522
1751283873.9995182,14314095,3664408320,3664.40832,169,102,106,3,20250630_204522
1751283874.0097582,14314135,3664418560,3664.41856,173,105,107,3,20250630_204522
1751283874.0197425,14314174,3664428544,3664.428544,178,113,110,3,20250630_204522
1751283874.0297265,14314213,3664438528,3664.438528,182,104,114,3,20250630_204522
1751283874.0397103,14314252,3664448512,3664.448512,186,106,120,3,20250630_204522
1751283874.0496943,14314291,3664458496,3664.458496,190,113,127,3,20250630_204522
1751283874.0596783,14314330,3664468480,3664.46848,194,105,134,3,20250630_204522
1751283874.069662,14314369,3664478464,3664.478464,197,100,140,3,20250630_204522
1751283874.079646,14314408,3664488448,3664.488448,201,103,146,3,20250630_204522
1751283874.08963,14314447,3664498432,3664.498432,206,107,149,3,20250630_204522
1751283874.099614,14314486,3664508416,3664.508416,210,109,157,3,20250630_204522
1751283874.1095982,14314525,3664518400,3664.5184,215,111,160,3,20250630_204522
1751283874.1195822,14314564,3664528384,3664.528384,219,99,162,3,20250630_204522
1751283874.1295662,14314603,3664538368,3664.538368,224,100,162,3,20250630_204522
1751283874.1395502,14314642,3664548352,3664.548352,230,97,163,3,20250630_204522
1751283874.1497903,14314682,3664558592,3664.558592,235,131,166,3,20250630_204522
1751283874.1597743,14314721,3664568576,3664.568576,241,116,166,3,20250630_204522
1751283874.1697583,14314760,3664578560,3664.57856,246,88,165,3,20250630_204522
1751283874.179742,14314799,3664588544,3664.588544,252,95,166,3,20250630_204522
1751283874.189726,14314838,3664598528,3664.598528,3,136,167,3,20250630_204522
1751283874.19971,14314877,3664608512,3664.608512,9,136,167,3,20250630_204522
1751283874.209694,14314916,3664618496,3664.618496,15,88,168,3,20250630_204522
1751283874.2196782,14314955,3664628480,3664.62848,20,92,168,3,20250630_204522
1751283874.2296622,14314994,3664638464,3664.638464,26,90,167,3,20250630_204522
1751283874.2396462,14315033,3664648448,3664.648448,31,109,169,3,20250630_204522
1751283874.2496302,14315072,3664658432,3664.658432,36,120,167,3,20250630_204522
1751283874.2596142,14315111,3664668416,3664.668416,41,105,166,3,20250630_204522
1751283874.2695982,14315150,3664678400,3664.6784,46,118,166,3,20250630_204522
1751283874.2795825,14315189,3664688384,3664.688384,51,116,165,3,20250630_204522
1751283874.289822,14315229,3664698624,3664.698624,55,123,161,3,20250630_204522
1751283874.299806,14315268,3664708608,3664.708608,59,143,155,3,20250630_204522
1751283874.30979,14315307,3664718592,3664.718592,63,109,147,3,20250630_204522
1751283874.3197742,14315346,3664728576,3664.728576,67,95,137,3,20250630_204522
1751283874.3297582,14315385,3664738560,3664.73856,70,90,127,3,20250630_204522
1751283874.3397422,14315424,3664748544,3664.748544,74,97,122,3,20250630_204522
1751283874.3497262,14315463,3664758528,3664.758528,78,92,115,3,20250630_204522
1751283874.3597102,14315502,3664768512,3664.768512,83,96,109,3,20250630_204522
1751283874.3696942,14315541,3664778496,3664.778496,87,91,104,3,20250630_204522
1751283874.3796782,14315580,3664788480,3664.78848,92,88,100,3,20250630_204522
1751283874.3896625,14315619,3664798464,3664.798464,98,109,99,3,20250630_204522
1751283874.3996463,14315658,3664808448,3664.808448,103,107,99,3,20250630_204522
1751283874.4096303,14315697,3664818432,3664.818432,109,138,98,3,20250630_204522
1751283874.4196143,14315736,3664828416,3664.828416,114,119,99,3,20250630_204522
1751283874.429598,14315775,3664838400,3664.8384,120,109,100,3,20250630_204522
1751283874.4398382,14315815,3664848640,3664.84864,126,96,100,3,20250630_204522
1751283874.4498222,14315854,3664858624,3664.858624,132,93,98,3,20250630_204522
1751283874.4598062,14315893,3664868608,3664.868608,138,93,99,3,20250630_204522
1751283874.4697902,14315932,3664878592,3664.878592,143,95,100,3,20250630_204522
1751283874.4797742,14315971,3664888576,3664.888576,149,97,101,3,20250630_204522
1751283874.4897585,14316010,3664898560,3664.89856,154,94,102,3,20250630_204522
1751283874.4997425,14316049,3664908544,3664.908544,159,97,103,3,20250630_204522
1751283874.5097263,14316088,3664918528,3664.918528,164,104,105,3,20250630_204522
1751283874.5197103,14316127,3664928512,3664.928512,169,103,106,3,20250630_204522
1751283874.5296943,14316166,3664938496,3664.938496,174,104,107,3,20250630_204522
1751283874.539678,14316205,3664948480,3664.94848,178,103,110,3,20250630_204522
1751283874.549662,14316244,3664958464,3664.958464,182,116,115,3,20250630_204522
1751283874.559646,14316283,3664968448,3664.968448,186,105,121,3,20250630_204522
1751283874.56963,14316322,3664978432,3664.978432,190,95,127,3,20250630_204522
1751283874.5798702,14316362,3664988672,3664.988672,194,102,135,3,20250630_204522
1751283874.5898542,14316401,3664998656,3664.998656,198,99,139,3,20250630_204522
1751283874.5998385,14316440,3665008640,3665.00864,202,98,146,3,20250630_204522
1751283874.6098225,14316479,3665018624,3665.018624,206,97,151,3,20250630_204522
1751283874.6198063,14316518,3665028608,3665.028608,210,94,157,3,20250630_204522
1751283874.6297903,14316557,3665038592,3665.038592,215,93,161,3,20250630_204522
1751283874.6397743,14316596,3665048576,3665.048576,220,112,162,3,20250630_204522
1751283874.649758,14316635,3665058560,3665.05856,225,79,162,3,20250630_204522
1751283874.659742,14316674,3665068544,3665.068544,230,88,163,3,20250630_204522
1751283874.669726,14316713,3665078528,3665.078528,235,148,164,3,20250630_204522
1751283874.67971,14316752,3665088512,3665.088512,241,94,168,3,20250630_204522
1751283874.6896942,14316791,3665098496,3665.098496,247,84,168,3,20250630_204522
1751283874.6996782,14316830,3665108480,3665.10848,252,111,167,3,20250630_204522
1751283874.7096622,14316869,3665118464,3665.118464,3,105,167,3,20250630_204522
1751283874.7196462,14316908,3665128448,3665.128448,9,92,168,3,20250630_204522
1751283874.7298863,14316948,3665138688,3665.138688,15,88,169,3,20250630_204522
1751283874.7398703,14316987,3665148672,3665.148672,20,104,168,3,20250630_204522
1751283874.749854,14317026,3665158656,3665.158656,26,95,168,3,20250630_204522
1751283874.759838,14317065,3665168640,3665.16864,31,99,168,3,20250630_204522
1751283874.769822,14317104,3665178624,3665.178624,36,96,167,3,20250630_204522
1751283874.779806,14317143,3665188608,3665.188608,41,110,167,3,20250630_204522
1751283874.7897902,14317182,3665198592,3665.198592,46,112,166,3,20250630_204522
1751283874.7997742,14317221,3665208576,3665.208576,51,120,163,3,20250630_204522
1751283874.8097582,14317260,3665218560,3665.21856,55,109,161,3,20250630_204522
1751283874.8197422,14317299,3665228544,3665.228544,59,98,156,3,20250630_204522
1751283874.8297262,14317338,3665238528,3665.238528,63,95,148,3,20250630_204522
1751283874.8397102,14317377,3665248512,3665.248512,67,92,138,3,20250630_204522
1751283874.8496945,14317416,3665258496,3665.258496,70,89,128,3,20250630_204522
1751283874.8596785,14317455,3665268480,3665.26848,74,89,123,3,20250630_204522
1751283874.869918,14317495,3665278720,3665.27872,79,83,116,3,20250630_204522
1751283874.879902,14317534,3665288704,3665.288704,83,83,109,3,20250630_204522
1751283874.889886,14317573,3665298688,3665.298688,88,81,104,3,20250630_204522
1751283874.8998702,14317612,3665308672,3665.308672,93,80,100,3,20250630_204522
1751283874.9098542,14317651,3665318656,3665.318656,98,94,99,3,20250630_204522
1751283874.9198382,14317690,3665328640,3665.32864,103,92,98,3,20250630_204522
1751283874.9298222,14317729,3665338624,3665.338624,109,96,99,3,20250630_204522
1751283874.9398062,14317768,3665348608,3665.348608,115,99,99,3,20250630_204522
1751283874.9497902,14317807,3665358592,3665.358592,120,83,99,3,20250630_204522
1751283874.9597745,14317846,3665368576,3665.368576,126,83,98,3,20250630_204522
1751283874.9697585,14317885,3665378560,3665.37856,132,82,98,3,20250630_204522
1751283874.9797423,14317924,3665388544,3665.388544,138,80,98,3,20250630_204522
1751283874.9897263,14317963,3665398528,3665.398528,144,81,100,3,20250630_204522
1751283874.9997103,14318002,3665408512,3665.408512,149,87,99,3,20250630_204522
1751283875.009694,14318041,3665418496,3665.418496,155,87,102,3,20250630_204522
1751283875.0199342,14318081,3665428736,3665.428736,160,85,102,3,20250630_204522
1751283875.0299182,14318120,3665438720,3665.43872,165,82,103,3,20250630_204522
1751283875.0399022,14318159,3665448704,3665.448704,169,96,104,3,20250630_204522
1751283875.0498862,14318198,3665458688,3665.458688,174,84,106,3,20250630_204522
1751283875.0598702,14318237,3665468672,3665.468672,178,97,109,3,20250630_204522
1751283875.0698545,14318276,3665478656,3665.478656,182,86,114,3,20250630_204522
1751283875.0798385,14318315,3665488640,3665.48864,186,83,120,3,20250630_204522
1751283875.0898223,14318354,3665498624,3665.498624,190,88,127,3,20250630_204522
1751283875.0998063,14318393,3665508608,3665.508608,194,88,134,3,20250630_204522
1751283875.10979,14318432,3665518592,3665.518592,198,90,140,3,20250630_204522
1751283875.119774,14318471,3665528576,3665.528576,202,91,146,3,20250630_204522
1751283875.129758,14318510,3665538560,3665.53856,206,90,151,3,20250630_204522
1751283875.139742,14318549,3665548544,3665.548544,210,86,157,3,20250630_204522
1751283875.1497262,14318588,3665558528,3665.558528,215,100,161,3,20250630_204522
1751283875.1599662,14318628,3665568768,3665.568768,220,82,162,3,20250630_204522
1751283875.1699502,14318667,3665578752,3665.578752,225,76,162,3,20250630_204522
1751283875.1799345,14318706,3665588736,3665.588736,230,82,162,3,20250630_204522
1751283875.1899185,14318745,3665598720,3665.59872,236,118,164,3,20250630_204522
1751283875.1999023,14318784,3665608704,3665.608704,241,88,166,3,20250630_204522
1751283875.2098863,14318823,3665618688,3665.618688,247,86,166,3,20250630_204522
1751283875.21987,14318862,3665628672,3665.628672,253,89,166,3,20250630_204522
1751283875.229854,14318901,3665638656,3665.638656,4,95,166,3,20250630_204522
1751283875.239838,14318940,3665648640,3665.64864,9,95,167,3,20250630_204522
1751283875.249822,14318979,3665658624,3665.658624,15,88,167,3,20250630_204522
1751283875.2598062,14319018,3665668608,3665.668608,21,97,167,3,20250630_204522
1751283875.2697902,14319057,3665678592,3665.678592,26,97,167,3,20250630_204522
1751283875.2797742,14319096,3665688576,3665.688576,32,82,166,3,20250630_204522
1751283875.2897582,14319135,3665698560,3665.69856,37,85,167,3,20250630_204522
1751283875.2997422,14319174,3665708544,3665.708544,42,102,165,3,20250630_204522
1751283875.3099823,14319214,3665718784,3665.718784,46,93,166,3,20250630_204522
1751283875.3199663,14319253,3665728768,3665.728768,51,100,164,3,20250630_204522
1751283875.32995,14319292,3665738752,3665.738752,55,104,163,3,20250630_204522
1751283875.339934,14319331,3665748736,3665.748736,59,95,156,3,20250630_204522
1751283875.349918,14319370,3665758720,3665.75872,63,94,148,3,20250630_204522
1751283875.359902,14319409,3665768704,3665.768704,67,91,138,3,20250630_204522
1751283875.3698862,14319448,3665778688,3665.778688,71,92,129,3,20250630_204522
1751283875.3798702,14319487,3665788672,3665.788672,75,90,122,3,20250630_204522
1751283875.3898542,14319526,3665798656,3665.798656,79,79,113,3,20250630_204522
1751283875.3998382,14319565,3665808640,3665.80864,83,78,106,3,20250630_204522
1751283875.4098222,14319604,3665818624,3665.818624,88,87,103,3,20250630_204522
1751283875.4198062,14319643,3665828608,3665.828608,93,96,99,3,20250630_204522
1751283875.4297905,14319682,3665838592,3665.838592,98,88,98,3,20250630_204522
1751283875.4397745,14319721,3665848576,3665.848576,104,85,99,3,20250630_204522
1751283875.4497583,14319760,3665858560,3665.85856,109,109,100,3,20250630_204522
1751283875.459998,14319800,3665868800,3665.8688,115,99,99,3,20250630_204522
1751283875.469982,14319839,3665878784,3665.878784,121,90,99,3,20250630_204522
1751283875.4799662,14319878,3665888768,3665.888768,127,86,98,3,20250630_204522
1751283875.4899502,14319917,3665898752,3665.898752,133,86,98,3,20250630_204522
1751283875.4999342,14319956,3665908736,3665.908736,138,84,100,3,20250630_204522
1751283875.5099182,14319995,3665918720,3665.91872,144,84,102,3,20250630_204522
1751283875.5199022,14320034,3665928704,3665.928704,149,87,102,3,20250630_204522
1751283875.5298862,14320073,3665938688,3665.938688,155,84,102,3,20250630_204522
1751283875.5398705,14320112,3665948672,3665.948672,160,86,104,3,20250630_204522
1751283875.5498545,14320151,3665958656,3665.958656,165,91,105,3,20250630_204522
1751283875.5598383,14320190,3665968640,3665.96864,169,95,106,3,20250630_204522
1751283875.5698223,14320229,3665978624,3665.978624,174,95,108,3,20250630_204522
1751283875.579806,14320268,3665988608,3665.988608,178,88,110,3,20250630_204522
1751283875.58979,14320307,3665998592,3665.998592,182,84,116,3,20250630_204522
1751283875.599774,14320346,3666008576,3666.008576,186,85,122,3,20250630_204522
1751283875.6100142,14320386,3666018816,3666.018816,190,90,127,3,20250630_204522
1751283875.6199982,14320425,3666028800,3666.0288,194,91,136,3,20250630_204522
1751283875.6299822,14320464,3666038784,3666.038784,198,92,142,3,20250630_204522
1751283875.6399662,14320503,3666048768,3666.048768,202,92,149,3,20250630_204522
1751283875.6499505,14320542,3666058752,3666.058752,206,93,153,3,20250630_204522
1751283875.6599343,14320581,3666068736,3666.068736,211,86,160,3,20250630_204522
1751283875.6699183,14320620,3666078720,3666.07872,215,125,162,3,20250630_204522
1751283875.6799023,14320659,3666088704,3666.088704,220,71,162,3,20250630_204522
1751283875.689886,14320698,3666098688,3666.098688,225,69,163,3,20250630_204522
1751283875.69987,14320737,3666108672,3666.108672,231,86,164,3,20250630_204522
1751283875.709854,14320776,3666118656,3666.118656,236,120,167,3,20250630_204522
1751283875.719838,14320815,3666128640,3666.12864,242,91,167,3,20250630_204522
1751283875.7298222,14320854,3666138624,3666.138624,248,82,167,3,20250630_204522
1751283875.7398062,14320893,3666148608,3666.148608,253,88,167,3,20250630_204522
1751283875.7500465,14320933,3666158848,3666.158848,4,95,168,3,20250630_204522
1751283875.7600305,14320972,3666168832,3666.168832,10,88,168,3,20250630_204522
1751283875.7700143,14321011,3666178816,3666.178816,16,95,168,3,20250630_204522
1751283875.7799983,14321050,3666188800,3666.1888,21,89,168,3,20250630_204522
1751283875.7899823,14321089,3666198784,3666.198784,27,84,168,3,20250630_204522
1751283875.799966,14321128,3666208768,3666.208768,32,85,167,3,20250630_204522
1751283875.80995,14321167,3666218752,3666.218752,37,95,166,3,20250630_204522
1751283875.819934,14321206,3666228736,3666.228736,42,88,166,3,20250630_204522
1751283875.829918,14321245,3666238720,3666.23872,47,102,165,3,20250630_204522
1751283875.8399022,14321284,3666248704,3666.248704,51,111,164,3,20250630_204522
1751283875.8498862,14321323,3666258688,3666.258688,56,105,162,3,20250630_204522
1751283875.8598702,14321362,3666268672,3666.268672,60,99,155,3,20250630_204522
1751283875.8698542,14321401,3666278656,3666.278656,63,91,147,3,20250630_204522
1751283875.8798382,14321440,3666288640,3666.28864,67,86,137,3,20250630_204522
1751283875.8900783,14321480,3666298880,3666.29888,71,83,128,3,20250630_204522
1751283875.9000623,14321519,3666308864,3666.308864,75,85,122,3,20250630_204522
1751283875.910046,14321558,3666318848,3666.318848,79,81,114,3,20250630_204522
1751283875.92003,14321597,3666328832,3666.328832,84,73,107,3,20250630_204522
1751283875.930014,14321636,3666338816,3666.338816,88,80,103,3,20250630_204522
1751283875.939998,14321675,3666348800,3666.3488,93,104,98,3,20250630_204522
1751283875.9499822,14321714,3666358784,3666.358784,99,85,99,3,20250630_204522
1751283875.9599662,14321753,3666368768,3666.368768,104,96,98,3,20250630_204522
1751283875.9699502,14321792,3666378752,3666.378752,110,87,99,3,20250630_204522
1751283875.9799342,14321831,3666388736,3666.388736,115,91,99,3,20250630_204522
1751283875.9899182,14321870,3666398720,3666.39872,121,95,98,3,20250630_204522
1751283875.9999022,14321909,3666408704,3666.408704,127,85,98,3,20250630_204522
1751283876.0098865,14321948,3666418688,3666.418688,133,82,98,3,20250630_204522
1751283876.0198703,14321987,3666428672,3666.428672,139,81,99,3,20250630_204522
1751283876.0298543,14322026,3666438656,3666.438656,144,78,100,3,20250630_204522
1751283876.040094,14322066,3666448896,3666.448896,150,79,101,3,20250630_204522
1751283876.0500782,14322105,3666458880,3666.45888,155,81,101,3,20250630_204522
1751283876.0600622,14322144,3666468864,3666.468864,160,82,103,3,20250630_204522
1751283876.0700462,14322183,3666478848,3666.478848,165,91,105,3,20250630_204522
1751283876.0800302,14322222,3666488832,3666.488832,170,92,106,3,20250630_204522
1751283876.0900142,14322261,3666498816,3666.498816,174,83,107,3,20250630_204522
1751283876.0999982,14322300,3666508800,3666.5088,179,87,111,3,20250630_204522
1751283876.1099825,14322339,3666518784,3666.518784,183,89,116,3,20250630_204522
1751283876.1199665,14322378,3666528768,3666.528768,187,83,122,3,20250630_204522
1751283876.1299503,14322417,3666538752,3666.538752,191,80,128,3,20250630_204522
1751283876.1399343,14322456,3666548736,3666.548736,194,86,136,3,20250630_204522
1751283876.1499183,14322495,3666558720,3666.55872,198,87,143,3,20250630_204522
1751283876.159902,14322534,3666568704,3666.568704,202,83,146,3,20250630_204522
1751283876.169886,14322573,3666578688,3666.578688,207,79,153,3,20250630_204522
1751283876.1801262,14322613,3666588928,3666.588928,211,79,159,3,20250630_204522
1751283876.1901102,14322652,3666598912,3666.598912,216,86,162,3,20250630_204522
1751283876.2000942,14322691,3666608896,3666.608896,221,79,162,3,20250630_204522
1751283876.2100782,14322730,3666618880,3666.61888,226,74,162,3,20250630_204522
1751283876.2200625,14322769,3666628864,3666.628864,231,87,164,3,20250630_204522
1751283876.2300465,14322808,3666638848,3666.638848,236,101,165,3,20250630_204522
1751283876.2400303,14322847,3666648832,3666.648832,242,85,167,3,20250630_204522
1751283876.2500143,14322886,3666658816,3666.658816,248,87,166,3,20250630_204522
1751283876.2599983,14322925,3666668800,3666.6688,254,85,166,3,20250630_204522
1751283876.269982,14322964,3666678784,3666.678784,4,95,166,3,20250630_204522
1751283876.279966,14323003,3666688768,3666.688768,10,89,167,3,20250630_204522
1751283876.28995,14323042,3666698752,3666.698752,16,86,168,3,20250630_204522
1751283876.299934,14323081,3666708736,3666.708736,22,86,169,3,20250630_204522
1751283876.3099182,14323120,3666718720,3666.71872,27,89,169,3,20250630_204522
1751283876.3201582,14323160,3666728960,3666.72896,32,75,168,3,20250630_204522
1751283876.3301425,14323199,3666738944,3666.738944,38,75,168,3,20250630_204522
1751283876.3401265,14323238,3666748928,3666.748928,42,87,169,3,20250630_204522
1751283876.3501103,14323277,3666758912,3666.758912,47,96,167,3,20250630_204522
1751283876.3600943,14323316,3666768896,3666.768896,52,106,165,3,20250630_204522
1751283876.370078,14323355,3666778880,3666.77888,56,97,163,3,20250630_204522
1751283876.380062,14323394,3666788864,3666.788864,60,88,160,3,20250630_204522
1751283876.390046,14323433,3666798848,3666.798848,64,79,152,3,20250630_204522
1751283876.40003,14323472,3666808832,3666.808832,68,79,144,3,20250630_204522
1751283876.4100142,14323511,3666818816,3666.818816,71,81,134,3,20250630_204522
1751283876.4199982,14323550,3666828800,3666.8288,75,76,125,3,20250630_204522
1751283876.4299822,14323589,3666838784,3666.838784,79,71,118,3,20250630_204522
1751283876.4399662,14323628,3666848768,3666.848768,84,85,111,3,20250630_204522
1751283876.4499502,14323667,3666858752,3666.858752,88,74,105,3,20250630_204522
1751283876.4601903,14323707,3666868992,3666.868992,93,76,101,3,20250630_204522
1751283876.4701743,14323746,3666878976,3666.878976,98,98,99,3,20250630_204522
1751283876.480158,14323785,3666888960,3666.88896,104,74,99,3,20250630_204522
1751283876.490142,14323824,3666898944,3666.898944,110,80,99,3,20250630_204522
1751283876.500126,14323863,3666908928,3666.908928,115,122,99,3,20250630_204522
1751283876.51011,14323902,3666918912,3666.918912,121,81,100,3,20250630_204522
1751283876.5200942,14323941,3666928896,3666.928896,127,76,99,3,20250630_204522
1751283876.5300782,14323980,3666938880,3666.93888,133,76,99,3,20250630_204522
1751283876.5400622,14324019,3666948864,3666.948864,138,78,99,3,20250630_204522
1751283876.5500462,14324058,3666958848,3666.958848,144,78,100,3,20250630_204522
1751283876.5600302,14324097,3666968832,3666.968832,150,79,101,3,20250630_204522
1751283876.5700142,14324136,3666978816,3666.978816,155,82,102,3,20250630_204522
1751283876.5799985,14324175,3666988800,3666.9888,160,75,103,3,20250630_204522
1751283876.5899825,14324214,3666998784,3666.998784,165,81,106,3,20250630_204522
1751283876.600222,14324254,3667009024,3667.009024,170,83,106,3,20250630_204522
1751283876.610206,14324293,3667019008,3667.019008,174,79,108,3,20250630_204522
1751283876.62019,14324332,3667028992,3667.028992,178,79,111,3,20250630_204522
1751283876.6301742,14324371,3667038976,3667.038976,183,100,117,3,20250630_204522
1751283876.6401582,14324410,3667048960,3667.04896,186,77,123,3,20250630_204522
1751283876.6501422,14324449,3667058944,3667.058944,190,75,129,3,20250630_204522
1751283876.6601262,14324488,3667068928,3667.068928,194,80,136,3,20250630_204522
1751283876.6701102,14324527,3667078912,3667.078912,198,85,144,3,20250630_204522
1751283876.6800942,14324566,3667088896,3667.088896,202,83,149,3,20250630_204522
1751283876.6900785,14324605,3667098880,3667.09888,206,78,154,3,20250630_204522
1751283876.7000625,14324644,3667108864,3667.108864,211,83,159,3,20250630_204522
1751283876.7100463,14324683,3667118848,3667.118848,215,70,162,3,20250630_204522
1751283876.7200303,14324722,3667128832,3667.128832,220,82,163,3,20250630_204522
1751283876.7300143,14324761,3667138816,3667.138816,225,161,162,3,20250630_204522
1751283876.739998,14324800,3667148800,3667.1488,231,66,164,3,20250630_204522
1751283876.7502382,14324840,3667159040,3667.15904,236,67,166,3,20250630_204522
1751283876.7602222,14324879,3667169024,3667.169024,242,109,167,3,20250630_204522
1751283876.7702062,14324918,3667179008,3667.179008,247,144,166,3,20250630_204522
1751283876.7801902,14324957,3667188992,3667.188992,253,81,166,3,20250630_204522
1751283876.7901742,14324996,3667198976,3667.198976,4,86,166,3,20250630_204522
1751283876.8001585,14325035,3667208960,3667.20896,10,109,167,3,20250630_204522
1751283876.8101425,14325074,3667218944,3667.218944,16,79,166,3,20250630_204522
1751283876.8201263,14325113,3667228928,3667.228928,21,74,167,3,20250630_204522
1751283876.8301103,14325152,3667238912,3667.238912,27,94,168,3,20250630_204522
1751283876.840094,14325191,3667248896,3667.248896,32,81,168,3,20250630_204522
1751283876.850078,14325230,3667258880,3667.25888,37,72,167,3,20250630_204522
1751283876.860062,14325269,3667268864,3667.268864,42,108,168,3,20250630_204522
1751283876.870046,14325308,3667278848,3667.278848,47,94,167,3,20250630_204522
1751283876.8800302,14325347,3667288832,3667.288832,51,111,166,3,20250630_204522
1751283876.8902702,14325387,3667299072,3667.299072,56,112,165,3,20250630_204522
1751283876.9002542,14325426,3667309056,3667.309056,60,97,163,3,20250630_204522
1751283876.9102385,14325465,3667319040,3667.31904,63,82,160,3,20250630_204522
1751283876.9202223,14325504,3667329024,3667.329024,67,74,157,3,20250630_204522
1751283876.9302063,14325543,3667339008,3667.339008,71,63,152,3,20250630_204522
1751283876.9401903,14325582,3667348992,3667.348992,74,82,146,3,20250630_204522
1751283876.950174,14325621,3667358976,3667.358976,78,131,139,3,20250630_204522
1751283876.960158,14325660,3667368960,3667.36896,82,79,132,3,20250630_204522
1751283876.970142,14325699,3667378944,3667.378944,86,79,127,3,20250630_204522
1751283876.980126,14325738,3667388928,3667.388928,90,79,123,3,20250630_204522
1751283876.9901102,14325777,3667398912,3667.398912,94,73,118,3,20250630_204522
1751283877.0000942,14325816,3667408896,3667.408896,99,68,116,3,20250630_204522
1751283877.0100782,14325855,3667418880,3667.41888,104,82,114,3,20250630_204522
1751283877.0200622,14325894,3667428864,3667.428864,108,95,113,3,20250630_204522
1751283877.0303023,14325934,3667439104,3667.439104,113,119,112,3,20250630_204522
1751283877.0402863,14325973,3667449088,3667.449088,119,83,110,3,20250630_204522
1751283877.0502703,14326012,3667459072,3667.459072,124,82,110,3,20250630_204522
1751283877.060254,14326051,3667469056,3667.469056,129,86,111,3,20250630_204522
1751283877.070238,14326090,3667479040,3667.47904,134,79,112,3,20250630_204522
1751283877.080222,14326129,3667489024,3667.489024,139,70,111,3,20250630_204522
1751283877.090206,14326168,3667499008,3667.499008,144,68,111,3,20250630_204522
1751283877.1001902,14326207,3667508992,3667.508992,149,79,114,3,20250630_204522
1751283877.1101742,14326246,3667518976,3667.518976,154,127,116,3,20250630_204522
1751283877.1204145,14326286,3667529216,3667.529216,158,84,117,3,20250630_204522
1751283877.1303985,14326325,3667539200,3667.5392,163,86,122,3,20250630_204522
1751283877.1403823,14326364,3667549184,3667.549184,167,85,125,3,20250630_204522
1751283877.1503663,14326403,3667559168,3667.559168,171,91,127,3,20250630_204522
1751283877.1603503,14326442,3667569152,3667.569152,175,85,134,3,20250630_204522
1751283877.170334,14326481,3667579136,3667.579136,178,87,142,3,20250630_204522
1751283877.1805742,14326521,3667589376,3667.589376,182,87,148,3,20250630_204522
1751283877.1905582,14326560,3667599360,3667.59936,186,85,154,3,20250630_204522
1751283877.2005422,14326599,3667609344,3667.609344,189,79,159,3,20250630_204522
1751283877.2105262,14326638,3667619328,3667.619328,193,78,162,3,20250630_204522
1751283877.2205102,14326677,3667629312,3667.629312,197,81,164,3,20250630_204522
1751283877.2304945,14326716,3667639296,3667.639296,202,73,166,3,20250630_204522
1751283877.2404785,14326755,3667649280,3667.64928,206,67,166,3,20250630_204522
1751283877.2504623,14326794,3667659264,3667.659264,211,63,167,3,20250630_204522
1751283877.260702,14326834,3667669504,3667.669504,216,62,167,3,20250630_204522
1751283877.270686,14326873,3667679488,3667.679488,221,63,168,3,20250630_204522
1751283877.2806702,14326912,3667689472,3667.689472,226,61,168,3,20250630_204522
1751283877.2906542,14326951,3667699456,3667.699456,232,63,168,3,20250630_204522
1751283877.3006382,14326990,3667709440,3667.70944,237,64,167,3,20250630_204522
1751283877.3106222,14327029,3667719424,3667.719424,243,65,168,3,20250630_204522
1751283877.3208623,14327069,3667729664,3667.729664,249,61,169,3,20250630_204522
1751283877.3308463,14327108,3667739648,3667.739648,0,60,168,3,20250630_204522
1751283877.34083,14327147,3667749632,3667.749632,6,70,168,3,20250630_204522
1751283877.350814,14327186,3667759616,3667.759616,11,62,168,3,20250630_204522
1751283877.360798,14327225,3667769600,3667.7696,17,73,168,3,20250630_204522
1751283877.370782,14327264,3667779584,3667.779584,23,65,168,3,20250630_204522
1751283877.3807662,14327303,3667789568,3667.789568,28,64,167,3,20250630_204522
1751283877.3910062,14327343,3667799808,3667.799808,33,70,166,3,20250630_204522
1751283877.4009902,14327382,3667809792,3667.809792,38,60,165,3,20250630_204522
1751283877.4109745,14327421,3667819776,3667.819776,43,65,165,3,20250630_204522
1751283877.4209585,14327460,3667829760,3667.82976,48,60,162,3,20250630_204522
1751283877.4309423,14327499,3667839744,3667.839744,52,59,159,3,20250630_204522
1751283877.4409263,14327538,3667849728,3667.849728,56,57,151,3,20250630_204522
1751283877.45091,14327577,3667859712,3667.859712,60,57,141,3,20250630_204522
1751283877.4611502,14327617,3667869952,3667.869952,64,59,130,3,20250630_204522
1751283877.4711342,14327656,3667879936,3667.879936,68,60,125,3,20250630_204522
1751283877.4811182,14327695,3667889920,3667.88992,72,60,116,3,20250630_204522
1751283877.4911022,14327734,3667899904,3667.899904,76,65,111,3,20250630_204522
1751283877.5010862,14327773,3667909888,3667.909888,80,61,104,3,20250630_204522
1751283877.5110705,14327812,3667919872,3667.919872,85,61,100,3,20250630_204522
1751283877.5210545,14327851,3667929856,3667.929856,90,57,100,3,20250630_204522
1751283877.531294,14327891,3667940096,3667.940096,95,61,100,3,20250630_204522
1751283877.541278,14327930,3667950080,3667.95008,101,57,101,3,20250630_204522
1751283877.551262,14327969,3667960064,3667.960064,106,60,100,3,20250630_204522
1751283877.5612462,14328008,3667970048,3667.970048,112,58,99,3,20250630_204522
1751283877.5712302,14328047,3667980032,3667.980032,118,62,99,3,20250630_204522
1751283877.5812142,14328086,3667990016,3667.990016,123,60,99,3,20250630_204522
1751283877.5911982,14328125,3668000000,3668.0,129,65,97,3,20250630_204522
1751283877.6011822,14328164,3668009984,3668.009984,135,63,100,3,20250630_204522
1751283877.6111662,14328203,3668019968,3668.019968,141,55,101,3,20250630_204522
1751283877.6211505,14328242,3668029952,3668.029952,147,57,100,3,20250630_204522
1751283877.6311345,14328281,3668039936,3668.039936,152,64,101,3,20250630_204522
1751283877.641374,14328321,3668050176,3668.050176,157,58,101,3,20250630_204522
1751283877.651358,14328360,3668060160,3668.06016,162,55,103,3,20250630_204522
1751283877.661342,14328399,3668070144,3668.070144,167,53,105,3,20250630_204522
1751283877.6713262,14328438,3668080128,3668.080128,172,55,107,3,20250630_204522
1751283877.6813102,14328477,3668090112,3668.090112,176,53,110,3,20250630_204522
1751283877.6912942,14328516,3668100096,3668.100096,181,55,114,3,20250630_204522
1751283877.7012782,14328555,3668110080,3668.11008,185,51,120,3,20250630_204522
1751283877.7112622,14328594,3668120064,3668.120064,188,54,127,3,20250630_204522
1751283877.7212462,14328633,3668130048,3668.130048,192,54,136,3,20250630_204522
1751283877.7312305,14328672,3668140032,3668.140032,196,58,143,3,20250630_204522
1751283877.7412145,14328711,3668150016,3668.150016,200,61,150,3,20250630_204522
1751283877.7511983,14328750,3668160000,3668.16,204,67,156,3,20250630_204522
1751283877.7611823,14328789,3668169984,3668.169984,209,68,161,3,20250630_204522
1751283877.7711663,14328828,3668179968,3668.179968,213,70,163,3,20250630_204522
1751283877.7814062,14328868,3668190208,3668.190208,218,65,162,3,20250630_204522
1751283877.7913902,14328907,3668200192,3668.200192,223,67,162,3,20250630_204522
1751283877.8013742,14328946,3668210176,3668.210176,228,61,163,3,20250630_204522
1751283877.8113582,14328985,3668220160,3668.22016,234,65,164,3,20250630_204522
1751283877.8213422,14329024,3668230144,3668.230144,239,65,164,3,20250630_204522
1751283877.8313262,14329063,3668240128,3668.240128,245,62,165,3,20250630_204522
1751283877.8413105,14329102,3668250112,3668.250112,250,60,165,3,20250630_204522
1751283877.8512945,14329141,3668260096,3668.260096,1,62,165,3,20250630_204522
1751283877.8612783,14329180,3668270080,3668.27008,7,62,166,3,20250630_204522
1751283877.8712623,14329219,3668280064,3668.280064,13,63,166,3,20250630_204522
1751283877.881246,14329258,3668290048,3668.290048,18,63,166,3,20250630_204522
1751283877.89123,14329297,3668300032,3668.300032,24,68,166,3,20250630_204522
1751283877.901214,14329336,3668310016,3668.310016,29,65,167,3,20250630_204522
1751283877.911198,14329375,3668320000,3668.32,34,66,167,3,20250630_204522
1751283877.9214382,14329415,3668330240,3668.33024,39,61,167,3,20250630_204522
1751283877.9314222,14329454,3668340224,3668.340224,44,68,165,3,20250630_204522
1751283877.9414062,14329493,3668350208,3668.350208,49,62,164,3,20250630_204522
1751283877.9513905,14329532,3668360192,3668.360192,53,65,164,3,20250630_204522
1751283877.9613743,14329571,3668370176,3668.370176,57,74,160,3,20250630_204522
1751283877.9713583,14329610,3668380160,3668.38016,61,57,153,3,20250630_204522
1751283877.9813423,14329649,3668390144,3668.390144,65,75,144,3,20250630_204522
1751283877.991326,14329688,3668400128,3668.400128,69,64,133,3,20250630_204522
1751283878.00131,14329727,3668410112,3668.410112,73,55,127,3,20250630_204522
1751283878.011294,14329766,3668420096,3668.420096,77,59,118,3,20250630_204522
1751283878.021278,14329805,3668430080,3668.43008,81,59,112,3,20250630_204522
1751283878.0312622,14329844,3668440064,3668.440064,85,61,106,3,20250630_204522
1751283878.0412462,14329883,3668450048,3668.450048,90,59,102,3,20250630_204522
1751283878.0512302,14329922,3668460032,3668.460032,96,61,99,3,20250630_204522
1751283878.0612142,14329961,3668470016,3668.470016,101,59,98,3,20250630_204522
1751283878.0714543,14330001,3668480256,3668.480256,106,57,99,3,20250630_204522
1751283878.0814383,14330040,3668490240,3668.49024,112,56,100,3,20250630_204522
1751283878.0914223,14330079,3668500224,3668.500224,118,67,98,3,20250630_204522
1751283878.101406,14330118,3668510208,3668.510208,124,60,99,3,20250630_204522
1751283878.11139,14330157,3668520192,3668.520192,130,56,100,3,20250630_204522
1751283878.121374,14330196,3668530176,3668.530176,135,54,100,3,20250630_204522
1751283878.131358,14330235,3668540160,3668.54016,141,53,100,3,20250630_204522
1751283878.1413422,14330274,3668550144,3668.550144,147,66,100,3,20250630_204522
1751283878.1513262,14330313,3668560128,3668.560128,152,69,101,3,20250630_204522
1751283878.1613102,14330352,3668570112,3668.570112,158,62,100,3,20250630_204522
1751283878.1712942,14330391,3668580096,3668.580096,163,64,101,3,20250630_204522
1751283878.1812782,14330430,3668590080,3668.59008,168,56,102,3,20250630_204522
1751283878.1912622,14330469,3668600064,3668.600064,172,58,105,3,20250630_204522
1751283878.2012465,14330508,3668610048,3668.610048,177,61,107,3,20250630_204522
1751283878.211486,14330548,3668620288,3668.620288,181,56,110,3,20250630_204522
1751283878.22147,14330587,3668630272,3668.630272,185,61,116,3,20250630_204522
1751283878.231454,14330626,3668640256,3668.640256,189,58,123,3,20250630_204522
1751283878.2414382,14330665,3668650240,3668.65024,193,56,129,3,20250630_204522
1751283878.2514222,14330704,3668660224,3668.660224,197,51,138,3,20250630_204522
1751283878.2614062,14330743,3668670208,3668.670208,201,48,144,3,20250630_204522
1751283878.2713902,14330782,3668680192,3668.680192,205,58,150,3,20250630_204522
1751283878.2813742,14330821,3668690176,3668.690176,209,56,156,3,20250630_204522
1751283878.2913582,14330860,3668700160,3668.70016,213,56,161,3,20250630_204522
1751283878.3013422,14330899,3668710144,3668.710144,218,59,162,3,20250630_204522
1751283878.3113265,14330938,3668720128,3668.720128,223,59,162,3,20250630_204522
1751283878.3213103,14330977,3668730112,3668.730112,229,57,163,3,20250630_204522
1751283878.3312943,14331016,3668740096,3668.740096,234,61,167,3,20250630_204522
1751283878.3412783,14331055,3668750080,3668.75008,240,69,167,3,20250630_204522
1751283878.351262,14331094,3668760064,3668.760064,245,70,167,3,20250630_204522
1751283878.3615022,14331134,3668770304,3668.770304,251,55,166,3,20250630_204522
1751283878.3714862,14331173,3668780288,3668.780288,2,55,167,3,20250630_204522
1751283878.3814702,14331212,3668790272,3668.790272,8,53,167,3,20250630_204522
1751283878.3914542,14331251,3668800256,3668.800256,14,51,168,3,20250630_204522
1751283878.4014382,14331290,3668810240,3668.81024,19,50,168,3,20250630_204522
1751283878.4114225,14331329,3668820224,3668.820224,25,54,168,3,20250630_204522
1751283878.4214065,14331368,3668830208,3668.830208,30,55,168,3,20250630_204522
1751283878.4313903,14331407,3668840192,3668.840192,35,55,168,3,20250630_204522
1751283878.4413743,14331446,3668850176,3668.850176,40,61,167,3,20250630_204522
1751283878.4513583,14331485,3668860160,3668.86016,45,58,167,3,20250630_204522
1751283878.461342,14331524,3668870144,3668.870144,50,52,165,3,20250630_204522
1751283878.471326,14331563,3668880128,3668.880128,54,51,164,3,20250630_204522
1751283878.48131,14331602,3668890112,3668.890112,58,51,161,3,20250630_204522
1751283878.491294,14331641,3668900096,3668.900096,62,53,154,3,20250630_204522
1751283878.5015342,14331681,3668910336,3668.910336,66,55,146,3,20250630_204522
1751283878.5115182,14331720,3668920320,3668.92032,70,61,135,3,20250630_204522
1751283878.5215025,14331759,3668930304,3668.930304,74,53,127,3,20250630_204522
1751283878.5314865,14331798,3668940288,3668.940288,78,52,118,3,20250630_204522
1751283878.5414703,14331837,3668950272,3668.950272,82,51,110,3,20250630_204522
1751283878.5514543,14331876,3668960256,3668.960256,87,50,103,3,20250630_204522
1751283878.5614383,14331915,3668970240,3668.97024,92,48,100,3,20250630_204522
1751283878.571422,14331954,3668980224,3668.980224,97,50,98,3,20250630_204522
1751283878.581406,14331993,3668990208,3668.990208,102,50,87,3,20250630_204522
1751283878.59139,14332032,3669000192,3669.000192,108,49,98,3,20250630_204522
1751283878.601374,14332071,3669010176,3669.010176,114,48,99,3,20250630_204522
1751283878.6113582,14332110,3669020160,3669.02016,119,50,99,3,20250630_204522
1751283878.6213422,14332149,3669030144,3669.030144,125,50,98,3,20250630_204522
1751283878.6313262,14332188,3669040128,3669.040128,131,50,100,3,20250630_204522
1751283878.6415665,14332228,3669050368,3669.050368,137,47,99,3,20250630_204522
1751283878.6515503,14332267,3669060352,3669.060352,143,46,101,3,20250630_204522
1751283878.6615343,14332306,3669070336,3669.070336,148,47,101,3,20250630_204522
1751283878.671518,14332345,3669080320,3669.08032,154,48,102,3,20250630_204522
1751283878.681502,14332384,3669090304,3669.090304,159,47,102,3,20250630_204522
1751283878.691486,14332423,3669100288,3669.100288,164,48,104,3,20250630_204522
1751283878.70147,14332462,3669110272,3669.110272,169,47,104,3,20250630_204522
1751283878.7114542,14332501,3669120256,3669.120256,173,48,106,3,20250630_204522
1751283878.7214382,14332540,3669130240,3669.13024,178,46,110,3,20250630_204522
1751283878.7314222,14332579,3669140224,3669.140224,182,47,114,3,20250630_204522
1751283878.7414062,14332618,3669150208,3669.150208,186,48,121,3,20250630_204522
1751283878.7513902,14332657,3669160192,3669.160192,190,48,127,3,20250630_204522
1751283878.7616303,14332697,3669170432,3669.170432,194,47,136,3,20250630_204522
1751283878.7716143,14332736,3669180416,3669.180416,197,47,143,3,20250630_204522
1751283878.781598,14332775,3669190400,3669.1904,201,46,148,3,20250630_204522
1751283878.791582,14332814,3669200384,3669.200384,206,46,154,3,20250630_204522
1751283878.801566,14332853,3669210368,3669.210368,210,45,162,3,20250630_204522
1751283878.81155,14332892,3669220352,3669.220352,215,46,162,3,20250630_204522
1751283878.8215342,14332931,3669230336,3669.230336,220,47,162,3,20250630_204522
1751283878.8315182,14332970,3669240320,3669.24032,225,49,164,3,20250630_204522
1751283878.8415022,14333009,3669250304,3669.250304,230,49,166,3,20250630_204522
1751283878.8514862,14333048,3669260288,3669.260288,236,51,167,3,20250630_204522
1751283878.8614702,14333087,3669270272,3669.270272,241,50,166,3,20250630_204522
1751283878.8714542,14333126,3669280256,3669.280256,247,51,166,3,20250630_204522
1751283878.8814385,14333165,3669290240,3669.29024,253,50,166,3,20250630_204522
1751283878.8914225,14333204,3669300224,3669.300224,4,51,166,3,20250630_204522
1751283878.901662,14333244,3669310464,3669.310464,9,51,167,3,20250630_204522
1751283878.911646,14333283,3669320448,3669.320448,15,51,166,3,20250630_204522
1751283878.92163,14333322,3669330432,3669.330432,21,51,166,3,20250630_204522
1751283878.9316142,14333361,3669340416,3669.340416,26,51,167,3,20250630_204522
1751283878.9415982,14333400,3669350400,3669.3504,31,50,166,3,20250630_204522
1751283878.9515822,14333439,3669360384,3669.360384,37,50,166,3,20250630_204522
1751283878.9615662,14333478,3669370368,3669.370368,41,50,165,3,20250630_204522
1751283878.9715502,14333517,3669380352,3669.380352,46,51,165,3,20250630_204522
1751283878.9815342,14333556,3669390336,3669.390336,51,49,164,3,20250630_204522
1751283878.9915185,14333595,3669400320,3669.40032,55,50,159,3,20250630_204522
1751283879.0015025,14333634,3669410304,3669.410304,59,49,153,3,20250630_204522
1751283879.0114863,14333673,3669420288,3669.420288,63,50,142,3,20250630_204522
1751283879.0214703,14333712,3669430272,3669.430272,67,49,133,3,20250630_204522
1751283879.0314543,14333751,3669440256,3669.440256,70,48,125,3,20250630_204522
1751283879.041438,14333790,3669450240,3669.45024,74,48,116,3,20250630_204522
1751283879.0516782,14333830,3669460480,3669.46048,79,49,110,3,20250630_204522
1751283879.0616622,14333869,3669470464,3669.470464,83,47,104,3,20250630_204522
1751283879.0716462,14333908,3669480448,3669.480448,88,48,101,3,20250630_204522
1751283879.0816302,14333947,3669490432,3669.490432,93,47,99,3,20250630_204522
1751283879.0916142,14333986,3669500416,3669.500416,98,49,98,3,20250630_204522
1751283879.1015985,14334025,3669510400,3669.5104,104,47,99,3,20250630_204522
1751283879.1115825,14334064,3669520384,3669.520384,109,50,99,3,20250630_204522
1751283879.1215663,14334103,3669530368,3669.530368,115,48,98,3,20250630_204522
1751283879.1315503,14334142,3669540352,3669.540352,121,49,99,3,20250630_204522
1751283879.141534,14334181,3669550336,3669.550336,127,49,99,3,20250630_204522
1751283879.151518,14334220,3669560320,3669.56032,133,49,100,3,20250630_204522
1751283879.161502,14334259,3669570304,3669.570304,138,48,100,3,20250630_204522
1751283879.171486,14334298,3669580288,3669.580288,144,49,101,3,20250630_204522
1751283879.1814702,14334337,3669590272,3669.590272,150,48,102,3,20250630_204522
1751283879.1917102,14334377,3669600512,3669.600512,155,47,102,3,20250630_204522
1751283879.2016945,14334416,3669610496,3669.610496,160,47,104,3,20250630_204522
1751283879.2116785,14334455,3669620480,3669.62048,165,47,106,3,20250630_204522
1751283879.2216623,14334494,3669630464,3669.630464,170,46,107,3,20250630_204522
1751283879.2316463,14334533,3669640448,3669.640448,174,47,111,3,20250630_204522
1751283879.2416303,14334572,3669650432,3669.650432,178,47,115,3,20250630_204522
1751283879.251614,14334611,3669660416,3669.660416,182,48,121,3,20250630_204522
1751283879.261598,14334650,3669670400,3669.6704,186,48,128,3,20250630_204522
1751283879.271582,14334689,3669680384,3669.680384,190,49,136,3,20250630_204522
1751283879.281566,14334728,3669690368,3669.690368,194,48,142,3,20250630_204522
1751283879.2915502,14334767,3669700352,3669.700352,198,49,147,3,20250630_204522
1751283879.3015342,14334806,3669710336,3669.710336,202,48,153,3,20250630_204522
1751283879.3115182,14334845,3669720320,3669.72032,206,49,160,3,20250630_204522
1751283879.3215022,14334884,3669730304,3669.730304,211,48,162,3,20250630_204522
1751283879.3314862,14334923,3669740288,3669.740288,216,49,162,3,20250630_204522
1751283879.3417263,14334963,3669750528,3669.750528,220,48,162,3,20250630_204522
1751283879.3517103,14335002,3669760512,3669.760512,226,49,163,3,20250630_204522
1751283879.361694,14335041,3669770496,3669.770496,231,48,166,3,20250630_204522
1751283879.371678,14335080,3669780480,3669.78048,237,49,167,3,20250630_204522
1751283879.381662,14335119,3669790464,3669.790464,242,49,167,3,20250630_204522
1751283879.391646,14335158,3669800448,3669.800448,248,51,167,3,20250630_204522
1751283879.4016302,14335197,3669810432,3669.810432,254,51,168,3,20250630_204522
1751283879.4116142,14335236,3669820416,3669.820416,5,52,168,3,20250630_204522
1751283879.4215982,14335275,3669830400,3669.8304,11,51,168,3,20250630_204522
1751283879.4315822,14335314,3669840384,3669.840384,16,51,166,3,20250630_204522
1751283879.4415662,14335353,3669850368,3669.850368,22,51,168,3,20250630_204522
1751283879.4515502,14335392,3669860352,3669.860352,27,51,168,3,20250630_204522
1751283879.4615345,14335431,3669870336,3669.870336,33,51,167,3,20250630_204522
1751283879.4715185,14335470,3669880320,3669.88032,38,51,167,3,20250630_204522
1751283879.481758,14335510,3669890560,3669.89056,43,50,166,3,20250630_204522
1751283879.491742,14335549,3669900544,3669.900544,47,51,165,3,20250630_204522
1751283879.5017262,14335588,3669910528,3669.910528,52,50,162,3,20250630_204522
1751283879.5117102,14335627,3669920512,3669.920512,56,51,158,3,20250630_204522
1751283879.5216942,14335666,3669930496,3669.930496,60,50,153,3,20250630_204522
1751283879.5316782,14335705,3669940480,3669.94048,64,51,143,3,20250630_204522
1751283879.5416622,14335744,3669950464,3669.950464,68,50,132,3,20250630_204522
1751283879.5516462,14335783,3669960448,3669.960448,71,50,125,3,20250630_204522
1751283879.5616302,14335822,3669970432,3669.970432,75,49,117,3,20250630_204522
1751283879.5716145,14335861,3669980416,3669.980416,80,50,111,3,20250630_204522
1751283879.5815983,14335900,3669990400,3669.9904,84,49,107,3,20250630_204522
1751283879.5915823,14335939,3670000384,3670.000384,89,49,102,3,20250630_204522
1751283879.6015663,14335978,3670010368,3670.010368,94,48,99,3,20250630_204522
1751283879.61155,14336017,3670020352,3670.020352,99,49,98,3,20250630_204522
1751283879.621534,14336056,3670030336,3670.030336,105,48,100,3,20250630_204522
1751283879.6317742,14336096,3670040576,3670.040576,111,50,98,3,20250630_204522
1751283879.6417582,14336135,3670050560,3670.05056,116,49,99,3,20250630_204522
1751283879.6517422,14336174,3670060544,3670.060544,122,51,99,3,20250630_204522
1751283879.6617262,14336213,3670070528,3670.070528,128,50,98,3,20250630_204522
1751283879.6717105,14336252,3670080512,3670.080512,134,50,100,3,20250630_204522
1751283879.6816945,14336291,3670090496,3670.090496,140,49,98,3,20250630_204522
1751283879.6916783,14336330,3670100480,3670.10048,145,50,101,3,20250630_204522
1751283879.7016623,14336369,3670110464,3670.110464,151,49,102,3,20250630_204522
1751283879.7116463,14336408,3670120448,3670.120448,156,49,104,3,20250630_204522
1751283879.72163,14336447,3670130432,3670.130432,161,48,104,3,20250630_204522
1751283879.731614,14336486,3670140416,3670.140416,166,49,104,3,20250630_204522
1751283879.741598,14336525,3670150400,3670.1504,171,48,106,3,20250630_204522
1751283879.751582,14336564,3670160384,3670.160384,175,48,109,3,20250630_204522
1751283879.7615662,14336603,3670170368,3670.170368,179,49,113,3,20250630_204522
1751283879.7718062,14336643,3670180608,3670.180608,183,50,119,3,20250630_204522
1751283879.7817905,14336682,3670190592,3670.190592,187,50,126,3,20250630_204522
1751283879.7917745,14336721,3670200576,3670.200576,191,50,133,3,20250630_204522
1751283879.8017583,14336760,3670210560,3670.21056,195,50,139,3,20250630_204522
1751283879.8117423,14336799,3670220544,3670.220544,199,51,146,3,20250630_204522
1751283879.8217263,14336838,3670230528,3670.230528,203,51,152,3,20250630_204522
1751283879.83171,14336877,3670240512,3670.240512,207,51,156,3,20250630_204522
1751283879.841694,14336916,3670250496,3670.250496,212,50,161,3,20250630_204522
1751283879.851678,14336955,3670260480,3670.26048,216,51,162,3,20250630_204522
1751283879.861662,14336994,3670270464,3670.270464,221,51,164,3,20250630_204522
1751283879.8716462,14337033,3670280448,3670.280448,227,51,162,3,20250630_204522
1751283879.8816302,14337072,3670290432,3670.290432,232,51,166,3,20250630_204522
1751283879.8916142,14337111,3670300416,3670.300416,237,51,166,3,20250630_204522
1751283879.9015982,14337150,3670310400,3670.3104,243,50,165,3,20250630_204522
1751283879.9115822,14337189,3670320384,3670.320384,249,52,165,3,20250630_204522
1751283879.9218223,14337229,3670330624,3670.330624,0,52,166,3,20250630_204522
1751283879.931806,14337268,3670340608,3670.340608,5,53,167,3,20250630_204522
1751283879.94179,14337307,3670350592,3670.350592,11,52,168,3,20250630_204522
1751283879.951774,14337346,3670360576,3670.360576,17,53,168,3,20250630_204522
1751283879.961758,14337385,3670370560,3670.37056,23,53,168,3,20250630_204522
1751283879.9717422,14337424,3670380544,3670.380544,28,53,167,3,20250630_204522
1751283879.9817262,14337463,3670390528,3670.390528,33,53,167,3,20250630_204522
1751283879.9917102,14337502,3670400512,3670.400512,38,54,167,3,20250630_204522
1751283880.0016942,14337541,3670410496,3670.410496,43,52,166,3,20250630_204522
1751283880.0116782,14337580,3670420480,3670.42048,48,53,163,3,20250630_204522
1751283880.0216622,14337619,3670430464,3670.430464,52,52,163,3,20250630_204522
1751283880.0316465,14337658,3670440448,3670.440448,56,54,160,3,20250630_204522
1751283880.0416305,14337697,3670450432,3670.450432,60,52,151,3,20250630_204522
1751283880.0516143,14337736,3670460416,3670.460416,64,54,141,3,20250630_204522
1751283880.0615983,14337775,3670470400,3670.4704,68,52,131,3,20250630_204522
1751283880.071838,14337815,3670480640,3670.48064,72,53,125,3,20250630_204522
1751283880.0818222,14337854,3670490624,3670.490624,76,52,116,3,20250630_204522
1751283880.0918062,14337893,3670500608,3670.500608,80,53,109,3,20250630_204522
1751283880.1017902,14337932,3670510592,3670.510592,85,52,104,3,20250630_204522
1751283880.1117742,14337971,3670520576,3670.520576,90,53,100,3,20250630_204522
1751283880.1217582,14338010,3670530560,3670.53056,95,49,99,3,20250630_204522
1751283880.1317422,14338049,3670540544,3670.540544,100,52,99,3,20250630_204522
1751283880.1417265,14338088,3670550528,3670.550528,106,51,98,3,20250630_204522
1751283880.1517105,14338127,3670560512,3670.560512,111,53,99,3,20250630_204522
1751283880.1616943,14338166,3670570496,3670.570496,117,52,99,3,20250630_204522
1751283880.1716783,14338205,3670580480,3670.58048,123,54,98,3,20250630_204522
1751283880.1816623,14338244,3670590464,3670.590464,129,52,98,3,20250630_204522
1751283880.191646,14338283,3670600448,3670.600448,135,53,100,3,20250630_204522
1751283880.20163,14338322,3670610432,3670.610432,140,53,100,3,20250630_204522
1751283880.2118702,14338362,3670620672,3670.620672,146,53,101,3,20250630_204522
1751283880.2218542,14338401,3670630656,3670.630656,151,52,101,3,20250630_204522
1751283880.2318382,14338440,3670640640,3670.64064,157,52,102,3,20250630_204522
1751283880.2418222,14338479,3670650624,3670.650624,162,51,104,3,20250630_204522
1751283880.2518065,14338518,3670660608,3670.660608,167,52,106,3,20250630_204522
1751283880.2617905,14338557,3670670592,3670.670592,171,50,109,3,20250630_204522
1751283880.2717743,14338596,3670680576,3670.680576,175,52,112,3,20250630_204522
1751283880.2817583,14338635,3670690560,3670.69056,180,51,116,3,20250630_204522
1751283880.2917423,14338674,3670700544,3670.700544,184,52,123,3,20250630_204522
1751283880.301726,14338713,3670710528,3670.710528,187,52,130,3,20250630_204522
1751283880.31171,14338752,3670720512,3670.720512,191,53,137,3,20250630_204522
1751283880.321694,14338791,3670730496,3670.730496,195,52,144,3,20250630_204522
1751283880.3316782,14338830,3670740480,3670.74048,199,53,149,3,20250630_204522
1751283880.3416622,14338869,3670750464,3670.750464,203,52,153,3,20250630_204522
1751283880.3519022,14338909,3670760704,3670.760704,208,55,160,3,20250630_204522
1751283880.3618865,14338948,3670770688,3670.770688,212,53,161,3,20250630_204522
1751283880.3718705,14338987,3670780672,3670.780672,217,54,161,3,20250630_204522
1751283880.3818543,14339026,3670790656,3670.790656,222,54,162,3,20250630_204522
1751283880.3918383,14339065,3670800640,3670.80064,227,55,165,3,20250630_204522
1751283880.401822,14339104,3670810624,3670.810624,232,54,166,3,20250630_204522
1751283880.411806,14339143,3670820608,3670.820608,238,54,167,3,20250630_204522
1751283880.42179,14339182,3670830592,3670.830592,244,54,166,3,20250630_204522
1751283880.431774,14339221,3670840576,3670.840576,250,56,167,3,20250630_204522
1751283880.4417582,14339260,3670850560,3670.85056,1,56,168,3,20250630_204522
1751283880.4517422,14339299,3670860544,3670.860544,6,56,168,3,20250630_204522
1751283880.4617262,14339338,3670870528,3670.870528,12,55,167,3,20250630_204522
1751283880.4717102,14339377,3670880512,3670.880512,18,56,168,3,20250630_204522
1751283880.4816942,14339416,3670890496,3670.890496,23,56,168,3,20250630_204522
1751283880.4916782,14339455,3670900480,3670.90048,29,57,168,3,20250630_204522
1751283880.5019183,14339495,3670910720,3670.91072,34,56,166,3,20250630_204522
1751283880.511902,14339534,3670920704,3670.920704,39,56,165,3,20250630_204522
1751283880.521886,14339573,3670930688,3670.930688,44,55,165,3,20250630_204522
1751283880.53187,14339612,3670940672,3670.940672,48,56,163,3,20250630_204522
1751283880.541854,14339651,3670950656,3670.950656,53,55,164,3,20250630_204522
1751283880.5518382,14339690,3670960640,3670.96064,57,58,159,3,20250630_204522
1751283880.5618222,14339729,3670970624,3670.970624,61,56,152,3,20250630_204522
1751283880.5718062,14339768,3670980608,3670.980608,65,56,142,3,20250630_204522
1751283880.5817902,14339807,3670990592,3670.990592,69,55,132,3,20250630_204522
1751283880.5917742,14339846,3671000576,3671.000576,72,56,126,3,20250630_204522
1751283880.6017582,14339885,3671010560,3671.01056,76,55,118,3,20250630_204522
1751283880.6117425,14339924,3671020544,3671.020544,81,56,111,3,20250630_204522
1751283880.6217265,14339963,3671030528,3671.030528,85,54,105,3,20250630_204522
1751283880.6317103,14340002,3671040512,3671.040512,90,56,100,3,20250630_204522
1751283880.64195,14340042,3671050752,3671.050752,95,52,99,3,20250630_204522
1751283880.651934,14340081,3671060736,3671.060736,101,54,98,3,20250630_204522
1751283880.6619182,14340120,3671070720,3671.07072,106,53,98,3,20250630_204522
1751283880.6719022,14340159,3671080704,3671.080704,112,56,99,3,20250630_204522
1751283880.6818862,14340198,3671090688,3671.090688,118,55,97,3,20250630_204522
1751283880.6918702,14340237,3671100672,3671.100672,123,56,99,3,20250630_204522
1751283880.7018542,14340276,3671110656,3671.110656,129,55,97,3,20250630_204522
1751283880.7118382,14340315,3671120640,3671.12064,135,57,98,3,20250630_204522
1751283880.7218225,14340354,3671130624,3671.130624,141,56,100,3,20250630_204522
1751283880.7318065,14340393,3671140608,3671.140608,146,56,101,3,20250630_204522
1751283880.7417903,14340432,3671150592,3671.150592,152,55,101,3,20250630_204522
1751283880.7517743,14340471,3671160576,3671.160576,157,56,103,3,20250630_204522
1751283880.761758,14340510,3671170560,3671.17056,162,54,103,3,20250630_204522
1751283880.771742,14340549,3671180544,3671.180544,167,55,104,3,20250630_204522
1751283880.781726,14340588,3671190528,3671.190528,172,55,107,3,20250630_204522
1751283880.7919662,14340628,3671200768,3671.200768,176,55,109,3,20250630_204522
1751283880.8019502,14340667,3671210752,3671.210752,180,55,114,3,20250630_204522
1751283880.8119342,14340706,3671220736,3671.220736,184,56,119,3,20250630_204522
1751283880.8219182,14340745,3671230720,3671.23072,188,55,125,3,20250630_204522
1751283880.8319025,14340784,3671240704,3671.240704,192,57,133,3,20250630_204522
1751283880.8418863,14340823,3671250688,3671.250688,196,56,139,3,20250630_204522
1751283880.8518703,14340862,3671260672,3671.260672,200,58,146,3,20250630_204522
1751283880.8618543,14340901,3671270656,3671.270656,204,56,150,3,20250630_204522
1751283880.871838,14340940,3671280640,3671.28064,208,58,155,3,20250630_204522
1751283880.881822,14340979,3671290624,3671.290624,213,57,161,3,20250630_204522
1751283880.891806,14341018,3671300608,3671.300608,217,58,162,3,20250630_204522
1751283880.90179,14341057,3671310592,3671.310592,222,57,162,3,20250630_204522
1751283880.9117742,14341096,3671320576,3671.320576,228,58,162,3,20250630_204522
1751283880.9217582,14341135,3671330560,3671.33056,233,57,165,3,20250630_204522
1751283880.9319985,14341175,3671340800,3671.3408,239,58,167,3,20250630_204522
1751283880.9419825,14341214,3671350784,3671.350784,244,58,167,3,20250630_204522
1751283880.9519663,14341253,3671360768,3671.360768,250,60,166,3,20250630_204522
1751283880.9619503,14341292,3671370752,3671.370752,1,59,167,3,20250630_204522
1751283880.9719343,14341331,3671380736,3671.380736,7,60,168,3,20250630_204522
1751283880.981918,14341370,3671390720,3671.39072,13,60,168,3,20250630_204522
1751283880.991902,14341409,3671400704,3671.400704,18,61,167,3,20250630_204522
1751283881.001886,14341448,3671410688,3671.410688,24,60,167,3,20250630_204522
1751283881.01187,14341487,3671420672,3671.420672,29,61,168,3,20250630_204522
1751283881.0218542,14341526,3671430656,3671.430656,34,60,166,3,20250630_204522
1751283881.0318382,14341565,3671440640,3671.44064,39,61,166,3,20250630_204522
1751283881.0418222,14341604,3671450624,3671.450624,44,60,166,3,20250630_204522
1751283881.0518062,14341643,3671460608,3671.460608,49,60,164,3,20250630_204522
1751283881.0617902,14341682,3671470592,3671.470592,53,59,162,3,20250630_204522
1751283881.0717742,14341721,3671480576,3671.480576,57,62,157,3,20250630_204522
1751283881.0820143,14341761,3671490816,3671.490816,61,60,148,3,20250630_204522
1751283881.091998,14341800,3671500800,3671.5008,65,61,138,3,20250630_204522
1751283881.101982,14341839,3671510784,3671.510784,69,59,129,3,20250630_204522
1751283881.111966,14341878,3671520768,3671.520768,73,62,123,3,20250630_204522
1751283881.12195,14341917,3671530752,3671.530752,77,60,115,3,20250630_204522
1751283881.1319342,14341956,3671540736,3671.540736,81,61,108,3,20250630_204522
1751283881.1419182,14341995,3671550720,3671.55072,86,59,103,3,20250630_204522
1751283881.1519022,14342034,3671560704,3671.560704,91,60,99,3,20250630_204522
1751283881.1618862,14342073,3671570688,3671.570688,96,59,99,3,20250630_204522
1751283881.1718702,14342112,3671580672,3671.580672,101,60,99,3,20250630_204522
1751283881.1818542,14342151,3671590656,3671.590656,107,58,99,3,20250630_204522
1751283881.1918385,14342190,3671600640,3671.60064,113,61,99,3,20250630_204522
1751283881.2018223,14342229,3671610624,3671.610624,118,61,99,3,20250630_204522
1751283881.2118063,14342268,3671620608,3671.620608,124,61,98,3,20250630_204522
1751283881.222046,14342308,3671630848,3671.630848,130,61,99,3,20250630_204522
1751283881.2320302,14342347,3671640832,3671.640832,136,60,100,3,20250630_204522
1751283881.2420142,14342386,3671650816,3671.650816,142,61,101,3,20250630_204522
1751283881.2519982,14342425,3671660800,3671.6608,147,60,101,3,20250630_204522
1751283881.2619822,14342464,3671670784,3671.670784,153,59,103,3,20250630_204522
1751283881.2719662,14342503,3671680768,3671.680768,158,60,103,3,20250630_204522
1751283881.2819502,14342542,3671690752,3671.690752,163,59,104,3,20250630_204522
1751283881.2919345,14342581,3671700736,3671.700736,167,61,106,3,20250630_204522
1751283881.3019185,14342620,3671710720,3671.71072,172,61,109,3,20250630_204522
1751283881.3119023,14342659,3671720704,3671.720704,176,61,112,3,20250630_204522
1751283881.3218863,14342698,3671730688,3671.730688,180,60,118,3,20250630_204522
1751283881.3318703,14342737,3671740672,3671.740672,184,61,123,3,20250630_204522
1751283881.341854,14342776,3671750656,3671.750656,188,60,129,3,20250630_204522
1751283881.351838,14342815,3671760640,3671.76064,192,62,137,3,20250630_204522
1751283881.361822,14342854,3671770624,3671.770624,196,61,144,3,20250630_204522
1751283881.3720622,14342894,3671780864,3671.780864,200,62,149,3,20250630_204522
1751283881.3820462,14342933,3671790848,3671.790848,204,62,154,3,20250630_204522
1751283881.3920302,14342972,3671800832,3671.800832,209,63,160,3,20250630_204522
1751283881.4020145,14343011,3671810816,3671.810816,213,61,161,3,20250630_204522
1751283881.4119985,14343050,3671820800,3671.8208,218,63,162,3,20250630_204522
1751283881.4219823,14343089,3671830784,3671.830784,223,63,162,3,20250630_204522
1751283881.4319663,14343128,3671840768,3671.840768,228,63,164,3,20250630_204522
1751283881.4419503,14343167,3671850752,3671.850752,234,62,166,3,20250630_204522
1751283881.451934,14343206,3671860736,3671.860736,239,63,167,3,20250630_204522
1751283881.461918,14343245,3671870720,3671.87072,245,63,166,3,20250630_204522
1751283881.471902,14343284,3671880704,3671.880704,251,66,167,3,20250630_204522
1751283881.481886,14343323,3671890688,3671.890688,2,65,168,3,20250630_204522
1751283881.4918702,14343362,3671900672,3671.900672,7,65,168,3,20250630_204522
1751283881.5018542,14343401,3671910656,3671.910656,13,65,168,3,20250630_204522
1751283881.5120945,14343441,3671920896,3671.920896,19,66,168,3,20250630_204522
1751283881.5220785,14343480,3671930880,3671.93088,24,65,168,3,20250630_204522
1751283881.5320623,14343519,3671940864,3671.940864,30,66,167,3,20250630_204522
1751283881.5420463,14343558,3671950848,3671.950848,35,66,167,3,20250630_204522
1751283881.5520303,14343597,3671960832,3671.960832,40,65,165,3,20250630_204522
1751283881.562014,14343636,3671970816,3671.970816,45,64,165,3,20250630_204522
1751283881.571998,14343675,3671980800,3671.9808,49,65,163,3,20250630_204522
1751283881.581982,14343714,3671990784,3671.990784,54,65,159,3,20250630_204522
1751283881.5919662,14343753,3672000768,3672.000768,58,67,155,3,20250630_204522
1751283881.6019502,14343792,3672010752,3672.010752,62,66,147,3,20250630_204522
1751283881.6119342,14343831,3672020736,3672.020736,65,65,135,3,20250630_204522
1751283881.6219182,14343870,3672030720,3672.03072,69,65,127,3,20250630_204522
1751283881.6319022,14343909,3672040704,3672.040704,73,66,122,3,20250630_204522
1751283881.6418862,14343948,3672050688,3672.050688,77,64,114,3,20250630_204522
1751283881.6521263,14343988,3672060928,3672.060928,82,65,107,3,20250630_204522
1751283881.66211,14344027,3672070912,3672.070912,86,64,103,3,20250630_204522
1751283881.672094,14344066,3672080896,3672.080896,91,64,99,3,20250630_204522
1751283881.682078,14344105,3672090880,3672.09088,97,63,99,3,20250630_204522
1751283881.692062,14344144,3672100864,3672.100864,102,63,98,3,20250630_204522
1751283881.7020462,14344183,3672110848,3672.110848,107,63,56,3,20250630_204522
1751283881.7120302,14344222,3672120832,3672.120832,113,65,99,3,20250630_204522
1751283881.7220142,14344261,3672130816,3672.130816,119,67,98,3,20250630_204522
1751283881.7319982,14344300,3672140800,3672.1408,125,67,98,3,20250630_204522
1751283881.7419822,14344339,3672150784,3672.150784,131,65,98,3,20250630_204522
1751283881.7519662,14344378,3672160768,3672.160768,136,65,99,3,20250630_204522
1751283881.7619505,14344417,3672170752,3672.170752,142,64,100,3,20250630_204522
1751283881.7719345,14344456,3672180736,3672.180736,148,65,102,3,20250630_204522
1751283881.7819183,14344495,3672190720,3672.19072,153,64,103,3,20250630_204522
1751283881.7919023,14344534,3672200704,3672.200704,158,65,103,3,20250630_204522
1751283881.802142,14344574,3672210944,3672.210944,163,64,105,3,20250630_204522
1751283881.8121262,14344613,3672220928,3672.220928,168,66,107,3,20250630_204522
1751283881.8221102,14344652,3672230912,3672.230912,172,65,110,3,20250630_204522
1751283881.8320942,14344691,3672240896,3672.240896,177,66,113,3,20250630_204522
1751283881.8420782,14344730,3672250880,3672.25088,181,64,117,3,20250630_204522
1751283881.8520622,14344769,3672260864,3672.260864,185,66,124,3,20250630_204522
1751283881.8620462,14344808,3672270848,3672.270848,188,65,132,3,20250630_204522
1751283881.8720305,14344847,3672280832,3672.280832,192,67,140,3,20250630_204522
1751283881.8820145,14344886,3672290816,3672.290816,196,65,145,3,20250630_204522
1751283881.8919983,14344925,3672300800,3672.3008,200,66,149,3,20250630_204522
1751283881.9019823,14344964,3672310784,3672.310784,204,66,154,3,20250630_204522
1751283881.9119663,14345003,3672320768,3672.320768,209,68,160,3,20250630_204522
1751283881.92195,14345042,3672330752,3672.330752,213,66,162,3,20250630_204522
1751283881.931934,14345081,3672340736,3672.340736,218,68,161,3,20250630_204522
1751283881.9421742,14345121,3672350976,3672.350976,223,68,161,3,20250630_204522
1751283881.9521582,14345160,3672360960,3672.36096,228,68,164,3,20250630_204522
1751283881.9621422,14345199,3672370944,3672.370944,234,66,165,3,20250630_204522
1751283881.9721262,14345238,3672380928,3672.380928,239,69,167,3,20250630_204522
1751283881.9821105,14345277,3672390912,3672.390912,245,69,167,3,20250630_204522
1751283881.9920945,14345316,3672400896,3672.400896,251,70,167,3,20250630_204522
1751283882.0020783,14345355,3672410880,3672.41088,2,69,167,3,20250630_204522
1751283882.0120623,14345394,3672420864,3672.420864,8,70,168,3,20250630_204522
1751283882.022046,14345433,3672430848,3672.430848,13,71,169,3,20250630_204522
1751283882.03203,14345472,3672440832,3672.440832,19,71,169,3,20250630_204522
1751283882.042014,14345511,3672450816,3672.450816,25,70,168,3,20250630_204522
1751283882.051998,14345550,3672460800,3672.4608,30,71,167,3,20250630_204522
1751283882.0619822,14345589,3672470784,3672.470784,35,70,167,3,20250630_204522
1751283882.0719662,14345628,3672480768,3672.480768,40,72,166,3,20250630_204522
1751283882.0819502,14345667,3672490752,3672.490752,45,71,164,3,20250630_204522
1751283882.0921905,14345707,3672500992,3672.500992,50,71,163,3,20250630_204522
1751283882.1021743,14345746,3672510976,3672.510976,54,72,160,3,20250630_204522
1751283882.1121583,14345785,3672520960,3672.52096,58,73,155,3,20250630_204522
1751283882.1221423,14345824,3672530944,3672.530944,62,72,147,3,20250630_204522
1751283882.132126,14345863,3672540928,3672.540928,66,72,136,3,20250630_204522
1751283882.14211,14345902,3672550912,3672.550912,69,70,127,3,20250630_204522
1751283882.152094,14345941,3672560896,3672.560896,73,72,122,3,20250630_204522
1751283882.162078,14345980,3672570880,3672.57088,77,70,113,3,20250630_204522
1751283882.1720622,14346019,3672580864,3672.580864,82,71,106,3,20250630_204522
1751283882.1820462,14346058,3672590848,3672.590848,87,69,102,3,20250630_204522
1751283882.1920302,14346097,3672600832,3672.600832,92,70,100,3,20250630_204522
1751283882.2020142,14346136,3672610816,3672.610816,97,69,98,3,20250630_204522
1751283882.2119982,14346175,3672620800,3672.6208,102,68,99,3,20250630_204522
1751283882.2219822,14346214,3672630784,3672.630784,108,70,99,3,20250630_204522
1751283882.2322223,14346254,3672641024,3672.641024,113,70,99,3,20250630_204522
1751283882.242206,14346293,3672651008,3672.651008,119,71,98,3,20250630_204522
1751283882.25219,14346332,3672660992,3672.660992,125,73,98,3,20250630_204522
1751283882.262174,14346371,3672670976,3672.670976,131,70,98,3,20250630_204522
1751283882.272158,14346410,3672680960,3672.68096,137,71,100,3,20250630_204522
1751283882.2821422,14346449,3672690944,3672.690944,142,70,101,3,20250630_204522
1751283882.2921262,14346488,3672700928,3672.700928,148,70,101,3,20250630_204522
1751283882.3021102,14346527,3672710912,3672.710912,153,70,101,3,20250630_204522
1751283882.3120942,14346566,3672720896,3672.720896,158,71,103,3,20250630_204522
1751283882.3220782,14346605,3672730880,3672.73088,163,70,103,3,20250630_204522
1751283882.3320622,14346644,3672740864,3672.740864,168,72,106,3,20250630_204522
1751283882.3420465,14346683,3672750848,3672.750848,173,71,108,3,20250630_204522
1751283882.3520305,14346722,3672760832,3672.760832,177,71,111,3,20250630_204522
1751283882.3620143,14346761,3672770816,3672.770816,181,70,115,3,20250630_204522
1751283882.3719983,14346800,3672780800,3672.7808,185,71,121,3,20250630_204522
1751283882.382238,14346840,3672791040,3672.79104,189,71,128,3,20250630_204522
1751283882.3922222,14346879,3672801024,3672.801024,193,71,137,3,20250630_204522
1751283882.4022062,14346918,3672811008,3672.811008,197,70,143,3,20250630_204522
1751283882.4121902,14346957,3672820992,3672.820992,201,73,148,3,20250630_204522
1751283882.4221742,14346996,3672830976,3672.830976,205,72,153,3,20250630_204522
1751283882.4321582,14347035,3672840960,3672.84096,209,73,159,3,20250630_204522
1751283882.4421422,14347074,3672850944,3672.850944,214,72,161,3,20250630_204522
1751283882.4521265,14347113,3672860928,3672.860928,219,74,163,3,20250630_204522
1751283882.4621103,14347152,3672870912,3672.870912,224,74,162,3,20250630_204522
1751283882.4720943,14347191,3672880896,3672.880896,229,73,163,3,20250630_204522
1751283882.4820783,14347230,3672890880,3672.89088,234,72,165,3,20250630_204522
1751283882.492062,14347269,3672900864,3672.900864,240,76,167,3,20250630_204522
1751283882.502046,14347308,3672910848,3672.910848,246,76,168,3,20250630_204522
1751283882.51203,14347347,3672920832,3672.920832,252,77,167,3,20250630_204522
1751283882.5222702,14347387,3672931072,3672.931072,2,76,167,3,20250630_204522
1751283882.5322542,14347426,3672941056,3672.941056,8,76,168,3,20250630_204522
1751283882.5422382,14347465,3672951040,3672.95104,14,77,168,3,20250630_204522
1751283882.5522225,14347504,3672961024,3672.961024,20,77,167,3,20250630_204522
1751283882.5622065,14347543,3672971008,3672.971008,25,76,168,3,20250630_204522
1751283882.5721903,14347582,3672980992,3672.980992,31,76,166,3,20250630_204522
1751283882.5821743,14347621,3672990976,3672.990976,36,76,166,3,20250630_204522
1751283882.5921583,14347660,3673000960,3673.00096,41,77,166,3,20250630_204522
1751283882.602142,14347699,3673010944,3673.010944,45,76,165,3,20250630_204522
1751283882.612126,14347738,3673020928,3673.020928,50,76,161,3,20250630_204522
1751283882.62211,14347777,3673030912,3673.030912,54,78,160,3,20250630_204522
1751283882.632094,14347816,3673040896,3673.040896,58,79,153,3,20250630_204522
1751283882.6420782,14347855,3673050880,3673.05088,62,77,145,3,20250630_204522
1751283882.6520622,14347894,3673060864,3673.060864,66,77,134,3,20250630_204522
1751283882.6620462,14347933,3673070848,3673.070848,70,75,127,3,20250630_204522
1751283882.6722865,14347973,3673081088,3673.081088,74,76,120,3,20250630_204522
1751283882.6822703,14348012,3673091072,3673.091072,78,75,113,3,20250630_204522
1751283882.6922543,14348051,3673101056,3673.101056,82,75,106,3,20250630_204522
1751283882.7022383,14348090,3673111040,3673.11104,87,73,103,3,20250630_204522
1751283882.712222,14348129,3673121024,3673.121024,92,74,99,3,20250630_204522
1751283882.722206,14348168,3673131008,3673.131008,97,73,97,3,20250630_204522
1751283882.73219,14348207,3673140992,3673.140992,103,75,98,3,20250630_204522
1751283882.742174,14348246,3673150976,3673.150976,108,76,98,3,20250630_204522
1751283882.7521582,14348285,3673160960,3673.16096,114,77,99,3,20250630_204522
1751283882.7621422,14348324,3673170944,3673.170944,120,76,99,3,20250630_204522
1751283882.7721262,14348363,3673180928,3673.180928,126,78,97,3,20250630_204522
1751283882.7821102,14348402,3673190912,3673.190912,131,75,98,3,20250630_204522
1751283882.7920942,14348441,3673200896,3673.200896,137,75,100,3,20250630_204522
1751283882.8020782,14348480,3673210880,3673.21088,143,75,101,3,20250630_204522
1751283882.8123183,14348520,3673221120,3673.22112,148,74,101,3,20250630_204522
1751283882.822302,14348559,3673231104,3673.231104,154,74,101,3,20250630_204522
1751283882.832286,14348598,3673241088,3673.241088,159,75,103,3,20250630_204522
1751283882.84227,14348637,3673251072,3673.251072,164,74,104,3,20250630_204522
1751283882.8522542,14348676,3673261056,3673.261056,169,76,107,3,20250630_204522
1751283882.8622382,14348715,3673271040,3673.27104,173,76,110,3,20250630_204522
1751283882.8722222,14348754,3673281024,3673.281024,177,77,112,3,20250630_204522
1751283882.8822062,14348793,3673291008,3673.291008,181,76,116,3,20250630_204522
1751283882.8921902,14348832,3673300992,3673.300992,185,77,124,3,20250630_204522
1751283882.9021742,14348871,3673310976,3673.310976,189,75,130,3,20250630_204522
1751283882.9121585,14348910,3673320960,3673.32096,193,76,139,3,20250630_204522
1751283882.9221425,14348949,3673330944,3673.330944,197,76,145,3,20250630_204522
1751283882.9321263,14348988,3673340928,3673.340928,201,77,149,3,20250630_204522
1751283882.9421103,14349027,3673350912,3673.350912,205,77,154,3,20250630_204522
1751283882.9520943,14349066,3673360896,3673.360896,210,78,160,3,20250630_204522
1751283882.9623342,14349106,3673371136,3673.371136,214,77,162,3,20250630_204522
1751283882.9723182,14349145,3673381120,3673.38112,219,78,163,3,20250630_204522
1751283882.9823022,14349184,3673391104,3673.391104,224,78,162,3,20250630_204522
1751283882.9922862,14349223,3673401088,3673.401088,229,77,164,3,20250630_204522
1751283883.0022702,14349262,3673411072,3673.411072,235,76,166,3,20250630_204522
1751283883.0122542,14349301,3673421056,3673.421056,240,82,167,3,20250630_204522
1751283883.0222385,14349340,3673431040,3673.43104,246,80,167,3,20250630_204522
1751283883.0322225,14349379,3673441024,3673.441024,252,81,167,3,20250630_204522
1751283883.0422063,14349418,3673451008,3673.451008,3,81,168,3,20250630_204522
1751283883.0521903,14349457,3673460992,3673.460992,9,81,168,3,20250630_204522
1751283883.0621743,14349496,3673470976,3673.470976,14,83,167,3,20250630_204522
1751283883.0724142,14349536,3673481216,3673.481216,20,81,167,3,20250630_204522
1751283883.0823982,14349575,3673491200,3673.4912,26,82,168,3,20250630_204522
1751283883.0923822,14349614,3673501184,3673.501184,31,83,167,3,20250630_204522
1751283883.1023662,14349653,3673511168,3673.511168,36,82,166,3,20250630_204522
1751283883.1123502,14349692,3673521152,3673.521152,41,83,167,3,20250630_204522
1751283883.1223342,14349731,3673531136,3673.531136,46,84,164,3,20250630_204522
1751283883.1323185,14349770,3673541120,3673.54112,50,85,162,3,20250630_204522
1751283883.142558,14349810,3673551360,3673.55136,54,85,160,3,20250630_204522
1751283883.152542,14349849,3673561344,3673.561344,59,85,153,3,20250630_204522
1751283883.162526,14349888,3673571328,3673.571328,62,85,145,3,20250630_204522
1751283883.17251,14349927,3673581312,3673.581312,66,84,133,3,20250630_204522
1751283883.1824942,14349966,3673591296,3673.591296,70,84,126,3,20250630_204522
1751283883.1924782,14350005,3673601280,3673.60128,74,84,121,3,20250630_204522
1751283883.2027185,14350045,3673611520,3673.61152,78,82,111,3,20250630_204522
1751283883.2127025,14350084,3673621504,3673.621504,83,82,106,3,20250630_204522
1751283883.2226863,14350123,3673631488,3673.631488,87,80,102,3,20250630_204522
1751283883.2326703,14350162,3673641472,3673.641472,93,81,99,3,20250630_204522
1751283883.2426543,14350201,3673651456,3673.651456,98,81,98,3,20250630_204522
1751283883.252638,14350240,3673661440,3673.66144,103,83,99,3,20250630_204522
1751283883.262622,14350279,3673671424,3673.671424,109,86,98,3,20250630_204522
1751283883.2728622,14350319,3673681664,3673.681664,115,86,99,3,20250630_204522
1751283883.2828462,14350358,3673691648,3673.691648,120,88,99,3,20250630_204522
1751283883.2928302,14350397,3673701632,3673.701632,126,87,98,3,20250630_204522
1751283883.3028142,14350436,3673711616,3673.711616,132,83,98,3,20250630_204522
1751283883.3127985,14350475,3673721600,3673.7216,138,83,100,3,20250630_204522
1751283883.3227825,14350514,3673731584,3673.731584,144,83,100,3,20250630_204522
1751283883.3327663,14350553,3673741568,3673.741568,149,82,101,3,20250630_204522
1751283883.343006,14350593,3673751808,3673.751808,154,82,100,3,20250630_204522
1751283883.3529902,14350632,3673761792,3673.761792,160,83,101,3,20250630_204522
1751283883.3629742,14350671,3673771776,3673.771776,165,84,104,3,20250630_204522
1751283883.3729582,14350710,3673781760,3673.78176,169,85,107,3,20250630_204522
1751283883.3829422,14350749,3673791744,3673.791744,174,85,108,3,20250630_204522
1751283883.3929262,14350788,3673801728,3673.801728,178,86,112,3,20250630_204522
1751283883.4031663,14350828,3673811968,3673.811968,182,85,115,3,20250630_204522
1751283883.4131503,14350867,3673821952,3673.821952,186,86,123,3,20250630_204522
1751283883.423134,14350906,3673831936,3673.831936,190,84,127,3,20250630_204522
1751283883.433118,14350945,3673841920,3673.84192,194,86,136,3,20250630_204522
1751283883.443102,14350984,3673851904,3673.851904,198,86,143,3,20250630_204522
1751283883.453086,14351023,3673861888,3673.861888,202,87,148,3,20250630_204522
1751283883.4630702,14351062,3673871872,3673.871872,206,86,153,3,20250630_204522
1751283883.4730542,14351101,3673881856,3673.881856,210,87,160,3,20250630_204522
1751283883.4832942,14351141,3673892096,3673.892096,215,86,161,3,20250630_204522
1751283883.4932785,14351180,3673902080,3673.90208,220,88,163,3,20250630_204522
1751283883.5032623,14351219,3673912064,3673.912064,225,86,162,3,20250630_204522
1751283883.5132463,14351258,3673922048,3673.922048,230,86,163,3,20250630_204522
1751283883.5232303,14351297,3673932032,3673.932032,236,86,165,3,20250630_204522
1751283883.533214,14351336,3673942016,3673.942016,241,92,167,3,20250630_204522
1751283883.543198,14351375,3673952000,3673.952,247,92,167,3,20250630_204522
1751283883.553182,14351414,3673961984,3673.961984,253,92,167,3,20250630_204522
1751283883.563166,14351453,3673971968,3673.971968,4,92,168,3,20250630_204522
1751283883.5731502,14351492,3673981952,3673.981952,10,91,167,3,20250630_204522
1751283883.5831342,14351531,3673991936,3673.991936,16,93,168,3,20250630_204522
1751283883.5931182,14351570,3674001920,3674.00192,21,91,167,3,20250630_204522
1751283883.6031022,14351609,3674011904,3674.011904,27,90,167,3,20250630_204522
1751283883.6130862,14351648,3674021888,3674.021888,32,93,167,3,20250630_204522
1751283883.6233263,14351688,3674032128,3674.032128,37,90,166,3,20250630_204522
1751283883.6333103,14351727,3674042112,3674.042112,42,89,166,3,20250630_204522
1751283883.643294,14351766,3674052096,3674.052096,47,91,165,3,20250630_204522
1751283883.653278,14351805,3674062080,3674.06208,51,92,164,3,20250630_204522
1751283883.663262,14351844,3674072064,3674.072064,55,92,159,3,20250630_204522
1751283883.673246,14351883,3674082048,3674.082048,59,94,152,3,20250630_204522
1751283883.6832302,14351922,3674092032,3674.092032,63,93,144,3,20250630_204522
1751283883.6932142,14351961,3674102016,3674.102016,67,92,133,3,20250630_204522
1751283883.7031982,14352000,3674112000,3674.112,71,90,127,3,20250630_204522
1751283883.7131822,14352039,3674121984,3674.121984,75,90,118,3,20250630_204522
1751283883.7231662,14352078,3674131968,3674.131968,79,89,112,3,20250630_204522
1751283883.7331502,14352117,3674141952,3674.141952,83,89,106,3,20250630_204522
1751283883.7431345,14352156,3674151936,3674.151936,88,85,101,3,20250630_204522
1751283883.7531185,14352195,3674161920,3674.16192,93,86,98,3,20250630_204522
1751283883.7631023,14352234,3674171904,3674.171904,99,86,98,3,20250630_204522
1751283883.773342,14352274,3674182144,3674.182144,104,87,98,3,20250630_204522
1751283883.783326,14352313,3674192128,3674.192128,110,90,99,3,20250630_204522
1751283883.7933102,14352352,3674202112,3674.202112,115,88,99,3,20250630_204522
1751283883.8032942,14352391,3674212096,3674.212096,121,90,98,3,20250630_204522
1751283883.8132782,14352430,3674222080,3674.22208,127,91,97,3,20250630_204522
1751283883.8232622,14352469,3674232064,3674.232064,133,89,98,3,20250630_204522
1751283883.8332462,14352508,3674242048,3674.242048,139,87,99,3,20250630_204522
1751283883.8432302,14352547,3674252032,3674.252032,144,86,100,3,20250630_204522
1751283883.8532145,14352586,3674262016,3674.262016,150,86,101,3,20250630_204522
1751283883.8631985,14352625,3674272000,3674.272,155,85,101,3,20250630_204522
1751283883.8731823,14352664,3674281984,3674.281984,160,86,101,3,20250630_204522
1751283883.8831663,14352703,3674291968,3674.291968,165,87,102,3,20250630_204522
1751283883.89315,14352742,3674301952,3674.301952,170,88,105,3,20250630_204522
1751283883.903134,14352781,3674311936,3674.311936,175,89,108,3,20250630_204522
1751283883.9133742,14352821,3674322176,3674.322176,179,89,110,3,20250630_204522
1751283883.9233582,14352860,3674332160,3674.33216,183,88,115,3,20250630_204522
1751283883.9333422,14352899,3674342144,3674.342144,187,90,121,3,20250630_204522
1751283883.9433262,14352938,3674352128,3674.352128,191,88,127,3,20250630_204522
1751283883.9533105,14352977,3674362112,3674.362112,195,88,134,3,20250630_204522
1751283883.9632945,14353016,3674372096,3674.372096,198,88,141,3,20250630_204522
1751283883.9732783,14353055,3674382080,3674.38208,202,90,147,3,20250630_204522
1751283883.9832623,14353094,3674392064,3674.392064,207,89,151,3,20250630_204522
1751283883.9932463,14353133,3674402048,3674.402048,211,89,157,3,20250630_204522
1751283884.00323,14353172,3674412032,3674.412032,216,88,162,3,20250630_204522
1751283884.013214,14353211,3674422016,3674.422016,221,88,162,3,20250630_204522
1751283884.023198,14353250,3674432000,3674.432,226,89,163,3,20250630_204522
1751283884.033182,14353289,3674441984,3674.441984,231,88,163,3,20250630_204522
1751283884.0431662,14353328,3674451968,3674.451968,236,87,164,3,20250630_204522
1751283884.0531502,14353367,3674461952,3674.461952,242,92,167,3,20250630_204522
1751283884.0633905,14353407,3674472192,3674.472192,248,92,167,3,20250630_204522
1751283884.0733745,14353446,3674482176,3674.482176,254,92,167,3,20250630_204522
1751283884.0833583,14353485,3674492160,3674.49216,5,92,168,3,20250630_204522
1751283884.0933423,14353524,3674502144,3674.502144,10,91,169,3,20250630_204522
1751283884.1033263,14353563,3674512128,3674.512128,16,93,168,3,20250630_204522
1751283884.11331,14353602,3674522112,3674.522112,22,92,168,3,20250630_204522
1751283884.123294,14353641,3674532096,3674.532096,27,93,168,3,20250630_204522
1751283884.133278,14353680,3674542080,3674.54208,32,92,167,3,20250630_204522
1751283884.143262,14353719,3674552064,3674.552064,38,91,167,3,20250630_204522
1751283884.1532462,14353758,3674562048,3674.562048,42,92,167,3,20250630_204522
1751283884.1632302,14353797,3674572032,3674.572032,47,91,164,3,20250630_204522
1751283884.1732142,14353836,3674582016,3674.582016,51,92,163,3,20250630_204522
1751283884.1831982,14353875,3674592000,3674.592,56,95,161,3,20250630_204522
1751283884.1931822,14353914,3674601984,3674.601984,60,95,155,3,20250630_204522
1751283884.2034223,14353954,3674612224,3674.612224,64,91,143,3,20250630_204522
1751283884.2134063,14353993,3674622208,3674.622208,67,91,135,3,20250630_204522
1751283884.22339,14354032,3674632192,3674.632192,71,88,126,3,20250630_204522
1751283884.233374,14354071,3674642176,3674.642176,75,89,118,3,20250630_204522
1751283884.243358,14354110,3674652160,3674.65216,79,88,110,3,20250630_204522
1751283884.2533422,14354149,3674662144,3674.662144,84,87,106,3,20250630_204522
1751283884.2633262,14354188,3674672128,3674.672128,89,84,102,3,20250630_204522
1751283884.2733102,14354227,3674682112,3674.682112,94,87,98,3,20250630_204522
1751283884.2832942,14354266,3674692096,3674.692096,99,87,98,3,20250630_204522
1751283884.2932782,14354305,3674702080,3674.70208,105,87,98,3,20250630_204522
1751283884.3032622,14354344,3674712064,3674.712064,110,92,98,3,20250630_204522
1751283884.3132465,14354383,3674722048,3674.722048,116,92,99,3,20250630_204522
1751283884.3232305,14354422,3674732032,3674.732032,122,89,99,3,20250630_204522
1751283884.3332143,14354461,3674742016,3674.742016,128,89,98,3,20250630_204522
1751283884.3431983,14354500,3674752000,3674.752,134,86,99,3,20250630_204522
1751283884.353438,14354540,3674762240,3674.76224,139,86,99,3,20250630_204522
1751283884.3634222,14354579,3674772224,3674.772224,145,86,100,3,20250630_204522
1751283884.3734062,14354618,3674782208,3674.782208,151,85,100,3,20250630_204522
1751283884.3833902,14354657,3674792192,3674.792192,156,85,101,3,20250630_204522
1751283884.3933742,14354696,3674802176,3674.802176,161,86,103,3,20250630_204522
1751283884.4033582,14354735,3674812160,3674.81216,166,88,106,3,20250630_204522
1751283884.4133422,14354774,3674822144,3674.822144,171,90,108,3,20250630_204522
1751283884.4233265,14354813,3674832128,3674.832128,175,87,109,3,20250630_204522
1751283884.4333105,14354852,3674842112,3674.842112,179,89,114,3,20250630_204522
1751283884.4432943,14354891,3674852096,3674.852096,183,87,119,3,20250630_204522
1751283884.4532783,14354930,3674862080,3674.86208,187,88,127,3,20250630_204522
1751283884.4632623,14354969,3674872064,3674.872064,191,88,134,3,20250630_204522
1751283884.473246,14355008,3674882048,3674.882048,195,89,140,3,20250630_204522
1751283884.48323,14355047,3674892032,3674.892032,199,88,145,3,20250630_204522
1751283884.4934702,14355087,3674902272,3674.902272,203,88,150,3,20250630_204522
1751283884.5034542,14355126,3674912256,3674.912256,207,88,155,3,20250630_204522
1751283884.5134382,14355165,3674922240,3674.92224,212,90,160,3,20250630_204522
1751283884.5234222,14355204,3674932224,3674.932224,216,88,162,3,20250630_204522
1751283884.5334065,14355243,3674942208,3674.942208,221,90,162,3,20250630_204522
1751283884.5433905,14355282,3674952192,3674.952192,226,88,163,3,20250630_204522
1751283884.5533743,14355321,3674962176,3674.962176,232,90,165,3,20250630_204522
1751283884.5633583,14355360,3674972160,3674.97216,237,88,167,3,20250630_204522
1751283884.5733423,14355399,3674982144,3674.982144,243,92,165,3,20250630_204522
1751283884.583326,14355438,3674992128,3674.992128,248,93,164,3,20250630_204522
1751283884.59331,14355477,3675002112,3675.002112,254,92,167,3,20250630_204522
1751283884.603294,14355516,3675012096,3675.012096,5,91,167,3,20250630_204522
1751283884.6132782,14355555,3675022080,3675.02208,11,91,167,3,20250630_204522
1751283884.6232622,14355594,3675032064,3675.032064,17,91,167,3,20250630_204522
1751283884.6332462,14355633,3675042048,3675.042048,22,91,167,3,20250630_204522
1751283884.6434865,14355673,3675052288,3675.052288,28,91,167,3,20250630_204522
1751283884.6534705,14355712,3675062272,3675.062272,33,92,167,3,20250630_204522
1751283884.6634543,14355751,3675072256,3675.072256,38,92,167,3,20250630_204522
1751283884.6734383,14355790,3675082240,3675.08224,43,89,165,3,20250630_204522
1751283884.683422,14355829,3675092224,3675.092224,47,90,164,3,20250630_204522
1751283884.693406,14355868,3675102208,3675.102208,52,92,164,3,20250630_204522
1751283884.70339,14355907,3675112192,3675.112192,56,91,159,3,20250630_204522
1751283884.713374,14355946,3675122176,3675.122176,60,90,155,3,20250630_204522
1751283884.7233582,14355985,3675132160,3675.13216,64,88,144,3,20250630_204522
1751283884.7333422,14356024,3675142144,3675.142144,68,88,135,3,20250630_204522
1751283884.7433262,14356063,3675152128,3675.152128,72,88,127,3,20250630_204522
1751283884.7533102,14356102,3675162112,3675.162112,76,86,120,3,20250630_204522
1751283884.7632942,14356141,3675172096,3675.172096,80,85,112,3,20250630_204522
1751283884.7732782,14356180,3675182080,3675.18208,84,85,106,3,20250630_204522
1751283884.7835183,14356220,3675192320,3675.19232,89,84,103,3,20250630_204522
1751283884.793502,14356259,3675202304,3675.202304,94,86,99,3,20250630_204522
1751283884.803486,14356298,3675212288,3675.212288,99,84,98,3,20250630_204522
1751283884.81347,14356337,3675222272,3675.222272,105,85,99,3,20250630_204522
1751283884.823454,14356376,3675232256,3675.232256,111,85,98,3,20250630_204522
1751283884.8334382,14356415,3675242240,3675.24224,116,92,98,3,20250630_204522
1751283884.8434222,14356454,3675252224,3675.252224,122,89,100,3,20250630_204522
1751283884.8534062,14356493,3675262208,3675.262208,128,88,99,3,20250630_204522
1751283884.8633902,14356532,3675272192,3675.272192,134,86,98,3,20250630_204522
1751283884.8733742,14356571,3675282176,3675.282176,140,85,99,3,20250630_204522
1751283884.8833582,14356610,3675292160,3675.29216,145,84,100,3,20250630_204522
1751283884.8933425,14356649,3675302144,3675.302144,151,83,99,3,20250630_204522
1751283884.9033265,14356688,3675312128,3675.312128,156,84,102,3,20250630_204522
1751283884.9133103,14356727,3675322112,3675.322112,161,85,102,3,20250630_204522
1751283884.92355,14356767,3675332352,3675.332352,166,83,103,3,20250630_204522
1751283884.933534,14356806,3675342336,3675.342336,171,87,106,3,20250630_204522
1751283884.9435182,14356845,3675352320,3675.35232,175,85,108,3,20250630_204522
1751283884.9535022,14356884,3675362304,3675.362304,180,86,110,3,20250630_204522
1751283884.9634862,14356923,3675372288,3675.372288,184,84,116,3,20250630_204522
1751283884.9734702,14356962,3675382272,3675.382272,188,87,120,3,20250630_204522
1751283884.9834542,14357001,3675392256,3675.392256,191,87,127,3,20250630_204522
1751283884.9934382,14357040,3675402240,3675.40224,195,86,136,3,20250630_204522
1751283885.0034225,14357079,3675412224,3675.412224,199,85,141,3,20250630_204522
1751283885.0134065,14357118,3675422208,3675.422208,203,87,146,3,20250630_204522
1751283885.0233903,14357157,3675432192,3675.432192,207,86,152,3,20250630_204522
1751283885.0333743,14357196,3675442176,3675.442176,212,86,157,3,20250630_204522
1751283885.043358,14357235,3675452160,3675.45216,216,86,161,3,20250630_204522
1751283885.053342,14357274,3675462144,3675.462144,221,88,162,3,20250630_204522
1751283885.0635822,14357314,3675472384,3675.472384,226,85,163,3,20250630_204522
1751283885.0735662,14357353,3675482368,3675.482368,232,87,164,3,20250630_204522
1751283885.0835502,14357392,3675492352,3675.492352,237,86,165,3,20250630_204522
1751283885.0935342,14357431,3675502336,3675.502336,243,86,167,3,20250630_204522
1751283885.1035182,14357470,3675512320,3675.51232,249,85,166,3,20250630_204522
1751283885.1135025,14357509,3675522304,3675.522304,0,91,166,3,20250630_204522
1751283885.1234865,14357548,3675532288,3675.532288,5,92,167,3,20250630_204522
1751283885.1334703,14357587,3675542272,3675.542272,11,91,168,3,20250630_204522
1751283885.1434543,14357626,3675552256,3675.552256,17,91,167,3,20250630_204522
1751283885.153438,14357665,3675562240,3675.56224,22,88,167,3,20250630_204522
1751283885.163422,14357704,3675572224,3675.572224,28,89,167,3,20250630_204522
1751283885.173406,14357743,3675582208,3675.582208,33,89,167,3,20250630_204522
1751283885.18339,14357782,3675592192,3675.592192,38,87,166,3,20250630_204522
1751283885.1933742,14357821,3675602176,3675.602176,43,87,166,3,20250630_204522
1751283885.2033582,14357860,3675612160,3675.61216,48,88,165,3,20250630_204522
1751283885.2135985,14357900,3675622400,3675.6224,52,88,165,3,20250630_204522
1751283885.2235825,14357939,3675632384,3675.632384,56,86,161,3,20250630_204522
1751283885.2335663,14357978,3675642368,3675.642368,60,92,156,3,20250630_204522
1751283885.2435503,14358017,3675652352,3675.652352,64,88,148,3,20250630_204522
1751283885.2535343,14358056,3675662336,3675.662336,68,87,137,3,20250630_204522
1751283885.263518,14358095,3675672320,3675.67232,72,84,129,3,20250630_204522
1751283885.273502,14358134,3675682304,3675.682304,76,85,123,3,20250630_204522
1751283885.283486,14358173,3675692288,3675.692288,80,84,115,3,20250630_204522
1751283885.29347,14358212,3675702272,3675.702272,84,83,108,3,20250630_204522
1751283885.3034542,14358251,3675712256,3675.712256,89,81,103,3,20250630_204522
1751283885.3134382,14358290,3675722240,3675.72224,94,82,100,3,20250630_204522
1751283885.3234222,14358329,3675732224,3675.732224,99,80,98,3,20250630_204522
1751283885.3334062,14358368,3675742208,3675.742208,105,86,98,3,20250630_204522
1751283885.3433902,14358407,3675752192,3675.752192,111,87,99,3,20250630_204522
1751283885.3536303,14358447,3675762432,3675.762432,116,87,98,3,20250630_204522
1751283885.3636143,14358486,3675772416,3675.772416,122,86,99,3,20250630_204522
1751283885.373598,14358525,3675782400,3675.7824,128,85,98,3,20250630_204522
1751283885.383582,14358564,3675792384,3675.792384,134,84,99,3,20250630_204522
1751283885.393566,14358603,3675802368,3675.802368,140,82,100,3,20250630_204522
1751283885.40355,14358642,3675812352,3675.812352,145,81,101,3,20250630_204522
1751283885.4135342,14358681,3675822336,3675.822336,151,80,100,3,20250630_204522
1751283885.4235182,14358720,3675832320,3675.83232,156,81,102,3,20250630_204522
1751283885.4335022,14358759,3675842304,3675.842304,161,81,102,3,20250630_204522
1751283885.4434862,14358798,3675852288,3675.852288,166,81,104,3,20250630_204522
1751283885.4534702,14358837,3675862272,3675.862272,171,83,106,3,20250630_204522
1751283885.4634542,14358876,3675872256,3675.872256,175,83,109,3,20250630_204522
1751283885.4734385,14358915,3675882240,3675.88224,179,84,113,3,20250630_204522
1751283885.4834225,14358954,3675892224,3675.892224,183,82,118,3,20250630_204522
1751283885.493662,14358994,3675902464,3675.902464,187,83,125,3,20250630_204522
1751283885.503646,14359033,3675912448,3675.912448,191,81,131,3,20250630_204522
1751283885.5136302,14359072,3675922432,3675.922432,195,81,138,3,20250630_204522
1751283885.5236142,14359111,3675932416,3675.932416,199,81,143,3,20250630_204522
1751283885.5335982,14359150,3675942400,3675.9424,203,81,150,3,20250630_204522
1751283885.5435822,14359189,3675952384,3675.952384,207,81,153,3,20250630_204522
1751283885.5535662,14359228,3675962368,3675.962368,212,81,160,3,20250630_204522
1751283885.5635502,14359267,3675972352,3675.972352,216,82,162,3,20250630_204522
1751283885.5735345,14359306,3675982336,3675.982336,221,82,162,3,20250630_204522
1751283885.5835185,14359345,3675992320,3675.99232,226,81,163,3,20250630_204522
1751283885.5935023,14359384,3676002304,3676.002304,232,82,164,3,20250630_204522
1751283885.6034863,14359423,3676012288,3676.012288,237,81,167,3,20250630_204522
1751283885.6134703,14359462,3676022272,3676.022272,243,84,167,3,20250630_204522
1751283885.623454,14359501,3676032256,3676.032256,249,86,167,3,20250630_204522
1751283885.6336942,14359541,3676042496,3676.042496,0,86,168,3,20250630_204522
1751283885.6436782,14359580,3676052480,3676.05248,5,85,168,3,20250630_204522
1751283885.6536622,14359619,3676062464,3676.062464,11,85,168,3,20250630_204522
1751283885.6636462,14359658,3676072448,3676.072448,17,84,168,3,20250630_204522
1751283885.6736302,14359697,3676082432,3676.082432,23,83,168,3,20250630_204522
1751283885.6836145,14359736,3676092416,3676.092416,28,84,167,3,20250630_204522
1751283885.6935985,14359775,3676102400,3676.1024,33,84,168,3,20250630_204522
1751283885.7035823,14359814,3676112384,3676.112384,38,81,166,3,20250630_204522
1751283885.7135663,14359853,3676122368,3676.122368,43,82,166,3,20250630_204522
1751283885.7235503,14359892,3676132352,3676.132352,48,81,164,3,20250630_204522
1751283885.7337902,14359932,3676142592,3676.142592,52,83,163,3,20250630_204522
1751283885.7437742,14359971,3676152576,3676.152576,56,83,158,3,20250630_204522
1751283885.7537582,14360010,3676162560,3676.16256,60,83,152,3,20250630_204522
1751283885.7637422,14360049,3676172544,3676.172544,64,81,142,3,20250630_204522
1751283885.7737262,14360088,3676182528,3676.182528,68,80,131,3,20250630_204522
1751283885.7837102,14360127,3676192512,3676.192512,72,79,126,3,20250630_204522
1751283885.7936945,14360166,3676202496,3676.202496,76,79,118,3,20250630_204522
1751283885.8036785,14360205,3676212480,3676.21248,80,78,111,3,20250630_204522
1751283885.8136623,14360244,3676222464,3676.222464,85,77,105,3,20250630_204522
1751283885.8236463,14360283,3676232448,3676.232448,90,77,101,3,20250630_204522
1751283885.8336303,14360322,3676242432,3676.242432,95,75,98,3,20250630_204522
1751283885.843614,14360361,3676252416,3676.252416,100,78,99,3,20250630_204522
1751283885.853598,14360400,3676262400,3676.2624,106,80,99,3,20250630_204522
1751283885.863582,14360439,3676272384,3676.272384,111,81,99,3,20250630_204522
1751283885.8738222,14360479,3676282624,3676.282624,117,79,98,3,20250630_204522
1751283885.8838062,14360518,3676292608,3676.292608,123,78,97,3,20250630_204522
1751283885.8937902,14360557,3676302592,3676.302592,129,80,98,3,20250630_204522
1751283885.9037745,14360596,3676312576,3676.312576,134,78,99,3,20250630_204522
1751283885.9137585,14360635,3676322560,3676.32256,140,76,99,3,20250630_204522
1751283885.9237423,14360674,3676332544,3676.332544,146,75,100,3,20250630_204522
1751283885.9337263,14360713,3676342528,3676.342528,151,75,101,3,20250630_204522
1751283885.94371,14360752,3676352512,3676.352512,157,75,103,3,20250630_204522
1751283885.953694,14360791,3676362496,3676.362496,162,76,103,3,20250630_204522
1751283885.963678,14360830,3676372480,3676.37248,166,75,104,3,20250630_204522
1751283885.973662,14360869,3676382464,3676.382464,171,77,107,3,20250630_204522
1751283885.9836462,14360908,3676392448,3676.392448,176,77,110,3,20250630_204522
1751283885.9936302,14360947,3676402432,3676.402432,180,77,115,3,20250630_204522
1751283886.0036142,14360986,3676412416,3676.412416,184,76,121,3,20250630_204522
1751283886.0138545,14361026,3676422656,3676.422656,188,77,127,3,20250630_204522
1751283886.0238383,14361065,3676432640,3676.43264,191,75,136,3,20250630_204522
1751283886.0338223,14361104,3676442624,3676.442624,195,75,141,3,20250630_204522
1751283886.0438063,14361143,3676452608,3676.452608,199,74,146,3,20250630_204522
1751283886.05379,14361182,3676462592,3676.462592,203,75,151,3,20250630_204522
1751283886.063774,14361221,3676472576,3676.472576,208,75,157,3,20250630_204522
1751283886.073758,14361260,3676482560,3676.48256,212,75,160,3,20250630_204522
1751283886.083742,14361299,3676492544,3676.492544,217,75,162,3,20250630_204522
1751283886.0937262,14361338,3676502528,3676.502528,222,75,162,3,20250630_204522
1751283886.1037102,14361377,3676512512,3676.512512,227,74,162,3,20250630_204522
1751283886.1136942,14361416,3676522496,3676.522496,232,74,165,3,20250630_204522
1751283886.1236782,14361455,3676532480,3676.53248,238,74,166,3,20250630_204522
1751283886.1336622,14361494,3676542464,3676.542464,244,78,166,3,20250630_204522
1751283886.1436462,14361533,3676552448,3676.552448,249,79,167,3,20250630_204522
1751283886.1538863,14361573,3676562688,3676.562688,0,78,167,3,20250630_204522
1751283886.16387,14361612,3676572672,3676.572672,6,78,167,3,20250630_204522
1751283886.173854,14361651,3676582656,3676.582656,12,78,168,3,20250630_204522
1751283886.183838,14361690,3676592640,3676.59264,18,78,168,3,20250630_204522
1751283886.193822,14361729,3676602624,3676.602624,23,78,168,3,20250630_204522
1751283886.2038062,14361768,3676612608,3676.612608,29,78,167,3,20250630_204522
1751283886.2137902,14361807,3676622592,3676.622592,34,77,166,3,20250630_204522
1751283886.2237742,14361846,3676632576,3676.632576,39,77,166,3,20250630_204522
1751283886.2337582,14361885,3676642560,3676.64256,44,77,166,3,20250630_204522
1751283886.2437422,14361924,3676652544,3676.652544,48,77,163,3,20250630_204522
1751283886.2537262,14361963,3676662528,3676.662528,53,77,162,3,20250630_204522
1751283886.2637105,14362002,3676672512,3676.672512,57,77,157,3,20250630_204522
1751283886.2736945,14362041,3676682496,3676.682496,61,76,150,3,20250630_204522
1751283886.2836783,14362080,3676692480,3676.69248,65,76,140,3,20250630_204522
1751283886.2936623,14362119,3676702464,3676.702464,68,76,130,3,20250630_204522
1751283886.303902,14362159,3676712704,3676.712704,72,73,124,3,20250630_204522
1751283886.3138862,14362198,3676722688,3676.722688,76,73,116,3,20250630_204522
1751283886.3238702,14362237,3676732672,3676.732672,81,71,109,3,20250630_204522
1751283886.3338542,14362276,3676742656,3676.742656,85,71,104,3,20250630_204522
1751283886.3438382,14362315,3676752640,3676.75264,90,70,99,3,20250630_204522
1751283886.3538222,14362354,3676762624,3676.762624,95,73,99,3,20250630_204522
1751283886.3638062,14362393,3676772608,3676.772608,101,72,99,3,20250630_204522
1751283886.3737905,14362432,3676782592,3676.782592,106,72,99,3,20250630_204522
1751283886.3837745,14362471,3676792576,3676.792576,112,72,98,3,20250630_204522
1751283886.3937583,14362510,3676802560,3676.80256,118,75,99,3,20250630_204522
1751283886.4037423,14362549,3676812544,3676.812544,123,74,97,3,20250630_204522
1751283886.413726,14362588,3676822528,3676.822528,129,74,99,3,20250630_204522
1751283886.42371,14362627,3676832512,3676.832512,135,71,100,3,20250630_204522
1751283886.433694,14362666,3676842496,3676.842496,141,69,100,3,20250630_204522
1751283886.4439342,14362706,3676852736,3676.852736,146,69,100,3,20250630_204522
1751283886.4539182,14362745,3676862720,3676.86272,152,69,101,3,20250630_204522
1751283886.4639022,14362784,3676872704,3676.872704,157,69,103,3,20250630_204522
1751283886.4738865,14362823,3676882688,3676.882688,162,69,103,3,20250630_204522
1751283886.4838705,14362862,3676892672,3676.892672,167,70,106,3,20250630_204522
1751283886.4938543,14362901,3676902656,3676.902656,171,71,108,3,20250630_204522
1751283886.5038383,14362940,3676912640,3676.91264,176,70,110,3,20250630_204522
1751283886.5138223,14362979,3676922624,3676.922624,180,71,116,3,20250630_204522
1751283886.523806,14363018,3676932608,3676.932608,184,70,122,3,20250630_204522
1751283886.53379,14363057,3676942592,3676.942592,188,71,128,3,20250630_204522
1751283886.543774,14363096,3676952576,3676.952576,192,68,136,3,20250630_204522
1751283886.553758,14363135,3676962560,3676.96256,196,69,143,3,20250630_204522
1751283886.5637422,14363174,3676972544,3676.972544,199,69,149,3,20250630_204522
1751283886.5737262,14363213,3676982528,3676.982528,204,70,154,3,20250630_204522
1751283886.5839665,14363253,3676992768,3676.992768,208,68,158,3,20250630_204522
1751283886.5939505,14363292,3677002752,3677.002752,213,69,161,3,20250630_204522
1751283886.6039343,14363331,3677012736,3677.012736,217,69,162,3,20250630_204522
1751283886.6139183,14363370,3677022720,3677.02272,222,68,164,3,20250630_204522
1751283886.6239023,14363409,3677032704,3677.032704,227,69,162,3,20250630_204522
1751283886.633886,14363448,3677042688,3677.042688,233,69,164,3,20250630_204522
1751283886.64387,14363487,3677052672,3677.052672,238,68,166,3,20250630_204522
1751283886.653854,14363526,3677062656,3677.062656,244,71,166,3,20250630_204522
1751283886.663838,14363565,3677072640,3677.07264,250,73,166,3,20250630_204522
1751283886.6738222,14363604,3677082624,3677.082624,1,72,168,3,20250630_204522
1751283886.6838062,14363643,3677092608,3677.092608,7,72,168,3,20250630_204522
1751283886.6937902,14363682,3677102592,3677.102592,12,71,168,3,20250630_204522
1751283886.7037742,14363721,3677112576,3677.112576,18,72,168,3,20250630_204522
1751283886.7137582,14363760,3677122560,3677.12256,24,71,167,3,20250630_204522
1751283886.7237422,14363799,3677132544,3677.132544,29,70,168,3,20250630_204522
1751283886.7339823,14363839,3677142784,3677.142784,34,71,167,3,20250630_204522
1751283886.743966,14363878,3677152768,3677.152768,39,70,166,3,20250630_204522
1751283886.75395,14363917,3677162752,3677.162752,44,69,165,3,20250630_204522
1751283886.763934,14363956,3677172736,3677.172736,49,68,164,3,20250630_204522
1751283886.7739182,14363995,3677182720,3677.18272,53,70,162,3,20250630_204522
1751283886.7839022,14364034,3677192704,3677.192704,57,70,156,3,20250630_204522
1751283886.7938862,14364073,3677202688,3677.202688,61,70,150,3,20250630_204522
1751283886.8038702,14364112,3677212672,3677.212672,65,68,140,3,20250630_204522
1751283886.8138542,14364151,3677222656,3677.222656,69,68,130,3,20250630_204522
1751283886.8238382,14364190,3677232640,3677.23264,73,67,127,3,20250630_204522
1751283886.8338225,14364229,3677242624,3677.242624,77,67,116,3,20250630_204522
1751283886.8438065,14364268,3677252608,3677.252608,81,65,110,3,20250630_204522
1751283886.8537903,14364307,3677262592,3677.262592,86,65,104,3,20250630_204522
1751283886.8637743,14364346,3677272576,3677.272576,90,65,101,3,20250630_204522
1751283886.8737583,14364385,3677282560,3677.28256,96,65,99,3,20250630_204522
1751283886.8839982,14364425,3677292800,3677.2928,101,63,98,3,20250630_204522
1751283886.8939822,14364464,3677302784,3677.302784,106,66,98,3,20250630_204522
1751283886.9039662,14364503,3677312768,3677.312768,112,67,99,3,20250630_204522
1751283886.9139502,14364542,3677322752,3677.322752,118,67,99,3,20250630_204522
1751283886.9239342,14364581,3677332736,3677.332736,124,66,98,3,20250630_204522
1751283886.9339182,14364620,3677342720,3677.34272,130,65,98,3,20250630_204522
1751283886.9439025,14364659,3677352704,3677.352704,135,66,99,3,20250630_204522
1751283886.9538865,14364698,3677362688,3677.362688,141,64,99,3,20250630_204522
1751283886.9638703,14364737,3677372672,3677.372672,147,63,101,3,20250630_204522
1751283886.9738543,14364776,3677382656,3677.382656,152,63,101,3,20250630_204522
1751283886.9838383,14364815,3677392640,3677.39264,157,63,104,3,20250630_204522
1751283886.993822,14364854,3677402624,3677.402624,162,63,105,3,20250630_204522
1751283887.003806,14364893,3677412608,3677.412608,167,63,107,3,20250630_204522
1751283887.01379,14364932,3677422592,3677.422592,172,65,110,3,20250630_204522
1751283887.0240302,14364972,3677432832,3677.432832,176,64,114,3,20250630_204522
1751283887.0340142,14365011,3677442816,3677.442816,180,64,119,3,20250630_204522
1751283887.0439982,14365050,3677452800,3677.4528,184,63,125,3,20250630_204522
1751283887.0539825,14365089,3677462784,3677.462784,188,65,133,3,20250630_204522
1751283887.0639665,14365128,3677472768,3677.472768,192,63,139,3,20250630_204522
1751283887.0739503,14365167,3677482752,3677.482752,196,64,146,3,20250630_204522
1751283887.0839343,14365206,3677492736,3677.492736,200,62,150,3,20250630_204522
1751283887.0939183,14365245,3677502720,3677.50272,204,64,156,3,20250630_204522
1751283887.103902,14365284,3677512704,3677.512704,208,62,160,3,20250630_204522
1751283887.113886,14365323,3677522688,3677.522688,213,62,161,3,20250630_204522
1751283887.12387,14365362,3677532672,3677.532672,217,62,162,3,20250630_204522
1751283887.1338542,14365401,3677542656,3677.542656,222,62,162,3,20250630_204522
1751283887.1438382,14365440,3677552640,3677.55264,228,61,163,3,20250630_204522
1751283887.1538222,14365479,3677562624,3677.562624,233,62,166,3,20250630_204522
1751283887.1638062,14365518,3677572608,3677.572608,239,62,167,3,20250630_204522
1751283887.1740465,14365558,3677582848,3677.582848,244,66,167,3,20250630_204522
1751283887.1840303,14365597,3677592832,3677.592832,250,65,167,3,20250630_204522
1751283887.1940143,14365636,3677602816,3677.602816,1,65,168,3,20250630_204522
1751283887.203998,14365675,3677612800,3677.6128,7,65,168,3,20250630_204522
1751283887.213982,14365714,3677622784,3677.622784,13,64,168,3,20250630_204522
1751283887.223966,14365753,3677632768,3677.632768,18,64,167,3,20250630_204522
1751283887.23395,14365792,3677642752,3677.642752,24,64,168,3,20250630_204522
1751283887.2439342,14365831,3677652736,3677.652736,29,64,167,3,20250630_204522
1751283887.2539182,14365870,3677662720,3677.66272,35,62,166,3,20250630_204522
1751283887.2639022,14365909,3677672704,3677.672704,40,63,166,3,20250630_204522
1751283887.2738862,14365948,3677682688,3677.682688,44,63,164,3,20250630_204522
1751283887.2838702,14365987,3677692672,3677.692672,49,62,162,3,20250630_204522
1751283887.2938542,14366026,3677702656,3677.702656,53,63,157,3,20250630_204522
1751283887.3038385,14366065,3677712640,3677.71264,57,63,152,3,20250630_204522
1751283887.314078,14366105,3677722880,3677.72288,61,62,143,3,20250630_204522
1751283887.324062,14366144,3677732864,3677.732864,65,61,131,3,20250630_204522
1751283887.334046,14366183,3677742848,3677.742848,69,61,125,3,20250630_204522
1751283887.34403,14366222,3677752832,3677.752832,73,60,120,3,20250630_204522
1751283887.3540142,14366261,3677762816,3677.762816,77,60,110,3,20250630_204522
1751283887.3639982,14366300,3677772800,3677.7728,81,59,105,3,20250630_204522
1751283887.3739822,14366339,3677782784,3677.782784,86,59,101,3,20250630_204522
1751283887.3839662,14366378,3677792768,3677.792768,91,57,98,3,20250630_204522
1751283887.3939502,14366417,3677802752,3677.802752,96,58,98,3,20250630_204522
1751283887.4039342,14366456,3677812736,3677.812736,102,57,99,3,20250630_204522
1751283887.4139185,14366495,3677822720,3677.82272,107,60,100,3,20250630_204522
1751283887.4239025,14366534,3677832704,3677.832704,113,61,98,3,20250630_204522
1751283887.4338863,14366573,3677842688,3677.842688,119,60,99,3,20250630_204522
1751283887.4438703,14366612,3677852672,3677.852672,124,59,98,3,20250630_204522
1751283887.4538543,14366651,3677862656,3677.862656,130,59,99,3,20250630_204522
1751283887.4640942,14366691,3677872896,3677.872896,136,58,100,3,20250630_204522
1751283887.4740782,14366730,3677882880,3677.88288,142,58,101,3,20250630_204522
1751283887.4840622,14366769,3677892864,3677.892864,147,57,102,3,20250630_204522
1751283887.4940462,14366808,3677902848,3677.902848,153,57,102,3,20250630_204522
1751283887.5040302,14366847,3677912832,3677.912832,158,58,104,3,20250630_204522
1751283887.5140142,14366886,3677922816,3677.922816,163,57,106,3,20250630_204522
1751283887.5239985,14366925,3677932800,3677.9328,167,57,107,3,20250630_204522
1751283887.5339825,14366964,3677942784,3677.942784,172,58,109,3,20250630_204522
1751283887.5439663,14367003,3677952768,3677.952768,176,56,111,3,20250630_204522
1751283887.5539503,14367042,3677962752,3677.962752,180,57,118,3,20250630_204522
1751283887.563934,14367081,3677972736,3677.972736,184,57,126,3,20250630_204522
1751283887.573918,14367120,3677982720,3677.98272,188,57,133,3,20250630_204522
1751283887.583902,14367159,3677992704,3677.992704,192,56,138,3,20250630_204522
1751283887.593886,14367198,3678002688,3678.002688,196,56,144,3,20250630_204522
1751283887.6041262,14367238,3678012928,3678.012928,200,56,150,3,20250630_204522
1751283887.6141102,14367277,3678022912,3678.022912,204,57,155,3,20250630_204522
1751283887.6240942,14367316,3678032896,3678.032896,209,56,161,3,20250630_204522
1751283887.6340785,14367355,3678042880,3678.04288,213,56,161,3,20250630_204522
1751283887.6440625,14367394,3678052864,3678.052864,218,56,162,3,20250630_204522
1751283887.6540463,14367433,3678062848,3678.062848,223,56,163,3,20250630_204522
1751283887.6640303,14367472,3678072832,3678.072832,228,55,163,3,20250630_204522
1751283887.674014,14367511,3678082816,3678.082816,234,57,166,3,20250630_204522
1751283887.683998,14367550,3678092800,3678.0928,239,57,167,3,20250630_204522
1751283887.693982,14367589,3678102784,3678.102784,245,58,166,3,20250630_204522
1751283887.703966,14367628,3678112768,3678.112768,251,58,167,3,20250630_204522
1751283887.7139502,14367667,3678122752,3678.122752,2,58,167,3,20250630_204522
1751283887.7239342,14367706,3678132736,3678.132736,8,58,168,3,20250630_204522
1751283887.7339182,14367745,3678142720,3678.14272,13,58,168,3,20250630_204522
1751283887.7439022,14367784,3678152704,3678.152704,19,58,167,3,20250630_204522
1751283887.7541423,14367824,3678162944,3678.162944,25,57,168,3,20250630_204522
1751283887.7641263,14367863,3678172928,3678.172928,30,57,168,3,20250630_204522
1751283887.7741103,14367902,3678182912,3678.182912,35,57,167,3,20250630_204522
1751283887.784094,14367941,3678192896,3678.192896,40,57,166,3,20250630_204522
1751283887.794078,14367980,3678202880,3678.20288,45,57,166,3,20250630_204522
1751283887.804062,14368019,3678212864,3678.212864,49,56,164,3,20250630_204522
1751283887.814046,14368058,3678222848,3678.222848,54,57,162,3,20250630_204522
1751283887.8240302,14368097,3678232832,3678.232832,58,56,158,3,20250630_204522
1751283887.8340142,14368136,3678242816,3678.242816,62,56,149,3,20250630_204522
1751283887.8439982,14368175,3678252800,3678.2528,66,55,140,3,20250630_204522
1751283887.8539822,14368214,3678262784,3678.262784,69,56,130,3,20250630_204522
1751283887.8639662,14368253,3678272768,3678.272768,73,54,124,3,20250630_204522
1751283887.8739502,14368292,3678282752,3678.282752,77,55,116,3,20250630_204522
1751283887.8839345,14368331,3678292736,3678.292736,82,54,109,3,20250630_204522
1751283887.894174,14368371,3678302976,3678.302976,86,54,104,3,20250630_204522
1751283887.904158,14368410,3678312960,3678.31296,91,53,101,3,20250630_204522
1751283887.914142,14368449,3678322944,3678.322944,96,53,98,3,20250630_204522
1751283887.924126,14368488,3678332928,3678.332928,102,52,98,3,20250630_204522
1751283887.9341102,14368527,3678342912,3678.342912,107,54,98,3,20250630_204522
1751283887.9440942,14368566,3678352896,3678.352896,113,54,99,3,20250630_204522
1751283887.9540782,14368605,3678362880,3678.36288,119,54,98,3,20250630_204522
1751283887.9640622,14368644,3678372864,3678.372864,125,54,99,3,20250630_204522
1751283887.9740462,14368683,3678382848,3678.382848,131,54,97,3,20250630_204522
1751283887.9840302,14368722,3678392832,3678.392832,136,54,99,3,20250630_204522
1751283887.9940145,14368761,3678402816,3678.402816,142,53,101,3,20250630_204522
1751283888.0039985,14368800,3678412800,3678.4128,147,54,102,3,20250630_204522
1751283888.0139823,14368839,3678422784,3678.422784,153,53,102,3,20250630_204522
1751283888.0239663,14368878,3678432768,3678.432768,158,53,103,3,20250630_204522
1751283888.03395,14368917,3678442752,3678.442752,163,53,102,3,20250630_204522
1751283888.0441902,14368957,3678452992,3678.452992,168,52,104,3,20250630_204522
1751283888.0541742,14368996,3678462976,3678.462976,173,53,106,3,20250630_204522
1751283888.0641582,14369035,3678472960,3678.47296,177,52,109,3,20250630_204522
1751283888.0741422,14369074,3678482944,3678.482944,181,53,113,3,20250630_204522
1751283888.0841262,14369113,3678492928,3678.492928,185,53,119,3,20250630_204522
1751283888.0941105,14369152,3678502912,3678.502912,189,53,125,3,20250630_204522
1751283888.1040945,14369191,3678512896,3678.512896,193,51,132,3,20250630_204522
1751283888.1140783,14369230,3678522880,3678.52288,197,52,139,3,20250630_204522
1751283888.1240623,14369269,3678532864,3678.532864,201,51,145,3,20250630_204522
1751283888.1340463,14369308,3678542848,3678.542848,205,52,150,3,20250630_204522
1751283888.14403,14369347,3678552832,3678.552832,209,51,154,3,20250630_204522
1751283888.154014,14369386,3678562816,3678.562816,214,52,161,3,20250630_204522
1751283888.163998,14369425,3678572800,3678.5728,218,52,162,3,20250630_204522
1751283888.173982,14369464,3678582784,3678.582784,223,52,162,3,20250630_204522
1751283888.1842222,14369504,3678593024,3678.593024,229,51,162,3,20250630_204522
1751283888.1942062,14369543,3678603008,3678.603008,234,52,165,3,20250630_204522
1751283888.2041905,14369582,3678612992,3678.612992,240,51,166,3,20250630_204522
1751283888.2141745,14369621,3678622976,3678.622976,245,53,167,3,20250630_204522
1751283888.2241583,14369660,3678632960,3678.63296,251,53,166,3,20250630_204522
1751283888.2341423,14369699,3678642944,3678.642944,2,54,168,3,20250630_204522
1751283888.2441263,14369738,3678652928,3678.652928,8,54,167,3,20250630_204522
1751283888.25411,14369777,3678662912,3678.662912,14,54,168,3,20250630_204522
1751283888.264094,14369816,3678672896,3678.672896,19,54,168,3,20250630_204522
1751283888.274078,14369855,3678682880,3678.68288,25,53,168,3,20250630_204522
1751283888.284062,14369894,3678692864,3678.692864,30,53,167,3,20250630_204522
1751283888.2940462,14369933,3678702848,3678.702848,35,53,168,3,20250630_204522
1751283888.3040302,14369972,3678712832,3678.712832,40,53,167,3,20250630_204522
1751283888.3140142,14370011,3678722816,3678.722816,45,53,166,3,20250630_204522
1751283888.3239982,14370050,3678732800,3678.7328,50,51,164,3,20250630_204522
1751283888.3342383,14370090,3678743040,3678.74304,54,52,162,3,20250630_204522
1751283888.3442223,14370129,3678753024,3678.753024,58,53,159,3,20250630_204522
1751283888.3542063,14370168,3678763008,3678.763008,62,53,150,3,20250630_204522
1751283888.36419,14370207,3678772992,3678.772992,66,52,141,3,20250630_204522
1751283888.374174,14370246,3678782976,3678.782976,70,51,131,3,20250630_204522
1751283888.384158,14370285,3678792960,3678.79296,73,51,125,3,20250630_204522
1751283888.3941422,14370324,3678802944,3678.802944,78,51,116,3,20250630_204522
1751283888.4041262,14370363,3678812928,3678.812928,82,51,110,3,20250630_204522
1751283888.4141102,14370402,3678822912,3678.822912,86,50,104,3,20250630_204522
1751283888.4240942,14370441,3678832896,3678.832896,91,50,100,3,20250630_204522
1751283888.4340782,14370480,3678842880,3678.84288,97,48,103,3,20250630_204522
1751283888.4440622,14370519,3678852864,3678.852864,102,50,98,3,20250630_204522
1751283888.4540462,14370558,3678862848,3678.862848,107,51,98,3,20250630_204522
1751283888.4640305,14370597,3678872832,3678.872832,113,51,98,3,20250630_204522
1751283888.47427,14370637,3678883072,3678.883072,119,51,100,3,20250630_204522
1751283888.484254,14370676,3678893056,3678.893056,125,51,98,3,20250630_204522
1751283888.494238,14370715,3678903040,3678.90304,131,51,98,3,20250630_204522
1751283888.5042222,14370754,3678913024,3678.913024,136,50,100,3,20250630_204522
1751283888.5142062,14370793,3678923008,3678.923008,142,50,101,3,20250630_204522
1751283888.5241902,14370832,3678932992,3678.932992,148,50,101,3,20250630_204522
1751283888.5341742,14370871,3678942976,3678.942976,153,50,102,3,20250630_204522
1751283888.5441582,14370910,3678952960,3678.95296,158,50,103,3,20250630_204522
1751283888.5541422,14370949,3678962944,3678.962944,163,50,104,3,20250630_204522
1751283888.5641265,14370988,3678972928,3678.972928,168,49,104,3,20250630_204522
1751283888.5741105,14371027,3678982912,3678.982912,173,49,106,3,20250630_204522
1751283888.5840943,14371066,3678992896,3678.992896,177,49,108,3,20250630_204522
1751283888.5940783,14371105,3679002880,3679.00288,181,50,114,3,20250630_204522
1751283888.6040623,14371144,3679012864,3679.012864,185,50,119,3,20250630_204522
1751283888.6143022,14371184,3679023104,3679.023104,189,50,127,3,20250630_204522
1751283888.6242862,14371223,3679033088,3679.033088,193,49,134,3,20250630_204522
1751283888.6342702,14371262,3679043072,3679.043072,197,50,140,3,20250630_204522
1751283888.6442542,14371301,3679053056,3679.053056,201,49,146,3,20250630_204522
1751283888.6542382,14371340,3679063040,3679.06304,205,51,150,3,20250630_204522
1751283888.6642222,14371379,3679073024,3679.073024,209,49,157,3,20250630_204522
1751283888.6742065,14371418,3679083008,3679.083008,214,50,161,3,20250630_204522
1751283888.6841905,14371457,3679092992,3679.092992,218,50,162,3,20250630_204522
1751283888.6941743,14371496,3679102976,3679.102976,223,50,162,3,20250630_204522
1751283888.7041583,14371535,3679112960,3679.11296,229,49,162,3,20250630_204522
1751283888.7141423,14371574,3679122944,3679.122944,234,50,166,3,20250630_204522
1751283888.724126,14371613,3679132928,3679.132928,240,50,167,3,20250630_204522
1751283888.73411,14371652,3679142912,3679.142912,245,50,166,3,20250630_204522
1751283888.744094,14371691,3679152896,3679.152896,251,51,167,3,20250630_204522
1751283888.754078,14371730,3679162880,3679.16288,2,52,167,3,20250630_204522
1751283888.7643182,14371770,3679173120,3679.17312,8,52,168,3,20250630_204522
1751283888.7743022,14371809,3679183104,3679.183104,14,52,168,3,20250630_204522
1751283888.7842865,14371848,3679193088,3679.193088,19,51,168,3,20250630_204522
1751283888.7942705,14371887,3679203072,3679.203072,25,51,168,3,20250630_204522
1751283888.8042543,14371926,3679213056,3679.213056,30,52,168,3,20250630_204522
1751283888.8142383,14371965,3679223040,3679.22304,35,50,167,3,20250630_204522
1751283888.824222,14372004,3679233024,3679.233024,40,51,167,3,20250630_204522
1751283888.834206,14372043,3679243008,3679.243008,45,51,166,3,20250630_204522
1751283888.84419,14372082,3679252992,3679.252992,50,49,164,3,20250630_204522
1751283888.854174,14372121,3679262976,3679.262976,54,50,161,3,20250630_204522
1751283888.8641582,14372160,3679272960,3679.27296,58,50,157,3,20250630_204522
1751283888.8741422,14372199,3679282944,3679.282944,62,51,150,3,20250630_204522
1751283888.8841262,14372238,3679292928,3679.292928,66,50,140,3,20250630_204522
1751283888.8941102,14372277,3679302912,3679.302912,70,50,130,3,20250630_204522
1751283888.9040942,14372316,3679312896,3679.312896,74,48,123,3,20250630_204522
1751283888.9143343,14372356,3679323136,3679.323136,78,49,115,3,20250630_204522
1751283888.9243183,14372395,3679333120,3679.33312,82,50,109,3,20250630_204522
1751283888.934302,14372434,3679343104,3679.343104,87,49,103,3,20250630_204522
1751283888.944286,14372473,3679353088,3679.353088,92,48,99,3,20250630_204522
1751283888.95427,14372512,3679363072,3679.363072,97,46,97,3,20250630_204522
1751283888.964254,14372551,3679373056,3679.373056,102,47,98,3,20250630_204522
1751283888.9742382,14372590,3679383040,3679.38304,108,49,98,3,20250630_204522
1751283888.9842222,14372629,3679393024,3679.393024,114,49,98,3,20250630_204522
1751283888.9942062,14372668,3679403008,3679.403008,119,50,98,3,20250630_204522
1751283889.0041902,14372707,3679412992,3679.412992,125,49,98,3,20250630_204522
1751283889.0144303,14372747,3679423232,3679.423232,131,49,99,3,20250630_204522
1751283889.0244143,14372786,3679433216,3679.433216,137,49,100,3,20250630_204522
1751283889.0343983,14372825,3679443200,3679.4432,142,49,100,3,20250630_204522
1751283889.044382,14372864,3679453184,3679.453184,148,49,101,3,20250630_204522
1751283889.054366,14372903,3679463168,3679.463168,153,49,102,3,20250630_204522
1751283889.06435,14372942,3679473152,3679.473152,159,49,103,3,20250630_204522
1751283889.0745902,14372982,3679483392,3679.483392,164,48,106,3,20250630_204522
1751283889.0845742,14373021,3679493376,3679.493376,168,48,107,3,20250630_204522
1751283889.0945582,14373060,3679503360,3679.50336,173,49,108,3,20250630_204522
1751283889.1045425,14373099,3679513344,3679.513344,177,48,110,3,20250630_204522
1751283889.1145265,14373138,3679523328,3679.523328,181,49,116,3,20250630_204522
1751283889.1245103,14373177,3679533312,3679.533312,185,49,122,3,20250630_204522
1751283889.1344943,14373216,3679543296,3679.543296,189,50,129,3,20250630_204522
1751283889.1444783,14373255,3679553280,3679.55328,193,49,138,3,20250630_204522
1751283889.1547182,14373295,3679563520,3679.56352,197,50,144,3,20250630_204522
1751283889.1647022,14373334,3679573504,3679.573504,201,49,148,3,20250630_204522
1751283889.1746862,14373373,3679583488,3679.583488,205,50,154,3,20250630_204522
1751283889.1846702,14373412,3679593472,3679.593472,209,49,158,3,20250630_204522
1751283889.1946542,14373451,3679603456,3679.603456,214,50,163,3,20250630_204522
1751283889.2046382,14373490,3679613440,3679.61344,219,49,162,3,20250630_204522
1751283889.2148783,14373530,3679623680,3679.62368,224,49,162,3,20250630_204522
1751283889.224862,14373569,3679633664,3679.633664,229,49,163,3,20250630_204522
1751283889.234846,14373608,3679643648,3679.643648,235,50,166,3,20250630_204522
1751283889.24483,14373647,3679653632,3679.653632,240,50,167,3,20250630_204522
1751283889.254814,14373686,3679663616,3679.663616,246,53,166,3,20250630_204522
1751283889.2647982,14373725,3679673600,3679.6736,252,52,167,3,20250630_204522
1751283889.2747822,14373764,3679683584,3679.683584,3,54,168,3,20250630_204522
1751283889.2850225,14373804,3679693824,3679.693824,9,54,170,3,20250630_204522
1751283889.2950065,14373843,3679703808,3679.703808,14,53,169,3,20250630_204522
1751283889.3049903,14373882,3679713792,3679.713792,20,53,168,3,20250630_204522
1751283889.3149743,14373921,3679723776,3679.723776,26,53,168,3,20250630_204522
1751283889.3249583,14373960,3679733760,3679.73376,31,54,166,3,20250630_204522
1751283889.334942,14373999,3679743744,3679.743744,36,54,167,3,20250630_204522
1751283889.344926,14374038,3679753728,3679.753728,41,52,165,3,20250630_204522
1751283889.3551662,14374078,3679763968,3679.763968,46,54,164,3,20250630_204522
1751283889.3651502,14374117,3679773952,3679.773952,50,52,161,3,20250630_204522
1751283889.3751342,14374156,3679783936,3679.783936,54,54,156,3,20250630_204522
1751283889.3851182,14374195,3679793920,3679.79392,58,55,151,3,20250630_204522
1751283889.3951025,14374234,3679803904,3679.803904,62,55,141,3,20250630_204522
1751283889.4050865,14374273,3679813888,3679.813888,66,54,130,3,20250630_204522
1751283889.4150703,14374312,3679823872,3679.823872,70,55,124,3,20250630_204522
1751283889.42531,14374352,3679834112,3679.834112,74,53,116,3,20250630_204522
1751283889.4352942,14374391,3679844096,3679.844096,78,55,109,3,20250630_204522
1751283889.4452782,14374430,3679854080,3679.85408,83,53,104,3,20250630_204522
1751283889.4552622,14374469,3679864064,3679.864064,88,54,101,3,20250630_204522
1751283889.4652462,14374508,3679874048,3679.874048,93,53,99,3,20250630_204522
1751283889.4752302,14374547,3679884032,3679.884032,98,54,98,3,20250630_204522
1751283889.4852142,14374586,3679894016,3679.894016,103,52,98,3,20250630_204522
1751283889.4951982,14374625,3679904000,3679.904,109,54,99,3,20250630_204522
1751283889.5051825,14374664,3679913984,3679.913984,115,54,99,3,20250630_204522
1751283889.5151663,14374703,3679923968,3679.923968,120,57,99,3,20250630_204522
1751283889.5251503,14374742,3679933952,3679.933952,126,55,97,3,20250630_204522
1751283889.53539,14374782,3679944192,3679.944192,132,56,97,3,20250630_204522
1751283889.5453742,14374821,3679954176,3679.954176,138,56,100,3,20250630_204522
1751283889.5553582,14374860,3679964160,3679.96416,144,55,100,3,20250630_204522
1751283889.5653422,14374899,3679974144,3679.974144,149,54,100,3,20250630_204522
1751283889.5753262,14374938,3679984128,3679.984128,154,54,102,3,20250630_204522
1751283889.5853102,14374977,3679994112,3679.994112,159,54,103,3,20250630_204522
1751283889.5952942,14375016,3680004096,3680.004096,164,54,104,3,20250630_204522
1751283889.6052785,14375055,3680014080,3680.01408,169,53,105,3,20250630_204522
1751283889.6152625,14375094,3680024064,3680.024064,174,55,108,3,20250630_204522
1751283889.6252463,14375133,3680034048,3680.034048,178,55,110,3,20250630_204522
1751283889.6352303,14375172,3680044032,3680.044032,182,56,116,3,20250630_204522
1751283889.6452143,14375211,3680054016,3680.054016,186,55,122,3,20250630_204522
1751283889.655198,14375250,3680064000,3680.064,190,56,128,3,20250630_204522
1751283889.665182,14375289,3680073984,3680.073984,194,54,136,3,20250630_204522
1751283889.6754222,14375329,3680084224,3680.084224,198,56,142,3,20250630_204522
1751283889.6854062,14375368,3680094208,3680.094208,202,55,148,3,20250630_204522
1751283889.6953902,14375407,3680104192,3680.104192,206,56,152,3,20250630_204522
1751283889.7053742,14375446,3680114176,3680.114176,210,55,158,3,20250630_204522
1751283889.7153585,14375485,3680124160,3680.12416,215,56,161,3,20250630_204522
1751283889.7253425,14375524,3680134144,3680.134144,220,56,162,3,20250630_204522
1751283889.7353263,14375563,3680144128,3680.144128,225,56,161,3,20250630_204522
1751283889.7453103,14375602,3680154112,3680.154112,230,56,163,3,20250630_204522
1751283889.7552943,14375641,3680164096,3680.164096,235,57,166,3,20250630_204522
1751283889.765278,14375680,3680174080,3680.17408,241,57,166,3,20250630_204522
1751283889.775262,14375719,3680184064,3680.184064,247,59,166,3,20250630_204522
1751283889.785246,14375758,3680194048,3680.194048,252,59,167,3,20250630_204522
1751283889.7952302,14375797,3680204032,3680.204032,3,60,168,3,20250630_204522
1751283889.8052142,14375836,3680214016,3680.214016,9,60,168,3,20250630_204522
1751283889.8154542,14375876,3680224256,3680.224256,15,60,168,3,20250630_204522
1751283889.8254385,14375915,3680234240,3680.23424,21,60,170,3,20250630_204522
1751283889.8354225,14375954,3680244224,3680.244224,26,60,167,3,20250630_204522
1751283889.8454063,14375993,3680254208,3680.254208,31,60,167,3,20250630_204522
1751283889.8553903,14376032,3680264192,3680.264192,36,59,166,3,20250630_204522
1751283889.865374,14376071,3680274176,3680.274176,41,60,167,3,20250630_204522
1751283889.875358,14376110,3680284160,3680.28416,46,61,165,3,20250630_204522
1751283889.885342,14376149,3680294144,3680.294144,51,58,162,3,20250630_204522
1751283889.895326,14376188,3680304128,3680.304128,55,60,158,3,20250630_204522
1751283889.9053102,14376227,3680314112,3680.314112,59,61,154,3,20250630_204522
1751283889.9152942,14376266,3680324096,3680.324096,63,61,144,3,20250630_204522
1751283889.9252782,14376305,3680334080,3680.33408,67,59,134,3,20250630_204522
1751283889.9352622,14376344,3680344064,3680.344064,70,60,127,3,20250630_204522
1751283889.9452462,14376383,3680354048,3680.354048,74,59,120,3,20250630_204522
1751283889.9552302,14376422,3680364032,3680.364032,78,60,112,3,20250630_204522
1751283889.9654703,14376462,3680374272,3680.374272,83,59,107,3,20250630_204522
1751283889.975454,14376501,3680384256,3680.384256,88,58,101,3,20250630_204522
1751283889.985438,14376540,3680394240,3680.39424,93,58,99,3,20250630_204522
1751283889.995422,14376579,3680404224,3680.404224,98,59,99,3,20250630_204522
1751283890.005406,14376618,3680414208,3680.414208,103,58,98,3,20250630_204522
1751283890.0153902,14376657,3680424192,3680.424192,109,59,98,3,20250630_204522
1751283890.0253742,14376696,3680434176,3680.434176,115,61,98,3,20250630_204522
1751283890.0353582,14376735,3680444160,3680.44416,121,62,99,3,20250630_204522
1751283890.0453422,14376774,3680454144,3680.454144,126,60,97,3,20250630_204522
1751283890.0553262,14376813,3680464128,3680.464128,132,60,98,3,20250630_204522
1751283890.0653102,14376852,3680474112,3680.474112,138,60,99,3,20250630_204522
1751283890.0752945,14376891,3680484096,3680.484096,144,60,102,3,20250630_204522
1751283890.0852785,14376930,3680494080,3680.49408,149,59,102,3,20250630_204522
1751283890.0952623,14376969,3680504064,3680.504064,155,59,102,3,20250630_204522
1751283890.105502,14377009,3680514304,3680.514304,160,60,103,3,20250630_204522
1751283890.115486,14377048,3680524288,3680.524288,165,60,104,3,20250630_204522
1751283890.1254702,14377087,3680534272,3680.534272,169,60,106,3,20250630_204522
1751283890.1354542,14377126,3680544256,3680.544256,174,60,107,3,20250630_204522
1751283890.1454382,14377165,3680554240,3680.55424,178,61,109,3,20250630_204522
1751283890.1554222,14377204,3680564224,3680.564224,182,61,116,3,20250630_204522
1751283890.1654062,14377243,3680574208,3680.574208,186,61,121,3,20250630_204522
1751283890.1753902,14377282,3680584192,3680.584192,190,61,127,3,20250630_204522
1751283890.1853745,14377321,3680594176,3680.594176,194,60,136,3,20250630_204522
1751283890.1953585,14377360,3680604160,3680.60416,198,60,141,3,20250630_204522
1751283890.2053423,14377399,3680614144,3680.614144,202,59,147,3,20250630_204522
1751283890.2153263,14377438,3680624128,3680.624128,206,61,152,3,20250630_204522
1751283890.22531,14377477,3680634112,3680.634112,210,61,159,3,20250630_204522
1751283890.235294,14377516,3680644096,3680.644096,215,61,161,3,20250630_204522
1751283890.245278,14377555,3680654080,3680.65408,220,62,162,3,20250630_204522
1751283890.2555182,14377595,3680664320,3680.66432,225,62,161,3,20250630_204522
1751283890.2655022,14377634,3680674304,3680.674304,230,62,161,3,20250630_204522
1751283890.2754862,14377673,3680684288,3680.684288,236,63,166,3,20250630_204522
1751283890.2854702,14377712,3680694272,3680.694272,241,63,166,3,20250630_204522
1751283890.2954545,14377751,3680704256,3680.704256,247,65,167,3,20250630_204522
1751283890.3054385,14377790,3680714240,3680.71424,253,65,167,3,20250630_204522
1751283890.3154223,14377829,3680724224,3680.724224,4,65,169,3,20250630_204522
1751283890.3254063,14377868,3680734208,3680.734208,10,66,169,3,20250630_204522
1751283890.33539,14377907,3680744192,3680.744192,15,66,168,3,20250630_204522
1751283890.345374,14377946,3680754176,3680.754176,21,65,167,3,20250630_204522
1751283890.355358,14377985,3680764160,3680.76416,26,65,168,3,20250630_204522
1751283890.365342,14378024,3680774144,3680.774144,32,65,167,3,20250630_204522
1751283890.3753262,14378063,3680784128,3680.784128,37,65,166,3,20250630_204522
1751283890.3853102,14378102,3680794112,3680.794112,42,65,166,3,20250630_204522
1751283890.3955505,14378142,3680804352,3680.804352,46,66,165,3,20250630_204522
1751283890.4055345,14378181,3680814336,3680.814336,51,65,163,3,20250630_204522
1751283890.4155183,14378220,3680824320,3680.82432,55,67,161,3,20250630_204522
1751283890.4255023,14378259,3680834304,3680.834304,59,67,155,3,20250630_204522
1751283890.4354863,14378298,3680844288,3680.844288,63,67,147,3,20250630_204522
1751283890.44547,14378337,3680854272,3680.854272,67,65,136,3,20250630_204522
1751283890.455454,14378376,3680864256,3680.864256,71,65,128,3,20250630_204522
1751283890.465438,14378415,3680874240,3680.87424,75,64,122,3,20250630_204522
1751283890.475422,14378454,3680884224,3680.884224,79,64,114,3,20250630_204522
1751283890.4854062,14378493,3680894208,3680.894208,83,63,108,3,20250630_204522
1751283890.4953902,14378532,3680904192,3680.904192,88,64,104,3,20250630_204522
1751283890.5053742,14378571,3680914176,3680.914176,93,64,100,3,20250630_204522
1751283890.5153582,14378610,3680924160,3680.92416,98,64,98,3,20250630_204522
1751283890.5253422,14378649,3680934144,3680.934144,104,62,99,3,20250630_204522
1751283890.5355823,14378689,3680944384,3680.944384,109,66,99,3,20250630_204522
1751283890.5455663,14378728,3680954368,3680.954368,115,65,98,3,20250630_204522
1751283890.55555,14378767,3680964352,3680.964352,121,67,98,3,20250630_204522
1751283890.565534,14378806,3680974336,3680.974336,126,67,97,3,20250630_204522
1751283890.575518,14378845,3680984320,3680.98432,132,66,99,3,20250630_204522
1751283890.585502,14378884,3680994304,3680.994304,138,65,100,3,20250630_204522
1751283890.5954862,14378923,3681004288,3681.004288,144,64,100,3,20250630_204522
1751283890.6054702,14378962,3681014272,3681.014272,149,64,100,3,20250630_204522
1751283890.6154542,14379001,3681024256,3681.024256,155,64,101,3,20250630_204522
1751283890.6254382,14379040,3681034240,3681.03424,160,64,103,3,20250630_204522
1751283890.6354222,14379079,3681044224,3681.044224,165,65,104,3,20250630_204522
1751283890.6454062,14379118,3681054208,3681.054208,170,65,106,3,20250630_204522
1751283890.6553905,14379157,3681064192,3681.064192,174,66,110,3,20250630_204522
1751283890.6653745,14379196,3681074176,3681.074176,178,66,111,3,20250630_204522
1751283890.675614,14379236,3681084416,3681.084416,182,66,117,3,20250630_204522
1751283890.685598,14379275,3681094400,3681.0944,186,66,123,3,20250630_204522
1751283890.6955822,14379314,3681104384,3681.104384,190,67,132,3,20250630_204522
1751283890.7055662,14379353,3681114368,3681.114368,194,65,138,3,20250630_204522
1751283890.7155502,14379392,3681124352,3681.124352,198,67,144,3,20250630_204522
1751283890.7255342,14379431,3681134336,3681.134336,202,66,150,3,20250630_204522
1751283890.7355182,14379470,3681144320,3681.14432,206,67,153,3,20250630_204522
1751283890.7455022,14379509,3681154304,3681.154304,211,67,160,3,20250630_204522
1751283890.7554862,14379548,3681164288,3681.164288,215,67,163,3,20250630_204522
1751283890.7654705,14379587,3681174272,3681.174272,220,68,162,3,20250630_204522
1751283890.7754543,14379626,3681184256,3681.184256,225,67,162,3,20250630_204522
1751283890.7854383,14379665,3681194240,3681.19424,230,68,164,3,20250630_204522
1751283890.7954223,14379704,3681204224,3681.204224,236,69,166,3,20250630_204522
1751283890.805406,14379743,3681214208,3681.214208,242,70,167,3,20250630_204522
1751283890.81539,14379782,3681224192,3681.224192,247,71,167,3,20250630_204522
1751283890.8256302,14379822,3681234432,3681.234432,253,73,167,3,20250630_204522
1751283890.8356142,14379861,3681244416,3681.244416,4,73,168,3,20250630_204522
1751283890.8455982,14379900,3681254400,3681.2544,10,72,168,3,20250630_204522
1751283890.8555822,14379939,3681264384,3681.264384,16,73,168,3,20250630_204522
1751283890.8655665,14379978,3681274368,3681.274368,21,71,169,3,20250630_204522
1751283890.8755505,14380017,3681284352,3681.284352,27,71,168,3,20250630_204522
1751283890.8855343,14380056,3681294336,3681.294336,32,71,167,3,20250630_204522
1751283890.8955183,14380095,3681304320,3681.30432,37,72,166,3,20250630_204522
1751283890.9055023,14380134,3681314304,3681.314304,42,71,166,3,20250630_204522
1751283890.915486,14380173,3681324288,3681.324288,47,72,166,3,20250630_204522
1751283890.92547,14380212,3681334272,3681.334272,51,71,163,3,20250630_204522
1751283890.935454,14380251,3681344256,3681.344256,55,73,161,3,20250630_204522
1751283890.945438,14380290,3681354240,3681.35424,59,73,156,3,20250630_204522
1751283890.9554222,14380329,3681364224,3681.364224,63,74,148,3,20250630_204522
1751283890.9656622,14380369,3681374464,3681.374464,67,71,140,3,20250630_204522
1751283890.9756465,14380408,3681384448,3681.384448,71,72,131,3,20250630_204522
1751283890.9856305,14380447,3681394432,3681.394432,75,70,124,3,20250630_204522
1751283890.9956143,14380486,3681404416,3681.404416,79,70,117,3,20250630_204522
1751283891.0055983,14380525,3681414400,3681.4144,83,69,109,3,20250630_204522
1751283891.0155823,14380564,3681424384,3681.424384,88,71,104,3,20250630_204522
1751283891.025566,14380603,3681434368,3681.434368,93,69,100,3,20250630_204522
1751283891.03555,14380642,3681444352,3681.444352,98,69,98,3,20250630_204522
1751283891.045534,14380681,3681454336,3681.454336,104,70,99,3,20250630_204522
1751283891.0555182,14380720,3681464320,3681.46432,109,73,98,3,20250630_204522
1751283891.0655022,14380759,3681474304,3681.474304,115,72,99,3,20250630_204522
1751283891.0754862,14380798,3681484288,3681.484288,121,73,99,3,20250630_204522
1751283891.0854702,14380837,3681494272,3681.494272,126,73,97,3,20250630_204522
1751283891.0954542,14380876,3681504256,3681.504256,132,73,99,3,20250630_204522
1751283891.1054382,14380915,3681514240,3681.51424,138,72,100,3,20250630_204522
1751283891.1156783,14380955,3681524480,3681.52448,144,70,101,3,20250630_204522
1751283891.125662,14380994,3681534464,3681.534464,149,70,101,3,20250630_204522
1751283891.135646,14381033,3681544448,3681.544448,155,70,101,3,20250630_204522
1751283891.14563,14381072,3681554432,3681.554432,160,70,102,3,20250630_204522
1751283891.155614,14381111,3681564416,3681.564416,165,71,102,3,20250630_204522
1751283891.1655982,14381150,3681574400,3681.5744,170,71,105,3,20250630_204522
1751283891.1755822,14381189,3681584384,3681.584384,174,73,108,3,20250630_204522
1751283891.1855662,14381228,3681594368,3681.594368,178,73,110,3,20250630_204522
1751283891.1955502,14381267,3681604352,3681.604352,183,73,115,3,20250630_204522
1751283891.2055342,14381306,3681614336,3681.614336,186,72,121,3,20250630_204522
1751283891.2155182,14381345,3681624320,3681.62432,190,73,127,3,20250630_204522
1751283891.2255025,14381384,3681634304,3681.634304,194,71,134,3,20250630_204522
1751283891.2354865,14381423,3681644288,3681.644288,198,72,142,3,20250630_204522
1751283891.2454703,14381462,3681654272,3681.654272,202,72,147,3,20250630_204522
1751283891.25571,14381502,3681664512,3681.664512,206,72,151,3,20250630_204522
1751283891.265694,14381541,3681674496,3681.674496,211,73,159,3,20250630_204522
1751283891.2756782,14381580,3681684480,3681.68448,215,73,162,3,20250630_204522
1751283891.2856622,14381619,3681694464,3681.694464,220,74,162,3,20250630_204522
1751283891.2956462,14381658,3681704448,3681.704448,225,74,162,3,20250630_204522
1751283891.3056302,14381697,3681714432,3681.714432,230,73,164,3,20250630_204522
1751283891.3156142,14381736,3681724416,3681.724416,236,76,166,3,20250630_204522
1751283891.3255982,14381775,3681734400,3681.7344,242,75,167,3,20250630_204522
1751283891.3355825,14381814,3681744384,3681.744384,247,77,168,3,20250630_204522
1751283891.3455665,14381853,3681754368,3681.754368,253,80,167,3,20250630_204522
1751283891.3555503,14381892,3681764352,3681.764352,4,80,168,3,20250630_204522
1751283891.3655343,14381931,3681774336,3681.774336,10,78,168,3,20250630_204522
1751283891.3755183,14381970,3681784320,3681.78432,16,78,168,3,20250630_204522
1751283891.385502,14382009,3681794304,3681.794304,21,78,169,3,20250630_204522
1751283891.395486,14382048,3681804288,3681.804288,27,77,168,3,20250630_204522
1751283891.4057262,14382088,3681814528,3681.814528,32,78,168,3,20250630_204522
1751283891.4157102,14382127,3681824512,3681.824512,37,77,166,3,20250630_204522
1751283891.4256942,14382166,3681834496,3681.834496,42,76,166,3,20250630_204522
1751283891.4356782,14382205,3681844480,3681.84448,47,77,166,3,20250630_204522
1751283891.4456625,14382244,3681854464,3681.854464,51,76,164,3,20250630_204522
1751283891.4556465,14382283,3681864448,3681.864448,55,79,160,3,20250630_204522
1751283891.4656303,14382322,3681874432,3681.874432,59,82,155,3,20250630_204522
1751283891.4756143,14382361,3681884416,3681.884416,63,79,147,3,20250630_204522
1751283891.485598,14382400,3681894400,3681.8944,67,76,138,3,20250630_204522
1751283891.495582,14382439,3681904384,3681.904384,71,76,127,3,20250630_204522
1751283891.505566,14382478,3681914368,3681.914368,75,76,122,3,20250630_204522
1751283891.51555,14382517,3681924352,3681.924352,79,76,114,3,20250630_204522
1751283891.5255342,14382556,3681934336,3681.934336,83,75,108,3,20250630_204522
1751283891.5355182,14382595,3681944320,3681.94432,88,75,103,3,20250630_204522
1751283891.5455022,14382634,3681954304,3681.954304,93,76,99,3,20250630_204522
1751283891.5557425,14382674,3681964544,3681.964544,98,75,99,3,20250630_204522
1751283891.5657265,14382713,3681974528,3681.974528,104,75,98,3,20250630_204522
1751283891.5757103,14382752,3681984512,3681.984512,110,78,99,3,20250630_204522
1751283891.5856943,14382791,3681994496,3681.994496,115,78,98,3,20250630_204522
1751283891.595678,14382830,3682004480,3682.00448,121,78,98,3,20250630_204522
1751283891.605662,14382869,3682014464,3682.014464,127,78,98,3,20250630_204522
1751283891.615646,14382908,3682024448,3682.024448,133,78,100,3,20250630_204522
1751283891.62563,14382947,3682034432,3682.034432,138,76,101,3,20250630_204522
1751283891.6356142,14382986,3682044416,3682.044416,144,75,101,3,20250630_204522
1751283891.6455982,14383025,3682054400,3682.0544,150,74,100,3,20250630_204522
1751283891.6558385,14383065,3682064640,3682.06464,155,76,101,3,20250630_204522
1751283891.6658225,14383104,3682074624,3682.074624,160,76,103,3,20250630_204522
1751283891.6758063,14383143,3682084608,3682.084608,165,75,104,3,20250630_204522
1751283891.6857903,14383182,3682094592,3682.094592,170,77,106,3,20250630_204522
1751283891.6957743,14383221,3682104576,3682.104576,174,78,107,3,20250630_204522
1751283891.705758,14383260,3682114560,3682.11456,179,78,112,3,20250630_204522
1751283891.715742,14383299,3682124544,3682.124544,183,77,118,3,20250630_204522
1751283891.725726,14383338,3682134528,3682.134528,187,77,124,3,20250630_204522
1751283891.73571,14383377,3682144512,3682.144512,190,78,132,3,20250630_204522
1751283891.7456942,14383416,3682154496,3682.154496,194,77,139,3,20250630_204522
1751283891.7556782,14383455,3682164480,3682.16448,198,78,146,3,20250630_204522
1751283891.7656622,14383494,3682174464,3682.174464,202,77,150,3,20250630_204522
1751283891.7756462,14383533,3682184448,3682.184448,206,78,156,3,20250630_204522
1751283891.7858863,14383573,3682194688,3682.194688,211,77,159,3,20250630_204522
1751283891.7958703,14383612,3682204672,3682.204672,216,78,162,3,20250630_204522
1751283891.8058543,14383651,3682214656,3682.214656,221,79,162,3,20250630_204522
1751283891.815838,14383690,3682224640,3682.22464,226,79,162,3,20250630_204522
1751283891.825822,14383729,3682234624,3682.234624,231,81,165,3,20250630_204522
1751283891.835806,14383768,3682244608,3682.244608,236,79,166,3,20250630_204522
1751283891.84579,14383807,3682254592,3682.254592,242,81,167,3,20250630_204522
1751283891.8557742,14383846,3682264576,3682.264576,248,84,167,3,20250630_204522
1751283891.8657582,14383885,3682274560,3682.27456,254,85,167,3,20250630_204522
1751283891.8757422,14383924,3682284544,3682.284544,5,85,167,3,20250630_204522
1751283891.8857262,14383963,3682294528,3682.294528,10,84,168,3,20250630_204522
1751283891.8957102,14384002,3682304512,3682.304512,16,84,168,3,20250630_204522
1751283891.9056942,14384041,3682314496,3682.314496,22,83,168,3,20250630_204522
1751283891.9156785,14384080,3682324480,3682.32448,27,83,168,3,20250630_204522
1751283891.925918,14384120,3682334720,3682.33472,32,83,167,3,20250630_204522
1751283891.935902,14384159,3682344704,3682.344704,38,84,167,3,20250630_204522
1751283891.945886,14384198,3682354688,3682.354688,42,84,168,3,20250630_204522
1751283891.9558702,14384237,3682364672,3682.364672,47,84,165,3,20250630_204522
1751283891.9658542,14384276,3682374656,3682.374656,52,83,164,3,20250630_204522
1751283891.9758382,14384315,3682384640,3682.38464,56,84,161,3,20250630_204522
1751283891.9858222,14384354,3682394624,3682.394624,60,86,155,3,20250630_204522
1751283891.9958062,14384393,3682404608,3682.404608,64,86,144,3,20250630_204522
1751283892.0057902,14384432,3682414592,3682.414592,67,83,136,3,20250630_204522
1751283892.0157745,14384471,3682424576,3682.424576,71,82,127,3,20250630_204522
1751283892.0257585,14384510,3682434560,3682.43456,75,81,121,3,20250630_204522
1751283892.0357423,14384549,3682444544,3682.444544,79,80,113,3,20250630_204522
1751283892.0457263,14384588,3682454528,3682.454528,84,79,107,3,20250630_204522
1751283892.0557103,14384627,3682464512,3682.464512,89,78,102,3,20250630_204522
1751283892.065694,14384666,3682474496,3682.474496,94,79,98,3,20250630_204522
1751283892.0759342,14384706,3682484736,3682.484736,99,81,99,3,20250630_204522
1751283892.0859182,14384745,3682494720,3682.49472,105,78,97,3,20250630_204522
1751283892.0959022,14384784,3682504704,3682.504704,110,80,99,3,20250630_204522
1751283892.1058862,14384823,3682514688,3682.514688,116,81,99,3,20250630_204522
1751283892.1158702,14384862,3682524672,3682.524672,122,83,98,3,20250630_204522
1751283892.1258545,14384901,3682534656,3682.534656,128,82,98,3,20250630_204522
1751283892.1358385,14384940,3682544640,3682.54464,133,81,99,3,20250630_204522
1751283892.1458223,14384979,3682554624,3682.554624,139,79,99,3,20250630_204522
1751283892.1558063,14385018,3682564608,3682.564608,145,78,100,3,20250630_204522
1751283892.1657903,14385057,3682574592,3682.574592,150,77,101,3,20250630_204522
1751283892.175774,14385096,3682584576,3682.584576,156,78,102,3,20250630_204522
1751283892.185758,14385135,3682594560,3682.59456,161,78,102,3,20250630_204522
1751283892.195742,14385174,3682604544,3682.604544,166,79,106,3,20250630_204522
1751283892.205726,14385213,3682614528,3682.614528,170,80,108,3,20250630_204522
1751283892.2159662,14385253,3682624768,3682.624768,175,81,110,3,20250630_204522
1751283892.2259502,14385292,3682634752,3682.634752,179,82,114,3,20250630_204522
1751283892.2359345,14385331,3682644736,3682.644736,183,81,120,3,20250630_204522
1751283892.2459185,14385370,3682654720,3682.65472,187,81,126,3,20250630_204522
1751283892.2559023,14385409,3682664704,3682.664704,191,81,134,3,20250630_204522
1751283892.2658863,14385448,3682674688,3682.674688,195,79,139,3,20250630_204522
1751283892.2758703,14385487,3682684672,3682.684672,199,81,146,3,20250630_204522
1751283892.285854,14385526,3682694656,3682.694656,203,82,152,3,20250630_204522
1751283892.295838,14385565,3682704640,3682.70464,207,82,157,3,20250630_204522
1751283892.305822,14385604,3682714624,3682.714624,211,81,161,3,20250630_204522
1751283892.3158062,14385643,3682724608,3682.724608,216,81,162,3,20250630_204522
1751283892.3257902,14385682,3682734592,3682.734592,221,81,163,3,20250630_204522
1751283892.3357742,14385721,3682744576,3682.744576,226,81,163,3,20250630_204522
1751283892.3457582,14385760,3682754560,3682.75456,231,84,166,3,20250630_204522
1751283892.3559985,14385800,3682764800,3682.7648,237,87,166,3,20250630_204522
1751283892.3659823,14385839,3682774784,3682.774784,243,88,167,3,20250630_204522
1751283892.3759663,14385878,3682784768,3682.784768,249,88,167,3,20250630_204522
1751283892.38595,14385917,3682794752,3682.794752,254,89,166,3,20250630_204522
1751283892.395934,14385956,3682804736,3682.804736,5,89,167,3,20250630_204522
1751283892.405918,14385995,3682814720,3682.81472,11,87,167,3,20250630_204522
1751283892.415902,14386034,3682824704,3682.824704,17,87,168,3,20250630_204522
1751283892.4258862,14386073,3682834688,3682.834688,22,87,167,3,20250630_204522
1751283892.4358702,14386112,3682844672,3682.844672,28,87,167,3,20250630_204522
1751283892.4458542,14386151,3682854656,3682.854656,33,88,168,3,20250630_204522
1751283892.4558382,14386190,3682864640,3682.86464,38,87,167,3,20250630_204522
1751283892.4658222,14386229,3682874624,3682.874624,43,87,166,3,20250630_204522
1751283892.4758062,14386268,3682884608,3682.884608,48,87,167,3,20250630_204522
1751283892.4857905,14386307,3682894592,3682.894592,52,85,164,3,20250630_204522
1751283892.4957745,14386346,3682904576,3682.904576,56,86,160,3,20250630_204522
1751283892.506014,14386386,3682914816,3682.914816,60,91,155,3,20250630_204522
1751283892.515998,14386425,3682924800,3682.9248,64,87,146,3,20250630_204522
1751283892.525982,14386464,3682934784,3682.934784,68,84,137,3,20250630_204522
1751283892.5359662,14386503,3682944768,3682.944768,72,84,127,3,20250630_204522
1751283892.5459502,14386542,3682954752,3682.954752,76,82,121,3,20250630_204522
1751283892.5559342,14386581,3682964736,3682.964736,80,82,114,3,20250630_204522
1751283892.5659182,14386620,3682974720,3682.97472,84,80,108,3,20250630_204522
1751283892.5759022,14386659,3682984704,3682.984704,89,82,103,3,20250630_204522
1751283892.5858862,14386698,3682994688,3682.994688,94,83,100,3,20250630_204522
1751283892.5958705,14386737,3683004672,3683.004672,99,82,98,3,20250630_204522
1751283892.6058545,14386776,3683014656,3683.014656,105,81,98,3,20250630_204522
1751283892.6158383,14386815,3683024640,3683.02464,111,84,99,3,20250630_204522
1751283892.6258223,14386854,3683034624,3683.034624,116,85,98,3,20250630_204522
1751283892.6358063,14386893,3683044608,3683.044608,122,86,99,3,20250630_204522
1751283892.6460462,14386933,3683054848,3683.054848,128,85,97,3,20250630_204522
1751283892.6560302,14386972,3683064832,3683.064832,134,83,99,3,20250630_204522
1751283892.6660142,14387011,3683074816,3683.074816,139,81,100,3,20250630_204522
1751283892.6759982,14387050,3683084800,3683.0848,145,80,101,3,20250630_204522
1751283892.6859822,14387089,3683094784,3683.094784,151,80,101,3,20250630_204522
1751283892.6959662,14387128,3683104768,3683.104768,156,80,102,3,20250630_204522
1751283892.7059505,14387167,3683114752,3683.114752,161,81,104,3,20250630_204522
1751283892.7159345,14387206,3683124736,3683.124736,166,81,105,3,20250630_204522
1751283892.7259183,14387245,3683134720,3683.13472,170,81,106,3,20250630_204522
1751283892.7359023,14387284,3683144704,3683.144704,175,83,110,3,20250630_204522
1751283892.745886,14387323,3683154688,3683.154688,179,83,114,3,20250630_204522
1751283892.75587,14387362,3683164672,3683.164672,183,84,120,3,20250630_204522
1751283892.765854,14387401,3683174656,3683.174656,187,82,127,3,20250630_204522
1751283892.775838,14387440,3683184640,3683.18464,191,84,134,3,20250630_204522
1751283892.7858222,14387479,3683194624,3683.194624,195,83,140,3,20250630_204522
1751283892.7960622,14387519,3683204864,3683.204864,199,82,146,3,20250630_204522
1751283892.8060462,14387558,3683214848,3683.214848,203,84,150,3,20250630_204522
1751283892.8160305,14387597,3683224832,3683.224832,207,84,156,3,20250630_204522
1751283892.8260145,14387636,3683234816,3683.234816,211,83,161,3,20250630_204522
1751283892.8359983,14387675,3683244800,3683.2448,216,83,162,3,20250630_204522
1751283892.8459823,14387714,3683254784,3683.254784,221,82,162,3,20250630_204522
1751283892.855966,14387753,3683264768,3683.264768,226,83,163,3,20250630_204522
1751283892.86595,14387792,3683274752,3683.274752,232,84,166,3,20250630_204522
1751283892.875934,14387831,3683284736,3683.284736,237,84,166,3,20250630_204522
1751283892.885918,14387870,3683294720,3683.29472,243,86,167,3,20250630_204522
1751283892.8959022,14387909,3683304704,3683.304704,249,89,165,3,20250630_204522
1751283892.9058862,14387948,3683314688,3683.314688,0,91,169,3,20250630_204522
1751283892.9158702,14387987,3683324672,3683.324672,5,90,168,3,20250630_204522
1751283892.9258542,14388026,3683334656,3683.334656,11,89,169,3,20250630_204522
1751283892.9360943,14388066,3683344896,3683.344896,17,88,168,3,20250630_204522
1751283892.9460783,14388105,3683354880,3683.35488,22,88,169,3,20250630_204522
1751283892.9560623,14388144,3683364864,3683.364864,28,87,169,3,20250630_204522
1751283892.966046,14388183,3683374848,3683.374848,33,89,168,3,20250630_204522
1751283892.97603,14388222,3683384832,3683.384832,38,87,167,3,20250630_204522
1751283892.986014,14388261,3683394816,3683.394816,43,87,166,3,20250630_204522
1751283892.995998,14388300,3683404800,3683.4048,48,88,164,3,20250630_204522
1751283893.0059822,14388339,3683414784,3683.414784,52,86,164,3,20250630_204522
1751283893.0159662,14388378,3683424768,3683.424768,56,89,158,3,20250630_204522
1751283893.0259502,14388417,3683434752,3683.434752,60,89,153,3,20250630_204522
1751283893.0359342,14388456,3683444736,3683.444736,64,87,143,3,20250630_204522
1751283893.0459182,14388495,3683454720,3683.45472,68,85,135,3,20250630_204522
1751283893.0559022,14388534,3683464704,3683.464704,72,85,127,3,20250630_204522
1751283893.0658865,14388573,3683474688,3683.474688,76,82,120,3,20250630_204522
1751283893.076126,14388613,3683484928,3683.484928,80,82,112,3,20250630_204522
1751283893.08611,14388652,3683494912,3683.494912,85,81,105,3,20250630_204522
1751283893.096094,14388691,3683504896,3683.504896,89,82,102,3,20250630_204522
1751283893.106078,14388730,3683514880,3683.51488,94,83,97,3,20250630_204522
1751283893.1160622,14388769,3683524864,3683.524864,100,83,98,3,20250630_204522
1751283893.1260462,14388808,3683534848,3683.534848,105,79,99,3,20250630_204522
1751283893.1360302,14388847,3683544832,3683.544832,111,84,99,3,20250630_204522
1751283893.1460142,14388886,3683554816,3683.554816,117,83,99,3,20250630_204522
1751283893.1559982,14388925,3683564800,3683.5648,122,86,98,3,20250630_204522
1751283893.1659822,14388964,3683574784,3683.574784,128,85,98,3,20250630_204522
1751283893.1759665,14389003,3683584768,3683.584768,134,83,98,3,20250630_204522
1751283893.1859505,14389042,3683594752,3683.594752,140,82,100,3,20250630_204522
1751283893.1959343,14389081,3683604736,3683.604736,145,80,100,3,20250630_204522
1751283893.2059183,14389120,3683614720,3683.61472,151,80,102,3,20250630_204522
1751283893.2161582,14389160,3683624960,3683.62496,156,80,101,3,20250630_204522
1751283893.2261422,14389199,3683634944,3683.634944,161,81,103,3,20250630_204522
1751283893.2361262,14389238,3683644928,3683.644928,166,81,104,3,20250630_204522
1751283893.2461102,14389277,3683654912,3683.654912,171,81,106,3,20250630_204522
1751283893.2560942,14389316,3683664896,3683.664896,175,83,107,3,20250630_204522
1751283893.2660782,14389355,3683674880,3683.67488,180,83,112,3,20250630_204522
1751283893.2760625,14389394,3683684864,3683.684864,184,83,117,3,20250630_204522
1751283893.2860465,14389433,3683694848,3683.694848,188,83,123,3,20250630_204522
1751283893.2960303,14389472,3683704832,3683.704832,191,83,131,3,20250630_204522
1751283893.3060143,14389511,3683714816,3683.714816,195,81,138,3,20250630_204522
1751283893.3159983,14389550,3683724800,3683.7248,199,82,145,3,20250630_204522
1751283893.325982,14389589,3683734784,3683.734784,203,81,149,3,20250630_204522
1751283893.335966,14389628,3683744768,3683.744768,207,83,155,3,20250630_204522
1751283893.34595,14389667,3683754752,3683.754752,212,82,159,3,20250630_204522
1751283893.3561902,14389707,3683764992,3683.764992,217,83,162,3,20250630_204522
1751283893.3661742,14389746,3683774976,3683.774976,222,83,163,3,20250630_204522
1751283893.3761582,14389785,3683784960,3683.78496,227,83,162,3,20250630_204522
1751283893.3861425,14389824,3683794944,3683.794944,232,82,163,3,20250630_204522
1751283893.3961265,14389863,3683804928,3683.804928,237,84,166,3,20250630_204522
1751283893.4061103,14389902,3683814912,3683.814912,243,85,167,3,20250630_204522
1751283893.4160943,14389941,3683824896,3683.824896,249,87,166,3,20250630_204522
1751283893.4260783,14389980,3683834880,3683.83488,0,88,166,3,20250630_204522
1751283893.436062,14390019,3683844864,3683.844864,6,89,168,3,20250630_204522
1751283893.446046,14390058,3683854848,3683.854848,11,88,168,3,20250630_204522
1751283893.45603,14390097,3683864832,3683.864832,17,88,168,3,20250630_204522
1751283893.466014,14390136,3683874816,3683.874816,23,86,167,3,20250630_204522
1751283893.4759982,14390175,3683884800,3683.8848,28,88,168,3,20250630_204522
1751283893.4859822,14390214,3683894784,3683.894784,33,87,168,3,20250630_204522
1751283893.4959662,14390253,3683904768,3683.904768,38,87,168,3,20250630_204522
1751283893.5062065,14390293,3683915008,3683.915008,43,86,166,3,20250630_204522
1751283893.5161903,14390332,3683924992,3683.924992,48,87,166,3,20250630_204522
1751283893.5261743,14390371,3683934976,3683.934976,52,85,164,3,20250630_204522
1751283893.5361583,14390410,3683944960,3683.94496,56,87,160,3,20250630_204522
1751283893.546142,14390449,3683954944,3683.954944,60,85,154,3,20250630_204522
1751283893.556126,14390488,3683964928,3683.964928,64,88,145,3,20250630_204522
1751283893.56611,14390527,3683974912,3683.974912,68,84,136,3,20250630_204522
1751283893.5760942,14390566,3683984896,3683.984896,72,83,127,3,20250630_204522
1751283893.5860782,14390605,3683994880,3683.99488,76,81,119,3,20250630_204522
1751283893.5960622,14390644,3684004864,3684.004864,80,81,110,3,20250630_204522
1751283893.6060462,14390683,3684014848,3684.014848,85,79,106,3,20250630_204522
1751283893.6160302,14390722,3684024832,3684.024832,90,81,101,3,20250630_204522
1751283893.6260142,14390761,3684034816,3684.034816,95,79,98,3,20250630_204522
1751283893.6359982,14390800,3684044800,3684.0448,100,82,99,3,20250630_204522
1751283893.646238,14390840,3684055040,3684.05504,106,78,98,3,20250630_204522
1751283893.656222,14390879,3684065024,3684.065024,111,80,99,3,20250630_204522
1751283893.666206,14390918,3684075008,3684.075008,117,80,99,3,20250630_204522
1751283893.67619,14390957,3684084992,3684.084992,123,84,99,3,20250630_204522
1751283893.6861742,14390996,3684094976,3684.094976,129,81,98,3,20250630_204522
1751283893.6961582,14391035,3684104960,3684.10496,134,81,100,3,20250630_204522
1751283893.7061422,14391074,3684114944,3684.114944,140,79,100,3,20250630_204522
1751283893.7161262,14391113,3684124928,3684.124928,146,78,102,3,20250630_204522
1751283893.7261102,14391152,3684134912,3684.134912,151,78,101,3,20250630_204522
1751283893.7360942,14391191,3684144896,3684.144896,156,78,103,3,20250630_204522
1751283893.7460785,14391230,3684154880,3684.15488,161,78,104,3,20250630_204522
1751283893.7560625,14391269,3684164864,3684.164864,166,79,105,3,20250630_204522
1751283893.7660463,14391308,3684174848,3684.174848,171,78,107,3,20250630_204522
1751283893.7760303,14391347,3684184832,3684.184832,175,79,107,3,20250630_204522
1751283893.7860143,14391386,3684194816,3684.194816,180,79,112,3,20250630_204522
1751283893.7962542,14391426,3684205056,3684.205056,184,81,117,3,20250630_204522
1751283893.8062382,14391465,3684215040,3684.21504,188,79,124,3,20250630_204522
1751283893.8162222,14391504,3684225024,3684.225024,191,80,132,3,20250630_204522
1751283893.8262062,14391543,3684235008,3684.235008,195,78,139,3,20250630_204522
1751283893.8361902,14391582,3684244992,3684.244992,199,80,145,3,20250630_204522
1751283893.8461742,14391621,3684254976,3684.254976,203,78,149,3,20250630_204522
1751283893.8561585,14391660,3684264960,3684.26496,207,80,153,3,20250630_204522
1751283893.8661425,14391699,3684274944,3684.274944,212,78,159,3,20250630_204522
1751283893.8761263,14391738,3684284928,3684.284928,217,80,162,3,20250630_204522
1751283893.8861103,14391777,3684294912,3684.294912,222,79,162,3,20250630_204522
1751283893.8960943,14391816,3684304896,3684.304896,227,80,162,3,20250630_204522
1751283893.9063342,14391856,3684315136,3684.315136,232,78,164,3,20250630_204522
1751283893.9163182,14391895,3684325120,3684.32512,238,80,165,3,20250630_204522
1751283893.9263022,14391934,3684335104,3684.335104,243,80,167,3,20250630_204522
1751283893.9362862,14391973,3684345088,3684.345088,249,83,166,3,20250630_204522
1751283893.9462702,14392012,3684355072,3684.355072,0,82,166,3,20250630_204522
1751283893.9562542,14392051,3684365056,3684.365056,6,84,168,3,20250630_204522
1751283893.9662385,14392090,3684375040,3684.37504,12,84,167,3,20250630_204522
1751283893.976478,14392130,3684385280,3684.38528,17,83,168,3,20250630_204522
1751283893.986462,14392169,3684395264,3684.395264,23,81,168,3,20250630_204522
1751283893.996446,14392208,3684405248,3684.405248,28,81,168,3,20250630_204522
1751283894.00643,14392247,3684415232,3684.415232,34,80,167,3,20250630_204522
1751283894.0164142,14392286,3684425216,3684.425216,39,80,166,3,20250630_204522
1751283894.0263982,14392325,3684435200,3684.4352,43,79,166,3,20250630_204522
1751283894.0363822,14392364,3684445184,3684.445184,48,79,164,3,20250630_204522
1751283894.0466225,14392404,3684455424,3684.455424,52,78,163,3,20250630_204522
1751283894.0566063,14392443,3684465408,3684.465408,57,79,158,3,20250630_204522
1751283894.0665903,14392482,3684475392,3684.475392,61,78,150,3,20250630_204522
1751283894.076574,14392521,3684485376,3684.485376,64,79,140,3,20250630_204522
1751283894.086558,14392560,3684495360,3684.49536,68,76,132,3,20250630_204522
1751283894.096542,14392599,3684505344,3684.505344,72,76,127,3,20250630_204522
1751283894.106526,14392638,3684515328,3684.515328,76,74,116,3,20250630_204522
1751283894.1167662,14392678,3684525568,3684.525568,80,73,109,3,20250630_204522
1751283894.1267502,14392717,3684535552,3684.535552,85,71,104,3,20250630_204522
1751283894.1367342,14392756,3684545536,3684.545536,90,72,101,3,20250630_204522
1751283894.1467185,14392795,3684555520,3684.55552,95,70,97,3,20250630_204522
1751283894.1567025,14392834,3684565504,3684.565504,100,72,98,3,20250630_204522
1751283894.1666863,14392873,3684575488,3684.575488,106,70,98,3,20250630_204522
1751283894.176926,14392913,3684585728,3684.585728,112,71,98,3,20250630_204522
1751283894.1869102,14392952,3684595712,3684.595712,117,69,99,3,20250630_204522
1751283894.1968942,14392991,3684605696,3684.605696,123,72,98,3,20250630_204522
1751283894.2068782,14393030,3684615680,3684.61568,129,70,98,3,20250630_204522
1751283894.2168622,14393069,3684625664,3684.625664,135,70,100,3,20250630_204522
1751283894.2268462,14393108,3684635648,3684.635648,141,67,100,3,20250630_204522
1751283894.2368302,14393147,3684645632,3684.645632,146,67,100,3,20250630_204522
1751283894.2468145,14393186,3684655616,3684.655616,152,66,100,3,20250630_204522
1751283894.257054,14393226,3684665856,3684.665856,157,66,101,3,20250630_204522
1751283894.267038,14393265,3684675840,3684.67584,162,66,103,3,20250630_204522
1751283894.277022,14393304,3684685824,3684.685824,167,66,105,3,20250630_204522
1751283894.287006,14393343,3684695808,3684.695808,172,65,108,3,20250630_204522
1751283894.2969902,14393382,3684705792,3684.705792,176,65,111,3,20250630_204522
1751283894.3069742,14393421,3684715776,3684.715776,180,65,115,3,20250630_204522
1751283894.3172145,14393461,3684726016,3684.726016,184,66,121,3,20250630_204522
1751283894.3271985,14393500,3684736000,3684.736,188,63,127,3,20250630_204522
1751283894.3371823,14393539,3684745984,3684.745984,192,64,135,3,20250630_204522
1751283894.3471663,14393578,3684755968,3684.755968,196,62,140,3,20250630_204522
1751283894.3571503,14393617,3684765952,3684.765952,200,63,147,3,20250630_204522
1751283894.367134,14393656,3684775936,3684.775936,204,62,152,3,20250630_204522
1751283894.377118,14393695,3684785920,3684.78592,208,64,158,3,20250630_204522
1751283894.387102,14393734,3684795904,3684.795904,213,63,161,3,20250630_204522
1751283894.397086,14393773,3684805888,3684.805888,218,64,162,3,20250630_204522
1751283894.4073262,14393813,3684816128,3684.816128,222,62,161,3,20250630_204522
1751283894.4173102,14393852,3684826112,3684.826112,228,64,163,3,20250630_204522
1751283894.4272945,14393891,3684836096,3684.836096,233,63,166,3,20250630_204522
1751283894.4372785,14393930,3684846080,3684.84608,239,64,167,3,20250630_204522
1751283894.4472623,14393969,3684856064,3684.856064,244,65,167,3,20250630_204522
1751283894.4572463,14394008,3684866048,3684.866048,250,66,166,3,20250630_204522
1751283894.4672303,14394047,3684876032,3684.876032,1,65,168,3,20250630_204522
1751283894.477214,14394086,3684886016,3684.886016,7,66,168,3,20250630_204522
1751283894.487198,14394125,3684896000,3684.896,13,66,168,3,20250630_204522
1751283894.497182,14394164,3684905984,3684.905984,18,66,168,3,20250630_204522
1751283894.507166,14394203,3684915968,3684.915968,24,64,169,3,20250630_204522
1751283894.5171502,14394242,3684925952,3684.925952,29,65,169,3,20250630_204522
1751283894.5271342,14394281,3684935936,3684.935936,34,63,169,3,20250630_204522
1751283894.5371182,14394320,3684945920,3684.94592,39,65,167,3,20250630_204522
1751283894.5471022,14394359,3684955904,3684.955904,44,63,167,3,20250630_204522
1751283894.5573423,14394399,3684966144,3684.966144,49,64,164,3,20250630_204522
1751283894.5673263,14394438,3684976128,3684.976128,53,62,164,3,20250630_204522
1751283894.5773103,14394477,3684986112,3684.986112,57,65,160,3,20250630_204522
1751283894.587294,14394516,3684996096,3684.996096,61,63,154,3,20250630_204522
1751283894.597278,14394555,3685006080,3685.00608,65,64,146,3,20250630_204522
1751283894.607262,14394594,3685016064,3685.016064,69,61,136,3,20250630_204522
1751283894.6172462,14394633,3685026048,3685.026048,73,62,127,3,20250630_204522
1751283894.6272302,14394672,3685036032,3685.036032,77,60,120,3,20250630_204522
1751283894.6372142,14394711,3685046016,3685.046016,81,60,114,3,20250630_204522
1751283894.6471982,14394750,3685056000,3685.056,85,58,107,3,20250630_204522
1751283894.6571822,14394789,3685065984,3685.065984,90,60,102,3,20250630_204522
1751283894.6671662,14394828,3685075968,3685.075968,95,59,99,3,20250630_204522
1751283894.6771502,14394867,3685085952,3685.085952,101,59,98,3,20250630_204522
1751283894.6871345,14394906,3685095936,3685.095936,106,58,98,3,20250630_204522
1751283894.6971183,14394945,3685105920,3685.10592,112,61,98,3,20250630_204522
1751283894.707358,14394985,3685116160,3685.11616,118,59,99,3,20250630_204522
1751283894.717342,14395024,3685126144,3685.126144,124,60,98,3,20250630_204522
1751283894.7273262,14395063,3685136128,3685.136128,129,59,98,3,20250630_204522
1751283894.7373102,14395102,3685146112,3685.146112,135,60,99,3,20250630_204522
1751283894.7472942,14395141,3685156096,3685.156096,141,58,100,3,20250630_204522
1751283894.7572782,14395180,3685166080,3685.16608,147,57,100,3,20250630_204522
1751283894.7672622,14395219,3685176064,3685.176064,152,57,100,3,20250630_204522
1751283894.7772462,14395258,3685186048,3685.186048,157,58,101,3,20250630_204522
1751283894.7872305,14395297,3685196032,3685.196032,162,57,103,3,20250630_204522
1751283894.7972145,14395336,3685206016,3685.206016,167,57,105,3,20250630_204522
1751283894.8071983,14395375,3685216000,3685.216,172,56,107,3,20250630_204522
1751283894.8171823,14395414,3685225984,3685.225984,176,57,109,3,20250630_204522
1751283894.8271663,14395453,3685235968,3685.235968,180,56,113,3,20250630_204522
1751283894.83715,14395492,3685245952,3685.245952,184,58,118,3,20250630_204522
1751283894.8473902,14395532,3685256192,3685.256192,188,56,125,3,20250630_204522
1751283894.8573742,14395571,3685266176,3685.266176,192,58,133,3,20250630_204522
1751283894.8673582,14395610,3685276160,3685.27616,196,56,139,3,20250630_204522
1751283894.8773422,14395649,3685286144,3685.286144,200,57,146,3,20250630_204522
1751283894.8873262,14395688,3685296128,3685.296128,204,55,149,3,20250630_204522
1751283894.8973105,14395727,3685306112,3685.306112,208,58,156,3,20250630_204522
1751283894.9072945,14395766,3685316096,3685.316096,213,55,161,3,20250630_204522
1751283894.9172783,14395805,3685326080,3685.32608,218,57,162,3,20250630_204522
1751283894.9272623,14395844,3685336064,3685.336064,223,56,162,3,20250630_204522
1751283894.9372463,14395883,3685346048,3685.346048,228,56,162,3,20250630_204522
1751283894.94723,14395922,3685356032,3685.356032,233,56,165,3,20250630_204522
1751283894.957214,14395961,3685366016,3685.366016,239,57,167,3,20250630_204522
1751283894.967198,14396000,3685376000,3685.376,244,56,166,3,20250630_204522
1751283894.977182,14396039,3685385984,3685.385984,250,58,167,3,20250630_204522
1751283894.9874222,14396079,3685396224,3685.396224,1,57,168,3,20250630_204522
1751283894.9974062,14396118,3685406208,3685.406208,7,58,167,3,20250630_204522
1751283895.0073905,14396157,3685416192,3685.416192,13,58,167,3,20250630_204522
1751283895.0173745,14396196,3685426176,3685.426176,18,58,167,3,20250630_204522
1751283895.0273583,14396235,3685436160,3685.43616,24,57,168,3,20250630_204522
1751283895.0373423,14396274,3685446144,3685.446144,29,57,167,3,20250630_204522
1751283895.047326,14396313,3685456128,3685.456128,35,56,165,3,20250630_204522
1751283895.05731,14396352,3685466112,3685.466112,40,57,166,3,20250630_204522
1751283895.067294,14396391,3685476096,3685.476096,44,56,165,3,20250630_204522
1751283895.077278,14396430,3685486080,3685.48608,49,57,165,3,20250630_204522
1751283895.0872622,14396469,3685496064,3685.496064,53,55,161,3,20250630_204522
1751283895.0972462,14396508,3685506048,3685.506048,57,56,156,3,20250630_204522
1751283895.1072302,14396547,3685516032,3685.516032,61,55,149,3,20250630_204522
1751283895.1172142,14396586,3685526016,3685.526016,65,56,139,3,20250630_204522
1751283895.1271982,14396625,3685536000,3685.536,69,54,129,3,20250630_204522
1751283895.1374383,14396665,3685546240,3685.54624,73,55,122,3,20250630_204522
1751283895.1474223,14396704,3685556224,3685.556224,77,53,115,3,20250630_204522
1751283895.157406,14396743,3685566208,3685.566208,81,53,108,3,20250630_204522
1751283895.16739,14396782,3685576192,3685.576192,86,52,105,3,20250630_204522
1751283895.177374,14396821,3685586176,3685.586176,91,53,100,3,20250630_204522
1751283895.187358,14396860,3685596160,3685.59616,96,51,100,3,20250630_204522
1751283895.1973422,14396899,3685606144,3685.606144,101,54,98,3,20250630_204522
1751283895.2073262,14396938,3685616128,3685.616128,107,52,98,3,20250630_204522
1751283895.2173102,14396977,3685626112,3685.626112,113,53,99,3,20250630_204522
1751283895.2272942,14397016,3685636096,3685.636096,118,51,98,3,20250630_204522
1751283895.2372782,14397055,3685646080,3685.64608,124,54,98,3,20250630_204522
1751283895.2472622,14397094,3685656064,3685.656064,130,53,98,3,20250630_204522
1751283895.2572465,14397133,3685666048,3685.666048,136,53,100,3,20250630_204522
1751283895.2672305,14397172,3685676032,3685.676032,141,52,100,3,20250630_204522
1751283895.27747,14397212,3685686272,3685.686272,147,52,101,3,20250630_204522
1751283895.287454,14397251,3685696256,3685.696256,152,52,102,3,20250630_204522
1751283895.297438,14397290,3685706240,3685.70624,158,51,102,3,20250630_204522
1751283895.3074222,14397329,3685716224,3685.716224,163,51,103,3,20250630_204522
1751283895.3174062,14397368,3685726208,3685.726208,167,52,104,3,20250630_204522
1751283895.3273902,14397407,3685736192,3685.736192,172,50,106,3,20250630_204522
1751283895.3373742,14397446,3685746176,3685.746176,176,52,108,3,20250630_204522
1751283895.3473582,14397485,3685756160,3685.75616,181,51,113,3,20250630_204522
1751283895.3573422,14397524,3685766144,3685.766144,185,52,118,3,20250630_204522
1751283895.3673265,14397563,3685776128,3685.776128,189,50,126,3,20250630_204522
1751283895.3773105,14397602,3685786112,3685.786112,192,52,132,3,20250630_204522
1751283895.3872943,14397641,3685796096,3685.796096,196,49,139,3,20250630_204522
1751283895.3972783,14397680,3685806080,3685.80608,200,51,146,3,20250630_204522
1751283895.407262,14397719,3685816064,3685.816064,204,50,150,3,20250630_204522
1751283895.417246,14397758,3685826048,3685.826048,209,52,155,3,20250630_204522
1751283895.4274862,14397798,3685836288,3685.836288,213,50,161,3,20250630_204522
1751283895.4374702,14397837,3685846272,3685.846272,218,51,162,3,20250630_204522
1751283895.4474542,14397876,3685856256,3685.856256,223,51,162,3,20250630_204522
1751283895.4574382,14397915,3685866240,3685.86624,228,51,162,3,20250630_204522
1751283895.4674222,14397954,3685876224,3685.876224,233,51,167,3,20250630_204522
1751283895.4774065,14397993,3685886208,3685.886208,239,52,167,3,20250630_204522
1751283895.4873905,14398032,3685896192,3685.896192,245,52,167,3,20250630_204522
1751283895.4973743,14398071,3685906176,3685.906176,251,53,168,3,20250630_204522
1751283895.5073583,14398110,3685916160,3685.91616,1,52,168,3,20250630_204522
1751283895.517342,14398149,3685926144,3685.926144,7,54,168,3,20250630_204522
1751283895.527326,14398188,3685936128,3685.936128,13,53,169,3,20250630_204522
1751283895.53731,14398227,3685946112,3685.946112,19,53,168,3,20250630_204522
1751283895.547294,14398266,3685956096,3685.956096,24,52,168,3,20250630_204522
1751283895.5572782,14398305,3685966080,3685.96608,30,52,168,3,20250630_204522
1751283895.5675182,14398345,3685976320,3685.97632,35,51,166,3,20250630_204522
1751283895.5775025,14398384,3685986304,3685.986304,40,53,166,3,20250630_204522
1751283895.5874865,14398423,3685996288,3685.996288,45,51,164,3,20250630_204522
1751283895.5974703,14398462,3686006272,3686.006272,49,52,163,3,20250630_204522
1751283895.6074543,14398501,3686016256,3686.016256,53,50,159,3,20250630_204522
1751283895.6174383,14398540,3686026240,3686.02624,57,52,152,3,20250630_204522
1751283895.627422,14398579,3686036224,3686.036224,61,50,148,3,20250630_204522
1751283895.637406,14398618,3686046208,3686.046208,65,52,140,3,20250630_204522
1751283895.64739,14398657,3686056192,3686.056192,69,49,132,3,20250630_204522
1751283895.657374,14398696,3686066176,3686.066176,73,49,127,3,20250630_204522
1751283895.6673582,14398735,3686076160,3686.07616,77,48,121,3,20250630_204522
1751283895.6773422,14398774,3686086144,3686.086144,81,50,116,3,20250630_204522
1751283895.6873262,14398813,3686096128,3686.096128,85,49,111,3,20250630_204522
1751283895.6973102,14398852,3686106112,3686.106112,90,52,106,3,20250630_204522
1751283895.7075503,14398892,3686116352,3686.116352,95,49,103,3,20250630_204522
1751283895.7175343,14398931,3686126336,3686.126336,100,54,100,3,20250630_204522
1751283895.7275183,14398970,3686136320,3686.13632,106,56,100,3,20250630_204522
1751283895.737502,14399009,3686146304,3686.146304,111,58,98,3,20250630_204522
1751283895.747486,14399048,3686156288,3686.156288,117,50,98,3,20250630_204522
1751283895.75747,14399087,3686166272,3686.166272,123,45,98,3,20250630_204522
1751283895.767454,14399126,3686176256,3686.176256,129,41,99,3,20250630_204522
1751283895.7774382,14399165,3686186240,3686.18624,135,42,99,3,20250630_204522
1751283895.7874222,14399204,3686196224,3686.196224,140,40,99,3,20250630_204522
1751283895.7974062,14399243,3686206208,3686.206208,146,39,101,3,20250630_204522
1751283895.8073902,14399282,3686216192,3686.216192,151,38,103,3,20250630_204522
1751283895.8173742,14399321,3686226176,3686.226176,157,37,104,3,20250630_204522
1751283895.8273582,14399360,3686236160,3686.23616,161,36,108,3,20250630_204522
1751283895.8373425,14399399,3686246144,3686.246144,166,36,111,3,20250630_204522
1751283895.847582,14399439,3686256384,3686.256384,170,35,117,3,20250630_204522
1751283895.857566,14399478,3686266368,3686.266368,175,36,129,3,20250630_204522
1751283895.86755,14399517,3686276352,3686.276352,178,35,144,3,20250630_204522
1751283895.8775342,14399556,3686286336,3686.286336,182,36,161,3,20250630_204522
1751283895.8875182,14399595,3686296320,3686.29632,185,36,162,3,20250630_204522
1751283895.8975022,14399634,3686306304,3686.306304,189,37,161,3,20250630_204522
1751283895.9074862,14399673,3686316288,3686.316288,193,36,164,3,20250630_204522
1751283895.9174702,14399712,3686326272,3686.326272,197,38,163,3,20250630_204522
1751283895.9274542,14399751,3686336256,3686.336256,201,37,163,3,20250630_204522
1751283895.9374382,14399790,3686346240,3686.34624,205,39,164,3,20250630_204522
1751283895.9474225,14399829,3686356224,3686.356224,210,38,163,3,20250630_204522
1751283895.9574063,14399868,3686366208,3686.366208,215,40,162,3,20250630_204522
1751283895.9673903,14399907,3686376192,3686.376192,220,40,162,3,20250630_204522
1751283895.9773743,14399946,3686386176,3686.386176,225,41,164,3,20250630_204522
1751283895.987358,14399985,3686396160,3686.39616,230,41,162,3,20250630_204522
1751283895.9975982,14400025,3686406400,3686.4064,235,42,158,3,20250630_204522
1751283896.0075822,14400064,3686416384,3686.416384,240,41,152,3,20250630_204522
1751283896.0175662,14400103,3686426368,3686.426368,245,44,151,3,20250630_204522
1751283896.0275502,14400142,3686436352,3686.436352,250,43,147,3,20250630_204522
1751283896.0375342,14400181,3686446336,3686.446336,254,46,148,3,20250630_204522
1751283896.0475185,14400220,3686456320,3686.45632,4,45,148,3,20250630_204522
1751283896.0575025,14400259,3686466304,3686.466304,9,47,147,3,20250630_204522
1751283896.0674863,14400298,3686476288,3686.476288,13,47,148,3,20250630_204522
1751283896.0774703,14400337,3686486272,3686.486272,18,49,148,3,20250630_204522
1751283896.0874543,14400376,3686496256,3686.496256,23,48,147,3,20250630_204522
1751283896.097438,14400415,3686506240,3686.50624,27,51,148,3,20250630_204522
1751283896.107422,14400454,3686516224,3686.516224,32,51,148,3,20250630_204522
1751283896.117406,14400493,3686526208,3686.526208,36,53,148,3,20250630_204522
1751283896.1276462,14400533,3686536448,3686.536448,40,52,148,3,20250630_204522
1751283896.1376302,14400572,3686546432,3686.546432,45,54,148,3,20250630_204522
1751283896.1476142,14400611,3686556416,3686.556416,49,53,148,3,20250630_204522
1751283896.1575985,14400650,3686566400,3686.5664,53,55,147,3,20250630_204522
1751283896.1675825,14400689,3686576384,3686.576384,57,53,146,3,20250630_204522
1751283896.1775663,14400728,3686586368,3686.586368,61,55,144,3,20250630_204522
1751283896.1875503,14400767,3686596352,3686.596352,65,53,142,3,20250630_204522
1751283896.1975343,14400806,3686606336,3686.606336,68,55,138,3,20250630_204522
1751283896.207518,14400845,3686616320,3686.61632,72,53,136,3,20250630_204522
1751283896.217502,14400884,3686626304,3686.626304,76,56,133,3,20250630_204522
1751283896.227486,14400923,3686636288,3686.636288,80,55,129,3,20250630_204522
1751283896.23747,14400962,3686646272,3686.646272,84,59,127,3,20250630_204522
1751283896.2474542,14401001,3686656256,3686.656256,88,60,127,3,20250630_204522
1751283896.2574382,14401040,3686666240,3686.66624,92,63,125,3,20250630_204522
1751283896.2674222,14401079,3686676224,3686.676224,96,64,122,3,20250630_204522
1751283896.2776625,14401119,3686686464,3686.686464,101,67,116,3,20250630_204522
1751283896.2876463,14401158,3686696448,3686.696448,105,68,116,3,20250630_204522
1751283896.2976303,14401197,3686706432,3686.706432,110,72,114,3,20250630_204522
1751283896.307614,14401236,3686716416,3686.716416,115,71,111,3,20250630_204522
1751283896.317598,14401275,3686726400,3686.7264,120,74,109,3,20250630_204522
1751283896.327582,14401314,3686736384,3686.736384,126,74,107,3,20250630_204522
1751283896.337566,14401353,3686746368,3686.746368,131,77,104,3,20250630_204522
1751283896.3475502,14401392,3686756352,3686.756352,137,77,103,3,20250630_204522
1751283896.3575342,14401431,3686766336,3686.766336,142,80,101,3,20250630_204522
1751283896.3675182,14401470,3686776320,3686.77632,148,79,99,3,20250630_204522
1751283896.3775022,14401509,3686786304,3686.786304,153,83,99,3,20250630_204522
1751283896.3874862,14401548,3686796288,3686.796288,159,82,96,3,20250630_204522
1751283896.3974702,14401587,3686806272,3686.806272,164,84,96,3,20250630_204522
1751283896.4074545,14401626,3686816256,3686.816256,169,83,97,3,20250630_204522
1751283896.417694,14401666,3686826496,3686.826496,174,85,97,3,20250630_204522
1751283896.427678,14401705,3686836480,3686.83648,178,85,98,3,20250630_204522
1751283896.437662,14401744,3686846464,3686.846464,182,87,97,3,20250630_204522
1751283896.447646,14401783,3686856448,3686.856448,187,86,98,3,20250630_204522
1751283896.4576302,14401822,3686866432,3686.866432,190,87,99,3,20250630_204522
1751283896.4676142,14401861,3686876416,3686.876416,194,87,100,3,20250630_204522
1751283896.4775982,14401900,3686886400,3686.8864,198,88,99,3,20250630_204522
1751283896.4875822,14401939,3686896384,3686.896384,201,88,99,3,20250630_204522
1751283896.4975662,14401978,3686906368,3686.906368,204,90,98,3,20250630_204522
1751283896.5075502,14402017,3686916352,3686.916352,207,90,99,3,20250630_204522
1751283896.5175345,14402056,3686926336,3686.926336,210,93,99,3,20250630_204522
1751283896.5275185,14402095,3686936320,3686.93632,213,93,98,3,20250630_204522
1751283896.5375023,14402134,3686946304,3686.946304,216,97,97,3,20250630_204522
1751283896.5474863,14402173,3686956288,3686.956288,218,98,99,3,20250630_204522
1751283896.5574703,14402212,3686966272,3686.966272,221,109,99,3,20250630_204522
1751283896.5677102,14402252,3686976512,3686.976512,223,113,100,3,20250630_204522
1751283896.5776942,14402291,3686986496,3686.986496,226,119,100,3,20250630_204522
1751283896.5876782,14402330,3686996480,3686.99648,228,118,100,3,20250630_204522
1751283896.5976622,14402369,3687006464,3687.006464,230,126,100,3,20250630_204522
1751283896.6076462,14402408,3687016448,3687.016448,232,125,102,3,20250630_204522
1751283896.6176302,14402447,3687026432,3687.026432,235,132,106,3,20250630_204522
1751283896.6276145,14402486,3687036416,3687.036416,237,131,111,3,20250630_204522
1751283896.6375985,14402525,3687046400,3687.0464,240,138,115,3,20250630_204522
1751283896.6475823,14402564,3687056384,3687.056384,243,136,118,3,20250630_204522
1751283896.6575663,14402603,3687066368,3687.066368,246,143,122,3,20250630_204522
1751283896.66755,14402642,3687076352,3687.076352,249,141,124,3,20250630_204522
1751283896.677534,14402681,3687086336,3687.086336,253,147,126,3,20250630_204522
1751283896.687518,14402720,3687096320,3687.09632,1,144,127,3,20250630_204522
1751283896.697502,14402759,3687106304,3687.106304,5,149,127,3,20250630_204522
1751283896.7074862,14402798,3687116288,3687.116288,8,147,127,3,20250630_204522
1751283896.7177262,14402838,3687126528,3687.126528,12,152,127,3,20250630_204522
1751283896.7277102,14402877,3687136512,3687.136512,15,147,127,3,20250630_204522
1751283896.7376945,14402916,3687146496,3687.146496,19,151,124,3,20250630_204522
1751283896.7476785,14402955,3687156480,3687.15648,22,147,121,3,20250630_204522
1751283896.7576623,14402994,3687166464,3687.166464,25,150,120,3,20250630_204522
1751283896.7676463,14403033,3687176448,3687.176448,29,147,121,3,20250630_204522
1751283896.77763,14403072,3687186432,3687.186432,32,150,120,3,20250630_204522
1751283896.787614,14403111,3687196416,3687.196416,35,146,119,3,20250630_204522
1751283896.797598,14403150,3687206400,3687.2064,38,148,114,3,20250630_204522
1751283896.807582,14403189,3687216384,3687.216384,42,144,110,3,20250630_204522
1751283896.8175662,14403228,3687226368,3687.226368,45,147,108,3,20250630_204522
1751283896.8275502,14403267,3687236352,3687.236352,48,143,104,3,20250630_204522
1751283896.8375342,14403306,3687246336,3687.246336,51,146,103,3,20250630_204522
1751283896.8475182,14403345,3687256320,3687.25632,55,143,102,3,20250630_204522
1751283896.8577583,14403385,3687266560,3687.26656,58,145,101,3,20250630_204522
1751283896.8677423,14403424,3687276544,3687.276544,62,135,101,3,20250630_204522
1751283896.8777263,14403463,3687286528,3687.286528,66,125,98,3,20250630_204522
1751283896.88771,14403502,3687296512,3687.296512,70,122,98,3,20250630_204522
1751283896.897694,14403541,3687306496,3687.306496,74,124,99,3,20250630_204522
1751283896.907678,14403580,3687316480,3687.31648,79,122,98,3,20250630_204522
1751283896.917662,14403619,3687326464,3687.326464,83,125,100,3,20250630_204522
1751283896.9276462,14403658,3687336448,3687.336448,88,124,99,3,20250630_204522
1751283896.9376302,14403697,3687346432,3687.346432,93,126,100,3,20250630_204522
1751283896.9476142,14403736,3687356416,3687.356416,98,124,98,3,20250630_204522
1751283896.9575982,14403775,3687366400,3687.3664,104,126,99,3,20250630_204522
1751283896.9675822,14403814,3687376384,3687.376384,109,124,97,3,20250630_204522
1751283896.9775662,14403853,3687386368,3687.386368,115,127,98,3,20250630_204522
1751283896.9875505,14403892,3687396352,3687.396352,121,125,99,3,20250630_204522
1751283896.9975345,14403931,3687406336,3687.406336,127,126,99,3,20250630_204522
1751283897.007774,14403971,3687416576,3687.416576,133,126,100,3,20250630_204522
1751283897.017758,14404010,3687426560,3687.42656,138,127,100,3,20250630_204522
1751283897.027742,14404049,3687436544,3687.436544,144,125,101,3,20250630_204522
1751283897.0377262,14404088,3687446528,3687.446528,149,128,100,3,20250630_204522
1751283897.0477102,14404127,3687456512,3687.456512,155,127,101,3,20250630_204522
1751283897.0576942,14404166,3687466496,3687.466496,160,129,100,3,20250630_204522
1751283897.0676782,14404205,3687476480,3687.47648,165,127,101,3,20250630_204522
1751283897.0776622,14404244,3687486464,3687.486464,170,130,100,3,20250630_204522
1751283897.0876462,14404283,3687496448,3687.496448,175,128,101,3,20250630_204522
1751283897.0976305,14404322,3687506432,3687.506432,179,130,101,3,20250630_204522
1751283897.1076145,14404361,3687516416,3687.516416,183,128,101,3,20250630_204522
1751283897.1175983,14404400,3687526400,3687.5264,187,131,102,3,20250630_204522
1751283897.1275823,14404439,3687536384,3687.536384,191,129,100,3,20250630_204522
1751283897.137566,14404478,3687546368,3687.546368,195,150,100,3,20250630_204522
1751283897.14755,14404517,3687556352,3687.556352,198,155,100,3,20250630_204522
1751283897.1577902,14404557,3687566592,3687.566592,202,160,99,3,20250630_204522
1751283897.1677742,14404596,3687576576,3687.576576,205,156,100,3,20250630_204522
1751283897.1777582,14404635,3687586560,3687.58656,208,160,101,3,20250630_204522
1751283897.1877422,14404674,3687596544,3687.596544,211,157,101,3,20250630_204522
1751283897.1977262,14404713,3687606528,3687.606528,214,160,100,3,20250630_204522
1751283897.2077105,14404752,3687616512,3687.616512,217,157,101,3,20250630_204522
1751283897.2176943,14404791,3687626496,3687.626496,219,161,101,3,20250630_204522
1751283897.2276783,14404830,3687636480,3687.63648,222,158,101,3,20250630_204522
1751283897.2376623,14404869,3687646464,3687.646464,224,166,101,3,20250630_204522
1751283897.247646,14404908,3687656448,3687.656448,227,171,101,3,20250630_204522
1751283897.25763,14404947,3687666432,3687.666432,229,183,101,3,20250630_204522
1751283897.267614,14404986,3687676416,3687.676416,231,180,100,3,20250630_204522
1751283897.277598,14405025,3687686400,3687.6864,233,186,100,3,20250630_204522
1751283897.2875822,14405064,3687696384,3687.696384,235,182,101,3,20250630_204522
1751283897.2978222,14405104,3687706624,3687.706624,237,188,101,3,20250630_204522
1751283897.3078065,14405143,3687716608,3687.716608,240,183,101,3,20250630_204522
1751283897.3177905,14405182,3687726592,3687.726592,241,188,100,3,20250630_204522
1751283897.3277743,14405221,3687736576,3687.736576,243,184,101,3,20250630_204522
1751283897.3377583,14405260,3687746560,3687.74656,245,189,100,3,20250630_204522
1751283897.3477423,14405299,3687756544,3687.756544,247,183,100,3,20250630_204522
1751283897.357726,14405338,3687766528,3687.766528,249,189,100,3,20250630_204522
1751283897.36771,14405377,3687776512,3687.776512,251,185,101,3,20250630_204522
1751283897.377694,14405416,3687786496,3687.786496,253,191,101,3,20250630_204522
1751283897.387678,14405455,3687796480,3687.79648,0,186,101,3,20250630_204522
1751283897.3976622,14405494,3687806464,3687.806464,2,191,100,3,20250630_204522
1751283897.4076462,14405533,3687816448,3687.816448,4,186,101,3,20250630_204522
1751283897.4176302,14405572,3687826432,3687.826432,6,192,101,3,20250630_204522
1751283897.4276142,14405611,3687836416,3687.836416,8,187,100,3,20250630_204522
1751283897.4375982,14405650,3687846400,3687.8464,9,193,99,3,20250630_204522
1751283897.4478383,14405690,3687856640,3687.85664,11,189,101,3,20250630_204522
1751283897.4578223,14405729,3687866624,3687.866624,13,195,100,3,20250630_204522
1751283897.467806,14405768,3687876608,3687.876608,15,190,100,3,20250630_204522
1751283897.47779,14405807,3687886592,3687.886592,17,196,100,3,20250630_204522
1751283897.487774,14405846,3687896576,3687.896576,20,191,100,3,20250630_204522
1751283897.4977582,14405885,3687906560,3687.90656,22,197,100,3,20250630_204522
1751283897.5077422,14405924,3687916544,3687.916544,24,193,101,3,20250630_204522
1751283897.5177262,14405963,3687926528,3687.926528,26,196,100,3,20250630_204522
1751283897.5277102,14406002,3687936512,3687.936512,29,192,102,3,20250630_204522
1751283897.5376942,14406041,3687946496,3687.946496,31,199,101,3,20250630_204522
1751283897.5476782,14406080,3687956480,3687.95648,34,194,99,3,20250630_204522
1751283897.5576622,14406119,3687966464,3687.966464,36,196,100,3,20250630_204522
1751283897.5676465,14406158,3687976448,3687.976448,39,186,100,3,20250630_204522
1751283897.5776303,14406197,3687986432,3687.986432,42,184,100,3,20250630_204522
1751283897.5876143,14406236,3687996416,3687.996416,45,179,100,3,20250630_204522
1751283897.597854,14406276,3688006656,3688.006656,48,185,100,3,20250630_204522
1751283897.6078382,14406315,3688016640,3688.01664,51,180,99,3,20250630_204522
1751283897.6178222,14406354,3688026624,3688.026624,54,187,100,3,20250630_204522
1751283897.6278062,14406393,3688036608,3688.036608,58,187,99,3,20250630_204522
1751283897.6377902,14406432,3688046592,3688.046592,61,189,100,3,20250630_204522
1751283897.6477742,14406471,3688056576,3688.056576,65,185,99,3,20250630_204522
1751283897.6577582,14406510,3688066560,3688.06656,69,187,99,3,20250630_204522
1751283897.6679983,14406550,3688076800,3688.0768,73,188,99,3,20250630_204522
1751283897.677982,14406589,3688086784,3688.086784,78,195,100,3,20250630_204522
1751283897.687966,14406628,3688096768,3688.096768,82,191,99,3,20250630_204522
1751283897.69795,14406667,3688106752,3688.106752,87,195,100,3,20250630_204522
1751283897.707934,14406706,3688116736,3688.116736,92,191,101,3,20250630_204522
1751283897.7179182,14406745,3688126720,3688.12672,97,195,100,3,20250630_204522
1751283897.7279022,14406784,3688136704,3688.136704,103,191,100,3,20250630_204522
1751283897.7378862,14406823,3688146688,3688.146688,108,196,100,3,20250630_204522
1751283897.7478702,14406862,3688156672,3688.156672,114,192,100,3,20250630_204522
1751283897.7578542,14406901,3688166656,3688.166656,119,197,101,3,20250630_204522
1751283897.7678382,14406940,3688176640,3688.17664,125,192,100,3,20250630_204522
1751283897.7778225,14406979,3688186624,3688.186624,131,197,100,3,20250630_204522
1751283897.788062,14407019,3688196864,3688.196864,137,179,100,3,20250630_204522
1751283897.798046,14407058,3688206848,3688.206848,142,178,100,3,20250630_204522
1751283839.9618254,10037869,2569694464,2569.694464,168,50,166,6,20250630_204522
1751283839.9718094,10037908,2569704448,2569.704448,172,49,166,6,20250630_204522
1751283839.9817934,10037947,2569714432,2569.714432,176,46,165,6,20250630_204522
1751283839.9917774,10037986,2569724416,2569.724416,180,49,164,6,20250630_204522
1751283840.0017614,10038025,2569734400,2569.7344,184,49,164,6,20250630_204522
1751283840.0117457,10038064,2569744384,2569.744384,188,55,163,6,20250630_204522
1751283840.0217297,10038103,2569754368,2569.754368,191,56,165,6,20250630_204522
1751283840.0317135,10038142,2569764352,2569.764352,148,63,166,6,20250630_204522
1751283840.0416975,10038181,2569774336,2569.774336,152,61,167,6,20250630_204522
1751283840.051937,10038221,2569784576,2569.784576,156,67,167,6,20250630_204522
1751283840.0619214,10038260,2569794560,2569.79456,160,64,167,6,20250630_204522
1751283840.0719054,10038299,2569804544,2569.804544,163,69,168,6,20250630_204522
1751283840.0818894,10038338,2569814528,2569.814528,167,65,166,6,20250630_204522
1751283840.0918734,10038377,2569824512,2569.824512,171,71,160,6,20250630_204522
1751283840.1018574,10038416,2569834496,2569.834496,175,67,146,6,20250630_204522
1751283840.1118414,10038455,2569844480,2569.84448,179,72,134,6,20250630_204522
1751283840.1218257,10038494,2569854464,2569.854464,182,67,127,6,20250630_204522
1751283840.1318097,10038533,2569864448,2569.864448,186,74,125,6,20250630_204522
1751283840.1417935,10038572,2569874432,2569.874432,190,68,124,6,20250630_204522
1751283840.1517775,10038611,2569884416,2569.884416,194,75,124,6,20250630_204522
1751283840.162017,10038651,2569894656,2569.894656,198,70,125,6,20250630_204522
1751283840.1720014,10038690,2569904640,2569.90464,202,75,127,6,20250630_204522
1751283840.1819854,10038729,2569914624,2569.914624,205,63,127,6,20250630_204522
1751283840.1919694,10038768,2569924608,2569.924608,209,46,129,6,20250630_204522
1751283840.2019534,10038807,2569934592,2569.934592,213,33,131,6,20250630_204522
1751283840.2119374,10038846,2569944576,2569.944576,217,32,134,6,20250630_204522
1751283840.2219214,10038885,2569954560,2569.95456,221,31,136,6,20250630_204522
1751283840.2321613,10038925,2569964800,2569.9648,225,32,139,6,20250630_204522
1751283840.2421453,10038964,2569974784,2569.974784,228,31,143,6,20250630_204522
1751283840.2521293,10039003,2569984768,2569.984768,232,31,144,6,20250630_204522
1751283840.262113,10039042,2569994752,2569.994752,236,31,147,6,20250630_204522
1751283840.272097,10039081,2570004736,2570.004736,240,31,147,6,20250630_204522
1751283840.2820814,10039120,2570014720,2570.01472,244,30,149,6,20250630_204522
1751283840.2923214,10039160,2570024960,2570.02496,248,31,150,6,20250630_204522
1751283840.3023057,10039199,2570034944,2570.034944,251,31,150,6,20250630_204522
1751283840.3122897,10039238,2570044928,2570.044928,0,31,151,6,20250630_204522
1751283840.3222735,10039277,2570054912,2570.054912,4,30,151,6,20250630_204522
1751283840.3322575,10039316,2570064896,2570.064896,8,31,151,6,20250630_204522
1751283840.3422413,10039355,2570074880,2570.07488,12,30,151,6,20250630_204522
1751283840.3524814,10039395,2570085120,2570.08512,16,32,154,6,20250630_204522
1751283840.3624654,10039434,2570095104,2570.095104,19,31,155,6,20250630_204522
1751283840.3724494,10039473,2570105088,2570.105088,23,32,155,6,20250630_204522
1751283840.3824334,10039512,2570115072,2570.115072,27,31,153,6,20250630_204522
1751283840.3924174,10039551,2570125056,2570.125056,31,31,154,6,20250630_204522
1751283840.4024014,10039590,2570135040,2570.13504,35,30,155,6,20250630_204522
1751283840.4123857,10039629,2570145024,2570.145024,39,31,153,6,20250630_204522
1751283840.4223697,10039668,2570155008,2570.155008,42,29,156,6,20250630_204522
1751283840.4323535,10039707,2570164992,2570.164992,46,31,157,6,20250630_204522
1751283840.4423375,10039746,2570174976,2570.174976,50,30,157,6,20250630_204522
1751283840.4523213,10039785,2570184960,2570.18496,54,31,157,6,20250630_204522
1751283840.4625614,10039825,2570195200,2570.1952,58,30,156,6,20250630_204522
1751283840.4725454,10039864,2570205184,2570.205184,61,31,155,6,20250630_204522
1751283840.4825294,10039903,2570215168,2570.215168,65,30,153,6,20250630_204522
1751283840.4925134,10039942,2570225152,2570.225152,69,31,153,6,20250630_204522
1751283840.5024974,10039981,2570235136,2570.235136,73,30,150,6,20250630_204522
1751283840.5124817,10040020,2570245120,2570.24512,77,31,151,6,20250630_204522
1751283840.5224657,10040059,2570255104,2570.255104,81,30,152,6,20250630_204522
1751283840.5324495,10040098,2570265088,2570.265088,84,31,153,6,20250630_204522
1751283840.5424335,10040137,2570275072,2570.275072,88,29,152,6,20250630_204522
1751283840.5524175,10040176,2570285056,2570.285056,92,31,154,6,20250630_204522
1751283840.5624013,10040215,2570295040,2570.29504,96,28,154,6,20250630_204522
1751283840.5723853,10040254,2570305024,2570.305024,100,29,154,6,20250630_204522
1751283840.582369,10040293,2570315008,2570.315008,104,28,154,6,20250630_204522
1751283840.592353,10040332,2570324992,2570.324992,107,29,153,6,20250630_204522
1751283840.6023374,10040371,2570334976,2570.334976,111,27,153,6,20250630_204522
1751283840.6125774,10040411,2570345216,2570.345216,115,28,153,6,20250630_204522
1751283840.6225617,10040450,2570355200,2570.3552,119,27,152,6,20250630_204522
1751283840.6325457,10040489,2570365184,2570.365184,123,28,152,6,20250630_204522
1751283840.6425295,10040528,2570375168,2570.375168,126,26,151,6,20250630_204522
1751283840.6525135,10040567,2570385152,2570.385152,130,27,151,6,20250630_204522
1751283840.6624975,10040606,2570395136,2570.395136,134,26,152,6,20250630_204522
1751283840.6724813,10040645,2570405120,2570.40512,138,27,152,6,20250630_204522
1751283840.6824653,10040684,2570415104,2570.415104,142,26,152,6,20250630_204522
1751283840.692449,10040723,2570425088,2570.425088,146,26,152,6,20250630_204522
1751283840.702433,10040762,2570435072,2570.435072,149,25,152,6,20250630_204522
1751283840.7124174,10040801,2570445056,2570.445056,153,26,153,6,20250630_204522
1751283840.7224014,10040840,2570455040,2570.45504,157,24,152,6,20250630_204522
1751283840.7323854,10040879,2570465024,2570.465024,161,25,152,6,20250630_204522
1751283840.7423694,10040918,2570475008,2570.475008,165,25,154,6,20250630_204522
1751283840.7526095,10040958,2570485248,2570.485248,169,24,153,6,20250630_204522
1751283840.7625935,10040997,2570495232,2570.495232,172,24,152,6,20250630_204522
1751283840.7725773,10041036,2570505216,2570.505216,176,25,152,6,20250630_204522
1751283840.7825613,10041075,2570515200,2570.5152,180,23,152,6,20250630_204522
1751283840.7925453,10041114,2570525184,2570.525184,184,23,154,6,20250630_204522
1751283840.802529,10041153,2570535168,2570.535168,188,22,155,6,20250630_204522
1751283840.8125134,10041192,2570545152,2570.545152,191,24,157,6,20250630_204522
1751283840.8224974,10041231,2570555136,2570.555136,195,26,158,6,20250630_204522
1751283840.8324814,10041270,2570565120,2570.56512,199,24,160,6,20250630_204522
1751283840.8424654,10041309,2570575104,2570.575104,203,24,162,6,20250630_204522
1751283840.8524494,10041348,2570585088,2570.585088,207,23,163,6,20250630_204522
1751283840.8624334,10041387,2570595072,2570.595072,211,25,163,6,20250630_204522
1751283840.8724174,10041426,2570605056,2570.605056,214,26,164,6,20250630_204522
1751283840.8824017,10041465,2570615040,2570.61504,218,26,165,6,20250630_204522
1751283840.8923855,10041504,2570625024,2570.625024,222,26,166,6,20250630_204522
1751283840.902625,10041544,2570635264,2570.635264,226,25,166,6,20250630_204522
1751283840.912609,10041583,2570645248,2570.645248,230,25,166,6,20250630_204522
1751283840.9225934,10041622,2570655232,2570.655232,234,25,166,6,20250630_204522
1751283840.9325774,10041661,2570665216,2570.665216,237,25,166,6,20250630_204522
1751283840.9425614,10041700,2570675200,2570.6752,241,25,166,6,20250630_204522
1751283840.9525454,10041739,2570685184,2570.685184,245,26,166,6,20250630_204522
1751283840.9625294,10041778,2570695168,2570.695168,249,26,168,6,20250630_204522
1751283840.9725134,10041817,2570705152,2570.705152,253,27,166,6,20250630_204522
1751283840.9824977,10041856,2570715136,2570.715136,1,25,168,6,20250630_204522
1751283840.9924817,10041895,2570725120,2570.72512,5,26,166,6,20250630_204522
1751283841.0024655,10041934,2570735104,2570.735104,9,26,165,6,20250630_204522
1751283841.0124495,10041973,2570745088,2570.745088,13,26,167,6,20250630_204522
1751283841.0224335,10042012,2570755072,2570.755072,17,25,167,6,20250630_204522
1751283841.0324173,10042051,2570765056,2570.765056,21,26,167,6,20250630_204522
1751283841.0424013,10042090,2570775040,2570.77504,24,26,167,6,20250630_204522
1751283841.0526414,10042130,2570785280,2570.78528,28,27,167,6,20250630_204522
1751283841.0626254,10042169,2570795264,2570.795264,32,33,167,6,20250630_204522
1751283841.0726094,10042208,2570805248,2570.805248,36,28,167,6,20250630_204522
1751283841.0825934,10042247,2570815232,2570.815232,40,25,167,6,20250630_204522
1751283841.0925777,10042286,2570825216,2570.825216,44,27,167,6,20250630_204522
1751283841.1025617,10042325,2570835200,2570.8352,47,30,166,6,20250630_204522
1751283841.1125455,10042364,2570845184,2570.845184,51,27,165,6,20250630_204522
1751283841.1225295,10042403,2570855168,2570.855168,55,29,163,6,20250630_204522
1751283841.1325133,10042442,2570865152,2570.865152,59,27,163,6,20250630_204522
1751283841.1424973,10042481,2570875136,2570.875136,63,26,159,6,20250630_204522
1751283841.1524813,10042520,2570885120,2570.88512,66,25,155,6,20250630_204522
1751283841.162465,10042559,2570895104,2570.895104,70,25,149,6,20250630_204522
1751283841.1724494,10042598,2570905088,2570.905088,74,48,143,6,20250630_204522
1751283841.1824334,10042637,2570915072,2570.915072,78,27,137,6,20250630_204522
1751283841.1926734,10042677,2570925312,2570.925312,82,31,133,6,20250630_204522
1751283841.2026577,10042716,2570935296,2570.935296,86,46,129,6,20250630_204522
1751283841.2126417,10042755,2570945280,2570.94528,89,30,127,6,20250630_204522
1751283841.2226255,10042794,2570955264,2570.955264,93,31,126,6,20250630_204522
1751283841.2326095,10042833,2570965248,2570.965248,97,32,122,6,20250630_204522
1751283841.2425933,10042872,2570975232,2570.975232,101,31,120,6,20250630_204522
1751283841.2525773,10042911,2570985216,2570.985216,105,43,119,6,20250630_204522
1751283841.262561,10042950,2570995200,2570.9952,109,29,120,6,20250630_204522
1751283841.272545,10042989,2571005184,2571.005184,112,28,117,6,20250630_204522
1751283841.2825294,10043028,2571015168,2571.015168,116,27,119,6,20250630_204522
1751283841.2925134,10043067,2571025152,2571.025152,120,34,119,6,20250630_204522
1751283841.3024974,10043106,2571035136,2571.035136,124,35,121,6,20250630_204522
1751283841.3124814,10043145,2571045120,2571.04512,128,34,120,6,20250630_204522
1751283841.3224654,10043184,2571055104,2571.055104,131,25,121,6,20250630_204522
1751283841.3324494,10043223,2571065088,2571.065088,135,25,121,6,20250630_204522
1751283841.3426895,10043263,2571075328,2571.075328,139,27,121,6,20250630_204522
1751283841.3526733,10043302,2571085312,2571.085312,143,26,122,6,20250630_204522
1751283841.3626573,10043341,2571095296,2571.095296,147,25,123,6,20250630_204522
1751283841.372641,10043380,2571105280,2571.10528,151,24,123,6,20250630_204522
1751283841.382625,10043419,2571115264,2571.115264,154,24,126,6,20250630_204522
1751283841.3926094,10043458,2571125248,2571.125248,158,24,126,6,20250630_204522
1751283841.4025934,10043497,2571135232,2571.135232,162,23,127,6,20250630_204522
1751283841.4125774,10043536,2571145216,2571.145216,166,24,127,6,20250630_204522
1751283841.4225614,10043575,2571155200,2571.1552,170,23,130,6,20250630_204522
1751283841.4325454,10043614,2571165184,2571.165184,174,23,134,6,20250630_204522
1751283841.4425294,10043653,2571175168,2571.175168,177,23,139,6,20250630_204522
1751283841.4525137,10043692,2571185152,2571.185152,181,24,144,6,20250630_204522
1751283841.4624977,10043731,2571195136,2571.195136,185,23,152,6,20250630_204522
1751283841.4724815,10043770,2571205120,2571.20512,189,23,153,6,20250630_204522
1751283841.482721,10043810,2571215360,2571.21536,193,23,157,6,20250630_204522
1751283841.492705,10043849,2571225344,2571.225344,196,24,160,6,20250630_204522
1751283841.5026894,10043888,2571235328,2571.235328,200,23,162,6,20250630_204522
1751283841.5126734,10043927,2571245312,2571.245312,204,23,165,6,20250630_204522
1751283841.5226574,10043966,2571255296,2571.255296,208,23,166,6,20250630_204522
1751283841.5326414,10044005,2571265280,2571.26528,212,24,165,6,20250630_204522
1751283841.5426254,10044044,2571275264,2571.275264,216,23,168,6,20250630_204522
1751283841.5526094,10044083,2571285248,2571.285248,219,24,169,6,20250630_204522
1751283841.5625937,10044122,2571295232,2571.295232,223,24,167,6,20250630_204522
1751283841.5725777,10044161,2571305216,2571.305216,227,25,168,6,20250630_204522
1751283841.5825615,10044200,2571315200,2571.3152,231,24,167,6,20250630_204522
1751283841.5925455,10044239,2571325184,2571.325184,235,26,168,6,20250630_204522
1751283841.6025293,10044278,2571335168,2571.335168,239,27,168,6,20250630_204522
1751283841.6125133,10044317,2571345152,2571.345152,242,27,168,6,20250630_204522
1751283841.6227534,10044357,2571355392,2571.355392,246,27,167,6,20250630_204522
1751283841.6327374,10044396,2571365376,2571.365376,250,27,167,6,20250630_204522
1751283841.6427214,10044435,2571375360,2571.37536,254,26,168,6,20250630_204522
1751283841.6527054,10044474,2571385344,2571.385344,3,28,168,6,20250630_204522
1751283841.6626894,10044513,2571395328,2571.395328,7,28,168,6,20250630_204522
1751283841.6726737,10044552,2571405312,2571.405312,10,27,168,6,20250630_204522
1751283841.6826577,10044591,2571415296,2571.415296,14,25,168,6,20250630_204522
1751283841.6926415,10044630,2571425280,2571.42528,18,26,168,6,20250630_204522
1751283841.7026255,10044669,2571435264,2571.435264,22,26,167,6,20250630_204522
1751283841.7126093,10044708,2571445248,2571.445248,26,26,168,6,20250630_204522
1751283841.7225933,10044747,2571455232,2571.455232,29,25,168,6,20250630_204522
1751283841.732577,10044786,2571465216,2571.465216,33,26,168,6,20250630_204522
1751283841.742561,10044825,2571475200,2571.4752,37,26,168,6,20250630_204522
1751283841.7525454,10044864,2571485184,2571.485184,41,26,168,6,20250630_204522
1751283841.7627854,10044904,2571495424,2571.495424,45,25,169,6,20250630_204522
1751283841.7727697,10044943,2571505408,2571.505408,49,25,167,6,20250630_204522
1751283841.7827537,10044982,2571515392,2571.515392,52,25,167,6,20250630_204522
1751283841.7927375,10045021,2571525376,2571.525376,56,26,167,6,20250630_204522
1751283841.8027215,10045060,2571535360,2571.53536,60,25,166,6,20250630_204522
1751283841.8127055,10045099,2571545344,2571.545344,64,26,165,6,20250630_204522
1751283841.8226893,10045138,2571555328,2571.555328,68,25,161,6,20250630_204522
1751283841.8326733,10045177,2571565312,2571.565312,72,25,155,6,20250630_204522
1751283841.842657,10045216,2571575296,2571.575296,75,25,152,6,20250630_204522
1751283841.852641,10045255,2571585280,2571.58528,79,25,148,6,20250630_204522
1751283841.8626254,10045294,2571595264,2571.595264,83,25,144,6,20250630_204522
1751283841.8726094,10045333,2571605248,2571.605248,87,24,139,6,20250630_204522
1751283841.8825934,10045372,2571615232,2571.615232,91,23,135,6,20250630_204522
1751283841.8925774,10045411,2571625216,2571.625216,94,24,129,6,20250630_204522
1751283841.9025614,10045450,2571635200,2571.6352,98,24,127,6,20250630_204522
1751283841.9128015,10045490,2571645440,2571.64544,102,24,126,6,20250630_204522
1751283841.9227855,10045529,2571655424,2571.655424,106,24,125,6,20250630_204522
1751283841.9327693,10045568,2571665408,2571.665408,110,25,123,6,20250630_204522
1751283841.9427533,10045607,2571675392,2571.675392,114,24,123,6,20250630_204522
1751283841.952737,10045646,2571685376,2571.685376,117,25,120,6,20250630_204522
1751283841.962721,10045685,2571695360,2571.69536,121,25,120,6,20250630_204522
1751283841.9727054,10045724,2571705344,2571.705344,125,25,120,6,20250630_204522
1751283841.9826894,10045763,2571715328,2571.715328,129,25,120,6,20250630_204522
1751283841.9926734,10045802,2571725312,2571.725312,133,26,121,6,20250630_204522
1751283842.0026574,10045841,2571735296,2571.735296,137,25,122,6,20250630_204522
1751283842.0126414,10045880,2571745280,2571.74528,140,25,123,6,20250630_204522
1751283842.0226254,10045919,2571755264,2571.755264,144,25,124,6,20250630_204522
1751283842.0326097,10045958,2571765248,2571.765248,148,25,124,6,20250630_204522
1751283842.0425937,10045997,2571775232,2571.775232,152,25,126,6,20250630_204522
1751283842.0525775,10046036,2571785216,2571.785216,156,25,127,6,20250630_204522
1751283842.062817,10046076,2571795456,2571.795456,159,25,127,6,20250630_204522
1751283842.0728014,10046115,2571805440,2571.80544,163,25,129,6,20250630_204522
1751283842.0827854,10046154,2571815424,2571.815424,167,26,132,6,20250630_204522
1751283842.0927694,10046193,2571825408,2571.825408,171,26,136,6,20250630_204522
1751283842.1027534,10046232,2571835392,2571.835392,175,26,140,6,20250630_204522
1751283842.1127374,10046271,2571845376,2571.845376,179,26,145,6,20250630_204522
1751283842.1227214,10046310,2571855360,2571.85536,182,25,148,6,20250630_204522
1751283842.1327057,10046349,2571865344,2571.865344,186,25,154,6,20250630_204522
1751283842.1426897,10046388,2571875328,2571.875328,190,25,159,6,20250630_204522
1751283842.1526735,10046427,2571885312,2571.885312,194,25,159,6,20250630_204522
1751283842.1626575,10046466,2571895296,2571.895296,198,25,161,6,20250630_204522
1751283842.1726415,10046505,2571905280,2571.90528,202,26,164,6,20250630_204522
1751283842.1826253,10046544,2571915264,2571.915264,205,26,165,6,20250630_204522
1751283842.1926093,10046583,2571925248,2571.925248,209,26,166,6,20250630_204522
1751283842.2028494,10046623,2571935488,2571.935488,213,26,166,6,20250630_204522
1751283842.2128334,10046662,2571945472,2571.945472,217,27,166,6,20250630_204522
1751283842.2228174,10046701,2571955456,2571.955456,221,27,167,6,20250630_204522
1751283842.2328014,10046740,2571965440,2571.96544,224,27,167,6,20250630_204522
1751283842.2427857,10046779,2571975424,2571.975424,228,26,167,6,20250630_204522
1751283842.2527697,10046818,2571985408,2571.985408,232,26,166,6,20250630_204522
1751283842.2627535,10046857,2571995392,2571.995392,236,26,167,6,20250630_204522
1751283842.2727375,10046896,2572005376,2572.005376,240,26,166,6,20250630_204522
1751283842.2827215,10046935,2572015360,2572.01536,244,27,167,6,20250630_204522
1751283842.2927053,10046974,2572025344,2572.025344,247,27,166,6,20250630_204522
1751283842.3026893,10047013,2572035328,2572.035328,251,26,167,6,20250630_204522
1751283842.312673,10047052,2572045312,2572.045312,0,27,167,6,20250630_204522
1751283842.322657,10047091,2572055296,2572.055296,4,27,167,6,20250630_204522
1751283842.3326414,10047130,2572065280,2572.06528,8,28,167,6,20250630_204522
1751283842.3428814,10047170,2572075520,2572.07552,12,27,168,6,20250630_204522
1751283842.3528657,10047209,2572085504,2572.085504,15,27,167,6,20250630_204522
1751283842.3628497,10047248,2572095488,2572.095488,19,27,167,6,20250630_204522
1751283842.3728335,10047287,2572105472,2572.105472,23,27,168,6,20250630_204522
1751283842.3828175,10047326,2572115456,2572.115456,27,27,167,6,20250630_204522
1751283842.3928013,10047365,2572125440,2572.12544,31,26,167,6,20250630_204522
1751283842.4027853,10047404,2572135424,2572.135424,34,26,168,6,20250630_204522
1751283842.4127693,10047443,2572145408,2572.145408,38,26,168,6,20250630_204522
1751283842.422753,10047482,2572155392,2572.155392,42,26,167,6,20250630_204522
1751283842.4327374,10047521,2572165376,2572.165376,46,26,167,6,20250630_204522
1751283842.4427214,10047560,2572175360,2572.17536,50,27,167,6,20250630_204522
1751283842.4527054,10047599,2572185344,2572.185344,54,27,166,6,20250630_204522
1751283842.4626894,10047638,2572195328,2572.195328,57,27,166,6,20250630_204522
1751283842.4726734,10047677,2572205312,2572.205312,61,28,166,6,20250630_204522
1751283842.4829135,10047717,2572215552,2572.215552,65,27,162,6,20250630_204522
1751283842.4928975,10047756,2572225536,2572.225536,69,28,160,6,20250630_204522
1751283842.5028813,10047795,2572235520,2572.23552,73,27,156,6,20250630_204522
1751283842.5128653,10047834,2572245504,2572.245504,77,27,152,6,20250630_204522
1751283842.522849,10047873,2572255488,2572.255488,80,27,148,6,20250630_204522
1751283842.532833,10047912,2572265472,2572.265472,84,27,145,6,20250630_204522
1751283842.5428174,10047951,2572275456,2572.275456,88,27,139,6,20250630_204522
1751283842.5528014,10047990,2572285440,2572.28544,92,27,136,6,20250630_204522
1751283842.5627854,10048029,2572295424,2572.295424,96,26,133,6,20250630_204522
1751283842.5727694,10048068,2572305408,2572.305408,99,27,131,6,20250630_204522
1751283842.5827534,10048107,2572315392,2572.315392,103,27,128,6,20250630_204522
1751283842.5927374,10048146,2572325376,2572.325376,107,26,127,6,20250630_204522
1751283842.6027217,10048185,2572335360,2572.33536,111,25,127,6,20250630_204522
1751283842.6127057,10048224,2572345344,2572.345344,115,26,126,6,20250630_204522
1751283842.6226895,10048263,2572355328,2572.355328,119,25,127,6,20250630_204522
1751283842.632929,10048303,2572365568,2572.365568,122,26,122,6,20250630_204522
1751283842.642913,10048342,2572375552,2572.375552,126,25,123,6,20250630_204522
1751283842.6528974,10048381,2572385536,2572.385536,130,25,123,6,20250630_204522
1751283842.6628814,10048420,2572395520,2572.39552,134,25,122,6,20250630_204522
1751283842.6728654,10048459,2572405504,2572.405504,138,26,122,6,20250630_204522
1751283842.6828494,10048498,2572415488,2572.415488,142,26,123,6,20250630_204522
1751283842.6928334,10048537,2572425472,2572.425472,145,26,124,6,20250630_204522
1751283842.7028174,10048576,2572435456,2572.435456,149,26,124,6,20250630_204522
1751283842.7128017,10048615,2572445440,2572.44544,153,26,124,6,20250630_204522
1751283842.7227857,10048654,2572455424,2572.455424,157,26,127,6,20250630_204522
1751283842.7327695,10048693,2572465408,2572.465408,161,26,127,6,20250630_204522
1751283842.7427535,10048732,2572475392,2572.475392,164,26,128,6,20250630_204522
1751283842.7527373,10048771,2572485376,2572.485376,168,26,130,6,20250630_204522
1751283842.7627213,10048810,2572495360,2572.49536,172,26,134,6,20250630_204522
1751283842.7729614,10048850,2572505600,2572.5056,176,27,138,6,20250630_204522
1751283842.7829454,10048889,2572515584,2572.515584,180,26,140,6,20250630_204522
1751283842.7929294,10048928,2572525568,2572.525568,184,27,147,6,20250630_204522
1751283842.8029134,10048967,2572535552,2572.535552,187,26,152,6,20250630_204522
1751283842.8128974,10049006,2572545536,2572.545536,191,28,157,6,20250630_204522
1751283842.8228817,10049045,2572555520,2572.55552,195,28,158,6,20250630_204522
1751283842.8328657,10049084,2572565504,2572.565504,199,28,161,6,20250630_204522
1751283842.8428495,10049123,2572575488,2572.575488,203,26,162,6,20250630_204522
1751283842.8528335,10049162,2572585472,2572.585472,207,26,165,6,20250630_204522
1751283842.8628173,10049201,2572595456,2572.595456,210,28,166,6,20250630_204522
1751283842.8728013,10049240,2572605440,2572.60544,214,27,166,6,20250630_204522
1751283842.882785,10049279,2572615424,2572.615424,218,27,165,6,20250630_204522
1751283842.8930254,10049319,2572625664,2572.625664,222,28,166,6,20250630_204522
1751283842.9030094,10049358,2572635648,2572.635648,226,28,166,6,20250630_204522
1751283842.9129934,10049397,2572645632,2572.645632,229,28,167,6,20250630_204522
1751283842.9229774,10049436,2572655616,2572.655616,233,27,167,6,20250630_204522
1751283842.9329617,10049475,2572665600,2572.6656,237,28,167,6,20250630_204522
1751283842.9429457,10049514,2572675584,2572.675584,241,28,166,6,20250630_204522
1751283842.9529295,10049553,2572685568,2572.685568,245,29,167,6,20250630_204522
1751283842.9629135,10049592,2572695552,2572.695552,249,29,167,6,20250630_204522
1751283842.9728973,10049631,2572705536,2572.705536,252,29,168,6,20250630_204522
1751283842.9828813,10049670,2572715520,2572.71552,1,29,167,6,20250630_204522
1751283842.992865,10049709,2572725504,2572.725504,5,29,167,6,20250630_204522
1751283843.002849,10049748,2572735488,2572.735488,9,29,167,6,20250630_204522
1751283843.0128334,10049787,2572745472,2572.745472,13,30,168,6,20250630_204522
1751283843.0228174,10049826,2572755456,2572.755456,17,29,168,6,20250630_204522
1751283843.0330577,10049866,2572765696,2572.765696,20,29,168,6,20250630_204522
1751283843.0430417,10049905,2572775680,2572.77568,24,28,168,6,20250630_204522
1751283843.0530255,10049944,2572785664,2572.785664,28,29,167,6,20250630_204522
1751283843.0630095,10049983,2572795648,2572.795648,32,28,168,6,20250630_204522
1751283843.0729935,10050022,2572805632,2572.805632,36,28,167,6,20250630_204522
1751283843.0829773,10050061,2572815616,2572.815616,39,28,168,6,20250630_204522
1751283843.0929613,10050100,2572825600,2572.8256,43,28,168,6,20250630_204522
1751283843.102945,10050139,2572835584,2572.835584,47,27,167,6,20250630_204522
1751283843.112929,10050178,2572845568,2572.845568,51,28,167,6,20250630_204522
1751283843.1229134,10050217,2572855552,2572.855552,55,28,167,6,20250630_204522
1751283843.1328974,10050256,2572865536,2572.865536,59,28,167,6,20250630_204522
1751283843.1428814,10050295,2572875520,2572.87552,62,27,165,6,20250630_204522
1751283843.1528654,10050334,2572885504,2572.885504,66,28,164,6,20250630_204522
1751283843.1628494,10050373,2572895488,2572.895488,70,27,162,6,20250630_204522
1751283843.1730895,10050413,2572905728,2572.905728,74,27,158,6,20250630_204522
1751283843.1830735,10050452,2572915712,2572.915712,78,27,154,6,20250630_204522
1751283843.1930573,10050491,2572925696,2572.925696,82,28,150,6,20250630_204522
1751283843.2030413,10050530,2572935680,2572.93568,85,28,147,6,20250630_204522
1751283843.213025,10050569,2572945664,2572.945664,89,27,141,6,20250630_204522
1751283843.223009,10050608,2572955648,2572.955648,93,27,138,6,20250630_204522
1751283843.2329934,10050647,2572965632,2572.965632,97,27,133,6,20250630_204522
1751283843.2429774,10050686,2572975616,2572.975616,101,27,130,6,20250630_204522
1751283843.2529614,10050725,2572985600,2572.9856,104,27,128,6,20250630_204522
1751283843.2629454,10050764,2572995584,2572.995584,108,26,127,6,20250630_204522
1751283843.2729294,10050803,2573005568,2573.005568,112,26,126,6,20250630_204522
1751283843.2829134,10050842,2573015552,2573.015552,116,26,124,6,20250630_204522
1751283843.2928977,10050881,2573025536,2573.025536,120,26,123,6,20250630_204522
1751283843.3028817,10050920,2573035520,2573.03552,124,25,123,6,20250630_204522
1751283843.3131213,10050960,2573045760,2573.04576,127,26,123,6,20250630_204522
1751283843.323105,10050999,2573055744,2573.055744,131,26,124,6,20250630_204522
1751283843.3330894,10051038,2573065728,2573.065728,135,26,124,6,20250630_204522
1751283843.3430734,10051077,2573075712,2573.075712,139,26,123,6,20250630_204522
1751283843.3530574,10051116,2573085696,2573.085696,143,26,125,6,20250630_204522
1751283843.3630414,10051155,2573095680,2573.09568,147,26,126,6,20250630_204522
1751283843.3730254,10051194,2573105664,2573.105664,150,26,127,6,20250630_204522
1751283843.3830094,10051233,2573115648,2573.115648,154,26,127,6,20250630_204522
1751283843.3929937,10051272,2573125632,2573.125632,158,26,128,6,20250630_204522
1751283843.4029777,10051311,2573135616,2573.135616,162,26,130,6,20250630_204522
1751283843.4129615,10051350,2573145600,2573.1456,166,26,131,6,20250630_204522
1751283843.4229455,10051389,2573155584,2573.155584,170,28,134,6,20250630_204522
1751283843.4329295,10051428,2573165568,2573.165568,173,26,137,6,20250630_204522
1751283843.4429133,10051467,2573175552,2573.175552,177,26,142,6,20250630_204522
1751283843.4531534,10051507,2573185792,2573.185792,181,26,147,6,20250630_204522
1751283843.4631374,10051546,2573195776,2573.195776,185,26,151,6,20250630_204522
1751283843.4731214,10051585,2573205760,2573.20576,189,26,156,6,20250630_204522
1751283843.4831054,10051624,2573215744,2573.215744,192,26,159,6,20250630_204522
1751283843.4930894,10051663,2573225728,2573.225728,196,27,162,6,20250630_204522
1751283843.5030737,10051702,2573235712,2573.235712,200,27,163,6,20250630_204522
1751283843.5130577,10051741,2573245696,2573.245696,204,27,165,6,20250630_204522
1751283843.5230415,10051780,2573255680,2573.25568,208,27,166,6,20250630_204522
1751283843.5330255,10051819,2573265664,2573.265664,212,27,166,6,20250630_204522
1751283843.5430095,10051858,2573275648,2573.275648,215,27,166,6,20250630_204522
1751283843.5529933,10051897,2573285632,2573.285632,219,29,167,6,20250630_204522
1751283843.5629773,10051936,2573295616,2573.295616,223,28,166,6,20250630_204522
1751283843.572961,10051975,2573305600,2573.3056,227,28,167,6,20250630_204522
1751283843.582945,10052014,2573315584,2573.315584,231,28,167,6,20250630_204522
1751283843.5929294,10052053,2573325568,2573.325568,235,29,166,6,20250630_204522
1751283843.6031694,10052093,2573335808,2573.335808,238,29,167,6,20250630_204522
1751283843.6131537,10052132,2573345792,2573.345792,242,30,168,6,20250630_204522
1751283843.6231377,10052171,2573355776,2573.355776,246,30,168,6,20250630_204522
1751283843.6331215,10052210,2573365760,2573.36576,250,31,168,6,20250630_204522
1751283843.6431055,10052249,2573375744,2573.375744,254,29,167,6,20250630_204522
1751283843.6530893,10052288,2573385728,2573.385728,2,31,168,6,20250630_204522
1751283843.6630733,10052327,2573395712,2573.395712,6,30,168,6,20250630_204522
1751283843.6730573,10052366,2573405696,2573.405696,10,30,166,6,20250630_204522
1751283843.683041,10052405,2573415680,2573.41568,14,30,168,6,20250630_204522
1751283843.6930254,10052444,2573425664,2573.425664,18,30,167,6,20250630_204522
1751283843.7030094,10052483,2573435648,2573.435648,22,29,168,6,20250630_204522
1751283843.7129934,10052522,2573445632,2573.445632,25,30,168,6,20250630_204522
1751283843.7229774,10052561,2573455616,2573.455616,29,30,168,6,20250630_204522
1751283843.7329614,10052600,2573465600,2573.4656,33,31,168,6,20250630_204522
1751283843.7432015,10052640,2573475840,2573.47584,37,31,168,6,20250630_204522
1751283843.7531855,10052679,2573485824,2573.485824,41,31,168,6,20250630_204522
1751283843.7631693,10052718,2573495808,2573.495808,45,31,168,6,20250630_204522
1751283843.7731533,10052757,2573505792,2573.505792,48,30,167,6,20250630_204522
1751283843.783137,10052796,2573515776,2573.515776,52,30,167,6,20250630_204522
1751283843.793121,10052835,2573525760,2573.52576,56,30,167,6,20250630_204522
1751283843.8031054,10052874,2573535744,2573.535744,60,29,166,6,20250630_204522
1751283843.8130894,10052913,2573545728,2573.545728,64,29,165,6,20250630_204522
1751283843.8230734,10052952,2573555712,2573.555712,67,29,164,6,20250630_204522
1751283843.8330574,10052991,2573565696,2573.565696,71,29,163,6,20250630_204522
1751283843.8430414,10053030,2573575680,2573.57568,75,30,159,6,20250630_204522
1751283843.8530254,10053069,2573585664,2573.585664,79,29,156,6,20250630_204522
1751283843.8630097,10053108,2573595648,2573.595648,83,29,152,6,20250630_204522
1751283843.8729937,10053147,2573605632,2573.605632,87,28,147,6,20250630_204522
1751283843.8829775,10053186,2573615616,2573.615616,90,28,145,6,20250630_204522
1751283843.893217,10053226,2573625856,2573.625856,94,29,141,6,20250630_204522
1751283843.903201,10053265,2573635840,2573.63584,98,28,139,6,20250630_204522
1751283843.9131854,10053304,2573645824,2573.645824,102,28,136,6,20250630_204522
1751283843.9231694,10053343,2573655808,2573.655808,106,28,136,6,20250630_204522
1751283843.9331534,10053382,2573665792,2573.665792,110,29,135,6,20250630_204522
1751283843.9431374,10053421,2573675776,2573.675776,113,29,134,6,20250630_204522
1751283843.9531214,10053460,2573685760,2573.68576,117,28,134,6,20250630_204522
1751283843.9631054,10053499,2573695744,2573.695744,121,28,134,6,20250630_204522
1751283843.9730897,10053538,2573705728,2573.705728,125,28,135,6,20250630_204522
1751283843.9830737,10053577,2573715712,2573.715712,129,28,136,6,20250630_204522
1751283843.9930575,10053616,2573725696,2573.725696,132,28,138,6,20250630_204522
1751283844.0030415,10053655,2573735680,2573.73568,136,29,138,6,20250630_204522
1751283844.0130253,10053694,2573745664,2573.745664,140,28,139,6,20250630_204522
1751283844.0230093,10053733,2573755648,2573.755648,144,28,142,6,20250630_204522
1751283844.0332494,10053773,2573765888,2573.765888,148,29,146,6,20250630_204522
1751283844.0432334,10053812,2573775872,2573.775872,152,29,148,6,20250630_204522
1751283844.0532174,10053851,2573785856,2573.785856,155,29,152,6,20250630_204522
1751283844.0632014,10053890,2573795840,2573.79584,159,29,157,6,20250630_204522
1751283844.0731854,10053929,2573805824,2573.805824,163,29,159,6,20250630_204522
1751283844.0831697,10053968,2573815808,2573.815808,167,29,162,6,20250630_204522
1751283844.0931537,10054007,2573825792,2573.825792,171,29,163,6,20250630_204522
1751283844.1031375,10054046,2573835776,2573.835776,175,30,163,6,20250630_204522
1751283844.1131215,10054085,2573845760,2573.84576,178,31,165,6,20250630_204522
1751283844.1231053,10054124,2573855744,2573.855744,182,31,165,6,20250630_204522
1751283844.1330893,10054163,2573865728,2573.865728,186,32,165,6,20250630_204522
1751283844.143073,10054202,2573875712,2573.875712,190,32,168,6,20250630_204522
1751283844.153057,10054241,2573885696,2573.885696,194,31,167,6,20250630_204522
1751283844.1630414,10054280,2573895680,2573.89568,197,30,167,6,20250630_204522
1751283844.1730254,10054319,2573905664,2573.905664,201,30,167,6,20250630_204522
1751283844.1832654,10054359,2573915904,2573.915904,205,31,168,6,20250630_204522
1751283844.1932497,10054398,2573925888,2573.925888,209,32,168,6,20250630_204522
1751283844.2032337,10054437,2573935872,2573.935872,213,31,167,6,20250630_204522
1751283844.2132175,10054476,2573945856,2573.945856,217,30,167,6,20250630_204522
1751283844.2232015,10054515,2573955840,2573.95584,220,30,168,6,20250630_204522
1751283844.2331853,10054554,2573965824,2573.965824,224,30,168,6,20250630_204522
1751283844.2431693,10054593,2573975808,2573.975808,228,31,168,6,20250630_204522
1751283844.253153,10054632,2573985792,2573.985792,232,31,168,6,20250630_204522
1751283844.263137,10054671,2573995776,2573.995776,236,30,167,6,20250630_204522
1751283844.2731214,10054710,2574005760,2574.00576,240,31,168,6,20250630_204522
1751283844.2831054,10054749,2574015744,2574.015744,243,30,168,6,20250630_204522
1751283844.2930894,10054788,2574025728,2574.025728,247,31,168,6,20250630_204522
1751283844.3030734,10054827,2574035712,2574.035712,251,31,168,6,20250630_204522
1751283844.3130574,10054866,2574045696,2574.045696,0,31,168,6,20250630_204522
1751283844.3232975,10054906,2574055936,2574.055936,4,31,167,6,20250630_204522
1751283844.3332815,10054945,2574065920,2574.06592,7,31,168,6,20250630_204522
1751283844.3432653,10054984,2574075904,2574.075904,11,33,168,6,20250630_204522
1751283844.3532493,10055023,2574085888,2574.085888,15,35,168,6,20250630_204522
1751283844.363233,10055062,2574095872,2574.095872,19,34,169,6,20250630_204522
1751283844.373217,10055101,2574105856,2574.105856,23,33,168,6,20250630_204522
1751283844.3832014,10055140,2574115840,2574.11584,27,31,169,6,20250630_204522
1751283844.3931854,10055179,2574125824,2574.125824,30,31,168,6,20250630_204522
1751283844.4031694,10055218,2574135808,2574.135808,34,31,168,6,20250630_204522
1751283844.4131534,10055257,2574145792,2574.145792,38,31,168,6,20250630_204522
1751283844.4231374,10055296,2574155776,2574.155776,42,31,168,6,20250630_204522
1751283844.4331214,10055335,2574165760,2574.16576,46,32,166,6,20250630_204522
1751283844.4431057,10055374,2574175744,2574.175744,50,31,165,6,20250630_204522
1751283844.4530897,10055413,2574185728,2574.185728,53,31,164,6,20250630_204522
1751283844.4633293,10055453,2574195968,2574.195968,57,31,160,6,20250630_204522
1751283844.473313,10055492,2574205952,2574.205952,61,31,157,6,20250630_204522
1751283844.483297,10055531,2574215936,2574.215936,65,32,150,6,20250630_204522
1751283844.4932814,10055570,2574225920,2574.22592,69,31,145,6,20250630_204522
1751283844.5032654,10055609,2574235904,2574.235904,72,31,138,6,20250630_204522
1751283844.5132494,10055648,2574245888,2574.245888,76,31,133,6,20250630_204522
1751283844.5232334,10055687,2574255872,2574.255872,80,31,128,6,20250630_204522
1751283844.5332174,10055726,2574265856,2574.265856,84,31,127,6,20250630_204522
1751283844.5432014,10055765,2574275840,2574.27584,88,31,125,6,20250630_204522
1751283844.5531857,10055804,2574285824,2574.285824,92,31,122,6,20250630_204522
1751283844.5631697,10055843,2574295808,2574.295808,95,31,120,6,20250630_204522
1751283844.5731535,10055882,2574305792,2574.305792,99,30,119,6,20250630_204522
1751283844.5831375,10055921,2574315776,2574.315776,103,31,120,6,20250630_204522
1751283844.5931213,10055960,2574325760,2574.32576,107,32,120,6,20250630_204522
1751283844.6031053,10055999,2574335744,2574.335744,111,31,121,6,20250630_204522
1751283844.6133454,10056039,2574345984,2574.345984,115,31,122,6,20250630_204522
1751283844.6233294,10056078,2574355968,2574.355968,118,31,122,6,20250630_204522
1751283844.6333134,10056117,2574365952,2574.365952,122,31,122,6,20250630_204522
1751283844.6432974,10056156,2574375936,2574.375936,126,31,123,6,20250630_204522
1751283844.6532817,10056195,2574385920,2574.38592,130,31,123,6,20250630_204522
1751283844.6632657,10056234,2574395904,2574.395904,134,31,124,6,20250630_204522
1751283844.6732495,10056273,2574405888,2574.405888,137,31,123,6,20250630_204522
1751283844.6832335,10056312,2574415872,2574.415872,141,31,125,6,20250630_204522
1751283844.6932175,10056351,2574425856,2574.425856,145,31,126,6,20250630_204522
1751283844.7032013,10056390,2574435840,2574.43584,149,31,127,6,20250630_204522
1751283844.7131853,10056429,2574445824,2574.445824,153,31,127,6,20250630_204522
1751283844.723169,10056468,2574455808,2574.455808,157,31,128,6,20250630_204522
1751283844.733153,10056507,2574465792,2574.465792,160,31,130,6,20250630_204522
1751283844.7431374,10056546,2574475776,2574.475776,164,31,134,6,20250630_204522
1751283844.7533774,10056586,2574486016,2574.486016,168,31,137,6,20250630_204522
1751283844.7633617,10056625,2574496000,2574.496,172,31,141,6,20250630_204522
1751283844.7733457,10056664,2574505984,2574.505984,176,31,144,6,20250630_204522
1751283844.7833295,10056703,2574515968,2574.515968,180,31,151,6,20250630_204522
1751283844.7933135,10056742,2574525952,2574.525952,183,31,156,6,20250630_204522
1751283844.8032975,10056781,2574535936,2574.535936,187,33,160,6,20250630_204522
1751283844.8132813,10056820,2574545920,2574.54592,191,32,163,6,20250630_204522
1751283844.8232653,10056859,2574555904,2574.555904,195,31,163,6,20250630_204522
1751283844.833249,10056898,2574565888,2574.565888,199,31,164,6,20250630_204522
1751283844.843233,10056937,2574575872,2574.575872,202,31,166,6,20250630_204522
1751283844.8532174,10056976,2574585856,2574.585856,206,32,167,6,20250630_204522
1751283844.8632014,10057015,2574595840,2574.59584,210,32,166,6,20250630_204522
1751283844.8731854,10057054,2574605824,2574.605824,214,32,166,6,20250630_204522
1751283844.8831694,10057093,2574615808,2574.615808,218,32,166,6,20250630_204522
1751283844.8931534,10057132,2574625792,2574.625792,222,33,168,6,20250630_204522
1751283844.9033935,10057172,2574636032,2574.636032,225,33,168,6,20250630_204522
1751283844.9133773,10057211,2574646016,2574.646016,229,33,167,6,20250630_204522
1751283844.9233613,10057250,2574656000,2574.656,233,33,167,6,20250630_204522
1751283844.9333453,10057289,2574665984,2574.665984,237,34,167,6,20250630_204522
1751283844.943329,10057328,2574675968,2574.675968,241,33,167,6,20250630_204522
1751283844.9533134,10057367,2574685952,2574.685952,245,34,167,6,20250630_204522
1751283844.9632974,10057406,2574695936,2574.695936,248,34,169,6,20250630_204522
1751283844.9732814,10057445,2574705920,2574.70592,252,34,168,6,20250630_204522
1751283844.9832654,10057484,2574715904,2574.715904,1,34,168,6,20250630_204522
1751283844.9932494,10057523,2574725888,2574.725888,5,34,168,6,20250630_204522
1751283845.0032334,10057562,2574735872,2574.735872,9,34,168,6,20250630_204522
1751283845.0132174,10057601,2574745856,2574.745856,12,34,166,6,20250630_204522
1751283845.0232017,10057640,2574755840,2574.75584,16,34,168,6,20250630_204522
1751283845.0331855,10057679,2574765824,2574.765824,20,35,168,6,20250630_204522
1751283845.043425,10057719,2574776064,2574.776064,24,34,168,6,20250630_204522
1751283845.053409,10057758,2574786048,2574.786048,28,35,168,6,20250630_204522
1751283845.0633934,10057797,2574796032,2574.796032,32,35,168,6,20250630_204522
1751283845.0733774,10057836,2574806016,2574.806016,35,34,166,6,20250630_204522
1751283845.0833614,10057875,2574816000,2574.816,39,35,168,6,20250630_204522
1751283845.0933454,10057914,2574825984,2574.825984,43,35,166,6,20250630_204522
1751283845.1033294,10057953,2574835968,2574.835968,47,35,168,6,20250630_204522
1751283845.1133134,10057992,2574845952,2574.845952,51,36,167,6,20250630_204522
1751283845.1232977,10058031,2574855936,2574.855936,55,35,165,6,20250630_204522
1751283845.1332817,10058070,2574865920,2574.86592,58,36,163,6,20250630_204522
1751283845.1432655,10058109,2574875904,2574.875904,62,35,159,6,20250630_204522
1751283845.1532495,10058148,2574885888,2574.885888,66,35,155,6,20250630_204522
1751283845.1632335,10058187,2574895872,2574.895872,70,35,151,6,20250630_204522
1751283845.1732173,10058226,2574905856,2574.905856,74,34,145,6,20250630_204522
1751283845.1834574,10058266,2574916096,2574.916096,77,34,139,6,20250630_204522
1751283845.1934414,10058305,2574926080,2574.92608,81,34,135,6,20250630_204522
1751283845.2034254,10058344,2574936064,2574.936064,85,34,131,6,20250630_204522
1751283845.2134094,10058383,2574946048,2574.946048,89,34,127,6,20250630_204522
1751283845.2233934,10058422,2574956032,2574.956032,93,33,125,6,20250630_204522
1751283845.2333777,10058461,2574966016,2574.966016,97,33,123,6,20250630_204522
1751283845.2433617,10058500,2574976000,2574.976,100,33,121,6,20250630_204522
1751283845.2533455,10058539,2574985984,2574.985984,104,32,119,6,20250630_204522
1751283845.2633295,10058578,2574995968,2574.995968,108,33,119,6,20250630_204522
1751283845.2733133,10058617,2575005952,2575.005952,112,33,122,6,20250630_204522
1751283845.2832973,10058656,2575015936,2575.015936,116,33,120,6,20250630_204522
1751283845.2932813,10058695,2575025920,2575.02592,120,34,121,6,20250630_204522
1751283845.303265,10058734,2575035904,2575.035904,123,34,121,6,20250630_204522
1751283845.313249,10058773,2575045888,2575.045888,127,34,122,6,20250630_204522
1751283845.3232334,10058812,2575055872,2575.055872,131,33,124,6,20250630_204522
1751283845.3334734,10058852,2575066112,2575.066112,135,34,126,6,20250630_204522
1751283845.3434577,10058891,2575076096,2575.076096,139,34,125,6,20250630_204522
1751283845.3534417,10058930,2575086080,2575.08608,142,34,126,6,20250630_204522
1751283845.3634255,10058969,2575096064,2575.096064,146,35,127,6,20250630_204522
1751283845.3734095,10059008,2575106048,2575.106048,150,34,127,6,20250630_204522
1751283845.3833933,10059047,2575116032,2575.116032,154,34,130,6,20250630_204522
1751283845.3933773,10059086,2575126016,2575.126016,158,34,132,6,20250630_204522
1751283845.403361,10059125,2575136000,2575.136,162,33,134,6,20250630_204522
1751283845.413345,10059164,2575145984,2575.145984,165,34,139,6,20250630_204522
1751283845.4233294,10059203,2575155968,2575.155968,169,33,140,6,20250630_204522
1751283845.4333134,10059242,2575165952,2575.165952,173,33,146,6,20250630_204522
1751283845.4432974,10059281,2575175936,2575.175936,177,34,152,6,20250630_204522
1751283845.4532814,10059320,2575185920,2575.18592,181,34,156,6,20250630_204522
1751283845.4632654,10059359,2575195904,2575.195904,185,34,160,6,20250630_204522
1751283845.4732494,10059398,2575205888,2575.205888,188,34,162,6,20250630_204522
1751283845.4834895,10059438,2575216128,2575.216128,192,34,162,6,20250630_204522
1751283845.4934733,10059477,2575226112,2575.226112,196,34,165,6,20250630_204522
1751283845.5034573,10059516,2575236096,2575.236096,200,33,166,6,20250630_204522
1751283845.513441,10059555,2575246080,2575.24608,204,34,167,6,20250630_204522
1751283845.523425,10059594,2575256064,2575.256064,207,34,166,6,20250630_204522
1751283845.5334094,10059633,2575266048,2575.266048,211,35,167,6,20250630_204522
1751283845.5433934,10059672,2575276032,2575.276032,215,35,166,6,20250630_204522
1751283845.5533774,10059711,2575286016,2575.286016,219,35,168,6,20250630_204522
1751283845.5633614,10059750,2575296000,2575.296,223,35,166,6,20250630_204522
1751283845.5733454,10059789,2575305984,2575.305984,227,36,167,6,20250630_204522
1751283845.5833294,10059828,2575315968,2575.315968,230,36,168,6,20250630_204522
1751283845.5933137,10059867,2575325952,2575.325952,234,36,167,6,20250630_204522
1751283845.6032977,10059906,2575335936,2575.335936,238,36,168,6,20250630_204522
1751283845.6132815,10059945,2575345920,2575.34592,242,36,168,6,20250630_204522
1751283845.623521,10059985,2575356160,2575.35616,246,37,168,6,20250630_204522
1751283845.633505,10060024,2575366144,2575.366144,250,37,168,6,20250630_204522
1751283845.6434894,10060063,2575376128,2575.376128,253,37,168,6,20250630_204522
1751283845.6534734,10060102,2575386112,2575.386112,2,37,168,6,20250630_204522
1751283845.6634574,10060141,2575396096,2575.396096,6,38,168,6,20250630_204522
1751283845.6734414,10060180,2575406080,2575.40608,10,38,168,6,20250630_204522
1751283845.6834254,10060219,2575416064,2575.416064,14,38,169,6,20250630_204522
1751283845.6934094,10060258,2575426048,2575.426048,17,37,167,6,20250630_204522
1751283845.7033937,10060297,2575436032,2575.436032,21,37,168,6,20250630_204522
1751283845.7133777,10060336,2575446016,2575.446016,25,37,168,6,20250630_204522
1751283845.7233615,10060375,2575456000,2575.456,29,37,168,6,20250630_204522
1751283845.7333455,10060414,2575465984,2575.465984,33,37,169,6,20250630_204522
1751283845.7433293,10060453,2575475968,2575.475968,37,37,168,6,20250630_204522
1751283845.7533133,10060492,2575485952,2575.485952,40,38,168,6,20250630_204522
1751283845.7635534,10060532,2575496192,2575.496192,44,38,168,6,20250630_204522
1751283845.7735374,10060571,2575506176,2575.506176,48,38,166,6,20250630_204522
1751283845.7835214,10060610,2575516160,2575.51616,52,38,164,6,20250630_204522
1751283845.7935054,10060649,2575526144,2575.526144,56,38,164,6,20250630_204522
1751283845.8034894,10060688,2575536128,2575.536128,60,38,160,6,20250630_204522
1751283845.8134737,10060727,2575546112,2575.546112,63,37,156,6,20250630_204522
1751283845.8234577,10060766,2575556096,2575.556096,67,37,152,6,20250630_204522
1751283845.8334415,10060805,2575566080,2575.56608,71,37,146,6,20250630_204522
1751283845.8434255,10060844,2575576064,2575.576064,75,37,140,6,20250630_204522
1751283845.8534093,10060883,2575586048,2575.586048,79,37,135,6,20250630_204522
1751283845.8633933,10060922,2575596032,2575.596032,82,36,130,6,20250630_204522
1751283845.873377,10060961,2575606016,2575.606016,86,36,128,6,20250630_204522
1751283845.883361,10061000,2575616000,2575.616,90,36,127,6,20250630_204522
1751283845.8933454,10061039,2575625984,2575.625984,94,36,124,6,20250630_204522
1751283845.9033294,10061078,2575635968,2575.635968,98,36,121,6,20250630_204522
1751283845.9135697,10061118,2575646208,2575.646208,102,36,119,6,20250630_204522
1751283845.9235537,10061157,2575656192,2575.656192,105,36,119,6,20250630_204522
1751283845.9335375,10061196,2575666176,2575.666176,109,35,119,6,20250630_204522
1751283845.9435215,10061235,2575676160,2575.67616,113,36,120,6,20250630_204522
1751283845.9535055,10061274,2575686144,2575.686144,117,36,119,6,20250630_204522
1751283845.9634893,10061313,2575696128,2575.696128,121,36,120,6,20250630_204522
1751283845.9734733,10061352,2575706112,2575.706112,125,36,121,6,20250630_204522
1751283845.983457,10061391,2575716096,2575.716096,128,36,120,6,20250630_204522
1751283845.993441,10061430,2575726080,2575.72608,132,36,120,6,20250630_204522
1751283846.0034254,10061469,2575736064,2575.736064,136,39,122,6,20250630_204522
1751283846.0136654,10061509,2575746304,2575.746304,140,51,123,6,20250630_204522
1751283846.0236497,10061548,2575756288,2575.756288,144,87,124,6,20250630_204522
1751283846.0336337,10061587,2575766272,2575.766272,148,96,125,6,20250630_204522
1751283846.0436175,10061626,2575776256,2575.776256,151,87,126,6,20250630_204522
1751283846.0536015,10061665,2575786240,2575.78624,155,85,126,6,20250630_204522
1751283846.0635855,10061704,2575796224,2575.796224,159,57,127,6,20250630_204522
1751283846.0738254,10061744,2575806464,2575.806464,163,60,129,6,20250630_204522
1751283846.0838094,10061783,2575816448,2575.816448,167,68,131,6,20250630_204522
1751283846.0937934,10061822,2575826432,2575.826432,171,45,134,6,20250630_204522
1751283846.1037774,10061861,2575836416,2575.836416,174,38,138,6,20250630_204522
1751283846.1137614,10061900,2575846400,2575.8464,178,39,144,6,20250630_204522
1751283846.1237454,10061939,2575856384,2575.856384,182,38,150,6,20250630_204522
1751283846.1337297,10061978,2575866368,2575.866368,186,38,156,6,20250630_204522
1751283846.1439693,10062018,2575876608,2575.876608,190,38,159,6,20250630_204522
1751283846.1539533,10062057,2575886592,2575.886592,194,38,162,6,20250630_204522
1751283846.163937,10062096,2575896576,2575.896576,197,38,163,6,20250630_204522
1751283846.173921,10062135,2575906560,2575.90656,201,38,165,6,20250630_204522
1751283846.1839054,10062174,2575916544,2575.916544,205,38,166,6,20250630_204522
1751283846.1938894,10062213,2575926528,2575.926528,209,39,167,6,20250630_204522
1751283846.2041297,10062253,2575936768,2575.936768,213,39,166,6,20250630_204522
1751283846.2141137,10062292,2575946752,2575.946752,217,40,167,6,20250630_204522
1751283846.2240975,10062331,2575956736,2575.956736,220,39,166,6,20250630_204522
1751283846.2340815,10062370,2575966720,2575.96672,224,40,167,6,20250630_204522
1751283846.2440653,10062409,2575976704,2575.976704,228,40,167,6,20250630_204522
1751283846.2540493,10062448,2575986688,2575.986688,232,41,167,6,20250630_204522
1751283846.2640333,10062487,2575996672,2575.996672,236,41,168,6,20250630_204522
1751283846.2742734,10062527,2576006912,2576.006912,240,41,167,6,20250630_204522
1751283846.2842574,10062566,2576016896,2576.016896,243,42,166,6,20250630_204522
1751283846.2942414,10062605,2576026880,2576.02688,247,42,168,6,20250630_204522
1751283846.3042254,10062644,2576036864,2576.036864,251,42,167,6,20250630_204522
1751283846.3142097,10062683,2576046848,2576.046848,0,43,168,6,20250630_204522
1751283846.3241937,10062722,2576056832,2576.056832,4,42,168,6,20250630_204522
1751283846.3344333,10062762,2576067072,2576.067072,8,43,168,6,20250630_204522
1751283846.344417,10062801,2576077056,2576.077056,11,44,167,6,20250630_204522
1751283846.3544014,10062840,2576087040,2576.08704,15,44,168,6,20250630_204522
1751283846.3643854,10062879,2576097024,2576.097024,19,44,167,6,20250630_204522
1751283846.3743694,10062918,2576107008,2576.107008,23,44,168,6,20250630_204522
1751283846.3843534,10062957,2576116992,2576.116992,27,45,168,6,20250630_204522
1751283846.3943374,10062996,2576126976,2576.126976,31,44,168,6,20250630_204522
1751283846.4045775,10063036,2576137216,2576.137216,34,44,167,6,20250630_204522
1751283846.4145615,10063075,2576147200,2576.1472,38,44,168,6,20250630_204522
1751283846.4245453,10063114,2576157184,2576.157184,42,44,167,6,20250630_204522
1751283846.4345293,10063153,2576167168,2576.167168,46,44,165,6,20250630_204522
1751283846.444513,10063192,2576177152,2576.177152,50,44,164,6,20250630_204522
1751283846.454497,10063231,2576187136,2576.187136,53,43,163,6,20250630_204522
1751283846.4644814,10063270,2576197120,2576.19712,57,43,160,6,20250630_204522
1751283846.4744654,10063309,2576207104,2576.207104,61,42,154,6,20250630_204522
1751283846.4844494,10063348,2576217088,2576.217088,65,42,148,6,20250630_204522
1751283846.4944334,10063387,2576227072,2576.227072,69,42,143,6,20250630_204522
1751283846.5044174,10063426,2576237056,2576.237056,73,41,140,6,20250630_204522
1751283846.5144014,10063465,2576247040,2576.24704,76,41,135,6,20250630_204522
1751283846.5243857,10063504,2576257024,2576.257024,80,41,130,6,20250630_204522
1751283846.5343697,10063543,2576267008,2576.267008,84,40,127,6,20250630_204522
1751283846.5446093,10063583,2576277248,2576.277248,88,40,127,6,20250630_204522
1751283846.554593,10063622,2576287232,2576.287232,92,40,125,6,20250630_204522
1751283846.564577,10063661,2576297216,2576.297216,96,39,121,6,20250630_204522
1751283846.5745614,10063700,2576307200,2576.3072,99,40,119,6,20250630_204522
1751283846.5845454,10063739,2576317184,2576.317184,103,40,120,6,20250630_204522
1751283846.5945294,10063778,2576327168,2576.327168,107,39,120,6,20250630_204522
1751283846.6045134,10063817,2576337152,2576.337152,111,40,120,6,20250630_204522
1751283846.6144974,10063856,2576347136,2576.347136,115,40,119,6,20250630_204522
1751283846.6244814,10063895,2576357120,2576.35712,118,41,120,6,20250630_204522
1751283846.6344657,10063934,2576367104,2576.367104,122,41,121,6,20250630_204522
1751283846.6444497,10063973,2576377088,2576.377088,126,40,120,6,20250630_204522
1751283846.6544335,10064012,2576387072,2576.387072,130,40,120,6,20250630_204522
1751283846.6644175,10064051,2576397056,2576.397056,134,40,119,6,20250630_204522
1751283846.6744015,10064090,2576407040,2576.40704,138,40,119,6,20250630_204522
1751283846.6843853,10064129,2576417024,2576.417024,141,39,118,6,20250630_204522
1751283846.6946254,10064169,2576427264,2576.427264,145,39,118,6,20250630_204522
1751283846.7046094,10064208,2576437248,2576.437248,149,39,118,6,20250630_204522
1751283846.7145934,10064247,2576447232,2576.447232,153,39,118,6,20250630_204522
1751283846.7245774,10064286,2576457216,2576.457216,157,40,118,6,20250630_204522
1751283846.7345614,10064325,2576467200,2576.4672,161,39,119,6,20250630_204522
1751283846.7445457,10064364,2576477184,2576.477184,164,39,119,6,20250630_204522
1751283846.7545297,10064403,2576487168,2576.487168,168,40,120,6,20250630_204522
1751283846.7645135,10064442,2576497152,2576.497152,172,40,120,6,20250630_204522
1751283846.7744975,10064481,2576507136,2576.507136,176,40,121,6,20250630_204522
1751283846.7844813,10064520,2576517120,2576.51712,180,42,122,6,20250630_204522
1751283846.7944653,10064559,2576527104,2576.527104,183,41,122,6,20250630_204522
1751283846.804449,10064598,2576537088,2576.537088,187,42,123,6,20250630_204522
1751283846.814433,10064637,2576547072,2576.547072,191,43,124,6,20250630_204522
1751283846.8244174,10064676,2576557056,2576.557056,195,47,125,6,20250630_204522
1751283846.8346574,10064716,2576567296,2576.567296,199,52,127,6,20250630_204522
1751283846.8446414,10064755,2576577280,2576.57728,203,59,127,6,20250630_204522
1751283846.8546257,10064794,2576587264,2576.587264,206,66,127,6,20250630_204522
1751283846.8646097,10064833,2576597248,2576.597248,210,59,128,6,20250630_204522
1751283846.8745935,10064872,2576607232,2576.607232,214,61,130,6,20250630_204522
1751283846.8845775,10064911,2576617216,2576.617216,218,71,134,6,20250630_204522
1751283846.8945613,10064950,2576627200,2576.6272,222,75,137,6,20250630_204522
1751283846.9045453,10064989,2576637184,2576.637184,226,95,141,6,20250630_204522
1751283846.914529,10065028,2576647168,2576.647168,229,54,146,6,20250630_204522
1751283846.924513,10065067,2576657152,2576.657152,233,63,148,6,20250630_204522
1751283846.9344974,10065106,2576667136,2576.667136,237,63,152,6,20250630_204522
1751283846.9444814,10065145,2576677120,2576.67712,241,75,156,6,20250630_204522
1751283846.9544654,10065184,2576687104,2576.687104,245,74,159,6,20250630_204522
1751283846.9644494,10065223,2576697088,2576.697088,248,62,161,6,20250630_204522
1751283846.9746895,10065263,2576707328,2576.707328,252,65,162,6,20250630_204522
1751283846.9846735,10065302,2576717312,2576.717312,1,93,162,6,20250630_204522
1751283846.9946575,10065341,2576727296,2576.727296,5,53,163,6,20250630_204522
1751283847.0046413,10065380,2576737280,2576.73728,9,53,163,6,20250630_204522
1751283847.0146253,10065419,2576747264,2576.747264,13,59,163,6,20250630_204522
1751283847.024609,10065458,2576757248,2576.757248,16,71,164,6,20250630_204522
1751283847.034593,10065497,2576767232,2576.767232,20,81,164,6,20250630_204522
1751283847.0445774,10065536,2576777216,2576.777216,24,66,164,6,20250630_204522
1751283847.0545614,10065575,2576787200,2576.7872,28,62,163,6,20250630_204522
1751283847.0645454,10065614,2576797184,2576.797184,32,65,162,6,20250630_204522
1751283847.0745294,10065653,2576807168,2576.807168,36,132,160,6,20250630_204522
1751283847.0845134,10065692,2576817152,2576.817152,39,163,159,6,20250630_204522
1751283847.0944974,10065731,2576827136,2576.827136,43,86,157,6,20250630_204522
1751283847.1044817,10065770,2576837120,2576.83712,47,73,154,6,20250630_204522
1751283847.1147213,10065810,2576847360,2576.84736,51,71,149,6,20250630_204522
1751283847.1247053,10065849,2576857344,2576.857344,55,71,144,6,20250630_204522
1751283847.134689,10065888,2576867328,2576.867328,58,68,138,6,20250630_204522
1751283847.144673,10065927,2576877312,2576.877312,62,77,132,6,20250630_204522
1751283847.1546574,10065966,2576887296,2576.887296,66,62,129,6,20250630_204522
1751283847.1646414,10066005,2576897280,2576.89728,70,59,127,6,20250630_204522
1751283847.1746254,10066044,2576907264,2576.907264,74,64,124,6,20250630_204522
1751283847.1846094,10066083,2576917248,2576.917248,78,76,120,6,20250630_204522
1751283847.1945934,10066122,2576927232,2576.927232,81,88,118,6,20250630_204522
1751283847.2045774,10066161,2576937216,2576.937216,85,61,118,6,20250630_204522
1751283847.2145617,10066200,2576947200,2576.9472,89,52,119,6,20250630_204522
1751283847.2245457,10066239,2576957184,2576.957184,93,53,120,6,20250630_204522
1751283847.2345295,10066278,2576967168,2576.967168,97,55,120,6,20250630_204522
1751283847.2445135,10066317,2576977152,2576.977152,101,59,120,6,20250630_204522
1751283847.2544973,10066356,2576987136,2576.987136,104,171,121,6,20250630_204522
1751283847.2647374,10066396,2576997376,2576.997376,108,193,119,6,20250630_204522
1751283847.2747214,10066435,2577007360,2577.00736,112,92,118,6,20250630_204522
1751283847.2847054,10066474,2577017344,2577.017344,116,102,120,6,20250630_204522
1751283847.2946894,10066513,2577027328,2577.027328,120,96,119,6,20250630_204522
1751283847.3046734,10066552,2577037312,2577.037312,123,92,119,6,20250630_204522
1751283847.3146574,10066591,2577047296,2577.047296,127,75,119,6,20250630_204522
1751283847.3246417,10066630,2577057280,2577.05728,131,55,118,6,20250630_204522
1751283847.3346255,10066669,2577067264,2577.067264,135,49,120,6,20250630_204522
1751283847.3446095,10066708,2577077248,2577.077248,139,49,119,6,20250630_204522
1751283847.3545935,10066747,2577087232,2577.087232,143,48,120,6,20250630_204522
1751283847.3645773,10066786,2577097216,2577.097216,146,48,121,6,20250630_204522
1751283847.3745613,10066825,2577107200,2577.1072,150,49,121,6,20250630_204522
1751283847.384545,10066864,2577117184,2577.117184,154,53,122,6,20250630_204522
1751283847.394529,10066903,2577127168,2577.127168,158,58,123,6,20250630_204522
1751283847.4047694,10066943,2577137408,2577.137408,162,61,123,6,20250630_204522
1751283847.4147534,10066982,2577147392,2577.147392,166,70,124,6,20250630_204522
1751283847.4247377,10067021,2577157376,2577.157376,169,94,125,6,20250630_204522
1751283847.4347217,10067060,2577167360,2577.16736,173,91,126,6,20250630_204522
1751283847.4447055,10067099,2577177344,2577.177344,177,93,127,6,20250630_204522
1751283847.4546895,10067138,2577187328,2577.187328,181,92,128,6,20250630_204522
1751283847.4646735,10067177,2577197312,2577.197312,185,99,132,6,20250630_204522
1751283847.4746573,10067216,2577207296,2577.207296,188,87,137,6,20250630_204522
1751283847.4846413,10067255,2577217280,2577.21728,192,89,139,6,20250630_204522
1751283847.494625,10067294,2577227264,2577.227264,196,95,144,6,20250630_204522
1751283847.504609,10067333,2577237248,2577.237248,200,98,149,6,20250630_204522
1751283847.5145934,10067372,2577247232,2577.247232,204,94,155,6,20250630_204522
1751283847.5245774,10067411,2577257216,2577.257216,208,105,156,6,20250630_204522
1751283847.5345614,10067450,2577267200,2577.2672,211,102,158,6,20250630_204522
1751283847.5445454,10067489,2577277184,2577.277184,215,103,161,6,20250630_204522
1751283847.5547855,10067529,2577287424,2577.287424,219,108,163,6,20250630_204522
1751283847.5647695,10067568,2577297408,2577.297408,223,110,162,6,20250630_204522
1751283847.5747533,10067607,2577307392,2577.307392,227,99,163,6,20250630_204522
1751283847.5847373,10067646,2577317376,2577.317376,231,107,165,6,20250630_204522
1751283847.5947213,10067685,2577327360,2577.32736,234,95,166,6,20250630_204522
1751283847.604705,10067724,2577337344,2577.337344,238,96,166,6,20250630_204522
1751283847.6146894,10067763,2577347328,2577.347328,242,90,167,6,20250630_204522
1751283847.6246734,10067802,2577357312,2577.357312,246,105,166,6,20250630_204522
1751283847.6346574,10067841,2577367296,2577.367296,250,107,166,6,20250630_204522
1751283847.6446414,10067880,2577377280,2577.37728,253,102,166,6,20250630_204522
1751283847.6546254,10067919,2577387264,2577.387264,2,99,166,6,20250630_204522
1751283847.6646094,10067958,2577397248,2577.397248,6,109,165,6,20250630_204522
1751283847.6745934,10067997,2577407232,2577.407232,10,95,166,6,20250630_204522
1751283847.6845777,10068036,2577417216,2577.417216,14,102,166,6,20250630_204522
1751283847.6948173,10068076,2577427456,2577.427456,18,98,166,6,20250630_204522
1751283847.704801,10068115,2577437440,2577.43744,21,86,167,6,20250630_204522
1751283847.714785,10068154,2577447424,2577.447424,25,76,166,6,20250630_204522
1751283847.7247694,10068193,2577457408,2577.457408,29,89,167,6,20250630_204522
1751283847.7347534,10068232,2577467392,2577.467392,33,103,166,6,20250630_204522
1751283847.7447374,10068271,2577477376,2577.477376,37,103,166,6,20250630_204522
1751283847.7547214,10068310,2577487360,2577.48736,41,88,166,6,20250630_204522
1751283847.7647054,10068349,2577497344,2577.497344,44,79,166,6,20250630_204522
1751283847.7746894,10068388,2577507328,2577.507328,48,76,165,6,20250630_204522
1751283847.7846737,10068427,2577517312,2577.517312,52,144,164,6,20250630_204522
1751283847.7946577,10068466,2577527296,2577.527296,56,82,161,6,20250630_204522
1751283847.8046415,10068505,2577537280,2577.53728,60,144,159,6,20250630_204522
1751283847.8146255,10068544,2577547264,2577.547264,63,101,154,6,20250630_204522
1751283847.8246095,10068583,2577557248,2577.557248,67,96,149,6,20250630_204522
1751283847.8348494,10068623,2577567488,2577.567488,71,98,144,6,20250630_204522
1751283847.8448334,10068662,2577577472,2577.577472,75,84,139,6,20250630_204522
1751283847.8548174,10068701,2577587456,2577.587456,79,111,133,6,20250630_204522
1751283847.8648014,10068740,2577597440,2577.59744,83,63,131,6,20250630_204522
1751283847.8747854,10068779,2577607424,2577.607424,86,66,127,6,20250630_204522
1751283847.8847694,10068818,2577617408,2577.617408,90,77,127,6,20250630_204522
1751283847.8947537,10068857,2577627392,2577.627392,94,54,124,6,20250630_204522
1751283847.9047377,10068896,2577637376,2577.637376,98,52,122,6,20250630_204522
1751283847.9147215,10068935,2577647360,2577.64736,102,51,120,6,20250630_204522
1751283847.9247055,10068974,2577657344,2577.657344,106,49,118,6,20250630_204522
1751283847.9346893,10069013,2577667328,2577.667328,109,48,118,6,20250630_204522
1751283847.9446733,10069052,2577677312,2577.677312,113,49,119,6,20250630_204522
1751283847.9546573,10069091,2577687296,2577.687296,117,47,119,6,20250630_204522
1751283847.964641,10069130,2577697280,2577.69728,121,46,119,6,20250630_204522
1751283847.974625,10069169,2577707264,2577.707264,125,45,120,6,20250630_204522
1751283847.9848654,10069209,2577717504,2577.717504,128,45,121,6,20250630_204522
1751283847.9948494,10069248,2577727488,2577.727488,132,45,122,6,20250630_204522
1751283848.0048337,10069287,2577737472,2577.737472,136,45,122,6,20250630_204522
1751283848.0148177,10069326,2577747456,2577.747456,140,45,123,6,20250630_204522
1751283848.0248015,10069365,2577757440,2577.75744,144,44,125,6,20250630_204522
1751283848.0347855,10069404,2577767424,2577.767424,148,44,126,6,20250630_204522
1751283848.0447693,10069443,2577777408,2577.777408,151,45,127,6,20250630_204522
1751283848.0547533,10069482,2577787392,2577.787392,155,44,128,6,20250630_204522
1751283848.064737,10069521,2577797376,2577.797376,159,45,131,6,20250630_204522
1751283848.074721,10069560,2577807360,2577.80736,163,45,133,6,20250630_204522
1751283848.0847054,10069599,2577817344,2577.817344,167,45,136,6,20250630_204522
1751283848.0946894,10069638,2577827328,2577.827328,171,45,141,6,20250630_204522
1751283848.1046734,10069677,2577837312,2577.837312,174,45,146,6,20250630_204522
1751283848.1146574,10069716,2577847296,2577.847296,178,45,149,6,20250630_204522
1751283848.1246414,10069755,2577857280,2577.85728,182,46,156,6,20250630_204522
1751283848.1348815,10069795,2577867520,2577.86752,186,46,159,6,20250630_204522
1751283848.1448655,10069834,2577877504,2577.877504,190,48,160,6,20250630_204522
1751283848.1548493,10069873,2577887488,2577.887488,193,48,162,6,20250630_204522
1751283848.1648333,10069912,2577897472,2577.897472,197,48,164,6,20250630_204522
1751283848.174817,10069951,2577907456,2577.907456,201,48,166,6,20250630_204522
1751283848.184801,10069990,2577917440,2577.91744,205,49,166,6,20250630_204522
1751283848.1947854,10070029,2577927424,2577.927424,209,50,166,6,20250630_204522
1751283848.2047694,10070068,2577937408,2577.937408,213,50,166,6,20250630_204522
1751283848.2147534,10070107,2577947392,2577.947392,216,50,166,6,20250630_204522
1751283848.2247374,10070146,2577957376,2577.957376,220,52,167,6,20250630_204522
1751283848.2347214,10070185,2577967360,2577.96736,224,54,167,6,20250630_204522
1751283848.2447054,10070224,2577977344,2577.977344,228,88,167,6,20250630_204522
1751283848.2546897,10070263,2577987328,2577.987328,232,90,167,6,20250630_204522
1751283848.2646737,10070302,2577997312,2577.997312,236,95,168,6,20250630_204522
1751283848.2749133,10070342,2578007552,2578.007552,239,100,168,6,20250630_204522
1751283848.284897,10070381,2578017536,2578.017536,243,111,167,6,20250630_204522
1751283848.294881,10070420,2578027520,2578.02752,247,118,168,6,20250630_204522
1751283848.3048654,10070459,2578037504,2578.037504,251,93,168,6,20250630_204522
1751283848.3148494,10070498,2578047488,2578.047488,0,95,168,6,20250630_204522
1751283848.3248334,10070537,2578057472,2578.057472,3,73,167,6,20250630_204522
1751283848.3348174,10070576,2578067456,2578.067456,7,72,168,6,20250630_204522
1751283848.3448014,10070615,2578077440,2578.07744,11,121,168,6,20250630_204522
1751283848.3547854,10070654,2578087424,2578.087424,15,171,169,6,20250630_204522
1751283848.3647697,10070693,2578097408,2578.097408,19,96,168,6,20250630_204522
1751283848.3747537,10070732,2578107392,2578.107392,23,59,168,6,20250630_204522
1751283848.3847375,10070771,2578117376,2578.117376,26,62,169,6,20250630_204522
1751283848.3947215,10070810,2578127360,2578.12736,30,64,168,6,20250630_204522
1751283848.4047053,10070849,2578137344,2578.137344,34,68,167,6,20250630_204522
1751283848.4146893,10070888,2578147328,2578.147328,38,63,168,6,20250630_204522
1751283848.4249294,10070928,2578157568,2578.157568,42,95,168,6,20250630_204522
1751283848.4349134,10070967,2578167552,2578.167552,46,198,167,6,20250630_204522
1751283848.4448974,10071006,2578177536,2578.177536,49,117,167,6,20250630_204522
1751283848.4548814,10071045,2578187520,2578.18752,53,81,167,6,20250630_204522
1751283848.4648654,10071084,2578197504,2578.197504,57,113,164,6,20250630_204522
1751283848.4748497,10071123,2578207488,2578.207488,61,76,162,6,20250630_204522
1751283848.4848337,10071162,2578217472,2578.217472,65,58,160,6,20250630_204522
1751283848.4948175,10071201,2578227456,2578.227456,68,54,155,6,20250630_204522
1751283848.5048015,10071240,2578237440,2578.23744,72,54,150,6,20250630_204522
1751283848.5147853,10071279,2578247424,2578.247424,76,53,145,6,20250630_204522
1751283848.5247693,10071318,2578257408,2578.257408,80,53,140,6,20250630_204522
1751283848.534753,10071357,2578267392,2578.267392,84,50,134,6,20250630_204522
1751283848.544737,10071396,2578277376,2578.277376,88,49,131,6,20250630_204522
1751283848.5547214,10071435,2578287360,2578.28736,91,49,130,6,20250630_204522
1751283848.5649614,10071475,2578297600,2578.2976,95,48,127,6,20250630_204522
1751283848.5749454,10071514,2578307584,2578.307584,99,47,126,6,20250630_204522
1751283848.5849297,10071553,2578317568,2578.317568,103,48,124,6,20250630_204522
1751283848.5949135,10071592,2578327552,2578.327552,107,47,123,6,20250630_204522
1751283848.6048975,10071631,2578337536,2578.337536,111,47,121,6,20250630_204522
1751283848.6148815,10071670,2578347520,2578.34752,114,47,120,6,20250630_204522
1751283848.6248653,10071709,2578357504,2578.357504,118,47,120,6,20250630_204522
1751283848.6348493,10071748,2578367488,2578.367488,122,44,120,6,20250630_204522
1751283848.644833,10071787,2578377472,2578.377472,126,45,120,6,20250630_204522
1751283848.654817,10071826,2578387456,2578.387456,130,44,120,6,20250630_204522
1751283848.6648014,10071865,2578397440,2578.39744,133,44,121,6,20250630_204522
1751283848.6747854,10071904,2578407424,2578.407424,137,44,121,6,20250630_204522
1751283848.6847694,10071943,2578417408,2578.417408,141,44,122,6,20250630_204522
1751283848.6947534,10071982,2578427392,2578.427392,145,43,123,6,20250630_204522
1751283848.7047374,10072021,2578437376,2578.437376,149,43,124,6,20250630_204522
1751283848.7149775,10072061,2578447616,2578.447616,153,43,126,6,20250630_204522
1751283848.7249615,10072100,2578457600,2578.4576,156,43,127,6,20250630_204522
1751283848.7349453,10072139,2578467584,2578.467584,160,43,127,6,20250630_204522
1751283848.7449293,10072178,2578477568,2578.477568,164,43,127,6,20250630_204522
1751283848.754913,10072217,2578487552,2578.487552,168,43,130,6,20250630_204522
1751283848.764897,10072256,2578497536,2578.497536,172,43,133,6,20250630_204522
1751283848.7748814,10072295,2578507520,2578.50752,176,43,137,6,20250630_204522
1751283848.7848654,10072334,2578517504,2578.517504,179,44,143,6,20250630_204522
1751283848.7948494,10072373,2578527488,2578.527488,183,44,148,6,20250630_204522
1751283848.8048334,10072412,2578537472,2578.537472,187,44,153,6,20250630_204522
1751283848.8148174,10072451,2578547456,2578.547456,191,45,158,6,20250630_204522
1751283848.8248014,10072490,2578557440,2578.55744,195,46,160,6,20250630_204522
1751283848.8347857,10072529,2578567424,2578.567424,198,45,161,6,20250630_204522
1751283848.8447697,10072568,2578577408,2578.577408,202,47,163,6,20250630_204522
1751283848.8550093,10072608,2578587648,2578.587648,206,47,165,6,20250630_204522
1751283848.864993,10072647,2578597632,2578.597632,210,47,166,6,20250630_204522
1751283848.8749774,10072686,2578607616,2578.607616,214,47,166,6,20250630_204522
1751283848.8849614,10072725,2578617600,2578.6176,218,48,165,6,20250630_204522
1751283848.8949454,10072764,2578627584,2578.627584,221,50,167,6,20250630_204522
1751283848.9049294,10072803,2578637568,2578.637568,225,52,166,6,20250630_204522
1751283848.9149134,10072842,2578647552,2578.647552,229,53,168,6,20250630_204522
1751283848.9248974,10072881,2578657536,2578.657536,233,73,167,6,20250630_204522
1751283848.9348814,10072920,2578667520,2578.66752,237,66,167,6,20250630_204522
1751283848.9448657,10072959,2578677504,2578.677504,241,97,168,6,20250630_204522
1751283848.9548495,10072998,2578687488,2578.687488,244,72,168,6,20250630_204522
1751283848.9648335,10073037,2578697472,2578.697472,248,66,168,6,20250630_204522
1751283848.9748175,10073076,2578707456,2578.707456,252,70,167,6,20250630_204522
1751283848.9848013,10073115,2578717440,2578.71744,1,66,168,6,20250630_204522
1751283848.9947853,10073154,2578727424,2578.727424,5,61,167,6,20250630_204522
1751283849.0050254,10073194,2578737664,2578.737664,8,67,169,6,20250630_204522
1751283849.0150094,10073233,2578747648,2578.747648,12,73,169,6,20250630_204522
1751283849.0249934,10073272,2578757632,2578.757632,16,106,168,6,20250630_204522
1751283849.0349774,10073311,2578767616,2578.767616,20,82,169,6,20250630_204522
1751283849.0449617,10073350,2578777600,2578.7776,24,198,168,6,20250630_204522
1751283849.0549457,10073389,2578787584,2578.787584,28,135,168,6,20250630_204522
1751283849.0649295,10073428,2578797568,2578.797568,31,68,168,6,20250630_204522
1751283849.0749135,10073467,2578807552,2578.807552,35,66,168,6,20250630_204522
1751283849.0848975,10073506,2578817536,2578.817536,39,65,168,6,20250630_204522
1751283849.0948813,10073545,2578827520,2578.82752,43,68,168,6,20250630_204522
1751283849.1048653,10073584,2578837504,2578.837504,47,146,168,6,20250630_204522
1751283849.114849,10073623,2578847488,2578.847488,51,65,167,6,20250630_204522
1751283849.124833,10073662,2578857472,2578.857472,54,63,165,6,20250630_204522
1751283849.1348174,10073701,2578867456,2578.867456,58,58,162,6,20250630_204522
1751283849.1450574,10073741,2578877696,2578.877696,62,71,158,6,20250630_204522
1751283849.1550417,10073780,2578887680,2578.88768,66,193,155,6,20250630_204522
1751283849.1650257,10073819,2578897664,2578.897664,70,56,149,6,20250630_204522
1751283849.1750095,10073858,2578907648,2578.907648,73,52,143,6,20250630_204522
1751283849.1849935,10073897,2578917632,2578.917632,77,52,138,6,20250630_204522
1751283849.1949773,10073936,2578927616,2578.927616,81,50,133,6,20250630_204522
1751283849.2049613,10073975,2578937600,2578.9376,85,51,128,6,20250630_204522
1751283849.2149453,10074014,2578947584,2578.947584,89,49,127,6,20250630_204522
1751283849.224929,10074053,2578957568,2578.957568,93,49,126,6,20250630_204522
1751283849.234913,10074092,2578967552,2578.967552,96,46,122,6,20250630_204522
1751283849.2448974,10074131,2578977536,2578.977536,100,46,120,6,20250630_204522
1751283849.2548814,10074170,2578987520,2578.98752,104,45,119,6,20250630_204522
1751283849.2648654,10074209,2578997504,2578.997504,108,44,118,6,20250630_204522
1751283849.2748494,10074248,2579007488,2579.007488,112,43,119,6,20250630_204522
1751283849.2850895,10074288,2579017728,2579.017728,116,43,119,6,20250630_204522
1751283849.2950735,10074327,2579027712,2579.027712,119,42,120,6,20250630_204522
1751283849.3050573,10074366,2579037696,2579.037696,123,42,120,6,20250630_204522
1751283849.3150413,10074405,2579047680,2579.04768,127,40,121,6,20250630_204522
1751283849.325025,10074444,2579057664,2579.057664,131,41,121,6,20250630_204522
1751283849.335009,10074483,2579067648,2579.067648,135,41,122,6,20250630_204522
1751283849.3449934,10074522,2579077632,2579.077632,139,41,122,6,20250630_204522
1751283849.3549774,10074561,2579087616,2579.087616,142,41,124,6,20250630_204522
1751283849.3649614,10074600,2579097600,2579.0976,146,41,125,6,20250630_204522
1751283849.3749454,10074639,2579107584,2579.107584,150,40,126,6,20250630_204522
1751283849.3849294,10074678,2579117568,2579.117568,154,41,127,6,20250630_204522
1751283849.3949134,10074717,2579127552,2579.127552,158,41,128,6,20250630_204522
1751283849.4048977,10074756,2579137536,2579.137536,161,41,130,6,20250630_204522
1751283849.4148817,10074795,2579147520,2579.14752,165,40,131,6,20250630_204522
1751283849.4248655,10074834,2579157504,2579.157504,169,41,136,6,20250630_204522
1751283849.435105,10074874,2579167744,2579.167744,173,41,140,6,20250630_204522
1751283849.445089,10074913,2579177728,2579.177728,177,42,145,6,20250630_204522
1751283849.4550734,10074952,2579187712,2579.187712,181,42,152,6,20250630_204522
1751283849.4650574,10074991,2579197696,2579.197696,184,43,156,6,20250630_204522
1751283849.4750414,10075030,2579207680,2579.20768,188,43,159,6,20250630_204522
1751283849.4850254,10075069,2579217664,2579.217664,192,43,161,6,20250630_204522
1751283849.4950094,10075108,2579227648,2579.227648,196,43,163,6,20250630_204522
1751283849.5049934,10075147,2579237632,2579.237632,200,44,164,6,20250630_204522
1751283849.5149777,10075186,2579247616,2579.247616,204,44,166,6,20250630_204522
1751283849.5249617,10075225,2579257600,2579.2576,207,46,167,6,20250630_204522
1751283849.5349455,10075264,2579267584,2579.267584,211,46,165,6,20250630_204522
1751283849.5449295,10075303,2579277568,2579.277568,215,48,167,6,20250630_204522
1751283849.5549135,10075342,2579287552,2579.287552,219,47,166,6,20250630_204522
1751283849.5648973,10075381,2579297536,2579.297536,223,49,167,6,20250630_204522
1751283849.5751374,10075421,2579307776,2579.307776,226,50,168,6,20250630_204522
1751283849.5851214,10075460,2579317760,2579.31776,230,71,168,6,20250630_204522
1751283849.5951054,10075499,2579327744,2579.327744,234,68,167,6,20250630_204522
1751283849.6050894,10075538,2579337728,2579.337728,238,81,168,6,20250630_204522
1751283849.6150734,10075577,2579347712,2579.347712,242,70,167,6,20250630_204522
1751283849.6250577,10075616,2579357696,2579.357696,246,100,168,6,20250630_204522
1751283849.6350417,10075655,2579367680,2579.36768,249,66,168,6,20250630_204522
1751283849.6450255,10075694,2579377664,2579.377664,253,65,169,6,20250630_204522
1751283849.6550095,10075733,2579387648,2579.387648,2,79,168,6,20250630_204522
1751283849.6649933,10075772,2579397632,2579.397632,6,87,168,6,20250630_204522
1751283849.6749773,10075811,2579407616,2579.407616,10,63,170,6,20250630_204522
1751283849.6849613,10075850,2579417600,2579.4176,14,65,168,6,20250630_204522
1751283849.694945,10075889,2579427584,2579.427584,17,61,167,6,20250630_204522
1751283849.7049294,10075928,2579437568,2579.437568,21,88,168,6,20250630_204522
1751283849.7151694,10075968,2579447808,2579.447808,25,120,168,6,20250630_204522
1751283849.7251534,10076007,2579457792,2579.457792,29,117,168,6,20250630_204522
1751283849.7351377,10076046,2579467776,2579.467776,33,67,168,6,20250630_204522
1751283849.7451217,10076085,2579477760,2579.47776,36,61,167,6,20250630_204522
1751283849.7551055,10076124,2579487744,2579.487744,40,103,168,6,20250630_204522
1751283849.7650895,10076163,2579497728,2579.497728,44,112,168,6,20250630_204522
1751283849.7750733,10076202,2579507712,2579.507712,48,54,166,6,20250630_204522
1751283849.7850573,10076241,2579517696,2579.517696,52,79,165,6,20250630_204522
1751283849.795041,10076280,2579527680,2579.52768,56,65,162,6,20250630_204522
1751283849.805025,10076319,2579537664,2579.537664,59,56,158,6,20250630_204522
1751283849.8150094,10076358,2579547648,2579.547648,63,64,153,6,20250630_204522
1751283849.8249934,10076397,2579557632,2579.557632,67,176,149,6,20250630_204522
1751283849.8349774,10076436,2579567616,2579.567616,71,51,141,6,20250630_204522
1751283849.8449614,10076475,2579577600,2579.5776,75,49,136,6,20250630_204522
1751283849.8549454,10076514,2579587584,2579.587584,79,46,132,6,20250630_204522
1751283849.8651855,10076554,2579597824,2579.597824,82,45,128,6,20250630_204522
1751283849.8751695,10076593,2579607808,2579.607808,86,44,127,6,20250630_204522
1751283849.8851533,10076632,2579617792,2579.617792,90,44,125,6,20250630_204522
1751283849.8951373,10076671,2579627776,2579.627776,94,43,122,6,20250630_204522
1751283849.905121,10076710,2579637760,2579.63776,98,44,120,6,20250630_204522
1751283849.915105,10076749,2579647744,2579.647744,101,41,119,6,20250630_204522
1751283849.9250894,10076788,2579657728,2579.657728,105,41,117,6,20250630_204522
1751283849.9350734,10076827,2579667712,2579.667712,109,40,120,6,20250630_204522
1751283849.9450574,10076866,2579677696,2579.677696,113,39,121,6,20250630_204522
1751283849.9550414,10076905,2579687680,2579.68768,117,38,121,6,20250630_204522
1751283849.9650254,10076944,2579697664,2579.697664,121,38,121,6,20250630_204522
1751283849.9750094,10076983,2579707648,2579.707648,124,36,122,6,20250630_204522
1751283849.9849937,10077022,2579717632,2579.717632,128,36,122,6,20250630_204522
1751283849.9949777,10077061,2579727616,2579.727616,132,36,124,6,20250630_204522
1751283850.0052173,10077101,2579737856,2579.737856,136,36,123,6,20250630_204522
1751283850.015201,10077140,2579747840,2579.74784,140,35,124,6,20250630_204522
1751283850.025185,10077179,2579757824,2579.757824,144,36,126,6,20250630_204522
1751283850.0351694,10077218,2579767808,2579.767808,147,35,127,6,20250630_204522
1751283850.0451534,10077257,2579777792,2579.777792,151,36,127,6,20250630_204522
1751283850.0551374,10077296,2579787776,2579.787776,155,36,128,6,20250630_204522
1751283850.0651214,10077335,2579797760,2579.79776,159,36,130,6,20250630_204522
1751283850.0751054,10077374,2579807744,2579.807744,163,38,132,6,20250630_204522
1751283850.0850894,10077413,2579817728,2579.817728,166,40,135,6,20250630_204522
1751283850.0950737,10077452,2579827712,2579.827712,170,44,139,6,20250630_204522
1751283850.1050577,10077491,2579837696,2579.837696,174,39,143,6,20250630_204522
1751283850.1150415,10077530,2579847680,2579.84768,178,37,148,6,20250630_204522
1751283850.1250255,10077569,2579857664,2579.857664,182,40,153,6,20250630_204522
1751283850.1350093,10077608,2579867648,2579.867648,186,37,158,6,20250630_204522
1751283850.1452494,10077648,2579877888,2579.877888,189,38,160,6,20250630_204522
1751283850.1552334,10077687,2579887872,2579.887872,193,37,162,6,20250630_204522
1751283850.1652174,10077726,2579897856,2579.897856,197,38,163,6,20250630_204522
1751283850.1752014,10077765,2579907840,2579.90784,201,38,165,6,20250630_204522
1751283850.1851854,10077804,2579917824,2579.917824,205,40,166,6,20250630_204522
1751283850.1951694,10077843,2579927808,2579.927808,209,39,167,6,20250630_204522
1751283850.2051537,10077882,2579937792,2579.937792,212,41,167,6,20250630_204522
1751283850.2151375,10077921,2579947776,2579.947776,216,40,167,6,20250630_204522
1751283850.2251215,10077960,2579957760,2579.95776,220,42,167,6,20250630_204522
1751283850.2351055,10077999,2579967744,2579.967744,224,42,167,6,20250630_204522
1751283850.2450893,10078038,2579977728,2579.977728,228,53,168,6,20250630_204522
1751283850.2550733,10078077,2579987712,2579.987712,231,50,168,6,20250630_204522
1751283850.265057,10078116,2579997696,2579.997696,235,70,168,6,20250630_204522
1751283850.275041,10078155,2580007680,2580.00768,239,63,167,6,20250630_204522
1751283850.2850254,10078194,2580017664,2580.017664,243,50,168,6,20250630_204522
1751283850.2952654,10078234,2580027904,2580.027904,247,53,168,6,20250630_204522
1751283850.3052497,10078273,2580037888,2580.037888,251,72,168,6,20250630_204522
1751283850.3152337,10078312,2580047872,2580.047872,254,85,168,6,20250630_204522
1751283850.3252175,10078351,2580057856,2580.057856,3,172,169,6,20250630_204522
1751283850.3352015,10078390,2580067840,2580.06784,7,71,168,6,20250630_204522
1751283850.3451855,10078429,2580077824,2580.077824,11,51,168,6,20250630_204522
1751283850.3551693,10078468,2580087808,2580.087808,15,52,168,6,20250630_204522
1751283850.3651533,10078507,2580097792,2580.097792,19,65,168,6,20250630_204522
1751283850.375137,10078546,2580107776,2580.107776,22,60,168,6,20250630_204522
1751283850.385121,10078585,2580117760,2580.11776,26,60,168,6,20250630_204522
1751283850.3951054,10078624,2580127744,2580.127744,30,88,168,6,20250630_204522
1751283850.4050894,10078663,2580137728,2580.137728,34,85,168,6,20250630_204522
1751283850.4150734,10078702,2580147712,2580.147712,38,69,167,6,20250630_204522
1751283850.4250574,10078741,2580157696,2580.157696,41,55,167,6,20250630_204522
1751283850.4352975,10078781,2580167936,2580.167936,45,52,167,6,20250630_204522
1751283850.4452815,10078820,2580177920,2580.17792,49,52,166,6,20250630_204522
1751283850.4552653,10078859,2580187904,2580.187904,53,94,164,6,20250630_204522
1751283850.4652493,10078898,2580197888,2580.197888,57,78,162,6,20250630_204522
1751283850.4752333,10078937,2580207872,2580.207872,61,55,159,6,20250630_204522
1751283850.485217,10078976,2580217856,2580.217856,64,44,155,6,20250630_204522
1751283850.495201,10079015,2580227840,2580.22784,68,42,149,6,20250630_204522
1751283850.5051854,10079054,2580237824,2580.237824,72,42,144,6,20250630_204522
1751283850.5151694,10079093,2580247808,2580.247808,76,40,139,6,20250630_204522
1751283850.5251534,10079132,2580257792,2580.257792,80,41,135,6,20250630_204522
1751283850.5351374,10079171,2580267776,2580.267776,84,39,131,6,20250630_204522
1751283850.5451214,10079210,2580277760,2580.27776,87,40,127,6,20250630_204522
1751283850.5551054,10079249,2580287744,2580.287744,91,38,126,6,20250630_204522
1751283850.5650897,10079288,2580297728,2580.297728,95,38,124,6,20250630_204522
1751283850.5753293,10079328,2580307968,2580.307968,99,37,121,6,20250630_204522
1751283850.585313,10079367,2580317952,2580.317952,103,38,120,6,20250630_204522
1751283850.595297,10079406,2580327936,2580.327936,106,35,119,6,20250630_204522
1751283850.6052814,10079445,2580337920,2580.33792,110,35,119,6,20250630_204522
1751283850.6152654,10079484,2580347904,2580.347904,114,33,120,6,20250630_204522
1751283850.6252494,10079523,2580357888,2580.357888,118,33,121,6,20250630_204522
1751283850.6352334,10079562,2580367872,2580.367872,122,31,120,6,20250630_204522
1751283850.6452174,10079601,2580377856,2580.377856,126,32,121,6,20250630_204522
1751283850.6552014,10079640,2580387840,2580.38784,129,32,121,6,20250630_204522
1751283850.6651857,10079679,2580397824,2580.397824,133,32,121,6,20250630_204522
1751283850.6751697,10079718,2580407808,2580.407808,137,31,121,6,20250630_204522
1751283850.6851535,10079757,2580417792,2580.417792,141,31,122,6,20250630_204522
1751283850.6951375,10079796,2580427776,2580.427776,145,31,124,6,20250630_204522
1751283850.7051215,10079835,2580437760,2580.43776,149,31,126,6,20250630_204522
1751283850.7153614,10079875,2580448000,2580.448,152,31,127,6,20250630_204522
1751283850.7253454,10079914,2580457984,2580.457984,156,33,127,6,20250630_204522
1751283850.7353294,10079953,2580467968,2580.467968,160,31,129,6,20250630_204522
1751283850.7453134,10079992,2580477952,2580.477952,164,33,130,6,20250630_204522
1751283850.7552974,10080031,2580487936,2580.487936,168,33,133,6,20250630_204522
1751283850.7652814,10080070,2580497920,2580.49792,171,34,137,6,20250630_204522
1751283850.7752657,10080109,2580507904,2580.507904,175,33,141,6,20250630_204522
1751283850.7852497,10080148,2580517888,2580.517888,179,33,146,6,20250630_204522
1751283850.7952335,10080187,2580527872,2580.527872,183,32,152,6,20250630_204522
1751283850.8052175,10080226,2580537856,2580.537856,187,33,157,6,20250630_204522
1751283850.8152015,10080265,2580547840,2580.54784,191,33,160,6,20250630_204522
1751283850.8251853,10080304,2580557824,2580.557824,194,33,162,6,20250630_204522
1751283850.8351693,10080343,2580567808,2580.567808,198,33,162,6,20250630_204522
1751283850.845153,10080382,2580577792,2580.577792,202,34,165,6,20250630_204522
1751283850.855137,10080421,2580587776,2580.587776,206,33,166,6,20250630_204522
1751283850.8653774,10080461,2580598016,2580.598016,210,35,167,6,20250630_204522
1751283850.8753614,10080500,2580608000,2580.608,214,35,166,6,20250630_204522
1751283850.8853457,10080539,2580617984,2580.617984,217,37,165,6,20250630_204522
1751283850.8953297,10080578,2580627968,2580.627968,221,36,167,6,20250630_204522
1751283850.9053135,10080617,2580637952,2580.637952,225,38,166,6,20250630_204522
1751283850.9152975,10080656,2580647936,2580.647936,229,39,168,6,20250630_204522
1751283850.9252813,10080695,2580657920,2580.65792,233,47,168,6,20250630_204522
1751283850.9352653,10080734,2580667904,2580.667904,236,65,168,6,20250630_204522
1751283850.9452493,10080773,2580677888,2580.677888,240,41,168,6,20250630_204522
1751283850.955233,10080812,2580687872,2580.687872,244,41,168,6,20250630_204522
1751283850.9652174,10080851,2580697856,2580.697856,248,45,168,6,20250630_204522
1751283850.9752014,10080890,2580707840,2580.70784,252,49,168,6,20250630_204522
1751283850.9851854,10080929,2580717824,2580.717824,1,57,168,6,20250630_204522
1751283850.9951694,10080968,2580727808,2580.727808,4,49,168,6,20250630_204522
1751283851.0054097,10081008,2580738048,2580.738048,8,54,168,6,20250630_204522
1751283851.0153935,10081047,2580748032,2580.748032,12,43,169,6,20250630_204522
1751283851.0253775,10081086,2580758016,2580.758016,16,49,169,6,20250630_204522
1751283851.0353613,10081125,2580768000,2580.768,20,47,168,6,20250630_204522
1751283851.0453453,10081164,2580777984,2580.777984,24,61,170,6,20250630_204522
1751283851.055329,10081203,2580787968,2580.787968,27,65,169,6,20250630_204522
1751283851.065313,10081242,2580797952,2580.797952,31,74,170,6,20250630_204522
1751283851.0752974,10081281,2580807936,2580.807936,35,61,168,6,20250630_204522
1751283851.0852814,10081320,2580817920,2580.81792,39,71,168,6,20250630_204522
1751283851.0952654,10081359,2580827904,2580.827904,43,53,167,6,20250630_204522
1751283851.1052494,10081398,2580837888,2580.837888,46,45,168,6,20250630_204522
1751283851.1152334,10081437,2580847872,2580.847872,50,43,166,6,20250630_204522
1751283851.1252174,10081476,2580857856,2580.857856,54,43,163,6,20250630_204522
1751283851.1352017,10081515,2580867840,2580.86784,58,102,160,6,20250630_204522
1751283851.1451857,10081554,2580877824,2580.877824,62,82,157,6,20250630_204522
1751283851.1554253,10081594,2580888064,2580.888064,66,39,152,6,20250630_204522
1751283851.165409,10081633,2580898048,2580.898048,69,38,147,6,20250630_204522
1751283851.175393,10081672,2580908032,2580.908032,73,36,141,6,20250630_204522
1751283851.1853774,10081711,2580918016,2580.918016,77,37,136,6,20250630_204522
1751283851.1953614,10081750,2580928000,2580.928,81,35,133,6,20250630_204522
1751283851.2053454,10081789,2580937984,2580.937984,85,36,129,6,20250630_204522
1751283851.2153294,10081828,2580947968,2580.947968,89,34,127,6,20250630_204522
1751283851.2253134,10081867,2580957952,2580.957952,92,34,125,6,20250630_204522
1751283851.2352974,10081906,2580967936,2580.967936,96,33,123,6,20250630_204522
1751283851.2452817,10081945,2580977920,2580.97792,100,33,120,6,20250630_204522
1751283851.2552657,10081984,2580987904,2580.987904,104,32,119,6,20250630_204522
1751283851.2652495,10082023,2580997888,2580.997888,108,32,119,6,20250630_204522
1751283851.2752335,10082062,2581007872,2581.007872,112,31,120,6,20250630_204522
1751283851.285473,10082102,2581018112,2581.018112,115,31,122,6,20250630_204522
1751283851.2954574,10082141,2581028096,2581.028096,119,29,122,6,20250630_204522
1751283851.3054414,10082180,2581038080,2581.03808,123,29,122,6,20250630_204522
1751283851.3154254,10082219,2581048064,2581.048064,127,28,122,6,20250630_204522
1751283851.3254094,10082258,2581058048,2581.058048,131,28,121,6,20250630_204522
1751283851.3353934,10082297,2581068032,2581.068032,135,27,122,6,20250630_204522
1751283851.3456335,10082337,2581078272,2581.078272,138,27,124,6,20250630_204522
1751283851.3556173,10082376,2581088256,2581.088256,142,27,124,6,20250630_204522
1751283851.3656013,10082415,2581098240,2581.09824,146,27,125,6,20250630_204522
1751283851.3755853,10082454,2581108224,2581.108224,150,27,127,6,20250630_204522
1751283851.385569,10082493,2581118208,2581.118208,154,28,127,6,20250630_204522
1751283851.3955534,10082532,2581128192,2581.128192,157,27,129,6,20250630_204522
1751283851.4055374,10082571,2581138176,2581.138176,161,28,131,6,20250630_204522
1751283851.4157774,10082611,2581148416,2581.148416,165,28,134,6,20250630_204522
1751283851.4257617,10082650,2581158400,2581.1584,169,29,137,6,20250630_204522
1751283851.4357457,10082689,2581168384,2581.168384,173,31,142,6,20250630_204522
1751283851.4457295,10082728,2581178368,2581.178368,177,28,147,6,20250630_204522
1751283851.4557135,10082767,2581188352,2581.188352,180,28,152,6,20250630_204522
1751283851.4656973,10082806,2581198336,2581.198336,184,28,157,6,20250630_204522
1751283851.4756813,10082845,2581208320,2581.20832,188,27,160,6,20250630_204522
1751283851.4859214,10082885,2581218560,2581.21856,192,28,162,6,20250630_204522
1751283851.4959054,10082924,2581228544,2581.228544,196,28,164,6,20250630_204522
1751283851.5058894,10082963,2581238528,2581.238528,200,28,164,6,20250630_204522
1751283851.5158734,10083002,2581248512,2581.248512,203,28,166,6,20250630_204522
1751283851.5258574,10083041,2581258496,2581.258496,207,29,166,6,20250630_204522
1751283851.5358417,10083080,2581268480,2581.26848,211,29,167,6,20250630_204522
1751283851.5458255,10083119,2581278464,2581.278464,215,30,167,6,20250630_204522
1751283851.556065,10083159,2581288704,2581.288704,219,30,167,6,20250630_204522
1751283851.566049,10083198,2581298688,2581.298688,223,31,167,6,20250630_204522
1751283851.5760334,10083237,2581308672,2581.308672,226,31,167,6,20250630_204522
1751283851.5860174,10083276,2581318656,2581.318656,230,37,167,6,20250630_204522
1751283851.5960014,10083315,2581328640,2581.32864,234,45,168,6,20250630_204522
1751283851.6059854,10083354,2581338624,2581.338624,238,32,168,6,20250630_204522
1751283851.6162255,10083394,2581348864,2581.348864,242,33,167,6,20250630_204522
1751283851.6262095,10083433,2581358848,2581.358848,246,38,167,6,20250630_204522
1751283851.6361935,10083472,2581368832,2581.368832,249,32,168,6,20250630_204522
1751283851.6461773,10083511,2581378816,2581.378816,253,32,168,6,20250630_204522
1751283851.6561613,10083550,2581388800,2581.3888,2,38,168,6,20250630_204522
1751283851.666145,10083589,2581398784,2581.398784,6,53,168,6,20250630_204522
1751283851.676129,10083628,2581408768,2581.408768,10,38,168,6,20250630_204522
1751283851.6863694,10083668,2581419008,2581.419008,14,57,168,6,20250630_204522
1751283851.6963534,10083707,2581428992,2581.428992,17,38,168,6,20250630_204522
1751283851.7063377,10083746,2581438976,2581.438976,21,38,168,6,20250630_204522
1751283851.7163217,10083785,2581448960,2581.44896,25,38,168,6,20250630_204522
1751283851.7263055,10083824,2581458944,2581.458944,29,36,168,6,20250630_204522
1751283851.7362895,10083863,2581468928,2581.468928,33,38,168,6,20250630_204522
1751283851.7462735,10083902,2581478912,2581.478912,37,48,167,6,20250630_204522
1751283851.7562573,10083941,2581488896,2581.488896,40,45,167,6,20250630_204522
1751283851.7662413,10083980,2581498880,2581.49888,44,34,167,6,20250630_204522
1751283851.776225,10084019,2581508864,2581.508864,48,32,166,6,20250630_204522
1751283851.786209,10084058,2581518848,2581.518848,52,33,164,6,20250630_204522
1751283851.7961934,10084097,2581528832,2581.528832,56,45,162,6,20250630_204522
1751283851.8064334,10084137,2581539072,2581.539072,59,71,157,6,20250630_204522
1751283851.8164177,10084176,2581549056,2581.549056,63,31,153,6,20250630_204522
1751283851.8264017,10084215,2581559040,2581.55904,67,31,149,6,20250630_204522
1751283851.8363855,10084254,2581569024,2581.569024,71,29,143,6,20250630_204522
1751283851.8463695,10084293,2581579008,2581.579008,75,30,137,6,20250630_204522
1751283851.8563535,10084332,2581588992,2581.588992,79,29,133,6,20250630_204522
1751283851.8663373,10084371,2581598976,2581.598976,82,30,129,6,20250630_204522
1751283851.8763213,10084410,2581608960,2581.60896,86,28,127,6,20250630_204522
1751283851.886305,10084449,2581618944,2581.618944,90,29,126,6,20250630_204522
1751283851.896289,10084488,2581628928,2581.628928,94,28,121,6,20250630_204522
1751283851.9062734,10084527,2581638912,2581.638912,98,29,118,6,20250630_204522
1751283851.9162574,10084566,2581648896,2581.648896,102,26,118,6,20250630_204522
1751283851.9262414,10084605,2581658880,2581.65888,105,27,119,6,20250630_204522
1751283851.9362254,10084644,2581668864,2581.668864,109,26,120,6,20250630_204522
1751283851.9462094,10084683,2581678848,2581.678848,113,25,120,6,20250630_204522
1751283851.9564495,10084723,2581689088,2581.689088,117,24,120,6,20250630_204522
1751283851.9664333,10084762,2581699072,2581.699072,121,25,120,6,20250630_204522
1751283851.9764173,10084801,2581709056,2581.709056,124,24,121,6,20250630_204522
1751283851.986401,10084840,2581719040,2581.71904,128,25,120,6,20250630_204522
1751283851.996385,10084879,2581729024,2581.729024,132,24,121,6,20250630_204522
1751283852.0063694,10084918,2581739008,2581.739008,136,24,123,6,20250630_204522
1751283852.0163534,10084957,2581748992,2581.748992,140,24,123,6,20250630_204522
1751283852.0263374,10084996,2581758976,2581.758976,144,24,125,6,20250630_204522
1751283852.0363214,10085035,2581768960,2581.76896,147,23,126,6,20250630_204522
1751283852.0463054,10085074,2581778944,2581.778944,151,24,127,6,20250630_204522
1751283852.0562894,10085113,2581788928,2581.788928,155,25,127,6,20250630_204522
1751283852.0662737,10085152,2581798912,2581.798912,159,26,128,6,20250630_204522
1751283852.0762577,10085191,2581808896,2581.808896,163,25,130,6,20250630_204522
1751283852.0862415,10085230,2581818880,2581.81888,167,26,133,6,20250630_204522
1751283852.096481,10085270,2581829120,2581.82912,170,26,138,6,20250630_204522
1751283852.106465,10085309,2581839104,2581.839104,174,26,143,6,20250630_204522
1751283852.1164494,10085348,2581849088,2581.849088,178,26,149,6,20250630_204522
1751283852.1264334,10085387,2581859072,2581.859072,182,25,153,6,20250630_204522
1751283852.1364174,10085426,2581869056,2581.869056,186,25,156,6,20250630_204522
1751283852.1464014,10085465,2581879040,2581.87904,189,26,160,6,20250630_204522
1751283852.1563854,10085504,2581889024,2581.889024,193,26,162,6,20250630_204522
1751283852.1663694,10085543,2581899008,2581.899008,197,26,164,6,20250630_204522
1751283852.1763537,10085582,2581908992,2581.908992,201,26,164,6,20250630_204522
1751283852.1863377,10085621,2581918976,2581.918976,205,26,165,6,20250630_204522
1751283852.1963215,10085660,2581928960,2581.92896,209,26,167,6,20250630_204522
1751283852.2063055,10085699,2581938944,2581.938944,212,28,167,6,20250630_204522
1751283852.2162895,10085738,2581948928,2581.948928,216,28,166,6,20250630_204522
1751283852.2262733,10085777,2581958912,2581.958912,220,29,167,6,20250630_204522
1751283852.2362573,10085816,2581968896,2581.968896,224,29,167,6,20250630_204522
1751283852.2464974,10085856,2581979136,2581.979136,228,37,167,6,20250630_204522
1751283852.2564814,10085895,2581989120,2581.98912,232,40,168,6,20250630_204522
1751283852.2664654,10085934,2581999104,2581.999104,235,31,168,6,20250630_204522
1751283852.2764494,10085973,2582009088,2582.009088,239,30,168,6,20250630_204522
1751283852.2864337,10086012,2582019072,2582.019072,243,32,167,6,20250630_204522
1751283852.2964177,10086051,2582029056,2582.029056,247,34,167,6,20250630_204522
1751283852.3064015,10086090,2582039040,2582.03904,251,33,168,6,20250630_204522
1751283852.3163855,10086129,2582049024,2582.049024,254,34,168,6,20250630_204522
1751283852.3263693,10086168,2582059008,2582.059008,3,38,167,6,20250630_204522
1751283852.3363533,10086207,2582068992,2582.068992,7,35,168,6,20250630_204522
1751283852.3463373,10086246,2582078976,2582.078976,11,40,169,6,20250630_204522
1751283852.356321,10086285,2582088960,2582.08896,15,40,168,6,20250630_204522
1751283852.3663054,10086324,2582098944,2582.098944,19,44,168,6,20250630_204522
1751283852.3762894,10086363,2582108928,2582.108928,22,39,168,6,20250630_204522
1751283852.3865294,10086403,2582119168,2582.119168,26,39,168,6,20250630_204522
1751283852.3965137,10086442,2582129152,2582.129152,30,38,168,6,20250630_204522
1751283852.4064977,10086481,2582139136,2582.139136,34,45,167,6,20250630_204522
1751283852.4164815,10086520,2582149120,2582.14912,38,37,167,6,20250630_204522
1751283852.4264655,10086559,2582159104,2582.159104,42,34,167,6,20250630_204522
1751283852.4364493,10086598,2582169088,2582.169088,45,32,169,6,20250630_204522
1751283852.4464333,10086637,2582179072,2582.179072,49,33,165,6,20250630_204522
1751283852.456417,10086676,2582189056,2582.189056,53,32,164,6,20250630_204522
1751283852.466401,10086715,2582199040,2582.19904,57,62,162,6,20250630_204522
1751283852.4763854,10086754,2582209024,2582.209024,61,46,159,6,20250630_204522
1751283852.4863694,10086793,2582219008,2582.219008,65,31,155,6,20250630_204522
1751283852.4963534,10086832,2582228992,2582.228992,68,30,150,6,20250630_204522
1751283852.5063374,10086871,2582238976,2582.238976,72,31,144,6,20250630_204522
1751283852.5163214,10086910,2582248960,2582.24896,76,30,140,6,20250630_204522
1751283852.5265615,10086950,2582259200,2582.2592,80,30,135,6,20250630_204522
1751283852.5365455,10086989,2582269184,2582.269184,84,29,131,6,20250630_204522
1751283852.5465293,10087028,2582279168,2582.279168,87,30,127,6,20250630_204522
1751283852.5565133,10087067,2582289152,2582.289152,91,29,126,6,20250630_204522
1751283852.566497,10087106,2582299136,2582.299136,95,29,124,6,20250630_204522
1751283852.576481,10087145,2582309120,2582.30912,99,28,122,6,20250630_204522
1751283852.5864654,10087184,2582319104,2582.319104,103,28,119,6,20250630_204522
1751283852.5964494,10087223,2582329088,2582.329088,107,27,119,6,20250630_204522
1751283852.6064334,10087262,2582339072,2582.339072,110,26,119,6,20250630_204522
1751283852.6164174,10087301,2582349056,2582.349056,114,25,119,6,20250630_204522
1751283852.6264014,10087340,2582359040,2582.35904,118,25,120,6,20250630_204522
1751283852.6363854,10087379,2582369024,2582.369024,122,25,120,6,20250630_204522
1751283852.6463697,10087418,2582379008,2582.379008,126,25,121,6,20250630_204522
1751283852.6563537,10087457,2582388992,2582.388992,130,25,121,6,20250630_204522
1751283852.6663375,10087496,2582398976,2582.398976,133,25,122,6,20250630_204522
1751283852.676577,10087536,2582409216,2582.409216,137,24,122,6,20250630_204522
1751283852.686561,10087575,2582419200,2582.4192,141,24,123,6,20250630_204522
1751283852.6965454,10087614,2582429184,2582.429184,145,24,124,6,20250630_204522
1751283852.7065294,10087653,2582439168,2582.439168,149,25,126,6,20250630_204522
1751283852.7165134,10087692,2582449152,2582.449152,152,25,127,6,20250630_204522
1751283852.7264974,10087731,2582459136,2582.459136,156,26,127,6,20250630_204522
1751283852.7364814,10087770,2582469120,2582.46912,160,27,128,6,20250630_204522
1751283852.7464654,10087809,2582479104,2582.479104,164,29,130,6,20250630_204522
1751283852.7564497,10087848,2582489088,2582.489088,168,27,134,6,20250630_204522
1751283852.7664337,10087887,2582499072,2582.499072,172,31,137,6,20250630_204522
1751283852.7764175,10087926,2582509056,2582.509056,175,26,143,6,20250630_204522
1751283852.7864015,10087965,2582519040,2582.51904,179,26,148,6,20250630_204522
1751283852.7963853,10088004,2582529024,2582.529024,183,25,154,6,20250630_204522
1751283852.8063693,10088043,2582539008,2582.539008,187,27,158,6,20250630_204522
1751283852.8166094,10088083,2582549248,2582.549248,191,26,161,6,20250630_204522
1751283852.8265934,10088122,2582559232,2582.559232,195,26,163,6,20250630_204522
1751283852.8365774,10088161,2582569216,2582.569216,198,26,164,6,20250630_204522
1751283852.8465614,10088200,2582579200,2582.5792,202,27,166,6,20250630_204522
1751283852.8565454,10088239,2582589184,2582.589184,206,27,166,6,20250630_204522
1751283852.8665297,10088278,2582599168,2582.599168,210,28,166,6,20250630_204522
1751283852.8765135,10088317,2582609152,2582.609152,214,28,166,6,20250630_204522
1751283852.8864975,10088356,2582619136,2582.619136,217,29,167,6,20250630_204522
1751283852.8964815,10088395,2582629120,2582.62912,221,29,167,6,20250630_204522
1751283852.9064653,10088434,2582639104,2582.639104,225,31,167,6,20250630_204522
1751283852.9164493,10088473,2582649088,2582.649088,229,35,168,6,20250630_204522
1751283852.926433,10088512,2582659072,2582.659072,233,43,168,6,20250630_204522
1751283852.936417,10088551,2582669056,2582.669056,237,31,167,6,20250630_204522
1751283852.9464014,10088590,2582679040,2582.67904,240,31,168,6,20250630_204522
1751283852.9566414,10088630,2582689280,2582.68928,244,31,168,6,20250630_204522
1751283852.9666257,10088669,2582699264,2582.699264,248,35,168,6,20250630_204522
1751283852.9766097,10088708,2582709248,2582.709248,252,32,168,6,20250630_204522
1751283852.9865935,10088747,2582719232,2582.719232,1,37,167,6,20250630_204522
1751283852.9965775,10088786,2582729216,2582.729216,5,37,168,6,20250630_204522
1751283853.0065615,10088825,2582739200,2582.7392,8,34,168,6,20250630_204522
1751283853.0165453,10088864,2582749184,2582.749184,12,37,169,6,20250630_204522
1751283853.0265293,10088903,2582759168,2582.759168,16,47,169,6,20250630_204522
1751283853.036513,10088942,2582769152,2582.769152,20,44,169,6,20250630_204522
1751283853.046497,10088981,2582779136,2582.779136,24,36,168,6,20250630_204522
1751283853.0564814,10089020,2582789120,2582.78912,27,36,169,6,20250630_204522
1751283853.0664654,10089059,2582799104,2582.799104,31,40,168,6,20250630_204522
1751283853.0764494,10089098,2582809088,2582.809088,35,37,168,6,20250630_204522
1751283853.0864334,10089137,2582819072,2582.819072,39,39,168,6,20250630_204522
1751283853.0966735,10089177,2582829312,2582.829312,43,46,167,6,20250630_204522
1751283853.1066575,10089216,2582839296,2582.839296,47,39,166,6,20250630_204522
1751283853.1166415,10089255,2582849280,2582.84928,50,33,164,6,20250630_204522
1751283853.1266253,10089294,2582859264,2582.859264,54,33,163,6,20250630_204522
1751283853.1366093,10089333,2582869248,2582.869248,58,38,159,6,20250630_204522
1751283853.146593,10089372,2582879232,2582.879232,62,72,157,6,20250630_204522
1751283853.156577,10089411,2582889216,2582.889216,66,32,150,6,20250630_204522
1751283853.1665614,10089450,2582899200,2582.8992,70,31,144,6,20250630_204522
1751283853.1765454,10089489,2582909184,2582.909184,73,30,139,6,20250630_204522
1751283853.1865294,10089528,2582919168,2582.919168,77,31,135,6,20250630_204522
1751283853.1965134,10089567,2582929152,2582.929152,81,30,130,6,20250630_204522
1751283853.2064974,10089606,2582939136,2582.939136,85,30,127,6,20250630_204522
1751283853.2164814,10089645,2582949120,2582.94912,89,29,126,6,20250630_204522
1751283853.2264657,10089684,2582959104,2582.959104,92,30,123,6,20250630_204522
1751283853.2364497,10089723,2582969088,2582.969088,96,29,121,6,20250630_204522
1751283853.246689,10089763,2582979328,2582.979328,100,29,119,6,20250630_204522
1751283853.256673,10089802,2582989312,2582.989312,104,28,118,6,20250630_204522
1751283853.2666574,10089841,2582999296,2582.999296,108,27,120,6,20250630_204522
1751283853.2766414,10089880,2583009280,2583.00928,112,27,120,6,20250630_204522
1751283853.2866254,10089919,2583019264,2583.019264,115,26,121,6,20250630_204522
1751283853.2966094,10089958,2583029248,2583.029248,119,26,121,6,20250630_204522
1751283853.3065934,10089997,2583039232,2583.039232,123,26,121,6,20250630_204522
1751283853.3165774,10090036,2583049216,2583.049216,127,26,120,6,20250630_204522
1751283853.3265617,10090075,2583059200,2583.0592,131,26,122,6,20250630_204522
1751283853.3365457,10090114,2583069184,2583.069184,135,26,123,6,20250630_204522
1751283853.3465295,10090153,2583079168,2583.079168,138,26,124,6,20250630_204522
1751283853.3565135,10090192,2583089152,2583.089152,142,26,124,6,20250630_204522
1751283853.3664975,10090231,2583099136,2583.099136,146,27,126,6,20250630_204522
1751283853.3764813,10090270,2583109120,2583.10912,150,28,127,6,20250630_204522
1751283853.3864653,10090309,2583119104,2583.119104,154,29,127,6,20250630_204522
1751283853.3967054,10090349,2583129344,2583.129344,157,29,130,6,20250630_204522
1751283853.4066894,10090388,2583139328,2583.139328,161,29,131,6,20250630_204522
1751283853.4166734,10090427,2583149312,2583.149312,165,30,133,6,20250630_204522
1751283853.4266574,10090466,2583159296,2583.159296,169,33,136,6,20250630_204522
1751283853.4366417,10090505,2583169280,2583.16928,173,31,142,6,20250630_204522
1751283853.4466257,10090544,2583179264,2583.179264,177,30,147,6,20250630_204522
1751283853.4566095,10090583,2583189248,2583.189248,180,27,152,6,20250630_204522
1751283853.4665935,10090622,2583199232,2583.199232,184,27,157,6,20250630_204522
1751283853.4765775,10090661,2583209216,2583.209216,188,27,161,6,20250630_204522
1751283853.4865613,10090700,2583219200,2583.2192,192,28,162,6,20250630_204522
1751283853.4965453,10090739,2583229184,2583.229184,196,28,164,6,20250630_204522
1751283853.506529,10090778,2583239168,2583.239168,200,29,165,6,20250630_204522
1751283853.516513,10090817,2583249152,2583.249152,203,28,166,6,20250630_204522
1751283853.5264974,10090856,2583259136,2583.259136,207,29,167,6,20250630_204522
1751283853.5367374,10090896,2583269376,2583.269376,211,29,167,6,20250630_204522
1751283853.5467217,10090935,2583279360,2583.27936,215,30,167,6,20250630_204522
1751283853.5567057,10090974,2583289344,2583.289344,219,31,167,6,20250630_204522
1751283853.5666895,10091013,2583299328,2583.299328,222,31,168,6,20250630_204522
1751283853.5766735,10091052,2583309312,2583.309312,226,33,168,6,20250630_204522
1751283853.5866573,10091091,2583319296,2583.319296,230,36,167,6,20250630_204522
1751283853.5966413,10091130,2583329280,2583.32928,234,49,168,6,20250630_204522
1751283853.6066253,10091169,2583339264,2583.339264,238,33,168,6,20250630_204522
1751283853.616609,10091208,2583349248,2583.349248,242,34,167,6,20250630_204522
1751283853.6265934,10091247,2583359232,2583.359232,245,37,169,6,20250630_204522
1751283853.6365774,10091286,2583369216,2583.369216,249,36,168,6,20250630_204522
1751283853.6465614,10091325,2583379200,2583.3792,253,36,168,6,20250630_204522
1751283853.6565454,10091364,2583389184,2583.389184,2,40,168,6,20250630_204522
1751283853.6665294,10091403,2583399168,2583.399168,6,48,168,6,20250630_204522
1751283853.6767695,10091443,2583409408,2583.409408,10,37,168,6,20250630_204522
1751283853.6867535,10091482,2583419392,2583.419392,13,41,168,6,20250630_204522
1751283853.6967373,10091521,2583429376,2583.429376,17,38,169,6,20250630_204522
1751283853.7067213,10091560,2583439360,2583.43936,21,38,168,6,20250630_204522
1751283853.716705,10091599,2583449344,2583.449344,25,39,167,6,20250630_204522
1751283853.726689,10091638,2583459328,2583.459328,29,53,168,6,20250630_204522
1751283853.7366734,10091677,2583469312,2583.469312,32,55,169,6,20250630_204522
1751283853.7466574,10091716,2583479296,2583.479296,36,47,168,6,20250630_204522
1751283853.7566414,10091755,2583489280,2583.48928,40,37,168,6,20250630_204522
1751283853.7666254,10091794,2583499264,2583.499264,44,40,168,6,20250630_204522
1751283853.7766094,10091833,2583509248,2583.509248,48,40,167,6,20250630_204522
1751283853.7865934,10091872,2583519232,2583.519232,52,44,164,6,20250630_204522
1751283853.7965777,10091911,2583529216,2583.529216,55,35,163,6,20250630_204522
1751283853.8065617,10091950,2583539200,2583.5392,59,47,159,6,20250630_204522
1751283853.8168013,10091990,2583549440,2583.54944,63,72,156,6,20250630_204522
1751283853.826785,10092029,2583559424,2583.559424,67,37,151,6,20250630_204522
1751283853.836769,10092068,2583569408,2583.569408,71,33,144,6,20250630_204522
1751283853.8467534,10092107,2583579392,2583.579392,75,32,139,6,20250630_204522
1751283853.8567374,10092146,2583589376,2583.589376,78,31,135,6,20250630_204522
1751283853.8667214,10092185,2583599360,2583.59936,82,31,131,6,20250630_204522
1751283853.8767054,10092224,2583609344,2583.609344,86,31,127,6,20250630_204522
1751283853.8866894,10092263,2583619328,2583.619328,90,31,127,6,20250630_204522
1751283853.8966734,10092302,2583629312,2583.629312,94,31,124,6,20250630_204522
1751283853.9066577,10092341,2583639296,2583.639296,97,31,122,6,20250630_204522
1751283853.9166417,10092380,2583649280,2583.64928,101,31,120,6,20250630_204522
1751283853.9266255,10092419,2583659264,2583.659264,105,30,119,6,20250630_204522
1751283853.9366095,10092458,2583669248,2583.669248,109,29,120,6,20250630_204522
1751283853.9465933,10092497,2583679232,2583.679232,113,29,120,6,20250630_204522
1751283853.9568334,10092537,2583689472,2583.689472,117,28,121,6,20250630_204522
1751283853.9668174,10092576,2583699456,2583.699456,120,27,121,6,20250630_204522
1751283853.9768014,10092615,2583709440,2583.70944,124,28,121,6,20250630_204522
1751283853.9867854,10092654,2583719424,2583.719424,128,28,121,6,20250630_204522
1751283853.9967694,10092693,2583729408,2583.729408,132,28,121,6,20250630_204522
1751283854.0067534,10092732,2583739392,2583.739392,136,28,122,6,20250630_204522
1751283854.0167377,10092771,2583749376,2583.749376,140,28,123,6,20250630_204522
1751283854.0267217,10092810,2583759360,2583.75936,143,28,125,6,20250630_204522
1751283854.0367055,10092849,2583769344,2583.769344,147,28,127,6,20250630_204522
1751283854.0466895,10092888,2583779328,2583.779328,151,28,127,6,20250630_204522
1751283854.0566733,10092927,2583789312,2583.789312,155,28,127,6,20250630_204522
1751283854.0666573,10092966,2583799296,2583.799296,159,30,129,6,20250630_204522
1751283854.076641,10093005,2583809280,2583.80928,162,32,131,6,20250630_204522
1751283854.086625,10093044,2583819264,2583.819264,166,39,135,6,20250630_204522
1751283854.0966094,10093083,2583829248,2583.829248,170,35,138,6,20250630_204522
1751283854.1068494,10093123,2583839488,2583.839488,174,31,143,6,20250630_204522
1751283854.1168334,10093162,2583849472,2583.849472,178,28,150,6,20250630_204522
1751283854.1268177,10093201,2583859456,2583.859456,182,30,156,6,20250630_204522
1751283854.1368015,10093240,2583869440,2583.86944,185,29,159,6,20250630_204522
1751283854.1467855,10093279,2583879424,2583.879424,189,30,161,6,20250630_204522
1751283854.1567695,10093318,2583889408,2583.889408,193,30,163,6,20250630_204522
1751283854.1667533,10093357,2583899392,2583.899392,197,30,164,6,20250630_204522
1751283854.1767373,10093396,2583909376,2583.909376,201,29,166,6,20250630_204522
1751283854.186721,10093435,2583919360,2583.91936,205,30,166,6,20250630_204522
1751283854.196705,10093474,2583929344,2583.929344,208,31,167,6,20250630_204522
1751283854.2066894,10093513,2583939328,2583.939328,212,31,168,6,20250630_204522
1751283854.2166734,10093552,2583949312,2583.949312,216,32,167,6,20250630_204522
1751283854.2266574,10093591,2583959296,2583.959296,220,33,167,6,20250630_204522
1751283854.2366414,10093630,2583969280,2583.96928,224,36,167,6,20250630_204522
1751283854.2466254,10093669,2583979264,2583.979264,227,38,168,6,20250630_204522
1751283854.2568655,10093709,2583989504,2583.989504,231,73,168,6,20250630_204522
1751283854.2668495,10093748,2583999488,2583.999488,235,36,168,6,20250630_204522
1751283854.2768333,10093787,2584009472,2584.009472,239,39,168,6,20250630_204522
1751283854.2868173,10093826,2584019456,2584.019456,243,42,166,6,20250630_204522
1751283854.296801,10093865,2584029440,2584.02944,247,49,168,6,20250630_204522
1751283854.306785,10093904,2584039424,2584.039424,250,39,169,6,20250630_204522
1751283854.3167694,10093943,2584049408,2584.049408,254,39,168,6,20250630_204522
1751283854.3267534,10093982,2584059392,2584.059392,3,40,168,6,20250630_204522
1751283854.3367374,10094021,2584069376,2584.069376,7,42,168,6,20250630_204522
1751283854.3467214,10094060,2584079360,2584.07936,11,76,168,6,20250630_204522
1751283854.3567054,10094099,2584089344,2584.089344,15,44,168,6,20250630_204522
1751283854.3666894,10094138,2584099328,2584.099328,18,43,168,6,20250630_204522
1751283854.3766737,10094177,2584109312,2584.109312,22,58,168,6,20250630_204522
1751283854.3866577,10094216,2584119296,2584.119296,26,43,168,6,20250630_204522
1751283854.3968973,10094256,2584129536,2584.129536,30,44,168,6,20250630_204522
1751283854.406881,10094295,2584139520,2584.13952,34,50,168,6,20250630_204522
1751283854.416865,10094334,2584149504,2584.149504,37,43,168,6,20250630_204522
1751283854.4268494,10094373,2584159488,2584.159488,41,44,168,6,20250630_204522
1751283854.4368334,10094412,2584169472,2584.169472,45,47,167,6,20250630_204522
1751283854.4468174,10094451,2584179456,2584.179456,49,45,166,6,20250630_204522
1751283854.4568014,10094490,2584189440,2584.18944,53,39,165,6,20250630_204522
1751283854.4667854,10094529,2584199424,2584.199424,57,38,162,6,20250630_204522
1751283854.4767694,10094568,2584209408,2584.209408,60,39,159,6,20250630_204522
1751283854.4867537,10094607,2584219392,2584.219392,64,82,155,6,20250630_204522
1751283854.4967377,10094646,2584229376,2584.229376,68,49,150,6,20250630_204522
1751283854.5067215,10094685,2584239360,2584.23936,72,36,142,6,20250630_204522
1751283854.5167055,10094724,2584249344,2584.249344,76,34,139,6,20250630_204522
1751283854.5266893,10094763,2584259328,2584.259328,80,34,134,6,20250630_204522
1751283854.5366733,10094802,2584269312,2584.269312,83,33,130,6,20250630_204522
1751283854.5469134,10094842,2584279552,2584.279552,87,33,127,6,20250630_204522
1751283854.5568974,10094881,2584289536,2584.289536,91,32,126,6,20250630_204522
1751283854.5668814,10094920,2584299520,2584.29952,95,33,124,6,20250630_204522
1751283854.5768654,10094959,2584309504,2584.309504,99,32,122,6,20250630_204522
1751283854.5868497,10094998,2584319488,2584.319488,102,31,119,6,20250630_204522
1751283854.5968337,10095037,2584329472,2584.329472,106,31,119,6,20250630_204522
1751283854.6068175,10095076,2584339456,2584.339456,110,31,120,6,20250630_204522
1751283854.6168015,10095115,2584349440,2584.34944,114,30,120,6,20250630_204522
1751283854.6267855,10095154,2584359424,2584.359424,118,30,121,6,20250630_204522
1751283854.6367693,10095193,2584369408,2584.369408,122,29,121,6,20250630_204522
1751283854.6467533,10095232,2584379392,2584.379392,125,30,121,6,20250630_204522
1751283854.656737,10095271,2584389376,2584.389376,129,30,122,6,20250630_204522
1751283854.666721,10095310,2584399360,2584.39936,133,30,123,6,20250630_204522
1751283854.6767054,10095349,2584409344,2584.409344,137,29,122,6,20250630_204522
1751283854.6866894,10095388,2584419328,2584.419328,141,30,124,6,20250630_204522
1751283854.6969297,10095428,2584429568,2584.429568,145,30,124,6,20250630_204522
1751283854.7069137,10095467,2584439552,2584.439552,148,30,126,6,20250630_204522
1751283854.7168975,10095506,2584449536,2584.449536,152,30,127,6,20250630_204522
1751283854.7268815,10095545,2584459520,2584.45952,156,30,127,6,20250630_204522
1751283854.7368655,10095584,2584469504,2584.469504,160,31,128,6,20250630_204522
1751283854.7468493,10095623,2584479488,2584.479488,164,30,131,6,20250630_204522
1751283854.7568333,10095662,2584489472,2584.489472,167,31,134,6,20250630_204522
1751283854.766817,10095701,2584499456,2584.499456,171,31,138,6,20250630_204522
1751283854.776801,10095740,2584509440,2584.50944,175,31,144,6,20250630_204522
1751283854.7867854,10095779,2584519424,2584.519424,179,31,150,6,20250630_204522
1751283854.7967694,10095818,2584529408,2584.529408,183,31,154,6,20250630_204522
1751283854.8067534,10095857,2584539392,2584.539392,187,31,159,6,20250630_204522
1751283854.8167374,10095896,2584549376,2584.549376,190,31,162,6,20250630_204522
1751283854.8267214,10095935,2584559360,2584.55936,194,31,161,6,20250630_204522
1751283854.8367054,10095974,2584569344,2584.569344,198,31,164,6,20250630_204522
1751283854.8469453,10096014,2584579584,2584.579584,202,31,166,6,20250630_204522
1751283854.8569293,10096053,2584589568,2584.589568,206,32,167,6,20250630_204522
1751283854.8669133,10096092,2584599552,2584.599552,210,33,166,6,20250630_204522
1751283854.876897,10096131,2584609536,2584.609536,213,33,167,6,20250630_204522
1751283854.8868814,10096170,2584619520,2584.61952,217,34,166,6,20250630_204522
1751283854.8968654,10096209,2584629504,2584.629504,221,35,167,6,20250630_204522
1751283854.9068494,10096248,2584639488,2584.639488,225,39,168,6,20250630_204522
1751283854.9168334,10096287,2584649472,2584.649472,229,57,168,6,20250630_204522
1751283854.9268174,10096326,2584659456,2584.659456,232,43,168,6,20250630_204522
1751283854.9368014,10096365,2584669440,2584.66944,236,42,168,6,20250630_204522
1751283854.9467854,10096404,2584679424,2584.679424,240,46,169,6,20250630_204522
1751283854.9567697,10096443,2584689408,2584.689408,244,57,168,6,20250630_204522
1751283854.9667535,10096482,2584699392,2584.699392,248,49,167,6,20250630_204522
1751283854.9767375,10096521,2584709376,2584.709376,252,38,168,6,20250630_204522
1751283854.9867215,10096560,2584719360,2584.71936,0,42,168,6,20250630_204522
1751283854.9969614,10096600,2584729600,2584.7296,4,44,168,6,20250630_204522
1751283855.0069454,10096639,2584739584,2584.739584,8,56,168,6,20250630_204522
1751283855.0169294,10096678,2584749568,2584.749568,12,46,168,6,20250630_204522
1751283855.0269134,10096717,2584759552,2584.759552,16,50,168,6,20250630_204522
1751283855.0368974,10096756,2584769536,2584.769536,20,61,169,6,20250630_204522
1751283855.0468814,10096795,2584779520,2584.77952,23,50,168,6,20250630_204522
1751283855.0568657,10096834,2584789504,2584.789504,27,46,168,6,20250630_204522
1751283855.0668497,10096873,2584799488,2584.799488,31,48,169,6,20250630_204522
1751283855.0768335,10096912,2584809472,2584.809472,35,65,170,6,20250630_204522
1751283855.0868175,10096951,2584819456,2584.819456,39,68,168,6,20250630_204522
1751283855.0968015,10096990,2584829440,2584.82944,42,47,168,6,20250630_204522
1751283855.1067853,10097029,2584839424,2584.839424,46,49,169,6,20250630_204522
1751283855.1167693,10097068,2584849408,2584.849408,50,51,167,6,20250630_204522
1751283855.126753,10097107,2584859392,2584.859392,54,46,166,6,20250630_204522
1751283855.1369934,10097147,2584869632,2584.869632,58,41,164,6,20250630_204522
1751283855.1469774,10097186,2584879616,2584.879616,62,44,158,6,20250630_204522
1751283855.1569614,10097225,2584889600,2584.8896,65,89,153,6,20250630_204522
1751283855.1669457,10097264,2584899584,2584.899584,69,79,147,6,20250630_204522
1751283855.1769297,10097303,2584909568,2584.909568,73,50,139,6,20250630_204522
1751283855.1869135,10097342,2584919552,2584.919552,77,44,133,6,20250630_204522
1751283855.1968975,10097381,2584929536,2584.929536,81,38,129,6,20250630_204522
1751283855.2068813,10097420,2584939520,2584.93952,85,38,127,6,20250630_204522
1751283855.2168653,10097459,2584949504,2584.949504,88,38,123,6,20250630_204522
1751283855.2268493,10097498,2584959488,2584.959488,92,39,119,6,20250630_204522
1751283855.236833,10097537,2584969472,2584.969472,96,48,119,6,20250630_204522
1751283855.2468174,10097576,2584979456,2584.979456,100,43,120,6,20250630_204522
1751283855.2568014,10097615,2584989440,2584.98944,104,39,120,6,20250630_204522
1751283855.2667854,10097654,2584999424,2584.999424,107,39,120,6,20250630_204522
1751283855.2770257,10097694,2585009664,2585.009664,111,38,121,6,20250630_204522
1751283855.2870097,10097733,2585019648,2585.019648,115,37,120,6,20250630_204522
1751283855.2969935,10097772,2585029632,2585.029632,119,36,120,6,20250630_204522
1751283855.3069775,10097811,2585039616,2585.039616,123,35,119,6,20250630_204522
1751283855.3169613,10097850,2585049600,2585.0496,127,35,119,6,20250630_204522
1751283855.3269453,10097889,2585059584,2585.059584,130,34,119,6,20250630_204522
1751283855.336929,10097928,2585069568,2585.069568,134,33,118,6,20250630_204522
1751283855.346913,10097967,2585079552,2585.079552,138,33,118,6,20250630_204522
1751283855.3568974,10098006,2585089536,2585.089536,142,33,119,6,20250630_204522
1751283855.3668814,10098045,2585099520,2585.09952,146,33,120,6,20250630_204522
1751283855.3768654,10098084,2585109504,2585.109504,150,33,122,6,20250630_204522
1751283855.3868494,10098123,2585119488,2585.119488,153,33,122,6,20250630_204522
1751283855.3968334,10098162,2585129472,2585.129472,157,33,123,6,20250630_204522
1751283855.4068174,10098201,2585139456,2585.139456,161,33,125,6,20250630_204522
1751283855.4168017,10098240,2585149440,2585.14944,165,33,124,6,20250630_204522
1751283855.4270413,10098280,2585159680,2585.15968,169,34,127,6,20250630_204522
1751283855.4370253,10098319,2585169664,2585.169664,172,34,127,6,20250630_204522
1751283855.447009,10098358,2585179648,2585.179648,176,35,129,6,20250630_204522
1751283855.456993,10098397,2585189632,2585.189632,180,35,132,6,20250630_204522
1751283855.4669774,10098436,2585199616,2585.199616,184,36,135,6,20250630_204522
1751283855.4769614,10098475,2585209600,2585.2096,188,36,140,6,20250630_204522
1751283855.4869454,10098514,2585219584,2585.219584,192,38,147,6,20250630_204522
1751283855.4969294,10098553,2585229568,2585.229568,195,37,152,6,20250630_204522
1751283855.5069134,10098592,2585239552,2585.239552,199,40,156,6,20250630_204522
1751283855.5168974,10098631,2585249536,2585.249536,203,44,160,6,20250630_204522
1751283855.5268817,10098670,2585259520,2585.25952,207,38,160,6,20250630_204522
1751283855.5368657,10098709,2585269504,2585.269504,211,38,164,6,20250630_204522
1751283855.5468495,10098748,2585279488,2585.279488,215,45,164,6,20250630_204522
1751283855.5568335,10098787,2585289472,2585.289472,218,44,166,6,20250630_204522
1751283855.567073,10098827,2585299712,2585.299712,222,40,167,6,20250630_204522
1751283855.5770574,10098866,2585309696,2585.309696,226,47,167,6,20250630_204522
1751283855.5870414,10098905,2585319680,2585.31968,230,68,167,6,20250630_204522
1751283855.5970254,10098944,2585329664,2585.329664,234,52,166,6,20250630_204522
1751283855.6070094,10098983,2585339648,2585.339648,237,53,167,6,20250630_204522
1751283855.6169934,10099022,2585349632,2585.349632,241,62,169,6,20250630_204522
1751283855.6269774,10099061,2585359616,2585.359616,245,81,168,6,20250630_204522
1751283855.6369617,10099100,2585369600,2585.3696,249,82,168,6,20250630_204522
1751283855.6469457,10099139,2585379584,2585.379584,253,63,167,6,20250630_204522
1751283855.6569295,10099178,2585389568,2585.389568,2,76,168,6,20250630_204522
1751283855.6669135,10099217,2585399552,2585.399552,5,81,168,6,20250630_204522
1751283855.6768973,10099256,2585409536,2585.409536,9,97,169,6,20250630_204522
1751283855.6868813,10099295,2585419520,2585.41952,13,102,169,6,20250630_204522
1751283855.696865,10099334,2585429504,2585.429504,17,77,168,6,20250630_204522
1751283855.706849,10099373,2585439488,2585.439488,21,89,169,6,20250630_204522
1751283855.7170894,10099413,2585449728,2585.449728,25,127,169,6,20250630_204522
1751283855.7270734,10099452,2585459712,2585.459712,28,96,169,6,20250630_204522
1751283855.7370574,10099491,2585469696,2585.469696,32,78,168,6,20250630_204522
1751283855.7470417,10099530,2585479680,2585.47968,36,69,169,6,20250630_204522
1751283855.7570257,10099569,2585489664,2585.489664,40,90,167,6,20250630_204522
1751283855.7670095,10099608,2585499648,2585.499648,44,72,169,6,20250630_204522
1751283855.7769935,10099647,2585509632,2585.509632,48,134,168,6,20250630_204522
1751283855.7869773,10099686,2585519616,2585.519616,51,95,168,6,20250630_204522
1751283855.7969613,10099725,2585529600,2585.5296,55,73,167,6,20250630_204522
1751283855.806945,10099764,2585539584,2585.539584,59,87,166,6,20250630_204522
1751283855.816929,10099803,2585549568,2585.549568,63,121,163,6,20250630_204522
1751283855.8269134,10099842,2585559552,2585.559552,67,94,159,6,20250630_204522
1751283855.8368974,10099881,2585569536,2585.569536,70,82,157,6,20250630_204522
1751283855.8468814,10099920,2585579520,2585.57952,74,122,149,6,20250630_204522
1751283855.8571217,10099960,2585589760,2585.58976,78,68,144,6,20250630_204522
1751283855.8671055,10099999,2585599744,2585.599744,82,62,138,6,20250630_204522
1751283855.8770895,10100038,2585609728,2585.609728,86,65,133,6,20250630_204522
1751283855.8870735,10100077,2585619712,2585.619712,90,55,130,6,20250630_204522
1751283855.8970573,10100116,2585629696,2585.629696,93,90,127,6,20250630_204522
1751283855.9070413,10100155,2585639680,2585.63968,97,60,126,6,20250630_204522
1751283855.917025,10100194,2585649664,2585.649664,101,64,123,6,20250630_204522
1751283855.927009,10100233,2585659648,2585.659648,105,65,121,6,20250630_204522
1751283855.9369934,10100272,2585669632,2585.669632,109,62,120,6,20250630_204522
1751283855.9469774,10100311,2585679616,2585.679616,113,60,119,6,20250630_204522
1751283855.9569614,10100350,2585689600,2585.6896,116,41,119,6,20250630_204522
1751283855.9669454,10100389,2585699584,2585.699584,120,41,120,6,20250630_204522
1751283855.9769294,10100428,2585709568,2585.709568,124,39,120,6,20250630_204522
1751283855.9869134,10100467,2585719552,2585.719552,128,38,122,6,20250630_204522
1751283855.9971535,10100507,2585729792,2585.729792,132,37,122,6,20250630_204522
1751283856.0071373,10100546,2585739776,2585.739776,135,36,122,6,20250630_204522
1751283856.0171213,10100585,2585749760,2585.74976,139,35,124,6,20250630_204522
1751283856.027105,10100624,2585759744,2585.759744,143,35,125,6,20250630_204522
1751283856.037089,10100663,2585769728,2585.769728,147,35,125,6,20250630_204522
1751283856.0470734,10100702,2585779712,2585.779712,151,36,127,6,20250630_204522
1751283856.0570574,10100741,2585789696,2585.789696,155,36,128,6,20250630_204522
1751283856.0670414,10100780,2585799680,2585.79968,158,37,130,6,20250630_204522
1751283856.0770254,10100819,2585809664,2585.809664,162,37,131,6,20250630_204522
1751283856.0870094,10100858,2585819648,2585.819648,166,38,136,6,20250630_204522
1751283856.0969934,10100897,2585829632,2585.829632,170,39,140,6,20250630_204522
1751283856.1069777,10100936,2585839616,2585.839616,174,40,145,6,20250630_204522
1751283856.1169617,10100975,2585849600,2585.8496,178,40,150,6,20250630_204522
1751283856.1269455,10101014,2585859584,2585.859584,181,41,155,6,20250630_204522
1751283856.137185,10101054,2585869824,2585.869824,185,41,160,6,20250630_204522
1751283856.1471694,10101093,2585879808,2585.879808,189,41,162,6,20250630_204522
1751283856.1571534,10101132,2585889792,2585.889792,193,40,163,6,20250630_204522
1751283856.1671374,10101171,2585899776,2585.899776,197,42,164,6,20250630_204522
1751283856.1771214,10101210,2585909760,2585.90976,200,41,166,6,20250630_204522
1751283856.1871054,10101249,2585919744,2585.919744,204,43,167,6,20250630_204522
1751283856.1970894,10101288,2585929728,2585.929728,208,43,167,6,20250630_204522
1751283856.2070737,10101327,2585939712,2585.939712,212,43,166,6,20250630_204522
1751283856.2170577,10101366,2585949696,2585.949696,216,42,167,6,20250630_204522
1751283856.2270415,10101405,2585959680,2585.95968,220,43,167,6,20250630_204522
1751283856.2370255,10101444,2585969664,2585.969664,223,43,167,6,20250630_204522
1751283856.2470095,10101483,2585979648,2585.979648,227,45,169,6,20250630_204522
1751283856.2569933,10101522,2585989632,2585.989632,231,51,168,6,20250630_204522
1751283856.2669773,10101561,2585999616,2585.999616,235,61,167,6,20250630_204522
1751283856.276961,10101600,2586009600,2586.0096,239,50,168,6,20250630_204522
1751283856.2872014,10101640,2586019840,2586.01984,243,51,168,6,20250630_204522
1751283856.2971854,10101679,2586029824,2586.029824,246,57,167,6,20250630_204522
1751283856.3071694,10101718,2586039808,2586.039808,250,54,168,6,20250630_204522
1751283856.3171537,10101757,2586049792,2586.049792,254,53,169,6,20250630_204522
1751283856.3271377,10101796,2586059776,2586.059776,3,55,169,6,20250630_204522
1751283856.3371215,10101835,2586069760,2586.06976,7,49,168,6,20250630_204522
1751283856.3471055,10101874,2586079744,2586.079744,10,76,169,6,20250630_204522
1751283856.3570895,10101913,2586089728,2586.089728,14,77,169,6,20250630_204522
1751283856.3670733,10101952,2586099712,2586.099712,18,90,169,6,20250630_204522
1751283856.3770573,10101991,2586109696,2586.109696,22,71,169,6,20250630_204522
1751283856.387041,10102030,2586119680,2586.11968,26,70,168,6,20250630_204522
1751283856.397025,10102069,2586129664,2586.129664,30,59,168,6,20250630_204522
1751283856.4070094,10102108,2586139648,2586.139648,33,65,169,6,20250630_204522
1751283856.4169934,10102147,2586149632,2586.149632,37,99,169,6,20250630_204522
1751283856.4269774,10102186,2586159616,2586.159616,41,52,167,6,20250630_204522
1751283856.4372177,10102226,2586169856,2586.169856,45,51,167,6,20250630_204522
1751283856.4472015,10102265,2586179840,2586.17984,49,170,166,6,20250630_204522
1751283856.4571855,10102304,2586189824,2586.189824,53,168,166,6,20250630_204522
1751283856.4671693,10102343,2586199808,2586.199808,56,54,164,6,20250630_204522
1751283856.4771533,10102382,2586209792,2586.209792,60,48,159,6,20250630_204522
1751283856.4871373,10102421,2586219776,2586.219776,64,46,155,6,20250630_204522
1751283856.497121,10102460,2586229760,2586.22976,68,45,150,6,20250630_204522
1751283856.5071054,10102499,2586239744,2586.239744,72,46,143,6,20250630_204522
1751283856.5170894,10102538,2586249728,2586.249728,75,44,139,6,20250630_204522
1751283856.5270734,10102577,2586259712,2586.259712,79,44,134,6,20250630_204522
1751283856.5370574,10102616,2586269696,2586.269696,83,42,131,6,20250630_204522
1751283856.5470414,10102655,2586279680,2586.27968,87,42,128,6,20250630_204522
1751283856.5570254,10102694,2586289664,2586.289664,91,42,127,6,20250630_204522
1751283856.5670094,10102733,2586299648,2586.299648,95,43,124,6,20250630_204522
1751283856.5769937,10102772,2586309632,2586.309632,98,40,122,6,20250630_204522
1751283856.5872333,10102812,2586319872,2586.319872,102,40,120,6,20250630_204522
1751283856.597217,10102851,2586329856,2586.329856,106,39,119,6,20250630_204522
1751283856.607201,10102890,2586339840,2586.33984,110,38,119,6,20250630_204522
1751283856.6171854,10102929,2586349824,2586.349824,114,37,119,6,20250630_204522
1751283856.6271694,10102968,2586359808,2586.359808,118,36,121,6,20250630_204522
1751283856.6371534,10103007,2586369792,2586.369792,121,36,120,6,20250630_204522
1751283856.6471374,10103046,2586379776,2586.379776,125,36,121,6,20250630_204522
1751283856.6571214,10103085,2586389760,2586.38976,129,36,120,6,20250630_204522
1751283856.6671054,10103124,2586399744,2586.399744,133,36,121,6,20250630_204522
1751283856.6770897,10103163,2586409728,2586.409728,137,36,122,6,20250630_204522
1751283856.6870737,10103202,2586419712,2586.419712,140,36,122,6,20250630_204522
1751283856.6970575,10103241,2586429696,2586.429696,144,37,124,6,20250630_204522
1751283856.7070415,10103280,2586439680,2586.43968,148,37,123,6,20250630_204522
1751283856.7170255,10103319,2586449664,2586.449664,152,37,127,6,20250630_204522
1751283856.7272654,10103359,2586459904,2586.459904,156,37,127,6,20250630_204522
1751283856.7372494,10103398,2586469888,2586.469888,160,37,128,6,20250630_204522
1751283856.7472334,10103437,2586479872,2586.479872,163,38,130,6,20250630_204522
1751283856.7572174,10103476,2586489856,2586.489856,167,38,134,6,20250630_204522
1751283856.7672014,10103515,2586499840,2586.49984,171,38,137,6,20250630_204522
1751283856.7771854,10103554,2586509824,2586.509824,175,38,143,6,20250630_204522
1751283856.7871697,10103593,2586519808,2586.519808,179,39,148,6,20250630_204522
1751283856.7971537,10103632,2586529792,2586.529792,183,38,153,6,20250630_204522
1751283856.8071375,10103671,2586539776,2586.539776,186,39,158,6,20250630_204522
1751283856.8171215,10103710,2586549760,2586.54976,190,39,160,6,20250630_204522
1751283856.8271053,10103749,2586559744,2586.559744,194,41,163,6,20250630_204522
1751283856.8370893,10103788,2586569728,2586.569728,198,41,164,6,20250630_204522
1751283856.8470733,10103827,2586579712,2586.579712,202,42,166,6,20250630_204522
1751283856.857057,10103866,2586589696,2586.589696,205,42,167,6,20250630_204522
1751283856.8672974,10103906,2586599936,2586.599936,209,43,167,6,20250630_204522
1751283856.8772814,10103945,2586609920,2586.60992,213,44,167,6,20250630_204522
1751283856.8872654,10103984,2586619904,2586.619904,217,44,167,6,20250630_204522
1751283856.8972497,10104023,2586629888,2586.629888,221,45,167,6,20250630_204522
1751283856.9072337,10104062,2586639872,2586.639872,225,46,167,6,20250630_204522
1751283856.9172175,10104101,2586649856,2586.649856,228,60,167,6,20250630_204522
1751283856.9272015,10104140,2586659840,2586.65984,232,72,169,6,20250630_204522
1751283856.9371853,10104179,2586669824,2586.669824,236,48,168,6,20250630_204522
1751283856.9471693,10104218,2586679808,2586.679808,240,49,167,6,20250630_204522
1751283856.957153,10104257,2586689792,2586.689792,244,50,168,6,20250630_204522
1751283856.967137,10104296,2586699776,2586.699776,248,56,168,6,20250630_204522
1751283856.9771214,10104335,2586709760,2586.70976,251,62,168,6,20250630_204522
1751283856.9871054,10104374,2586719744,2586.719744,0,74,167,6,20250630_204522
1751283856.9970894,10104413,2586729728,2586.729728,4,117,168,6,20250630_204522
1751283857.0070734,10104452,2586739712,2586.739712,8,130,169,6,20250630_204522
1751283857.0173137,10104492,2586749952,2586.749952,12,71,168,6,20250630_204522
1751283857.0272975,10104531,2586759936,2586.759936,15,79,170,6,20250630_204522
1751283857.0372815,10104570,2586769920,2586.76992,19,78,169,6,20250630_204522
1751283857.0472653,10104609,2586779904,2586.779904,23,153,169,6,20250630_204522
1751283857.0572493,10104648,2586789888,2586.789888,27,105,169,6,20250630_204522
1751283857.067233,10104687,2586799872,2586.799872,31,92,170,6,20250630_204522
1751283857.077217,10104726,2586809856,2586.809856,35,84,168,6,20250630_204522
1751283857.0872014,10104765,2586819840,2586.81984,38,106,168,6,20250630_204522
1751283857.0971854,10104804,2586829824,2586.829824,42,122,168,6,20250630_204522
1751283857.1071694,10104843,2586839808,2586.839808,46,95,167,6,20250630_204522
1751283857.1171534,10104882,2586849792,2586.849792,50,101,166,6,20250630_204522
1751283857.1271374,10104921,2586859776,2586.859776,54,95,165,6,20250630_204522
1751283857.1371214,10104960,2586869760,2586.86976,58,82,162,6,20250630_204522
1751283857.1473615,10105000,2586880000,2586.88,61,137,156,6,20250630_204522
1751283857.1573453,10105039,2586889984,2586.889984,65,159,149,6,20250630_204522
1751283857.1673293,10105078,2586899968,2586.899968,69,77,144,6,20250630_204522
1751283857.177313,10105117,2586909952,2586.909952,73,78,136,6,20250630_204522
1751283857.187297,10105156,2586919936,2586.919936,77,98,130,6,20250630_204522
1751283857.1972814,10105195,2586929920,2586.92992,80,87,127,6,20250630_204522
1751283857.2072654,10105234,2586939904,2586.939904,84,125,124,6,20250630_204522
1751283857.2172494,10105273,2586949888,2586.949888,88,103,120,6,20250630_204522
1751283857.2272334,10105312,2586959872,2586.959872,92,86,120,6,20250630_204522
1751283857.2372174,10105351,2586969856,2586.969856,96,85,120,6,20250630_204522
1751283857.2472014,10105390,2586979840,2586.97984,100,79,121,6,20250630_204522
1751283857.2571857,10105429,2586989824,2586.989824,103,67,122,6,20250630_204522
1751283857.2671697,10105468,2586999808,2586.999808,107,82,123,6,20250630_204522
1751283857.2771535,10105507,2587009792,2587.009792,111,71,122,6,20250630_204522
1751283857.2871375,10105546,2587019776,2587.019776,115,86,121,6,20250630_204522
1751283857.297377,10105586,2587030016,2587.030016,119,48,120,6,20250630_204522
1751283857.3073614,10105625,2587040000,2587.04,123,47,121,6,20250630_204522
1751283857.3173454,10105664,2587049984,2587.049984,126,45,122,6,20250630_204522
1751283857.3273294,10105703,2587059968,2587.059968,130,44,122,6,20250630_204522
1751283857.3373134,10105742,2587069952,2587.069952,134,43,122,6,20250630_204522
1751283857.3472974,10105781,2587079936,2587.079936,138,44,124,6,20250630_204522
1751283857.3572814,10105820,2587089920,2587.08992,142,48,123,6,20250630_204522
1751283857.3672657,10105859,2587099904,2587.099904,145,49,126,6,20250630_204522
1751283857.3772497,10105898,2587109888,2587.109888,149,44,125,6,20250630_204522
1751283857.3872335,10105937,2587119872,2587.119872,153,44,126,6,20250630_204522
1751283857.3972175,10105976,2587129856,2587.129856,157,42,127,6,20250630_204522
1751283857.4072013,10106015,2587139840,2587.13984,161,42,128,6,20250630_204522
1751283857.4171853,10106054,2587149824,2587.149824,165,42,129,6,20250630_204522
1751283857.427169,10106093,2587159808,2587.159808,168,42,133,6,20250630_204522
1751283857.437153,10106132,2587169792,2587.169792,172,42,134,6,20250630_204522
1751283857.4473934,10106172,2587180032,2587.180032,176,43,137,6,20250630_204522
1751283857.4573774,10106211,2587190016,2587.190016,180,43,142,6,20250630_204522
1751283857.4673617,10106250,2587200000,2587.2,184,43,147,6,20250630_204522
1751283857.4773457,10106289,2587209984,2587.209984,188,44,151,6,20250630_204522
1751283857.4873295,10106328,2587219968,2587.219968,191,46,156,6,20250630_204522
1751283857.4973135,10106367,2587229952,2587.229952,195,47,159,6,20250630_204522
1751283857.5072975,10106406,2587239936,2587.239936,199,49,162,6,20250630_204522
1751283857.5172813,10106445,2587249920,2587.24992,203,50,163,6,20250630_204522
1751283857.5272653,10106484,2587259904,2587.259904,207,51,165,6,20250630_204522
1751283857.537249,10106523,2587269888,2587.269888,210,55,166,6,20250630_204522
1751283857.547233,10106562,2587279872,2587.279872,214,93,167,6,20250630_204522
1751283857.5572174,10106601,2587289856,2587.289856,218,105,167,6,20250630_204522
1751283857.5672014,10106640,2587299840,2587.29984,222,103,168,6,20250630_204522
1751283857.5771854,10106679,2587309824,2587.309824,226,100,168,6,20250630_204522
1751283857.5874257,10106719,2587320064,2587.320064,230,98,168,6,20250630_204522
1751283857.5974095,10106758,2587330048,2587.330048,233,100,168,6,20250630_204522
1751283857.6073935,10106797,2587340032,2587.340032,237,102,168,6,20250630_204522
1751283857.6173775,10106836,2587350016,2587.350016,241,108,167,6,20250630_204522
1751283857.6273613,10106875,2587360000,2587.36,245,110,168,6,20250630_204522
1751283857.6373453,10106914,2587369984,2587.369984,249,108,168,6,20250630_204522
1751283857.647329,10106953,2587379968,2587.379968,253,104,168,6,20250630_204522
1751283857.6575694,10106993,2587390208,2587.390208,1,115,169,6,20250630_204522
1751283857.6675534,10107032,2587400192,2587.400192,5,139,168,6,20250630_204522
1751283857.6775374,10107071,2587410176,2587.410176,9,99,168,6,20250630_204522
1751283857.6875217,10107110,2587420160,2587.42016,13,88,168,6,20250630_204522
1751283857.6975057,10107149,2587430144,2587.430144,17,120,169,6,20250630_204522
1751283857.7074895,10107188,2587440128,2587.440128,21,144,169,6,20250630_204522
1751283857.7174735,10107227,2587450112,2587.450112,24,167,169,6,20250630_204522
1751283857.7274573,10107266,2587460096,2587.460096,28,80,169,6,20250630_204522
1751283857.7376974,10107306,2587470336,2587.470336,32,80,169,6,20250630_204522
1751283857.7476814,10107345,2587480320,2587.48032,36,85,169,6,20250630_204522
1751283857.7576654,10107384,2587490304,2587.490304,40,99,168,6,20250630_204522
1751283857.7676494,10107423,2587500288,2587.500288,44,106,170,6,20250630_204522
1751283857.7776334,10107462,2587510272,2587.510272,47,138,167,6,20250630_204522
1751283857.7876174,10107501,2587520256,2587.520256,51,134,167,6,20250630_204522
1751283857.7976017,10107540,2587530240,2587.53024,55,141,166,6,20250630_204522
1751283857.8078413,10107580,2587540480,2587.54048,59,201,162,6,20250630_204522
1751283857.8178253,10107619,2587550464,2587.550464,63,91,158,6,20250630_204522
1751283857.827809,10107658,2587560448,2587.560448,67,85,153,6,20250630_204522
1751283857.8377934,10107697,2587570432,2587.570432,70,114,149,6,20250630_204522
1751283857.8477774,10107736,2587580416,2587.580416,74,140,142,6,20250630_204522
1751283857.8577614,10107775,2587590400,2587.5904,78,115,137,6,20250630_204522
1751283857.8677454,10107814,2587600384,2587.600384,82,90,131,6,20250630_204522
1751283857.8779857,10107854,2587610624,2587.610624,86,202,128,6,20250630_204522
1751283857.8879695,10107893,2587620608,2587.620608,90,114,126,6,20250630_204522
1751283857.8979535,10107932,2587630592,2587.630592,93,61,123,6,20250630_204522
1751283857.9079373,10107971,2587640576,2587.640576,97,61,121,6,20250630_204522
1751283857.9179213,10108010,2587650560,2587.65056,101,57,120,6,20250630_204522
1751283857.927905,10108049,2587660544,2587.660544,105,54,119,6,20250630_204522
1751283857.9381454,10108089,2587670784,2587.670784,109,52,120,6,20250630_204522
1751283857.9481294,10108128,2587680768,2587.680768,113,51,119,6,20250630_204522
1751283857.9581134,10108167,2587690752,2587.690752,116,51,122,6,20250630_204522
1751283857.9680974,10108206,2587700736,2587.700736,120,50,122,6,20250630_204522
1751283857.9780817,10108245,2587710720,2587.71072,124,50,123,6,20250630_204522
1751283857.9880655,10108284,2587720704,2587.720704,128,49,124,6,20250630_204522
1751283857.9980495,10108323,2587730688,2587.730688,132,49,126,6,20250630_204522
1751283858.0080335,10108362,2587740672,2587.740672,135,48,126,6,20250630_204522
1751283858.0182734,10108402,2587750912,2587.750912,139,48,126,6,20250630_204522
1751283858.0282574,10108441,2587760896,2587.760896,143,48,127,6,20250630_204522
1751283858.0382414,10108480,2587770880,2587.77088,147,58,127,6,20250630_204522
1751283858.0482254,10108519,2587780864,2587.780864,151,58,128,6,20250630_204522
1751283858.0582094,10108558,2587790848,2587.790848,155,61,129,6,20250630_204522
1751283858.0681934,10108597,2587800832,2587.800832,158,60,133,6,20250630_204522
1751283858.0784335,10108637,2587811072,2587.811072,162,65,134,6,20250630_204522
1751283858.0884173,10108676,2587821056,2587.821056,166,66,137,6,20250630_204522
1751283858.0984013,10108715,2587831040,2587.83104,170,65,140,6,20250630_204522
1751283858.108385,10108754,2587841024,2587.841024,174,65,145,6,20250630_204522
1751283858.118369,10108793,2587851008,2587.851008,178,68,150,6,20250630_204522
1751283858.1283534,10108832,2587860992,2587.860992,181,69,155,6,20250630_204522
1751283858.1383374,10108871,2587870976,2587.870976,185,63,159,6,20250630_204522
1751283858.1483214,10108910,2587880960,2587.88096,189,56,161,6,20250630_204522
1751283858.1583054,10108949,2587890944,2587.890944,193,57,163,6,20250630_204522
1751283858.1682894,10108988,2587900928,2587.900928,197,57,164,6,20250630_204522
1751283858.1782734,10109027,2587910912,2587.910912,201,56,166,6,20250630_204522
1751283858.1882577,10109066,2587920896,2587.920896,204,56,166,6,20250630_204522
1751283858.1984973,10109106,2587931136,2587.931136,208,57,166,6,20250630_204522
1751283858.2084813,10109145,2587941120,2587.94112,212,60,167,6,20250630_204522
1751283858.218465,10109184,2587951104,2587.951104,216,63,167,6,20250630_204522
1751283858.228449,10109223,2587961088,2587.961088,220,70,167,6,20250630_204522
1751283858.2384334,10109262,2587971072,2587.971072,224,110,167,6,20250630_204522
1751283858.2484174,10109301,2587981056,2587.981056,227,105,167,6,20250630_204522
1751283858.2584014,10109340,2587991040,2587.99104,231,112,168,6,20250630_204522
1751283858.2683854,10109379,2588001024,2588.001024,235,145,168,6,20250630_204522
1751283858.2783694,10109418,2588011008,2588.011008,239,81,168,6,20250630_204522
1751283858.2883534,10109457,2588020992,2588.020992,243,143,169,6,20250630_204522
1751283858.2983377,10109496,2588030976,2588.030976,246,167,168,6,20250630_204522
1751283858.3083217,10109535,2588040960,2588.04096,250,113,169,6,20250630_204522
1751283858.3183055,10109574,2588050944,2588.050944,254,112,168,6,20250630_204522
1751283858.3282895,10109613,2588060928,2588.060928,3,103,168,6,20250630_204522
1751283858.3382733,10109652,2588070912,2588.070912,7,120,168,6,20250630_204522
1751283858.3485134,10109692,2588081152,2588.081152,11,91,169,6,20250630_204522
1751283858.3584974,10109731,2588091136,2588.091136,14,124,168,6,20250630_204522
1751283858.3684814,10109770,2588101120,2588.10112,18,118,168,6,20250630_204522
1751283858.3784654,10109809,2588111104,2588.111104,22,123,169,6,20250630_204522
1751283858.3884494,10109848,2588121088,2588.121088,26,95,169,6,20250630_204522
1751283858.3984334,10109887,2588131072,2588.131072,30,163,169,6,20250630_204522
1751283858.4084177,10109926,2588141056,2588.141056,34,110,169,6,20250630_204522
1751283858.4184017,10109965,2588151040,2588.15104,37,88,169,6,20250630_204522
1751283858.4283855,10110004,2588161024,2588.161024,41,127,169,6,20250630_204522
1751283858.4383695,10110043,2588171008,2588.171008,45,92,168,6,20250630_204522
1751283858.4483533,10110082,2588180992,2588.180992,49,92,167,6,20250630_204522
1751283858.4583373,10110121,2588190976,2588.190976,53,177,166,6,20250630_204522
1751283858.468321,10110160,2588200960,2588.20096,56,81,164,6,20250630_204522
1751283858.478305,10110199,2588210944,2588.210944,60,81,161,6,20250630_204522
1751283858.4882894,10110238,2588220928,2588.220928,64,162,158,6,20250630_204522
1751283858.4985294,10110278,2588231168,2588.231168,68,98,154,6,20250630_204522
1751283858.5085137,10110317,2588241152,2588.241152,72,74,147,6,20250630_204522
1751283858.5184977,10110356,2588251136,2588.251136,76,76,143,6,20250630_204522
1751283858.5284815,10110395,2588261120,2588.26112,79,66,137,6,20250630_204522
1751283858.5384655,10110434,2588271104,2588.271104,83,60,134,6,20250630_204522
1751283858.5484495,10110473,2588281088,2588.281088,87,58,129,6,20250630_204522
1751283858.5584333,10110512,2588291072,2588.291072,91,56,127,6,20250630_204522
1751283858.5684173,10110551,2588301056,2588.301056,95,56,127,6,20250630_204522
1751283858.578401,10110590,2588311040,2588.31104,99,55,123,6,20250630_204522
1751283858.588385,10110629,2588321024,2588.321024,102,55,122,6,20250630_204522
1751283858.5983694,10110668,2588331008,2588.331008,106,55,121,6,20250630_204522
1751283858.6083534,10110707,2588340992,2588.340992,110,55,120,6,20250630_204522
1751283858.6183374,10110746,2588350976,2588.350976,114,57,119,6,20250630_204522
1751283858.6283214,10110785,2588360960,2588.36096,118,92,120,6,20250630_204522
1751283858.6385615,10110825,2588371200,2588.3712,121,58,118,6,20250630_204522
1751283858.6485455,10110864,2588381184,2588.381184,125,54,120,6,20250630_204522
1751283858.6585295,10110903,2588391168,2588.391168,129,53,120,6,20250630_204522
1751283858.6685133,10110942,2588401152,2588.401152,133,54,121,6,20250630_204522
1751283858.6784973,10110981,2588411136,2588.411136,137,56,122,6,20250630_204522
1751283858.688481,10111020,2588421120,2588.42112,141,55,122,6,20250630_204522
1751283858.698465,10111059,2588431104,2588.431104,144,54,123,6,20250630_204522
1751283858.7084494,10111098,2588441088,2588.441088,148,55,126,6,20250630_204522
1751283858.7184334,10111137,2588451072,2588.451072,152,73,127,6,20250630_204522
1751283858.7284174,10111176,2588461056,2588.461056,156,66,127,6,20250630_204522
1751283858.7384014,10111215,2588471040,2588.47104,160,61,128,6,20250630_204522
1751283858.7483854,10111254,2588481024,2588.481024,164,80,130,6,20250630_204522
1751283858.7583694,10111293,2588491008,2588.491008,167,69,133,6,20250630_204522
1751283858.7683537,10111332,2588500992,2588.500992,171,65,137,6,20250630_204522
1751283858.7785933,10111372,2588511232,2588.511232,175,64,142,6,20250630_204522
1751283858.7885773,10111411,2588521216,2588.521216,179,65,147,6,20250630_204522
1751283858.798561,10111450,2588531200,2588.5312,183,67,154,6,20250630_204522
1751283858.8085454,10111489,2588541184,2588.541184,186,111,158,6,20250630_204522
1751283858.8185294,10111528,2588551168,2588.551168,190,78,160,6,20250630_204522
1751283858.8285134,10111567,2588561152,2588.561152,194,75,163,6,20250630_204522
1751283858.8384974,10111606,2588571136,2588.571136,198,78,164,6,20250630_204522
1751283858.8484814,10111645,2588581120,2588.58112,202,69,165,6,20250630_204522
1751283858.8584654,10111684,2588591104,2588.591104,206,60,167,6,20250630_204522
1751283858.8684494,10111723,2588601088,2588.601088,209,61,167,6,20250630_204522
1751283858.8784337,10111762,2588611072,2588.611072,213,63,168,6,20250630_204522
1751283858.8884175,10111801,2588621056,2588.621056,217,67,167,6,20250630_204522
1751283858.8984015,10111840,2588631040,2588.63104,221,70,168,6,20250630_204522
1751283858.9083855,10111879,2588641024,2588.641024,225,71,168,6,20250630_204522
1751283858.9183693,10111918,2588651008,2588.651008,229,95,168,6,20250630_204522
1751283858.9286094,10111958,2588661248,2588.661248,232,124,168,6,20250630_204522
1751283858.9385934,10111997,2588671232,2588.671232,236,99,168,6,20250630_204522
1751283858.9485774,10112036,2588681216,2588.681216,240,126,168,6,20250630_204522
1751283858.9585614,10112075,2588691200,2588.6912,244,88,168,6,20250630_204522
1751283858.9685454,10112114,2588701184,2588.701184,248,144,168,6,20250630_204522
1751283858.9785297,10112153,2588711168,2588.711168,251,80,168,6,20250630_204522
1751283858.9885137,10112192,2588721152,2588.721152,0,89,169,6,20250630_204522
1751283858.9984975,10112231,2588731136,2588.731136,4,151,169,6,20250630_204522
1751283859.0084815,10112270,2588741120,2588.74112,8,101,168,6,20250630_204522
1751283859.0184655,10112309,2588751104,2588.751104,12,125,169,6,20250630_204522
1751283859.0284493,10112348,2588761088,2588.761088,16,198,169,6,20250630_204522
1751283859.0384333,10112387,2588771072,2588.771072,19,158,170,6,20250630_204522
1751283859.048417,10112426,2588781056,2588.781056,23,116,168,6,20250630_204522
1751283859.058401,10112465,2588791040,2588.79104,27,96,169,6,20250630_204522
1751283859.0686414,10112505,2588801280,2588.80128,31,180,169,6,20250630_204522
1751283859.0786254,10112544,2588811264,2588.811264,35,105,168,6,20250630_204522
1751283859.0886097,10112583,2588821248,2588.821248,39,113,168,6,20250630_204522
1751283859.0985937,10112622,2588831232,2588.831232,42,136,168,6,20250630_204522
1751283859.1085775,10112661,2588841216,2588.841216,46,130,167,6,20250630_204522
1751283859.1185615,10112700,2588851200,2588.8512,50,85,164,6,20250630_204522
1751283859.1285453,10112739,2588861184,2588.861184,54,84,164,6,20250630_204522
1751283859.1385293,10112778,2588871168,2588.871168,58,88,162,6,20250630_204522
1751283859.1485133,10112817,2588881152,2588.881152,61,203,158,6,20250630_204522
1751283859.158497,10112856,2588891136,2588.891136,65,106,152,6,20250630_204522
1751283859.168481,10112895,2588901120,2588.90112,69,75,148,6,20250630_204522
1751283859.1784654,10112934,2588911104,2588.911104,73,80,141,6,20250630_204522
1751283859.1884494,10112973,2588921088,2588.921088,77,75,136,6,20250630_204522
1751283859.1984334,10113012,2588931072,2588.931072,81,70,132,6,20250630_204522
1751283859.2086737,10113052,2588941312,2588.941312,84,68,129,6,20250630_204522
1751283859.2186575,10113091,2588951296,2588.951296,88,66,127,6,20250630_204522
1751283859.2286415,10113130,2588961280,2588.96128,92,64,126,6,20250630_204522
1751283859.2386253,10113169,2588971264,2588.971264,96,63,122,6,20250630_204522
1751283859.2486093,10113208,2588981248,2588.981248,100,62,119,6,20250630_204522
1751283859.258593,10113247,2588991232,2588.991232,104,62,119,6,20250630_204522
1751283859.268577,10113286,2589001216,2589.001216,107,63,119,6,20250630_204522
1751283859.2785614,10113325,2589011200,2589.0112,111,61,120,6,20250630_204522
1751283859.2885454,10113364,2589021184,2589.021184,115,62,121,6,20250630_204522
1751283859.2985294,10113403,2589031168,2589.031168,119,60,120,6,20250630_204522
1751283859.3085134,10113442,2589041152,2589.041152,123,60,120,6,20250630_204522
1751283859.3184974,10113481,2589051136,2589.051136,126,60,120,6,20250630_204522
1751283859.3284814,10113520,2589061120,2589.06112,130,60,120,6,20250630_204522
1751283859.3384657,10113559,2589071104,2589.071104,134,59,122,6,20250630_204522
1751283859.3487053,10113599,2589081344,2589.081344,138,59,123,6,20250630_204522
1751283859.3586893,10113638,2589091328,2589.091328,142,58,124,6,20250630_204522
1751283859.368673,10113677,2589101312,2589.101312,146,58,126,6,20250630_204522
1751283859.378657,10113716,2589111296,2589.111296,149,58,127,6,20250630_204522
1751283859.3886414,10113755,2589121280,2589.12128,153,62,127,6,20250630_204522
1751283859.3986254,10113794,2589131264,2589.131264,157,65,128,6,20250630_204522
1751283859.4086094,10113833,2589141248,2589.141248,161,74,130,6,20250630_204522
1751283859.4185934,10113872,2589151232,2589.151232,165,90,131,6,20250630_204522
1751283859.4285774,10113911,2589161216,2589.161216,169,74,136,6,20250630_204522
1751283859.4385614,10113950,2589171200,2589.1712,172,69,142,6,20250630_204522
1751283859.4485457,10113989,2589181184,2589.181184,176,67,148,6,20250630_204522
1751283859.4585297,10114028,2589191168,2589.191168,180,67,153,6,20250630_204522
1751283859.4685135,10114067,2589201152,2589.201152,184,70,158,6,20250630_204522
1751283859.4784975,10114106,2589211136,2589.211136,188,79,161,6,20250630_204522
1751283859.4884815,10114145,2589221120,2589.22112,191,87,162,6,20250630_204522
1751283859.4987214,10114185,2589231360,2589.23136,195,90,164,6,20250630_204522
1751283859.5087054,10114224,2589241344,2589.241344,199,80,165,6,20250630_204522
1751283859.5186894,10114263,2589251328,2589.251328,203,76,167,6,20250630_204522
1751283859.5286734,10114302,2589261312,2589.261312,207,73,168,6,20250630_204522
1751283859.5386574,10114341,2589271296,2589.271296,211,66,167,6,20250630_204522
1751283859.5486414,10114380,2589281280,2589.28128,214,68,167,6,20250630_204522
1751283859.5586257,10114419,2589291264,2589.291264,218,68,167,6,20250630_204522
1751283859.5686097,10114458,2589301248,2589.301248,222,69,167,6,20250630_204522
1751283859.5785935,10114497,2589311232,2589.311232,226,75,167,6,20250630_204522
1751283859.5885775,10114536,2589321216,2589.321216,230,123,168,6,20250630_204522
1751283859.5985613,10114575,2589331200,2589.3312,234,71,167,6,20250630_204522
1751283859.6085453,10114614,2589341184,2589.341184,237,71,168,6,20250630_204522
1751283859.618529,10114653,2589351168,2589.351168,241,80,168,6,20250630_204522
1751283859.628513,10114692,2589361152,2589.361152,245,105,168,6,20250630_204522
1751283859.6387534,10114732,2589371392,2589.371392,249,95,168,6,20250630_204522
1751283859.6487374,10114771,2589381376,2589.381376,253,100,168,6,20250630_204522
1751283859.6587214,10114810,2589391360,2589.39136,1,97,168,6,20250630_204522
1751283859.6687057,10114849,2589401344,2589.401344,5,91,168,6,20250630_204522
1751283859.6786897,10114888,2589411328,2589.411328,9,99,169,6,20250630_204522
1751283859.6886735,10114927,2589421312,2589.421312,13,175,169,6,20250630_204522
1751283859.6986575,10114966,2589431296,2589.431296,17,155,168,6,20250630_204522
1751283859.7086413,10115005,2589441280,2589.44128,21,129,169,6,20250630_204522
1751283859.7186253,10115044,2589451264,2589.451264,24,129,168,6,20250630_204522
1751283859.728609,10115083,2589461248,2589.461248,28,91,168,6,20250630_204522
1751283859.738593,10115122,2589471232,2589.471232,32,101,168,6,20250630_204522
1751283859.7485774,10115161,2589481216,2589.481216,36,145,169,6,20250630_204522
1751283859.7585614,10115200,2589491200,2589.4912,40,196,168,6,20250630_204522
1751283859.7685454,10115239,2589501184,2589.501184,44,93,167,6,20250630_204522
1751283859.7785294,10115278,2589511168,2589.511168,47,83,166,6,20250630_204522
1751283859.7887695,10115318,2589521408,2589.521408,51,82,163,6,20250630_204522
1751283859.7987535,10115357,2589531392,2589.531392,55,84,159,6,20250630_204522
1751283859.8087375,10115396,2589541376,2589.541376,59,107,154,6,20250630_204522
1751283859.8187213,10115435,2589551360,2589.55136,63,186,149,6,20250630_204522
1751283859.8287053,10115474,2589561344,2589.561344,66,92,141,6,20250630_204522
1751283859.838689,10115513,2589571328,2589.571328,70,75,136,6,20250630_204522
1751283859.848673,10115552,2589581312,2589.581312,74,74,130,6,20250630_204522
1751283859.8586574,10115591,2589591296,2589.591296,78,75,127,6,20250630_204522
1751283859.8686414,10115630,2589601280,2589.60128,82,74,125,6,20250630_204522
1751283859.8786254,10115669,2589611264,2589.611264,86,70,122,6,20250630_204522
1751283859.8886094,10115708,2589621248,2589.621248,89,69,119,6,20250630_204522
1751283859.8985934,10115747,2589631232,2589.631232,93,68,119,6,20250630_204522
1751283859.9085774,10115786,2589641216,2589.641216,97,67,120,6,20250630_204522
1751283859.9185617,10115825,2589651200,2589.6512,101,68,122,6,20250630_204522
1751283859.9288013,10115865,2589661440,2589.66144,105,69,122,6,20250630_204522
1751283859.9387853,10115904,2589671424,2589.671424,109,65,121,6,20250630_204522
1751283859.948769,10115943,2589681408,2589.681408,112,64,121,6,20250630_204522
1751283859.958753,10115982,2589691392,2589.691392,117,61,121,6,20250630_204522
1751283859.9687374,10116021,2589701376,2589.701376,123,60,121,6,20250630_204522
1751283859.9787214,10116060,2589711360,2589.71136,129,58,123,6,20250630_204522
1751283859.9887054,10116099,2589721344,2589.721344,135,58,122,6,20250630_204522
1751283859.9986894,10116138,2589731328,2589.731328,140,57,122,6,20250630_204522
1751283860.0086734,10116177,2589741312,2589.741312,146,57,124,6,20250630_204522
1751283860.0186574,10116216,2589751296,2589.751296,151,57,125,6,20250630_204522
1751283860.0286417,10116255,2589761280,2589.76128,156,58,125,6,20250630_204522
1751283860.0386257,10116294,2589771264,2589.771264,161,59,127,6,20250630_204522
1751283860.0486095,10116333,2589781248,2589.781248,166,60,127,6,20250630_204522
1751283860.0585935,10116372,2589791232,2589.791232,171,60,128,6,20250630_204522
1751283860.0688334,10116412,2589801472,2589.801472,175,61,134,6,20250630_204522
1751283860.0788174,10116451,2589811456,2589.811456,179,62,140,6,20250630_204522
1751283860.0888014,10116490,2589821440,2589.82144,183,65,148,6,20250630_204522
1751283860.0987854,10116529,2589831424,2589.831424,187,64,154,6,20250630_204522
1751283860.1087694,10116568,2589841408,2589.841408,190,65,160,6,20250630_204522
1751283860.1187534,10116607,2589851392,2589.851392,194,71,164,6,20250630_204522
1751283860.1287374,10116646,2589861376,2589.861376,198,72,166,6,20250630_204522
1751283860.1387217,10116685,2589871360,2589.87136,203,71,166,6,20250630_204522
1751283860.1487055,10116724,2589881344,2589.881344,207,73,167,6,20250630_204522
1751283860.1586895,10116763,2589891328,2589.891328,212,74,167,6,20250630_204522
1751283860.1686735,10116802,2589901312,2589.901312,216,72,167,6,20250630_204522
1751283860.1786573,10116841,2589911296,2589.911296,222,70,168,6,20250630_204522
1751283860.1886413,10116880,2589921280,2589.92128,227,71,168,6,20250630_204522
1751283860.198625,10116919,2589931264,2589.931264,232,71,167,6,20250630_204522
1751283860.2088654,10116959,2589941504,2589.941504,238,117,168,6,20250630_204522
1751283860.2188494,10116998,2589951488,2589.951488,243,95,168,6,20250630_204522
1751283860.2288334,10117037,2589961472,2589.961472,249,72,167,6,20250630_204522
1751283860.2388177,10117076,2589971456,2589.971456,0,91,169,6,20250630_204522
1751283860.2488017,10117115,2589981440,2589.98144,6,84,168,6,20250630_204522
1751283860.2587855,10117154,2589991424,2589.991424,11,111,169,6,20250630_204522
1751283860.2687695,10117193,2590001408,2590.001408,17,107,168,6,20250630_204522
1751283860.2787535,10117232,2590011392,2590.011392,23,110,169,6,20250630_204522
1751283860.2887373,10117271,2590021376,2590.021376,28,98,168,6,20250630_204522
1751283860.2987213,10117310,2590031360,2590.03136,33,129,169,6,20250630_204522
1751283860.308705,10117349,2590041344,2590.041344,38,126,168,6,20250630_204522
1751283860.318689,10117388,2590051328,2590.051328,43,115,168,6,20250630_204522
1751283860.3286734,10117427,2590061312,2590.061312,48,106,169,6,20250630_204522
1751283860.3386574,10117466,2590071296,2590.071296,52,189,166,6,20250630_204522
1751283860.3488977,10117506,2590081536,2590.081536,57,192,166,6,20250630_204522
1751283860.3588817,10117545,2590091520,2590.09152,61,127,158,6,20250630_204522
1751283860.3688655,10117584,2590101504,2590.101504,64,82,152,6,20250630_204522
1751283860.3788495,10117623,2590111488,2590.111488,68,82,144,6,20250630_204522
1751283860.3888333,10117662,2590121472,2590.121472,72,82,135,6,20250630_204522
1751283860.3988173,10117701,2590131456,2590.131456,76,78,127,6,20250630_204522
1751283860.4088013,10117740,2590141440,2590.14144,81,73,125,6,20250630_204522
1751283860.418785,10117779,2590151424,2590.151424,85,70,122,6,20250630_204522
1751283860.4287694,10117818,2590161408,2590.161408,90,70,121,6,20250630_204522
1751283860.4387534,10117857,2590171392,2590.171392,96,67,119,6,20250630_204522
1751283860.4487374,10117896,2590181376,2590.181376,101,67,121,6,20250630_204522
1751283860.4587214,10117935,2590191360,2590.19136,106,67,121,6,20250630_204522
1751283860.4687054,10117974,2590201344,2590.201344,112,64,120,6,20250630_204522
1751283860.4786894,10118013,2590211328,2590.211328,118,60,119,6,20250630_204522
1751283860.4886734,10118052,2590221312,2590.221312,124,59,118,6,20250630_204522
1751283860.4989133,10118092,2590231552,2590.231552,130,58,118,6,20250630_204522
1751283860.5088973,10118131,2590241536,2590.241536,135,57,120,6,20250630_204522
1751283860.518881,10118170,2590251520,2590.25152,141,57,120,6,20250630_204522
1751283860.528865,10118209,2590261504,2590.261504,147,56,120,6,20250630_204522
1751283860.5388494,10118248,2590271488,2590.271488,152,56,122,6,20250630_204522
1751283860.5488334,10118287,2590281472,2590.281472,157,56,124,6,20250630_204522
1751283860.5588174,10118326,2590291456,2590.291456,162,56,125,6,20250630_204522
1751283860.5688014,10118365,2590301440,2590.30144,167,57,127,6,20250630_204522
1751283860.5787854,10118404,2590311424,2590.311424,172,57,130,6,20250630_204522
1751283860.5887694,10118443,2590321408,2590.321408,176,59,134,6,20250630_204522
1751283860.5987537,10118482,2590331392,2590.331392,180,61,142,6,20250630_204522
1751283860.6087377,10118521,2590341376,2590.341376,184,62,149,6,20250630_204522
1751283860.6187215,10118560,2590351360,2590.35136,187,63,157,6,20250630_204522
1751283860.6287055,10118599,2590361344,2590.361344,191,63,161,6,20250630_204522
1751283860.6386895,10118638,2590371328,2590.371328,195,63,164,6,20250630_204522
1751283860.6489294,10118678,2590381568,2590.381568,199,64,166,6,20250630_204522
1751283860.6589134,10118717,2590391552,2590.391552,203,66,166,6,20250630_204522
1751283860.6688974,10118756,2590401536,2590.401536,208,65,167,6,20250630_204522
1751283860.6788814,10118795,2590411520,2590.41152,213,65,167,6,20250630_204522
1751283860.6888654,10118834,2590421504,2590.421504,218,66,167,6,20250630_204522
1751283860.6988494,10118873,2590431488,2590.431488,223,67,168,6,20250630_204522
1751283860.7088337,10118912,2590441472,2590.441472,228,70,167,6,20250630_204522
1751283860.7188177,10118951,2590451456,2590.451456,234,69,167,6,20250630_204522
1751283860.7288015,10118990,2590461440,2590.46144,239,69,168,6,20250630_204522
1751283860.7387855,10119029,2590471424,2590.471424,245,74,168,6,20250630_204522
1751283860.7487695,10119068,2590481408,2590.481408,251,80,167,6,20250630_204522
1751283860.7587533,10119107,2590491392,2590.491392,1,86,168,6,20250630_204522
1751283860.7687373,10119146,2590501376,2590.501376,7,129,167,6,20250630_204522
1751283860.778721,10119185,2590511360,2590.51136,13,97,168,6,20250630_204522
1751283860.7889614,10119225,2590521600,2590.5216,19,79,168,6,20250630_204522
1751283860.7989454,10119264,2590531584,2590.531584,24,97,168,6,20250630_204522
1751283860.8089294,10119303,2590541568,2590.541568,30,80,168,6,20250630_204522
1751283860.8189137,10119342,2590551552,2590.551552,35,79,168,6,20250630_204522
1751283860.8288977,10119381,2590561536,2590.561536,40,81,168,6,20250630_204522
1751283860.8388815,10119420,2590571520,2590.57152,45,84,169,6,20250630_204522
1751283860.8488655,10119459,2590581504,2590.581504,49,83,168,6,20250630_204522
1751283860.8588493,10119498,2590591488,2590.591488,53,83,168,6,20250630_204522
1751283860.8688333,10119537,2590601472,2590.601472,58,83,164,6,20250630_204522
1751283860.878817,10119576,2590611456,2590.611456,62,83,159,6,20250630_204522
1751283860.888801,10119615,2590621440,2590.62144,65,82,151,6,20250630_204522
1751283860.8987854,10119654,2590631424,2590.631424,69,80,144,6,20250630_204522
1751283860.9087694,10119693,2590641408,2590.641408,73,78,135,6,20250630_204522
1751283860.9187534,10119732,2590651392,2590.651392,77,74,130,6,20250630_204522
1751283860.9287374,10119771,2590661376,2590.661376,82,72,125,6,20250630_204522
1751283860.9389777,10119811,2590671616,2590.671616,86,69,123,6,20250630_204522
1751283860.9489615,10119850,2590681600,2590.6816,91,66,119,6,20250630_204522
1751283860.9589455,10119889,2590691584,2590.691584,97,65,119,6,20250630_204522
1751283860.9689293,10119928,2590701568,2590.701568,102,64,120,6,20250630_204522
1751283860.9789133,10119967,2590711552,2590.711552,108,62,121,6,20250630_204522
1751283860.988897,10120006,2590721536,2590.721536,113,61,120,6,20250630_204522
1751283860.998881,10120045,2590731520,2590.73152,119,59,119,6,20250630_204522
1751283861.0088654,10120084,2590741504,2590.741504,125,59,119,6,20250630_204522
1751283861.0188494,10120123,2590751488,2590.751488,131,59,119,6,20250630_204522
1751283861.0288334,10120162,2590761472,2590.761472,137,58,120,6,20250630_204522
1751283861.0388174,10120201,2590771456,2590.771456,142,57,120,6,20250630_204522
1751283861.0488014,10120240,2590781440,2590.78144,148,57,121,6,20250630_204522
1751283861.0587854,10120279,2590791424,2590.791424,153,58,121,6,20250630_204522
1751283861.0687697,10120318,2590801408,2590.801408,159,58,123,6,20250630_204522
1751283861.0790093,10120358,2590811648,2590.811648,164,58,125,6,20250630_204522
1751283861.0889933,10120397,2590821632,2590.821632,168,57,126,6,20250630_204522
1751283861.098977,10120436,2590831616,2590.831616,173,58,127,6,20250630_204522
1751283861.108961,10120475,2590841600,2590.8416,177,59,132,6,20250630_204522
1751283861.1189454,10120514,2590851584,2590.851584,181,61,141,6,20250630_204522
1751283861.1289294,10120553,2590861568,2590.861568,185,61,146,6,20250630_204522
1751283861.1389134,10120592,2590871552,2590.871552,189,63,153,6,20250630_204522
1751283861.1488974,10120631,2590881536,2590.881536,192,64,160,6,20250630_204522
1751283861.1588814,10120670,2590891520,2590.89152,196,64,162,6,20250630_204522
1751283861.1688654,10120709,2590901504,2590.901504,201,67,165,6,20250630_204522
1751283861.1788497,10120748,2590911488,2590.911488,205,65,167,6,20250630_204522
1751283861.1888337,10120787,2590921472,2590.921472,210,67,167,6,20250630_204522
1751283861.1988175,10120826,2590931456,2590.931456,214,66,167,6,20250630_204522
1751283861.2088015,10120865,2590941440,2590.94144,219,67,167,6,20250630_204522
1751283861.2187853,10120904,2590951424,2590.951424,224,69,167,6,20250630_204522
1751283861.2290254,10120944,2590961664,2590.961664,230,72,168,6,20250630_204522
1751283861.2390094,10120983,2590971648,2590.971648,235,71,168,6,20250630_204522
1751283861.2489934,10121022,2590981632,2590.981632,241,70,167,6,20250630_204522
1751283861.2589774,10121061,2590991616,2590.991616,247,71,168,6,20250630_204522
1751283861.2689614,10121100,2591001600,2591.0016,252,74,168,6,20250630_204522
1751283861.2789454,10121139,2591011584,2591.011584,3,76,168,6,20250630_204522
1751283861.2889297,10121178,2591021568,2591.021568,9,85,168,6,20250630_204522
1751283861.2989137,10121217,2591031552,2591.031552,15,139,168,6,20250630_204522
1751283861.3088975,10121256,2591041536,2591.041536,21,116,168,6,20250630_204522
1751283861.3188815,10121295,2591051520,2591.05152,26,100,168,6,20250630_204522
1751283861.3288653,10121334,2591061504,2591.061504,31,97,168,6,20250630_204522
1751283861.3388493,10121373,2591071488,2591.071488,36,111,168,6,20250630_204522
1751283861.348833,10121412,2591081472,2591.081472,41,87,168,6,20250630_204522
1751283861.358817,10121451,2591091456,2591.091456,46,118,167,6,20250630_204522
1751283861.3688014,10121490,2591101440,2591.10144,51,93,167,6,20250630_204522
1751283861.3790414,10121530,2591111680,2591.11168,55,114,165,6,20250630_204522
1751283861.3890254,10121569,2591121664,2591.121664,59,81,161,6,20250630_204522
1751283861.3990097,10121608,2591131648,2591.131648,63,79,154,6,20250630_204522
1751283861.4089935,10121647,2591141632,2591.141632,67,78,145,6,20250630_204522
1751283861.4189775,10121686,2591151616,2591.151616,71,76,138,6,20250630_204522
1751283861.4289615,10121725,2591161600,2591.1616,75,75,130,6,20250630_204522
1751283861.4389453,10121764,2591171584,2591.171584,79,73,127,6,20250630_204522
1751283861.4489293,10121803,2591181568,2591.181568,83,73,123,6,20250630_204522
1751283861.458913,10121842,2591191552,2591.191552,88,70,120,6,20250630_204522
1751283861.468897,10121881,2591201536,2591.201536,93,69,120,6,20250630_204522
1751283861.4788814,10121920,2591211520,2591.21152,99,67,121,6,20250630_204522
1751283861.4888654,10121959,2591221504,2591.221504,104,66,120,6,20250630_204522
1751283861.4988494,10121998,2591231488,2591.231488,110,65,121,6,20250630_204522
1751283861.5088334,10122037,2591241472,2591.241472,115,64,120,6,20250630_204522
1751283861.5190735,10122077,2591251712,2591.251712,121,63,119,6,20250630_204522
1751283861.5290575,10122116,2591261696,2591.261696,127,62,119,6,20250630_204522
1751283861.5390415,10122155,2591271680,2591.27168,133,60,120,6,20250630_204522
1751283861.5490253,10122194,2591281664,2591.281664,139,60,120,6,20250630_204522
1751283861.5590093,10122233,2591291648,2591.291648,144,60,121,6,20250630_204522
1751283861.568993,10122272,2591301632,2591.301632,150,59,122,6,20250630_204522
1751283861.578977,10122311,2591311616,2591.311616,155,60,123,6,20250630_204522
1751283861.5889614,10122350,2591321600,2591.3216,160,59,125,6,20250630_204522
1751283861.5989454,10122389,2591331584,2591.331584,165,60,127,6,20250630_204522
1751283861.6089294,10122428,2591341568,2591.341568,170,61,127,6,20250630_204522
1751283861.6189134,10122467,2591351552,2591.351552,174,77,133,6,20250630_204522
1751283861.6288974,10122506,2591361536,2591.361536,178,77,139,6,20250630_204522
1751283861.6388814,10122545,2591371520,2591.37152,182,72,147,6,20250630_204522
1751283861.6488657,10122584,2591381504,2591.381504,186,77,154,6,20250630_204522
1751283861.6591053,10122624,2591391744,2591.391744,189,64,159,6,20250630_204522
1751283861.6690893,10122663,2591401728,2591.401728,193,64,165,6,20250630_204522
1751283861.679073,10122702,2591411712,2591.411712,197,66,165,6,20250630_204522
1751283861.6890574,10122741,2591421696,2591.421696,201,65,167,6,20250630_204522
1751283861.6990414,10122780,2591431680,2591.43168,206,65,167,6,20250630_204522
1751283861.7090254,10122819,2591441664,2591.441664,210,66,167,6,20250630_204522
1751283861.7190094,10122858,2591451648,2591.451648,215,67,167,6,20250630_204522
1751283861.7289934,10122897,2591461632,2591.461632,220,68,168,6,20250630_204522
1751283861.7389774,10122936,2591471616,2591.471616,226,69,168,6,20250630_204522
1751283861.7489614,10122975,2591481600,2591.4816,231,75,167,6,20250630_204522
1751283861.7589457,10123014,2591491584,2591.491584,237,70,168,6,20250630_204522
1751283861.7689295,10123053,2591501568,2591.501568,242,70,168,6,20250630_204522
1751283861.7789135,10123092,2591511552,2591.511552,248,74,168,6,20250630_204522
1751283861.7888975,10123131,2591521536,2591.521536,254,74,168,6,20250630_204522
1751283861.7988813,10123170,2591531520,2591.53152,5,78,168,6,20250630_204522
1751283861.8091214,10123210,2591541760,2591.54176,10,95,168,6,20250630_204522
1751283861.8191054,10123249,2591551744,2591.551744,16,94,168,6,20250630_204522
1751283861.8290894,10123288,2591561728,2591.561728,22,105,169,6,20250630_204522
1751283861.8390734,10123327,2591571712,2591.571712,27,81,168,6,20250630_204522
1751283861.8490574,10123366,2591581696,2591.581696,33,82,168,6,20250630_204522
1751283861.8590417,10123405,2591591680,2591.59168,38,81,168,6,20250630_204522
1751283861.8690257,10123444,2591601664,2591.601664,43,78,169,6,20250630_204522
1751283861.8790095,10123483,2591611648,2591.611648,47,78,168,6,20250630_204522
1751283861.8889935,10123522,2591621632,2591.621632,52,78,168,6,20250630_204522
1751283861.8989775,10123561,2591631616,2591.631616,56,78,165,6,20250630_204522
1751283861.9089613,10123600,2591641600,2591.6416,60,76,163,6,20250630_204522
1751283861.9189453,10123639,2591651584,2591.651584,64,76,157,6,20250630_204522
1751283861.928929,10123678,2591661568,2591.661568,68,75,149,6,20250630_204522
1751283861.938913,10123717,2591671552,2591.671552,71,74,142,6,20250630_204522
1751283861.9491534,10123757,2591681792,2591.681792,75,73,135,6,20250630_204522
1751283861.9591374,10123796,2591691776,2591.691776,80,72,129,6,20250630_204522
1751283861.9691217,10123835,2591701760,2591.70176,84,71,126,6,20250630_204522
1751283861.9791057,10123874,2591711744,2591.711744,89,68,123,6,20250630_204522
1751283861.9890895,10123913,2591721728,2591.721728,94,67,119,6,20250630_204522
1751283861.9990735,10123952,2591731712,2591.731712,99,66,119,6,20250630_204522
1751283862.0090573,10123991,2591741696,2591.741696,105,64,120,6,20250630_204522
1751283862.0190413,10124030,2591751680,2591.75168,110,63,120,6,20250630_204522
1751283862.0290253,10124069,2591761664,2591.761664,116,62,120,6,20250630_204522
1751283862.039009,10124108,2591771648,2591.771648,122,63,120,6,20250630_204522
1751283862.048993,10124147,2591781632,2591.781632,128,62,119,6,20250630_204522
1751283862.0589774,10124186,2591791616,2591.791616,134,61,119,6,20250630_204522
1751283862.0689614,10124225,2591801600,2591.8016,139,61,120,6,20250630_204522
1751283862.0789454,10124264,2591811584,2591.811584,145,61,120,6,20250630_204522
1751283862.0891857,10124304,2591821824,2591.821824,151,60,120,6,20250630_204522
1751283862.0991695,10124343,2591831808,2591.831808,156,60,122,6,20250630_204522
1751283862.1091535,10124382,2591841792,2591.841792,161,60,124,6,20250630_204522
1751283862.1191373,10124421,2591851776,2591.851776,166,61,125,6,20250630_204522
1751283862.1291213,10124460,2591861760,2591.86176,170,70,127,6,20250630_204522
1751283862.139105,10124499,2591871744,2591.871744,175,77,128,6,20250630_204522
1751283862.149089,10124538,2591881728,2591.881728,179,94,132,6,20250630_204522
1751283862.1590734,10124577,2591891712,2591.891712,183,74,140,6,20250630_204522
1751283862.1690574,10124616,2591901696,2591.901696,187,72,147,6,20250630_204522
1751283862.1790414,10124655,2591911680,2591.91168,191,72,155,6,20250630_204522
1751283862.1890254,10124694,2591921664,2591.921664,194,66,159,6,20250630_204522
1751283862.1990094,10124733,2591931648,2591.931648,199,64,163,6,20250630_204522
1751283862.2089934,10124772,2591941632,2591.941632,203,64,164,6,20250630_204522
1751283862.2189777,10124811,2591951616,2591.951616,207,67,167,6,20250630_204522
1751283862.2289617,10124850,2591961600,2591.9616,212,67,165,6,20250630_204522
1751283862.2392013,10124890,2591971840,2591.97184,217,67,167,6,20250630_204522
1751283862.249185,10124929,2591981824,2591.981824,222,68,166,6,20250630_204522
1751283862.259169,10124968,2591991808,2591.991808,227,69,168,6,20250630_204522
1751283862.2691534,10125007,2592001792,2592.001792,233,71,168,6,20250630_204522
1751283862.2791374,10125046,2592011776,2592.011776,238,71,168,6,20250630_204522
1751283862.2891214,10125085,2592021760,2592.02176,244,73,168,6,20250630_204522
1751283862.2991054,10125124,2592031744,2592.031744,250,71,168,6,20250630_204522
1751283862.3090894,10125163,2592041728,2592.041728,1,73,168,6,20250630_204522
1751283862.3190734,10125202,2592051712,2592.051712,6,73,168,6,20250630_204522
1751283862.3290577,10125241,2592061696,2592.061696,12,75,168,6,20250630_204522
1751283862.3390417,10125280,2592071680,2592.07168,18,82,167,6,20250630_204522
1751283862.3490255,10125319,2592081664,2592.081664,23,88,168,6,20250630_204522
1751283862.3590095,10125358,2592091648,2592.091648,29,89,168,6,20250630_204522
1751283862.3689935,10125397,2592101632,2592.101632,34,79,168,6,20250630_204522
1751283862.3792334,10125437,2592111872,2592.111872,39,81,168,6,20250630_204522
1751283862.3892174,10125476,2592121856,2592.121856,44,79,168,6,20250630_204522
1751283862.3992014,10125515,2592131840,2592.13184,49,80,168,6,20250630_204522
1751283862.4091854,10125554,2592141824,2592.141824,53,80,168,6,20250630_204522
1751283862.4191694,10125593,2592151808,2592.151808,57,82,164,6,20250630_204522
1751283862.4291534,10125632,2592161792,2592.161792,61,80,160,6,20250630_204522
1751283862.4391377,10125671,2592171776,2592.171776,65,77,154,6,20250630_204522
1751283862.4491217,10125710,2592181760,2592.18176,69,74,146,6,20250630_204522
1751283862.4591055,10125749,2592191744,2592.191744,73,73,140,6,20250630_204522
1751283862.4690895,10125788,2592201728,2592.201728,77,72,131,6,20250630_204522
1751283862.4790733,10125827,2592211712,2592.211712,81,71,127,6,20250630_204522
1751283862.4890573,10125866,2592221696,2592.221696,86,68,124,6,20250630_204522
1751283862.4990413,10125905,2592231680,2592.23168,90,67,122,6,20250630_204522
1751283862.509025,10125944,2592241664,2592.241664,96,65,119,6,20250630_204522
1751283862.5190094,10125983,2592251648,2592.251648,101,64,120,6,20250630_204522
1751283862.5292494,10126023,2592261888,2592.261888,107,63,120,6,20250630_204522
1751283862.5392334,10126062,2592271872,2592.271872,112,63,121,6,20250630_204522
1751283862.5492177,10126101,2592281856,2592.281856,118,62,120,6,20250630_204522
1751283862.5592017,10126140,2592291840,2592.29184,124,63,119,6,20250630_204522
1751283862.5691855,10126179,2592301824,2592.301824,130,62,119,6,20250630_204522
1751283862.5791695,10126218,2592311808,2592.311808,135,64,120,6,20250630_204522
1751283862.5891533,10126257,2592321792,2592.321792,141,62,119,6,20250630_204522
1751283862.5991373,10126296,2592331776,2592.331776,147,61,121,6,20250630_204522
1751283862.609121,10126335,2592341760,2592.34176,152,73,122,6,20250630_204522
1751283862.619105,10126374,2592351744,2592.351744,157,83,124,6,20250630_204522
1751283862.6290894,10126413,2592361728,2592.361728,162,71,125,6,20250630_204522
1751283862.6390734,10126452,2592371712,2592.371712,167,73,126,6,20250630_204522
1751283862.6490574,10126491,2592381696,2592.381696,172,87,127,6,20250630_204522
1751283862.6590414,10126530,2592391680,2592.39168,176,89,131,6,20250630_204522
1751283862.6692815,10126570,2592401920,2592.40192,180,87,138,6,20250630_204522
1751283862.6792655,10126609,2592411904,2592.411904,184,79,145,6,20250630_204522
1751283862.6892495,10126648,2592421888,2592.421888,188,66,154,6,20250630_204522
1751283862.6992333,10126687,2592431872,2592.431872,191,74,159,6,20250630_204522
1751283862.7092173,10126726,2592441856,2592.441856,195,74,162,6,20250630_204522
1751283862.719201,10126765,2592451840,2592.45184,199,65,164,6,20250630_204522
1751283862.729185,10126804,2592461824,2592.461824,204,64,166,6,20250630_204522
1751283862.7391694,10126843,2592471808,2592.471808,208,66,167,6,20250630_204522
1751283862.7491534,10126882,2592481792,2592.481792,213,66,167,6,20250630_204522
1751283862.7591374,10126921,2592491776,2592.491776,218,67,166,6,20250630_204522
1751283862.7691214,10126960,2592501760,2592.50176,223,68,168,6,20250630_204522
1751283862.7791054,10126999,2592511744,2592.511744,228,69,168,6,20250630_204522
1751283862.7890894,10127038,2592521728,2592.521728,234,70,168,6,20250630_204522
1751283862.7990737,10127077,2592531712,2592.531712,240,70,168,6,20250630_204522
1751283862.8090577,10127116,2592541696,2592.541696,245,71,168,6,20250630_204522
1751283862.8192973,10127156,2592551936,2592.551936,251,72,168,6,20250630_204522
1751283862.829281,10127195,2592561920,2592.56192,2,76,168,6,20250630_204522
1751283862.839265,10127234,2592571904,2592.571904,8,76,168,6,20250630_204522
1751283862.8492494,10127273,2592581888,2592.581888,13,74,168,6,20250630_204522
1751283862.8592334,10127312,2592591872,2592.591872,19,77,168,6,20250630_204522
1751283862.8692174,10127351,2592601856,2592.601856,25,75,168,6,20250630_204522
1751283862.8792014,10127390,2592611840,2592.61184,30,78,168,6,20250630_204522
1751283862.8891854,10127429,2592621824,2592.621824,35,76,168,6,20250630_204522
1751283862.8991694,10127468,2592631808,2592.631808,40,76,168,6,20250630_204522
1751283862.9091537,10127507,2592641792,2592.641792,45,75,168,6,20250630_204522
1751283862.9191377,10127546,2592651776,2592.651776,50,76,168,6,20250630_204522
1751283862.9291215,10127585,2592661760,2592.66176,54,76,167,6,20250630_204522
1751283862.9391055,10127624,2592671744,2592.671744,58,79,164,6,20250630_204522
1751283862.9490893,10127663,2592681728,2592.681728,62,78,160,6,20250630_204522
1751283862.9593294,10127703,2592691968,2592.691968,66,78,153,6,20250630_204522
1751283862.9693134,10127742,2592701952,2592.701952,70,75,145,6,20250630_204522
1751283862.9792974,10127781,2592711936,2592.711936,73,73,137,6,20250630_204522
1751283862.9892814,10127820,2592721920,2592.72192,78,71,130,6,20250630_204522
1751283862.9992654,10127859,2592731904,2592.731904,82,69,127,6,20250630_204522
1751283863.0092494,10127898,2592741888,2592.741888,87,67,123,6,20250630_204522
1751283863.0192337,10127937,2592751872,2592.751872,92,66,121,6,20250630_204522
1751283863.0292175,10127976,2592761856,2592.761856,97,64,118,6,20250630_204522
1751283863.0392015,10128015,2592771840,2592.77184,102,63,120,6,20250630_204522
1751283863.0491855,10128054,2592781824,2592.781824,108,62,119,6,20250630_204522
1751283863.0591693,10128093,2592791808,2592.791808,113,62,121,6,20250630_204522
1751283863.0691533,10128132,2592801792,2592.801792,119,62,119,6,20250630_204522
1751283863.079137,10128171,2592811776,2592.811776,125,62,120,6,20250630_204522
1751283863.089121,10128210,2592821760,2592.82176,131,60,119,6,20250630_204522
1751283863.0993614,10128250,2592832000,2592.832,137,60,120,6,20250630_204522
1751283863.1093454,10128289,2592841984,2592.841984,142,59,120,6,20250630_204522
1751283863.1193297,10128328,2592851968,2592.851968,148,61,121,6,20250630_204522
1751283863.1293137,10128367,2592861952,2592.861952,153,81,122,6,20250630_204522
1751283863.1392975,10128406,2592871936,2592.871936,158,85,124,6,20250630_204522
1751283863.1492815,10128445,2592881920,2592.88192,163,71,125,6,20250630_204522
1751283863.1592655,10128484,2592891904,2592.891904,168,75,127,6,20250630_204522
1751283863.1692493,10128523,2592901888,2592.901888,172,140,128,6,20250630_204522
1751283863.1792333,10128562,2592911872,2592.911872,177,78,132,6,20250630_204522
1751283863.189217,10128601,2592921856,2592.921856,181,65,138,6,20250630_204522
1751283863.199201,10128640,2592931840,2592.93184,185,82,147,6,20250630_204522
1751283863.2091854,10128679,2592941824,2592.941824,188,73,154,6,20250630_204522
1751283863.2191694,10128718,2592951808,2592.951808,192,67,160,6,20250630_204522
1751283863.2291534,10128757,2592961792,2592.961792,196,69,162,6,20250630_204522
1751283863.2391374,10128796,2592971776,2592.971776,200,63,164,6,20250630_204522
1751283863.2493775,10128836,2592982016,2592.982016,205,63,166,6,20250630_204522
1751283863.2593615,10128875,2592992000,2592.992,209,65,167,6,20250630_204522
1751283863.2693453,10128914,2593001984,2593.001984,214,65,166,6,20250630_204522
1751283863.2793293,10128953,2593011968,2593.011968,219,66,166,6,20250630_204522
1751283863.2893133,10128992,2593021952,2593.021952,224,66,168,6,20250630_204522
1751283863.299297,10129031,2593031936,2593.031936,230,68,168,6,20250630_204522
1751283863.309281,10129070,2593041920,2593.04192,235,68,168,6,20250630_204522
1751283863.3192654,10129109,2593051904,2593.051904,241,68,168,6,20250630_204522
1751283863.3292494,10129148,2593061888,2593.061888,246,68,168,6,20250630_204522
1751283863.3392334,10129187,2593071872,2593.071872,252,71,168,6,20250630_204522
1751283863.3492174,10129226,2593081856,2593.081856,3,70,168,6,20250630_204522
1751283863.3592014,10129265,2593091840,2593.09184,9,72,168,6,20250630_204522
1751283863.3691854,10129304,2593101824,2593.101824,15,76,168,6,20250630_204522
1751283863.3791697,10129343,2593111808,2593.111808,20,82,168,6,20250630_204522
1751283863.3894093,10129383,2593122048,2593.122048,26,87,168,6,20250630_204522
1751283863.399393,10129422,2593132032,2593.132032,31,78,170,6,20250630_204522
1751283863.409377,10129461,2593142016,2593.142016,36,73,168,6,20250630_204522
1751283863.4193614,10129500,2593152000,2593.152,41,73,168,6,20250630_204522
1751283863.4293454,10129539,2593161984,2593.161984,46,72,168,6,20250630_204522
1751283863.4393294,10129578,2593171968,2593.171968,50,73,167,6,20250630_204522
1751283863.4493134,10129617,2593181952,2593.181952,55,75,167,6,20250630_204522
1751283863.4592974,10129656,2593191936,2593.191936,59,76,164,6,20250630_204522
1751283863.4692814,10129695,2593201920,2593.20192,63,73,157,6,20250630_204522
1751283863.4792657,10129734,2593211904,2593.211904,67,73,151,6,20250630_204522
1751283863.4892497,10129773,2593221888,2593.221888,70,69,141,6,20250630_204522
1751283863.4992335,10129812,2593231872,2593.231872,74,69,134,6,20250630_204522
1751283863.5092175,10129851,2593241856,2593.241856,79,66,127,6,20250630_204522
1751283863.519457,10129891,2593252096,2593.252096,83,65,125,6,20250630_204522
1751283863.5294414,10129930,2593262080,2593.26208,88,63,121,6,20250630_204522
1751283863.5394254,10129969,2593272064,2593.272064,93,62,119,6,20250630_204522
1751283863.5494094,10130008,2593282048,2593.282048,98,60,119,6,20250630_204522
1751283863.5593934,10130047,2593292032,2593.292032,104,59,120,6,20250630_204522
1751283863.5693774,10130086,2593302016,2593.302016,109,58,121,6,20250630_204522
1751283863.5793614,10130125,2593312000,2593.312,115,59,121,6,20250630_204522
1751283863.5896015,10130165,2593322240,2593.32224,121,59,121,6,20250630_204522
1751283863.5995853,10130204,2593332224,2593.332224,126,57,118,6,20250630_204522
1751283863.6095693,10130243,2593342208,2593.342208,132,59,119,6,20250630_204522
1751283863.619553,10130282,2593352192,2593.352192,138,81,119,6,20250630_204522
1751283863.629537,10130321,2593362176,2593.362176,144,79,121,6,20250630_204522
1751283863.6397774,10130361,2593372416,2593.372416,149,69,122,6,20250630_204522
1751283863.6497614,10130400,2593382400,2593.3824,155,69,123,6,20250630_204522
1751283863.6597457,10130439,2593392384,2593.392384,160,86,124,6,20250630_204522
1751283863.6697297,10130478,2593402368,2593.402368,165,74,127,6,20250630_204522
1751283863.6797135,10130517,2593412352,2593.412352,169,69,127,6,20250630_204522
1751283863.6896975,10130556,2593422336,2593.422336,174,58,130,6,20250630_204522
1751283863.6996815,10130595,2593432320,2593.43232,178,58,134,6,20250630_204522
1751283863.7096653,10130634,2593442304,2593.442304,182,55,142,6,20250630_204522
1751283863.7199054,10130674,2593452544,2593.452544,185,53,150,6,20250630_204522
1751283863.7298894,10130713,2593462528,2593.462528,189,53,157,6,20250630_204522
1751283863.7398734,10130752,2593472512,2593.472512,193,55,161,6,20250630_204522
1751283863.7498574,10130791,2593482496,2593.482496,197,59,163,6,20250630_204522
1751283863.7598414,10130830,2593492480,2593.49248,201,55,166,6,20250630_204522
1751283863.7698257,10130869,2593502464,2593.502464,206,54,167,6,20250630_204522
1751283863.7798097,10130908,2593512448,2593.512448,210,55,167,6,20250630_204522
1751283863.7900493,10130948,2593522688,2593.522688,215,54,167,6,20250630_204522
1751283863.800033,10130987,2593532672,2593.532672,220,55,167,6,20250630_204522
1751283863.810017,10131026,2593542656,2593.542656,226,55,168,6,20250630_204522
1751283863.8200014,10131065,2593552640,2593.55264,231,55,166,6,20250630_204522
1751283863.8299854,10131104,2593562624,2593.562624,236,54,168,6,20250630_204522
1751283863.8399694,10131143,2593572608,2593.572608,242,54,167,6,20250630_204522
1751283863.8499534,10131182,2593582592,2593.582592,248,54,168,6,20250630_204522
1751283863.8601935,10131222,2593592832,2593.592832,254,56,166,6,20250630_204522
1751283863.8701775,10131261,2593602816,2593.602816,5,55,168,6,20250630_204522
1751283863.8801613,10131300,2593612800,2593.6128,10,56,168,6,20250630_204522
1751283863.8901453,10131339,2593622784,2593.622784,16,58,168,6,20250630_204522
1751283863.9001293,10131378,2593632768,2593.632768,22,56,168,6,20250630_204522
1751283863.910113,10131417,2593642752,2593.642752,27,55,168,6,20250630_204522
1751283863.9203534,10131457,2593652992,2593.652992,33,55,169,6,20250630_204522
1751283863.9303374,10131496,2593662976,2593.662976,38,54,168,6,20250630_204522
1751283863.9403214,10131535,2593672960,2593.67296,43,55,168,6,20250630_204522
1751283863.9503057,10131574,2593682944,2593.682944,47,53,168,6,20250630_204522
1751283863.9602897,10131613,2593692928,2593.692928,52,54,168,6,20250630_204522
1751283863.9702735,10131652,2593702912,2593.702912,56,55,166,6,20250630_204522
1751283863.9802575,10131691,2593712896,2593.712896,60,56,164,6,20250630_204522
1751283863.9902413,10131730,2593722880,2593.72288,64,55,156,6,20250630_204522
1751283864.0004814,10131770,2593733120,2593.73312,68,53,148,6,20250630_204522
1751283864.0104654,10131809,2593743104,2593.743104,72,49,140,6,20250630_204522
1751283864.0204494,10131848,2593753088,2593.753088,76,50,134,6,20250630_204522
1751283864.0304334,10131887,2593763072,2593.763072,80,48,127,6,20250630_204522
1751283864.0404174,10131926,2593773056,2593.773056,84,48,125,6,20250630_204522
1751283864.0504014,10131965,2593783040,2593.78304,89,46,122,6,20250630_204522
1751283864.0603857,10132004,2593793024,2593.793024,94,46,120,6,20250630_204522
1751283864.0703695,10132043,2593803008,2593.803008,100,45,119,6,20250630_204522
1751283864.0803535,10132082,2593812992,2593.812992,105,45,121,6,20250630_204522
1751283864.0903375,10132121,2593822976,2593.822976,111,43,121,6,20250630_204522
1751283864.1003213,10132160,2593832960,2593.83296,116,44,120,6,20250630_204522
1751283864.1103053,10132199,2593842944,2593.842944,122,43,119,6,20250630_204522
1751283864.1205454,10132239,2593853184,2593.853184,128,60,119,6,20250630_204522
1751283864.1305294,10132278,2593863168,2593.863168,134,45,119,6,20250630_204522
1751283864.1405134,10132317,2593873152,2593.873152,139,44,118,6,20250630_204522
1751283864.1504974,10132356,2593883136,2593.883136,145,43,120,6,20250630_204522
1751283864.1604817,10132395,2593893120,2593.89312,151,45,121,6,20250630_204522
1751283864.1704657,10132434,2593903104,2593.903104,156,44,122,6,20250630_204522
1751283864.1804495,10132473,2593913088,2593.913088,161,44,124,6,20250630_204522
1751283864.1904335,10132512,2593923072,2593.923072,166,43,126,6,20250630_204522
1751283864.2004175,10132551,2593933056,2593.933056,171,44,127,6,20250630_204522
1751283864.2104013,10132590,2593943040,2593.94304,175,43,128,6,20250630_204522
1751283864.2203853,10132629,2593953024,2593.953024,179,43,133,6,20250630_204522
1751283864.230369,10132668,2593963008,2593.963008,183,43,139,6,20250630_204522
1751283864.240353,10132707,2593972992,2593.972992,187,44,149,6,20250630_204522
1751283864.2503374,10132746,2593982976,2593.982976,191,44,156,6,20250630_204522
1751283864.2603214,10132785,2593992960,2593.99296,195,64,160,6,20250630_204522
1751283864.2705617,10132825,2594003200,2594.0032,199,87,162,6,20250630_204522
1751283864.2805457,10132864,2594013184,2594.013184,203,62,165,6,20250630_204522
1751283864.2905295,10132903,2594023168,2594.023168,207,51,167,6,20250630_204522
1751283864.3005135,10132942,2594033152,2594.033152,212,49,167,6,20250630_204522
1751283864.3104973,10132981,2594043136,2594.043136,217,46,167,6,20250630_204522
1751283864.3204813,10133020,2594053120,2594.05312,222,47,167,6,20250630_204522
1751283864.3304653,10133059,2594063104,2594.063104,227,46,167,6,20250630_204522
1751283864.340449,10133098,2594073088,2594.073088,233,48,168,6,20250630_204522
1751283864.350433,10133137,2594083072,2594.083072,239,47,168,6,20250630_204522
1751283864.3604174,10133176,2594093056,2594.093056,244,48,167,6,20250630_204522
1751283864.3704014,10133215,2594103040,2594.10304,250,50,167,6,20250630_204522
1751283864.3803854,10133254,2594113024,2594.113024,1,51,167,6,20250630_204522
1751283864.3903694,10133293,2594123008,2594.123008,7,52,168,6,20250630_204522
1751283864.4003534,10133332,2594132992,2594.132992,12,51,168,6,20250630_204522
1751283864.4103374,10133371,2594142976,2594.142976,18,50,168,6,20250630_204522
1751283864.4205773,10133411,2594153216,2594.153216,24,52,168,6,20250630_204522
1751283864.4305613,10133450,2594163200,2594.1632,29,49,168,6,20250630_204522
1751283864.440545,10133489,2594173184,2594.173184,34,50,168,6,20250630_204522
1751283864.450529,10133528,2594183168,2594.183168,39,49,168,6,20250630_204522
1751283864.4605134,10133567,2594193152,2594.193152,44,50,168,6,20250630_204522
1751283864.4704974,10133606,2594203136,2594.203136,49,50,166,6,20250630_204522
1751283864.4804814,10133645,2594213120,2594.21312,53,51,167,6,20250630_204522
1751283864.4904654,10133684,2594223104,2594.223104,57,51,165,6,20250630_204522
1751283864.5004494,10133723,2594233088,2594.233088,61,50,161,6,20250630_204522
1751283864.5104334,10133762,2594243072,2594.243072,65,49,154,6,20250630_204522
1751283864.5204177,10133801,2594253056,2594.253056,69,49,147,6,20250630_204522
1751283864.5304017,10133840,2594263040,2594.26304,73,47,139,6,20250630_204522
1751283864.5403855,10133879,2594273024,2594.273024,77,47,132,6,20250630_204522
1751283864.5503695,10133918,2594283008,2594.283008,81,46,127,6,20250630_204522
1751283864.560609,10133958,2594293248,2594.293248,86,45,124,6,20250630_204522
1751283864.5705934,10133997,2594303232,2594.303232,91,43,122,6,20250630_204522
1751283864.5805774,10134036,2594313216,2594.313216,96,44,119,6,20250630_204522
1751283864.5905614,10134075,2594323200,2594.3232,101,43,120,6,20250630_204522
1751283864.6005454,10134114,2594333184,2594.333184,107,42,120,6,20250630_204522
1751283864.6105294,10134153,2594343168,2594.343168,112,41,119,6,20250630_204522
1751283864.6205134,10134192,2594353152,2594.353152,118,43,120,6,20250630_204522
1751283864.6304977,10134231,2594363136,2594.363136,124,46,118,6,20250630_204522
1751283864.6404817,10134270,2594373120,2594.37312,130,45,119,6,20250630_204522
1751283864.6504655,10134309,2594383104,2594.383104,135,41,120,6,20250630_204522
1751283864.6604495,10134348,2594393088,2594.393088,141,42,120,6,20250630_204522
1751283864.6704335,10134387,2594403072,2594.403072,147,42,120,6,20250630_204522
1751283864.6804173,10134426,2594413056,2594.413056,152,42,122,6,20250630_204522
1751283864.6904013,10134465,2594423040,2594.42304,157,40,123,6,20250630_204522
1751283864.700385,10134504,2594433024,2594.433024,162,41,124,6,20250630_204522
1751283864.7106254,10134544,2594443264,2594.443264,167,41,127,6,20250630_204522
1751283864.7206094,10134583,2594453248,2594.453248,172,41,128,6,20250630_204522
1751283864.7305934,10134622,2594463232,2594.463232,176,40,133,6,20250630_204522
1751283864.7405777,10134661,2594473216,2594.473216,180,43,139,6,20250630_204522
1751283864.7505617,10134700,2594483200,2594.4832,184,43,147,6,20250630_204522
1751283864.7605455,10134739,2594493184,2594.493184,188,46,154,6,20250630_204522
1751283864.7705295,10134778,2594503168,2594.503168,191,48,160,6,20250630_204522
1751283864.7805133,10134817,2594513152,2594.513152,195,52,162,6,20250630_204522
1751283864.7904973,10134856,2594523136,2594.523136,199,48,164,6,20250630_204522
1751283864.800481,10134895,2594533120,2594.53312,204,49,167,6,20250630_204522
1751283864.810465,10134934,2594543104,2594.543104,208,49,167,6,20250630_204522
1751283864.8204494,10134973,2594553088,2594.553088,213,52,166,6,20250630_204522
1751283864.8304334,10135012,2594563072,2594.563072,218,44,166,6,20250630_204522
1751283864.8404174,10135051,2594573056,2594.573056,223,44,168,6,20250630_204522
1751283864.8506577,10135091,2594583296,2594.583296,228,43,168,6,20250630_204522
1751283864.8606417,10135130,2594593280,2594.59328,234,45,167,6,20250630_204522
1751283864.8706255,10135169,2594603264,2594.603264,239,44,168,6,20250630_204522
1751283864.8806095,10135208,2594613248,2594.613248,245,46,168,6,20250630_204522
1751283864.8905933,10135247,2594623232,2594.623232,251,45,168,6,20250630_204522
1751283864.9005773,10135286,2594633216,2594.633216,2,47,167,6,20250630_204522
1751283864.910561,10135325,2594643200,2594.6432,8,47,168,6,20250630_204522
1751283864.920545,10135364,2594653184,2594.653184,13,48,170,6,20250630_204522
1751283864.9305294,10135403,2594663168,2594.663168,19,46,168,6,20250630_204522
1751283864.9405134,10135442,2594673152,2594.673152,25,47,168,6,20250630_204522
1751283864.9504974,10135481,2594683136,2594.683136,30,45,168,6,20250630_204522
1751283864.9604814,10135520,2594693120,2594.69312,35,47,168,6,20250630_204522
1751283864.9704654,10135559,2594703104,2594.703104,40,46,168,6,20250630_204522
1751283864.9804494,10135598,2594713088,2594.713088,45,46,168,6,20250630_204522
1751283864.9906895,10135638,2594723328,2594.723328,50,46,167,6,20250630_204522
1751283865.0006733,10135677,2594733312,2594.733312,54,46,167,6,20250630_204522
1751283865.0106573,10135716,2594743296,2594.743296,58,45,165,6,20250630_204522
1751283865.020641,10135755,2594753280,2594.75328,62,46,160,6,20250630_204522
1751283865.030625,10135794,2594763264,2594.763264,66,45,154,6,20250630_204522
1751283865.0406094,10135833,2594773248,2594.773248,70,45,147,6,20250630_204522
1751283865.0505934,10135872,2594783232,2594.783232,73,44,138,6,20250630_204522
1751283865.0605774,10135911,2594793216,2594.793216,78,44,131,6,20250630_204522
1751283865.0705614,10135950,2594803200,2594.8032,82,43,127,6,20250630_204522
1751283865.0805454,10135989,2594813184,2594.813184,87,42,123,6,20250630_204522
1751283865.0905294,10136028,2594823168,2594.823168,91,41,120,6,20250630_204522
1751283865.1005137,10136067,2594833152,2594.833152,97,42,119,6,20250630_204522
1751283865.1104977,10136106,2594843136,2594.843136,102,40,119,6,20250630_204522
1751283865.1204815,10136145,2594853120,2594.85312,108,40,120,6,20250630_204522
1751283865.130721,10136185,2594863360,2594.86336,113,38,123,6,20250630_204522
1751283865.140705,10136224,2594873344,2594.873344,119,39,120,6,20250630_204522
1751283865.1506894,10136263,2594883328,2594.883328,125,39,120,6,20250630_204522
1751283865.1606734,10136302,2594893312,2594.893312,131,40,120,6,20250630_204522
1751283865.1706574,10136341,2594903296,2594.903296,136,38,119,6,20250630_204522
1751283865.1806414,10136380,2594913280,2594.91328,142,38,121,6,20250630_204522
1751283865.1906254,10136419,2594923264,2594.923264,148,37,121,6,20250630_204522
1751283865.2006094,10136458,2594933248,2594.933248,153,38,122,6,20250630_204522
1751283865.2105937,10136497,2594943232,2594.943232,158,37,125,6,20250630_204522
1751283865.2205777,10136536,2594953216,2594.953216,163,38,127,6,20250630_204522
1751283865.2305615,10136575,2594963200,2594.9632,168,37,126,6,20250630_204522
1751283865.2405455,10136614,2594973184,2594.973184,172,40,127,6,20250630_204522
1751283865.2505293,10136653,2594983168,2594.983168,177,37,131,6,20250630_204522
1751283865.2605133,10136692,2594993152,2594.993152,181,39,137,6,20250630_204522
1751283865.270497,10136731,2595003136,2595.003136,185,38,144,6,20250630_204522
1751283865.2807374,10136771,2595013376,2595.013376,188,41,154,6,20250630_204522
1751283865.2907214,10136810,2595023360,2595.02336,192,41,160,6,20250630_204522
1751283865.3007054,10136849,2595033344,2595.033344,196,42,162,6,20250630_204522
1751283865.3106894,10136888,2595043328,2595.043328,200,39,164,6,20250630_204522
1751283865.3206737,10136927,2595053312,2595.053312,205,40,166,6,20250630_204522
1751283865.3306575,10136966,2595063296,2595.063296,209,40,167,6,20250630_204522
1751283865.3406415,10137005,2595073280,2595.07328,214,42,167,6,20250630_204522
1751283865.3506255,10137044,2595083264,2595.083264,219,41,167,6,20250630_204522
1751283865.3606093,10137083,2595093248,2595.093248,224,42,167,6,20250630_204522
1751283865.3705933,10137122,2595103232,2595.103232,229,41,167,6,20250630_204522
1751283865.380577,10137161,2595113216,2595.113216,235,42,168,6,20250630_204522
1751283865.390561,10137200,2595123200,2595.1232,241,43,168,6,20250630_204522
1751283865.4005454,10137239,2595133184,2595.133184,246,43,167,6,20250630_204522
1751283865.4105294,10137278,2595143168,2595.143168,252,43,168,6,20250630_204522
1751283865.4205134,10137317,2595153152,2595.153152,3,44,168,6,20250630_204522
1751283865.4307537,10137357,2595163392,2595.163392,9,44,168,6,20250630_204522
1751283865.4407375,10137396,2595173376,2595.173376,15,44,167,6,20250630_204522
1751283865.4507215,10137435,2595183360,2595.18336,20,46,168,6,20250630_204522
1751283865.4607055,10137474,2595193344,2595.193344,26,46,168,6,20250630_204522
1751283865.4706893,10137513,2595203328,2595.203328,31,43,168,6,20250630_204522
1751283865.4806733,10137552,2595213312,2595.213312,36,45,168,6,20250630_204522
1751283865.490657,10137591,2595223296,2595.223296,41,44,168,6,20250630_204522
1751283865.500641,10137630,2595233280,2595.23328,46,45,168,6,20250630_204522
1751283865.5106254,10137669,2595243264,2595.243264,50,44,167,6,20250630_204522
1751283865.5206094,10137708,2595253248,2595.253248,55,45,166,6,20250630_204522
1751283865.5305934,10137747,2595263232,2595.263232,59,43,163,6,20250630_204522
1751283865.5405774,10137786,2595273216,2595.273216,63,44,155,6,20250630_204522
1751283865.5505614,10137825,2595283200,2595.2832,66,43,148,6,20250630_204522
1751283865.5605454,10137864,2595293184,2595.293184,70,43,142,6,20250630_204522
1751283865.5707853,10137904,2595303424,2595.303424,74,42,134,6,20250630_204522
1751283865.5807693,10137943,2595313408,2595.313408,78,43,128,6,20250630_204522
1751283865.5907533,10137982,2595323392,2595.323392,83,41,125,6,20250630_204522
1751283865.600737,10138021,2595333376,2595.333376,88,42,123,6,20250630_204522
1751283865.610721,10138060,2595343360,2595.34336,93,39,119,6,20250630_204522
1751283865.6207054,10138099,2595353344,2595.353344,98,40,119,6,20250630_204522
1751283865.6306894,10138138,2595363328,2595.363328,103,38,120,6,20250630_204522
1751283865.6406734,10138177,2595373312,2595.373312,109,38,119,6,20250630_204522
1751283865.6506574,10138216,2595383296,2595.383296,115,37,120,6,20250630_204522
1751283865.6606414,10138255,2595393280,2595.39328,120,37,119,6,20250630_204522
1751283865.6706254,10138294,2595403264,2595.403264,126,37,119,6,20250630_204522
1751283865.6806097,10138333,2595413248,2595.413248,132,37,120,6,20250630_204522
1751283865.6905935,10138372,2595423232,2595.423232,138,35,120,6,20250630_204522
1751283865.7005775,10138411,2595433216,2595.433216,144,36,121,6,20250630_204522
1751283865.710817,10138451,2595443456,2595.443456,149,35,122,6,20250630_204522
1751283865.7208014,10138490,2595453440,2595.45344,154,36,123,6,20250630_204522
1751283865.7307854,10138529,2595463424,2595.463424,159,35,124,6,20250630_204522
1751283865.7407694,10138568,2595473408,2595.473408,164,36,126,6,20250630_204522
1751283865.7507534,10138607,2595483392,2595.483392,169,36,128,6,20250630_204522
1751283865.7607374,10138646,2595493376,2595.493376,173,36,130,6,20250630_204522
1751283865.7707214,10138685,2595503360,2595.50336,177,36,136,6,20250630_204522
1751283865.7807057,10138724,2595513344,2595.513344,181,37,142,6,20250630_204522
1751283865.7906897,10138763,2595523328,2595.523328,185,37,148,6,20250630_204522
1751283865.8006735,10138802,2595533312,2595.533312,189,41,155,6,20250630_204522
1751283865.8106575,10138841,2595543296,2595.543296,193,37,161,6,20250630_204522
1751283865.8206415,10138880,2595553280,2595.55328,197,39,163,6,20250630_204522
1751283865.8306253,10138919,2595563264,2595.563264,201,37,166,6,20250630_204522
1751283865.8406093,10138958,2595573248,2595.573248,205,38,166,6,20250630_204522
1751283865.8508494,10138998,2595583488,2595.583488,210,38,167,6,20250630_204522
1751283865.8608334,10139037,2595593472,2595.593472,215,40,167,6,20250630_204522
1751283865.8708174,10139076,2595603456,2595.603456,220,39,167,6,20250630_204522
1751283865.8808014,10139115,2595613440,2595.61344,225,40,168,6,20250630_204522
1751283865.8907857,10139154,2595623424,2595.623424,230,40,167,6,20250630_204522
1751283865.9007697,10139193,2595633408,2595.633408,236,41,167,6,20250630_204522
1751283865.9107535,10139232,2595643392,2595.643392,242,40,168,6,20250630_204522
1751283865.9207375,10139271,2595653376,2595.653376,247,41,168,6,20250630_204522
1751283865.9307215,10139310,2595663360,2595.66336,253,41,168,6,20250630_204522
1751283865.9407053,10139349,2595673344,2595.673344,4,42,168,6,20250630_204522
1751283865.9506893,10139388,2595683328,2595.683328,10,41,168,6,20250630_204522
1751283865.960673,10139427,2595693312,2595.693312,15,43,170,6,20250630_204522
1751283865.970657,10139466,2595703296,2595.703296,21,41,170,6,20250630_204522
1751283865.9806414,10139505,2595713280,2595.71328,27,42,168,6,20250630_204522
1751283865.9906254,10139544,2595723264,2595.723264,32,41,168,6,20250630_204522
1751283866.0008657,10139584,2595733504,2595.733504,37,43,168,6,20250630_204522
1751283866.0108497,10139623,2595743488,2595.743488,42,42,168,6,20250630_204522
1751283866.0208335,10139662,2595753472,2595.753472,47,42,168,6,20250630_204522
1751283866.0308175,10139701,2595763456,2595.763456,51,41,168,6,20250630_204522
1751283866.0408013,10139740,2595773440,2595.77344,55,42,166,6,20250630_204522
1751283866.0507853,10139779,2595783424,2595.783424,59,41,162,6,20250630_204522
1751283866.060769,10139818,2595793408,2595.793408,63,42,156,6,20250630_204522
1751283866.070753,10139857,2595803392,2595.803392,67,41,148,6,20250630_204522
1751283866.0807374,10139896,2595813376,2595.813376,71,41,141,6,20250630_204522
1751283866.0907214,10139935,2595823360,2595.82336,75,40,132,6,20250630_204522
1751283866.1007054,10139974,2595833344,2595.833344,79,40,127,6,20250630_204522
1751283866.1106894,10140013,2595843328,2595.843328,84,39,124,6,20250630_204522
1751283866.1206734,10140052,2595853312,2595.853312,89,38,120,6,20250630_204522
1751283866.1306574,10140091,2595863296,2595.863296,94,37,119,6,20250630_204522
1751283866.1408975,10140131,2595873536,2595.873536,99,38,121,6,20250630_204522
1751283866.1508813,10140170,2595883520,2595.88352,104,36,120,6,20250630_204522
1751283866.1608653,10140209,2595893504,2595.893504,110,36,121,6,20250630_204522
1751283866.170849,10140248,2595903488,2595.903488,116,35,120,6,20250630_204522
1751283866.180833,10140287,2595913472,2595.913472,121,36,118,6,20250630_204522
1751283866.1908174,10140326,2595923456,2595.923456,127,35,119,6,20250630_204522
1751283866.2008014,10140365,2595933440,2595.93344,133,35,120,6,20250630_204522
1751283866.2107854,10140404,2595943424,2595.943424,139,34,120,6,20250630_204522
1751283866.2207694,10140443,2595953408,2595.953408,145,35,121,6,20250630_204522
1751283866.2307534,10140482,2595963392,2595.963392,150,34,122,6,20250630_204522
1751283866.2407374,10140521,2595973376,2595.973376,155,35,123,6,20250630_204522
1751283866.2507217,10140560,2595983360,2595.98336,160,34,124,6,20250630_204522
1751283866.2607057,10140599,2595993344,2595.993344,165,35,126,6,20250630_204522
1751283866.2706895,10140638,2596003328,2596.003328,170,36,127,6,20250630_204522
1751283866.2806735,10140677,2596013312,2596.013312,174,37,128,6,20250630_204522
1751283866.290913,10140717,2596023552,2596.023552,178,34,134,6,20250630_204522
1751283866.3008974,10140756,2596033536,2596.033536,182,35,142,6,20250630_204522
1751283866.3108814,10140795,2596043520,2596.04352,186,35,148,6,20250630_204522
1751283866.3208654,10140834,2596053504,2596.053504,190,35,154,6,20250630_204522
1751283866.3308494,10140873,2596063488,2596.063488,194,35,160,6,20250630_204522
1751283866.3408334,10140912,2596073472,2596.073472,198,36,163,6,20250630_204522
1751283866.3508174,10140951,2596083456,2596.083456,202,35,165,6,20250630_204522
1751283866.3608017,10140990,2596093440,2596.09344,207,36,166,6,20250630_204522
1751283866.3707857,10141029,2596103424,2596.103424,211,36,167,6,20250630_204522
1751283866.3807695,10141068,2596113408,2596.113408,216,38,167,6,20250630_204522
1751283866.3907535,10141107,2596123392,2596.123392,221,38,167,6,20250630_204522
1751283866.4007373,10141146,2596133376,2596.133376,226,39,167,6,20250630_204522
1751283866.4107213,10141185,2596143360,2596.14336,232,38,168,6,20250630_204522
1751283866.4207053,10141224,2596153344,2596.153344,237,39,167,6,20250630_204522
1751283866.4309454,10141264,2596163584,2596.163584,243,39,167,6,20250630_204522
1751283866.4409294,10141303,2596173568,2596.173568,249,39,167,6,20250630_204522
1751283866.4509134,10141342,2596183552,2596.183552,0,39,168,6,20250630_204522
1751283866.4608974,10141381,2596193536,2596.193536,5,41,168,6,20250630_204522
1751283866.4708817,10141420,2596203520,2596.20352,11,40,168,6,20250630_204522
1751283866.4808657,10141459,2596213504,2596.213504,17,40,168,6,20250630_204522
1751283866.4908495,10141498,2596223488,2596.223488,22,40,168,6,20250630_204522
1751283866.5008335,10141537,2596233472,2596.233472,28,41,168,6,20250630_204522
1751283866.5108173,10141576,2596243456,2596.243456,33,40,169,6,20250630_204522
1751283866.5208013,10141615,2596253440,2596.25344,38,40,168,6,20250630_204522
1751283866.530785,10141654,2596263424,2596.263424,43,39,168,6,20250630_204522
1751283866.540769,10141693,2596273408,2596.273408,48,41,168,6,20250630_204522
1751283866.5507534,10141732,2596283392,2596.283392,52,40,169,6,20250630_204522
1751283866.5607374,10141771,2596293376,2596.293376,57,41,168,6,20250630_204522
1751283866.5707214,10141810,2596303360,2596.30336,61,40,166,6,20250630_204522
1751283866.5809617,10141850,2596313600,2596.3136,64,40,162,6,20250630_204522
1751283866.5909455,10141889,2596323584,2596.323584,68,39,155,6,20250630_204522
1751283866.6009295,10141928,2596333568,2596.333568,72,40,150,6,20250630_204522
1751283866.6109135,10141967,2596343552,2596.343552,76,38,141,6,20250630_204522
1751283866.6208973,10142006,2596353536,2596.353536,80,39,135,6,20250630_204522
1751283866.6308813,10142045,2596363520,2596.36352,84,37,128,6,20250630_204522
1751283866.640865,10142084,2596373504,2596.373504,89,37,126,6,20250630_204522
1751283866.650849,10142123,2596383488,2596.383488,94,36,122,6,20250630_204522
1751283866.6608334,10142162,2596393472,2596.393472,99,36,119,6,20250630_204522
1751283866.6708174,10142201,2596403456,2596.403456,104,35,119,6,20250630_204522
1751283866.6808014,10142240,2596413440,2596.41344,110,35,119,6,20250630_204522
1751283866.6907854,10142279,2596423424,2596.423424,116,34,120,6,20250630_204522
1751283866.7007694,10142318,2596433408,2596.433408,121,34,120,6,20250630_204522
1751283866.7107534,10142357,2596443392,2596.443392,127,34,120,6,20250630_204522
1751283866.7209935,10142397,2596453632,2596.453632,133,34,120,6,20250630_204522
1751283866.7309773,10142436,2596463616,2596.463616,139,33,120,6,20250630_204522
1751283866.7409613,10142475,2596473600,2596.4736,145,34,120,6,20250630_204522
1751283866.750945,10142514,2596483584,2596.483584,150,33,121,6,20250630_204522
1751283866.760929,10142553,2596493568,2596.493568,155,33,122,6,20250630_204522
1751283866.7709134,10142592,2596503552,2596.503552,160,33,124,6,20250630_204522
1751283866.7808974,10142631,2596513536,2596.513536,165,34,126,6,20250630_204522
1751283866.7908814,10142670,2596523520,2596.52352,170,33,127,6,20250630_204522
1751283866.8008654,10142709,2596533504,2596.533504,174,33,127,6,20250630_204522
1751283866.8108494,10142748,2596543488,2596.543488,179,33,132,6,20250630_204522
1751283866.8208334,10142787,2596553472,2596.553472,183,34,138,6,20250630_204522
1751283866.8308177,10142826,2596563456,2596.563456,186,33,147,6,20250630_204522
1751283866.8408017,10142865,2596573440,2596.57344,190,34,154,6,20250630_204522
1751283866.8507855,10142904,2596583424,2596.583424,194,33,160,6,20250630_204522
1751283866.861025,10142944,2596593664,2596.593664,198,35,163,6,20250630_204522
1751283866.871009,10142983,2596603648,2596.603648,202,34,164,6,20250630_204522
1751283866.8809934,10143022,2596613632,2596.613632,207,35,166,6,20250630_204522
1751283866.8909774,10143061,2596623616,2596.623616,211,35,168,6,20250630_204522
1751283866.9009614,10143100,2596633600,2596.6336,216,37,168,6,20250630_204522
1751283866.9109454,10143139,2596643584,2596.643584,221,37,167,6,20250630_204522
1751283866.9209294,10143178,2596653568,2596.653568,227,38,168,6,20250630_204522
1751283866.9309134,10143217,2596663552,2596.663552,232,37,168,6,20250630_204522
1751283866.9408977,10143256,2596673536,2596.673536,238,38,168,6,20250630_204522
1751283866.9508815,10143295,2596683520,2596.68352,243,38,168,6,20250630_204522
1751283866.9608655,10143334,2596693504,2596.693504,249,39,167,6,20250630_204522
1751283866.9708495,10143373,2596703488,2596.703488,0,39,169,6,20250630_204522
1751283866.9808333,10143412,2596713472,2596.713472,6,40,167,6,20250630_204522
1751283866.9908173,10143451,2596723456,2596.723456,12,39,168,6,20250630_204522
1751283867.000801,10143490,2596733440,2596.73344,17,39,168,6,20250630_204522
1751283867.0110414,10143530,2596743680,2596.74368,23,39,168,6,20250630_204522
1751283867.0210254,10143569,2596753664,2596.753664,28,39,168,6,20250630_204522
1751283867.0310094,10143608,2596763648,2596.763648,34,38,168,6,20250630_204522
1751283867.0409937,10143647,2596773632,2596.773632,39,39,168,6,20250630_204522
1751283867.0509777,10143686,2596783616,2596.783616,43,39,169,6,20250630_204522
1751283867.0609615,10143725,2596793600,2596.7936,48,40,168,6,20250630_204522
1751283867.0709455,10143764,2596803584,2596.803584,53,39,168,6,20250630_204522
1751283867.0809295,10143803,2596813568,2596.813568,57,39,168,6,20250630_204522
1751283867.0909133,10143842,2596823552,2596.823552,61,38,165,6,20250630_204522
1751283867.1008973,10143881,2596833536,2596.833536,65,39,159,6,20250630_204522
1751283867.110881,10143920,2596843520,2596.84352,68,38,151,6,20250630_204522
1751283867.120865,10143959,2596853504,2596.853504,72,38,146,6,20250630_204522
1751283867.1308494,10143998,2596863488,2596.863488,76,37,138,6,20250630_204522
1751283867.1408334,10144037,2596873472,2596.873472,80,37,131,6,20250630_204522
1751283867.1510737,10144077,2596883712,2596.883712,85,36,127,6,20250630_204522
1751283867.1610577,10144116,2596893696,2596.893696,89,36,124,6,20250630_204522
1751283867.1710415,10144155,2596903680,2596.90368,94,35,120,6,20250630_204522
1751283867.1810255,10144194,2596913664,2596.913664,100,35,119,6,20250630_204522
1751283867.1910095,10144233,2596923648,2596.923648,105,34,119,6,20250630_204522
1751283867.2009933,10144272,2596933632,2596.933632,111,34,120,6,20250630_204522
1751283867.2109773,10144311,2596943616,2596.943616,117,33,118,6,20250630_204522
1751283867.220961,10144350,2596953600,2596.9536,122,34,119,6,20250630_204522
1751283867.230945,10144389,2596963584,2596.963584,128,32,119,6,20250630_204522
1751283867.2409294,10144428,2596973568,2596.973568,134,33,119,6,20250630_204522
1751283867.2509134,10144467,2596983552,2596.983552,140,33,120,6,20250630_204522
1751283867.2608974,10144506,2596993536,2596.993536,145,33,120,6,20250630_204522
1751283867.2708814,10144545,2597003520,2597.00352,151,32,121,6,20250630_204522
1751283867.2808654,10144584,2597013504,2597.013504,156,33,122,6,20250630_204522
1751283867.2911055,10144624,2597023744,2597.023744,161,32,124,6,20250630_204522
1751283867.3010893,10144663,2597033728,2597.033728,166,33,125,6,20250630_204522
1751283867.3110733,10144702,2597043712,2597.043712,171,32,127,6,20250630_204522
1751283867.321057,10144741,2597053696,2597.053696,175,32,128,6,20250630_204522
1751283867.331041,10144780,2597063680,2597.06368,179,32,132,6,20250630_204522
1751283867.3410254,10144819,2597073664,2597.073664,183,33,139,6,20250630_204522
1751283867.3510094,10144858,2597083648,2597.083648,187,33,147,6,20250630_204522
1751283867.3609934,10144897,2597093632,2597.093632,191,33,154,6,20250630_204522
1751283867.3709774,10144936,2597103616,2597.103616,195,33,159,6,20250630_204522
1751283867.3809614,10144975,2597113600,2597.1136,199,34,164,6,20250630_204522
1751283867.3909454,10145014,2597123584,2597.123584,203,34,164,6,20250630_204522
1751283867.4009297,10145053,2597133568,2597.133568,208,34,166,6,20250630_204522
1751283867.4109137,10145092,2597143552,2597.143552,212,35,167,6,20250630_204522
1751283867.4208975,10145131,2597153536,2597.153536,217,36,166,6,20250630_204522
1751283867.431137,10145171,2597163776,2597.163776,222,36,166,6,20250630_204522
1751283867.441121,10145210,2597173760,2597.17376,228,37,168,6,20250630_204522
1751283867.4511054,10145249,2597183744,2597.183744,233,36,168,6,20250630_204522
1751283867.4610894,10145288,2597193728,2597.193728,239,37,168,6,20250630_204522
1751283867.4710734,10145327,2597203712,2597.203712,244,37,166,6,20250630_204522
1751283867.4810574,10145366,2597213696,2597.213696,250,38,168,6,20250630_204522
1751283867.4910414,10145405,2597223680,2597.22368,1,38,167,6,20250630_204522
1751283867.5010254,10145444,2597233664,2597.233664,7,39,168,6,20250630_204522
1751283867.5110097,10145483,2597243648,2597.243648,13,38,168,6,20250630_204522
1751283867.5209937,10145522,2597253632,2597.253632,18,39,169,6,20250630_204522
1751283867.5309775,10145561,2597263616,2597.263616,24,38,168,6,20250630_204522
1751283867.5409615,10145600,2597273600,2597.2736,29,39,169,6,20250630_204522
1751283867.5509455,10145639,2597283584,2597.283584,34,38,169,6,20250630_204522
1751283867.5609293,10145678,2597293568,2597.293568,39,39,168,6,20250630_204522
1751283867.5709133,10145717,2597303552,2597.303552,44,39,169,6,20250630_204522
1751283867.5811534,10145757,2597313792,2597.313792,49,39,167,6,20250630_204522
1751283867.5911374,10145796,2597323776,2597.323776,53,39,168,6,20250630_204522
1751283867.6011214,10145835,2597333760,2597.33376,57,39,165,6,20250630_204522
1751283867.6111054,10145874,2597343744,2597.343744,61,38,161,6,20250630_204522
1751283867.6210897,10145913,2597353728,2597.353728,65,38,153,6,20250630_204522
1751283867.6310737,10145952,2597363712,2597.363712,69,37,147,6,20250630_204522
1751283867.6410575,10145991,2597373696,2597.373696,73,37,140,6,20250630_204522
1751283867.6510415,10146030,2597383680,2597.38368,77,36,133,6,20250630_204522
1751283867.6610253,10146069,2597393664,2597.393664,81,36,127,6,20250630_204522
1751283867.6710093,10146108,2597403648,2597.403648,86,35,126,6,20250630_204522
1751283867.6809933,10146147,2597413632,2597.413632,91,35,121,6,20250630_204522
1751283867.690977,10146186,2597423616,2597.423616,96,34,119,6,20250630_204522
1751283867.7009614,10146225,2597433600,2597.4336,101,34,120,6,20250630_204522
1751283867.7109454,10146264,2597443584,2597.443584,107,33,120,6,20250630_204522
1751283867.7211854,10146304,2597453824,2597.453824,112,33,122,6,20250630_204522
1751283867.7311697,10146343,2597463808,2597.463808,118,33,118,6,20250630_204522
1751283867.7411537,10146382,2597473792,2597.473792,124,33,118,6,20250630_204522
1751283867.7511375,10146421,2597483776,2597.483776,130,32,119,6,20250630_204522
1751283867.7611215,10146460,2597493760,2597.49376,136,32,119,6,20250630_204522
1751283867.7711053,10146499,2597503744,2597.503744,141,32,121,6,20250630_204522
1751283867.7810893,10146538,2597513728,2597.513728,147,32,121,6,20250630_204522
1751283867.791073,10146577,2597523712,2597.523712,152,31,123,6,20250630_204522
1751283867.801057,10146616,2597533696,2597.533696,157,33,124,6,20250630_204522
1751283867.8110414,10146655,2597543680,2597.54368,162,32,125,6,20250630_204522
1751283867.8210254,10146694,2597553664,2597.553664,167,32,126,6,20250630_204522
1751283867.8310094,10146733,2597563648,2597.563648,172,32,127,6,20250630_204522
1751283867.8409934,10146772,2597573632,2597.573632,176,32,131,6,20250630_204522
1751283867.8509774,10146811,2597583616,2597.583616,180,32,138,6,20250630_204522
1751283867.8609614,10146850,2597593600,2597.5936,184,34,143,6,20250630_204522
1751283867.8712015,10146890,2597603840,2597.60384,188,32,151,6,20250630_204522
1751283867.8811853,10146929,2597613824,2597.613824,191,34,158,6,20250630_204522
1751283867.8911693,10146968,2597623808,2597.623808,195,33,162,6,20250630_204522
1751283867.901153,10147007,2597633792,2597.633792,200,33,163,6,20250630_204522
1751283867.911137,10147046,2597643776,2597.643776,204,33,165,6,20250630_204522
1751283867.9211214,10147085,2597653760,2597.65376,208,34,167,6,20250630_204522
1751283867.9311054,10147124,2597663744,2597.663744,213,34,167,6,20250630_204522
1751283867.9410894,10147163,2597673728,2597.673728,218,35,167,6,20250630_204522
1751283867.9510734,10147202,2597683712,2597.683712,223,35,166,6,20250630_204522
1751283867.9610574,10147241,2597693696,2597.693696,228,36,168,6,20250630_204522
1751283867.9710414,10147280,2597703680,2597.70368,234,36,168,6,20250630_204522
1751283867.9810257,10147319,2597713664,2597.713664,240,37,168,6,20250630_204522
1751283867.9910097,10147358,2597723648,2597.723648,245,37,168,6,20250630_204522
1751283868.0009935,10147397,2597733632,2597.733632,251,37,167,6,20250630_204522
1751283868.011233,10147437,2597743872,2597.743872,2,37,168,6,20250630_204522
1751283868.021217,10147476,2597753856,2597.753856,8,39,169,6,20250630_204522
1751283868.0312014,10147515,2597763840,2597.76384,13,38,168,6,20250630_204522
1751283868.0411854,10147554,2597773824,2597.773824,19,38,168,6,20250630_204522
1751283868.0511694,10147593,2597783808,2597.783808,25,38,168,6,20250630_204522
1751283868.0611534,10147632,2597793792,2597.793792,30,39,168,6,20250630_204522
1751283868.0711374,10147671,2597803776,2597.803776,35,39,168,6,20250630_204522
1751283868.0811214,10147710,2597813760,2597.81376,40,41,169,6,20250630_204522
1751283868.0911057,10147749,2597823744,2597.823744,45,39,168,6,20250630_204522
1751283868.1010897,10147788,2597833728,2597.833728,50,40,168,6,20250630_204522
1751283868.1110735,10147827,2597843712,2597.843712,54,39,168,6,20250630_204522
1751283868.1210575,10147866,2597853696,2597.853696,58,39,166,6,20250630_204522
1751283868.1310413,10147905,2597863680,2597.86368,62,38,162,6,20250630_204522
1751283868.1410253,10147944,2597873664,2597.873664,66,38,157,6,20250630_204522
1751283868.1512654,10147984,2597883904,2597.883904,70,37,151,6,20250630_204522
1751283868.1612494,10148023,2597893888,2597.893888,73,37,144,6,20250630_204522
1751283868.1712334,10148062,2597903872,2597.903872,77,36,136,6,20250630_204522
1751283868.1812174,10148101,2597913856,2597.913856,81,36,131,6,20250630_204522
1751283868.1912014,10148140,2597923840,2597.92384,86,35,127,6,20250630_204522
1751283868.2011857,10148179,2597933824,2597.933824,91,34,124,6,20250630_204522
1751283868.2111695,10148218,2597943808,2597.943808,96,34,120,6,20250630_204522
1751283868.2211535,10148257,2597953792,2597.953792,101,33,119,6,20250630_204522
1751283868.2311375,10148296,2597963776,2597.963776,107,33,120,6,20250630_204522
1751283868.2411213,10148335,2597973760,2597.97376,112,33,122,6,20250630_204522
1751283868.2511053,10148374,2597983744,2597.983744,118,32,120,6,20250630_204522
1751283868.261089,10148413,2597993728,2597.993728,124,32,120,6,20250630_204522
1751283868.271073,10148452,2598003712,2598.003712,130,32,120,6,20250630_204522
1751283868.2810574,10148491,2598013696,2598.013696,136,32,119,6,20250630_204522
1751283868.2910414,10148530,2598023680,2598.02368,141,32,120,6,20250630_204522
1751283868.3012817,10148570,2598033920,2598.03392,147,32,119,6,20250630_204522
1751283868.3112657,10148609,2598043904,2598.043904,152,31,120,6,20250630_204522
1751283868.3212495,10148648,2598053888,2598.053888,158,32,123,6,20250630_204522
1751283868.3312335,10148687,2598063872,2598.063872,163,32,124,6,20250630_204522
1751283868.3412175,10148726,2598073856,2598.073856,167,32,125,6,20250630_204522
1751283868.3512013,10148765,2598083840,2598.08384,172,32,127,6,20250630_204522
1751283868.3611853,10148804,2598093824,2598.093824,176,32,129,6,20250630_204522
1751283868.371169,10148843,2598103808,2598.103808,180,32,133,6,20250630_204522
1751283868.381153,10148882,2598113792,2598.113792,184,32,140,6,20250630_204522
1751283868.3911374,10148921,2598123776,2598.123776,188,32,149,6,20250630_204522
1751283868.4011214,10148960,2598133760,2598.13376,192,33,155,6,20250630_204522
1751283868.4111054,10148999,2598143744,2598.143744,196,33,161,6,20250630_204522
1751283868.4210894,10149038,2598153728,2598.153728,200,33,163,6,20250630_204522
1751283868.4310734,10149077,2598163712,2598.163712,204,33,165,6,20250630_204522
1751283868.4410574,10149116,2598173696,2598.173696,209,35,166,6,20250630_204522
1751283868.4512975,10149156,2598183936,2598.183936,214,34,167,6,20250630_204522
1751283868.4612813,10149195,2598193920,2598.19392,219,35,167,6,20250630_204522
1751283868.4712653,10149234,2598203904,2598.203904,224,35,168,6,20250630_204522
1751283868.481249,10149273,2598213888,2598.213888,229,36,168,6,20250630_204522
1751283868.491233,10149312,2598223872,2598.223872,235,36,167,6,20250630_204522
1751283868.5012174,10149351,2598233856,2598.233856,240,36,168,6,20250630_204522
1751283868.5112014,10149390,2598243840,2598.24384,246,37,168,6,20250630_204522
1751283868.5211854,10149429,2598253824,2598.253824,252,38,169,6,20250630_204522
1751283868.5311694,10149468,2598263808,2598.263808,3,37,169,6,20250630_204522
1751283868.5411534,10149507,2598273792,2598.273792,8,37,167,6,20250630_204522
1751283868.5511374,10149546,2598283776,2598.283776,14,38,168,6,20250630_204522
1751283868.5611217,10149585,2598293760,2598.29376,20,38,167,6,20250630_204522
1751283868.5711057,10149624,2598303744,2598.303744,25,38,168,6,20250630_204522
1751283868.5810895,10149663,2598313728,2598.313728,31,39,168,6,20250630_204522
1751283868.591329,10149703,2598323968,2598.323968,36,39,168,6,20250630_204522
1751283868.6013134,10149742,2598333952,2598.333952,41,40,168,6,20250630_204522
1751283868.6112974,10149781,2598343936,2598.343936,46,40,168,6,20250630_204522
1751283868.6212814,10149820,2598353920,2598.35392,50,41,167,6,20250630_204522
1751283868.6312654,10149859,2598363904,2598.363904,54,40,168,6,20250630_204522
1751283868.6412494,10149898,2598373888,2598.373888,59,40,165,6,20250630_204522
1751283868.6512334,10149937,2598383872,2598.383872,62,38,160,6,20250630_204522
1751283868.6612177,10149976,2598393856,2598.393856,66,38,154,6,20250630_204522
1751283868.6712017,10150015,2598403840,2598.40384,70,37,145,6,20250630_204522
1751283868.6811855,10150054,2598413824,2598.413824,74,37,138,6,20250630_204522
1751283868.6911695,10150093,2598423808,2598.423808,78,36,132,6,20250630_204522
1751283868.7011535,10150132,2598433792,2598.433792,82,36,127,6,20250630_204522
1751283868.7111373,10150171,2598443776,2598.443776,87,35,124,6,20250630_204522
1751283868.7211213,10150210,2598453760,2598.45376,92,34,121,6,20250630_204522
1751283868.7313614,10150250,2598464000,2598.464,97,33,119,6,20250630_204522
1751283868.7413454,10150289,2598473984,2598.473984,103,33,120,6,20250630_204522
1751283868.7513294,10150328,2598483968,2598.483968,108,33,120,6,20250630_204522
1751283868.7613134,10150367,2598493952,2598.493952,114,33,121,6,20250630_204522
1751283868.7712977,10150406,2598503936,2598.503936,120,32,120,6,20250630_204522
1751283868.7812817,10150445,2598513920,2598.51392,125,32,119,6,20250630_204522
1751283868.7912655,10150484,2598523904,2598.523904,131,32,119,6,20250630_204522
1751283868.8012495,10150523,2598533888,2598.533888,137,32,119,6,20250630_204522
1751283868.8112335,10150562,2598543872,2598.543872,143,32,121,6,20250630_204522
1751283868.8212173,10150601,2598553856,2598.553856,148,32,120,6,20250630_204522
1751283868.8312013,10150640,2598563840,2598.56384,154,32,121,6,20250630_204522
1751283868.841185,10150679,2598573824,2598.573824,159,32,124,6,20250630_204522
1751283868.851169,10150718,2598583808,2598.583808,164,32,123,6,20250630_204522
1751283868.8611534,10150757,2598593792,2598.593792,169,32,125,6,20250630_204522
1751283868.8711374,10150796,2598603776,2598.603776,173,32,127,6,20250630_204522
1751283868.8813777,10150836,2598614016,2598.614016,177,32,128,6,20250630_204522
1751283868.8913617,10150875,2598624000,2598.624,182,32,135,6,20250630_204522
1751283868.9013455,10150914,2598633984,2598.633984,185,33,142,6,20250630_204522
1751283868.9113295,10150953,2598643968,2598.643968,189,32,148,6,20250630_204522
1751283868.9213133,10150992,2598653952,2598.653952,193,33,155,6,20250630_204522
1751283868.9312973,10151031,2598663936,2598.663936,197,33,159,6,20250630_204522
1751283868.9412813,10151070,2598673920,2598.67392,201,33,162,6,20250630_204522
1751283868.951265,10151109,2598683904,2598.683904,206,33,165,6,20250630_204522
1751283868.9612494,10151148,2598693888,2598.693888,210,34,166,6,20250630_204522
1751283868.9712334,10151187,2598703872,2598.703872,215,34,167,6,20250630_204522
1751283868.9812174,10151226,2598713856,2598.713856,220,35,167,6,20250630_204522
1751283868.9912014,10151265,2598723840,2598.72384,225,35,167,6,20250630_204522
1751283869.0011854,10151304,2598733824,2598.733824,231,36,168,6,20250630_204522
1751283869.0111694,10151343,2598743808,2598.743808,236,36,167,6,20250630_204522
1751283869.0214095,10151383,2598754048,2598.754048,242,37,168,6,20250630_204522
1751283869.0313933,10151422,2598764032,2598.764032,248,37,168,6,20250630_204522
1751283869.0413773,10151461,2598774016,2598.774016,253,38,168,6,20250630_204522
1751283869.051361,10151500,2598784000,2598.784,4,38,168,6,20250630_204522
1751283869.061345,10151539,2598793984,2598.793984,10,38,168,6,20250630_204522
1751283869.0713294,10151578,2598803968,2598.803968,16,39,168,6,20250630_204522
1751283869.0813134,10151617,2598813952,2598.813952,21,40,168,6,20250630_204522
1751283869.0912974,10151656,2598823936,2598.823936,27,40,168,6,20250630_204522
1751283869.1012814,10151695,2598833920,2598.83392,32,41,168,6,20250630_204522
1751283869.1112654,10151734,2598843904,2598.843904,37,41,168,6,20250630_204522
1751283869.1212494,10151773,2598853888,2598.853888,42,42,168,6,20250630_204522
1751283869.1312337,10151812,2598863872,2598.863872,47,40,168,6,20250630_204522
1751283869.1412177,10151851,2598873856,2598.873856,51,40,168,6,20250630_204522
1751283869.1512015,10151890,2598883840,2598.88384,56,39,167,6,20250630_204522
1751283869.1611855,10151929,2598893824,2598.893824,60,40,165,6,20250630_204522
1751283869.171425,10151969,2598904064,2598.904064,64,40,162,6,20250630_204522
1751283869.1814094,10152008,2598914048,2598.914048,67,38,154,6,20250630_204522
1751283869.1913934,10152047,2598924032,2598.924032,71,37,148,6,20250630_204522
1751283869.2013774,10152086,2598934016,2598.934016,75,37,142,6,20250630_204522
1751283869.2113614,10152125,2598944000,2598.944,79,36,135,6,20250630_204522
1751283869.2213454,10152164,2598953984,2598.953984,83,35,128,6,20250630_204522
1751283869.2313294,10152203,2598963968,2598.963968,88,35,126,6,20250630_204522
1751283869.2413137,10152242,2598973952,2598.973952,93,35,123,6,20250630_204522
1751283869.2512977,10152281,2598983936,2598.983936,98,34,120,6,20250630_204522
1751283869.2612815,10152320,2598993920,2598.99392,103,33,119,6,20250630_204522
1751283869.2712655,10152359,2599003904,2599.003904,109,33,120,6,20250630_204522
1751283869.2812493,10152398,2599013888,2599.013888,115,33,122,6,20250630_204522
1751283869.2912333,10152437,2599023872,2599.023872,120,32,119,6,20250630_204522
1751283869.3012173,10152476,2599033856,2599.033856,126,33,119,6,20250630_204522
1751283869.3114574,10152516,2599044096,2599.044096,132,33,119,6,20250630_204522
1751283869.3214414,10152555,2599054080,2599.05408,138,32,119,6,20250630_204522
1751283869.3314254,10152594,2599064064,2599.064064,144,32,119,6,20250630_204522
1751283869.3414094,10152633,2599074048,2599.074048,149,32,120,6,20250630_204522
1751283869.3513937,10152672,2599084032,2599.084032,155,32,122,6,20250630_204522
1751283869.3613777,10152711,2599094016,2599.094016,160,33,122,6,20250630_204522
1751283869.3713615,10152750,2599104000,2599.104,165,32,124,6,20250630_204522
1751283869.3813455,10152789,2599113984,2599.113984,169,33,126,6,20250630_204522
1751283869.3913293,10152828,2599123968,2599.123968,174,32,127,6,20250630_204522
1751283869.4013133,10152867,2599133952,2599.133952,178,33,129,6,20250630_204522
1751283869.411297,10152906,2599143936,2599.143936,182,33,135,6,20250630_204522
1751283869.421281,10152945,2599153920,2599.15392,186,33,143,6,20250630_204522
1751283869.4315214,10152985,2599164160,2599.16416,190,34,150,6,20250630_204522
1751283869.4415054,10153024,2599174144,2599.174144,194,34,158,6,20250630_204522
1751283869.4514894,10153063,2599184128,2599.184128,198,34,161,6,20250630_204522
1751283869.4614737,10153102,2599194112,2599.194112,202,34,164,6,20250630_204522
1751283869.4714575,10153141,2599204096,2599.204096,206,35,165,6,20250630_204522
1751283869.4814415,10153180,2599214080,2599.21408,211,35,166,6,20250630_204522
1751283869.4914255,10153219,2599224064,2599.224064,216,35,168,6,20250630_204522
1751283869.5014093,10153258,2599234048,2599.234048,221,36,167,6,20250630_204522
1751283869.5116494,10153298,2599244288,2599.244288,226,37,167,6,20250630_204522
1751283869.5216334,10153337,2599254272,2599.254272,232,38,167,6,20250630_204522
1751283869.5316174,10153376,2599264256,2599.264256,237,38,168,6,20250630_204522
1751283869.5416014,10153415,2599274240,2599.27424,243,39,168,6,20250630_204522
1751283869.5515854,10153454,2599284224,2599.284224,249,40,168,6,20250630_204522
1751283869.5615697,10153493,2599294208,2599.294208,254,41,167,6,20250630_204522
1751283869.5718093,10153533,2599304448,2599.304448,5,42,168,6,20250630_204522
1751283869.5817933,10153572,2599314432,2599.314432,11,44,169,6,20250630_204522
1751283869.591777,10153611,2599324416,2599.324416,17,45,168,6,20250630_204522
1751283869.601761,10153650,2599334400,2599.3344,22,45,169,6,20250630_204522
1751283869.6117454,10153689,2599344384,2599.344384,28,45,168,6,20250630_204522
1751283869.6217294,10153728,2599354368,2599.354368,33,47,167,6,20250630_204522
1751283869.6317134,10153767,2599364352,2599.364352,38,48,168,6,20250630_204522
1751283869.6419537,10153807,2599374592,2599.374592,43,48,168,6,20250630_204522
1751283869.6519375,10153846,2599384576,2599.384576,48,47,168,6,20250630_204522
1751283869.6619215,10153885,2599394560,2599.39456,52,47,168,6,20250630_204522
1751283869.6719055,10153924,2599404544,2599.404544,56,46,167,6,20250630_204522
1751283869.6818893,10153963,2599414528,2599.414528,61,47,164,6,20250630_204522
1751283869.6918733,10154002,2599424512,2599.424512,64,44,158,6,20250630_204522
1751283869.701857,10154041,2599434496,2599.434496,68,44,151,6,20250630_204522
1751283869.7120974,10154081,2599444736,2599.444736,72,43,145,6,20250630_204522
1751283869.7220814,10154120,2599454720,2599.45472,76,43,137,6,20250630_204522
1751283869.7320654,10154159,2599464704,2599.464704,80,42,131,6,20250630_204522
1751283869.7420497,10154198,2599474688,2599.474688,84,42,127,6,20250630_204522
1751283869.7520337,10154237,2599484672,2599.484672,89,41,124,6,20250630_204522
1751283869.7620175,10154276,2599494656,2599.494656,94,41,118,6,20250630_204522
1751283869.772257,10154316,2599504896,2599.504896,100,41,120,6,20250630_204522
1751283869.782241,10154355,2599514880,2599.51488,105,40,119,6,20250630_204522
1751283869.7922254,10154394,2599524864,2599.524864,111,40,120,6,20250630_204522
1751283869.8022094,10154433,2599534848,2599.534848,116,40,120,6,20250630_204522
1751283869.8121934,10154472,2599544832,2599.544832,122,40,120,6,20250630_204522
1751283869.8221774,10154511,2599554816,2599.554816,128,40,118,6,20250630_204522
1751283869.8321614,10154550,2599564800,2599.5648,134,40,119,6,20250630_204522
1751283869.8421454,10154589,2599574784,2599.574784,140,40,120,6,20250630_204522
1751283869.8523855,10154629,2599585024,2599.585024,145,41,120,6,20250630_204522
1751283869.8623693,10154668,2599595008,2599.595008,151,41,121,6,20250630_204522
1751283869.8723533,10154707,2599604992,2599.604992,156,41,122,6,20250630_204522
1751283869.882337,10154746,2599614976,2599.614976,161,41,123,6,20250630_204522
1751283869.892321,10154785,2599624960,2599.62496,166,41,125,6,20250630_204522
1751283869.9023054,10154824,2599634944,2599.634944,171,41,127,6,20250630_204522
1751283869.9122894,10154863,2599644928,2599.644928,175,42,128,6,20250630_204522
1751283869.9222734,10154902,2599654912,2599.654912,179,42,132,6,20250630_204522
1751283869.9325137,10154942,2599665152,2599.665152,183,42,138,6,20250630_204522
1751283869.9424975,10154981,2599675136,2599.675136,187,43,147,6,20250630_204522
1751283869.9524815,10155020,2599685120,2599.68512,191,43,153,6,20250630_204522
1751283869.9624653,10155059,2599695104,2599.695104,195,43,159,6,20250630_204522
1751283869.9724493,10155098,2599705088,2599.705088,199,43,162,6,20250630_204522
1751283869.9824333,10155137,2599715072,2599.715072,203,44,164,6,20250630_204522
1751283869.992417,10155176,2599725056,2599.725056,208,44,167,6,20250630_204522
1751283870.0024014,10155215,2599735040,2599.73504,212,44,167,6,20250630_204522
1751283870.0123854,10155254,2599745024,2599.745024,217,45,167,6,20250630_204522
1751283870.0223694,10155293,2599755008,2599.755008,222,46,166,6,20250630_204522
1751283870.0323534,10155332,2599764992,2599.764992,228,46,168,6,20250630_204522
1751283870.0423374,10155371,2599774976,2599.774976,233,47,167,6,20250630_204522
1751283870.0523214,10155410,2599784960,2599.78496,239,47,168,6,20250630_204522
1751283870.0623057,10155449,2599794944,2599.794944,245,49,168,6,20250630_204522
1751283870.0722897,10155488,2599804928,2599.804928,250,50,168,6,20250630_204522
1751283870.0825293,10155528,2599815168,2599.815168,1,52,168,6,20250630_204522
1751283870.092513,10155567,2599825152,2599.825152,7,54,169,6,20250630_204522
1751283870.102497,10155606,2599835136,2599.835136,13,55,168,6,20250630_204522
1751283870.1124814,10155645,2599845120,2599.84512,18,54,166,6,20250630_204522
1751283870.1224654,10155684,2599855104,2599.855104,24,61,168,6,20250630_204522
1751283870.1324494,10155723,2599865088,2599.865088,29,59,168,6,20250630_204522
1751283870.1424334,10155762,2599875072,2599.875072,35,57,168,6,20250630_204522
1751283870.1524174,10155801,2599885056,2599.885056,40,54,168,6,20250630_204522
1751283870.1624014,10155840,2599895040,2599.89504,44,54,169,6,20250630_204522
1751283870.1723857,10155879,2599905024,2599.905024,49,54,168,6,20250630_204522
1751283870.1823697,10155918,2599915008,2599.915008,53,54,168,6,20250630_204522
1751283870.1923535,10155957,2599924992,2599.924992,58,54,166,6,20250630_204522
1751283870.2023375,10155996,2599934976,2599.934976,62,52,163,6,20250630_204522
1751283870.2123215,10156035,2599944960,2599.94496,65,50,155,6,20250630_204522
1751283870.2225614,10156075,2599955200,2599.9552,69,50,148,6,20250630_204522
1751283870.2325454,10156114,2599965184,2599.965184,73,49,142,6,20250630_204522
1751283870.2425294,10156153,2599975168,2599.975168,77,47,135,6,20250630_204522
1751283870.2525134,10156192,2599985152,2599.985152,81,46,129,6,20250630_204522
1751283870.2624974,10156231,2599995136,2599.995136,86,45,126,6,20250630_204522
1751283870.2724814,10156270,2600005120,2600.00512,90,44,123,6,20250630_204522
1751283870.2824657,10156309,2600015104,2600.015104,96,44,120,6,20250630_204522
1751283870.2924497,10156348,2600025088,2600.025088,101,43,120,6,20250630_204522
1751283870.3024335,10156387,2600035072,2600.035072,106,43,120,6,20250630_204522
1751283870.3124175,10156426,2600045056,2600.045056,112,42,120,6,20250630_204522
1751283870.3224013,10156465,2600055040,2600.05504,118,42,119,6,20250630_204522
1751283870.3323853,10156504,2600065024,2600.065024,124,42,119,6,20250630_204522
1751283870.3423693,10156543,2600075008,2600.075008,129,42,119,6,20250630_204522
1751283870.352353,10156582,2600084992,2600.084992,135,42,120,6,20250630_204522
1751283870.3623374,10156621,2600094976,2600.094976,141,43,121,6,20250630_204522
1751283870.3725774,10156661,2600105216,2600.105216,147,42,121,6,20250630_204522
1751283870.3825614,10156700,2600115200,2600.1152,152,42,122,6,20250630_204522
1751283870.3925457,10156739,2600125184,2600.125184,157,43,124,6,20250630_204522
1751283870.4025297,10156778,2600135168,2600.135168,162,43,125,6,20250630_204522
1751283870.4125135,10156817,2600145152,2600.145152,167,43,127,6,20250630_204522
1751283870.4224975,10156856,2600155136,2600.155136,171,43,127,6,20250630_204522
1751283870.4324813,10156895,2600165120,2600.16512,176,43,131,6,20250630_204522
1751283870.4424653,10156934,2600175104,2600.175104,180,43,136,6,20250630_204522
1751283870.452449,10156973,2600185088,2600.185088,184,44,143,6,20250630_204522
1751283870.462433,10157012,2600195072,2600.195072,187,44,151,6,20250630_204522
1751283870.4724174,10157051,2600205056,2600.205056,191,44,157,6,20250630_204522
1751283870.4824014,10157090,2600215040,2600.21504,195,44,161,6,20250630_204522
1751283870.4923854,10157129,2600225024,2600.225024,199,45,163,6,20250630_204522
1751283870.5023694,10157168,2600235008,2600.235008,204,45,165,6,20250630_204522
1751283870.5126095,10157208,2600245248,2600.245248,208,46,166,6,20250630_204522
1751283870.5225935,10157247,2600255232,2600.255232,213,46,166,6,20250630_204522
1751283870.5325775,10157286,2600265216,2600.265216,218,47,167,6,20250630_204522
1751283870.5425613,10157325,2600275200,2600.2752,223,47,168,6,20250630_204522
1751283870.5525453,10157364,2600285184,2600.285184,228,47,167,6,20250630_204522
1751283870.562529,10157403,2600295168,2600.295168,234,48,168,6,20250630_204522
1751283870.572513,10157442,2600305152,2600.305152,239,48,168,6,20250630_204522
1751283870.5824974,10157481,2600315136,2600.315136,245,51,169,6,20250630_204522
1751283870.5924814,10157520,2600325120,2600.32512,251,51,167,6,20250630_204522
1751283870.6024654,10157559,2600335104,2600.335104,2,53,168,6,20250630_204522
1751283870.6124494,10157598,2600345088,2600.345088,7,56,166,6,20250630_204522
1751283870.6224334,10157637,2600355072,2600.355072,13,59,168,6,20250630_204522
1751283870.6324174,10157676,2600365056,2600.365056,19,58,169,6,20250630_204522
1751283870.6424017,10157715,2600375040,2600.37504,24,62,168,6,20250630_204522
1751283870.6526413,10157755,2600385280,2600.38528,30,81,168,6,20250630_204522
1751283870.6626253,10157794,2600395264,2600.395264,35,59,167,6,20250630_204522
1751283870.672609,10157833,2600405248,2600.405248,40,60,168,6,20250630_204522
1751283870.682593,10157872,2600415232,2600.415232,45,58,169,6,20250630_204522
1751283870.6925774,10157911,2600425216,2600.425216,49,59,168,6,20250630_204522
1751283870.7025614,10157950,2600435200,2600.4352,54,59,167,6,20250630_204522
1751283870.7125454,10157989,2600445184,2600.445184,58,54,164,6,20250630_204522
1751283870.7225294,10158028,2600455168,2600.455168,62,52,161,6,20250630_204522
1751283870.7325134,10158067,2600465152,2600.465152,66,51,152,6,20250630_204522
1751283870.7424974,10158106,2600475136,2600.475136,69,51,145,6,20250630_204522
1751283870.7524817,10158145,2600485120,2600.48512,73,49,137,6,20250630_204522
1751283870.7624657,10158184,2600495104,2600.495104,77,48,131,6,20250630_204522
1751283870.7724495,10158223,2600505088,2600.505088,82,47,127,6,20250630_204522
1751283870.7824335,10158262,2600515072,2600.515072,86,46,123,6,20250630_204522
1751283870.7924173,10158301,2600525056,2600.525056,91,45,120,6,20250630_204522
1751283870.8026574,10158341,2600535296,2600.535296,97,44,119,6,20250630_204522
1751283870.8126414,10158380,2600545280,2600.54528,102,44,120,6,20250630_204522
1751283870.8226254,10158419,2600555264,2600.555264,108,43,120,6,20250630_204522
1751283870.8326094,10158458,2600565248,2600.565248,113,43,120,6,20250630_204522
1751283870.8425934,10158497,2600575232,2600.575232,119,43,119,6,20250630_204522
1751283870.8525774,10158536,2600585216,2600.585216,125,43,118,6,20250630_204522
1751283870.8625617,10158575,2600595200,2600.5952,131,44,120,6,20250630_204522
1751283870.8725457,10158614,2600605184,2600.605184,136,43,120,6,20250630_204522
1751283870.8825295,10158653,2600615168,2600.615168,142,43,120,6,20250630_204522
1751283870.8925135,10158692,2600625152,2600.625152,148,43,121,6,20250630_204522
1751283870.9024973,10158731,2600635136,2600.635136,153,44,123,6,20250630_204522
1751283870.9124813,10158770,2600645120,2600.64512,158,44,123,6,20250630_204522
1751283870.922465,10158809,2600655104,2600.655104,163,44,126,6,20250630_204522
1751283870.932449,10158848,2600665088,2600.665088,168,44,127,6,20250630_204522
1751283870.9424334,10158887,2600675072,2600.675072,172,44,128,6,20250630_204522
1751283870.9526734,10158927,2600685312,2600.685312,177,44,132,6,20250630_204522
1751283870.9626577,10158966,2600695296,2600.695296,181,46,139,6,20250630_204522
1751283870.9726417,10159005,2600705280,2600.70528,184,45,144,6,20250630_204522
1751283870.9826255,10159044,2600715264,2600.715264,188,45,153,6,20250630_204522
1751283870.9926095,10159083,2600725248,2600.725248,192,45,156,6,20250630_204522
1751283871.0025935,10159122,2600735232,2600.735232,196,45,161,6,20250630_204522
1751283871.0125773,10159161,2600745216,2600.745216,200,45,164,6,20250630_204522
1751283871.0225613,10159200,2600755200,2600.7552,204,46,164,6,20250630_204522
1751283871.032545,10159239,2600765184,2600.765184,209,46,166,6,20250630_204522
1751283871.042529,10159278,2600775168,2600.775168,214,47,167,6,20250630_204522
1751283871.0525134,10159317,2600785152,2600.785152,219,47,166,6,20250630_204522
1751283871.0624974,10159356,2600795136,2600.795136,224,49,167,6,20250630_204522
1751283871.0724814,10159395,2600805120,2600.80512,229,48,167,6,20250630_204522
1751283871.0824654,10159434,2600815104,2600.815104,235,49,168,6,20250630_204522
1751283871.0927055,10159474,2600825344,2600.825344,240,50,168,6,20250630_204522
1751283871.1026895,10159513,2600835328,2600.835328,246,52,168,6,20250630_204522
1751283871.1126735,10159552,2600845312,2600.845312,252,52,169,6,20250630_204522
1751283871.1226573,10159591,2600855296,2600.855296,3,60,168,6,20250630_204522
1751283871.1326413,10159630,2600865280,2600.86528,9,70,167,6,20250630_204522
1751283871.142625,10159669,2600875264,2600.875264,14,71,168,6,20250630_204522
1751283871.152609,10159708,2600885248,2600.885248,20,63,168,6,20250630_204522
1751283871.1625934,10159747,2600895232,2600.895232,26,64,168,6,20250630_204522
1751283871.1725774,10159786,2600905216,2600.905216,31,62,168,6,20250630_204522
1751283871.1825614,10159825,2600915200,2600.9152,36,59,167,6,20250630_204522
1751283871.1925454,10159864,2600925184,2600.925184,41,58,166,6,20250630_204522
1751283871.2025294,10159903,2600935168,2600.935168,46,57,168,6,20250630_204522
1751283871.2125134,10159942,2600945152,2600.945152,50,57,167,6,20250630_204522
1751283871.2224977,10159981,2600955136,2600.955136,55,55,167,6,20250630_204522
1751283871.2324817,10160020,2600965120,2600.96512,59,54,165,6,20250630_204522
1751283871.2427213,10160060,2600975360,2600.97536,63,52,161,6,20250630_204522
1751283871.252705,10160099,2600985344,2600.985344,66,51,154,6,20250630_204522
1751283871.2626894,10160138,2600995328,2600.995328,70,51,148,6,20250630_204522
1751283871.2726734,10160177,2601005312,2601.005312,74,51,141,6,20250630_204522
1751283871.2826574,10160216,2601015296,2601.015296,78,48,134,6,20250630_204522
1751283871.2926414,10160255,2601025280,2601.02528,82,47,129,6,20250630_204522
1751283871.3026254,10160294,2601035264,2601.035264,87,46,126,6,20250630_204522
1751283871.3126094,10160333,2601045248,2601.045248,92,45,122,6,20250630_204522
1751283871.3225937,10160372,2601055232,2601.055232,97,45,120,6,20250630_204522
1751283871.3325777,10160411,2601065216,2601.065216,102,44,120,6,20250630_204522
1751283871.3425615,10160450,2601075200,2601.0752,108,44,118,6,20250630_204522
1751283871.3525455,10160489,2601085184,2601.085184,113,44,121,6,20250630_204522
1751283871.3625295,10160528,2601095168,2601.095168,119,44,120,6,20250630_204522
1751283871.3725133,10160567,2601105152,2601.105152,125,44,120,6,20250630_204522
1751283871.3827534,10160607,2601115392,2601.115392,131,44,120,6,20250630_204522
1751283871.3927374,10160646,2601125376,2601.125376,137,44,118,6,20250630_204522
1751283871.4027214,10160685,2601135360,2601.13536,142,45,120,6,20250630_204522
1751283871.4127054,10160724,2601145344,2601.145344,148,45,120,6,20250630_204522
1751283871.4226894,10160763,2601155328,2601.155328,154,44,121,6,20250630_204522
1751283871.4326737,10160802,2601165312,2601.165312,159,44,122,6,20250630_204522
1751283871.4426577,10160841,2601175296,2601.175296,164,44,124,6,20250630_204522
1751283871.4526415,10160880,2601185280,2601.18528,168,45,126,6,20250630_204522
1751283871.4626255,10160919,2601195264,2601.195264,173,45,127,6,20250630_204522
1751283871.4726095,10160958,2601205248,2601.205248,177,45,128,6,20250630_204522
1751283871.4825933,10160997,2601215232,2601.215232,181,46,134,6,20250630_204522
1751283871.4925773,10161036,2601225216,2601.225216,185,45,141,6,20250630_204522
1751283871.502561,10161075,2601235200,2601.2352,189,46,149,6,20250630_204522
1751283871.512545,10161114,2601245184,2601.245184,193,46,155,6,20250630_204522
1751283871.5227854,10161154,2601255424,2601.255424,197,46,160,6,20250630_204522
1751283871.5327694,10161193,2601265408,2601.265408,201,46,163,6,20250630_204522
1751283871.5427537,10161232,2601275392,2601.275392,205,47,164,6,20250630_204522
1751283871.5527377,10161271,2601285376,2601.285376,210,46,166,6,20250630_204522
1751283871.5627215,10161310,2601295360,2601.29536,215,49,167,6,20250630_204522
1751283871.5727055,10161349,2601305344,2601.305344,220,49,167,6,20250630_204522
1751283871.5826893,10161388,2601315328,2601.315328,225,49,167,6,20250630_204522
1751283871.5926733,10161427,2601325312,2601.325312,230,50,169,6,20250630_204522
1751283871.6026573,10161466,2601335296,2601.335296,236,50,168,6,20250630_204522
1751283871.612641,10161505,2601345280,2601.34528,242,51,168,6,20250630_204522
1751283871.6226254,10161544,2601355264,2601.355264,247,53,169,6,20250630_204522
1751283871.6326094,10161583,2601365248,2601.365248,253,53,168,6,20250630_204522
1751283871.6425934,10161622,2601375232,2601.375232,4,64,168,6,20250630_204522
1751283871.6525774,10161661,2601385216,2601.385216,10,64,168,6,20250630_204522
1751283871.6625614,10161700,2601395200,2601.3952,15,66,168,6,20250630_204522
1751283871.6728015,10161740,2601405440,2601.40544,21,63,168,6,20250630_204522
1751283871.6827855,10161779,2601415424,2601.415424,27,61,168,6,20250630_204522
1751283871.6927693,10161818,2601425408,2601.425408,32,59,168,6,20250630_204522
1751283871.7027533,10161857,2601435392,2601.435392,37,57,168,6,20250630_204522
1751283871.712737,10161896,2601445376,2601.445376,42,58,168,6,20250630_204522
1751283871.722721,10161935,2601455360,2601.45536,47,60,168,6,20250630_204522
1751283871.7327054,10161974,2601465344,2601.465344,51,57,168,6,20250630_204522
1751283871.7426894,10162013,2601475328,2601.475328,55,55,167,6,20250630_204522
1751283871.7526734,10162052,2601485312,2601.485312,59,54,166,6,20250630_204522
1751283871.7626574,10162091,2601495296,2601.495296,63,53,163,6,20250630_204522
1751283871.7726414,10162130,2601505280,2601.50528,67,55,156,6,20250630_204522
1751283871.7826254,10162169,2601515264,2601.515264,71,54,149,6,20250630_204522
1751283871.7926097,10162208,2601525248,2601.525248,75,49,141,6,20250630_204522
1751283871.8025937,10162247,2601535232,2601.535232,79,49,136,6,20250630_204522
1751283871.8128333,10162287,2601545472,2601.545472,83,47,130,6,20250630_204522
1751283871.822817,10162326,2601555456,2601.555456,87,46,127,6,20250630_204522
1751283871.832801,10162365,2601565440,2601.56544,92,46,125,6,20250630_204522
1751283871.8427854,10162404,2601575424,2601.575424,97,45,120,6,20250630_204522
1751283871.8527694,10162443,2601585408,2601.585408,103,45,119,6,20250630_204522
1751283871.8627534,10162482,2601595392,2601.595392,108,45,119,6,20250630_204522
1751283871.8727374,10162521,2601605376,2601.605376,114,45,122,6,20250630_204522
1751283871.8827214,10162560,2601615360,2601.61536,120,45,118,6,20250630_204522
1751283871.8927054,10162599,2601625344,2601.625344,126,45,119,6,20250630_204522
1751283871.9026897,10162638,2601635328,2601.635328,132,45,119,6,20250630_204522
1751283871.9126737,10162677,2601645312,2601.645312,137,46,120,6,20250630_204522
1751283871.9226575,10162716,2601655296,2601.655296,143,45,120,6,20250630_204522
1751283871.9326415,10162755,2601665280,2601.66528,149,45,121,6,20250630_204522
1751283871.9426253,10162794,2601675264,2601.675264,154,45,122,6,20250630_204522
1751283871.9528654,10162834,2601685504,2601.685504,159,45,123,6,20250630_204522
1751283871.9628494,10162873,2601695488,2601.695488,164,45,125,6,20250630_204522
1751283871.9728334,10162912,2601705472,2601.705472,169,46,127,6,20250630_204522
1751283871.9828174,10162951,2601715456,2601.715456,173,46,127,6,20250630_204522
1751283871.9928014,10162990,2601725440,2601.72544,178,46,131,6,20250630_204522
1751283872.0027854,10163029,2601735424,2601.735424,182,46,136,6,20250630_204522
1751283872.0127697,10163068,2601745408,2601.745408,185,47,145,6,20250630_204522
1751283872.0227537,10163107,2601755392,2601.755392,189,47,152,6,20250630_204522
1751283872.0327375,10163146,2601765376,2601.765376,193,47,158,6,20250630_204522
1751283872.0427215,10163185,2601775360,2601.77536,197,47,162,6,20250630_204522
1751283872.0527053,10163224,2601785344,2601.785344,201,47,164,6,20250630_204522
1751283872.0626893,10163263,2601795328,2601.795328,206,47,165,6,20250630_204522
1751283872.072673,10163302,2601805312,2601.805312,210,47,167,6,20250630_204522
1751283872.082657,10163341,2601815296,2601.815296,215,48,167,6,20250630_204522
1751283872.0928974,10163381,2601825536,2601.825536,220,49,167,6,20250630_204522
1751283872.1028814,10163420,2601835520,2601.83552,225,49,167,6,20250630_204522
1751283872.1128654,10163459,2601845504,2601.845504,231,51,168,6,20250630_204522
1751283872.1228497,10163498,2601855488,2601.855488,236,52,167,6,20250630_204522
1751283872.1328335,10163537,2601865472,2601.865472,242,53,168,6,20250630_204522
1751283872.1428175,10163576,2601875456,2601.875456,248,53,168,6,20250630_204522
1751283872.1528015,10163615,2601885440,2601.88544,253,63,170,6,20250630_204522
1751283872.1627853,10163654,2601895424,2601.895424,4,73,168,6,20250630_204522
1751283872.1727693,10163693,2601905408,2601.905408,10,64,168,6,20250630_204522
1751283872.182753,10163732,2601915392,2601.915392,16,63,168,6,20250630_204522
1751283872.192737,10163771,2601925376,2601.925376,21,58,168,6,20250630_204522
1751283872.2027214,10163810,2601935360,2601.93536,27,57,168,6,20250630_204522
1751283872.2127054,10163849,2601945344,2601.945344,32,56,168,6,20250630_204522
1751283872.2226894,10163888,2601955328,2601.955328,37,56,168,6,20250630_204522
1751283872.2326734,10163927,2601965312,2601.965312,42,58,168,6,20250630_204522
1751283872.2429135,10163967,2601975552,2601.975552,47,57,168,6,20250630_204522
1751283872.2528975,10164006,2601985536,2601.985536,51,56,168,6,20250630_204522
1751283872.2628815,10164045,2601995520,2601.99552,56,56,166,6,20250630_204522
1751283872.2728653,10164084,2602005504,2602.005504,60,56,165,6,20250630_204522
1751283872.2828493,10164123,2602015488,2602.015488,64,57,160,6,20250630_204522
1751283872.292833,10164162,2602025472,2602.025472,67,54,153,6,20250630_204522
1751283872.302817,10164201,2602035456,2602.035456,71,51,147,6,20250630_204522
1751283872.3128014,10164240,2602045440,2602.04544,75,50,140,6,20250630_204522
1751283872.3227854,10164279,2602055424,2602.055424,79,48,133,6,20250630_204522
1751283872.3327694,10164318,2602065408,2602.065408,83,48,127,6,20250630_204522
1751283872.3427534,10164357,2602075392,2602.075392,88,47,124,6,20250630_204522
1751283872.3527374,10164396,2602085376,2602.085376,93,46,121,6,20250630_204522
1751283872.3627214,10164435,2602095360,2602.09536,98,45,119,6,20250630_204522
1751283872.3727057,10164474,2602105344,2602.105344,104,46,119,6,20250630_204522
1751283872.3829453,10164514,2602115584,2602.115584,109,46,120,6,20250630_204522
1751283872.3929293,10164553,2602125568,2602.125568,115,45,119,6,20250630_204522
1751283872.402913,10164592,2602135552,2602.135552,121,45,119,6,20250630_204522
1751283872.412897,10164631,2602145536,2602.145536,127,45,119,6,20250630_204522
1751283872.4228814,10164670,2602155520,2602.15552,133,45,119,6,20250630_204522
1751283872.4328654,10164709,2602165504,2602.165504,138,45,119,6,20250630_204522
1751283872.4428494,10164748,2602175488,2602.175488,144,46,120,6,20250630_204522
1751283872.4528334,10164787,2602185472,2602.185472,150,45,121,6,20250630_204522
1751283872.4628174,10164826,2602195456,2602.195456,155,46,123,6,20250630_204522
1751283872.4728014,10164865,2602205440,2602.20544,160,46,124,6,20250630_204522
1751283872.4827857,10164904,2602215424,2602.215424,165,46,125,6,20250630_204522
1751283872.4927697,10164943,2602225408,2602.225408,169,46,127,6,20250630_204522
1751283872.5027535,10164982,2602235392,2602.235392,174,46,129,6,20250630_204522
1751283872.5127375,10165021,2602245376,2602.245376,178,47,134,6,20250630_204522
1751283872.5227213,10165060,2602255360,2602.25536,182,47,140,6,20250630_204522
1751283872.5329614,10165100,2602265600,2602.2656,186,48,147,6,20250630_204522
1751283872.5429454,10165139,2602275584,2602.275584,190,47,155,6,20250630_204522
1751283872.5529294,10165178,2602285568,2602.285568,193,48,162,6,20250630_204522
1751283872.5629134,10165217,2602295552,2602.295552,197,48,162,6,20250630_204522
1751283872.5728974,10165256,2602305536,2602.305536,202,47,164,6,20250630_204522
1751283872.5828817,10165295,2602315520,2602.31552,206,48,167,6,20250630_204522
1751283872.5928657,10165334,2602325504,2602.325504,211,48,167,6,20250630_204522
1751283872.6028495,10165373,2602335488,2602.335488,216,49,167,6,20250630_204522
1751283872.6128335,10165412,2602345472,2602.345472,221,50,168,6,20250630_204522
1751283872.6228175,10165451,2602355456,2602.355456,226,50,168,6,20250630_204522
1751283872.6328013,10165490,2602365440,2602.36544,231,52,168,6,20250630_204522
1751283872.6427853,10165529,2602375424,2602.375424,237,52,168,6,20250630_204522
1751283872.652769,10165568,2602385408,2602.385408,243,52,169,6,20250630_204522
1751283872.662753,10165607,2602395392,2602.395392,248,52,167,6,20250630_204522
1751283872.6729934,10165647,2602405632,2602.405632,254,53,168,6,20250630_204522
1751283872.6829774,10165686,2602415616,2602.415616,5,55,167,6,20250630_204522
1751283872.6929617,10165725,2602425600,2602.4256,11,62,168,6,20250630_204522
1751283872.7029457,10165764,2602435584,2602.435584,16,56,167,6,20250630_204522
1751283872.7129295,10165803,2602445568,2602.445568,22,55,168,6,20250630_204522
1751283872.7229135,10165842,2602455552,2602.455552,27,56,167,6,20250630_204522
1751283872.7328975,10165881,2602465536,2602.465536,33,56,168,6,20250630_204522
1751283872.7428813,10165920,2602475520,2602.47552,38,56,168,6,20250630_204522
1751283872.7528653,10165959,2602485504,2602.485504,43,56,168,6,20250630_204522
1751283872.762849,10165998,2602495488,2602.495488,47,57,168,6,20250630_204522
1751283872.772833,10166037,2602505472,2602.505472,52,57,168,6,20250630_204522
1751283872.7828174,10166076,2602515456,2602.515456,56,56,167,6,20250630_204522
1751283872.7928014,10166115,2602525440,2602.52544,60,56,165,6,20250630_204522
1751283872.8027854,10166154,2602535424,2602.535424,64,58,160,6,20250630_204522
1751283872.8130257,10166194,2602545664,2602.545664,68,52,152,6,20250630_204522
1751283872.8230095,10166233,2602555648,2602.555648,71,51,147,6,20250630_204522
1751283872.8329935,10166272,2602565632,2602.565632,75,50,140,6,20250630_204522
1751283872.8429773,10166311,2602575616,2602.575616,79,48,133,6,20250630_204522
1751283872.8529613,10166350,2602585600,2602.5856,84,48,127,6,20250630_204522
1751283872.8629453,10166389,2602595584,2602.595584,88,47,125,6,20250630_204522
1751283872.872929,10166428,2602605568,2602.605568,93,47,122,6,20250630_204522
1751283872.8829134,10166467,2602615552,2602.615552,99,46,118,6,20250630_204522
1751283872.8928974,10166506,2602625536,2602.625536,104,46,120,6,20250630_204522
1751283872.9028814,10166545,2602635520,2602.63552,110,46,121,6,20250630_204522
1751283872.9128654,10166584,2602645504,2602.645504,115,46,120,6,20250630_204522
1751283872.9228494,10166623,2602655488,2602.655488,121,46,120,6,20250630_204522
1751283872.9328334,10166662,2602665472,2602.665472,127,46,120,6,20250630_204522
1751283872.9428174,10166701,2602675456,2602.675456,133,46,120,6,20250630_204522
1751283872.9530573,10166741,2602685696,2602.685696,139,46,120,6,20250630_204522
1751283872.9630413,10166780,2602695680,2602.69568,144,46,120,6,20250630_204522
1751283872.973025,10166819,2602705664,2602.705664,150,46,121,6,20250630_204522
1751283872.983009,10166858,2602715648,2602.715648,155,46,121,6,20250630_204522
1751283872.9929934,10166897,2602725632,2602.725632,160,46,124,6,20250630_204522
1751283873.0029774,10166936,2602735616,2602.735616,165,47,125,6,20250630_204522
1751283873.0129614,10166975,2602745600,2602.7456,170,49,127,6,20250630_204522
1751283873.0229454,10167014,2602755584,2602.755584,174,47,128,6,20250630_204522
1751283873.0329294,10167053,2602765568,2602.765568,179,48,132,6,20250630_204522
1751283873.0429134,10167092,2602775552,2602.775552,183,48,138,6,20250630_204522
1751283873.0528977,10167131,2602785536,2602.785536,186,48,146,6,20250630_204522
1751283873.0628817,10167170,2602795520,2602.79552,190,48,153,6,20250630_204522
1751283873.0728655,10167209,2602805504,2602.805504,194,48,157,6,20250630_204522
1751283873.0828495,10167248,2602815488,2602.815488,198,47,161,6,20250630_204522
1751283873.0928335,10167287,2602825472,2602.825472,202,48,164,6,20250630_204522
1751283873.1030734,10167327,2602835712,2602.835712,207,47,165,6,20250630_204522
1751283873.1130574,10167366,2602845696,2602.845696,211,48,167,6,20250630_204522
1751283873.1230414,10167405,2602855680,2602.85568,216,49,167,6,20250630_204522
1751283873.1330254,10167444,2602865664,2602.865664,221,50,167,6,20250630_204522
1751283873.1430094,10167483,2602875648,2602.875648,227,50,166,6,20250630_204522
1751283873.1529934,10167522,2602885632,2602.885632,232,53,168,6,20250630_204522
1751283873.1629777,10167561,2602895616,2602.895616,238,52,167,6,20250630_204522
1751283873.1729617,10167600,2602905600,2602.9056,243,52,167,6,20250630_204522
1751283873.1829455,10167639,2602915584,2602.915584,249,52,168,6,20250630_204522
1751283873.1929295,10167678,2602925568,2602.925568,0,53,167,6,20250630_204522
1751283873.2029133,10167717,2602935552,2602.935552,6,53,168,6,20250630_204522
1751283873.2128973,10167756,2602945536,2602.945536,12,54,168,6,20250630_204522
1751283873.2228813,10167795,2602955520,2602.95552,17,55,169,6,20250630_204522
1751283873.232865,10167834,2602965504,2602.965504,23,55,168,6,20250630_204522
1751283873.242849,10167873,2602975488,2602.975488,28,57,168,6,20250630_204522
1751283873.2530894,10167913,2602985728,2602.985728,34,56,169,6,20250630_204522
1751283873.2630734,10167952,2602995712,2602.995712,39,57,168,6,20250630_204522
1751283873.2730577,10167991,2603005696,2603.005696,43,55,168,6,20250630_204522
1751283873.2830417,10168030,2603015680,2603.01568,48,58,167,6,20250630_204522
1751283873.2930255,10168069,2603025664,2603.025664,53,55,168,6,20250630_204522
1751283873.3030095,10168108,2603035648,2603.035648,57,55,165,6,20250630_204522
1751283873.3129933,10168147,2603045632,2603.045632,61,55,166,6,20250630_204522
1751283873.3229773,10168186,2603055616,2603.055616,65,53,158,6,20250630_204522
1751283873.332961,10168225,2603065600,2603.0656,68,53,152,6,20250630_204522
1751283873.342945,10168264,2603075584,2603.075584,72,51,145,6,20250630_204522
1751283873.3529294,10168303,2603085568,2603.085568,76,50,139,6,20250630_204522
1751283873.3629134,10168342,2603095552,2603.095552,80,49,133,6,20250630_204522
1751283873.3728974,10168381,2603105536,2603.105536,85,47,127,6,20250630_204522
1751283873.3828814,10168420,2603115520,2603.11552,89,47,124,6,20250630_204522
1751283873.3931215,10168460,2603125760,2603.12576,94,47,121,6,20250630_204522
1751283873.4031055,10168499,2603135744,2603.135744,99,46,119,6,20250630_204522
1751283873.4130895,10168538,2603145728,2603.145728,105,46,120,6,20250630_204522
1751283873.4230733,10168577,2603155712,2603.155712,111,46,121,6,20250630_204522
1751283873.4330573,10168616,2603165696,2603.165696,116,46,120,6,20250630_204522
1751283873.443041,10168655,2603175680,2603.17568,122,46,120,6,20250630_204522
1751283873.453025,10168694,2603185664,2603.185664,128,46,120,6,20250630_204522
1751283873.4630094,10168733,2603195648,2603.195648,134,46,119,6,20250630_204522
1751283873.4729934,10168772,2603205632,2603.205632,140,46,119,6,20250630_204522
1751283873.4829774,10168811,2603215616,2603.215616,145,47,120,6,20250630_204522
1751283873.4929614,10168850,2603225600,2603.2256,151,47,121,6,20250630_204522
1751283873.5029454,10168889,2603235584,2603.235584,156,47,122,6,20250630_204522
1751283873.5129294,10168928,2603245568,2603.245568,161,48,124,6,20250630_204522
1751283873.5229137,10168967,2603255552,2603.255552,166,48,126,6,20250630_204522
1751283873.5331533,10169007,2603265792,2603.265792,170,48,127,6,20250630_204522
1751283873.5431373,10169046,2603275776,2603.275776,175,48,130,6,20250630_204522
1751283873.553121,10169085,2603285760,2603.28576,179,48,132,6,20250630_204522
1751283873.563105,10169124,2603295744,2603.295744,183,49,139,6,20250630_204522
1751283873.5730894,10169163,2603305728,2603.305728,187,48,146,6,20250630_204522
1751283873.5830734,10169202,2603315712,2603.315712,191,50,153,6,20250630_204522
1751283873.5930574,10169241,2603325696,2603.325696,194,48,159,6,20250630_204522
1751283873.6030414,10169280,2603335680,2603.33568,198,48,161,6,20250630_204522
1751283873.6130254,10169319,2603345664,2603.345664,203,48,164,6,20250630_204522
1751283873.6230094,10169358,2603355648,2603.355648,207,48,165,6,20250630_204522
1751283873.6329937,10169397,2603365632,2603.365632,212,48,167,6,20250630_204522
1751283873.6429777,10169436,2603375616,2603.375616,217,48,167,6,20250630_204522
1751283873.6529615,10169475,2603385600,2603.3856,222,49,167,6,20250630_204522
1751283873.6629455,10169514,2603395584,2603.395584,227,49,167,6,20250630_204522
1751283873.6729293,10169553,2603405568,2603.405568,232,50,168,6,20250630_204522
1751283873.6831694,10169593,2603415808,2603.415808,238,50,168,6,20250630_204522
1751283873.6931534,10169632,2603425792,2603.425792,244,51,167,6,20250630_204522
1751283873.7031374,10169671,2603435776,2603.435776,249,51,168,6,20250630_204522
1751283873.7131214,10169710,2603445760,2603.44576,0,52,168,6,20250630_204522
1751283873.7231054,10169749,2603455744,2603.455744,6,54,168,6,20250630_204522
1751283873.7330894,10169788,2603465728,2603.465728,12,53,168,6,20250630_204522
1751283873.7430737,10169827,2603475712,2603.475712,18,53,168,6,20250630_204522
1751283873.7530577,10169866,2603485696,2603.485696,23,53,168,6,20250630_204522
1751283873.7630415,10169905,2603495680,2603.49568,29,55,168,6,20250630_204522
1751283873.7730255,10169944,2603505664,2603.505664,34,54,168,6,20250630_204522
1751283873.7830093,10169983,2603515648,2603.515648,39,54,168,6,20250630_204522
1751283873.7929933,10170022,2603525632,2603.525632,44,54,168,6,20250630_204522
1751283873.802977,10170061,2603535616,2603.535616,48,56,169,6,20250630_204522
1751283873.812961,10170100,2603545600,2603.5456,53,54,168,6,20250630_204522
1751283873.8229454,10170139,2603555584,2603.555584,57,53,166,6,20250630_204522
1751283873.8331854,10170179,2603565824,2603.565824,61,52,165,6,20250630_204522
1751283873.8431697,10170218,2603575808,2603.575808,65,52,158,6,20250630_204522
1751283873.8531537,10170257,2603585792,2603.585792,69,50,152,6,20250630_204522
1751283873.8631375,10170296,2603595776,2603.595776,72,49,146,6,20250630_204522
1751283873.8731215,10170335,2603605760,2603.60576,76,49,138,6,20250630_204522
1751283873.8831055,10170374,2603615744,2603.615744,80,48,132,6,20250630_204522
1751283873.8930893,10170413,2603625728,2603.625728,85,48,127,6,20250630_204522
1751283873.9030733,10170452,2603635712,2603.635712,89,47,124,6,20250630_204522
1751283873.913057,10170491,2603645696,2603.645696,95,46,120,6,20250630_204522
1751283873.923041,10170530,2603655680,2603.65568,100,46,119,6,20250630_204522
1751283873.9330254,10170569,2603665664,2603.665664,105,46,120,6,20250630_204522
1751283873.9430094,10170608,2603675648,2603.675648,111,46,121,6,20250630_204522
1751283873.9529934,10170647,2603685632,2603.685632,117,46,121,6,20250630_204522
1751283873.9629774,10170686,2603695616,2603.695616,122,46,119,6,20250630_204522
1751283873.9732175,10170726,2603705856,2603.705856,128,46,119,6,20250630_204522
1751283873.9832015,10170765,2603715840,2603.71584,134,46,118,6,20250630_204522
1751283873.9931855,10170804,2603725824,2603.725824,140,46,120,6,20250630_204522
1751283874.0031693,10170843,2603735808,2603.735808,146,47,121,6,20250630_204522
1751283874.0131533,10170882,2603745792,2603.745792,151,47,122,6,20250630_204522
1751283874.023137,10170921,2603755776,2603.755776,156,48,123,6,20250630_204522
1751283874.033121,10170960,2603765760,2603.76576,161,49,124,6,20250630_204522
1751283874.0431054,10170999,2603775744,2603.775744,166,48,127,6,20250630_204522
1751283874.0530894,10171038,2603785728,2603.785728,171,48,127,6,20250630_204522
1751283874.0630734,10171077,2603795712,2603.795712,175,48,128,6,20250630_204522
1751283874.0730574,10171116,2603805696,2603.805696,179,49,132,6,20250630_204522
1751283874.0830414,10171155,2603815680,2603.81568,183,50,139,6,20250630_204522
1751283874.0930254,10171194,2603825664,2603.825664,187,50,147,6,20250630_204522
1751283874.1030097,10171233,2603835648,2603.835648,191,50,155,6,20250630_204522
1751283874.1129937,10171272,2603845632,2603.845632,195,49,160,6,20250630_204522
1751283874.1232333,10171312,2603855872,2603.855872,199,49,162,6,20250630_204522
1751283874.133217,10171351,2603865856,2603.865856,203,48,164,6,20250630_204522
1751283874.1432014,10171390,2603875840,2603.87584,208,48,166,6,20250630_204522
1751283874.1531854,10171429,2603885824,2603.885824,212,48,166,6,20250630_204522
1751283874.1631694,10171468,2603895808,2603.895808,217,49,167,6,20250630_204522
1751283874.1731534,10171507,2603905792,2603.905792,222,48,167,6,20250630_204522
1751283874.1831374,10171546,2603915776,2603.915776,228,49,168,6,20250630_204522
1751283874.1931214,10171585,2603925760,2603.92576,233,50,168,6,20250630_204522
1751283874.2031054,10171624,2603935744,2603.935744,239,49,168,6,20250630_204522
1751283874.2130897,10171663,2603945728,2603.945728,244,50,168,6,20250630_204522
1751283874.2230735,10171702,2603955712,2603.955712,250,50,168,6,20250630_204522
1751283874.2330575,10171741,2603965696,2603.965696,1,51,168,6,20250630_204522
1751283874.2430415,10171780,2603975680,2603.97568,7,56,168,6,20250630_204522
1751283874.2530253,10171819,2603985664,2603.985664,13,57,168,6,20250630_204522
1751283874.2632654,10171859,2603995904,2603.995904,18,54,168,6,20250630_204522
1751283874.2732494,10171898,2604005888,2604.005888,24,56,168,6,20250630_204522
1751283874.2832334,10171937,2604015872,2604.015872,29,54,169,6,20250630_204522
1751283874.2932174,10171976,2604025856,2604.025856,34,53,169,6,20250630_204522
1751283874.3032014,10172015,2604035840,2604.03584,39,54,169,6,20250630_204522
1751283874.3131857,10172054,2604045824,2604.045824,44,53,168,6,20250630_204522
1751283874.3231697,10172093,2604055808,2604.055808,49,53,168,6,20250630_204522
1751283874.3331535,10172132,2604065792,2604.065792,53,53,168,6,20250630_204522
1751283874.3431375,10172171,2604075776,2604.075776,58,53,167,6,20250630_204522
1751283874.3531215,10172210,2604085760,2604.08576,61,52,165,6,20250630_204522
1751283874.3631053,10172249,2604095744,2604.095744,65,51,161,6,20250630_204522
1751283874.3730893,10172288,2604105728,2604.105728,69,50,154,6,20250630_204522
1751283874.383073,10172327,2604115712,2604.115712,73,49,147,6,20250630_204522
1751283874.393057,10172366,2604125696,2604.125696,77,49,142,6,20250630_204522
1751283874.4032974,10172406,2604135936,2604.135936,81,48,134,6,20250630_204522
1751283874.4132814,10172445,2604145920,2604.14592,85,47,128,6,20250630_204522
1751283874.4232657,10172484,2604155904,2604.155904,90,47,126,6,20250630_204522
1751283874.4332497,10172523,2604165888,2604.165888,95,46,122,6,20250630_204522
1751283874.4432335,10172562,2604175872,2604.175872,100,46,120,6,20250630_204522
1751283874.4532175,10172601,2604185856,2604.185856,105,45,118,6,20250630_204522
1751283874.4632013,10172640,2604195840,2604.19584,111,46,119,6,20250630_204522
1751283874.4731853,10172679,2604205824,2604.205824,117,46,120,6,20250630_204522
1751283874.4831693,10172718,2604215808,2604.215808,123,46,119,6,20250630_204522
1751283874.493153,10172757,2604225792,2604.225792,128,47,119,6,20250630_204522
1751283874.5031374,10172796,2604235776,2604.235776,134,46,119,6,20250630_204522
1751283874.5131214,10172835,2604245760,2604.24576,140,47,120,6,20250630_204522
1751283874.5231054,10172874,2604255744,2604.255744,146,48,119,6,20250630_204522
1751283874.5330894,10172913,2604265728,2604.265728,151,48,122,6,20250630_204522
1751283874.5430734,10172952,2604275712,2604.275712,156,49,123,6,20250630_204522
1751283874.5533135,10172992,2604285952,2604.285952,162,49,123,6,20250630_204522
1751283874.5632975,10173031,2604295936,2604.295936,166,49,126,6,20250630_204522
1751283874.5732813,10173070,2604305920,2604.30592,171,49,127,6,20250630_204522
1751283874.5832653,10173109,2604315904,2604.315904,175,49,129,6,20250630_204522
1751283874.593249,10173148,2604325888,2604.325888,179,50,134,6,20250630_204522
1751283874.603233,10173187,2604335872,2604.335872,183,51,138,6,20250630_204522
1751283874.6132174,10173226,2604345856,2604.345856,187,51,145,6,20250630_204522
1751283874.6232014,10173265,2604355840,2604.35584,191,50,152,6,20250630_204522
1751283874.6331854,10173304,2604365824,2604.365824,195,49,159,6,20250630_204522
1751283874.6431694,10173343,2604375808,2604.375808,199,49,163,6,20250630_204522
1751283874.6531534,10173382,2604385792,2604.385792,203,48,163,6,20250630_204522
1751283874.6631374,10173421,2604395776,2604.395776,208,48,166,6,20250630_204522
1751283874.6731217,10173460,2604405760,2604.40576,212,47,166,6,20250630_204522
1751283874.6833613,10173500,2604416000,2604.416,217,48,167,6,20250630_204522
1751283874.6933453,10173539,2604425984,2604.425984,222,49,169,6,20250630_204522
1751283874.703329,10173578,2604435968,2604.435968,228,48,167,6,20250630_204522
1751283874.713313,10173617,2604445952,2604.445952,233,49,168,6,20250630_204522
1751283874.7232974,10173656,2604455936,2604.455936,239,49,169,6,20250630_204522
1751283874.7332814,10173695,2604465920,2604.46592,245,50,168,6,20250630_204522
1751283874.7432654,10173734,2604475904,2604.475904,250,53,168,6,20250630_204522
1751283874.7532494,10173773,2604485888,2604.485888,1,52,168,6,20250630_204522
1751283874.7632334,10173812,2604495872,2604.495872,7,53,168,6,20250630_204522
1751283874.7732174,10173851,2604505856,2604.505856,13,60,168,6,20250630_204522
1751283874.7832017,10173890,2604515840,2604.51584,18,54,168,6,20250630_204522
1751283874.7931857,10173929,2604525824,2604.525824,24,54,168,6,20250630_204522
1751283874.8031695,10173968,2604535808,2604.535808,29,53,169,6,20250630_204522
1751283874.8131535,10174007,2604545792,2604.545792,35,52,169,6,20250630_204522
1751283874.8231373,10174046,2604555776,2604.555776,40,52,169,6,20250630_204522
1751283874.8333774,10174086,2604566016,2604.566016,44,52,169,6,20250630_204522
1751283874.8433614,10174125,2604576000,2604.576,49,52,169,6,20250630_204522
1751283874.8533454,10174164,2604585984,2604.585984,53,52,168,6,20250630_204522
1751283874.8633294,10174203,2604595968,2604.595968,58,52,167,6,20250630_204522
1751283874.8733134,10174242,2604605952,2604.605952,62,50,165,6,20250630_204522
1751283874.8832974,10174281,2604615936,2604.615936,65,50,162,6,20250630_204522
1751283874.8932817,10174320,2604625920,2604.62592,69,49,155,6,20250630_204522
1751283874.9032657,10174359,2604635904,2604.635904,73,49,149,6,20250630_204522
1751283874.9132495,10174398,2604645888,2604.645888,77,49,142,6,20250630_204522
1751283874.9232335,10174437,2604655872,2604.655872,81,47,136,6,20250630_204522
1751283874.9332173,10174476,2604665856,2604.665856,85,47,131,6,20250630_204522
1751283874.9432013,10174515,2604675840,2604.67584,89,47,127,6,20250630_204522
1751283874.953185,10174554,2604685824,2604.685824,94,46,124,6,20250630_204522
1751283874.963169,10174593,2604695808,2604.695808,100,46,120,6,20250630_204522
1751283874.9734094,10174633,2604706048,2604.706048,105,46,119,6,20250630_204522
1751283874.9833934,10174672,2604716032,2604.716032,111,45,119,6,20250630_204522
1751283874.9933774,10174711,2604726016,2604.726016,116,46,119,6,20250630_204522
1751283875.0033617,10174750,2604736000,2604.736,122,46,119,6,20250630_204522
1751283875.0133457,10174789,2604745984,2604.745984,128,46,119,6,20250630_204522
1751283875.0233295,10174828,2604755968,2604.755968,134,47,119,6,20250630_204522
1751283875.0333135,10174867,2604765952,2604.765952,140,46,120,6,20250630_204522
1751283875.0432973,10174906,2604775936,2604.775936,145,48,120,6,20250630_204522
1751283875.0532813,10174945,2604785920,2604.78592,151,48,120,6,20250630_204522
1751283875.063265,10174984,2604795904,2604.795904,156,49,122,6,20250630_204522
1751283875.073249,10175023,2604805888,2604.805888,161,49,122,6,20250630_204522
1751283875.0832334,10175062,2604815872,2604.815872,166,51,125,6,20250630_204522
1751283875.0932174,10175101,2604825856,2604.825856,171,50,128,6,20250630_204522
1751283875.1032014,10175140,2604835840,2604.83584,175,54,128,6,20250630_204522
1751283875.1131854,10175179,2604845824,2604.845824,179,52,136,6,20250630_204522
1751283875.1234255,10175219,2604856064,2604.856064,183,52,138,6,20250630_204522
1751283875.1334095,10175258,2604866048,2604.866048,187,52,146,6,20250630_204522
1751283875.1433935,10175297,2604876032,2604.876032,191,48,154,6,20250630_204522
1751283875.1533773,10175336,2604886016,2604.886016,195,48,160,6,20250630_204522
1751283875.1633613,10175375,2604896000,2604.896,199,49,162,6,20250630_204522
1751283875.173345,10175414,2604905984,2604.905984,203,48,164,6,20250630_204522
1751283875.183329,10175453,2604915968,2604.915968,207,48,166,6,20250630_204522
1751283875.1933134,10175492,2604925952,2604.925952,212,47,167,6,20250630_204522
1751283875.2032974,10175531,2604935936,2604.935936,217,48,167,6,20250630_204522
1751283875.2132814,10175570,2604945920,2604.94592,222,48,166,6,20250630_204522
1751283875.2232654,10175609,2604955904,2604.955904,227,49,167,6,20250630_204522
1751283875.2332494,10175648,2604965888,2604.965888,233,49,168,6,20250630_204522
1751283875.2432334,10175687,2604975872,2604.975872,238,48,168,6,20250630_204522
1751283875.2532177,10175726,2604985856,2604.985856,244,49,168,6,20250630_204522
1751283875.2634573,10175766,2604996096,2604.996096,250,50,168,6,20250630_204522
1751283875.2734413,10175805,2605006080,2605.00608,1,51,168,6,20250630_204522
1751283875.283425,10175844,2605016064,2605.016064,7,50,169,6,20250630_204522
1751283875.293409,10175883,2605026048,2605.026048,12,50,168,6,20250630_204522
1751283875.3033934,10175922,2605036032,2605.036032,18,50,169,6,20250630_204522
1751283875.3133774,10175961,2605046016,2605.046016,24,51,169,6,20250630_204522
1751283875.3233614,10176000,2605056000,2605.056,29,51,168,6,20250630_204522
1751283875.3333454,10176039,2605065984,2605.065984,34,51,168,6,20250630_204522
1751283875.3433294,10176078,2605075968,2605.075968,39,51,167,6,20250630_204522
1751283875.3535695,10176118,2605086208,2605.086208,44,50,168,6,20250630_204522
1751283875.3635533,10176157,2605096192,2605.096192,49,50,168,6,20250630_204522
1751283875.3735373,10176196,2605106176,2605.106176,53,50,168,6,20250630_204522
1751283875.3835213,10176235,2605116160,2605.11616,57,50,165,6,20250630_204522
1751283875.393505,10176274,2605126144,2605.126144,61,49,161,6,20250630_204522
1751283875.4034894,10176313,2605136128,2605.136128,65,49,157,6,20250630_204522
1751283875.4134734,10176352,2605146112,2605.146112,69,48,148,6,20250630_204522
1751283875.4237134,10176392,2605156352,2605.156352,73,48,142,6,20250630_204522
1751283875.4336977,10176431,2605166336,2605.166336,77,48,135,6,20250630_204522
1751283875.4436817,10176470,2605176320,2605.17632,81,46,129,6,20250630_204522
1751283875.4536655,10176509,2605186304,2605.186304,85,46,127,6,20250630_204522
1751283875.4636495,10176548,2605196288,2605.196288,90,46,122,6,20250630_204522
1751283875.4736333,10176587,2605206272,2605.206272,95,46,120,6,20250630_204522
1751283875.4836173,10176626,2605216256,2605.216256,101,45,119,6,20250630_204522
1751283875.4938574,10176666,2605226496,2605.226496,106,45,119,6,20250630_204522
1751283875.5038414,10176705,2605236480,2605.23648,112,46,121,6,20250630_204522
1751283875.5138254,10176744,2605246464,2605.246464,118,46,120,6,20250630_204522
1751283875.5238094,10176783,2605256448,2605.256448,123,46,120,6,20250630_204522
1751283875.5337934,10176822,2605266432,2605.266432,129,46,119,6,20250630_204522
1751283875.5437777,10176861,2605276416,2605.276416,135,46,120,6,20250630_204522
1751283875.5537615,10176900,2605286400,2605.2864,141,48,120,6,20250630_204522
1751283875.5637455,10176939,2605296384,2605.296384,147,48,120,6,20250630_204522
1751283875.573985,10176979,2605306624,2605.306624,152,57,121,6,20250630_204522
1751283875.5839694,10177018,2605316608,2605.316608,157,50,123,6,20250630_204522
1751283875.5939534,10177057,2605326592,2605.326592,162,50,124,6,20250630_204522
1751283875.6039374,10177096,2605336576,2605.336576,167,50,126,6,20250630_204522
1751283875.6139214,10177135,2605346560,2605.34656,172,52,127,6,20250630_204522
1751283875.6239054,10177174,2605356544,2605.356544,176,49,130,6,20250630_204522
1751283875.6341455,10177214,2605366784,2605.366784,180,85,135,6,20250630_204522
1751283875.6441295,10177253,2605376768,2605.376768,184,53,142,6,20250630_204522
1751283875.6541133,10177292,2605386752,2605.386752,188,50,150,6,20250630_204522
1751283875.6640973,10177331,2605396736,2605.396736,192,50,156,6,20250630_204522
1751283875.674081,10177370,2605406720,2605.40672,196,49,160,6,20250630_204522
1751283875.684065,10177409,2605416704,2605.416704,200,47,163,6,20250630_204522
1751283875.6940494,10177448,2605426688,2605.426688,204,46,165,6,20250630_204522
1751283875.7042894,10177488,2605436928,2605.436928,209,46,166,6,20250630_204522
1751283875.7142737,10177527,2605446912,2605.446912,214,45,168,6,20250630_204522
1751283875.7242577,10177566,2605456896,2605.456896,218,45,167,6,20250630_204522
1751283875.7342415,10177605,2605466880,2605.46688,224,46,167,6,20250630_204522
1751283875.7442255,10177644,2605476864,2605.476864,229,46,167,6,20250630_204522
1751283875.7542095,10177683,2605486848,2605.486848,235,46,168,6,20250630_204522
1751283875.7644494,10177723,2605497088,2605.497088,240,47,168,6,20250630_204522
1751283875.7744334,10177762,2605507072,2605.507072,246,46,168,6,20250630_204522
1751283875.7844174,10177801,2605517056,2605.517056,252,48,168,6,20250630_204522
1751283875.7944014,10177840,2605527040,2605.52704,3,48,167,6,20250630_204522
1751283875.8043854,10177879,2605537024,2605.537024,8,48,167,6,20250630_204522
1751283875.8143694,10177918,2605547008,2605.547008,14,48,167,6,20250630_204522
1751283875.8243537,10177957,2605556992,2605.556992,20,47,167,6,20250630_204522
1751283875.8343377,10177996,2605566976,2605.566976,25,47,168,6,20250630_204522
1751283875.8443215,10178035,2605576960,2605.57696,31,47,169,6,20250630_204522
1751283875.8543055,10178074,2605586944,2605.586944,36,46,169,6,20250630_204522
1751283875.8642893,10178113,2605596928,2605.596928,41,47,168,6,20250630_204522
1751283875.8745294,10178153,2605607168,2605.607168,46,46,168,6,20250630_204522
1751283875.8845134,10178192,2605617152,2605.617152,50,46,168,6,20250630_204522
1751283875.8944974,10178231,2605627136,2605.627136,54,46,168,6,20250630_204522
1751283875.9044814,10178270,2605637120,2605.63712,59,46,167,6,20250630_204522
1751283875.9144654,10178309,2605647104,2605.647104,62,45,165,6,20250630_204522
1751283875.9244494,10178348,2605657088,2605.657088,66,46,161,6,20250630_204522
1751283875.9344337,10178387,2605667072,2605.667072,70,45,154,6,20250630_204522
1751283875.9444177,10178426,2605677056,2605.677056,74,44,148,6,20250630_204522
1751283875.9544015,10178465,2605687040,2605.68704,77,44,142,6,20250630_204522
1751283875.9643855,10178504,2605697024,2605.697024,82,44,135,6,20250630_204522
1751283875.9743693,10178543,2605707008,2605.707008,86,43,129,6,20250630_204522
1751283875.9843533,10178582,2605716992,2605.716992,91,44,127,6,20250630_204522
1751283875.994337,10178621,2605726976,2605.726976,95,43,123,6,20250630_204522
1751283876.004321,10178660,2605736960,2605.73696,101,42,120,6,20250630_204522
1751283876.0145614,10178700,2605747200,2605.7472,106,41,120,6,20250630_204522
1751283876.0245454,10178739,2605757184,2605.757184,112,43,119,6,20250630_204522
1751283876.0345294,10178778,2605767168,2605.767168,118,43,122,6,20250630_204522
1751283876.0445137,10178817,2605777152,2605.777152,123,43,119,6,20250630_204522
1751283876.0544977,10178856,2605787136,2605.787136,129,43,119,6,20250630_204522
1751283876.0644815,10178895,2605797120,2605.79712,135,44,119,6,20250630_204522
1751283876.0744655,10178934,2605807104,2605.807104,141,43,119,6,20250630_204522
1751283876.0844493,10178973,2605817088,2605.817088,147,44,120,6,20250630_204522
1751283876.0944333,10179012,2605827072,2605.827072,152,43,120,6,20250630_204522
1751283876.104417,10179051,2605837056,2605.837056,157,47,122,6,20250630_204522
1751283876.114401,10179090,2605847040,2605.84704,162,45,124,6,20250630_204522
1751283876.1243854,10179129,2605857024,2605.857024,167,45,126,6,20250630_204522
1751283876.1343694,10179168,2605867008,2605.867008,172,46,127,6,20250630_204522
1751283876.1443534,10179207,2605876992,2605.876992,176,46,130,6,20250630_204522
1751283876.1543374,10179246,2605886976,2605.886976,180,49,134,6,20250630_204522
1751283876.1645775,10179286,2605897216,2605.897216,184,49,141,6,20250630_204522
1751283876.1745615,10179325,2605907200,2605.9072,188,46,148,6,20250630_204522
1751283876.1845455,10179364,2605917184,2605.917184,192,46,156,6,20250630_204522
1751283876.1945293,10179403,2605927168,2605.927168,196,47,160,6,20250630_204522
1751283876.2045133,10179442,2605937152,2605.937152,200,43,163,6,20250630_204522
1751283876.214497,10179481,2605947136,2605.947136,204,42,164,6,20250630_204522
1751283876.224481,10179520,2605957120,2605.95712,208,42,166,6,20250630_204522
1751283876.2344654,10179559,2605967104,2605.967104,213,42,167,6,20250630_204522
1751283876.2444494,10179598,2605977088,2605.977088,218,42,167,6,20250630_204522
1751283876.2544334,10179637,2605987072,2605.987072,223,42,168,6,20250630_204522
1751283876.2644174,10179676,2605997056,2605.997056,229,42,168,6,20250630_204522
1751283876.2744014,10179715,2606007040,2606.00704,234,43,168,6,20250630_204522
1751283876.2843854,10179754,2606017024,2606.017024,240,43,167,6,20250630_204522
1751283876.2943697,10179793,2606027008,2606.027008,246,43,167,6,20250630_204522
1751283876.3046093,10179833,2606037248,2606.037248,251,43,168,6,20250630_204522
1751283876.3145933,10179872,2606047232,2606.047232,2,44,168,6,20250630_204522
1751283876.324577,10179911,2606057216,2606.057216,8,44,168,6,20250630_204522
1751283876.334561,10179950,2606067200,2606.0672,14,43,168,6,20250630_204522
1751283876.3445454,10179989,2606077184,2606.077184,19,43,168,6,20250630_204522
1751283876.3545294,10180028,2606087168,2606.087168,25,44,168,6,20250630_204522
1751283876.3645134,10180067,2606097152,2606.097152,30,43,169,6,20250630_204522
1751283876.3744974,10180106,2606107136,2606.107136,36,43,169,6,20250630_204522
1751283876.3844814,10180145,2606117120,2606.11712,40,43,169,6,20250630_204522
1751283876.3944654,10180184,2606127104,2606.127104,45,43,169,6,20250630_204522
1751283876.4044497,10180223,2606137088,2606.137088,50,42,168,6,20250630_204522
1751283876.4144337,10180262,2606147072,2606.147072,54,43,168,6,20250630_204522
1751283876.4244175,10180301,2606157056,2606.157056,58,43,167,6,20250630_204522
1751283876.4344015,10180340,2606167040,2606.16704,62,43,165,6,20250630_204522
1751283876.4446414,10180380,2606177280,2606.17728,66,43,160,6,20250630_204522
1751283876.4546254,10180419,2606187264,2606.187264,70,42,154,6,20250630_204522
1751283876.4646094,10180458,2606197248,2606.197248,73,41,147,6,20250630_204522
1751283876.4745934,10180497,2606207232,2606.207232,77,41,140,6,20250630_204522
1751283876.4845774,10180536,2606217216,2606.217216,81,41,133,6,20250630_204522
1751283876.4945614,10180575,2606227200,2606.2272,86,40,128,6,20250630_204522
1751283876.5045457,10180614,2606237184,2606.237184,90,40,127,6,20250630_204522
1751283876.5145297,10180653,2606247168,2606.247168,95,39,122,6,20250630_204522
1751283876.5245135,10180692,2606257152,2606.257152,101,39,120,6,20250630_204522
1751283876.5344975,10180731,2606267136,2606.267136,106,39,119,6,20250630_204522
1751283876.5444815,10180770,2606277120,2606.27712,112,40,120,6,20250630_204522
1751283876.5544653,10180809,2606287104,2606.287104,118,41,121,6,20250630_204522
1751283876.5644493,10180848,2606297088,2606.297088,123,41,120,6,20250630_204522
1751283876.574433,10180887,2606307072,2606.307072,129,40,120,6,20250630_204522
1751283876.5846734,10180927,2606317312,2606.317312,135,41,119,6,20250630_204522
1751283876.5946574,10180966,2606327296,2606.327296,141,43,120,6,20250630_204522
1751283876.6046414,10181005,2606337280,2606.33728,147,42,120,6,20250630_204522
1751283876.6146257,10181044,2606347264,2606.347264,152,40,122,6,20250630_204522
1751283876.6246097,10181083,2606357248,2606.357248,157,41,123,6,20250630_204522
1751283876.6345935,10181122,2606367232,2606.367232,162,41,125,6,20250630_204522
1751283876.6445775,10181161,2606377216,2606.377216,167,42,126,6,20250630_204522
1751283876.6545615,10181200,2606387200,2606.3872,172,48,127,6,20250630_204522
1751283876.6645453,10181239,2606397184,2606.397184,176,42,129,6,20250630_204522
1751283876.6745293,10181278,2606407168,2606.407168,180,41,133,6,20250630_204522
1751283876.684513,10181317,2606417152,2606.417152,184,47,140,6,20250630_204522
1751283876.694497,10181356,2606427136,2606.427136,188,43,148,6,20250630_204522
1751283876.7044814,10181395,2606437120,2606.43712,192,42,155,6,20250630_204522
1751283876.7144654,10181434,2606447104,2606.447104,196,43,159,6,20250630_204522
1751283876.7244494,10181473,2606457088,2606.457088,200,43,163,6,20250630_204522
1751283876.7346897,10181513,2606467328,2606.467328,204,40,164,6,20250630_204522
1751283876.7446735,10181552,2606477312,2606.477312,209,39,166,6,20250630_204522
1751283876.7546575,10181591,2606487296,2606.487296,213,38,167,6,20250630_204522
1751283876.7646413,10181630,2606497280,2606.49728,218,39,167,6,20250630_204522
1751283876.7746253,10181669,2606507264,2606.507264,223,39,167,6,20250630_204522
1751283876.7846093,10181708,2606517248,2606.517248,229,39,168,6,20250630_204522
1751283876.794593,10181747,2606527232,2606.527232,234,39,168,6,20250630_204522
1751283876.8045774,10181786,2606537216,2606.537216,240,39,168,6,20250630_204522
1751283876.8145614,10181825,2606547200,2606.5472,245,39,167,6,20250630_204522
1751283876.8245454,10181864,2606557184,2606.557184,251,40,170,6,20250630_204522
1751283876.8345294,10181903,2606567168,2606.567168,2,40,168,6,20250630_204522
1751283876.8445134,10181942,2606577152,2606.577152,8,40,168,6,20250630_204522
1751283876.8544974,10181981,2606587136,2606.587136,14,40,168,6,20250630_204522
1751283876.8644814,10182020,2606597120,2606.59712,19,41,168,6,20250630_204522
1751283876.8747213,10182060,2606607360,2606.60736,25,40,168,6,20250630_204522
1751283876.8847053,10182099,2606617344,2606.617344,30,40,168,6,20250630_204522
1751283876.894689,10182138,2606627328,2606.627328,35,40,168,6,20250630_204522
1751283876.904673,10182177,2606637312,2606.637312,40,41,169,6,20250630_204522
1751283876.9146574,10182216,2606647296,2606.647296,45,40,169,6,20250630_204522
1751283876.9246414,10182255,2606657280,2606.65728,50,41,169,6,20250630_204522
1751283876.9346254,10182294,2606667264,2606.667264,54,40,168,6,20250630_204522
1751283876.9446094,10182333,2606677248,2606.677248,58,40,167,6,20250630_204522
1751283876.9545934,10182372,2606687232,2606.687232,62,40,166,6,20250630_204522
1751283876.9645774,10182411,2606697216,2606.697216,66,39,162,6,20250630_204522
1751283876.9745617,10182450,2606707200,2606.7072,70,39,156,6,20250630_204522
1751283876.9845457,10182489,2606717184,2606.717184,73,39,149,6,20250630_204522
1751283876.9945295,10182528,2606727168,2606.727168,77,39,142,6,20250630_204522
1751283877.0045135,10182567,2606737152,2606.737152,81,38,136,6,20250630_204522
1751283877.0144975,10182606,2606747136,2606.747136,86,37,132,6,20250630_204522
1751283877.0244813,10182645,2606757120,2606.75712,90,37,128,6,20250630_204522
1751283877.0347214,10182685,2606767360,2606.76736,95,37,127,6,20250630_204522
1751283877.0447054,10182724,2606777344,2606.777344,100,37,124,6,20250630_204522
1751283877.0546894,10182763,2606787328,2606.787328,105,37,122,6,20250630_204522
1751283877.0646734,10182802,2606797312,2606.797312,111,36,119,6,20250630_204522
1751283877.0746574,10182841,2606807296,2606.807296,117,38,119,6,20250630_204522
1751283877.0846417,10182880,2606817280,2606.81728,122,45,120,6,20250630_204522
1751283877.0946257,10182919,2606827264,2606.827264,128,42,120,6,20250630_204522
1751283877.1046095,10182958,2606837248,2606.837248,134,39,121,6,20250630_204522
1751283877.1145935,10182997,2606847232,2606.847232,140,38,121,6,20250630_204522
1751283877.1245773,10183036,2606857216,2606.857216,145,36,122,6,20250630_204522
1751283877.1345613,10183075,2606867200,2606.8672,151,35,121,6,20250630_204522
1751283877.1445453,10183114,2606877184,2606.877184,156,35,123,6,20250630_204522
1751283877.154529,10183153,2606887168,2606.887168,161,35,124,6,20250630_204522
1751283877.164513,10183192,2606897152,2606.897152,166,35,126,6,20250630_204522
1751283877.1747534,10183232,2606907392,2606.907392,170,35,127,6,20250630_204522
1751283877.1847374,10183271,2606917376,2606.917376,175,35,130,6,20250630_204522
1751283877.1947217,10183310,2606927360,2606.92736,179,49,135,6,20250630_204522
1751283877.2047057,10183349,2606937344,2606.937344,183,96,140,6,20250630_204522
1751283877.2146895,10183388,2606947328,2606.947328,187,41,147,6,20250630_204522
1751283877.2246735,10183427,2606957312,2606.957312,190,42,153,6,20250630_204522
1751283877.2346573,10183466,2606967296,2606.967296,194,39,160,6,20250630_204522
1751283877.2446413,10183505,2606977280,2606.97728,198,76,163,6,20250630_204522
1751283877.254625,10183544,2606987264,2606.987264,203,88,164,6,20250630_204522
1751283877.264609,10183583,2606997248,2606.997248,207,95,166,6,20250630_204522
1751283877.2745934,10183622,2607007232,2607.007232,212,110,166,6,20250630_204522
1751283877.2845774,10183661,2607017216,2607.017216,217,108,167,6,20250630_204522
1751283877.2945614,10183700,2607027200,2607.0272,222,102,167,6,20250630_204522
1751283877.3045454,10183739,2607037184,2607.037184,227,111,168,6,20250630_204522
1751283877.3147857,10183779,2607047424,2607.047424,233,110,168,6,20250630_204522
1751283877.3247695,10183818,2607057408,2607.057408,238,109,168,6,20250630_204522
1751283877.3347535,10183857,2607067392,2607.067392,244,105,168,6,20250630_204522
1751283877.3447373,10183896,2607077376,2607.077376,250,119,168,6,20250630_204522
1751283877.3547213,10183935,2607087360,2607.08736,0,110,168,6,20250630_204522
1751283877.364705,10183974,2607097344,2607.097344,6,136,168,6,20250630_204522
1751283877.374689,10184013,2607107328,2607.107328,12,139,169,6,20250630_204522
1751283877.3846734,10184052,2607117312,2607.117312,18,117,169,6,20250630_204522
1751283877.3946574,10184091,2607127296,2607.127296,23,140,168,6,20250630_204522
1751283877.4046414,10184130,2607137280,2607.13728,29,136,168,6,20250630_204522
1751283877.4146254,10184169,2607147264,2607.147264,34,148,167,6,20250630_204522
1751283877.4246094,10184208,2607157248,2607.157248,39,120,168,6,20250630_204522
1751283877.4345934,10184247,2607167232,2607.167232,44,110,167,6,20250630_204522
1751283877.4445777,10184286,2607177216,2607.177216,48,98,167,6,20250630_204522
1751283877.4548173,10184326,2607187456,2607.187456,53,98,166,6,20250630_204522
1751283877.4648013,10184365,2607197440,2607.19744,57,123,164,6,20250630_204522
1751283877.474785,10184404,2607207424,2607.207424,61,114,161,6,20250630_204522
1751283877.484769,10184443,2607217408,2607.217408,65,118,156,6,20250630_204522
1751283877.4947534,10184482,2607227392,2607.227392,69,109,149,6,20250630_204522
1751283877.5047374,10184521,2607237376,2607.237376,72,91,142,6,20250630_204522
1751283877.5147214,10184560,2607247360,2607.24736,76,81,134,6,20250630_204522
1751283877.5247054,10184599,2607257344,2607.257344,81,100,131,6,20250630_204522
1751283877.5346894,10184638,2607267328,2607.267328,85,75,127,6,20250630_204522
1751283877.5446734,10184677,2607277312,2607.277312,90,47,125,6,20250630_204522
1751283877.5546577,10184716,2607287296,2607.287296,95,38,122,6,20250630_204522
1751283877.5646417,10184755,2607297280,2607.29728,100,37,120,6,20250630_204522
1751283877.5746255,10184794,2607307264,2607.307264,106,35,120,6,20250630_204522
1751283877.5846095,10184833,2607317248,2607.317248,111,35,120,6,20250630_204522
1751283877.5945933,10184872,2607327232,2607.327232,117,34,120,6,20250630_204522
1751283877.6048334,10184912,2607337472,2607.337472,123,33,121,6,20250630_204522
1751283877.6148174,10184951,2607347456,2607.347456,128,33,123,6,20250630_204522
1751283877.6248014,10184990,2607357440,2607.35744,134,33,122,6,20250630_204522
1751283877.6347854,10185029,2607367424,2607.367424,140,36,122,6,20250630_204522
1751283877.6447694,10185068,2607377408,2607.377408,145,33,123,6,20250630_204522
1751283877.6547534,10185107,2607387392,2607.387392,151,32,123,6,20250630_204522
1751283877.6647377,10185146,2607397376,2607.397376,156,32,123,6,20250630_204522
1751283877.6747217,10185185,2607407360,2607.40736,161,34,125,6,20250630_204522
1751283877.6847055,10185224,2607417344,2607.417344,166,35,127,6,20250630_204522
1751283877.6946895,10185263,2607427328,2607.427328,170,36,127,6,20250630_204522
1751283877.7046733,10185302,2607437312,2607.437312,175,35,131,6,20250630_204522
1751283877.7146573,10185341,2607447296,2607.447296,179,34,135,6,20250630_204522
1751283877.724641,10185380,2607457280,2607.45728,183,33,140,6,20250630_204522
1751283877.734625,10185419,2607467264,2607.467264,187,33,147,6,20250630_204522
1751283877.7448654,10185459,2607477504,2607.477504,190,32,153,6,20250630_204522
1751283877.7548494,10185498,2607487488,2607.487488,194,31,157,6,20250630_204522
1751283877.7648337,10185537,2607497472,2607.497472,198,32,162,6,20250630_204522
1751283877.7748177,10185576,2607507456,2607.507456,203,31,163,6,20250630_204522
1751283877.7848015,10185615,2607517440,2607.51744,207,31,165,6,20250630_204522
1751283877.7947855,10185654,2607527424,2607.527424,212,31,167,6,20250630_204522
1751283877.8047695,10185693,2607537408,2607.537408,216,31,166,6,20250630_204522
1751283877.8147533,10185732,2607547392,2607.547392,221,33,167,6,20250630_204522
1751283877.8247373,10185771,2607557376,2607.557376,227,33,167,6,20250630_204522
1751283877.834721,10185810,2607567360,2607.56736,232,34,168,6,20250630_204522
1751283877.844705,10185849,2607577344,2607.577344,238,34,168,6,20250630_204522
1751283877.8546894,10185888,2607587328,2607.587328,243,35,168,6,20250630_204522
1751283877.8646734,10185927,2607597312,2607.597312,249,44,168,6,20250630_204522
1751283877.8746574,10185966,2607607296,2607.607296,0,49,168,6,20250630_204522
1751283877.8846414,10186005,2607617280,2607.61728,6,88,168,6,20250630_204522
1751283877.8948815,10186045,2607627520,2607.62752,12,170,168,6,20250630_204522
1751283877.9048655,10186084,2607637504,2607.637504,17,72,167,6,20250630_204522
1751283877.9148495,10186123,2607647488,2607.647488,23,63,169,6,20250630_204522
1751283877.9248333,10186162,2607657472,2607.657472,28,174,168,6,20250630_204522
1751283877.9348173,10186201,2607667456,2607.667456,34,200,168,6,20250630_204522
1751283877.944801,10186240,2607677440,2607.67744,39,176,170,6,20250630_204522
1751283877.954785,10186279,2607687424,2607.687424,43,91,168,6,20250630_204522
1751283877.9647694,10186318,2607697408,2607.697408,48,95,168,6,20250630_204522
1751283877.9747534,10186357,2607707392,2607.707392,52,120,166,6,20250630_204522
1751283877.9847374,10186396,2607717376,2607.717376,57,95,168,6,20250630_204522
1751283877.9947214,10186435,2607727360,2607.72736,61,40,166,6,20250630_204522
1751283878.0047054,10186474,2607737344,2607.737344,65,34,162,6,20250630_204522
1751283878.0146894,10186513,2607747328,2607.747328,68,33,155,6,20250630_204522
1751283878.0246737,10186552,2607757312,2607.757312,72,33,150,6,20250630_204522
1751283878.0349133,10186592,2607767552,2607.767552,76,33,144,6,20250630_204522
1751283878.0448973,10186631,2607777536,2607.777536,80,33,139,6,20250630_204522
1751283878.054881,10186670,2607787520,2607.78752,84,31,133,6,20250630_204522
1751283878.0648654,10186709,2607797504,2607.797504,88,31,130,6,20250630_204522
1751283878.0748494,10186748,2607807488,2607.807488,93,30,127,6,20250630_204522
1751283878.0848334,10186787,2607817472,2607.817472,98,29,125,6,20250630_204522
1751283878.0948174,10186826,2607827456,2607.827456,103,29,122,6,20250630_204522
1751283878.1048014,10186865,2607837440,2607.83744,109,29,121,6,20250630_204522
1751283878.1147854,10186904,2607847424,2607.847424,115,29,119,6,20250630_204522
1751283878.1247694,10186943,2607857408,2607.857408,120,29,119,6,20250630_204522
1751283878.1347537,10186982,2607867392,2607.867392,126,29,120,6,20250630_204522
1751283878.1447375,10187021,2607877376,2607.877376,132,29,120,6,20250630_204522
1751283878.1547215,10187060,2607887360,2607.88736,138,29,120,6,20250630_204522
1751283878.1647055,10187099,2607897344,2607.897344,144,30,121,6,20250630_204522
1751283878.1749454,10187139,2607907584,2607.907584,149,29,122,6,20250630_204522
1751283878.1849294,10187178,2607917568,2607.917568,155,29,124,6,20250630_204522
1751283878.1949134,10187217,2607927552,2607.927552,160,30,124,6,20250630_204522
1751283878.2048974,10187256,2607937536,2607.937536,164,29,126,6,20250630_204522
1751283878.2148814,10187295,2607947520,2607.94752,169,29,127,6,20250630_204522
1751283878.2248654,10187334,2607957504,2607.957504,174,29,129,6,20250630_204522
1751283878.2348497,10187373,2607967488,2607.967488,178,30,134,6,20250630_204522
1751283878.2448337,10187412,2607977472,2607.977472,182,29,138,6,20250630_204522
1751283878.2548175,10187451,2607987456,2607.987456,186,29,145,6,20250630_204522
1751283878.2648015,10187490,2607997440,2607.99744,189,29,153,6,20250630_204522
1751283878.2747855,10187529,2608007424,2608.007424,193,29,160,6,20250630_204522
1751283878.2847693,10187568,2608017408,2608.017408,197,29,162,6,20250630_204522
1751283878.2947533,10187607,2608027392,2608.027392,201,28,164,6,20250630_204522
1751283878.304737,10187646,2608037376,2608.037376,206,28,165,6,20250630_204522
1751283878.314721,10187685,2608047360,2608.04736,210,28,165,6,20250630_204522
1751283878.3249614,10187725,2608057600,2608.0576,215,29,168,6,20250630_204522
1751283878.3349454,10187764,2608067584,2608.067584,220,29,168,6,20250630_204522
1751283878.3449297,10187803,2608077568,2608.077568,225,29,167,6,20250630_204522
1751283878.3549137,10187842,2608087552,2608.087552,231,29,168,6,20250630_204522
1751283878.3648975,10187881,2608097536,2608.097536,236,30,167,6,20250630_204522
1751283878.3748815,10187920,2608107520,2608.10752,242,45,168,6,20250630_204522
1751283878.3848653,10187959,2608117504,2608.117504,248,32,168,6,20250630_204522
1751283878.3948493,10187998,2608127488,2608.127488,254,31,167,6,20250630_204522
1751283878.4048333,10188037,2608137472,2608.137472,5,40,168,6,20250630_204522
1751283878.414817,10188076,2608147456,2608.147456,10,37,168,6,20250630_204522
1751283878.424801,10188115,2608157440,2608.15744,16,32,168,6,20250630_204522
1751283878.4347854,10188154,2608167424,2608.167424,22,32,168,6,20250630_204522
1751283878.4447694,10188193,2608177408,2608.177408,27,34,168,6,20250630_204522
1751283878.4547534,10188232,2608187392,2608.187392,32,33,168,6,20250630_204522
1751283878.4649937,10188272,2608197632,2608.197632,38,33,168,6,20250630_204522
1751283878.4749775,10188311,2608207616,2608.207616,42,32,168,6,20250630_204522
1751283878.4849615,10188350,2608217600,2608.2176,47,33,169,6,20250630_204522
1751283878.4949453,10188389,2608227584,2608.227584,52,32,168,6,20250630_204522
1751283878.5049293,10188428,2608237568,2608.237568,56,32,168,6,20250630_204522
1751283878.514913,10188467,2608247552,2608.247552,60,31,167,6,20250630_204522
1751283878.524897,10188506,2608257536,2608.257536,64,31,165,6,20250630_204522
1751283878.5348814,10188545,2608267520,2608.26752,68,31,162,6,20250630_204522
1751283878.5448654,10188584,2608277504,2608.277504,71,31,156,6,20250630_204522
1751283878.5548494,10188623,2608287488,2608.287488,75,29,148,6,20250630_204522
1751283878.5648334,10188662,2608297472,2608.297472,79,29,142,6,20250630_204522
1751283878.5748174,10188701,2608307456,2608.307456,83,28,135,6,20250630_204522
1751283878.5848014,10188740,2608317440,2608.31744,87,28,129,6,20250630_204522
1751283878.5947857,10188779,2608327424,2608.327424,92,28,126,6,20250630_204522
1751283878.6047697,10188818,2608337408,2608.337408,97,27,123,6,20250630_204522
1751283878.6150093,10188858,2608347648,2608.347648,102,27,121,6,20250630_204522
1751283878.624993,10188897,2608357632,2608.357632,108,27,120,6,20250630_204522
1751283878.634977,10188936,2608367616,2608.367616,114,28,119,6,20250630_204522
1751283878.6449614,10188975,2608377600,2608.3776,120,30,120,6,20250630_204522
1751283878.6549454,10189014,2608387584,2608.387584,125,29,120,6,20250630_204522
1751283878.6649294,10189053,2608397568,2608.397568,131,27,120,6,20250630_204522
1751283878.6749134,10189092,2608407552,2608.407552,137,27,121,6,20250630_204522
1751283878.6848974,10189131,2608417536,2608.417536,143,27,121,6,20250630_204522
1751283878.6948814,10189170,2608427520,2608.42752,148,27,122,6,20250630_204522
1751283878.7048657,10189209,2608437504,2608.437504,154,27,122,6,20250630_204522
1751283878.7148497,10189248,2608447488,2608.447488,159,27,124,6,20250630_204522
1751283878.7248335,10189287,2608457472,2608.457472,164,28,123,6,20250630_204522
1751283878.7348175,10189326,2608467456,2608.467456,169,42,127,6,20250630_204522
1751283878.7448015,10189365,2608477440,2608.47744,173,104,128,6,20250630_204522
1751283878.7547853,10189404,2608487424,2608.487424,177,59,132,6,20250630_204522
1751283878.7650254,10189444,2608497664,2608.497664,181,41,138,6,20250630_204522
1751283878.7750094,10189483,2608507648,2608.507648,185,31,145,6,20250630_204522
1751283878.7849934,10189522,2608517632,2608.517632,189,28,153,6,20250630_204522
1751283878.7949774,10189561,2608527616,2608.527616,193,28,158,6,20250630_204522
1751283878.8049614,10189600,2608537600,2608.5376,197,27,161,6,20250630_204522
1751283878.8149457,10189639,2608547584,2608.547584,201,28,162,6,20250630_204522
1751283878.8249297,10189678,2608557568,2608.557568,205,27,166,6,20250630_204522
1751283878.8349135,10189717,2608567552,2608.567552,210,27,167,6,20250630_204522
1751283878.8448975,10189756,2608577536,2608.577536,215,28,167,6,20250630_204522
1751283878.8548813,10189795,2608587520,2608.58752,220,29,167,6,20250630_204522
1751283878.8648653,10189834,2608597504,2608.597504,225,28,167,6,20250630_204522
1751283878.874849,10189873,2608607488,2608.607488,230,30,168,6,20250630_204522
1751283878.884833,10189912,2608617472,2608.617472,236,29,167,6,20250630_204522
1751283878.8948174,10189951,2608627456,2608.627456,241,29,168,6,20250630_204522
1751283878.9050574,10189991,2608637696,2608.637696,247,29,168,6,20250630_204522
1751283878.9150414,10190030,2608647680,2608.64768,253,31,169,6,20250630_204522
1751283878.9250257,10190069,2608657664,2608.657664,4,31,168,6,20250630_204522
1751283878.9350097,10190108,2608667648,2608.667648,10,37,168,6,20250630_204522
1751283878.9449935,10190147,2608677632,2608.677632,15,42,168,6,20250630_204522
1751283878.9549775,10190186,2608687616,2608.687616,21,36,168,6,20250630_204522
1751283878.9649613,10190225,2608697600,2608.6976,26,45,168,6,20250630_204522
1751283878.9749453,10190264,2608707584,2608.707584,32,78,168,6,20250630_204522
1751283878.984929,10190303,2608717568,2608.717568,37,46,169,6,20250630_204522
1751283878.994913,10190342,2608727552,2608.727552,42,44,169,6,20250630_204522
1751283879.0048974,10190381,2608737536,2608.737536,47,30,169,6,20250630_204522
1751283879.0148814,10190420,2608747520,2608.74752,51,30,168,6,20250630_204522
1751283879.0248654,10190459,2608757504,2608.757504,55,29,168,6,20250630_204522
1751283879.0348494,10190498,2608767488,2608.767488,59,29,166,6,20250630_204522
1751283879.0448334,10190537,2608777472,2608.777472,63,29,164,6,20250630_204522
1751283879.0550735,10190577,2608787712,2608.787712,67,29,158,6,20250630_204522
1751283879.0650575,10190616,2608797696,2608.797696,71,29,151,6,20250630_204522
1751283879.0750413,10190655,2608807680,2608.80768,75,28,145,6,20250630_204522
1751283879.0850253,10190694,2608817664,2608.817664,79,29,137,6,20250630_204522
1751283879.095009,10190733,2608827648,2608.827648,83,29,130,6,20250630_204522
1751283879.104993,10190772,2608837632,2608.837632,87,30,127,6,20250630_204522
1751283879.1149774,10190811,2608847616,2608.847616,92,30,123,6,20250630_204522
1751283879.1249614,10190850,2608857600,2608.8576,97,28,120,6,20250630_204522
1751283879.1349454,10190889,2608867584,2608.867584,103,27,120,6,20250630_204522
1751283879.1449294,10190928,2608877568,2608.877568,108,26,119,6,20250630_204522
1751283879.1549134,10190967,2608887552,2608.887552,114,26,121,6,20250630_204522
1751283879.1648974,10191006,2608897536,2608.897536,120,26,120,6,20250630_204522
1751283879.1748817,10191045,2608907520,2608.90752,126,25,119,6,20250630_204522
1751283879.1848657,10191084,2608917504,2608.917504,132,27,119,6,20250630_204522
1751283879.1951053,10191124,2608927744,2608.927744,137,28,120,6,20250630_204522
1751283879.205089,10191163,2608937728,2608.937728,143,28,120,6,20250630_204522
1751283879.215073,10191202,2608947712,2608.947712,149,27,122,6,20250630_204522
1751283879.2250574,10191241,2608957696,2608.957696,154,27,123,6,20250630_204522
1751283879.2350414,10191280,2608967680,2608.96768,159,28,124,6,20250630_204522
1751283879.2450254,10191319,2608977664,2608.977664,164,28,126,6,20250630_204522
1751283879.2550094,10191358,2608987648,2608.987648,169,27,127,6,20250630_204522
1751283879.2649934,10191397,2608997632,2608.997632,173,28,130,6,20250630_204522
1751283879.2749774,10191436,2609007616,2609.007616,177,28,134,6,20250630_204522
1751283879.2849617,10191475,2609017600,2609.0176,181,28,139,6,20250630_204522
1751283879.2949457,10191514,2609027584,2609.027584,185,27,145,6,20250630_204522
1751283879.3049295,10191553,2609037568,2609.037568,189,27,153,6,20250630_204522
1751283879.3149135,10191592,2609047552,2609.047552,193,29,159,6,20250630_204522
1751283879.3248973,10191631,2609057536,2609.057536,197,30,162,6,20250630_204522
1751283879.3348813,10191670,2609067520,2609.06752,201,28,164,6,20250630_204522
1751283879.3451214,10191710,2609077760,2609.07776,205,27,166,6,20250630_204522
1751283879.3551054,10191749,2609087744,2609.087744,210,26,167,6,20250630_204522
1751283879.3650894,10191788,2609097728,2609.097728,215,28,167,6,20250630_204522
1751283879.3750734,10191827,2609107712,2609.107712,220,28,168,6,20250630_204522
1751283879.3850574,10191866,2609117696,2609.117696,225,28,168,6,20250630_204522
1751283879.3950417,10191905,2609127680,2609.12768,230,28,168,6,20250630_204522
1751283879.4050255,10191944,2609137664,2609.137664,236,26,169,6,20250630_204522
1751283879.4150095,10191983,2609147648,2609.147648,242,27,168,6,20250630_204522
1751283879.4249935,10192022,2609157632,2609.157632,247,27,168,6,20250630_204522
1751283879.4349773,10192061,2609167616,2609.167616,253,31,168,6,20250630_204522
1751283879.4449613,10192100,2609177600,2609.1776,4,27,168,6,20250630_204522
1751283879.454945,10192139,2609187584,2609.187584,10,28,168,6,20250630_204522
1751283879.464929,10192178,2609197568,2609.197568,16,29,168,6,20250630_204522
1751283879.4749134,10192217,2609207552,2609.207552,21,30,168,6,20250630_204522
1751283879.4851534,10192257,2609217792,2609.217792,27,40,169,6,20250630_204522
1751283879.4951377,10192296,2609227776,2609.227776,32,34,167,6,20250630_204522
1751283879.5051217,10192335,2609237760,2609.23776,37,38,168,6,20250630_204522
1751283879.5151055,10192374,2609247744,2609.247744,42,38,167,6,20250630_204522
1751283879.5250895,10192413,2609257728,2609.257728,47,31,167,6,20250630_204522
1751283879.5350735,10192452,2609267712,2609.267712,51,30,168,6,20250630_204522
1751283879.5450573,10192491,2609277696,2609.277696,55,28,167,6,20250630_204522
1751283879.5550413,10192530,2609287680,2609.28768,60,28,166,6,20250630_204522
1751283879.565025,10192569,2609297664,2609.297664,63,27,160,6,20250630_204522
1751283879.575009,10192608,2609307648,2609.307648,67,26,153,6,20250630_204522
1751283879.5849934,10192647,2609317632,2609.317632,71,26,148,6,20250630_204522
1751283879.5949774,10192686,2609327616,2609.327616,75,25,141,6,20250630_204522
1751283879.6049614,10192725,2609337600,2609.3376,79,29,134,6,20250630_204522
1751283879.6149454,10192764,2609347584,2609.347584,83,29,129,6,20250630_204522
1751283879.6249294,10192803,2609357568,2609.357568,88,28,127,6,20250630_204522
1751283879.6351695,10192843,2609367808,2609.367808,93,25,122,6,20250630_204522
1751283879.6451533,10192882,2609377792,2609.377792,98,24,120,6,20250630_204522
1751283879.6551373,10192921,2609387776,2609.387776,103,24,120,6,20250630_204522
1751283879.6651213,10192960,2609397760,2609.39776,109,24,120,6,20250630_204522
1751283879.675105,10192999,2609407744,2609.407744,115,25,118,6,20250630_204522
1751283879.685089,10193038,2609417728,2609.417728,120,25,121,6,20250630_204522
1751283879.6950734,10193077,2609427712,2609.427712,126,25,120,6,20250630_204522
1751283879.7050574,10193116,2609437696,2609.437696,132,25,119,6,20250630_204522
1751283879.7150414,10193155,2609447680,2609.44768,138,25,120,6,20250630_204522
1751283879.7250254,10193194,2609457664,2609.457664,144,26,119,6,20250630_204522
1751283879.7350094,10193233,2609467648,2609.467648,149,33,120,6,20250630_204522
1751283879.7449934,10193272,2609477632,2609.477632,155,32,121,6,20250630_204522
1751283879.7549777,10193311,2609487616,2609.487616,160,52,123,6,20250630_204522
1751283879.7649615,10193350,2609497600,2609.4976,165,41,124,6,20250630_204522
1751283879.775201,10193390,2609507840,2609.50784,169,28,124,6,20250630_204522
1751283879.785185,10193429,2609517824,2609.517824,174,37,127,6,20250630_204522
1751283879.7951694,10193468,2609527808,2609.527808,178,67,130,6,20250630_204522
1751283879.8051534,10193507,2609537792,2609.537792,182,110,135,6,20250630_204522
1751283879.8151374,10193546,2609547776,2609.547776,186,41,142,6,20250630_204522
1751283879.8251214,10193585,2609557760,2609.55776,190,34,150,6,20250630_204522
1751283879.8351054,10193624,2609567744,2609.567744,194,25,157,6,20250630_204522
1751283879.8450894,10193663,2609577728,2609.577728,198,25,162,6,20250630_204522
1751283879.8550737,10193702,2609587712,2609.587712,202,24,163,6,20250630_204522
1751283879.8650577,10193741,2609597696,2609.597696,206,24,165,6,20250630_204522
1751283879.8750415,10193780,2609607680,2609.60768,211,24,166,6,20250630_204522
1751283879.8850255,10193819,2609617664,2609.617664,216,25,168,6,20250630_204522
1751283879.8950095,10193858,2609627648,2609.627648,221,25,167,6,20250630_204522
1751283879.9049933,10193897,2609637632,2609.637632,226,25,167,6,20250630_204522
1751283879.9149773,10193936,2609647616,2609.647616,231,25,166,6,20250630_204522
1751283879.9252174,10193976,2609657856,2609.657856,237,25,168,6,20250630_204522
1751283879.9352014,10194015,2609667840,2609.66784,243,25,168,6,20250630_204522
1751283879.9451854,10194054,2609677824,2609.677824,248,25,168,6,20250630_204522
1751283879.9551694,10194093,2609687808,2609.687808,254,25,168,6,20250630_204522
1751283879.9651537,10194132,2609697792,2609.697792,5,26,168,6,20250630_204522
1751283879.9751377,10194171,2609707776,2609.707776,11,29,168,6,20250630_204522
1751283879.9851215,10194210,2609717760,2609.71776,17,29,168,6,20250630_204522
1751283879.9951055,10194249,2609727744,2609.727744,22,38,168,6,20250630_204522
1751283880.0050895,10194288,2609737728,2609.737728,28,31,168,6,20250630_204522
1751283880.0150733,10194327,2609747712,2609.747712,33,34,168,6,20250630_204522
1751283880.0250573,10194366,2609757696,2609.757696,38,32,169,6,20250630_204522
1751283880.035041,10194405,2609767680,2609.76768,43,30,168,6,20250630_204522
1751283880.045025,10194444,2609777664,2609.777664,47,29,168,6,20250630_204522
1751283880.0550094,10194483,2609787648,2609.787648,52,28,168,6,20250630_204522
1751283880.0652494,10194523,2609797888,2609.797888,56,27,166,6,20250630_204522
1751283880.0752337,10194562,2609807872,2609.807872,60,26,167,6,20250630_204522
1751283880.0852177,10194601,2609817856,2609.817856,64,26,162,6,20250630_204522
1751283880.0952015,10194640,2609827840,2609.82784,68,26,156,6,20250630_204522
1751283880.1051855,10194679,2609837824,2609.837824,72,25,149,6,20250630_204522
1751283880.1151693,10194718,2609847808,2609.847808,75,25,143,6,20250630_204522
1751283880.1251533,10194757,2609857792,2609.857792,79,25,137,6,20250630_204522
1751283880.135137,10194796,2609867776,2609.867776,83,25,131,6,20250630_204522
1751283880.145121,10194835,2609877760,2609.87776,88,24,127,6,20250630_204522
1751283880.1551054,10194874,2609887744,2609.887744,93,24,126,6,20250630_204522
1751283880.1650894,10194913,2609897728,2609.897728,98,23,122,6,20250630_204522
1751283880.1750734,10194952,2609907712,2609.907712,103,23,120,6,20250630_204522
1751283880.1850574,10194991,2609917696,2609.917696,109,23,119,6,20250630_204522
1751283880.1950414,10195030,2609927680,2609.92768,115,23,120,6,20250630_204522
1751283880.2050254,10195069,2609937664,2609.937664,120,23,120,6,20250630_204522
1751283880.2152655,10195109,2609947904,2609.947904,126,24,119,6,20250630_204522
1751283880.2252493,10195148,2609957888,2609.957888,132,25,120,6,20250630_204522
1751283880.2352333,10195187,2609967872,2609.967872,138,25,120,6,20250630_204522
1751283880.245217,10195226,2609977856,2609.977856,144,27,120,6,20250630_204522
1751283880.255201,10195265,2609987840,2609.98784,149,24,121,6,20250630_204522
1751283880.2651854,10195304,2609997824,2609.997824,154,27,122,6,20250630_204522
1751283880.2751694,10195343,2610007808,2610.007808,160,33,123,6,20250630_204522
1751283880.2851534,10195382,2610017792,2610.017792,165,35,125,6,20250630_204522
1751283880.2951374,10195421,2610027776,2610.027776,169,42,127,6,20250630_204522
1751283880.3051214,10195460,2610037760,2610.03776,174,43,128,6,20250630_204522
1751283880.3151054,10195499,2610047744,2610.047744,178,35,133,6,20250630_204522
1751283880.3250897,10195538,2610057728,2610.057728,182,53,137,6,20250630_204522
1751283880.3350737,10195577,2610067712,2610.067712,186,35,145,6,20250630_204522
1751283880.3450575,10195616,2610077696,2610.077696,190,37,151,6,20250630_204522
1751283880.355297,10195656,2610087936,2610.087936,193,28,158,6,20250630_204522
1751283880.365281,10195695,2610097920,2610.09792,197,23,162,6,20250630_204522
1751283880.3752654,10195734,2610107904,2610.107904,202,23,163,6,20250630_204522
1751283880.3852494,10195773,2610117888,2610.117888,206,23,165,6,20250630_204522
1751283880.3952334,10195812,2610127872,2610.127872,211,23,166,6,20250630_204522
1751283880.4052174,10195851,2610137856,2610.137856,215,23,168,6,20250630_204522
1751283880.4152014,10195890,2610147840,2610.14784,220,24,167,6,20250630_204522
1751283880.4251854,10195929,2610157824,2610.157824,226,24,168,6,20250630_204522
1751283880.4351697,10195968,2610167808,2610.167808,231,25,168,6,20250630_204522
1751283880.4451537,10196007,2610177792,2610.177792,237,24,168,6,20250630_204522
1751283880.4551375,10196046,2610187776,2610.187776,242,24,168,6,20250630_204522
1751283880.4651215,10196085,2610197760,2610.19776,248,26,167,6,20250630_204522
1751283880.4751053,10196124,2610207744,2610.207744,254,25,168,6,20250630_204522
1751283880.4850893,10196163,2610217728,2610.217728,5,25,168,6,20250630_204522
1751283880.4953294,10196203,2610227968,2610.227968,10,25,168,6,20250630_204522
1751283880.5053134,10196242,2610237952,2610.237952,16,25,168,6,20250630_204522
1751283880.5152974,10196281,2610247936,2610.247936,22,36,168,6,20250630_204522
1751283880.5252814,10196320,2610257920,2610.25792,27,36,167,6,20250630_204522
1751283880.5352654,10196359,2610267904,2610.267904,32,36,169,6,20250630_204522
1751283880.5452497,10196398,2610277888,2610.277888,38,30,168,6,20250630_204522
1751283880.5552337,10196437,2610287872,2610.287872,42,29,168,6,20250630_204522
1751283880.5652175,10196476,2610297856,2610.297856,47,30,169,6,20250630_204522
1751283880.5752015,10196515,2610307840,2610.30784,52,28,167,6,20250630_204522
1751283880.5851853,10196554,2610317824,2610.317824,56,27,167,6,20250630_204522
1751283880.5951693,10196593,2610327808,2610.327808,60,25,166,6,20250630_204522
1751283880.605153,10196632,2610337792,2610.337792,64,25,163,6,20250630_204522
1751283880.615137,10196671,2610347776,2610.347776,68,25,157,6,20250630_204522
1751283880.6251214,10196710,2610357760,2610.35776,71,24,151,6,20250630_204522
1751283880.6353614,10196750,2610368000,2610.368,75,24,145,6,20250630_204522
1751283880.6453454,10196789,2610377984,2610.377984,79,24,139,6,20250630_204522
1751283880.6553297,10196828,2610387968,2610.387968,83,24,134,6,20250630_204522
1751283880.6653135,10196867,2610397952,2610.397952,88,23,128,6,20250630_204522
1751283880.6752975,10196906,2610407936,2610.407936,92,23,126,6,20250630_204522
1751283880.6852815,10196945,2610417920,2610.41792,97,23,122,6,20250630_204522
1751283880.6952653,10196984,2610427904,2610.427904,103,23,120,6,20250630_204522
1751283880.7052493,10197023,2610437888,2610.437888,108,22,120,6,20250630_204522
1751283880.715233,10197062,2610447872,2610.447872,114,23,120,6,20250630_204522
1751283880.725217,10197101,2610457856,2610.457856,120,23,122,6,20250630_204522
1751283880.7352014,10197140,2610467840,2610.46784,125,23,121,6,20250630_204522
1751283880.7451854,10197179,2610477824,2610.477824,131,24,119,6,20250630_204522
1751283880.7551694,10197218,2610487808,2610.487808,137,26,119,6,20250630_204522
1751283880.7651534,10197257,2610497792,2610.497792,143,24,120,6,20250630_204522
1751283880.7751374,10197296,2610507776,2610.507776,148,24,121,6,20250630_204522
1751283880.7853775,10197336,2610518016,2610.518016,154,23,123,6,20250630_204522
1751283880.7953615,10197375,2610528000,2610.528,159,25,124,6,20250630_204522
1751283880.8053453,10197414,2610537984,2610.537984,164,28,127,6,20250630_204522
1751283880.8153293,10197453,2610547968,2610.547968,168,31,127,6,20250630_204522
1751283880.825313,10197492,2610557952,2610.557952,173,29,129,6,20250630_204522
1751283880.835297,10197531,2610567936,2610.567936,177,30,134,6,20250630_204522
1751283880.8452814,10197570,2610577920,2610.57792,181,30,142,6,20250630_204522
1751283880.8552654,10197609,2610587904,2610.587904,185,33,150,6,20250630_204522
1751283880.8652494,10197648,2610597888,2610.597888,188,27,156,6,20250630_204522
1751283880.8752334,10197687,2610607872,2610.607872,192,28,161,6,20250630_204522
1751283880.8852174,10197726,2610617856,2610.617856,196,25,163,6,20250630_204522
1751283880.8952014,10197765,2610627840,2610.62784,200,23,164,6,20250630_204522
1751283880.9051857,10197804,2610637824,2610.637824,205,23,168,6,20250630_204522
1751283880.9151697,10197843,2610647808,2610.647808,209,23,168,6,20250630_204522
1751283880.9254093,10197883,2610658048,2610.658048,214,23,167,6,20250630_204522
1751283880.935393,10197922,2610668032,2610.668032,219,23,167,6,20250630_204522
1751283880.945377,10197961,2610678016,2610.678016,224,23,168,6,20250630_204522
1751283880.9553614,10198000,2610688000,2610.688,230,24,168,6,20250630_204522
1751283880.9653454,10198039,2610697984,2610.697984,235,24,168,6,20250630_204522
1751283880.9753294,10198078,2610707968,2610.707968,241,24,168,6,20250630_204522
1751283880.9853134,10198117,2610717952,2610.717952,247,24,168,6,20250630_204522
1751283880.9952974,10198156,2610727936,2610.727936,252,24,168,6,20250630_204522
1751283881.0052814,10198195,2610737920,2610.73792,3,28,168,6,20250630_204522
1751283881.0152657,10198234,2610747904,2610.747904,9,31,168,6,20250630_204522
1751283881.0252495,10198273,2610757888,2610.757888,15,36,168,6,20250630_204522
1751283881.0352335,10198312,2610767872,2610.767872,20,34,168,6,20250630_204522
1751283881.0452175,10198351,2610777856,2610.777856,26,34,169,6,20250630_204522
1751283881.0552013,10198390,2610787840,2610.78784,31,46,168,6,20250630_204522
1751283881.0651853,10198429,2610797824,2610.797824,36,31,168,6,20250630_204522
1751283881.0754254,10198469,2610808064,2610.808064,41,31,168,6,20250630_204522
1751283881.0854094,10198508,2610818048,2610.818048,46,34,168,6,20250630_204522
1751283881.0953934,10198547,2610828032,2610.828032,51,30,168,6,20250630_204522
1751283881.1053774,10198586,2610838016,2610.838016,55,28,168,6,20250630_204522
1751283881.1153617,10198625,2610848000,2610.848,59,28,166,6,20250630_204522
1751283881.1253457,10198664,2610857984,2610.857984,63,26,163,6,20250630_204522
1751283881.1353295,10198703,2610867968,2610.867968,67,25,155,6,20250630_204522
1751283881.1453135,10198742,2610877952,2610.877952,70,24,149,6,20250630_204522
1751283881.1552975,10198781,2610887936,2610.887936,74,24,142,6,20250630_204522
1751283881.1652813,10198820,2610897920,2610.89792,78,24,135,6,20250630_204522
1751283881.1752653,10198859,2610907904,2610.907904,83,24,131,6,20250630_204522
1751283881.185249,10198898,2610917888,2610.917888,87,23,127,6,20250630_204522
1751283881.195233,10198937,2610927872,2610.927872,92,23,124,6,20250630_204522
1751283881.2052174,10198976,2610937856,2610.937856,97,23,120,6,20250630_204522
1751283881.2154574,10199016,2610948096,2610.948096,103,23,119,6,20250630_204522
1751283881.2254417,10199055,2610958080,2610.95808,108,23,120,6,20250630_204522
1751283881.2354257,10199094,2610968064,2610.968064,114,23,120,6,20250630_204522
1751283881.2454095,10199133,2610978048,2610.978048,120,23,121,6,20250630_204522
1751283881.2553935,10199172,2610988032,2610.988032,125,24,118,6,20250630_204522
1751283881.2653775,10199211,2610998016,2610.998016,131,23,119,6,20250630_204522
1751283881.2753613,10199250,2611008000,2611.008,137,23,119,6,20250630_204522
1751283881.2853453,10199289,2611017984,2611.017984,143,23,121,6,20250630_204522
1751283881.295329,10199328,2611027968,2611.027968,148,24,121,6,20250630_204522
1751283881.305313,10199367,2611037952,2611.037952,154,24,122,6,20250630_204522
1751283881.3152974,10199406,2611047936,2611.047936,159,24,123,6,20250630_204522
1751283881.3252814,10199445,2611057920,2611.05792,164,23,124,6,20250630_204522
1751283881.3352654,10199484,2611067904,2611.067904,169,24,125,6,20250630_204522
1751283881.3452494,10199523,2611077888,2611.077888,173,24,127,6,20250630_204522
1751283881.3554895,10199563,2611088128,2611.088128,177,24,131,6,20250630_204522
1751283881.3654735,10199602,2611098112,2611.098112,181,24,136,6,20250630_204522
1751283881.3754573,10199641,2611108096,2611.108096,185,26,144,6,20250630_204522
1751283881.3854413,10199680,2611118080,2611.11808,189,30,152,6,20250630_204522
1751283881.395425,10199719,2611128064,2611.128064,193,25,158,6,20250630_204522
1751283881.405409,10199758,2611138048,2611.138048,197,24,161,6,20250630_204522
1751283881.4153934,10199797,2611148032,2611.148032,201,24,164,6,20250630_204522
1751283881.4253774,10199836,2611158016,2611.158016,205,23,165,6,20250630_204522
1751283881.4353614,10199875,2611168000,2611.168,210,24,168,6,20250630_204522
1751283881.4453454,10199914,2611177984,2611.177984,215,24,167,6,20250630_204522
1751283881.4553294,10199953,2611187968,2611.187968,220,24,167,6,20250630_204522
1751283881.4653134,10199992,2611197952,2611.197952,225,23,168,6,20250630_204522
1751283881.4752977,10200031,2611207936,2611.207936,230,24,168,6,20250630_204522
1751283881.4852817,10200070,2611217920,2611.21792,236,24,167,6,20250630_204522
1751283881.4955213,10200110,2611228160,2611.22816,242,24,168,6,20250630_204522
1751283881.505505,10200149,2611238144,2611.238144,247,24,168,6,20250630_204522
1751283881.515489,10200188,2611248128,2611.248128,253,24,168,6,20250630_204522
1751283881.5254734,10200227,2611258112,2611.258112,4,25,168,6,20250630_204522
1751283881.5354574,10200266,2611268096,2611.268096,10,29,168,6,20250630_204522
1751283881.5454414,10200305,2611278080,2611.27808,15,30,168,6,20250630_204522
1751283881.5554254,10200344,2611288064,2611.288064,21,41,168,6,20250630_204522
1751283881.5654094,10200383,2611298048,2611.298048,27,40,168,6,20250630_204522
1751283881.5753934,10200422,2611308032,2611.308032,32,48,168,6,20250630_204522
1751283881.5853777,10200461,2611318016,2611.318016,37,57,168,6,20250630_204522
1751283881.5953617,10200500,2611328000,2611.328,42,49,168,6,20250630_204522
1751283881.6053455,10200539,2611337984,2611.337984,47,30,167,6,20250630_204522
1751283881.6153295,10200578,2611347968,2611.347968,51,32,168,6,20250630_204522
1751283881.6253135,10200617,2611357952,2611.357952,55,26,167,6,20250630_204522
1751283881.6352973,10200656,2611367936,2611.367936,60,26,166,6,20250630_204522
1751283881.6455374,10200696,2611378176,2611.378176,63,25,162,6,20250630_204522
1751283881.6555214,10200735,2611388160,2611.38816,67,25,155,6,20250630_204522
1751283881.6655054,10200774,2611398144,2611.398144,71,25,148,6,20250630_204522
1751283881.6754894,10200813,2611408128,2611.408128,75,25,142,6,20250630_204522
1751283881.6854734,10200852,2611418112,2611.418112,79,25,136,6,20250630_204522
1751283881.6954577,10200891,2611428096,2611.428096,83,24,130,6,20250630_204522
1751283881.7054417,10200930,2611438080,2611.43808,88,24,127,6,20250630_204522
1751283881.7154255,10200969,2611448064,2611.448064,92,24,123,6,20250630_204522
1751283881.7254095,10201008,2611458048,2611.458048,98,24,120,6,20250630_204522
1751283881.7353933,10201047,2611468032,2611.468032,103,24,119,6,20250630_204522
1751283881.7453773,10201086,2611478016,2611.478016,109,23,119,6,20250630_204522
1751283881.7556174,10201126,2611488256,2611.488256,114,24,120,6,20250630_204522
1751283881.7656014,10201165,2611498240,2611.49824,120,24,121,6,20250630_204522
1751283881.7755854,10201204,2611508224,2611.508224,126,25,120,6,20250630_204522
1751283881.7855694,10201243,2611518208,2611.518208,132,24,119,6,20250630_204522
1751283881.7955534,10201282,2611528192,2611.528192,138,24,119,6,20250630_204522
1751283881.8055377,10201321,2611538176,2611.538176,143,24,120,6,20250630_204522
1751283881.8157773,10201361,2611548416,2611.548416,149,24,121,6,20250630_204522
1751283881.8257613,10201400,2611558400,2611.5584,154,24,122,6,20250630_204522
1751283881.835745,10201439,2611568384,2611.568384,160,25,124,6,20250630_204522
1751283881.8457294,10201478,2611578368,2611.578368,165,25,123,6,20250630_204522
1751283881.8557134,10201517,2611588352,2611.588352,169,25,125,6,20250630_204522
1751283881.8656974,10201556,2611598336,2611.598336,174,25,127,6,20250630_204522
1751283881.8756814,10201595,2611608320,2611.60832,178,27,129,6,20250630_204522
1751283881.8856654,10201634,2611618304,2611.618304,182,34,135,6,20250630_204522
1751283881.8959055,10201674,2611628544,2611.628544,186,30,142,6,20250630_204522
1751283881.9058895,10201713,2611638528,2611.638528,190,26,150,6,20250630_204522
1751283881.9158733,10201752,2611648512,2611.648512,194,27,157,6,20250630_204522
1751283881.9258573,10201791,2611658496,2611.658496,198,27,161,6,20250630_204522
1751283881.935841,10201830,2611668480,2611.66848,202,25,163,6,20250630_204522
1751283881.945825,10201869,2611678464,2611.678464,206,26,163,6,20250630_204522
1751283881.9560654,10201909,2611688704,2611.688704,211,26,166,6,20250630_204522
1751283881.9660494,10201948,2611698688,2611.698688,216,27,168,6,20250630_204522
1751283881.9760334,10201987,2611708672,2611.708672,221,27,166,6,20250630_204522
1751283881.9860177,10202026,2611718656,2611.718656,226,27,167,6,20250630_204522
1751283881.9960015,10202065,2611728640,2611.72864,231,27,168,6,20250630_204522
1751283882.0059855,10202104,2611738624,2611.738624,237,27,167,6,20250630_204522
1751283882.0159695,10202143,2611748608,2611.748608,243,30,168,6,20250630_204522
1751283882.0262094,10202183,2611758848,2611.758848,248,29,168,6,20250630_204522
1751283882.0361934,10202222,2611768832,2611.768832,254,29,168,6,20250630_204522
1751283882.0461774,10202261,2611778816,2611.778816,5,30,168,6,20250630_204522
1751283882.0561614,10202300,2611788800,2611.7888,11,34,168,6,20250630_204522
1751283882.0661454,10202339,2611798784,2611.798784,17,35,168,6,20250630_204522
1751283882.0761294,10202378,2611808768,2611.808768,22,41,168,6,20250630_204522
1751283882.0861137,10202417,2611818752,2611.818752,28,40,168,6,20250630_204522
1751283882.0963533,10202457,2611828992,2611.828992,33,39,168,6,20250630_204522
1751283882.1063373,10202496,2611838976,2611.838976,38,35,168,6,20250630_204522
1751283882.116321,10202535,2611848960,2611.84896,43,33,168,6,20250630_204522
1751283882.126305,10202574,2611858944,2611.858944,48,45,168,6,20250630_204522
1751283882.1362894,10202613,2611868928,2611.868928,52,35,168,6,20250630_204522
1751283882.1462734,10202652,2611878912,2611.878912,56,31,167,6,20250630_204522
1751283882.1562574,10202691,2611888896,2611.888896,60,31,166,6,20250630_204522
1751283882.1662414,10202730,2611898880,2611.89888,64,31,162,6,20250630_204522
1751283882.1762254,10202769,2611908864,2611.908864,68,31,154,6,20250630_204522
1751283882.1864655,10202809,2611919104,2611.919104,72,31,149,6,20250630_204522
1751283882.1964495,10202848,2611929088,2611.929088,76,28,141,6,20250630_204522
1751283882.2064333,10202887,2611939072,2611.939072,80,30,136,6,20250630_204522
1751283882.2164173,10202926,2611949056,2611.949056,84,30,130,6,20250630_204522
1751283882.226401,10202965,2611959040,2611.95904,88,30,127,6,20250630_204522
1751283882.236385,10203004,2611969024,2611.969024,93,30,124,6,20250630_204522
1751283882.2463694,10203043,2611979008,2611.979008,98,30,121,6,20250630_204522
1751283882.2563534,10203082,2611988992,2611.988992,104,30,119,6,20250630_204522
1751283882.2663374,10203121,2611998976,2611.998976,109,30,119,6,20250630_204522
1751283882.2763214,10203160,2612008960,2612.00896,115,30,120,6,20250630_204522
1751283882.2863054,10203199,2612018944,2612.018944,121,29,122,6,20250630_204522
1751283882.2962894,10203238,2612028928,2612.028928,127,30,119,6,20250630_204522
1751283882.3062737,10203277,2612038912,2612.038912,133,30,119,6,20250630_204522
1751283882.3162577,10203316,2612048896,2612.048896,138,30,120,6,20250630_204522
1751283882.3262415,10203355,2612058880,2612.05888,144,30,119,6,20250630_204522
1751283882.336481,10203395,2612069120,2612.06912,150,30,120,6,20250630_204522
1751283882.346465,10203434,2612079104,2612.079104,155,30,122,6,20250630_204522
1751283882.3564494,10203473,2612089088,2612.089088,160,30,122,6,20250630_204522
1751283882.3664334,10203512,2612099072,2612.099072,165,30,125,6,20250630_204522
1751283882.3764174,10203551,2612109056,2612.109056,170,30,127,6,20250630_204522
1751283882.3864014,10203590,2612119040,2612.11904,174,30,127,6,20250630_204522
1751283882.3963854,10203629,2612129024,2612.129024,178,31,131,6,20250630_204522
1751283882.4063694,10203668,2612139008,2612.139008,183,31,137,6,20250630_204522
1751283882.4163537,10203707,2612148992,2612.148992,186,31,144,6,20250630_204522
1751283882.4263377,10203746,2612158976,2612.158976,190,31,152,6,20250630_204522
1751283882.4363215,10203785,2612168960,2612.16896,194,31,158,6,20250630_204522
1751283882.4463055,10203824,2612178944,2612.178944,198,31,162,6,20250630_204522
1751283882.4562893,10203863,2612188928,2612.188928,202,31,164,6,20250630_204522
1751283882.4662733,10203902,2612198912,2612.198912,207,31,165,6,20250630_204522
1751283882.4765134,10203942,2612209152,2612.209152,211,31,167,6,20250630_204522
1751283882.4864974,10203981,2612219136,2612.219136,216,31,167,6,20250630_204522
1751283882.4964814,10204020,2612229120,2612.22912,221,31,166,6,20250630_204522
1751283882.5064654,10204059,2612239104,2612.239104,226,31,167,6,20250630_204522
1751283882.5164497,10204098,2612249088,2612.249088,232,32,167,6,20250630_204522
1751283882.5264337,10204137,2612259072,2612.259072,237,32,167,6,20250630_204522
1751283882.5364175,10204176,2612269056,2612.269056,243,34,168,6,20250630_204522
1751283882.5464015,10204215,2612279040,2612.27904,249,33,167,6,20250630_204522
1751283882.5563855,10204254,2612289024,2612.289024,0,32,167,6,20250630_204522
1751283882.5663693,10204293,2612299008,2612.299008,5,33,168,6,20250630_204522
1751283882.5763533,10204332,2612308992,2612.308992,11,35,168,6,20250630_204522
1751283882.586337,10204371,2612318976,2612.318976,17,37,168,6,20250630_204522
1751283882.596321,10204410,2612328960,2612.32896,23,38,168,6,20250630_204522
1751283882.6063054,10204449,2612338944,2612.338944,28,38,168,6,20250630_204522
1751283882.6162894,10204488,2612348928,2612.348928,33,41,168,6,20250630_204522
1751283882.6265297,10204528,2612359168,2612.359168,38,35,169,6,20250630_204522
1751283882.6365137,10204567,2612369152,2612.369152,43,35,168,6,20250630_204522
1751283882.6464975,10204606,2612379136,2612.379136,48,36,168,6,20250630_204522
1751283882.6564815,10204645,2612389120,2612.38912,52,35,167,6,20250630_204522
1751283882.6664655,10204684,2612399104,2612.399104,57,34,168,6,20250630_204522
1751283882.6764493,10204723,2612409088,2612.409088,61,33,166,6,20250630_204522
1751283882.6864333,10204762,2612419072,2612.419072,64,33,161,6,20250630_204522
1751283882.696417,10204801,2612429056,2612.429056,68,34,154,6,20250630_204522
1751283882.706401,10204840,2612439040,2612.43904,72,35,149,6,20250630_204522
1751283882.7163854,10204879,2612449024,2612.449024,76,33,142,6,20250630_204522
1751283882.7263694,10204918,2612459008,2612.459008,80,33,135,6,20250630_204522
1751283882.7363534,10204957,2612468992,2612.468992,84,33,129,6,20250630_204522
1751283882.7463374,10204996,2612478976,2612.478976,89,32,126,6,20250630_204522
1751283882.7563214,10205035,2612488960,2612.48896,94,33,123,6,20250630_204522
1751283882.7663054,10205074,2612498944,2612.498944,99,33,120,6,20250630_204522
1751283882.7765453,10205114,2612509184,2612.509184,104,32,120,6,20250630_204522
1751283882.7865293,10205153,2612519168,2612.519168,110,33,119,6,20250630_204522
1751283882.7965133,10205192,2612529152,2612.529152,116,32,122,6,20250630_204522
1751283882.806497,10205231,2612539136,2612.539136,121,32,120,6,20250630_204522
1751283882.8164814,10205270,2612549120,2612.54912,127,33,119,6,20250630_204522
1751283882.8264654,10205309,2612559104,2612.559104,133,33,119,6,20250630_204522
1751283882.8364494,10205348,2612569088,2612.569088,139,33,120,6,20250630_204522
1751283882.8464334,10205387,2612579072,2612.579072,144,33,119,6,20250630_204522
1751283882.8564174,10205426,2612589056,2612.589056,150,33,121,6,20250630_204522
1751283882.8664014,10205465,2612599040,2612.59904,155,32,121,6,20250630_204522
1751283882.8763857,10205504,2612609024,2612.609024,161,33,123,6,20250630_204522
1751283882.8863697,10205543,2612619008,2612.619008,165,32,125,6,20250630_204522
1751283882.8963535,10205582,2612628992,2612.628992,170,33,126,6,20250630_204522
1751283882.9063375,10205621,2612638976,2612.638976,175,33,128,6,20250630_204522
1751283882.916577,10205661,2612649216,2612.649216,179,33,131,6,20250630_204522
1751283882.9265614,10205700,2612659200,2612.6592,183,34,136,6,20250630_204522
1751283882.9365454,10205739,2612669184,2612.669184,187,34,143,6,20250630_204522
1751283882.9465294,10205778,2612679168,2612.679168,190,35,151,6,20250630_204522
1751283882.9565134,10205817,2612689152,2612.689152,194,35,157,6,20250630_204522
1751283882.9664974,10205856,2612699136,2612.699136,198,35,161,6,20250630_204522
1751283882.9764814,10205895,2612709120,2612.70912,203,35,164,6,20250630_204522
1751283882.9864657,10205934,2612719104,2612.719104,207,34,165,6,20250630_204522
1751283882.9964497,10205973,2612729088,2612.729088,212,35,167,6,20250630_204522
1751283883.0064335,10206012,2612739072,2612.739072,216,36,166,6,20250630_204522
1751283883.0164175,10206051,2612749056,2612.749056,222,36,167,6,20250630_204522
1751283883.0264015,10206090,2612759040,2612.75904,227,35,168,6,20250630_204522
1751283883.0363853,10206129,2612769024,2612.769024,232,36,167,6,20250630_204522
1751283883.0463693,10206168,2612779008,2612.779008,238,36,168,6,20250630_204522
1751283883.0566094,10206208,2612789248,2612.789248,244,37,168,6,20250630_204522
1751283883.0665934,10206247,2612799232,2612.799232,249,36,167,6,20250630_204522
1751283883.0765774,10206286,2612809216,2612.809216,0,36,168,6,20250630_204522
1751283883.0865614,10206325,2612819200,2612.8192,6,37,168,6,20250630_204522
1751283883.0965457,10206364,2612829184,2612.829184,12,40,169,6,20250630_204522
1751283883.1065297,10206403,2612839168,2612.839168,17,42,168,6,20250630_204522
1751283883.1165135,10206442,2612849152,2612.849152,23,43,168,6,20250630_204522
1751283883.1264975,10206481,2612859136,2612.859136,28,40,168,6,20250630_204522
1751283883.1364813,10206520,2612869120,2612.86912,34,39,168,6,20250630_204522
1751283883.1464653,10206559,2612879104,2612.879104,39,39,168,6,20250630_204522
1751283883.1564493,10206598,2612889088,2612.889088,44,39,168,6,20250630_204522
1751283883.166433,10206637,2612899072,2612.899072,48,39,168,6,20250630_204522
1751283883.1764174,10206676,2612909056,2612.909056,53,37,168,6,20250630_204522
1751283883.1864014,10206715,2612919040,2612.91904,57,38,168,6,20250630_204522
1751283883.1963854,10206754,2612929024,2612.929024,61,37,166,6,20250630_204522
1751283883.2066257,10206794,2612939264,2612.939264,65,38,161,6,20250630_204522
1751283883.2166097,10206833,2612949248,2612.949248,68,38,154,6,20250630_204522
1751283883.2265935,10206872,2612959232,2612.959232,72,38,147,6,20250630_204522
1751283883.2365775,10206911,2612969216,2612.969216,76,37,141,6,20250630_204522
1751283883.2465613,10206950,2612979200,2612.9792,80,37,134,6,20250630_204522
1751283883.2565453,10206989,2612989184,2612.989184,84,37,129,6,20250630_204522
1751283883.266529,10207028,2612999168,2612.999168,89,37,127,6,20250630_204522
1751283883.276513,10207067,2613009152,2613.009152,94,37,123,6,20250630_204522
1751283883.2864974,10207106,2613019136,2613.019136,99,36,120,6,20250630_204522
1751283883.2964814,10207145,2613029120,2613.02912,105,37,119,6,20250630_204522
1751283883.3064654,10207184,2613039104,2613.039104,110,36,121,6,20250630_204522
1751283883.3164494,10207223,2613049088,2613.049088,116,36,121,6,20250630_204522
1751283883.3264334,10207262,2613059072,2613.059072,122,36,120,6,20250630_204522
1751283883.3364174,10207301,2613069056,2613.069056,128,36,119,6,20250630_204522
1751283883.3466575,10207341,2613079296,2613.079296,133,37,120,6,20250630_204522
1751283883.3566413,10207380,2613089280,2613.08928,139,36,119,6,20250630_204522
1751283883.3666253,10207419,2613099264,2613.099264,145,36,120,6,20250630_204522
1751283883.376609,10207458,2613109248,2613.109248,150,36,121,6,20250630_204522
1751283883.386593,10207497,2613119232,2613.119232,156,36,122,6,20250630_204522
1751283883.3965774,10207536,2613129216,2613.129216,161,36,122,6,20250630_204522
1751283883.4065614,10207575,2613139200,2613.1392,166,37,125,6,20250630_204522
1751283883.4165454,10207614,2613149184,2613.149184,170,36,127,6,20250630_204522
1751283883.4265294,10207653,2613159168,2613.159168,175,36,127,6,20250630_204522
1751283883.4365134,10207692,2613169152,2613.169152,179,36,131,6,20250630_204522
1751283883.4464974,10207731,2613179136,2613.179136,183,38,137,6,20250630_204522
1751283883.4564817,10207770,2613189120,2613.18912,187,38,145,6,20250630_204522
1751283883.4664657,10207809,2613199104,2613.199104,191,38,152,6,20250630_204522
1751283883.4764495,10207848,2613209088,2613.209088,195,39,158,6,20250630_204522
1751283883.486689,10207888,2613219328,2613.219328,199,39,162,6,20250630_204522
1751283883.496673,10207927,2613229312,2613.229312,203,39,164,6,20250630_204522
1751283883.5066574,10207966,2613239296,2613.239296,207,39,165,6,20250630_204522
1751283883.5166414,10208005,2613249280,2613.24928,212,39,166,6,20250630_204522
1751283883.5266254,10208044,2613259264,2613.259264,217,39,167,6,20250630_204522
1751283883.5366094,10208083,2613269248,2613.269248,222,40,167,6,20250630_204522
1751283883.5465934,10208122,2613279232,2613.279232,227,40,169,6,20250630_204522
1751283883.5565774,10208161,2613289216,2613.289216,233,40,167,6,20250630_204522
1751283883.5665617,10208200,2613299200,2613.2992,238,40,168,6,20250630_204522
1751283883.5765457,10208239,2613309184,2613.309184,244,41,168,6,20250630_204522
1751283883.5865295,10208278,2613319168,2613.319168,250,40,168,6,20250630_204522
1751283883.5965135,10208317,2613329152,2613.329152,1,41,168,6,20250630_204522
1751283883.6064973,10208356,2613339136,2613.339136,6,41,169,6,20250630_204522
1751283883.6164813,10208395,2613349120,2613.34912,12,42,168,6,20250630_204522
1751283883.626465,10208434,2613359104,2613.359104,18,43,169,6,20250630_204522
1751283883.6367054,10208474,2613369344,2613.369344,23,43,169,6,20250630_204522
1751283883.6466894,10208513,2613379328,2613.379328,29,42,168,6,20250630_204522
1751283883.6566734,10208552,2613389312,2613.389312,34,42,169,6,20250630_204522
1751283883.6666574,10208591,2613399296,2613.399296,39,42,169,6,20250630_204522
1751283883.6766417,10208630,2613409280,2613.40928,44,43,168,6,20250630_204522
1751283883.6866257,10208669,2613419264,2613.419264,49,42,168,6,20250630_204522
1751283883.6966095,10208708,2613429248,2613.429248,53,42,168,6,20250630_204522
1751283883.7065935,10208747,2613439232,2613.439232,57,41,167,6,20250630_204522
1751283883.7165773,10208786,2613449216,2613.449216,61,41,166,6,20250630_204522
1751283883.7265613,10208825,2613459200,2613.4592,65,41,162,6,20250630_204522
1751283883.736545,10208864,2613469184,2613.469184,69,41,156,6,20250630_204522
1751283883.746529,10208903,2613479168,2613.479168,72,42,150,6,20250630_204522
1751283883.7565134,10208942,2613489152,2613.489152,76,41,142,6,20250630_204522
1751283883.7664974,10208981,2613499136,2613.499136,80,41,137,6,20250630_204522
1751283883.7767377,10209021,2613509376,2613.509376,84,41,131,6,20250630_204522
1751283883.7867217,10209060,2613519360,2613.51936,89,41,127,6,20250630_204522
1751283883.7967055,10209099,2613529344,2613.529344,94,41,125,6,20250630_204522
1751283883.8066895,10209138,2613539328,2613.539328,99,40,122,6,20250630_204522
1751283883.8166735,10209177,2613549312,2613.549312,104,40,118,6,20250630_204522
1751283883.8266573,10209216,2613559296,2613.559296,110,40,119,6,20250630_204522
1751283883.8366413,10209255,2613569280,2613.56928,116,41,120,6,20250630_204522
1751283883.846625,10209294,2613579264,2613.579264,122,40,120,6,20250630_204522
1751283883.856609,10209333,2613589248,2613.589248,127,40,119,6,20250630_204522
1751283883.8665934,10209372,2613599232,2613.599232,133,39,120,6,20250630_204522
1751283883.8765774,10209411,2613609216,2613.609216,139,39,119,6,20250630_204522
1751283883.8865614,10209450,2613619200,2613.6192,145,40,120,6,20250630_204522
1751283883.8965454,10209489,2613629184,2613.629184,150,41,120,6,20250630_204522
1751283883.9065294,10209528,2613639168,2613.639168,156,40,122,6,20250630_204522
1751283883.9165134,10209567,2613649152,2613.649152,161,40,123,6,20250630_204522
1751283883.9267535,10209607,2613659392,2613.659392,166,40,126,6,20250630_204522
1751283883.9367373,10209646,2613669376,2613.669376,170,40,127,6,20250630_204522
1751283883.9467213,10209685,2613679360,2613.67936,175,40,129,6,20250630_204522
1751283883.956705,10209724,2613689344,2613.689344,179,40,133,6,20250630_204522
1751283883.966689,10209763,2613699328,2613.699328,183,41,138,6,20250630_204522
1751283883.9766734,10209802,2613709312,2613.709312,187,42,145,6,20250630_204522
1751283883.9866574,10209841,2613719296,2613.719296,190,42,153,6,20250630_204522
1751283883.9966414,10209880,2613729280,2613.72928,194,42,160,6,20250630_204522
1751283884.0066254,10209919,2613739264,2613.739264,198,43,161,6,20250630_204522
1751283884.0166094,10209958,2613749248,2613.749248,203,43,163,6,20250630_204522
1751283884.0265934,10209997,2613759232,2613.759232,207,42,166,6,20250630_204522
1751283884.0365777,10210036,2613769216,2613.769216,212,43,167,6,20250630_204522
1751283884.0465617,10210075,2613779200,2613.7792,216,42,167,6,20250630_204522
1751283884.0565455,10210114,2613789184,2613.789184,222,43,167,6,20250630_204522
1751283884.066785,10210154,2613799424,2613.799424,227,43,168,6,20250630_204522
1751283884.0767694,10210193,2613809408,2613.809408,232,44,168,6,20250630_204522
1751283884.0867534,10210232,2613819392,2613.819392,238,45,168,6,20250630_204522
1751283884.0967374,10210271,2613829376,2613.829376,244,44,168,6,20250630_204522
1751283884.1067214,10210310,2613839360,2613.83936,249,45,168,6,20250630_204522
1751283884.1167054,10210349,2613849344,2613.849344,0,45,168,6,20250630_204522
1751283884.1266894,10210388,2613859328,2613.859328,6,46,169,6,20250630_204522
1751283884.1366737,10210427,2613869312,2613.869312,12,46,170,6,20250630_204522
1751283884.1466577,10210466,2613879296,2613.879296,17,46,169,6,20250630_204522
1751283884.1566415,10210505,2613889280,2613.88928,23,46,168,6,20250630_204522
1751283884.1666255,10210544,2613899264,2613.899264,28,46,168,6,20250630_204522
1751283884.1766095,10210583,2613909248,2613.909248,34,47,169,6,20250630_204522
1751283884.1865933,10210622,2613919232,2613.919232,39,47,168,6,20250630_204522
1751283884.1965773,10210661,2613929216,2613.929216,44,46,168,6,20250630_204522
1751283884.2068174,10210701,2613939456,2613.939456,48,46,168,6,20250630_204522
1751283884.2168014,10210740,2613949440,2613.94944,53,46,168,6,20250630_204522
1751283884.2267854,10210779,2613959424,2613.959424,57,46,168,6,20250630_204522
1751283884.2367694,10210818,2613969408,2613.969408,61,45,164,6,20250630_204522
1751283884.2467537,10210857,2613979392,2613.979392,65,45,158,6,20250630_204522
1751283884.2567377,10210896,2613989376,2613.989376,69,45,151,6,20250630_204522
1751283884.2667215,10210935,2613999360,2613.99936,72,46,143,6,20250630_204522
1751283884.2767055,10210974,2614009344,2614.009344,76,46,137,6,20250630_204522
1751283884.2866895,10211013,2614019328,2614.019328,80,46,131,6,20250630_204522
1751283884.2966733,10211052,2614029312,2614.029312,85,45,127,6,20250630_204522
1751283884.3066573,10211091,2614039296,2614.039296,90,45,124,6,20250630_204522
1751283884.316641,10211130,2614049280,2614.04928,95,45,119,6,20250630_204522
1751283884.326625,10211169,2614059264,2614.059264,100,44,119,6,20250630_204522
1751283884.3366094,10211208,2614069248,2614.069248,106,44,120,6,20250630_204522
1751283884.3465934,10211247,2614079232,2614.079232,111,44,121,6,20250630_204522
1751283884.3568337,10211287,2614089472,2614.089472,117,43,122,6,20250630_204522
1751283884.3668177,10211326,2614099456,2614.099456,123,44,120,6,20250630_204522
1751283884.3768015,10211365,2614109440,2614.10944,128,44,120,6,20250630_204522
1751283884.3867855,10211404,2614119424,2614.119424,134,43,119,6,20250630_204522
1751283884.3967693,10211443,2614129408,2614.129408,140,43,119,6,20250630_204522
1751283884.4067533,10211482,2614139392,2614.139392,146,43,121,6,20250630_204522
1751283884.4167373,10211521,2614149376,2614.149376,151,42,123,6,20250630_204522
1751283884.426721,10211560,2614159360,2614.15936,156,43,123,6,20250630_204522
1751283884.4367054,10211599,2614169344,2614.169344,161,43,124,6,20250630_204522
1751283884.4466894,10211638,2614179328,2614.179328,166,43,126,6,20250630_204522
1751283884.4566734,10211677,2614189312,2614.189312,171,42,127,6,20250630_204522
1751283884.4666574,10211716,2614199296,2614.199296,175,43,130,6,20250630_204522
1751283884.4766414,10211755,2614209280,2614.20928,179,43,137,6,20250630_204522
1751283884.4866254,10211794,2614219264,2614.219264,183,44,144,6,20250630_204522
1751283884.4968655,10211834,2614229504,2614.229504,187,45,151,6,20250630_204522
1751283884.5068493,10211873,2614239488,2614.239488,191,45,157,6,20250630_204522
1751283884.5168333,10211912,2614249472,2614.249472,195,46,161,6,20250630_204522
1751283884.526817,10211951,2614259456,2614.259456,199,45,163,6,20250630_204522
1751283884.536801,10211990,2614269440,2614.26944,203,45,165,6,20250630_204522
1751283884.5467854,10212029,2614279424,2614.279424,207,46,166,6,20250630_204522
1751283884.5567694,10212068,2614289408,2614.289408,212,46,167,6,20250630_204522
1751283884.5667534,10212107,2614299392,2614.299392,217,47,167,6,20250630_204522
1751283884.5767374,10212146,2614309376,2614.309376,222,47,167,6,20250630_204522
1751283884.5867214,10212185,2614319360,2614.31936,227,48,168,6,20250630_204522
1751283884.5967054,10212224,2614329344,2614.329344,233,48,168,6,20250630_204522
1751283884.6066897,10212263,2614339328,2614.339328,238,49,168,6,20250630_204522
1751283884.6166737,10212302,2614349312,2614.349312,244,51,168,6,20250630_204522
1751283884.6266575,10212341,2614359296,2614.359296,250,49,169,6,20250630_204522
1751283884.6366415,10212380,2614369280,2614.36928,1,53,168,6,20250630_204522
1751283884.646881,10212420,2614379520,2614.37952,7,58,168,6,20250630_204522
1751283884.6568654,10212459,2614389504,2614.389504,12,74,168,6,20250630_204522
1751283884.6668494,10212498,2614399488,2614.399488,18,60,169,6,20250630_204522
1751283884.6768334,10212537,2614409472,2614.409472,24,57,168,6,20250630_204522
1751283884.6868174,10212576,2614419456,2614.419456,29,52,168,6,20250630_204522
1751283884.6968014,10212615,2614429440,2614.42944,34,57,168,6,20250630_204522
1751283884.7067854,10212654,2614439424,2614.439424,39,60,168,6,20250630_204522
1751283884.7167697,10212693,2614449408,2614.449408,44,56,168,6,20250630_204522
1751283884.7267537,10212732,2614459392,2614.459392,49,50,168,6,20250630_204522
1751283884.7367375,10212771,2614469376,2614.469376,53,50,168,6,20250630_204522
1751283884.7467215,10212810,2614479360,2614.47936,57,50,166,6,20250630_204522
1751283884.7567053,10212849,2614489344,2614.489344,61,50,162,6,20250630_204522
1751283884.7666893,10212888,2614499328,2614.499328,65,50,155,6,20250630_204522
1751283884.7766733,10212927,2614509312,2614.509312,69,51,148,6,20250630_204522
1751283884.7869134,10212967,2614519552,2614.519552,73,49,142,6,20250630_204522
1751283884.7968974,10213006,2614529536,2614.529536,77,50,135,6,20250630_204522
1751283884.8068814,10213045,2614539520,2614.53952,81,49,128,6,20250630_204522
1751283884.8168654,10213084,2614549504,2614.549504,85,48,127,6,20250630_204522
1751283884.8268497,10213123,2614559488,2614.559488,90,48,122,6,20250630_204522
1751283884.8368337,10213162,2614569472,2614.569472,95,47,120,6,20250630_204522
1751283884.8468175,10213201,2614579456,2614.579456,101,47,120,6,20250630_204522
1751283884.8568015,10213240,2614589440,2614.58944,106,47,119,6,20250630_204522
1751283884.8667853,10213279,2614599424,2614.599424,112,47,121,6,20250630_204522
1751283884.8767693,10213318,2614609408,2614.609408,117,46,122,6,20250630_204522
1751283884.886753,10213357,2614619392,2614.619392,123,46,120,6,20250630_204522
1751283884.896737,10213396,2614629376,2614.629376,129,46,119,6,20250630_204522
1751283884.9067214,10213435,2614639360,2614.63936,135,47,119,6,20250630_204522
1751283884.9167054,10213474,2614649344,2614.649344,141,46,120,6,20250630_204522
1751283884.9269454,10213514,2614659584,2614.659584,146,46,121,6,20250630_204522
1751283884.9369297,10213553,2614669568,2614.669568,152,45,122,6,20250630_204522
1751283884.9469137,10213592,2614679552,2614.679552,157,46,123,6,20250630_204522
1751283884.9568975,10213631,2614689536,2614.689536,162,45,124,6,20250630_204522
1751283884.9668815,10213670,2614699520,2614.69952,167,46,126,6,20250630_204522
1751283884.9768653,10213709,2614709504,2614.709504,171,46,127,6,20250630_204522
1751283884.9868493,10213748,2614719488,2614.719488,176,47,130,6,20250630_204522
1751283884.996833,10213787,2614729472,2614.729472,180,47,135,6,20250630_204522
1751283885.006817,10213826,2614739456,2614.739456,184,48,143,6,20250630_204522
1751283885.0168014,10213865,2614749440,2614.74944,188,49,150,6,20250630_204522
1751283885.0267854,10213904,2614759424,2614.759424,191,49,157,6,20250630_204522
1751283885.0367694,10213943,2614769408,2614.769408,195,50,162,6,20250630_204522
1751283885.0467534,10213982,2614779392,2614.779392,199,49,163,6,20250630_204522
1751283885.0567374,10214021,2614789376,2614.789376,204,49,165,6,20250630_204522
1751283885.0667214,10214060,2614799360,2614.79936,208,49,166,6,20250630_204522
1751283885.0769615,10214100,2614809600,2614.8096,213,49,167,6,20250630_204522
1751283885.0869453,10214139,2614819584,2614.819584,218,49,167,6,20250630_204522
1751283885.0969293,10214178,2614829568,2614.829568,223,50,168,6,20250630_204522
1751283885.106913,10214217,2614839552,2614.839552,228,51,168,6,20250630_204522
1751283885.116897,10214256,2614849536,2614.849536,234,51,167,6,20250630_204522
1751283885.1268814,10214295,2614859520,2614.85952,239,52,168,6,20250630_204522
1751283885.1368654,10214334,2614869504,2614.869504,245,52,168,6,20250630_204522
1751283885.1468494,10214373,2614879488,2614.879488,251,53,168,6,20250630_204522
1751283885.1568334,10214412,2614889472,2614.889472,2,80,168,6,20250630_204522
1751283885.1668174,10214451,2614899456,2614.899456,8,115,168,6,20250630_204522
1751283885.1768014,10214490,2614909440,2614.90944,13,109,169,6,20250630_204522
1751283885.1867857,10214529,2614919424,2614.919424,19,82,168,6,20250630_204522
1751283885.1967697,10214568,2614929408,2614.929408,24,71,169,6,20250630_204522
1751283885.2067535,10214607,2614939392,2614.939392,30,60,169,6,20250630_204522
1751283885.216993,10214647,2614949632,2614.949632,35,65,169,6,20250630_204522
1751283885.226977,10214686,2614959616,2614.959616,40,54,169,6,20250630_204522
1751283885.2369614,10214725,2614969600,2614.9696,45,54,169,6,20250630_204522
1751283885.2469454,10214764,2614979584,2614.979584,49,54,169,6,20250630_204522
1751283885.2569294,10214803,2614989568,2614.989568,54,53,168,6,20250630_204522
1751283885.2669134,10214842,2614999552,2614.999552,58,53,167,6,20250630_204522
1751283885.2768974,10214881,2615009536,2615.009536,62,53,165,6,20250630_204522
1751283885.2868814,10214920,2615019520,2615.01952,66,53,160,6,20250630_204522
1751283885.2968657,10214959,2615029504,2615.029504,69,53,154,6,20250630_204522
1751283885.3068497,10214998,2615039488,2615.039488,73,53,147,6,20250630_204522
1751283885.3168335,10215037,2615049472,2615.049472,77,52,138,6,20250630_204522
1751283885.3268175,10215076,2615059456,2615.059456,81,53,133,6,20250630_204522
1751283885.3368013,10215115,2615069440,2615.06944,86,51,127,6,20250630_204522
1751283885.3467853,10215154,2615079424,2615.079424,90,50,126,6,20250630_204522
1751283885.3570254,10215194,2615089664,2615.089664,95,50,122,6,20250630_204522
1751283885.3670094,10215233,2615099648,2615.099648,101,49,120,6,20250630_204522
1751283885.3769934,10215272,2615109632,2615.109632,106,49,120,6,20250630_204522
1751283885.3869774,10215311,2615119616,2615.119616,112,49,120,6,20250630_204522
1751283885.3969617,10215350,2615129600,2615.1296,117,49,120,6,20250630_204522
1751283885.4069457,10215389,2615139584,2615.139584,123,49,122,6,20250630_204522
1751283885.4169295,10215428,2615149568,2615.149568,129,49,120,6,20250630_204522
1751283885.4269135,10215467,2615159552,2615.159552,135,49,118,6,20250630_204522
1751283885.4368975,10215506,2615169536,2615.169536,141,48,120,6,20250630_204522
1751283885.4468813,10215545,2615179520,2615.17952,146,48,120,6,20250630_204522
1751283885.4568653,10215584,2615189504,2615.189504,152,48,122,6,20250630_204522
1751283885.466849,10215623,2615199488,2615.199488,157,48,123,6,20250630_204522
1751283885.476833,10215662,2615209472,2615.209472,162,48,124,6,20250630_204522
1751283885.4868174,10215701,2615219456,2615.219456,167,48,127,6,20250630_204522
1751283885.4968014,10215740,2615229440,2615.22944,171,48,127,6,20250630_204522
1751283885.5070417,10215780,2615239680,2615.23968,176,48,130,6,20250630_204522
1751283885.5170257,10215819,2615249664,2615.249664,180,49,135,6,20250630_204522
1751283885.5270095,10215858,2615259648,2615.259648,184,50,142,6,20250630_204522
1751283885.5369935,10215897,2615269632,2615.269632,188,50,151,6,20250630_204522
1751283885.5469775,10215936,2615279616,2615.279616,191,51,157,6,20250630_204522
1751283885.5569613,10215975,2615289600,2615.2896,195,50,161,6,20250630_204522
1751283885.5669453,10216014,2615299584,2615.299584,199,51,164,6,20250630_204522
1751283885.576929,10216053,2615309568,2615.309568,204,50,165,6,20250630_204522
1751283885.586913,10216092,2615319552,2615.319552,208,51,167,6,20250630_204522
1751283885.5968974,10216131,2615329536,2615.329536,213,52,166,6,20250630_204522
1751283885.6068814,10216170,2615339520,2615.33952,218,53,167,6,20250630_204522
1751283885.6168654,10216209,2615349504,2615.349504,223,53,167,6,20250630_204522
1751283885.6268494,10216248,2615359488,2615.359488,228,54,168,6,20250630_204522
1751283885.6368334,10216287,2615369472,2615.369472,234,54,168,6,20250630_204522
1751283885.6470735,10216327,2615379712,2615.379712,239,53,168,6,20250630_204522
1751283885.6570573,10216366,2615389696,2615.389696,245,54,167,6,20250630_204522
1751283885.6670413,10216405,2615399680,2615.39968,251,58,168,6,20250630_204522
1751283885.6770253,10216444,2615409664,2615.409664,2,118,168,6,20250630_204522
1751283885.687009,10216483,2615419648,2615.419648,7,149,169,6,20250630_204522
1751283885.6969934,10216522,2615429632,2615.429632,13,172,169,6,20250630_204522
1751283885.7069774,10216561,2615439616,2615.439616,19,116,169,6,20250630_204522
1751283885.7169614,10216600,2615449600,2615.4496,24,106,169,6,20250630_204522
1751283885.7269454,10216639,2615459584,2615.459584,30,75,168,6,20250630_204522
1751283885.7369294,10216678,2615469568,2615.469568,35,72,168,6,20250630_204522
1751283885.7469134,10216717,2615479552,2615.479552,40,61,168,6,20250630_204522
1751283885.7568974,10216756,2615489536,2615.489536,45,58,168,6,20250630_204522
1751283885.7668817,10216795,2615499520,2615.49952,49,57,168,6,20250630_204522
1751283885.7768655,10216834,2615509504,2615.509504,54,62,167,6,20250630_204522
1751283885.787105,10216874,2615519744,2615.519744,58,56,164,6,20250630_204522
1751283885.797089,10216913,2615529728,2615.529728,62,58,162,6,20250630_204522
1751283885.8070734,10216952,2615539712,2615.539712,66,59,156,6,20250630_204522
1751283885.8170574,10216991,2615549696,2615.549696,69,64,149,6,20250630_204522
1751283885.8270414,10217030,2615559680,2615.55968,73,55,143,6,20250630_204522
1751283885.8370254,10217069,2615569664,2615.569664,77,54,135,6,20250630_204522
1751283885.8470094,10217108,2615579648,2615.579648,81,54,129,6,20250630_204522
1751283885.8569934,10217147,2615589632,2615.589632,86,53,126,6,20250630_204522
1751283885.8669777,10217186,2615599616,2615.599616,91,52,125,6,20250630_204522
1751283885.8769617,10217225,2615609600,2615.6096,96,52,119,6,20250630_204522
1751283885.8869455,10217264,2615619584,2615.619584,101,51,120,6,20250630_204522
1751283885.8969295,10217303,2615629568,2615.629568,107,51,120,6,20250630_204522
1751283885.9069135,10217342,2615639552,2615.639552,112,50,120,6,20250630_204522
1751283885.9168973,10217381,2615649536,2615.649536,118,50,120,6,20250630_204522
1751283885.9268813,10217420,2615659520,2615.65952,124,50,120,6,20250630_204522
1751283885.9371214,10217460,2615669760,2615.66976,130,50,119,6,20250630_204522
1751283885.9471054,10217499,2615679744,2615.679744,136,50,120,6,20250630_204522
1751283885.9570894,10217538,2615689728,2615.689728,141,49,119,6,20250630_204522
1751283885.9670734,10217577,2615699712,2615.699712,147,49,122,6,20250630_204522
1751283885.9770577,10217616,2615709696,2615.709696,152,49,122,6,20250630_204522
1751283885.9870417,10217655,2615719680,2615.71968,158,49,122,6,20250630_204522
1751283885.9970255,10217694,2615729664,2615.729664,163,49,125,6,20250630_204522
1751283886.0070095,10217733,2615739648,2615.739648,167,48,127,6,20250630_204522
1751283886.0169933,10217772,2615749632,2615.749632,172,49,128,6,20250630_204522
1751283886.0269773,10217811,2615759616,2615.759616,176,49,130,6,20250630_204522
1751283886.0369613,10217850,2615769600,2615.7696,180,49,136,6,20250630_204522
1751283886.046945,10217889,2615779584,2615.779584,184,50,143,6,20250630_204522
1751283886.056929,10217928,2615789568,2615.789568,188,51,152,6,20250630_204522
1751283886.0669134,10217967,2615799552,2615.799552,192,52,157,6,20250630_204522
1751283886.0771534,10218007,2615809792,2615.809792,196,52,162,6,20250630_204522
1751283886.0871377,10218046,2615819776,2615.819776,200,52,164,6,20250630_204522
1751283886.0971217,10218085,2615829760,2615.82976,204,52,165,6,20250630_204522
1751283886.1071055,10218124,2615839744,2615.839744,209,53,167,6,20250630_204522
1751283886.1170895,10218163,2615849728,2615.849728,213,54,167,6,20250630_204522
1751283886.1270733,10218202,2615859712,2615.859712,218,55,167,6,20250630_204522
1751283886.1370573,10218241,2615869696,2615.869696,223,60,168,6,20250630_204522
1751283886.147041,10218280,2615879680,2615.87968,229,56,167,6,20250630_204522
1751283886.157025,10218319,2615889664,2615.889664,234,54,168,6,20250630_204522
1751283886.1670094,10218358,2615899648,2615.899648,240,55,168,6,20250630_204522
1751283886.1769934,10218397,2615909632,2615.909632,245,58,168,6,20250630_204522
1751283886.1869774,10218436,2615919616,2615.919616,251,63,168,6,20250630_204522
1751283886.1969614,10218475,2615929600,2615.9296,2,62,168,6,20250630_204522
1751283886.2069454,10218514,2615939584,2615.939584,8,97,168,6,20250630_204522
1751283886.2169294,10218553,2615949568,2615.949568,14,103,169,6,20250630_204522
1751283886.2271695,10218593,2615959808,2615.959808,19,105,168,6,20250630_204522
1751283886.2371533,10218632,2615969792,2615.969792,25,97,169,6,20250630_204522
1751283886.2471373,10218671,2615979776,2615.979776,30,90,169,6,20250630_204522
1751283886.257121,10218710,2615989760,2615.98976,35,76,168,6,20250630_204522
1751283886.267105,10218749,2615999744,2615.999744,40,72,168,6,20250630_204522
1751283886.2770894,10218788,2616009728,2616.009728,45,69,168,6,20250630_204522
1751283886.2870734,10218827,2616019712,2616.019712,50,58,168,6,20250630_204522
1751283886.2970574,10218866,2616029696,2616.029696,54,57,167,6,20250630_204522
1751283886.3070414,10218905,2616039680,2616.03968,58,63,165,6,20250630_204522
1751283886.3170254,10218944,2616049664,2616.049664,62,69,161,6,20250630_204522
1751283886.3270094,10218983,2616059648,2616.059648,66,80,154,6,20250630_204522
1751283886.3369937,10219022,2616069632,2616.069632,70,62,148,6,20250630_204522
1751283886.3469777,10219061,2616079616,2616.079616,74,56,142,6,20250630_204522
1751283886.3569615,10219100,2616089600,2616.0896,78,55,134,6,20250630_204522
1751283886.367201,10219140,2616099840,2616.09984,82,55,129,6,20250630_204522
1751283886.377185,10219179,2616109824,2616.109824,86,54,126,6,20250630_204522
1751283886.3871694,10219218,2616119808,2616.119808,91,54,123,6,20250630_204522
1751283886.3971534,10219257,2616129792,2616.129792,96,53,120,6,20250630_204522
1751283886.4071374,10219296,2616139776,2616.139776,102,53,119,6,20250630_204522
1751283886.4171214,10219335,2616149760,2616.14976,107,51,120,6,20250630_204522
1751283886.4271054,10219374,2616159744,2616.159744,113,50,120,6,20250630_204522
1751283886.4370894,10219413,2616169728,2616.169728,119,50,122,6,20250630_204522
1751283886.4470737,10219452,2616179712,2616.179712,124,50,119,6,20250630_204522
1751283886.4570577,10219491,2616189696,2616.189696,130,50,119,6,20250630_204522
1751283886.4670415,10219530,2616199680,2616.19968,136,49,117,6,20250630_204522
1751283886.4770255,10219569,2616209664,2616.209664,142,49,120,6,20250630_204522
1751283886.4870093,10219608,2616219648,2616.219648,148,49,120,6,20250630_204522
1751283886.4969933,10219647,2616229632,2616.229632,153,49,122,6,20250630_204522
1751283886.506977,10219686,2616239616,2616.239616,158,48,122,6,20250630_204522
1751283886.5172174,10219726,2616249856,2616.249856,163,49,124,6,20250630_204522
1751283886.5272014,10219765,2616259840,2616.25984,168,49,126,6,20250630_204522
1751283886.5371854,10219804,2616269824,2616.269824,172,49,128,6,20250630_204522
1751283886.5471694,10219843,2616279808,2616.279808,177,49,130,6,20250630_204522
1751283886.5571537,10219882,2616289792,2616.289792,181,49,136,6,20250630_204522
1751283886.5671377,10219921,2616299776,2616.299776,185,50,145,6,20250630_204522
1751283886.5771215,10219960,2616309760,2616.30976,188,51,152,6,20250630_204522
1751283886.5871055,10219999,2616319744,2616.319744,192,52,159,6,20250630_204522
1751283886.5970893,10220038,2616329728,2616.329728,196,52,162,6,20250630_204522
1751283886.6070733,10220077,2616339712,2616.339712,200,52,164,6,20250630_204522
1751283886.617057,10220116,2616349696,2616.349696,205,52,166,6,20250630_204522
1751283886.627041,10220155,2616359680,2616.35968,209,53,166,6,20250630_204522
1751283886.6370254,10220194,2616369664,2616.369664,214,56,167,6,20250630_204522
1751283886.6470094,10220233,2616379648,2616.379648,219,63,167,6,20250630_204522
1751283886.6572497,10220273,2616389888,2616.389888,224,72,168,6,20250630_204522
1751283886.6672337,10220312,2616399872,2616.399872,229,58,167,6,20250630_204522
1751283886.6772175,10220351,2616409856,2616.409856,235,58,167,6,20250630_204522
1751283886.6872015,10220390,2616419840,2616.41984,240,59,167,6,20250630_204522
1751283886.6971855,10220429,2616429824,2616.429824,246,61,168,6,20250630_204522
1751283886.7071693,10220468,2616439808,2616.439808,252,69,168,6,20250630_204522
1751283886.7171533,10220507,2616449792,2616.449792,3,74,168,6,20250630_204522
1751283886.727137,10220546,2616459776,2616.459776,9,120,169,6,20250630_204522
1751283886.737121,10220585,2616469760,2616.46976,14,104,169,6,20250630_204522
1751283886.7471054,10220624,2616479744,2616.479744,20,81,168,6,20250630_204522
1751283886.7570894,10220663,2616489728,2616.489728,26,78,169,6,20250630_204522
1751283886.7670734,10220702,2616499712,2616.499712,31,95,168,6,20250630_204522
1751283886.7770574,10220741,2616509696,2616.509696,36,118,168,6,20250630_204522
1751283886.7870414,10220780,2616519680,2616.51968,41,89,170,6,20250630_204522
1751283886.7970254,10220819,2616529664,2616.529664,46,80,168,6,20250630_204522
1751283886.8072655,10220859,2616539904,2616.539904,50,60,168,6,20250630_204522
1751283886.8172493,10220898,2616549888,2616.549888,55,61,167,6,20250630_204522
1751283886.8272333,10220937,2616559872,2616.559872,59,138,165,6,20250630_204522
1751283886.837217,10220976,2616569856,2616.569856,63,138,163,6,20250630_204522
1751283886.847201,10221015,2616579840,2616.57984,66,70,155,6,20250630_204522
1751283886.8571854,10221054,2616589824,2616.589824,70,65,149,6,20250630_204522
1751283886.8671694,10221093,2616599808,2616.599808,74,61,142,6,20250630_204522
1751283886.8771534,10221132,2616609792,2616.609792,78,60,136,6,20250630_204522
1751283886.8871374,10221171,2616619776,2616.619776,82,60,130,6,20250630_204522
1751283886.8971214,10221210,2616629760,2616.62976,87,57,127,6,20250630_204522
1751283886.9071054,10221249,2616639744,2616.639744,92,54,123,6,20250630_204522
1751283886.9170897,10221288,2616649728,2616.649728,97,53,120,6,20250630_204522
1751283886.9270737,10221327,2616659712,2616.659712,102,52,119,6,20250630_204522
1751283886.9370575,10221366,2616669696,2616.669696,108,50,120,6,20250630_204522
1751283886.9470415,10221405,2616679680,2616.67968,113,50,121,6,20250630_204522
1751283886.9572814,10221445,2616689920,2616.68992,119,49,122,6,20250630_204522
1751283886.9672654,10221484,2616699904,2616.699904,125,50,121,6,20250630_204522
1751283886.9772494,10221523,2616709888,2616.709888,131,50,122,6,20250630_204522
1751283886.9872334,10221562,2616719872,2616.719872,136,49,120,6,20250630_204522
1751283886.9972174,10221601,2616729856,2616.729856,142,48,120,6,20250630_204522
1751283887.0072014,10221640,2616739840,2616.73984,148,48,120,6,20250630_204522
1751283887.0171854,10221679,2616749824,2616.749824,153,48,122,6,20250630_204522
1751283887.0271697,10221718,2616759808,2616.759808,158,48,123,6,20250630_204522
1751283887.0371535,10221757,2616769792,2616.769792,163,47,125,6,20250630_204522
1751283887.0471375,10221796,2616779776,2616.779776,168,47,127,6,20250630_204522
1751283887.0571215,10221835,2616789760,2616.78976,173,48,127,6,20250630_204522
1751283887.0671053,10221874,2616799744,2616.799744,177,48,130,6,20250630_204522
1751283887.0770893,10221913,2616809728,2616.809728,181,48,134,6,20250630_204522
1751283887.087073,10221952,2616819712,2616.819712,185,49,142,6,20250630_204522
1751283887.0973134,10221992,2616829952,2616.829952,189,49,148,6,20250630_204522
1751283887.1072974,10222031,2616839936,2616.839936,193,50,157,6,20250630_204522
1751283887.1172814,10222070,2616849920,2616.84992,196,50,161,6,20250630_204522
1751283887.1272657,10222109,2616859904,2616.859904,201,51,164,6,20250630_204522
1751283887.1372497,10222148,2616869888,2616.869888,205,51,165,6,20250630_204522
1751283887.1472335,10222187,2616879872,2616.879872,210,53,166,6,20250630_204522
1751283887.1572175,10222226,2616889856,2616.889856,214,63,167,6,20250630_204522
1751283887.1672015,10222265,2616899840,2616.89984,219,101,168,6,20250630_204522
1751283887.1771853,10222304,2616909824,2616.909824,224,56,168,6,20250630_204522
1751283887.1871693,10222343,2616919808,2616.919808,230,69,167,6,20250630_204522
1751283887.197153,10222382,2616929792,2616.929792,235,64,168,6,20250630_204522
1751283887.207137,10222421,2616939776,2616.939776,241,64,168,6,20250630_204522
1751283887.2171214,10222460,2616949760,2616.94976,247,67,168,6,20250630_204522
1751283887.2271054,10222499,2616959744,2616.959744,253,78,168,6,20250630_204522
1751283887.2373457,10222539,2616969984,2616.969984,3,88,168,6,20250630_204522
1751283887.2473297,10222578,2616979968,2616.979968,9,92,168,6,20250630_204522
1751283887.2573135,10222617,2616989952,2616.989952,15,66,168,6,20250630_204522
1751283887.2672975,10222656,2616999936,2616.999936,21,84,169,6,20250630_204522
1751283887.2772813,10222695,2617009920,2617.00992,26,85,169,6,20250630_204522
1751283887.2872653,10222734,2617019904,2617.019904,31,107,169,6,20250630_204522
1751283887.2972493,10222773,2617029888,2617.029888,37,95,168,6,20250630_204522
1751283887.307233,10222812,2617039872,2617.039872,42,80,168,6,20250630_204522
1751283887.3172174,10222851,2617049856,2617.049856,46,57,167,6,20250630_204522
1751283887.3272014,10222890,2617059840,2617.05984,51,68,168,6,20250630_204522
1751283887.3371854,10222929,2617069824,2617.069824,55,134,168,6,20250630_204522
1751283887.3471694,10222968,2617079808,2617.079808,59,177,166,6,20250630_204522
1751283887.3571534,10223007,2617089792,2617.089792,63,74,163,6,20250630_204522
1751283887.3671374,10223046,2617099776,2617.099776,67,61,156,6,20250630_204522
1751283887.3773775,10223086,2617110016,2617.110016,71,61,148,6,20250630_204522
1751283887.3873613,10223125,2617120000,2617.12,74,83,142,6,20250630_204522
1751283887.3973453,10223164,2617129984,2617.129984,78,65,136,6,20250630_204522
1751283887.407329,10223203,2617139968,2617.139968,83,59,130,6,20250630_204522
1751283887.417313,10223242,2617149952,2617.149952,87,60,127,6,20250630_204522
1751283887.4272974,10223281,2617159936,2617.159936,92,54,124,6,20250630_204522
1751283887.4372814,10223320,2617169920,2617.16992,97,52,121,6,20250630_204522
1751283887.4472654,10223359,2617179904,2617.179904,103,50,119,6,20250630_204522
1751283887.4572494,10223398,2617189888,2617.189888,108,48,120,6,20250630_204522
1751283887.4672334,10223437,2617199872,2617.199872,114,48,119,6,20250630_204522
1751283887.4772174,10223476,2617209856,2617.209856,120,47,121,6,20250630_204522
1751283887.4872017,10223515,2617219840,2617.21984,125,47,119,6,20250630_204522
1751283887.4971857,10223554,2617229824,2617.229824,131,47,119,6,20250630_204522
1751283887.5071695,10223593,2617239808,2617.239808,137,46,119,6,20250630_204522
1751283887.5171535,10223632,2617249792,2617.249792,143,46,120,6,20250630_204522
1751283887.527393,10223672,2617260032,2617.260032,148,45,121,6,20250630_204522
1751283887.5373774,10223711,2617270016,2617.270016,154,45,122,6,20250630_204522
1751283887.5473614,10223750,2617280000,2617.28,159,45,122,6,20250630_204522
1751283887.5573454,10223789,2617289984,2617.289984,164,45,125,6,20250630_204522
1751283887.5673294,10223828,2617299968,2617.299968,169,44,127,6,20250630_204522
1751283887.5773134,10223867,2617309952,2617.309952,173,45,128,6,20250630_204522
1751283887.5872974,10223906,2617319936,2617.319936,177,46,132,6,20250630_204522
1751283887.5972817,10223945,2617329920,2617.32992,181,46,137,6,20250630_204522
1751283887.6072657,10223984,2617339904,2617.339904,185,46,143,6,20250630_204522
1751283887.6172495,10224023,2617349888,2617.349888,189,46,150,6,20250630_204522
1751283887.6272335,10224062,2617359872,2617.359872,193,47,159,6,20250630_204522
1751283887.6372175,10224101,2617369856,2617.369856,197,47,161,6,20250630_204522
1751283887.6472013,10224140,2617379840,2617.37984,201,48,163,6,20250630_204522
1751283887.6571853,10224179,2617389824,2617.389824,205,49,166,6,20250630_204522
1751283887.667169,10224218,2617399808,2617.399808,210,50,166,6,20250630_204522
1751283887.6774094,10224258,2617410048,2617.410048,215,54,167,6,20250630_204522
1751283887.6873934,10224297,2617420032,2617.420032,220,111,167,6,20250630_204522
1751283887.6973774,10224336,2617430016,2617.430016,225,62,167,6,20250630_204522
1751283887.7073617,10224375,2617440000,2617.44,230,69,168,6,20250630_204522
1751283887.7173457,10224414,2617449984,2617.449984,236,68,168,6,20250630_204522
1751283887.7273295,10224453,2617459968,2617.459968,241,79,168,6,20250630_204522
1751283887.7373135,10224492,2617469952,2617.469952,247,71,168,6,20250630_204522
1751283887.7472973,10224531,2617479936,2617.479936,253,83,168,6,20250630_204522
1751283887.7572813,10224570,2617489920,2617.48992,4,76,168,6,20250630_204522
1751283887.767265,10224609,2617499904,2617.499904,10,65,168,6,20250630_204522
1751283887.777249,10224648,2617509888,2617.509888,15,83,169,6,20250630_204522
1751283887.7872334,10224687,2617519872,2617.519872,21,58,168,6,20250630_204522
1751283887.7972174,10224726,2617529856,2617.529856,27,57,169,6,20250630_204522
1751283887.8072014,10224765,2617539840,2617.53984,32,85,169,6,20250630_204522
1751283887.8174417,10224805,2617550080,2617.55008,37,90,169,6,20250630_204522
1751283887.8274257,10224844,2617560064,2617.560064,42,58,168,6,20250630_204522
1751283887.8374095,10224883,2617570048,2617.570048,47,59,168,6,20250630_204522
1751283887.8473935,10224922,2617580032,2617.580032,51,64,168,6,20250630_204522
1751283887.8573773,10224961,2617590016,2617.590016,55,66,168,6,20250630_204522
1751283887.8673613,10225000,2617600000,2617.6,59,113,166,6,20250630_204522
1751283887.877345,10225039,2617609984,2617.609984,63,112,162,6,20250630_204522
1751283887.887329,10225078,2617619968,2617.619968,67,95,155,6,20250630_204522
1751283887.8973134,10225117,2617629952,2617.629952,71,74,149,6,20250630_204522
1751283887.9072974,10225156,2617639936,2617.639936,75,65,142,6,20250630_204522
1751283887.9172814,10225195,2617649920,2617.64992,79,67,136,6,20250630_204522
1751283887.9272654,10225234,2617659904,2617.659904,83,51,129,6,20250630_204522
1751283887.9372494,10225273,2617669888,2617.669888,88,49,127,6,20250630_204522
1751283887.9472334,10225312,2617679872,2617.679872,92,49,123,6,20250630_204522
1751283887.9572177,10225351,2617689856,2617.689856,98,47,119,6,20250630_204522
1751283887.9674573,10225391,2617700096,2617.700096,103,47,119,6,20250630_204522
1751283887.9774413,10225430,2617710080,2617.71008,109,45,119,6,20250630_204522
1751283887.987425,10225469,2617720064,2617.720064,114,44,121,6,20250630_204522
1751283887.997409,10225508,2617730048,2617.730048,120,44,121,6,20250630_204522
1751283888.0073934,10225547,2617740032,2617.740032,126,44,120,6,20250630_204522
1751283888.0173774,10225586,2617750016,2617.750016,132,43,119,6,20250630_204522
1751283888.0273614,10225625,2617760000,2617.76,138,43,119,6,20250630_204522
1751283888.0373454,10225664,2617769984,2617.769984,143,42,120,6,20250630_204522
1751283888.0473294,10225703,2617779968,2617.779968,149,42,121,6,20250630_204522
1751283888.0573134,10225742,2617789952,2617.789952,154,42,122,6,20250630_204522
1751283888.0672977,10225781,2617799936,2617.799936,159,42,123,6,20250630_204522
1751283888.0772817,10225820,2617809920,2617.80992,164,41,124,6,20250630_204522
1751283888.0872655,10225859,2617819904,2617.819904,169,43,127,6,20250630_204522
1751283888.0972495,10225898,2617829888,2617.829888,174,42,127,6,20250630_204522
1751283888.107489,10225938,2617840128,2617.840128,178,42,131,6,20250630_204522
1751283888.1174734,10225977,2617850112,2617.850112,182,42,136,6,20250630_204522
1751283888.1274574,10226016,2617860096,2617.860096,186,43,144,6,20250630_204522
1751283888.1374414,10226055,2617870080,2617.87008,190,42,151,6,20250630_204522
1751283888.1474254,10226094,2617880064,2617.880064,193,43,158,6,20250630_204522
1751283888.1574094,10226133,2617890048,2617.890048,197,42,163,6,20250630_204522
1751283888.1676495,10226173,2617900288,2617.900288,202,43,164,6,20250630_204522
1751283888.1776333,10226212,2617910272,2617.910272,206,43,165,6,20250630_204522
1751283888.1876173,10226251,2617920256,2617.920256,211,44,166,6,20250630_204522
1751283888.1976013,10226290,2617930240,2617.93024,215,45,167,6,20250630_204522
1751283888.207585,10226329,2617940224,2617.940224,220,49,167,6,20250630_204522
1751283888.2175694,10226368,2617950208,2617.950208,226,46,167,6,20250630_204522
1751283888.2275534,10226407,2617960192,2617.960192,231,56,166,6,20250630_204522
1751283888.2377934,10226447,2617970432,2617.970432,237,56,167,6,20250630_204522
1751283888.2477777,10226486,2617980416,2617.980416,242,63,169,6,20250630_204522
1751283888.2577617,10226525,2617990400,2617.9904,248,57,168,6,20250630_204522
1751283888.2677455,10226564,2618000384,2618.000384,254,69,167,6,20250630_204522
1751283888.2777295,10226603,2618010368,2618.010368,5,73,168,6,20250630_204522
1751283888.2877133,10226642,2618020352,2618.020352,10,68,168,6,20250630_204522
1751283888.2976973,10226681,2618030336,2618.030336,16,59,168,6,20250630_204522
1751283888.3079374,10226721,2618040576,2618.040576,22,56,168,6,20250630_204522
1751283888.3179214,10226760,2618050560,2618.05056,27,48,168,6,20250630_204522
1751283888.3279054,10226799,2618060544,2618.060544,33,47,169,6,20250630_204522
1751283888.3378894,10226838,2618070528,2618.070528,38,47,168,6,20250630_204522
1751283888.3478734,10226877,2618080512,2618.080512,43,71,169,6,20250630_204522
1751283888.3578577,10226916,2618090496,2618.090496,47,64,167,6,20250630_204522
1751283888.3680973,10226956,2618100736,2618.100736,52,71,168,6,20250630_204522
1751283888.378081,10226995,2618110720,2618.11072,56,89,168,6,20250630_204522
1751283888.388065,10227034,2618120704,2618.120704,60,69,166,6,20250630_204522
1751283888.3980494,10227073,2618130688,2618.130688,64,49,165,6,20250630_204522
1751283888.4080334,10227112,2618140672,2618.140672,68,48,156,6,20250630_204522
1751283888.4180174,10227151,2618150656,2618.150656,71,45,150,6,20250630_204522
1751283888.4280014,10227190,2618160640,2618.16064,75,46,142,6,20250630_204522
1751283888.4382415,10227230,2618170880,2618.17088,79,44,136,6,20250630_204522
1751283888.4482255,10227269,2618180864,2618.180864,84,48,130,6,20250630_204522
1751283888.4582095,10227308,2618190848,2618.190848,88,38,127,6,20250630_204522
1751283888.4681933,10227347,2618200832,2618.200832,93,36,123,6,20250630_204522
1751283888.4781773,10227386,2618210816,2618.210816,98,35,120,6,20250630_204522
1751283888.488161,10227425,2618220800,2618.2208,104,35,120,6,20250630_204522
1751283888.498145,10227464,2618230784,2618.230784,109,33,120,6,20250630_204522
1751283888.5083854,10227504,2618241024,2618.241024,115,33,121,6,20250630_204522
1751283888.5183694,10227543,2618251008,2618.251008,121,32,121,6,20250630_204522
1751283888.5283537,10227582,2618260992,2618.260992,127,32,120,6,20250630_204522
1751283888.5383377,10227621,2618270976,2618.270976,132,31,119,6,20250630_204522
1751283888.5483215,10227660,2618280960,2618.28096,138,31,120,6,20250630_204522
1751283888.5583055,10227699,2618290944,2618.290944,144,31,120,6,20250630_204522
1751283888.5682895,10227738,2618300928,2618.300928,150,31,121,6,20250630_204522
1751283888.5785294,10227778,2618311168,2618.311168,155,30,122,6,20250630_204522
1751283888.5885134,10227817,2618321152,2618.321152,160,30,123,6,20250630_204522
1751283888.5984974,10227856,2618331136,2618.331136,165,29,125,6,20250630_204522
1751283888.6084814,10227895,2618341120,2618.34112,170,30,126,6,20250630_204522
1751283888.6184654,10227934,2618351104,2618.351104,174,30,128,6,20250630_204522
1751283888.6284494,10227973,2618361088,2618.361088,178,30,132,6,20250630_204522
1751283888.6384337,10228012,2618371072,2618.371072,182,30,138,6,20250630_204522
1751283888.6484177,10228051,2618381056,2618.381056,186,31,144,6,20250630_204522
1751283888.6584015,10228090,2618391040,2618.39104,190,31,152,6,20250630_204522
1751283888.6683855,10228129,2618401024,2618.401024,194,31,159,6,20250630_204522
1751283888.6783693,10228168,2618411008,2618.411008,198,31,162,6,20250630_204522
1751283888.6883533,10228207,2618420992,2618.420992,202,32,164,6,20250630_204522
1751283888.6985934,10228247,2618431232,2618.431232,206,31,165,6,20250630_204522
1751283888.7085774,10228286,2618441216,2618.441216,211,32,167,6,20250630_204522
1751283888.7185614,10228325,2618451200,2618.4512,216,32,167,6,20250630_204522
1751283888.7285454,10228364,2618461184,2618.461184,221,34,167,6,20250630_204522
1751283888.7385294,10228403,2618471168,2618.471168,226,35,167,6,20250630_204522
1751283888.7485137,10228442,2618481152,2618.481152,231,36,168,6,20250630_204522
1751283888.7584977,10228481,2618491136,2618.491136,237,44,167,6,20250630_204522
1751283888.7684815,10228520,2618501120,2618.50112,243,42,168,6,20250630_204522
1751283888.7784655,10228559,2618511104,2618.511104,248,37,167,6,20250630_204522
1751283888.7884493,10228598,2618521088,2618.521088,254,39,168,6,20250630_204522
1751283888.7984333,10228637,2618531072,2618.531072,5,42,168,6,20250630_204522
1751283888.808417,10228676,2618541056,2618.541056,11,46,168,6,20250630_204522
1751283888.818401,10228715,2618551040,2618.55104,17,49,168,6,20250630_204522
1751283888.8283854,10228754,2618561024,2618.561024,22,48,168,6,20250630_204522
1751283888.8386254,10228794,2618571264,2618.571264,28,40,168,6,20250630_204522
1751283888.8486094,10228833,2618581248,2618.581248,33,38,168,6,20250630_204522
1751283888.8585937,10228872,2618591232,2618.591232,38,37,169,6,20250630_204522
1751283888.8685777,10228911,2618601216,2618.601216,43,40,171,6,20250630_204522
1751283888.8785615,10228950,2618611200,2618.6112,47,76,168,6,20250630_204522
1751283888.8885455,10228989,2618621184,2618.621184,52,94,168,6,20250630_204522
1751283888.8985293,10229028,2618631168,2618.631168,56,43,166,6,20250630_204522
1751283888.9085133,10229067,2618641152,2618.641152,60,43,164,6,20250630_204522
1751283888.918497,10229106,2618651136,2618.651136,64,44,161,6,20250630_204522
1751283888.928481,10229145,2618661120,2618.66112,68,39,155,6,20250630_204522
1751283888.9384654,10229184,2618671104,2618.671104,72,36,148,6,20250630_204522
1751283888.9484494,10229223,2618681088,2618.681088,75,39,142,6,20250630_204522
1751283888.9584334,10229262,2618691072,2618.691072,79,38,135,6,20250630_204522
1751283888.9684174,10229301,2618701056,2618.701056,84,38,129,6,20250630_204522
1751283888.9784014,10229340,2618711040,2618.71104,88,34,127,6,20250630_204522
1751283888.9886415,10229380,2618721280,2618.72128,93,32,123,6,20250630_204522
1751283888.9986255,10229419,2618731264,2618.731264,98,30,119,6,20250630_204522
1751283889.0086093,10229458,2618741248,2618.741248,104,31,120,6,20250630_204522
1751283889.0185933,10229497,2618751232,2618.751232,110,29,120,6,20250630_204522
1751283889.028577,10229536,2618761216,2618.761216,115,29,122,6,20250630_204522
1751283889.038561,10229575,2618771200,2618.7712,121,29,121,6,20250630_204522
1751283889.0485454,10229614,2618781184,2618.781184,127,29,120,6,20250630_204522
1751283889.0585294,10229653,2618791168,2618.791168,132,28,121,6,20250630_204522
1751283889.0685134,10229692,2618801152,2618.801152,138,28,119,6,20250630_204522
1751283889.0784974,10229731,2618811136,2618.811136,144,28,120,6,20250630_204522
1751283889.0884814,10229770,2618821120,2618.82112,150,28,122,6,20250630_204522
1751283889.0984654,10229809,2618831104,2618.831104,155,27,122,6,20250630_204522
1751283889.1084497,10229848,2618841088,2618.841088,160,27,123,6,20250630_204522
1751283889.1184337,10229887,2618851072,2618.851072,165,26,125,6,20250630_204522
1751283889.1286733,10229927,2618861312,2618.861312,170,27,127,6,20250630_204522
1751283889.138657,10229966,2618871296,2618.871296,174,26,128,6,20250630_204522
1751283889.148641,10230005,2618881280,2618.88128,178,27,131,6,20250630_204522
1751283889.1586254,10230044,2618891264,2618.891264,182,27,136,6,20250630_204522
1751283889.1686094,10230083,2618901248,2618.901248,186,28,142,6,20250630_204522
1751283889.1785934,10230122,2618911232,2618.911232,190,28,150,6,20250630_204522
1751283889.1885774,10230161,2618921216,2618.921216,194,28,158,6,20250630_204522
1751283889.1985614,10230200,2618931200,2618.9312,198,28,160,6,20250630_204522
1751283889.2085454,10230239,2618941184,2618.941184,202,29,161,6,20250630_204522
1751283889.2185297,10230278,2618951168,2618.951168,206,29,164,6,20250630_204522
1751283889.2285137,10230317,2618961152,2618.961152,211,30,167,6,20250630_204522
1751283889.2384975,10230356,2618971136,2618.971136,216,30,167,6,20250630_204522
1751283889.2484815,10230395,2618981120,2618.98112,221,31,167,6,20250630_204522
1751283889.2584653,10230434,2618991104,2618.991104,226,31,167,6,20250630_204522
1751283889.2687054,10230474,2619001344,2619.001344,231,32,168,6,20250630_204522
1751283889.2786894,10230513,2619011328,2619.011328,237,34,168,6,20250630_204522
1751283889.2886734,10230552,2619021312,2619.021312,243,48,168,6,20250630_204522
1751283889.2986574,10230591,2619031296,2619.031296,248,34,168,6,20250630_204522
1751283889.3086414,10230630,2619041280,2619.04128,254,34,168,6,20250630_204522
1751283889.3186257,10230669,2619051264,2619.051264,5,34,168,6,20250630_204522
1751283889.3286097,10230708,2619061248,2619.061248,11,37,169,6,20250630_204522
1751283889.3385935,10230747,2619071232,2619.071232,17,40,168,6,20250630_204522
1751283889.3485775,10230786,2619081216,2619.081216,22,35,168,6,20250630_204522
1751283889.3585615,10230825,2619091200,2619.0912,28,33,168,6,20250630_204522
1751283889.3685453,10230864,2619101184,2619.101184,33,35,168,6,20250630_204522
1751283889.3785293,10230903,2619111168,2619.111168,38,41,168,6,20250630_204522
1751283889.388513,10230942,2619121152,2619.121152,43,52,168,6,20250630_204522
1751283889.398497,10230981,2619131136,2619.131136,48,51,168,6,20250630_204522
1751283889.4084814,10231020,2619141120,2619.14112,52,61,169,6,20250630_204522
1751283889.4187214,10231060,2619151360,2619.15136,56,38,167,6,20250630_204522
1751283889.4287057,10231099,2619161344,2619.161344,60,41,166,6,20250630_204522
1751283889.4386897,10231138,2619171328,2619.171328,64,39,162,6,20250630_204522
1751283889.4486735,10231177,2619181312,2619.181312,68,39,155,6,20250630_204522
1751283889.4586575,10231216,2619191296,2619.191296,72,39,150,6,20250630_204522
1751283889.4686415,10231255,2619201280,2619.20128,75,43,143,6,20250630_204522
1751283889.4786253,10231294,2619211264,2619.211264,79,36,136,6,20250630_204522
1751283889.4886093,10231333,2619221248,2619.221248,84,33,130,6,20250630_204522
1751283889.498593,10231372,2619231232,2619.231232,88,31,127,6,20250630_204522
1751283889.508577,10231411,2619241216,2619.241216,93,30,124,6,20250630_204522
1751283889.5185614,10231450,2619251200,2619.2512,98,28,120,6,20250630_204522
1751283889.5285454,10231489,2619261184,2619.261184,104,29,119,6,20250630_204522
1751283889.5385294,10231528,2619271168,2619.271168,109,28,120,6,20250630_204522
1751283889.5485134,10231567,2619281152,2619.281152,115,28,120,6,20250630_204522
1751283889.5587535,10231607,2619291392,2619.291392,121,26,121,6,20250630_204522
1751283889.5687375,10231646,2619301376,2619.301376,127,27,120,6,20250630_204522
1751283889.5787213,10231685,2619311360,2619.31136,132,26,119,6,20250630_204522
1751283889.5887053,10231724,2619321344,2619.321344,138,26,120,6,20250630_204522
1751283889.5986893,10231763,2619331328,2619.331328,144,25,120,6,20250630_204522
1751283889.608673,10231802,2619341312,2619.341312,150,25,119,6,20250630_204522
1751283889.6186574,10231841,2619351296,2619.351296,155,25,121,6,20250630_204522
1751283889.6286414,10231880,2619361280,2619.36128,160,25,123,6,20250630_204522
1751283889.6386254,10231919,2619371264,2619.371264,165,25,124,6,20250630_204522
1751283889.6486094,10231958,2619381248,2619.381248,170,25,126,6,20250630_204522
1751283889.6585934,10231997,2619391232,2619.391232,174,25,127,6,20250630_204522
1751283889.6685774,10232036,2619401216,2619.401216,178,25,131,6,20250630_204522
1751283889.6785614,10232075,2619411200,2619.4112,182,25,136,6,20250630_204522
1751283889.6885457,10232114,2619421184,2619.421184,186,26,143,6,20250630_204522
1751283889.6985295,10232153,2619431168,2619.431168,190,26,150,6,20250630_204522
1751283889.708769,10232193,2619441408,2619.441408,194,27,157,6,20250630_204522
1751283889.718753,10232232,2619451392,2619.451392,198,26,161,6,20250630_204522
1751283889.7287374,10232271,2619461376,2619.461376,202,27,162,6,20250630_204522
1751283889.7387214,10232310,2619471360,2619.47136,207,28,165,6,20250630_204522
1751283889.7487054,10232349,2619481344,2619.481344,211,28,167,6,20250630_204522
1751283889.7586894,10232388,2619491328,2619.491328,216,28,167,6,20250630_204522
1751283889.7686734,10232427,2619501312,2619.501312,221,29,167,6,20250630_204522
1751283889.7786574,10232466,2619511296,2619.511296,226,30,167,6,20250630_204522
1751283889.7886417,10232505,2619521280,2619.52128,232,32,168,6,20250630_204522
1751283889.7986257,10232544,2619531264,2619.531264,237,36,169,6,20250630_204522
1751283889.8086095,10232583,2619541248,2619.541248,243,38,167,6,20250630_204522
1751283889.8185935,10232622,2619551232,2619.551232,249,35,168,6,20250630_204522
1751283889.8285775,10232661,2619561216,2619.561216,254,36,169,6,20250630_204522
1751283889.8385613,10232700,2619571200,2619.5712,5,39,168,6,20250630_204522
1751283889.8488014,10232740,2619581440,2619.58144,11,42,168,6,20250630_204522
1751283889.8587854,10232779,2619591424,2619.591424,17,39,168,6,20250630_204522
1751283889.8687694,10232818,2619601408,2619.601408,22,33,168,6,20250630_204522
1751283889.8787534,10232857,2619611392,2619.611392,28,37,169,6,20250630_204522
1751283889.8887374,10232896,2619621376,2619.621376,33,41,168,6,20250630_204522
1751283889.8987217,10232935,2619631360,2619.63136,38,39,168,6,20250630_204522
1751283889.9087057,10232974,2619641344,2619.641344,43,44,168,6,20250630_204522
1751283889.9186895,10233013,2619651328,2619.651328,48,51,168,6,20250630_204522
1751283889.9286735,10233052,2619661312,2619.661312,52,38,167,6,20250630_204522
1751283889.9386573,10233091,2619671296,2619.671296,56,50,167,6,20250630_204522
1751283889.9486413,10233130,2619681280,2619.68128,60,55,165,6,20250630_204522
1751283889.9586253,10233169,2619691264,2619.691264,64,33,161,6,20250630_204522
1751283889.968609,10233208,2619701248,2619.701248,68,34,154,6,20250630_204522
1751283889.978593,10233247,2619711232,2619.711232,72,33,148,6,20250630_204522
1751283889.9885774,10233286,2619721216,2619.721216,76,33,141,6,20250630_204522
1751283889.9988174,10233326,2619731456,2619.731456,80,32,136,6,20250630_204522
1751283890.0088017,10233365,2619741440,2619.74144,84,32,129,6,20250630_204522
1751283890.0187857,10233404,2619751424,2619.751424,89,29,127,6,20250630_204522
1751283890.0287695,10233443,2619761408,2619.761408,93,29,123,6,20250630_204522
1751283890.0387535,10233482,2619771392,2619.771392,99,28,119,6,20250630_204522
1751283890.0487373,10233521,2619781376,2619.781376,104,28,119,6,20250630_204522
1751283890.0587213,10233560,2619791360,2619.79136,110,27,119,6,20250630_204522
1751283890.068705,10233599,2619801344,2619.801344,115,27,121,6,20250630_204522
1751283890.078689,10233638,2619811328,2619.811328,121,26,121,6,20250630_204522
1751283890.0886734,10233677,2619821312,2619.821312,127,26,120,6,20250630_204522
1751283890.0986574,10233716,2619831296,2619.831296,133,26,120,6,20250630_204522
1751283890.1086414,10233755,2619841280,2619.84128,139,25,120,6,20250630_204522
1751283890.1186254,10233794,2619851264,2619.851264,144,25,120,6,20250630_204522
1751283890.1286094,10233833,2619861248,2619.861248,150,25,122,6,20250630_204522
1751283890.1388495,10233873,2619871488,2619.871488,155,25,123,6,20250630_204522
1751283890.1488335,10233912,2619881472,2619.881472,160,25,123,6,20250630_204522
1751283890.1588173,10233951,2619891456,2619.891456,165,24,125,6,20250630_204522
1751283890.1688013,10233990,2619901440,2619.90144,170,25,127,6,20250630_204522
1751283890.178785,10234029,2619911424,2619.911424,174,24,128,6,20250630_204522
1751283890.188769,10234068,2619921408,2619.921408,178,25,132,6,20250630_204522
1751283890.1987534,10234107,2619931392,2619.931392,182,24,137,6,20250630_204522
1751283890.2087374,10234146,2619941376,2619.941376,186,26,145,6,20250630_204522
1751283890.2187214,10234185,2619951360,2619.95136,190,26,153,6,20250630_204522
1751283890.2287054,10234224,2619961344,2619.961344,194,27,160,6,20250630_204522
1751283890.2386894,10234263,2619971328,2619.971328,198,27,161,6,20250630_204522
1751283890.2486734,10234302,2619981312,2619.981312,202,27,164,6,20250630_204522
1751283890.2586577,10234341,2619991296,2619.991296,207,27,166,6,20250630_204522
1751283890.2686417,10234380,2620001280,2620.00128,211,28,166,6,20250630_204522
1751283890.2786255,10234419,2620011264,2620.011264,216,28,166,6,20250630_204522
1751283890.288865,10234459,2620021504,2620.021504,221,29,167,6,20250630_204522
1751283890.298849,10234498,2620031488,2620.031488,226,30,167,6,20250630_204522
1751283890.3088334,10234537,2620041472,2620.041472,232,31,167,6,20250630_204522
1751283890.3188174,10234576,2620051456,2620.051456,237,37,168,6,20250630_204522
1751283890.3288014,10234615,2620061440,2620.06144,243,35,168,6,20250630_204522
1751283890.3387854,10234654,2620071424,2620.071424,249,37,168,6,20250630_204522
1751283890.3487694,10234693,2620081408,2620.081408,0,33,168,6,20250630_204522
1751283890.3587534,10234732,2620091392,2620.091392,5,36,168,6,20250630_204522
1751283890.3687377,10234771,2620101376,2620.101376,11,32,168,6,20250630_204522
1751283890.3787217,10234810,2620111360,2620.11136,17,33,169,6,20250630_204522
1751283890.3887055,10234849,2620121344,2620.121344,22,37,168,6,20250630_204522
1751283890.3986895,10234888,2620131328,2620.131328,28,54,168,6,20250630_204522
1751283890.4086733,10234927,2620141312,2620.141312,33,48,168,6,20250630_204522
1751283890.4186573,10234966,2620151296,2620.151296,38,42,168,6,20250630_204522
1751283890.4288974,10235006,2620161536,2620.161536,43,50,168,6,20250630_204522
1751283890.4388814,10235045,2620171520,2620.17152,48,50,168,6,20250630_204522
1751283890.4488654,10235084,2620181504,2620.181504,52,50,168,6,20250630_204522
1751283890.4588494,10235123,2620191488,2620.191488,56,34,167,6,20250630_204522
1751283890.4688334,10235162,2620201472,2620.201472,60,36,165,6,20250630_204522
1751283890.4788177,10235201,2620211456,2620.211456,64,43,160,6,20250630_204522
1751283890.4888017,10235240,2620221440,2620.22144,68,42,152,6,20250630_204522
1751283890.4987855,10235279,2620231424,2620.231424,72,33,146,6,20250630_204522
1751283890.5087695,10235318,2620241408,2620.241408,76,33,139,6,20250630_204522
1751283890.5187533,10235357,2620251392,2620.251392,80,31,132,6,20250630_204522
1751283890.5287373,10235396,2620261376,2620.261376,84,31,127,6,20250630_204522
1751283890.538721,10235435,2620271360,2620.27136,89,30,125,6,20250630_204522
1751283890.548705,10235474,2620281344,2620.281344,94,29,121,6,20250630_204522
1751283890.5586894,10235513,2620291328,2620.291328,99,28,118,6,20250630_204522
1751283890.5689294,10235553,2620301568,2620.301568,105,28,120,6,20250630_204522
1751283890.5789137,10235592,2620311552,2620.311552,110,27,120,6,20250630_204522
1751283890.5888977,10235631,2620321536,2620.321536,116,27,122,6,20250630_204522
1751283890.5988815,10235670,2620331520,2620.33152,122,27,120,6,20250630_204522
1751283890.6088655,10235709,2620341504,2620.341504,128,27,119,6,20250630_204522
1751283890.6188495,10235748,2620351488,2620.351488,133,26,118,6,20250630_204522
1751283890.6288333,10235787,2620361472,2620.361472,139,26,118,6,20250630_204522
1751283890.6388173,10235826,2620371456,2620.371456,145,25,120,6,20250630_204522
1751283890.648801,10235865,2620381440,2620.38144,150,27,122,6,20250630_204522
1751283890.658785,10235904,2620391424,2620.391424,156,25,122,6,20250630_204522
1751283890.6687694,10235943,2620401408,2620.401408,161,25,124,6,20250630_204522
1751283890.6787534,10235982,2620411392,2620.411392,166,26,125,6,20250630_204522
1751283890.6887374,10236021,2620421376,2620.421376,170,26,127,6,20250630_204522
1751283890.6987214,10236060,2620431360,2620.43136,175,25,128,6,20250630_204522
1751283890.7087054,10236099,2620441344,2620.441344,179,34,134,6,20250630_204522
1751283890.7189455,10236139,2620451584,2620.451584,183,32,139,6,20250630_204522
1751283890.7289295,10236178,2620461568,2620.461568,187,27,147,6,20250630_204522
1751283890.7389133,10236217,2620471552,2620.471552,191,28,155,6,20250630_204522
1751283890.7488973,10236256,2620481536,2620.481536,194,28,162,6,20250630_204522
1751283890.758881,10236295,2620491520,2620.49152,198,27,162,6,20250630_204522
1751283890.768865,10236334,2620501504,2620.501504,203,28,164,6,20250630_204522
1751283890.7788494,10236373,2620511488,2620.511488,207,28,167,6,20250630_204522
1751283890.7888334,10236412,2620521472,2620.521472,212,29,166,6,20250630_204522
1751283890.7988174,10236451,2620531456,2620.531456,217,29,167,6,20250630_204522
1751283890.8088014,10236490,2620541440,2620.54144,222,30,167,6,20250630_204522
1751283890.8187854,10236529,2620551424,2620.551424,227,31,167,6,20250630_204522
1751283890.8287694,10236568,2620561408,2620.561408,232,32,167,6,20250630_204522
1751283890.8387537,10236607,2620571392,2620.571392,238,34,168,6,20250630_204522
1751283890.8487377,10236646,2620581376,2620.581376,244,43,169,6,20250630_204522
1751283890.8589773,10236686,2620591616,2620.591616,250,34,168,6,20250630_204522
1751283890.868961,10236725,2620601600,2620.6016,0,34,169,6,20250630_204522
1751283890.8789454,10236764,2620611584,2620.611584,6,33,169,6,20250630_204522
1751283890.8889294,10236803,2620621568,2620.621568,12,36,168,6,20250630_204522
1751283890.8989134,10236842,2620631552,2620.631552,18,43,169,6,20250630_204522
1751283890.9088974,10236881,2620641536,2620.641536,23,47,168,6,20250630_204522
1751283890.9188814,10236920,2620651520,2620.65152,29,49,168,6,20250630_204522
1751283890.9288654,10236959,2620661504,2620.661504,34,60,169,6,20250630_204522
1751283890.9388494,10236998,2620671488,2620.671488,39,47,168,6,20250630_204522
1751283890.9488337,10237037,2620681472,2620.681472,44,46,168,6,20250630_204522
1751283890.9588175,10237076,2620691456,2620.691456,48,55,168,6,20250630_204522
1751283890.9688015,10237115,2620701440,2620.70144,53,49,168,6,20250630_204522
1751283890.9787855,10237154,2620711424,2620.711424,57,37,166,6,20250630_204522
1751283890.9887693,10237193,2620721408,2620.721408,61,37,163,6,20250630_204522
1751283890.9987533,10237232,2620731392,2620.731392,65,36,158,6,20250630_204522
1751283891.0089934,10237272,2620741632,2620.741632,69,37,151,6,20250630_204522
1751283891.0189774,10237311,2620751616,2620.751616,72,37,144,6,20250630_204522
1751283891.0289614,10237350,2620761600,2620.7616,76,39,137,6,20250630_204522
1751283891.0389454,10237389,2620771584,2620.771584,81,37,131,6,20250630_204522
1751283891.0489297,10237428,2620781568,2620.781568,85,37,127,6,20250630_204522
1751283891.0589137,10237467,2620791552,2620.791552,90,31,124,6,20250630_204522
1751283891.0688975,10237506,2620801536,2620.801536,95,31,121,6,20250630_204522
1751283891.0788815,10237545,2620811520,2620.81152,100,30,119,6,20250630_204522
1751283891.0888655,10237584,2620821504,2620.821504,106,29,119,6,20250630_204522
1751283891.0988493,10237623,2620831488,2620.831488,111,29,121,6,20250630_204522
1751283891.1088333,10237662,2620841472,2620.841472,117,30,122,6,20250630_204522
1751283891.118817,10237701,2620851456,2620.851456,123,29,121,6,20250630_204522
1751283891.128801,10237740,2620861440,2620.86144,129,29,119,6,20250630_204522
1751283891.1387854,10237779,2620871424,2620.871424,134,28,119,6,20250630_204522
1751283891.1490254,10237819,2620881664,2620.881664,140,28,120,6,20250630_204522
1751283891.1590097,10237858,2620891648,2620.891648,146,28,119,6,20250630_204522
1751283891.1689937,10237897,2620901632,2620.901632,151,30,121,6,20250630_204522
1751283891.1789775,10237936,2620911616,2620.911616,157,29,122,6,20250630_204522
1751283891.1889615,10237975,2620921600,2620.9216,162,34,124,6,20250630_204522
1751283891.1989453,10238014,2620931584,2620.931584,167,29,125,6,20250630_204522
1751283891.2089293,10238053,2620941568,2620.941568,171,29,127,6,20250630_204522
1751283891.2189133,10238092,2620951552,2620.951552,175,32,128,6,20250630_204522
1751283891.228897,10238131,2620961536,2620.961536,180,41,132,6,20250630_204522
1751283891.238881,10238170,2620971520,2620.97152,184,41,139,6,20250630_204522
1751283891.2488654,10238209,2620981504,2620.981504,187,31,147,6,20250630_204522
1751283891.2588494,10238248,2620991488,2620.991488,191,30,154,6,20250630_204522
1751283891.2688334,10238287,2621001472,2621.001472,195,31,159,6,20250630_204522
1751283891.2788174,10238326,2621011456,2621.011456,199,30,162,6,20250630_204522
1751283891.2888014,10238365,2621021440,2621.02144,203,30,164,6,20250630_204522
1751283891.2990415,10238405,2621031680,2621.03168,208,31,167,6,20250630_204522
1751283891.3090253,10238444,2621041664,2621.041664,213,31,167,6,20250630_204522
1751283891.3190093,10238483,2621051648,2621.051648,218,31,167,6,20250630_204522
1751283891.328993,10238522,2621061632,2621.061632,223,32,166,6,20250630_204522
1751283891.338977,10238561,2621071616,2621.071616,228,33,168,6,20250630_204522
1751283891.3489614,10238600,2621081600,2621.0816,233,34,167,6,20250630_204522
1751283891.3589454,10238639,2621091584,2621.091584,239,43,168,6,20250630_204522
1751283891.3689294,10238678,2621101568,2621.101568,245,38,168,6,20250630_204522
1751283891.3789134,10238717,2621111552,2621.111552,251,37,168,6,20250630_204522
1751283891.3888974,10238756,2621121536,2621.121536,1,45,168,6,20250630_204522
1751283891.3988814,10238795,2621131520,2621.13152,7,48,168,6,20250630_204522
1751283891.4088657,10238834,2621141504,2621.141504,13,53,169,6,20250630_204522
1751283891.4188497,10238873,2621151488,2621.151488,19,55,168,6,20250630_204522
1751283891.4288335,10238912,2621161472,2621.161472,24,50,169,6,20250630_204522
1751283891.439073,10238952,2621171712,2621.171712,29,44,168,6,20250630_204522
1751283891.449057,10238991,2621181696,2621.181696,35,78,169,6,20250630_204522
1751283891.4590414,10239030,2621191680,2621.19168,40,73,168,6,20250630_204522
1751283891.4690254,10239069,2621201664,2621.201664,45,68,168,6,20250630_204522
1751283891.4790094,10239108,2621211648,2621.211648,49,43,168,6,20250630_204522
1751283891.4889934,10239147,2621221632,2621.221632,54,42,167,6,20250630_204522
1751283891.4989774,10239186,2621231616,2621.231616,58,43,167,6,20250630_204522
1751283891.5089614,10239225,2621241600,2621.2416,62,43,163,6,20250630_204522
1751283891.5189457,10239264,2621251584,2621.251584,65,41,156,6,20250630_204522
1751283891.5289297,10239303,2621261568,2621.261568,69,42,150,6,20250630_204522
1751283891.5389135,10239342,2621271552,2621.271552,73,41,143,6,20250630_204522
1751283891.5488975,10239381,2621281536,2621.281536,77,43,136,6,20250630_204522
1751283891.5588815,10239420,2621291520,2621.29152,81,45,130,6,20250630_204522
1751283891.5688653,10239459,2621301504,2621.301504,86,36,127,6,20250630_204522
1751283891.5791054,10239499,2621311744,2621.311744,90,34,124,6,20250630_204522
1751283891.5890894,10239538,2621321728,2621.321728,96,34,120,6,20250630_204522
1751283891.5990734,10239577,2621331712,2621.331712,101,33,120,6,20250630_204522
1751283891.6090574,10239616,2621341696,2621.341696,106,33,119,6,20250630_204522
1751283891.6190414,10239655,2621351680,2621.35168,112,33,120,6,20250630_204522
1751283891.6290257,10239694,2621361664,2621.361664,118,33,121,6,20250630_204522
1751283891.6390097,10239733,2621371648,2621.371648,124,33,120,6,20250630_204522
1751283891.6489935,10239772,2621381632,2621.381632,130,32,119,6,20250630_204522
1751283891.6589775,10239811,2621391616,2621.391616,135,31,119,6,20250630_204522
1751283891.6689613,10239850,2621401600,2621.4016,141,33,120,6,20250630_204522
1751283891.6789453,10239889,2621411584,2621.411584,147,32,121,6,20250630_204522
1751283891.688929,10239928,2621421568,2621.421568,152,34,122,6,20250630_204522
1751283891.698913,10239967,2621431552,2621.431552,157,33,123,6,20250630_204522
1751283891.7088974,10240006,2621441536,2621.441536,163,32,124,6,20250630_204522
1751283891.7188814,10240045,2621451520,2621.45152,167,36,126,6,20250630_204522
1751283891.7291214,10240085,2621461760,2621.46176,172,36,127,6,20250630_204522
1751283891.7391057,10240124,2621471744,2621.471744,176,38,130,6,20250630_204522
1751283891.7490897,10240163,2621481728,2621.481728,180,42,135,6,20250630_204522
1751283891.7590735,10240202,2621491712,2621.491712,184,43,143,6,20250630_204522
1751283891.7690575,10240241,2621501696,2621.501696,188,36,151,6,20250630_204522
1751283891.7790413,10240280,2621511680,2621.51168,192,33,156,6,20250630_204522
1751283891.7890253,10240319,2621521664,2621.521664,196,35,161,6,20250630_204522
1751283891.799009,10240358,2621531648,2621.531648,200,34,162,6,20250630_204522
1751283891.808993,10240397,2621541632,2621.541632,204,34,165,6,20250630_204522
1751283891.8189774,10240436,2621551616,2621.551616,209,34,166,6,20250630_204522
1751283891.8289614,10240475,2621561600,2621.5616,213,35,167,6,20250630_204522
1751283891.8389454,10240514,2621571584,2621.571584,218,36,167,6,20250630_204522
1751283891.8489294,10240553,2621581568,2621.581568,224,37,168,6,20250630_204522
1751283891.8589134,10240592,2621591552,2621.591552,229,37,168,6,20250630_204522
1751283891.8688974,10240631,2621601536,2621.601536,234,45,168,6,20250630_204522
1751283891.8791375,10240671,2621611776,2621.611776,240,47,167,6,20250630_204522
1751283891.8891213,10240710,2621621760,2621.62176,246,53,169,6,20250630_204522
1751283891.8991053,10240749,2621631744,2621.631744,252,47,168,6,20250630_204522
1751283891.909089,10240788,2621641728,2621.641728,2,43,168,6,20250630_204522
1751283891.919073,10240827,2621651712,2621.651712,8,51,168,6,20250630_204522
1751283891.9290574,10240866,2621661696,2621.661696,14,57,168,6,20250630_204522
1751283891.9390414,10240905,2621671680,2621.67168,20,84,169,6,20250630_204522
1751283891.9490254,10240944,2621681664,2621.681664,25,67,169,6,20250630_204522
1751283891.9590094,10240983,2621691648,2621.691648,30,59,168,6,20250630_204522
1751283891.9689934,10241022,2621701632,2621.701632,36,100,169,6,20250630_204522
1751283891.9789774,10241061,2621711616,2621.711616,41,103,168,6,20250630_204522
1751283891.9889617,10241100,2621721600,2621.7216,45,59,168,6,20250630_204522
1751283891.9989457,10241139,2621731584,2621.731584,50,47,168,6,20250630_204522
1751283892.0089295,10241178,2621741568,2621.741568,54,71,168,6,20250630_204522
1751283892.019169,10241218,2621751808,2621.751808,58,66,166,6,20250630_204522
1751283892.029153,10241257,2621761792,2621.761792,62,48,162,6,20250630_204522
1751283892.0391374,10241296,2621771776,2621.771776,66,47,155,6,20250630_204522
1751283892.0491214,10241335,2621781760,2621.78176,70,46,148,6,20250630_204522
1751283892.0591054,10241374,2621791744,2621.791744,74,47,140,6,20250630_204522
1751283892.0690894,10241413,2621801728,2621.801728,78,44,134,6,20250630_204522
1751283892.0790734,10241452,2621811712,2621.811712,82,41,129,6,20250630_204522
1751283892.0890574,10241491,2621821696,2621.821696,87,40,126,6,20250630_204522
1751283892.0990417,10241530,2621831680,2621.83168,92,39,122,6,20250630_204522
1751283892.1090257,10241569,2621841664,2621.841664,97,38,120,6,20250630_204522
1751283892.1190095,10241608,2621851648,2621.851648,102,37,119,6,20250630_204522
1751283892.1289935,10241647,2621861632,2621.861632,108,38,120,6,20250630_204522
1751283892.1389773,10241686,2621871616,2621.871616,113,36,121,6,20250630_204522
1751283892.1489613,10241725,2621881600,2621.8816,119,37,121,6,20250630_204522
1751283892.1592014,10241765,2621891840,2621.89184,125,36,120,6,20250630_204522
1751283892.1691854,10241804,2621901824,2621.901824,131,36,120,6,20250630_204522
1751283892.1791694,10241843,2621911808,2621.911808,137,35,119,6,20250630_204522
1751283892.1891534,10241882,2621921792,2621.921792,142,37,120,6,20250630_204522
1751283892.1991374,10241921,2621931776,2621.931776,148,42,120,6,20250630_204522
1751283892.2091217,10241960,2621941760,2621.94176,153,40,122,6,20250630_204522
1751283892.2191055,10241999,2621951744,2621.951744,159,58,123,6,20250630_204522
1751283892.2290895,10242038,2621961728,2621.961728,164,36,125,6,20250630_204522
1751283892.2390735,10242077,2621971712,2621.971712,168,37,125,6,20250630_204522
1751283892.2490573,10242116,2621981696,2621.981696,173,47,127,6,20250630_204522
1751283892.2590413,10242155,2621991680,2621.99168,177,58,130,6,20250630_204522
1751283892.269025,10242194,2622001664,2622.001664,181,54,136,6,20250630_204522
1751283892.279009,10242233,2622011648,2622.011648,185,41,143,6,20250630_204522
1751283892.2889934,10242272,2622021632,2622.021632,189,36,151,6,20250630_204522
1751283892.2989774,10242311,2622031616,2622.031616,193,40,157,6,20250630_204522
1751283892.3092177,10242351,2622041856,2622.041856,197,39,161,6,20250630_204522
1751283892.3192017,10242390,2622051840,2622.05184,201,37,164,6,20250630_204522
1751283892.3291855,10242429,2622061824,2622.061824,205,39,164,6,20250630_204522
1751283892.3391695,10242468,2622071808,2622.071808,210,39,166,6,20250630_204522
1751283892.3491535,10242507,2622081792,2622.081792,215,40,167,6,20250630_204522
1751283892.3591373,10242546,2622091776,2622.091776,220,41,166,6,20250630_204522
1751283892.3691213,10242585,2622101760,2622.10176,225,42,167,6,20250630_204522
1751283892.379105,10242624,2622111744,2622.111744,230,42,167,6,20250630_204522
1751283892.389089,10242663,2622121728,2622.121728,236,45,167,6,20250630_204522
1751283892.3990734,10242702,2622131712,2622.131712,241,51,168,6,20250630_204522
1751283892.4090574,10242741,2622141696,2622.141696,247,53,168,6,20250630_204522
1751283892.4190414,10242780,2622151680,2622.15168,253,66,168,6,20250630_204522
1751283892.4290254,10242819,2622161664,2622.161664,4,82,167,6,20250630_204522
1751283892.4390094,10242858,2622171648,2622.171648,9,74,168,6,20250630_204522
1751283892.4492495,10242898,2622181888,2622.181888,15,64,168,6,20250630_204522
1751283892.4592333,10242937,2622191872,2622.191872,21,75,168,6,20250630_204522
1751283892.4692173,10242976,2622201856,2622.201856,26,68,168,6,20250630_204522
1751283892.4792013,10243015,2622211840,2622.21184,32,111,169,6,20250630_204522
1751283892.489185,10243054,2622221824,2622.221824,37,114,168,6,20250630_204522
1751283892.499169,10243093,2622231808,2622.231808,42,71,168,6,20250630_204522
1751283892.5091534,10243132,2622241792,2622.241792,46,55,169,6,20250630_204522
1751283892.5191374,10243171,2622251776,2622.251776,51,54,168,6,20250630_204522
1751283892.5291214,10243210,2622261760,2622.26176,55,56,168,6,20250630_204522
1751283892.5391054,10243249,2622271744,2622.271744,59,58,166,6,20250630_204522
1751283892.5490894,10243288,2622281728,2622.281728,63,62,163,6,20250630_204522
1751283892.5590734,10243327,2622291712,2622.291712,67,66,158,6,20250630_204522
1751283892.5690577,10243366,2622301696,2622.301696,71,76,150,6,20250630_204522
1751283892.5790415,10243405,2622311680,2622.31168,74,92,144,6,20250630_204522
1751283892.5890255,10243444,2622321664,2622.321664,78,52,137,6,20250630_204522
1751283892.599265,10243484,2622331904,2622.331904,83,46,131,6,20250630_204522
1751283892.6092494,10243523,2622341888,2622.341888,87,44,127,6,20250630_204522
1751283892.6192334,10243562,2622351872,2622.351872,92,43,124,6,20250630_204522
1751283892.6292174,10243601,2622361856,2622.361856,97,43,121,6,20250630_204522
1751283892.6392014,10243640,2622371840,2622.37184,102,42,120,6,20250630_204522
1751283892.6491854,10243679,2622381824,2622.381824,108,42,120,6,20250630_204522
1751283892.6591694,10243718,2622391808,2622.391808,114,43,121,6,20250630_204522
1751283892.6691537,10243757,2622401792,2622.401792,119,42,121,6,20250630_204522
1751283892.6791377,10243796,2622411776,2622.411776,125,40,120,6,20250630_204522
1751283892.6891215,10243835,2622421760,2622.42176,131,39,120,6,20250630_204522
1751283892.6991055,10243874,2622431744,2622.431744,137,38,119,6,20250630_204522
1751283892.7090895,10243913,2622441728,2622.441728,143,39,121,6,20250630_204522
1751283892.7190733,10243952,2622451712,2622.451712,148,38,121,6,20250630_204522
1751283892.7290573,10243991,2622461696,2622.461696,154,41,122,6,20250630_204522
1751283892.7392974,10244031,2622471936,2622.471936,159,42,123,6,20250630_204522
1751283892.7492814,10244070,2622481920,2622.48192,164,42,125,6,20250630_204522
1751283892.7592654,10244109,2622491904,2622.491904,168,45,126,6,20250630_204522
1751283892.7692494,10244148,2622501888,2622.501888,173,55,128,6,20250630_204522
1751283892.7792337,10244187,2622511872,2622.511872,177,43,131,6,20250630_204522
1751283892.7892177,10244226,2622521856,2622.521856,181,55,136,6,20250630_204522
1751283892.7992015,10244265,2622531840,2622.53184,185,65,144,6,20250630_204522
1751283892.8091855,10244304,2622541824,2622.541824,189,45,151,6,20250630_204522
1751283892.8191695,10244343,2622551808,2622.551808,193,41,157,6,20250630_204522
1751283892.8291533,10244382,2622561792,2622.561792,197,42,161,6,20250630_204522
1751283892.8391373,10244421,2622571776,2622.571776,201,43,163,6,20250630_204522
1751283892.849121,10244460,2622581760,2622.58176,205,44,166,6,20250630_204522
1751283892.859105,10244499,2622591744,2622.591744,210,44,166,6,20250630_204522
1751283892.8690894,10244538,2622601728,2622.601728,215,45,165,6,20250630_204522
1751283892.8790734,10244577,2622611712,2622.611712,220,46,167,6,20250630_204522
1751283892.8893137,10244617,2622621952,2622.621952,225,47,168,6,20250630_204522
1751283892.8992977,10244656,2622631936,2622.631936,230,47,167,6,20250630_204522
1751283892.9092815,10244695,2622641920,2622.64192,236,50,168,6,20250630_204522
1751283892.9192655,10244734,2622651904,2622.651904,241,62,168,6,20250630_204522
1751283892.9292493,10244773,2622661888,2622.661888,247,80,170,6,20250630_204522
1751283892.9392333,10244812,2622671872,2622.671872,253,94,168,6,20250630_204522
1751283892.949217,10244851,2622681856,2622.681856,4,108,168,6,20250630_204522
1751283892.959201,10244890,2622691840,2622.69184,10,70,168,6,20250630_204522
1751283892.9691854,10244929,2622701824,2622.701824,15,122,168,6,20250630_204522
1751283892.9791694,10244968,2622711808,2622.711808,21,132,168,6,20250630_204522
1751283892.9891534,10245007,2622721792,2622.721792,26,84,168,6,20250630_204522
1751283892.9991374,10245046,2622731776,2622.731776,32,88,169,6,20250630_204522
1751283893.0091214,10245085,2622741760,2622.74176,37,95,169,6,20250630_204522
1751283893.0191054,10245124,2622751744,2622.751744,42,80,169,6,20250630_204522
1751283893.0293455,10245164,2622761984,2622.761984,46,64,169,6,20250630_204522
1751283893.0393293,10245203,2622771968,2622.771968,51,69,168,6,20250630_204522
1751283893.0493133,10245242,2622781952,2622.781952,55,66,167,6,20250630_204522
1751283893.059297,10245281,2622791936,2622.791936,59,65,165,6,20250630_204522
1751283893.069281,10245320,2622801920,2622.80192,63,68,163,6,20250630_204522
1751283893.0792654,10245359,2622811904,2622.811904,67,80,157,6,20250630_204522
1751283893.0892494,10245398,2622821888,2622.821888,71,93,150,6,20250630_204522
1751283893.0992334,10245437,2622831872,2622.831872,75,98,144,6,20250630_204522
1751283893.1092174,10245476,2622841856,2622.841856,78,54,137,6,20250630_204522
1751283893.1192014,10245515,2622851840,2622.85184,83,51,132,6,20250630_204522
1751283893.1291854,10245554,2622861824,2622.861824,87,50,127,6,20250630_204522
1751283893.1391697,10245593,2622871808,2622.871808,92,50,124,6,20250630_204522
1751283893.1491537,10245632,2622881792,2622.881792,97,48,121,6,20250630_204522
1751283893.1591375,10245671,2622891776,2622.891776,103,48,119,6,20250630_204522
1751283893.1691215,10245710,2622901760,2622.90176,108,48,120,6,20250630_204522
1751283893.179361,10245750,2622912000,2622.912,114,47,121,6,20250630_204522
1751283893.1893454,10245789,2622921984,2622.921984,120,47,120,6,20250630_204522
1751283893.1993294,10245828,2622931968,2622.931968,125,44,121,6,20250630_204522
1751283893.2093134,10245867,2622941952,2622.941952,131,43,119,6,20250630_204522
1751283893.2192974,10245906,2622951936,2622.951936,137,43,120,6,20250630_204522
1751283893.2292814,10245945,2622961920,2622.96192,143,43,120,6,20250630_204522
1751283893.2392654,10245984,2622971904,2622.971904,148,43,121,6,20250630_204522
1751283893.2492497,10246023,2622981888,2622.981888,154,59,123,6,20250630_204522
1751283893.2592337,10246062,2622991872,2622.991872,159,45,123,6,20250630_204522
1751283893.2692175,10246101,2623001856,2623.001856,164,50,125,6,20250630_204522
1751283893.2792015,10246140,2623011840,2623.01184,169,57,126,6,20250630_204522
1751283893.2891853,10246179,2623021824,2623.021824,173,51,128,6,20250630_204522
1751283893.2991693,10246218,2623031808,2623.031808,177,49,132,6,20250630_204522
1751283893.3091533,10246257,2623041792,2623.041792,181,66,136,6,20250630_204522
1751283893.3193934,10246297,2623052032,2623.052032,185,62,142,6,20250630_204522
1751283893.3293774,10246336,2623062016,2623.062016,189,45,150,6,20250630_204522
1751283893.3393614,10246375,2623072000,2623.072,193,45,157,6,20250630_204522
1751283893.3493454,10246414,2623081984,2623.081984,197,46,161,6,20250630_204522
1751283893.3593297,10246453,2623091968,2623.091968,201,47,163,6,20250630_204522
1751283893.3693137,10246492,2623101952,2623.101952,205,47,166,6,20250630_204522
1751283893.3792975,10246531,2623111936,2623.111936,210,48,167,6,20250630_204522
1751283893.3892815,10246570,2623121920,2623.12192,215,49,167,6,20250630_204522
1751283893.3992653,10246609,2623131904,2623.131904,220,50,167,6,20250630_204522
1751283893.4092493,10246648,2623141888,2623.141888,225,51,167,6,20250630_204522
1751283893.419233,10246687,2623151872,2623.151872,230,52,168,6,20250630_204522
1751283893.429217,10246726,2623161856,2623.161856,236,67,168,6,20250630_204522
1751283893.4392014,10246765,2623171840,2623.17184,242,62,168,6,20250630_204522
1751283893.4491854,10246804,2623181824,2623.181824,247,64,168,6,20250630_204522
1751283893.4594254,10246844,2623192064,2623.192064,253,72,168,6,20250630_204522
1751283893.4694097,10246883,2623202048,2623.202048,4,82,168,6,20250630_204522
1751283893.4793935,10246922,2623212032,2623.212032,10,136,167,6,20250630_204522
1751283893.4893775,10246961,2623222016,2623.222016,15,63,168,6,20250630_204522
1751283893.4993615,10247000,2623232000,2623.232,21,63,168,6,20250630_204522
1751283893.5093453,10247039,2623241984,2623.241984,27,85,169,6,20250630_204522
1751283893.5193293,10247078,2623251968,2623.251968,32,115,168,6,20250630_204522
1751283893.529313,10247117,2623261952,2623.261952,37,95,167,6,20250630_204522
1751283893.539297,10247156,2623271936,2623.271936,42,119,169,6,20250630_204522
1751283893.5492814,10247195,2623281920,2623.28192,47,105,167,6,20250630_204522
1751283893.5592654,10247234,2623291904,2623.291904,51,134,168,6,20250630_204522
1751283893.5692494,10247273,2623301888,2623.301888,55,87,167,6,20250630_204522
1751283893.5792334,10247312,2623311872,2623.311872,60,76,166,6,20250630_204522
1751283893.5892174,10247351,2623321856,2623.321856,63,75,162,6,20250630_204522
1751283893.5992014,10247390,2623331840,2623.33184,67,82,154,6,20250630_204522
1751283893.6094415,10247430,2623342080,2623.34208,71,79,147,6,20250630_204522
1751283893.6194253,10247469,2623352064,2623.352064,75,85,141,6,20250630_204522
1751283893.6294093,10247508,2623362048,2623.362048,79,57,133,6,20250630_204522
1751283893.639393,10247547,2623372032,2623.372032,83,56,128,6,20250630_204522
1751283893.649377,10247586,2623382016,2623.382016,88,54,125,6,20250630_204522
1751283893.6593614,10247625,2623392000,2623.392,93,53,123,6,20250630_204522
1751283893.6693454,10247664,2623401984,2623.401984,98,51,121,6,20250630_204522
1751283893.6793294,10247703,2623411968,2623.411968,103,50,120,6,20250630_204522
1751283893.6893134,10247742,2623421952,2623.421952,109,50,120,6,20250630_204522
1751283893.6992974,10247781,2623431936,2623.431936,115,51,120,6,20250630_204522
1751283893.7092814,10247820,2623441920,2623.44192,120,51,121,6,20250630_204522
1751283893.7192657,10247859,2623451904,2623.451904,126,50,118,6,20250630_204522
1751283893.7292497,10247898,2623461888,2623.461888,132,47,119,6,20250630_204522
1751283893.7392335,10247937,2623471872,2623.471872,138,47,120,6,20250630_204522
1751283893.749473,10247977,2623482112,2623.482112,144,45,120,6,20250630_204522
1751283893.759457,10248016,2623492096,2623.492096,149,46,122,6,20250630_204522
1751283893.7694414,10248055,2623502080,2623.50208,155,49,121,6,20250630_204522
1751283893.7794254,10248094,2623512064,2623.512064,160,48,122,6,20250630_204522
1751283893.7894094,10248133,2623522048,2623.522048,165,50,124,6,20250630_204522
1751283893.7993934,10248172,2623532032,2623.532032,169,58,125,6,20250630_204522
1751283893.8093774,10248211,2623542016,2623.542016,174,60,127,6,20250630_204522
1751283893.8193614,10248250,2623552000,2623.552,178,64,131,6,20250630_204522
1751283893.8293457,10248289,2623561984,2623.561984,182,65,136,6,20250630_204522
1751283893.8393295,10248328,2623571968,2623.571968,186,58,142,6,20250630_204522
1751283893.8493135,10248367,2623581952,2623.581952,190,49,150,6,20250630_204522
1751283893.8592975,10248406,2623591936,2623.591936,194,48,158,6,20250630_204522
1751283893.8692813,10248445,2623601920,2623.60192,198,48,162,6,20250630_204522
1751283893.8792653,10248484,2623611904,2623.611904,202,49,163,6,20250630_204522
1751283893.889249,10248523,2623621888,2623.621888,206,50,168,6,20250630_204522
1751283893.8994894,10248563,2623632128,2623.632128,211,51,167,6,20250630_204522
1751283893.9094734,10248602,2623642112,2623.642112,216,52,167,6,20250630_204522
1751283893.9194574,10248641,2623652096,2623.652096,221,54,167,6,20250630_204522
1751283893.9294417,10248680,2623662080,2623.66208,226,55,167,6,20250630_204522
1751283893.9394257,10248719,2623672064,2623.672064,231,56,167,6,20250630_204522
1751283893.9494095,10248758,2623682048,2623.682048,237,57,168,6,20250630_204522
1751283893.9593935,10248797,2623692032,2623.692032,243,94,167,6,20250630_204522
1751283893.9693775,10248836,2623702016,2623.702016,248,79,168,6,20250630_204522
1751283893.9793613,10248875,2623712000,2623.712,254,101,168,6,20250630_204522
1751283893.9893453,10248914,2623721984,2623.721984,5,75,168,6,20250630_204522
1751283893.999329,10248953,2623731968,2623.731968,11,72,169,6,20250630_204522
1751283894.009313,10248992,2623741952,2623.741952,17,137,168,6,20250630_204522
1751283894.0192974,10249031,2623751936,2623.751936,22,96,168,6,20250630_204522
1751283894.0292814,10249070,2623761920,2623.76192,28,117,169,6,20250630_204522
1751283894.0395217,10249110,2623772160,2623.77216,33,164,169,6,20250630_204522
1751283894.0495057,10249149,2623782144,2623.782144,38,99,168,6,20250630_204522
1751283894.0594895,10249188,2623792128,2623.792128,43,73,169,6,20250630_204522
1751283894.0694735,10249227,2623802112,2623.802112,48,76,169,6,20250630_204522
1751283894.0794575,10249266,2623812096,2623.812096,52,89,170,6,20250630_204522
1751283894.0894413,10249305,2623822080,2623.82208,56,101,168,6,20250630_204522
1751283894.0994253,10249344,2623832064,2623.832064,60,162,167,6,20250630_204522
1751283894.1096654,10249384,2623842304,2623.842304,64,163,164,6,20250630_204522
1751283894.1196494,10249423,2623852288,2623.852288,68,94,158,6,20250630_204522
1751283894.1296334,10249462,2623862272,2623.862272,72,65,151,6,20250630_204522
1751283894.1396174,10249501,2623872256,2623.872256,75,64,146,6,20250630_204522
1751283894.1496017,10249540,2623882240,2623.88224,79,61,139,6,20250630_204522
1751283894.1598413,10249580,2623892480,2623.89248,84,60,134,6,20250630_204522
1751283894.1698253,10249619,2623902464,2623.902464,88,59,128,6,20250630_204522
1751283894.179809,10249658,2623912448,2623.912448,93,57,126,6,20250630_204522
1751283894.189793,10249697,2623922432,2623.922432,98,55,122,6,20250630_204522
1751283894.1997774,10249736,2623932416,2623.932416,103,56,119,6,20250630_204522
1751283894.2097614,10249775,2623942400,2623.9424,109,54,120,6,20250630_204522
1751283894.2197454,10249814,2623952384,2623.952384,115,54,120,6,20250630_204522
1751283894.2297294,10249853,2623962368,2623.962368,120,51,121,6,20250630_204522
1751283894.2399695,10249893,2623972608,2623.972608,126,50,120,6,20250630_204522
1751283894.2499535,10249932,2623982592,2623.982592,132,49,120,6,20250630_204522
1751283894.2599373,10249971,2623992576,2623.992576,138,49,120,6,20250630_204522
1751283894.2699213,10250010,2624002560,2624.00256,144,50,121,6,20250630_204522
1751283894.279905,10250049,2624012544,2624.012544,149,51,121,6,20250630_204522
1751283894.289889,10250088,2624022528,2624.022528,155,54,122,6,20250630_204522
1751283894.3001294,10250128,2624032768,2624.032768,160,59,124,6,20250630_204522
1751283894.3101134,10250167,2624042752,2624.042752,165,65,125,6,20250630_204522
1751283894.3200974,10250206,2624052736,2624.052736,169,58,127,6,20250630_204522
1751283894.3300817,10250245,2624062720,2624.06272,174,54,129,6,20250630_204522
1751283894.3400657,10250284,2624072704,2624.072704,178,54,133,6,20250630_204522
1751283894.3500495,10250323,2624082688,2624.082688,182,56,137,6,20250630_204522
1751283894.360289,10250363,2624092928,2624.092928,186,50,144,6,20250630_204522
1751283894.3702734,10250402,2624102912,2624.102912,190,51,151,6,20250630_204522
1751283894.3802574,10250441,2624112896,2624.112896,194,54,158,6,20250630_204522
1751283894.3902414,10250480,2624122880,2624.12288,198,55,162,6,20250630_204522
1751283894.4002254,10250519,2624132864,2624.132864,202,55,163,6,20250630_204522
1751283894.4102094,10250558,2624142848,2624.142848,206,53,166,6,20250630_204522
1751283894.4201934,10250597,2624152832,2624.152832,211,54,166,6,20250630_204522
1751283894.4304335,10250637,2624163072,2624.163072,216,55,167,6,20250630_204522
1751283894.4404173,10250676,2624173056,2624.173056,221,56,166,6,20250630_204522
1751283894.4504013,10250715,2624183040,2624.18304,226,56,168,6,20250630_204522
1751283894.460385,10250754,2624193024,2624.193024,231,59,168,6,20250630_204522
1751283894.470369,10250793,2624203008,2624.203008,237,71,168,6,20250630_204522
1751283894.4803534,10250832,2624212992,2624.212992,242,67,167,6,20250630_204522
1751283894.4903374,10250871,2624222976,2624.222976,248,62,168,6,20250630_204522
1751283894.5005774,10250911,2624233216,2624.233216,254,117,168,6,20250630_204522
1751283894.5105617,10250950,2624243200,2624.2432,5,71,168,6,20250630_204522
1751283894.5205455,10250989,2624253184,2624.253184,11,93,168,6,20250630_204522
1751283894.5305295,10251028,2624263168,2624.263168,16,101,167,6,20250630_204522
1751283894.5405135,10251067,2624273152,2624.273152,22,79,168,6,20250630_204522
1751283894.5504973,10251106,2624283136,2624.283136,27,126,169,6,20250630_204522
1751283894.5604813,10251145,2624293120,2624.29312,33,72,169,6,20250630_204522
1751283894.570465,10251184,2624303104,2624.303104,38,119,169,6,20250630_204522
1751283894.580449,10251223,2624313088,2624.313088,43,76,169,6,20250630_204522
1751283894.5904334,10251262,2624323072,2624.323072,47,88,169,6,20250630_204522
1751283894.6004174,10251301,2624333056,2624.333056,52,112,169,6,20250630_204522
1751283894.6104014,10251340,2624343040,2624.34304,56,171,168,6,20250630_204522
1751283894.6203854,10251379,2624353024,2624.353024,60,151,166,6,20250630_204522
1751283894.6303694,10251418,2624363008,2624.363008,64,110,162,6,20250630_204522
1751283894.6403534,10251457,2624372992,2624.372992,68,65,152,6,20250630_204522
1751283894.6505935,10251497,2624383232,2624.383232,72,62,147,6,20250630_204522
1751283894.6605773,10251536,2624393216,2624.393216,75,61,141,6,20250630_204522
1751283894.6705613,10251575,2624403200,2624.4032,79,58,135,6,20250630_204522
1751283894.680545,10251614,2624413184,2624.413184,84,58,130,6,20250630_204522
1751283894.690529,10251653,2624423168,2624.423168,88,55,127,6,20250630_204522
1751283894.7005134,10251692,2624433152,2624.433152,93,54,124,6,20250630_204522
1751283894.7104974,10251731,2624443136,2624.443136,98,53,119,6,20250630_204522
1751283894.7204814,10251770,2624453120,2624.45312,104,55,120,6,20250630_204522
1751283894.7304654,10251809,2624463104,2624.463104,109,55,120,6,20250630_204522
1751283894.7404494,10251848,2624473088,2624.473088,115,55,122,6,20250630_204522
1751283894.7504334,10251887,2624483072,2624.483072,121,54,120,6,20250630_204522
1751283894.7604177,10251926,2624493056,2624.493056,127,50,120,6,20250630_204522
1751283894.7704017,10251965,2624503040,2624.50304,132,47,118,6,20250630_204522
1751283894.7803855,10252004,2624513024,2624.513024,138,49,119,6,20250630_204522
1751283894.790625,10252044,2624523264,2624.523264,144,51,120,6,20250630_204522
1751283894.8006094,10252083,2624533248,2624.533248,150,50,121,6,20250630_204522
1751283894.8105934,10252122,2624543232,2624.543232,155,52,122,6,20250630_204522
1751283894.8205774,10252161,2624553216,2624.553216,160,49,124,6,20250630_204522
1751283894.8305614,10252200,2624563200,2624.5632,165,49,124,6,20250630_204522
1751283894.8405454,10252239,2624573184,2624.573184,170,49,127,6,20250630_204522
1751283894.8505294,10252278,2624583168,2624.583168,174,52,128,6,20250630_204522
1751283894.8605134,10252317,2624593152,2624.593152,178,53,132,6,20250630_204522
1751283894.8704977,10252356,2624603136,2624.603136,182,65,137,6,20250630_204522
1751283894.8804815,10252395,2624613120,2624.61312,186,49,145,6,20250630_204522
1751283894.8904655,10252434,2624623104,2624.623104,190,47,152,6,20250630_204522
1751283894.9004495,10252473,2624633088,2624.633088,194,49,159,6,20250630_204522
1751283894.9104333,10252512,2624643072,2624.643072,198,51,163,6,20250630_204522
1751283894.9204173,10252551,2624653056,2624.653056,202,51,164,6,20250630_204522
1751283894.930401,10252590,2624663040,2624.66304,206,50,166,6,20250630_204522
1751283894.9406414,10252630,2624673280,2624.67328,211,51,166,6,20250630_204522
1751283894.9506254,10252669,2624683264,2624.683264,216,51,168,6,20250630_204522
1751283894.9606094,10252708,2624693248,2624.693248,221,53,167,6,20250630_204522
1751283894.9705937,10252747,2624703232,2624.703232,226,52,167,6,20250630_204522
1751283894.9805777,10252786,2624713216,2624.713216,232,54,167,6,20250630_204522
1751283894.9905615,10252825,2624723200,2624.7232,237,63,167,6,20250630_204522
1751283895.0005455,10252864,2624733184,2624.733184,243,63,168,6,20250630_204522
1751283895.0105295,10252903,2624743168,2624.743168,249,81,168,6,20250630_204522
1751283895.0205133,10252942,2624753152,2624.753152,254,112,168,6,20250630_204522
1751283895.0304973,10252981,2624763136,2624.763136,5,81,168,6,20250630_204522
1751283895.040481,10253020,2624773120,2624.77312,11,162,168,6,20250630_204522
1751283895.050465,10253059,2624783104,2624.783104,17,95,169,6,20250630_204522
1751283895.0604494,10253098,2624793088,2624.793088,22,74,169,6,20250630_204522
1751283895.0704334,10253137,2624803072,2624.803072,28,135,168,6,20250630_204522
1751283895.0806737,10253177,2624813312,2624.813312,33,74,169,6,20250630_204522
1751283895.0906577,10253216,2624823296,2624.823296,38,70,169,6,20250630_204522
1751283895.1006415,10253255,2624833280,2624.83328,43,88,169,6,20250630_204522
1751283895.1106255,10253294,2624843264,2624.843264,48,90,169,6,20250630_204522
1751283895.1206093,10253333,2624853248,2624.853248,52,195,168,6,20250630_204522
1751283895.1305933,10253372,2624863232,2624.863232,56,165,167,6,20250630_204522
1751283895.1405773,10253411,2624873216,2624.873216,60,175,166,6,20250630_204522
1751283895.150561,10253450,2624883200,2624.8832,64,66,159,6,20250630_204522
1751283895.160545,10253489,2624893184,2624.893184,68,61,153,6,20250630_204522
1751283895.1705294,10253528,2624903168,2624.903168,72,58,147,6,20250630_204522
1751283895.1805134,10253567,2624913152,2624.913152,76,56,140,6,20250630_204522
1751283895.1904974,10253606,2624923136,2624.923136,80,53,134,6,20250630_204522
1751283895.2004814,10253645,2624933120,2624.93312,84,53,129,6,20250630_204522
1751283895.2104654,10253684,2624943104,2624.943104,89,53,126,6,20250630_204522
1751283895.2207055,10253724,2624953344,2624.953344,94,53,122,6,20250630_204522
1751283895.2306893,10253763,2624963328,2624.963328,99,54,120,6,20250630_204522
1751283895.2406733,10253802,2624973312,2624.973312,104,51,119,6,20250630_204522
1751283895.250657,10253841,2624983296,2624.983296,110,48,120,6,20250630_204522
1751283895.260641,10253880,2624993280,2624.99328,116,46,122,6,20250630_204522
1751283895.2706254,10253919,2625003264,2625.003264,121,44,119,6,20250630_204522
1751283895.2806094,10253958,2625013248,2625.013248,127,43,119,6,20250630_204522
1751283895.2905934,10253997,2625023232,2625.023232,133,42,118,6,20250630_204522
1751283895.3005774,10254036,2625033216,2625.033216,139,43,120,6,20250630_204522
1751283895.3105614,10254075,2625043200,2625.0432,145,41,120,6,20250630_204522
1751283895.3205454,10254114,2625053184,2625.053184,150,43,121,6,20250630_204522
1751283895.3305297,10254153,2625063168,2625.063168,156,46,122,6,20250630_204522
1751283895.3405137,10254192,2625073152,2625.073152,161,44,124,6,20250630_204522
1751283895.3504975,10254231,2625083136,2625.083136,166,44,125,6,20250630_204522
1751283895.360737,10254271,2625093376,2625.093376,170,41,127,6,20250630_204522
1751283895.370721,10254310,2625103360,2625.10336,175,40,128,6,20250630_204522
1751283895.3807054,10254349,2625113344,2625.113344,179,42,131,6,20250630_204522
1751283895.3906894,10254388,2625123328,2625.123328,183,42,136,6,20250630_204522
1751283895.4006734,10254427,2625133312,2625.133312,187,42,144,6,20250630_204522
1751283895.4106574,10254466,2625143296,2625.143296,191,41,152,6,20250630_204522
1751283895.4206414,10254505,2625153280,2625.15328,194,44,159,6,20250630_204522
1751283895.4306254,10254544,2625163264,2625.163264,198,44,162,6,20250630_204522
1751283895.4406097,10254583,2625173248,2625.173248,203,47,164,6,20250630_204522
1751283895.4505937,10254622,2625183232,2625.183232,207,45,165,6,20250630_204522
1751283895.4605775,10254661,2625193216,2625.193216,212,45,167,6,20250630_204522
1751283895.4705615,10254700,2625203200,2625.2032,217,45,167,6,20250630_204522
1751283895.4805455,10254739,2625213184,2625.213184,222,47,167,6,20250630_204522
1751283895.4905293,10254778,2625223168,2625.223168,227,48,168,6,20250630_204522
1751283895.5005133,10254817,2625233152,2625.233152,232,50,168,6,20250630_204522
1751283895.5107534,10254857,2625243392,2625.243392,238,50,168,6,20250630_204522
1751283895.5207374,10254896,2625253376,2625.253376,244,61,168,6,20250630_204522
1751283895.5307214,10254935,2625263360,2625.26336,249,87,167,6,20250630_204522
1751283895.5407054,10254974,2625273344,2625.273344,0,82,168,6,20250630_204522
1751283895.5506897,10255013,2625283328,2625.283328,6,76,168,6,20250630_204522
1751283895.5606737,10255052,2625293312,2625.293312,12,83,168,6,20250630_204522
1751283895.5706575,10255091,2625303296,2625.303296,18,77,169,6,20250630_204522
1751283895.5806415,10255130,2625313280,2625.31328,23,103,168,6,20250630_204522
1751283895.5906253,10255169,2625323264,2625.323264,28,111,168,6,20250630_204522
1751283895.6006093,10255208,2625333248,2625.333248,34,95,170,6,20250630_204522
1751283895.6105933,10255247,2625343232,2625.343232,39,92,168,6,20250630_204522
1751283895.620577,10255286,2625353216,2625.353216,44,79,167,6,20250630_204522
1751283895.6305614,10255325,2625363200,2625.3632,48,78,168,6,20250630_204522
1751283895.6405454,10255364,2625373184,2625.373184,53,95,168,6,20250630_204522
1751283895.6505294,10255403,2625383168,2625.383168,57,127,166,6,20250630_204522
1751283895.6607697,10255443,2625393408,2625.393408,61,161,164,6,20250630_204522
1751283895.6707537,10255482,2625403392,2625.403392,65,90,160,6,20250630_204522
1751283895.6807375,10255521,2625413376,2625.413376,68,109,153,6,20250630_204522
1751283895.6907215,10255560,2625423360,2625.42336,72,114,144,6,20250630_204522
1751283895.7007053,10255599,2625433344,2625.433344,76,63,135,6,20250630_204522
1751283895.7106893,10255638,2625443328,2625.443328,80,68,130,6,20250630_204522
1751283895.720673,10255677,2625453312,2625.453312,85,71,127,6,20250630_204522
1751283895.730657,10255716,2625463296,2625.463296,90,67,124,6,20250630_204522
1751283895.7406414,10255755,2625473280,2625.47328,95,67,119,6,20250630_204522
1751283895.7506254,10255794,2625483264,2625.483264,100,59,120,6,20250630_204522
1751283895.7606094,10255833,2625493248,2625.493248,105,114,121,6,20250630_204522
1751283895.7705934,10255872,2625503232,2625.503232,111,74,121,6,20250630_204522
1751283895.7805774,10255911,2625513216,2625.513216,117,69,122,6,20250630_204522
1751283895.7905614,10255950,2625523200,2625.5232,122,47,122,6,20250630_204522
1751283895.8008015,10255990,2625533440,2625.53344,128,64,122,6,20250630_204522
1751283895.8107853,10256029,2625543424,2625.543424,134,46,122,6,20250630_204522
1751283895.8207693,10256068,2625553408,2625.553408,139,42,121,6,20250630_204522
1751283895.830753,10256107,2625563392,2625.563392,145,71,122,6,20250630_204522
1751283895.840737,10256146,2625573376,2625.573376,150,103,124,6,20250630_204522
1751283895.8507214,10256185,2625583360,2625.58336,156,123,126,6,20250630_204522
1751283895.8607054,10256224,2625593344,2625.593344,160,187,128,6,20250630_204522
1751283895.8706894,10256263,2625603328,2625.603328,165,181,132,6,20250630_204522
1751283895.8806734,10256302,2625613312,2625.613312,169,147,140,6,20250630_204522
1751283895.8906574,10256341,2625623296,2625.623296,173,167,147,6,20250630_204522
1751283895.9006414,10256380,2625633280,2625.63328,177,144,154,6,20250630_204522
1751283895.9106257,10256419,2625643264,2625.643264,180,137,161,6,20250630_204522
1751283895.9206097,10256458,2625653248,2625.653248,184,160,166,6,20250630_204522
1751283895.9305935,10256497,2625663232,2625.663232,187,136,166,6,20250630_204522
1751283895.9405775,10256536,2625673216,2625.673216,191,194,167,6,20250630_204522
1751283895.950817,10256576,2625683456,2625.683456,195,187,165,6,20250630_204522
1751283895.9608014,10256615,2625693440,2625.69344,199,192,166,6,20250630_204522
1751283895.9707854,10256654,2625703424,2625.703424,203,179,168,6,20250630_204522
1751283895.9807694,10256693,2625713408,2625.713408,208,187,167,6,20250630_204522
1751283895.9907534,10256732,2625723392,2625.723392,212,185,168,6,20250630_204522
1751283896.0007374,10256771,2625733376,2625.733376,217,176,167,6,20250630_204522
1751283896.0107214,10256810,2625743360,2625.74336,223,169,168,6,20250630_204522
1751283896.0207057,10256849,2625753344,2625.753344,228,170,168,6,20250630_204522
1751283896.0306897,10256888,2625763328,2625.763328,233,163,167,6,20250630_204522
1751283896.0406735,10256927,2625773312,2625.773312,239,172,167,6,20250630_204522
1751283896.0506575,10256966,2625783296,2625.783296,245,162,168,6,20250630_204522
1751283896.0606413,10257005,2625793280,2625.79328,250,164,167,6,20250630_204522
1751283896.0706253,10257044,2625803264,2625.803264,1,144,168,6,20250630_204522
1751283896.080609,10257083,2625813248,2625.813248,7,98,167,6,20250630_204522
1751283896.0908494,10257123,2625823488,2625.823488,12,154,167,6,20250630_204522
1751283896.1008334,10257162,2625833472,2625.833472,18,158,163,6,20250630_204522
1751283896.1108174,10257201,2625843456,2625.843456,23,148,160,6,20250630_204522
1751283896.1208014,10257240,2625853440,2625.85344,28,140,153,6,20250630_204522
1751283896.1307857,10257279,2625863424,2625.863424,32,65,144,6,20250630_204522
1751283896.1407695,10257318,2625873408,2625.873408,35,54,136,6,20250630_204522
1751283896.1507535,10257357,2625883392,2625.883392,38,63,128,6,20250630_204522
1751283896.1607375,10257396,2625893376,2625.893376,41,70,124,6,20250630_204522
1751283896.1707213,10257435,2625903360,2625.90336,44,62,120,6,20250630_204522
1751283896.1807053,10257474,2625913344,2625.913344,47,59,121,6,20250630_204522
1751283896.190689,10257513,2625923328,2625.923328,50,88,124,6,20250630_204522
1751283896.200673,10257552,2625933312,2625.933312,54,98,126,6,20250630_204522
1751283896.2106574,10257591,2625943296,2625.943296,57,88,127,6,20250630_204522
1751283896.2206414,10257630,2625953280,2625.95328,61,93,130,6,20250630_204522
1751283896.2308817,10257670,2625963520,2625.96352,65,85,134,6,20250630_204522
1751283896.2408657,10257709,2625973504,2625.973504,69,85,137,6,20250630_204522
1751283896.2508495,10257748,2625983488,2625.983488,73,77,142,6,20250630_204522
1751283896.2608335,10257787,2625993472,2625.993472,76,79,145,6,20250630_204522
1751283896.2708175,10257826,2626003456,2626.003456,80,72,148,6,20250630_204522
1751283896.2808013,10257865,2626013440,2626.01344,84,73,151,6,20250630_204522
1751283896.2907853,10257904,2626023424,2626.023424,87,67,152,6,20250630_204522
1751283896.300769,10257943,2626033408,2626.033408,91,70,155,6,20250630_204522
1751283896.310753,10257982,2626043392,2626.043392,94,64,155,6,20250630_204522
1751283896.3207374,10258021,2626053376,2626.053376,97,68,156,6,20250630_204522
1751283896.3307214,10258060,2626063360,2626.06336,100,65,156,6,20250630_204522
1751283896.3407054,10258099,2626073344,2626.073344,103,63,157,6,20250630_204522
1751283896.3506894,10258138,2626083328,2626.083328,106,56,157,6,20250630_204522
1751283896.3606734,10258177,2626093312,2626.093312,109,54,158,6,20250630_204522
1751283896.3706574,10258216,2626103296,2626.103296,112,50,157,6,20250630_204522
1751283896.3808973,10258256,2626113536,2626.113536,115,50,157,6,20250630_204522
1751283896.3908813,10258295,2626123520,2626.12352,117,46,155,6,20250630_204522
1751283896.4008653,10258334,2626133504,2626.133504,120,46,154,6,20250630_204522
1751283896.410849,10258373,2626143488,2626.143488,123,43,153,6,20250630_204522
1751283896.420833,10258412,2626153472,2626.153472,127,44,152,6,20250630_204522
1751283896.4308174,10258451,2626163456,2626.163456,130,41,148,6,20250630_204522
1751283896.4408014,10258490,2626173440,2626.17344,133,43,146,6,20250630_204522
1751283896.4507854,10258529,2626183424,2626.183424,137,41,146,6,20250630_204522
1751283896.4607694,10258568,2626193408,2626.193408,141,41,145,6,20250630_204522
1751283896.4707534,10258607,2626203392,2626.203392,145,39,143,6,20250630_204522
1751283896.4807374,10258646,2626213376,2626.213376,149,40,142,6,20250630_204522
1751283896.4907217,10258685,2626223360,2626.22336,153,39,143,6,20250630_204522
1751283896.5007057,10258724,2626233344,2626.233344,157,38,143,6,20250630_204522
1751283896.5106895,10258763,2626243328,2626.243328,160,36,145,6,20250630_204522
1751283896.520929,10258803,2626253568,2626.253568,164,37,148,6,20250630_204522
1751283896.5309134,10258842,2626263552,2626.263552,168,35,151,6,20250630_204522
1751283896.5408974,10258881,2626273536,2626.273536,171,37,156,6,20250630_204522
1751283896.5508814,10258920,2626283520,2626.28352,174,35,159,6,20250630_204522
1751283896.5608654,10258959,2626293504,2626.293504,178,36,162,6,20250630_204522
1751283896.5708494,10258998,2626303488,2626.303488,181,35,164,6,20250630_204522
1751283896.5808334,10259037,2626313472,2626.313472,185,37,166,6,20250630_204522
1751283896.5908177,10259076,2626323456,2626.323456,188,37,167,6,20250630_204522
1751283896.6008017,10259115,2626333440,2626.33344,192,38,167,6,20250630_204522
1751283896.6107855,10259154,2626343424,2626.343424,196,38,167,6,20250630_204522
1751283896.6207695,10259193,2626353408,2626.353408,200,42,168,6,20250630_204522
1751283896.6307535,10259232,2626363392,2626.363392,205,40,168,6,20250630_204522
1751283896.6407373,10259271,2626373376,2626.373376,209,39,168,6,20250630_204522
1751283896.6507213,10259310,2626383360,2626.38336,214,35,168,6,20250630_204522
1751283896.6609614,10259350,2626393600,2626.3936,219,36,168,6,20250630_204522
1751283896.6709454,10259389,2626403584,2626.403584,224,36,168,6,20250630_204522
1751283896.6809294,10259428,2626413568,2626.413568,230,38,168,6,20250630_204522
1751283896.6909134,10259467,2626423552,2626.423552,235,37,168,6,20250630_204522
1751283896.7008977,10259506,2626433536,2626.433536,241,38,168,6,20250630_204522
1751283896.7108817,10259545,2626443520,2626.44352,247,37,168,6,20250630_204522
1751283896.7208655,10259584,2626453504,2626.453504,253,39,168,6,20250630_204522
1751283896.7308495,10259623,2626463488,2626.463488,3,38,168,6,20250630_204522
1751283896.7408335,10259662,2626473472,2626.473472,9,42,167,6,20250630_204522
1751283896.7508173,10259701,2626483456,2626.483456,15,42,168,6,20250630_204522
1751283896.7608013,10259740,2626493440,2626.49344,20,46,167,6,20250630_204522
1751283896.770785,10259779,2626503424,2626.503424,26,45,167,6,20250630_204522
1751283896.780769,10259818,2626513408,2626.513408,31,47,167,6,20250630_204522
1751283896.7907534,10259857,2626523392,2626.523392,36,44,166,6,20250630_204522
1751283896.8007374,10259896,2626533376,2626.533376,41,45,166,6,20250630_204522
1751283896.8107214,10259935,2626543360,2626.54336,46,44,165,6,20250630_204522
1751283896.8209617,10259975,2626553600,2626.5536,50,45,164,6,20250630_204522
1751283896.8309455,10260014,2626563584,2626.563584,54,43,161,6,20250630_204522
1751283896.8409295,10260053,2626573568,2626.573568,58,45,158,6,20250630_204522
1751283896.8509133,10260092,2626583552,2626.583552,62,42,156,6,20250630_204522
1751283896.8608973,10260131,2626593536,2626.593536,66,42,157,6,20250630_204522
1751283896.8708813,10260170,2626603520,2626.60352,70,40,157,6,20250630_204522
1751283896.880865,10260209,2626613504,2626.613504,73,42,158,6,20250630_204522
1751283896.8908494,10260248,2626623488,2626.623488,77,41,160,6,20250630_204522
1751283896.9008334,10260287,2626633472,2626.633472,80,42,165,6,20250630_204522
1751283896.9108174,10260326,2626643456,2626.643456,83,39,164,6,20250630_204522
1751283896.9208014,10260365,2626653440,2626.65344,86,40,164,6,20250630_204522
1751283896.9307854,10260404,2626663424,2626.663424,89,38,166,6,20250630_204522
1751283896.9407694,10260443,2626673408,2626.673408,92,39,166,6,20250630_204522
1751283896.9507537,10260482,2626683392,2626.683392,94,38,168,6,20250630_204522
1751283896.9609933,10260522,2626693632,2626.693632,96,39,169,6,20250630_204522
1751283896.9709773,10260561,2626703616,2626.703616,99,36,168,6,20250630_204522
1751283896.980961,10260600,2626713600,2626.7136,101,38,167,6,20250630_204522
1751283896.990945,10260639,2626723584,2626.723584,103,35,168,6,20250630_204522
1751283897.0009294,10260678,2626733568,2626.733568,105,37,168,6,20250630_204522
1751283897.0109134,10260717,2626743552,2626.743552,107,36,168,6,20250630_204522
1751283897.0208974,10260756,2626753536,2626.753536,109,39,170,6,20250630_204522
1751283897.0308814,10260795,2626763520,2626.76352,111,39,168,6,20250630_204522
1751283897.0408654,10260834,2626773504,2626.773504,113,41,170,6,20250630_204522
1751283897.0508494,10260873,2626783488,2626.783488,115,39,170,6,20250630_204522
1751283897.0608337,10260912,2626793472,2626.793472,117,42,169,6,20250630_204522
1751283897.0708177,10260951,2626803456,2626.803456,119,39,169,6,20250630_204522
1751283897.0808015,10260990,2626813440,2626.81344,120,39,170,6,20250630_204522
1751283897.0907855,10261029,2626823424,2626.823424,122,37,170,6,20250630_204522
1751283897.1007695,10261068,2626833408,2626.833408,124,39,170,6,20250630_204522
1751283897.1110094,10261108,2626843648,2626.843648,126,37,169,6,20250630_204522
1751283897.1209934,10261147,2626853632,2626.853632,128,38,170,6,20250630_204522
1751283897.1309774,10261186,2626863616,2626.863616,129,36,171,6,20250630_204522
1751283897.1409614,10261225,2626873600,2626.8736,131,37,170,6,20250630_204522
1751283897.1509454,10261264,2626883584,2626.883584,133,36,170,6,20250630_204522
1751283897.1609294,10261303,2626893568,2626.893568,135,36,170,6,20250630_204522
1751283897.1709137,10261342,2626903552,2626.903552,137,35,170,6,20250630_204522
1751283897.1808977,10261381,2626913536,2626.913536,139,37,170,6,20250630_204522
1751283897.1908815,10261420,2626923520,2626.92352,141,35,170,6,20250630_204522
1751283897.2008655,10261459,2626933504,2626.933504,142,35,170,6,20250630_204522
1751283897.2108493,10261498,2626943488,2626.943488,144,34,171,6,20250630_204522
1751283897.2208333,10261537,2626953472,2626.953472,146,35,170,6,20250630_204522
1751283897.2308173,10261576,2626963456,2626.963456,149,34,170,6,20250630_204522
1751283897.240801,10261615,2626973440,2626.97344,151,33,170,6,20250630_204522
1751283897.2510414,10261655,2626983680,2626.98368,153,32,170,6,20250630_204522
1751283897.2610254,10261694,2626993664,2626.993664,155,33,169,6,20250630_204522
1751283897.2710094,10261733,2627003648,2627.003648,157,32,170,6,20250630_204522
1751283897.2809937,10261772,2627013632,2627.013632,160,33,170,6,20250630_204522
1751283897.2909777,10261811,2627023616,2627.023616,162,33,170,6,20250630_204522
1751283897.3009615,10261850,2627033600,2627.0336,165,34,171,6,20250630_204522
1751283897.3109455,10261889,2627043584,2627.043584,168,33,170,6,20250630_204522
1751283897.3209293,10261928,2627053568,2627.053568,170,34,170,6,20250630_204522
1751283897.3309133,10261967,2627063552,2627.063552,173,34,171,6,20250630_204522
1751283897.340897,10262006,2627073536,2627.073536,176,35,170,6,20250630_204522
1751283897.350881,10262045,2627083520,2627.08352,180,34,170,6,20250630_204522
1751283897.3608654,10262084,2627093504,2627.093504,183,35,170,6,20250630_204522
1751283897.3708494,10262123,2627103488,2627.103488,187,34,170,6,20250630_204522
1751283897.3808334,10262162,2627113472,2627.113472,190,36,171,6,20250630_204522
1751283897.3910737,10262202,2627123712,2627.123712,194,33,170,6,20250630_204522
1751283897.4010575,10262241,2627133696,2627.133696,198,34,167,6,20250630_204522
1751283897.4110415,10262280,2627143680,2627.14368,203,33,171,6,20250630_204522
1751283897.4210255,10262319,2627153664,2627.153664,207,33,170,6,20250630_204522
1751283897.4310093,10262358,2627163648,2627.163648,212,32,170,6,20250630_204522
1751283897.4409933,10262397,2627173632,2627.173632,217,33,170,6,20250630_204522
1751283897.450977,10262436,2627183616,2627.183616,222,32,170,6,20250630_204522
1751283897.460961,10262475,2627193600,2627.1936,227,34,170,6,20250630_204522
1751283897.4709454,10262514,2627203584,2627.203584,233,34,173,6,20250630_204522
1751283897.4809294,10262553,2627213568,2627.213568,238,34,171,6,20250630_204522
1751283897.4909134,10262592,2627223552,2627.223552,244,33,170,6,20250630_204522
1751283897.5008974,10262631,2627233536,2627.233536,250,35,171,6,20250630_204522
1751283897.5108814,10262670,2627243520,2627.24352,1,33,171,6,20250630_204522
1751283897.5208654,10262709,2627253504,2627.253504,7,35,171,6,20250630_204522
1751283897.5308497,10262748,2627263488,2627.263488,12,33,171,6,20250630_204522
1751283897.5410893,10262788,2627273728,2627.273728,18,34,170,6,20250630_204522
1751283897.5510733,10262827,2627283712,2627.283712,24,33,171,6,20250630_204522
1751283897.561057,10262866,2627293696,2627.293696,29,35,171,6,20250630_204522
1751283897.571041,10262905,2627303680,2627.30368,34,33,170,6,20250630_204522
1751283897.5810254,10262944,2627313664,2627.313664,39,34,170,6,20250630_204522
1751283897.5910094,10262983,2627323648,2627.323648,44,33,171,6,20250630_204522
1751283897.6009934,10263022,2627333632,2627.333632,49,35,172,6,20250630_204522
1751283897.6109774,10263061,2627343616,2627.343616,53,33,171,6,20250630_204522
1751283897.6209614,10263100,2627353600,2627.3536,57,34,171,6,20250630_204522
1751283897.6309454,10263139,2627363584,2627.363584,61,32,171,6,20250630_204522
1751283897.6409297,10263178,2627373568,2627.373568,65,33,171,6,20250630_204522
1751283897.6509137,10263217,2627383552,2627.383552,69,32,171,6,20250630_204522
1751283897.6608975,10263256,2627393536,2627.393536,72,33,171,6,20250630_204522
1751283897.6708815,10263295,2627403520,2627.40352,76,32,171,6,20250630_204522
1751283897.6808653,10263334,2627413504,2627.413504,79,33,170,6,20250630_204522
1751283897.6911054,10263374,2627423744,2627.423744,82,32,171,6,20250630_204522
1751283897.7010894,10263413,2627433728,2627.433728,85,32,170,6,20250630_204522
1751283897.7110734,10263452,2627443712,2627.443712,87,31,168,6,20250630_204522
1751283897.7210574,10263491,2627453696,2627.453696,90,32,171,6,20250630_204522
1751283897.7310414,10263530,2627463680,2627.46368,92,31,170,6,20250630_204522
1751283897.7410254,10263569,2627473664,2627.473664,95,31,170,6,20250630_204522
1751283897.7510097,10263608,2627483648,2627.483648,97,31,171,6,20250630_204522
1751283897.7609937,10263647,2627493632,2627.493632,99,31,170,6,20250630_204522
1751283897.7709775,10263686,2627503616,2627.503616,102,31,171,6,20250630_204522
1751283897.7809615,10263725,2627513600,2627.5136,104,31,169,6,20250630_204522
1751283897.7909453,10263764,2627523584,2627.523584,106,30,171,6,20250630_204522
1751283897.8009293,10263803,2627533568,2627.533568,108,31,171,6,20250630_204522
1751283897.810913,10263842,2627543552,2627.543552,110,31,172,6,20250630_204522
1751283897.820897,10263881,2627553536,2627.553536,112,31,171,6,20250630_204522
1751283897.8311374,10263921,2627563776,2627.563776,114,30,171,6,20250630_204522
1751283897.8411214,10263960,2627573760,2627.57376,116,31,170,6,20250630_204522
1751283897.8511057,10263999,2627583744,2627.583744,118,30,171,6,20250630_204522
1751283897.8610897,10264038,2627593728,2627.593728,120,30,172,6,20250630_204522
1751283897.8710735,10264077,2627603712,2627.603712,121,29,170,6,20250630_204522
1751283897.8810575,10264116,2627613696,2627.613696,123,31,170,6,20250630_204522
1751283897.8910415,10264155,2627623680,2627.62368,125,30,170,6,20250630_204522
1751283897.9010253,10264194,2627633664,2627.633664,127,31,171,6,20250630_204522
1751283897.9110093,10264233,2627643648,2627.643648,129,29,172,6,20250630_204522
1751283897.920993,10264272,2627653632,2627.653632,131,30,170,6,20250630_204522
1751283897.930977,10264311,2627663616,2627.663616,132,29,171,6,20250630_204522
1751283897.9409614,10264350,2627673600,2627.6736,134,31,171,6,20250630_204522
1751283897.9509454,10264389,2627683584,2627.683584,136,29,170,6,20250630_204522
1751283897.9609294,10264428,2627693568,2627.693568,138,29,171,6,20250630_204522
1751283897.9709134,10264467,2627703552,2627.703552,140,29,171,6,20250630_204522
1751283897.9811535,10264507,2627713792,2627.713792,142,30,171,6,20250630_204522
1751283897.9911375,10264546,2627723776,2627.723776,144,29,171,6,20250630_204522
1751283898.0011215,10264585,2627733760,2627.73376,146,29,171,6,20250630_204522
1751283898.0111053,10264624,2627743744,2627.743744,148,28,170,6,20250630_204522
1751283898.0210893,10264663,2627753728,2627.753728,150,29,171,6,20250630_204522
1751283898.031073,10264702,2627763712,2627.763712,152,28,171,6,20250630_204522
1751283898.041057,10264741,2627773696,2627.773696,155,29,170,6,20250630_204522
1751283898.0510414,10264780,2627783680,2627.78368,157,28,171,6,20250630_204522
1751283898.0610254,10264819,2627793664,2627.793664,159,29,171,6,20250630_204522
1751283898.0710094,10264858,2627803648,2627.803648,162,28,171,6,20250630_204522
1751283898.0809934,10264897,2627813632,2627.813632,164,28,171,6,20250630_204522
1751283898.0909774,10264936,2627823616,2627.823616,167,27,171,6,20250630_204522
1751283898.1009614,10264975,2627833600,2627.8336,170,28,172,6,20250630_204522
1751283898.1109457,10265014,2627843584,2627.843584,173,27,170,6,20250630_204522
1751283898.1211853,10265054,2627853824,2627.853824,176,28,172,6,20250630_204522
1751283898.1311693,10265093,2627863808,2627.863808,179,27,171,6,20250630_204522
1751283898.141153,10265132,2627873792,2627.873792,183,28,170,6,20250630_204522
1751283898.1511374,10265171,2627883776,2627.883776,186,27,170,6,20250630_204522
1751283898.1611214,10265210,2627893760,2627.89376,190,28,170,6,20250630_204522
1751283898.1711054,10265249,2627903744,2627.903744,194,28,170,6,20250630_204522
1751283898.1810894,10265288,2627913728,2627.913728,198,34,170,6,20250630_204522
1751283898.1910734,10265327,2627923712,2627.923712,202,36,170,6,20250630_204522
1751283898.2010574,10265366,2627933696,2627.933696,207,38,170,6,20250630_204522
1751283898.2110417,10265405,2627943680,2627.94368,211,38,170,6,20250630_204522
1751283898.2210257,10265444,2627953664,2627.953664,216,41,171,6,20250630_204522
1751283898.2310095,10265483,2627963648,2627.963648,221,40,170,6,20250630_204522
1751283898.2409935,10265522,2627973632,2627.973632,226,42,171,6,20250630_204522
1751283898.2509775,10265561,2627983616,2627.983616,232,41,170,6,20250630_204522
1751283898.2612174,10265601,2627993856,2627.993856,238,43,171,6,20250630_204522
1751283898.2712014,10265640,2628003840,2628.00384,243,41,171,6,20250630_204522
1751283898.2811854,10265679,2628013824,2628.013824,249,44,171,6,20250630_204522
1751283898.2911694,10265718,2628023808,2628.023808,0,42,171,6,20250630_204522
1751283898.3011534,10265757,2628033792,2628.033792,6,45,171,6,20250630_204522
1751283898.3111374,10265796,2628043776,2628.043776,11,43,171,6,20250630_204522
1751283898.3211217,10265835,2628053760,2628.05376,17,46,171,6,20250630_204522
1751283898.3311057,10265874,2628063744,2628.063744,23,44,171,6,20250630_204522
1751283898.3410895,10265913,2628073728,2628.073728,28,46,170,6,20250630_204522
1751283898.3510735,10265952,2628083712,2628.083712,33,44,171,6,20250630_204522
1751283898.3610575,10265991,2628093696,2628.093696,38,48,170,6,20250630_204522
1751283898.3710413,10266030,2628103680,2628.10368,43,45,170,6,20250630_204522
1751283898.3810253,10266069,2628113664,2628.113664,48,49,170,6,20250630_204522
1751283898.391009,10266108,2628123648,2628.123648,52,46,170,6,20250630_204522
1751283898.4012494,10266148,2628133888,2628.133888,56,50,169,6,20250630_204522
1751283898.4112334,10266187,2628143872,2628.143872,60,48,166,6,20250630_204522
1751283898.4212174,10266226,2628153856,2628.153856,64,52,159,6,20250630_204522
1751283898.4312017,10266265,2628163840,2628.16384,68,49,152,6,20250630_204522
1751283898.4411857,10266304,2628173824,2628.173824,72,52,144,6,20250630_204522
1751283898.4511695,10266343,2628183808,2628.183808,76,50,139,6,20250630_204522
1751283898.4611535,10266382,2628193792,2628.193792,81,54,138,6,20250630_204522
1751283898.4711373,10266421,2628203776,2628.203776,86,51,138,6,20250630_204522
1751283898.4811213,10266460,2628213760,2628.21376,91,56,136,6,20250630_204522
1751283898.4911053,10266499,2628223744,2628.223744,96,53,132,6,20250630_204522
1751283898.501089,10266538,2628233728,2628.233728,101,57,129,6,20250630_204522
1751283898.5110734,10266577,2628243712,2628.243712,107,55,127,6,20250630_204522
1751283898.5210574,10266616,2628253696,2628.253696,112,59,127,6,20250630_204522
1751283898.5310414,10266655,2628263680,2628.26368,118,57,125,6,20250630_204522
1751283898.5410254,10266694,2628273664,2628.273664,124,62,126,6,20250630_204522
1751283898.5512657,10266734,2628283904,2628.283904,130,60,124,6,20250630_204522
1751283898.5612495,10266773,2628293888,2628.293888,136,67,122,6,20250630_204522
1751283898.5712335,10266812,2628303872,2628.303872,142,69,123,6,20250630_204522
1751283898.5812173,10266851,2628313856,2628.313856,147,79,122,6,20250630_204522
1751283898.5912013,10266890,2628323840,2628.32384,153,78,122,6,20250630_204522
1751283898.601185,10266929,2628333824,2628.333824,158,88,123,6,20250630_204522
1751283898.611169,10266968,2628343808,2628.343808,163,88,123,6,20250630_204522
1751283898.6211534,10267007,2628353792,2628.353792,168,99,124,6,20250630_204522
1751283898.6311374,10267046,2628363776,2628.363776,173,99,127,6,20250630_204522
1751283898.6411214,10267085,2628373760,2628.37376,178,110,126,6,20250630_204522
1751283898.6511054,10267124,2628383744,2628.383744,182,111,127,6,20250630_204522
1751283898.6610894,10267163,2628393728,2628.393728,186,124,130,6,20250630_204522
1751283898.6710734,10267202,2628403712,2628.403712,190,124,136,6,20250630_204522
1751283898.6810577,10267241,2628413696,2628.413696,194,138,140,6,20250630_204522
1751283898.6912973,10267281,2628423936,2628.423936,197,142,144,6,20250630_204522
1751283898.7012813,10267320,2628433920,2628.43392,201,159,148,6,20250630_204522
1751283898.711265,10267359,2628443904,2628.443904,205,157,148,6,20250630_204522
1751283898.721249,10267398,2628453888,2628.453888,208,168,149,6,20250630_204522
1751283898.7312334,10267437,2628463872,2628.463872,212,165,147,6,20250630_204522
1751283898.7412174,10267476,2628473856,2628.473856,215,176,144,6,20250630_204522
1751283898.7512014,10267515,2628483840,2628.48384,218,175,142,6,20250630_204522
1751283898.7611854,10267554,2628493824,2628.493824,221,185,141,6,20250630_204522
1751283898.7711694,10267593,2628503808,2628.503808,223,183,138,6,20250630_204522
1751283898.7811534,10267632,2628513792,2628.513792,226,194,135,6,20250630_204522
1751283898.7911377,10267671,2628523776,2628.523776,228,190,129,6,20250630_204522
1751283898.8011217,10267710,2628533760,2628.53376,230,198,126,6,20250630_204522
1751283898.8111055,10267749,2628543744,2628.543744,232,195,121,6,20250630_204522
1751283898.8210895,10267788,2628553728,2628.553728,234,199,120,6,20250630_204522
1751283898.831329,10267828,2628563968,2628.563968,236,198,122,6,20250630_204522
1751283898.8413134,10267867,2628573952,2628.573952,238,200,122,6,20250630_204522
1751283898.8512974,10267906,2628583936,2628.583936,240,199,120,6,20250630_204522
1751283898.8612814,10267945,2628593920,2628.59392,242,200,121,6,20250630_204522
1751283898.8712654,10267984,2628603904,2628.603904,244,200,121,6,20250630_204522
1751283898.8812494,10268023,2628613888,2628.613888,246,201,120,6,20250630_204522
1751283898.8912334,10268062,2628623872,2628.623872,248,200,119,6,20250630_204522
1751283898.9012177,10268101,2628633856,2628.633856,249,201,118,6,20250630_204522
1751283898.9112017,10268140,2628643840,2628.64384,251,201,116,6,20250630_204522
1751283898.9211855,10268179,2628653824,2628.653824,253,201,117,6,20250630_204522
1751283898.9311695,10268218,2628663808,2628.663808,0,201,117,6,20250630_204522
1751283898.9411533,10268257,2628673792,2628.673792,2,201,117,6,20250630_204522
1751283898.9511373,10268296,2628683776,2628.683776,3,202,118,6,20250630_204522
1751283898.961121,10268335,2628693760,2628.69376,5,202,119,6,20250630_204522
1751283898.9713614,10268375,2628704000,2628.704,7,202,120,6,20250630_204522
1751283898.9813454,10268414,2628713984,2628.713984,9,201,120,6,20250630_204522
1751283898.9913294,10268453,2628723968,2628.723968,11,202,121,6,20250630_204522
1751283899.0013134,10268492,2628733952,2628.733952,13,202,121,6,20250630_204522
1751283899.0112977,10268531,2628743936,2628.743936,15,201,119,6,20250630_204522
1751283899.0212817,10268570,2628753920,2628.75392,17,202,120,6,20250630_204522
1751283899.0312655,10268609,2628763904,2628.763904,19,202,119,6,20250630_204522
1751283899.0412495,10268648,2628773888,2628.773888,21,202,118,6,20250630_204522
1751283899.0512333,10268687,2628783872,2628.783872,23,201,119,6,20250630_204522
1751283899.0612173,10268726,2628793856,2628.793856,25,202,119,6,20250630_204522
1751283899.071201,10268765,2628803840,2628.80384,27,201,119,6,20250630_204522
1751283899.081185,10268804,2628813824,2628.813824,29,201,119,6,20250630_204522
1751283899.0911694,10268843,2628823808,2628.823808,32,201,119,6,20250630_204522
1751283899.1011534,10268882,2628833792,2628.833792,34,201,119,6,20250630_204522
1751283899.1111374,10268921,2628843776,2628.843776,37,183,118,6,20250630_204522
1751283899.1213777,10268961,2628854016,2628.854016,39,181,118,6,20250630_204522
1751283899.1313615,10269000,2628864000,2628.864,42,175,119,6,20250630_204522
1751283899.1413455,10269039,2628873984,2628.873984,45,178,119,6,20250630_204522
1751283899.1513295,10269078,2628883968,2628.883968,48,173,118,6,20250630_204522
1751283899.1613133,10269117,2628893952,2628.893952,51,177,117,6,20250630_204522
1751283899.1712973,10269156,2628903936,2628.903936,55,174,119,6,20250630_204522
1751283899.181281,10269195,2628913920,2628.91392,58,178,118,6,20250630_204522
1751283899.191265,10269234,2628923904,2628.923904,62,174,118,6,20250630_204522
1751283899.2012494,10269273,2628933888,2628.933888,66,180,118,6,20250630_204522
1751283899.2112334,10269312,2628943872,2628.943872,70,175,119,6,20250630_204522
1751283899.2212174,10269351,2628953856,2628.953856,74,181,119,6,20250630_204522
1751283899.2312014,10269390,2628963840,2628.96384,79,177,119,6,20250630_204522
1751283899.2411854,10269429,2628973824,2628.973824,83,182,120,6,20250630_204522
1751283899.2511694,10269468,2628983808,2628.983808,88,179,119,6,20250630_204522
1751283899.2614095,10269508,2628994048,2628.994048,93,186,119,6,20250630_204522
1751283899.2713933,10269547,2629004032,2629.004032,99,182,119,6,20250630_204522
1751283899.2813773,10269586,2629014016,2629.014016,104,179,118,6,20250630_204522
1751283899.291361,10269625,2629024000,2629.024,110,174,119,6,20250630_204522
1751283899.301345,10269664,2629033984,2629.033984,115,179,118,6,20250630_204522
1751283899.3113294,10269703,2629043968,2629.043968,121,176,119,6,20250630_204522
1751283899.3213134,10269742,2629053952,2629.053952,127,182,118,6,20250630_204522
1751283899.3312974,10269781,2629063936,2629.063936,133,178,119,6,20250630_204522
1751283899.3412814,10269820,2629073920,2629.07392,139,184,119,6,20250630_204522
1751283899.3512654,10269859,2629083904,2629.083904,144,180,119,6,20250630_204522
1751283899.3612494,10269898,2629093888,2629.093888,150,186,120,6,20250630_204522
1751283899.3712337,10269937,2629103872,2629.103872,155,182,119,6,20250630_204522
1751283899.3812177,10269976,2629113856,2629.113856,160,185,120,6,20250630_204522
1751283899.3912015,10270015,2629123840,2629.12384,165,164,122,6,20250630_204522
1751283899.4011855,10270054,2629133824,2629.133824,170,162,121,6,20250630_204522
1751283899.4114254,10270094,2629144064,2629.144064,175,159,121,6,20250630_204522
1751283899.4214094,10270133,2629154048,2629.154048,179,163,121,6,20250630_204522
1751283899.4313934,10270172,2629164032,2629.164032,183,160,122,6,20250630_204522
1751283899.4413774,10270211,2629174016,2629.174016,188,175,123,6,20250630_204522
1751283899.4513614,10270250,2629184000,2629.184,191,189,123,6,20250630_204522
1751283899.4613454,10270289,2629193984,2629.193984,195,195,124,6,20250630_204522
1751283899.4713297,10270328,2629203968,2629.203968,199,191,124,6,20250630_204522
1751283899.4813137,10270367,2629213952,2629.213952,202,197,123,6,20250630_204522
1751283899.4912975,10270406,2629223936,2629.223936,205,198,121,6,20250630_204522
1751283899.5012815,10270445,2629233920,2629.23392,208,202,118,6,20250630_204522
1751283899.5112655,10270484,2629243904,2629.243904,211,202,119,6,20250630_204522
1751283899.5212493,10270523,2629253888,2629.253888,214,202,119,6,20250630_204522
1751283899.5312333,10270562,2629263872,2629.263872,217,202,119,6,20250630_204522
1751283899.541217,10270601,2629273856,2629.273856,219,202,118,6,20250630_204522
1751283899.5514574,10270641,2629284096,2629.284096,222,202,118,6,20250630_204522
1751283899.5614414,10270680,2629294080,2629.29408,224,203,118,6,20250630_204522
1751283899.5714254,10270719,2629304064,2629.304064,226,203,118,6,20250630_204522
1751283899.5814097,10270758,2629314048,2629.314048,229,203,118,6,20250630_204522
1751283899.5913937,10270797,2629324032,2629.324032,231,202,118,6,20250630_204522
1751283899.6013775,10270836,2629334016,2629.334016,233,201,119,6,20250630_204522
1751283899.6113615,10270875,2629344000,2629.344,235,203,120,6,20250630_204522
1751283899.6213455,10270914,2629353984,2629.353984,237,202,118,6,20250630_204522
1751283899.6313293,10270953,2629363968,2629.363968,239,202,121,6,20250630_204522
1751283899.6413133,10270992,2629373952,2629.373952,241,203,120,6,20250630_204522
1751283899.651297,10271031,2629383936,2629.383936,243,202,119,6,20250630_204522
1751283899.661281,10271070,2629393920,2629.39392,245,202,123,6,20250630_204522
1751283899.6712654,10271109,2629403904,2629.403904,248,202,125,6,20250630_204522
1751283899.6812494,10271148,2629413888,2629.413888,250,202,125,6,20250630_204522
1751283899.6914897,10271188,2629424128,2629.424128,252,202,126,6,20250630_204522
1751283899.7014737,10271227,2629434112,2629.434112,0,203,127,6,20250630_204522
1751283899.7114575,10271266,2629444096,2629.444096,2,202,127,6,20250630_204522
1751283899.7214415,10271305,2629454080,2629.45408,4,203,127,6,20250630_204522
1751283899.7314253,10271344,2629464064,2629.464064,7,202,127,6,20250630_204522
1751283899.7414093,10271383,2629474048,2629.474048,10,203,127,6,20250630_204522
1751283899.7513933,10271422,2629484032,2629.484032,12,202,127,6,20250630_204522
1751283899.761377,10271461,2629494016,2629.494016,15,203,127,6,20250630_204522
1751283899.7713614,10271500,2629504000,2629.504,17,202,127,6,20250630_204522
1751283899.7813454,10271539,2629513984,2629.513984,20,202,127,6,20250630_204522
1751283899.7913294,10271578,2629523968,2629.523968,23,202,127,6,20250630_204522
1751283899.8013134,10271617,2629533952,2629.533952,25,202,127,6,20250630_204522
1751283899.8112974,10271656,2629543936,2629.543936,28,203,127,6,20250630_204522
1751283899.8212814,10271695,2629553920,2629.55392,31,203,127,6,20250630_204522
1751283899.8312654,10271734,2629563904,2629.563904,34,202,127,6,20250630_204522
1751283899.8415053,10271774,2629574144,2629.574144,37,202,127,6,20250630_204522
1751283899.8514893,10271813,2629584128,2629.584128,40,203,127,6,20250630_204522
1751283899.861473,10271852,2629594112,2629.594112,43,202,127,6,20250630_204522
1751283899.871457,10271891,2629604096,2629.604096,46,203,126,6,20250630_204522
1751283899.8814414,10271930,2629614080,2629.61408,50,203,125,6,20250630_204522
1751283899.8914254,10271969,2629624064,2629.624064,53,202,124,6,20250630_204522
1751283899.9014094,10272008,2629634048,2629.634048,56,203,121,6,20250630_204522
1751283899.9113934,10272047,2629644032,2629.644032,60,202,119,6,20250630_204522
1751283899.9213774,10272086,2629654016,2629.654016,64,202,119,6,20250630_204522
1751283899.9313614,10272125,2629664000,2629.664,68,202,120,6,20250630_204522
1751283899.9413457,10272164,2629673984,2629.673984,72,203,118,6,20250630_204522
1751283899.9513297,10272203,2629683968,2629.683968,76,202,117,6,20250630_204522
1751283899.9613135,10272242,2629693952,2629.693952,81,203,116,6,20250630_204522
1751283899.971553,10272282,2629704192,2629.704192,86,203,118,6,20250630_204522
1751283899.981537,10272321,2629714176,2629.714176,91,202,118,6,20250630_204522
1751283899.9915214,10272360,2629724160,2629.72416,96,203,118,6,20250630_204522
1751283900.0015054,10272399,2629734144,2629.734144,101,202,118,6,20250630_204522
1751283900.0114894,10272438,2629744128,2629.744128,107,202,118,6,20250630_204522
1751283900.0214734,10272477,2629754112,2629.754112,113,202,115,6,20250630_204522
1751283900.0317135,10272517,2629764352,2629.764352,118,203,119,6,20250630_204522
1751283900.0416975,10272556,2629774336,2629.774336,124,202,118,6,20250630_204522
1751283900.0516815,10272595,2629784320,2629.78432,130,202,119,6,20250630_204522
1751283900.0616653,10272634,2629794304,2629.794304,136,202,118,6,20250630_204522
1751283900.0716493,10272673,2629804288,2629.804288,142,202,119,6,20250630_204522
