time_pc_sec_abs,micros32,micros32_raw,time_local_sec,a0,a1,a2,agent_id,chunk_id
1752648749.7148726,11562888,2960099328,2960.099328,69,5,181,1,20250716_155355
1752648749.7238326,11562923,2960108288,2960.108288,73,5,179,1,20250716_155355
1752648749.7340724,11562963,2960118528,2960.118528,76,5,179,1,20250716_155355
1752648749.7440565,11563002,2960128512,2960.128512,80,5,179,1,20250716_155355
1752648749.7540405,11563041,2960138496,2960.138496,84,5,179,1,20250716_155355
1752648749.7640245,11563080,2960148480,2960.14848,88,5,178,1,20250716_155355
1752648749.7740085,11563119,2960158464,2960.158464,92,5,178,1,20250716_155355
1752648749.7839923,11563158,2960168448,2960.168448,95,5,176,1,20250716_155355
1752648749.7939763,11563197,2960178432,2960.178432,99,5,167,1,20250716_155355
1752648749.8039606,11563236,2960188416,2960.188416,103,5,155,1,20250716_155355
1752648749.8139446,11563275,2960198400,2960.1984,107,5,141,1,20250716_155355
1752648749.8239286,11563314,2960208384,2960.208384,111,5,132,1,20250716_155355
1752648749.8339126,11563353,2960218368,2960.218368,115,5,127,1,20250716_155355
1752648749.8438966,11563392,2960228352,2960.228352,118,5,128,1,20250716_155355
1752648749.8538806,11563431,2960238336,2960.238336,122,5,127,1,20250716_155355
1752648749.863865,11563470,2960248320,2960.24832,126,5,128,1,20250716_155355
1752648749.8741045,11563510,2960258560,2960.25856,130,5,130,1,20250716_155355
1752648749.8840885,11563549,2960268544,2960.268544,134,5,133,1,20250716_155355
1752648749.8940723,11563588,2960278528,2960.278528,137,5,137,1,20250716_155355
1752648749.9040563,11563627,2960288512,2960.288512,141,5,149,1,20250716_155355
1752648749.9140406,11563666,2960298496,2960.298496,145,5,162,1,20250716_155355
1752648749.9240246,11563705,2960308480,2960.30848,149,5,167,1,20250716_155355
1752648749.9340086,11563744,2960318464,2960.318464,153,5,174,1,20250716_155355
1752648749.9439926,11563783,2960328448,2960.328448,157,5,176,1,20250716_155355
1752648749.9539766,11563822,2960338432,2960.338432,160,5,177,1,20250716_155355
1752648749.9639606,11563861,2960348416,2960.348416,164,6,178,1,20250716_155355
1752648749.973945,11563900,2960358400,2960.3584,168,6,178,1,20250716_155355
1752648749.9839284,11563939,2960368384,2960.368384,172,6,178,1,20250716_155355
1752648749.9939125,11563978,2960378368,2960.378368,129,6,178,1,20250716_155355
1752648750.0038965,11564017,2960388352,2960.388352,132,6,178,1,20250716_155355
1752648750.0138805,11564056,2960398336,2960.398336,136,5,177,1,20250716_155355
1752648750.0241206,11564096,2960408576,2960.408576,140,5,178,1,20250716_155355
1752648750.0341046,11564135,2960418560,2960.41856,144,5,178,1,20250716_155355
1752648750.0440886,11564174,2960428544,2960.428544,148,6,177,1,20250716_155355
1752648750.0540726,11564213,2960438528,2960.438528,152,6,178,1,20250716_155355
1752648750.0640566,11564252,2960448512,2960.448512,155,6,176,1,20250716_155355
1752648750.074041,11564291,2960458496,2960.458496,159,6,174,1,20250716_155355
1752648750.084025,11564330,2960468480,2960.46848,163,6,171,1,20250716_155355
1752648750.0940084,11564369,2960478464,2960.478464,167,5,169,1,20250716_155355
1752648750.1039925,11564408,2960488448,2960.488448,171,6,170,1,20250716_155355
1752648750.1139765,11564447,2960498432,2960.498432,174,5,171,1,20250716_155355
1752648750.1239605,11564486,2960508416,2960.508416,178,6,173,1,20250716_155355
1752648750.1339445,11564525,2960518400,2960.5184,182,6,175,1,20250716_155355
1752648750.1439283,11564564,2960528384,2960.528384,186,6,176,1,20250716_155355
1752648750.1539123,11564603,2960538368,2960.538368,190,5,176,1,20250716_155355
1752648750.1641526,11564643,2960548608,2960.548608,194,5,178,1,20250716_155355
1752648750.1741366,11564682,2960558592,2960.558592,197,6,179,1,20250716_155355
1752648750.184121,11564721,2960568576,2960.568576,201,6,178,1,20250716_155355
1752648750.194105,11564760,2960578560,2960.57856,205,6,179,1,20250716_155355
1752648750.2040884,11564799,2960588544,2960.588544,209,5,178,1,20250716_155355
1752648750.2140725,11564838,2960598528,2960.598528,213,6,177,1,20250716_155355
1752648750.2240565,11564877,2960608512,2960.608512,217,6,178,1,20250716_155355
1752648750.2340405,11564916,2960618496,2960.618496,220,6,180,1,20250716_155355
1752648750.2440245,11564955,2960628480,2960.62848,224,6,179,1,20250716_155355
1752648750.2540083,11564994,2960638464,2960.638464,228,6,180,1,20250716_155355
1752648750.2639923,11565033,2960648448,2960.648448,232,5,179,1,20250716_155355
1752648750.2739766,11565072,2960658432,2960.658432,236,5,179,1,20250716_155355
1752648750.2839606,11565111,2960668416,2960.668416,239,5,179,1,20250716_155355
1752648750.2939446,11565150,2960678400,2960.6784,243,5,178,1,20250716_155355
1752648750.3039286,11565189,2960688384,2960.688384,247,5,178,1,20250716_155355
1752648750.3141685,11565229,2960698624,2960.698624,251,5,179,1,20250716_155355
1752648750.3241525,11565268,2960708608,2960.708608,0,5,180,1,20250716_155355
1752648750.3341365,11565307,2960718592,2960.718592,4,5,179,1,20250716_155355
1752648750.3441205,11565346,2960728576,2960.728576,7,5,179,1,20250716_155355
1752648750.3541045,11565385,2960738560,2960.73856,11,5,179,1,20250716_155355
1752648750.3640883,11565424,2960748544,2960.748544,15,6,179,1,20250716_155355
1752648750.3740726,11565463,2960758528,2960.758528,19,5,179,1,20250716_155355
1752648750.3840566,11565502,2960768512,2960.768512,23,5,178,1,20250716_155355
1752648750.3940406,11565541,2960778496,2960.778496,27,5,178,1,20250716_155355
1752648750.4040246,11565580,2960788480,2960.78848,30,5,178,1,20250716_155355
1752648750.4140086,11565619,2960798464,2960.798464,34,6,179,1,20250716_155355
1752648750.4239926,11565658,2960808448,2960.808448,38,5,179,1,20250716_155355
1752648750.433977,11565697,2960818432,2960.818432,42,5,178,1,20250716_155355
1752648750.443961,11565736,2960828416,2960.828416,46,6,178,1,20250716_155355
1752648750.4542005,11565776,2960838656,2960.838656,50,6,178,1,20250716_155355
1752648750.4641843,11565815,2960848640,2960.84864,53,5,177,1,20250716_155355
1752648750.4741683,11565854,2960858624,2960.858624,57,5,177,1,20250716_155355
1752648750.4841526,11565893,2960868608,2960.868608,61,5,176,1,20250716_155355
1752648750.4941366,11565932,2960878592,2960.878592,65,5,176,1,20250716_155355
1752648750.5041206,11565971,2960888576,2960.888576,69,5,176,1,20250716_155355
1752648750.5141046,11566010,2960898560,2960.89856,72,5,179,1,20250716_155355
1752648750.5240886,11566049,2960908544,2960.908544,76,5,176,1,20250716_155355
1752648750.5340726,11566088,2960918528,2960.918528,80,5,178,1,20250716_155355
1752648750.544057,11566127,2960928512,2960.928512,84,5,177,1,20250716_155355
1752648750.554041,11566166,2960938496,2960.938496,88,5,177,1,20250716_155355
1752648750.5640244,11566205,2960948480,2960.94848,92,5,176,1,20250716_155355
1752648750.5740085,11566244,2960958464,2960.958464,95,5,177,1,20250716_155355
1752648750.5839925,11566283,2960968448,2960.968448,99,5,175,1,20250716_155355
1752648750.5942326,11566323,2960978688,2960.978688,103,5,176,1,20250716_155355
1752648750.6042166,11566362,2960988672,2960.988672,107,5,176,1,20250716_155355
1752648750.6142006,11566401,2960998656,2960.998656,111,5,177,1,20250716_155355
1752648750.6241846,11566440,2961008640,2961.00864,115,5,175,1,20250716_155355
1752648750.6341686,11566479,2961018624,2961.018624,118,5,176,1,20250716_155355
1752648750.6441526,11566518,2961028608,2961.028608,122,5,177,1,20250716_155355
1752648750.654137,11566557,2961038592,2961.038592,126,5,176,1,20250716_155355
1752648750.664121,11566596,2961048576,2961.048576,130,5,178,1,20250716_155355
1752648750.6741045,11566635,2961058560,2961.05856,134,5,178,1,20250716_155355
1752648750.6840885,11566674,2961068544,2961.068544,137,5,180,1,20250716_155355
1752648750.6940725,11566713,2961078528,2961.078528,141,5,179,1,20250716_155355
1752648750.7040565,11566752,2961088512,2961.088512,145,5,180,1,20250716_155355
1752648750.7140405,11566791,2961098496,2961.098496,149,5,180,1,20250716_155355
1752648750.7240243,11566830,2961108480,2961.10848,153,5,179,1,20250716_155355
1752648750.7340086,11566869,2961118464,2961.118464,157,5,180,1,20250716_155355
1752648750.7442486,11566909,2961128704,2961.128704,160,5,180,1,20250716_155355
1752648750.7542326,11566948,2961138688,2961.138688,164,5,179,1,20250716_155355
1752648750.764217,11566987,2961148672,2961.148672,168,5,180,1,20250716_155355
1752648750.7742004,11567026,2961158656,2961.158656,172,5,179,1,20250716_155355
1752648750.7841845,11567065,2961168640,2961.16864,176,5,180,1,20250716_155355
1752648750.7941685,11567104,2961178624,2961.178624,180,5,179,1,20250716_155355
1752648750.8041525,11567143,2961188608,2961.188608,183,5,180,1,20250716_155355
1752648750.8141365,11567182,2961198592,2961.198592,187,5,180,1,20250716_155355
1752648750.8241203,11567221,2961208576,2961.208576,191,5,179,1,20250716_155355
1752648750.8341043,11567260,2961218560,2961.21856,195,5,180,1,20250716_155355
1752648750.8440886,11567299,2961228544,2961.228544,199,5,179,1,20250716_155355
1752648750.8540726,11567338,2961238528,2961.238528,202,5,181,1,20250716_155355
1752648750.8640566,11567377,2961248512,2961.248512,206,5,179,1,20250716_155355
1752648750.8740406,11567416,2961258496,2961.258496,210,5,180,1,20250716_155355
1752648750.8842804,11567456,2961268736,2961.268736,214,5,180,1,20250716_155355
1752648750.8942645,11567495,2961278720,2961.27872,218,5,180,1,20250716_155355
1752648750.9042485,11567534,2961288704,2961.288704,222,5,180,1,20250716_155355
1752648750.9142325,11567573,2961298688,2961.298688,225,5,180,1,20250716_155355
1752648750.9242165,11567612,2961308672,2961.308672,229,5,180,1,20250716_155355
1752648750.9342003,11567651,2961318656,2961.318656,233,5,181,1,20250716_155355
1752648750.9441843,11567690,2961328640,2961.32864,237,5,181,1,20250716_155355
1752648750.9541686,11567729,2961338624,2961.338624,241,5,180,1,20250716_155355
1752648750.9641526,11567768,2961348608,2961.348608,245,5,180,1,20250716_155355
1752648750.9741366,11567807,2961358592,2961.358592,248,5,181,1,20250716_155355
1752648750.9841206,11567846,2961368576,2961.368576,252,5,180,1,20250716_155355
1752648750.9941046,11567885,2961378560,2961.37856,1,5,180,1,20250716_155355
1752648751.0040886,11567924,2961388544,2961.388544,5,5,181,1,20250716_155355
1752648751.014073,11567963,2961398528,2961.398528,9,5,180,1,20250716_155355
1752648751.024057,11568002,2961408512,2961.408512,12,5,180,1,20250716_155355
1752648751.0342965,11568042,2961418752,2961.418752,16,5,180,1,20250716_155355
1752648751.0442803,11568081,2961428736,2961.428736,20,5,180,1,20250716_155355
1752648751.0542643,11568120,2961438720,2961.43872,24,5,179,1,20250716_155355
1752648751.0642486,11568159,2961448704,2961.448704,28,5,179,1,20250716_155355
1752648751.0742326,11568198,2961458688,2961.458688,32,5,178,1,20250716_155355
1752648751.0842166,11568237,2961468672,2961.468672,35,5,177,1,20250716_155355
1752648751.0942006,11568276,2961478656,2961.478656,39,5,174,1,20250716_155355
1752648751.1041846,11568315,2961488640,2961.48864,43,5,163,1,20250716_155355
1752648751.1141686,11568354,2961498624,2961.498624,47,5,146,1,20250716_155355
1752648751.124153,11568393,2961508608,2961.508608,51,5,131,1,20250716_155355
1752648751.1341364,11568432,2961518592,2961.518592,55,5,121,1,20250716_155355
1752648751.1441205,11568471,2961528576,2961.528576,58,5,113,1,20250716_155355
1752648751.1541045,11568510,2961538560,2961.53856,62,5,106,1,20250716_155355
1752648751.1640885,11568549,2961548544,2961.548544,66,5,102,1,20250716_155355
1752648751.1743286,11568589,2961558784,2961.558784,70,5,98,1,20250716_155355
1752648751.1843126,11568628,2961568768,2961.568768,74,5,99,1,20250716_155355
1752648751.1942966,11568667,2961578752,2961.578752,77,5,98,1,20250716_155355
1752648751.2042806,11568706,2961588736,2961.588736,81,5,98,1,20250716_155355
1752648751.2142646,11568745,2961598720,2961.59872,85,5,99,1,20250716_155355
1752648751.2242486,11568784,2961608704,2961.608704,89,5,98,1,20250716_155355
1752648751.234233,11568823,2961618688,2961.618688,93,5,96,1,20250716_155355
1752648751.2442164,11568862,2961628672,2961.628672,97,5,98,1,20250716_155355
1752648751.2542005,11568901,2961638656,2961.638656,100,5,97,1,20250716_155355
1752648751.2641845,11568940,2961648640,2961.64864,104,5,96,1,20250716_155355
1752648751.2741685,11568979,2961658624,2961.658624,108,5,96,1,20250716_155355
1752648751.2841525,11569018,2961668608,2961.668608,112,5,97,1,20250716_155355
1752648751.2941363,11569057,2961678592,2961.678592,116,5,97,1,20250716_155355
1752648751.3041203,11569096,2961688576,2961.688576,120,5,98,1,20250716_155355
1752648751.3143606,11569136,2961698816,2961.698816,123,5,98,1,20250716_155355
1752648751.3243446,11569175,2961708800,2961.7088,127,5,100,1,20250716_155355
1752648751.334329,11569214,2961718784,2961.718784,131,5,100,1,20250716_155355
1752648751.344313,11569253,2961728768,2961.728768,135,5,102,1,20250716_155355
1752648751.3542964,11569292,2961738752,2961.738752,139,5,104,1,20250716_155355
1752648751.3642805,11569331,2961748736,2961.748736,142,5,104,1,20250716_155355
1752648751.3742645,11569370,2961758720,2961.75872,146,5,108,1,20250716_155355
1752648751.3842485,11569409,2961768704,2961.768704,150,5,110,1,20250716_155355
1752648751.3942325,11569448,2961778688,2961.778688,154,5,116,1,20250716_155355
1752648751.4042163,11569487,2961788672,2961.788672,158,5,122,1,20250716_155355
1752648751.4142003,11569526,2961798656,2961.798656,162,5,129,1,20250716_155355
1752648751.4241846,11569565,2961808640,2961.80864,165,5,142,1,20250716_155355
1752648751.4341686,11569604,2961818624,2961.818624,169,5,151,1,20250716_155355
1752648751.4441526,11569643,2961828608,2961.828608,173,5,158,1,20250716_155355
1752648751.4541366,11569682,2961838592,2961.838592,177,5,166,1,20250716_155355
1752648751.4643764,11569722,2961848832,2961.848832,181,5,171,1,20250716_155355
1752648751.4743605,11569761,2961858816,2961.858816,185,5,174,1,20250716_155355
1752648751.4843445,11569800,2961868800,2961.8688,188,5,174,1,20250716_155355
1752648751.4943285,11569839,2961878784,2961.878784,192,5,176,1,20250716_155355
1752648751.5043125,11569878,2961888768,2961.888768,196,5,176,1,20250716_155355
1752648751.5142963,11569917,2961898752,2961.898752,200,5,176,1,20250716_155355
1752648751.5242803,11569956,2961908736,2961.908736,204,5,177,1,20250716_155355
1752648751.5342646,11569995,2961918720,2961.91872,207,5,177,1,20250716_155355
1752648751.5442486,11570034,2961928704,2961.928704,211,5,178,1,20250716_155355
1752648751.5542326,11570073,2961938688,2961.938688,215,5,177,1,20250716_155355
1752648751.5642166,11570112,2961948672,2961.948672,219,5,177,1,20250716_155355
1752648751.5742006,11570151,2961958656,2961.958656,223,5,177,1,20250716_155355
1752648751.5841846,11570190,2961968640,2961.96864,227,5,178,1,20250716_155355
1752648751.594169,11570229,2961978624,2961.978624,230,5,178,1,20250716_155355
1752648751.6041524,11570268,2961988608,2961.988608,234,5,178,1,20250716_155355
1752648751.6143925,11570308,2961998848,2961.998848,238,5,178,1,20250716_155355
1752648751.6243763,11570347,2962008832,2962.008832,242,5,178,1,20250716_155355
1752648751.6343606,11570386,2962018816,2962.018816,246,5,178,1,20250716_155355
1752648751.6443446,11570425,2962028800,2962.0288,250,5,179,1,20250716_155355
1752648751.6543286,11570464,2962038784,2962.038784,253,5,178,1,20250716_155355
1752648751.6643126,11570503,2962048768,2962.048768,2,5,177,1,20250716_155355
1752648751.6742966,11570542,2962058752,2962.058752,6,5,177,1,20250716_155355
1752648751.6842806,11570581,2962068736,2962.068736,10,5,178,1,20250716_155355
1752648751.694265,11570620,2962078720,2962.07872,14,5,178,1,20250716_155355
1752648751.704249,11570659,2962088704,2962.088704,17,5,178,1,20250716_155355
1752648751.7142324,11570698,2962098688,2962.098688,21,5,177,1,20250716_155355
1752648751.7242165,11570737,2962108672,2962.108672,25,5,176,1,20250716_155355
1752648751.7342005,11570776,2962118656,2962.118656,29,5,177,1,20250716_155355
1752648751.7441845,11570815,2962128640,2962.12864,33,5,174,1,20250716_155355
1752648751.7544246,11570855,2962138880,2962.13888,37,5,174,1,20250716_155355
1752648751.7644086,11570894,2962148864,2962.148864,40,5,172,1,20250716_155355
1752648751.7743926,11570933,2962158848,2962.158848,44,5,169,1,20250716_155355
1752648751.7843766,11570972,2962168832,2962.168832,48,5,160,1,20250716_155355
1752648751.7943606,11571011,2962178816,2962.178816,52,5,145,1,20250716_155355
1752648751.804345,11571050,2962188800,2962.1888,56,5,131,1,20250716_155355
1752648751.814329,11571089,2962198784,2962.198784,60,5,122,1,20250716_155355
1752648751.8243124,11571128,2962208768,2962.208768,63,5,113,1,20250716_155355
1752648751.8342965,11571167,2962218752,2962.218752,67,5,108,1,20250716_155355
1752648751.8442805,11571206,2962228736,2962.228736,71,5,102,1,20250716_155355
1752648751.8542645,11571245,2962238720,2962.23872,75,5,98,1,20250716_155355
1752648751.8642485,11571284,2962248704,2962.248704,79,5,96,1,20250716_155355
1752648751.8742323,11571323,2962258688,2962.258688,82,5,97,1,20250716_155355
1752648751.8842163,11571362,2962268672,2962.268672,86,5,99,1,20250716_155355
1752648751.8944566,11571402,2962278912,2962.278912,90,5,99,1,20250716_155355
1752648751.9044406,11571441,2962288896,2962.288896,94,5,97,1,20250716_155355
1752648751.914425,11571480,2962298880,2962.29888,98,5,96,1,20250716_155355
1752648751.924409,11571519,2962308864,2962.308864,102,5,98,1,20250716_155355
1752648751.9343925,11571558,2962318848,2962.318848,105,5,98,1,20250716_155355
1752648751.9443765,11571597,2962328832,2962.328832,109,6,98,1,20250716_155355
1752648751.9543605,11571636,2962338816,2962.338816,113,5,98,1,20250716_155355
1752648751.9643445,11571675,2962348800,2962.3488,117,5,100,1,20250716_155355
1752648751.9743285,11571714,2962358784,2962.358784,121,5,101,1,20250716_155355
1752648751.9843123,11571753,2962368768,2962.368768,125,5,102,1,20250716_155355
1752648751.9942966,11571792,2962378752,2962.378752,128,5,104,1,20250716_155355
1752648752.0042806,11571831,2962388736,2962.388736,132,5,106,1,20250716_155355
1752648752.0142646,11571870,2962398720,2962.39872,136,5,108,1,20250716_155355
1752648752.0242486,11571909,2962408704,2962.408704,140,5,109,1,20250716_155355
1752648752.0342326,11571948,2962418688,2962.418688,144,5,115,1,20250716_155355
1752648752.0444725,11571988,2962428928,2962.428928,147,5,119,1,20250716_155355
1752648752.0544565,11572027,2962438912,2962.438912,151,5,125,1,20250716_155355
1752648752.0644405,11572066,2962448896,2962.448896,155,5,131,1,20250716_155355
1752648752.0744245,11572105,2962458880,2962.45888,159,5,140,1,20250716_155355
1752648752.0844083,11572144,2962468864,2962.468864,163,5,152,1,20250716_155355
1752648752.0943923,11572183,2962478848,2962.478848,167,5,157,1,20250716_155355
1752648752.1043766,11572222,2962488832,2962.488832,170,5,164,1,20250716_155355
1752648752.1143606,11572261,2962498816,2962.498816,174,5,168,1,20250716_155355
1752648752.1243446,11572300,2962508800,2962.5088,178,5,172,1,20250716_155355
1752648752.1343286,11572339,2962518784,2962.518784,182,5,175,1,20250716_155355
1752648752.1443126,11572378,2962528768,2962.528768,186,5,175,1,20250716_155355
1752648752.1542966,11572417,2962538752,2962.538752,190,6,176,1,20250716_155355
1752648752.164281,11572456,2962548736,2962.548736,193,5,177,1,20250716_155355
1752648752.174265,11572495,2962558720,2962.55872,197,5,178,1,20250716_155355
1752648752.1845045,11572535,2962568960,2962.56896,201,5,178,1,20250716_155355
1752648752.1944883,11572574,2962578944,2962.578944,205,5,178,1,20250716_155355
1752648752.2044723,11572613,2962588928,2962.588928,209,5,178,1,20250716_155355
1752648752.2144566,11572652,2962598912,2962.598912,212,5,178,1,20250716_155355
1752648752.2244406,11572691,2962608896,2962.608896,216,5,177,1,20250716_155355
1752648752.2344246,11572730,2962618880,2962.61888,220,5,177,1,20250716_155355
1752648752.2444086,11572769,2962628864,2962.628864,224,5,178,1,20250716_155355
1752648752.2543926,11572808,2962638848,2962.638848,228,6,177,1,20250716_155355
1752648752.2643766,11572847,2962648832,2962.648832,232,5,178,1,20250716_155355
1752648752.274361,11572886,2962658816,2962.658816,235,5,177,1,20250716_155355
1752648752.284345,11572925,2962668800,2962.6688,239,5,178,1,20250716_155355
1752648752.2943285,11572964,2962678784,2962.678784,243,5,178,1,20250716_155355
1752648752.3043125,11573003,2962688768,2962.688768,247,5,178,1,20250716_155355
1752648752.3142965,11573042,2962698752,2962.698752,251,6,178,1,20250716_155355
1752648752.3242805,11573081,2962708736,2962.708736,0,5,178,1,20250716_155355
1752648752.3345206,11573121,2962718976,2962.718976,3,5,178,1,20250716_155355
1752648752.3445046,11573160,2962728960,2962.72896,7,5,178,1,20250716_155355
1752648752.3544886,11573199,2962738944,2962.738944,11,5,178,1,20250716_155355
1752648752.3644726,11573238,2962748928,2962.748928,15,5,177,1,20250716_155355
1752648752.3744566,11573277,2962758912,2962.758912,19,5,177,1,20250716_155355
1752648752.384441,11573316,2962768896,2962.768896,22,5,176,1,20250716_155355
1752648752.3944244,11573355,2962778880,2962.77888,26,5,176,1,20250716_155355
1752648752.4044085,11573394,2962788864,2962.788864,30,5,175,1,20250716_155355
1752648752.4143925,11573433,2962798848,2962.798848,34,5,174,1,20250716_155355
1752648752.4243765,11573472,2962808832,2962.808832,38,5,173,1,20250716_155355
1752648752.4343605,11573511,2962818816,2962.818816,42,5,171,1,20250716_155355
1752648752.4443443,11573550,2962828800,2962.8288,45,5,167,1,20250716_155355
1752648752.4543283,11573589,2962838784,2962.838784,49,5,156,1,20250716_155355
1752648752.4643126,11573628,2962848768,2962.848768,53,5,137,1,20250716_155355
1752648752.4745526,11573668,2962859008,2962.859008,57,5,127,1,20250716_155355
1752648752.4845366,11573707,2962868992,2962.868992,61,5,116,1,20250716_155355
1752648752.494521,11573746,2962878976,2962.878976,65,5,109,1,20250716_155355
1752648752.5045044,11573785,2962888960,2962.88896,68,5,104,1,20250716_155355
1752648752.5144885,11573824,2962898944,2962.898944,72,5,99,1,20250716_155355
1752648752.5244725,11573863,2962908928,2962.908928,76,5,96,1,20250716_155355
1752648752.5344565,11573902,2962918912,2962.918912,80,5,96,1,20250716_155355
1752648752.5444405,11573941,2962928896,2962.928896,84,5,99,1,20250716_155355
1752648752.5544243,11573980,2962938880,2962.93888,87,5,101,1,20250716_155355
1752648752.5644083,11574019,2962948864,2962.948864,91,5,98,1,20250716_155355
1752648752.5743926,11574058,2962958848,2962.958848,95,5,96,1,20250716_155355
1752648752.5843766,11574097,2962968832,2962.968832,99,5,97,1,20250716_155355
1752648752.5943606,11574136,2962978816,2962.978816,103,5,96,1,20250716_155355
1752648752.6043446,11574175,2962988800,2962.9888,107,5,98,1,20250716_155355
1752648752.6145844,11574215,2962999040,2962.99904,110,5,99,1,20250716_155355
1752648752.6245685,11574254,2963009024,2963.009024,114,5,100,1,20250716_155355
1752648752.6345525,11574293,2963019008,2963.019008,118,5,102,1,20250716_155355
1752648752.6445365,11574332,2963028992,2963.028992,122,5,100,1,20250716_155355
1752648752.6545205,11574371,2963038976,2963.038976,126,5,102,1,20250716_155355
1752648752.6645043,11574410,2963048960,2963.04896,130,5,102,1,20250716_155355
1752648752.6744883,11574449,2963058944,2963.058944,133,5,106,1,20250716_155355
1752648752.6844726,11574488,2963068928,2963.068928,137,5,107,1,20250716_155355
1752648752.6944566,11574527,2963078912,2963.078912,141,5,111,1,20250716_155355
1752648752.7044406,11574566,2963088896,2963.088896,145,5,112,1,20250716_155355
1752648752.7144246,11574605,2963098880,2963.09888,149,5,118,1,20250716_155355
1752648752.7244086,11574644,2963108864,2963.108864,152,5,124,1,20250716_155355
1752648752.7343926,11574683,2963118848,2963.118848,156,5,129,1,20250716_155355
1752648752.744377,11574722,2963128832,2963.128832,160,5,140,1,20250716_155355
1752648752.754361,11574761,2963138816,2963.138816,164,5,150,1,20250716_155355
1752648752.7646005,11574801,2963149056,2963.149056,168,5,157,1,20250716_155355
1752648752.7745843,11574840,2963159040,2963.15904,172,5,164,1,20250716_155355
1752648752.7845683,11574879,2963169024,2963.169024,175,5,169,1,20250716_155355
1752648752.7945526,11574918,2963179008,2963.179008,179,5,172,1,20250716_155355
1752648752.8045366,11574957,2963188992,2963.188992,183,5,174,1,20250716_155355
1752648752.8145206,11574996,2963198976,2963.198976,187,5,175,1,20250716_155355
1752648752.8245046,11575035,2963208960,2963.20896,191,5,177,1,20250716_155355
1752648752.8344886,11575074,2963218944,2963.218944,195,5,176,1,20250716_155355
1752648752.8444726,11575113,2963228928,2963.228928,198,5,176,1,20250716_155355
1752648752.854457,11575152,2963238912,2963.238912,202,5,176,1,20250716_155355
1752648752.8644404,11575191,2963248896,2963.248896,206,5,176,1,20250716_155355
1752648752.8744245,11575230,2963258880,2963.25888,210,5,176,1,20250716_155355
1752648752.8844085,11575269,2963268864,2963.268864,214,5,177,1,20250716_155355
1752648752.8943925,11575308,2963278848,2963.278848,217,5,177,1,20250716_155355
1752648752.9043765,11575347,2963288832,2963.288832,221,5,177,1,20250716_155355
1752648752.9146166,11575387,2963299072,2963.299072,225,5,177,1,20250716_155355
1752648752.9246006,11575426,2963309056,2963.309056,229,5,177,1,20250716_155355
1752648752.9345846,11575465,2963319040,2963.31904,233,5,177,1,20250716_155355
1752648752.9445686,11575504,2963329024,2963.329024,237,5,177,1,20250716_155355
1752648752.954553,11575543,2963339008,2963.339008,240,5,177,1,20250716_155355
1752648752.964537,11575582,2963348992,2963.348992,244,5,178,1,20250716_155355
1752648752.9745204,11575621,2963358976,2963.358976,248,5,178,1,20250716_155355
1752648752.9845045,11575660,2963368960,2963.36896,252,5,178,1,20250716_155355
1752648752.9944885,11575699,2963378944,2963.378944,1,5,177,1,20250716_155355
1752648753.0044725,11575738,2963388928,2963.388928,5,5,177,1,20250716_155355
1752648753.0144565,11575777,2963398912,2963.398912,8,5,178,1,20250716_155355
1752648753.0244403,11575816,2963408896,2963.408896,12,5,177,1,20250716_155355
1752648753.0344243,11575855,2963418880,2963.41888,16,5,176,1,20250716_155355
1752648753.0444086,11575894,2963428864,2963.428864,20,5,176,1,20250716_155355
1752648753.0546486,11575934,2963439104,2963.439104,24,5,176,1,20250716_155355
1752648753.064633,11575973,2963449088,2963.449088,27,5,174,1,20250716_155355
1752648753.074617,11576012,2963459072,2963.459072,31,5,174,1,20250716_155355
1752648753.0846004,11576051,2963469056,2963.469056,35,5,172,1,20250716_155355
1752648753.0945845,11576090,2963479040,2963.47904,39,5,172,1,20250716_155355
1752648753.1045685,11576129,2963489024,2963.489024,43,5,168,1,20250716_155355
1752648753.1145525,11576168,2963499008,2963.499008,47,5,165,1,20250716_155355
1752648753.1245365,11576207,2963508992,2963.508992,50,5,150,1,20250716_155355
1752648753.1345203,11576246,2963518976,2963.518976,54,5,135,1,20250716_155355
1752648753.1445043,11576285,2963528960,2963.52896,58,5,125,1,20250716_155355
1752648753.1544886,11576324,2963538944,2963.538944,62,5,113,1,20250716_155355
1752648753.1644726,11576363,2963548928,2963.548928,66,5,109,1,20250716_155355
1752648753.1744566,11576402,2963558912,2963.558912,70,5,104,1,20250716_155355
1752648753.1844406,11576441,2963568896,2963.568896,73,5,99,1,20250716_155355
1752648753.1946805,11576481,2963579136,2963.579136,77,5,96,1,20250716_155355
1752648753.2046645,11576520,2963589120,2963.58912,81,5,97,1,20250716_155355
1752648753.2146485,11576559,2963599104,2963.599104,85,5,99,1,20250716_155355
1752648753.2246325,11576598,2963609088,2963.609088,89,5,99,1,20250716_155355
1752648753.2346165,11576637,2963619072,2963.619072,93,5,97,1,20250716_155355
1752648753.2446003,11576676,2963629056,2963.629056,96,5,97,1,20250716_155355
1752648753.2545846,11576715,2963639040,2963.63904,100,5,97,1,20250716_155355
1752648753.2645686,11576754,2963649024,2963.649024,104,5,97,1,20250716_155355
1752648753.2748086,11576794,2963659264,2963.659264,108,5,98,1,20250716_155355
1752648753.284793,11576833,2963669248,2963.669248,112,5,98,1,20250716_155355
1752648753.2947764,11576872,2963679232,2963.679232,116,5,98,1,20250716_155355
1752648753.3047605,11576911,2963689216,2963.689216,119,5,101,1,20250716_155355
1752648753.3147445,11576950,2963699200,2963.6992,123,5,100,1,20250716_155355
1752648753.3247285,11576989,2963709184,2963.709184,127,5,102,1,20250716_155355
1752648753.3347125,11577028,2963719168,2963.719168,131,5,101,1,20250716_155355
1752648753.3449526,11577068,2963729408,2963.729408,135,5,103,1,20250716_155355
1752648753.3549366,11577107,2963739392,2963.739392,138,5,105,1,20250716_155355
1752648753.3649206,11577146,2963749376,2963.749376,142,5,107,1,20250716_155355
1752648753.3749046,11577185,2963759360,2963.75936,146,5,110,1,20250716_155355
1752648753.3848886,11577224,2963769344,2963.769344,150,5,113,1,20250716_155355
1752648753.394873,11577263,2963779328,2963.779328,154,5,118,1,20250716_155355
1752648753.4048564,11577302,2963789312,2963.789312,158,5,124,1,20250716_155355
1752648753.4150963,11577342,2963799552,2963.799552,161,5,130,1,20250716_155355
1752648753.4250803,11577381,2963809536,2963.809536,165,5,140,1,20250716_155355
1752648753.4350646,11577420,2963819520,2963.81952,169,5,149,1,20250716_155355
1752648753.4450486,11577459,2963829504,2963.829504,173,5,156,1,20250716_155355
1752648753.4550326,11577498,2963839488,2963.839488,177,5,163,1,20250716_155355
1752648753.4650166,11577537,2963849472,2963.849472,181,5,168,1,20250716_155355
1752648753.4750006,11577576,2963859456,2963.859456,184,5,173,1,20250716_155355
1752648753.4849846,11577615,2963869440,2963.86944,188,5,174,1,20250716_155355
1752648753.4952245,11577655,2963879680,2963.87968,192,5,174,1,20250716_155355
1752648753.5052085,11577694,2963889664,2963.889664,196,5,175,1,20250716_155355
1752648753.5151925,11577733,2963899648,2963.899648,200,5,176,1,20250716_155355
1752648753.5251763,11577772,2963909632,2963.909632,204,5,176,1,20250716_155355
1752648753.5351603,11577811,2963919616,2963.919616,207,5,176,1,20250716_155355
1752648753.5451446,11577850,2963929600,2963.9296,211,5,178,1,20250716_155355
1752648753.5551286,11577889,2963939584,2963.939584,215,5,176,1,20250716_155355
1752648753.565369,11577929,2963949824,2963.949824,219,5,176,1,20250716_155355
1752648753.575353,11577968,2963959808,2963.959808,223,5,177,1,20250716_155355
1752648753.5853364,11578007,2963969792,2963.969792,227,5,177,1,20250716_155355
1752648753.5953205,11578046,2963979776,2963.979776,230,5,177,1,20250716_155355
1752648753.6053045,11578085,2963989760,2963.98976,234,5,177,1,20250716_155355
1752648753.6152885,11578124,2963999744,2963.999744,238,5,176,1,20250716_155355
1752648753.6252725,11578163,2964009728,2964.009728,242,5,177,1,20250716_155355
1752648753.6355126,11578203,2964019968,2964.019968,246,5,176,1,20250716_155355
1752648753.6454966,11578242,2964029952,2964.029952,250,5,177,1,20250716_155355
1752648753.6554806,11578281,2964039936,2964.039936,253,5,177,1,20250716_155355
1752648753.6654646,11578320,2964049920,2964.04992,2,6,177,1,20250716_155355
1752648753.675449,11578359,2964059904,2964.059904,6,5,176,1,20250716_155355
1752648753.685433,11578398,2964069888,2964.069888,10,5,177,1,20250716_155355
1752648753.6954165,11578437,2964079872,2964.079872,14,5,177,1,20250716_155355
1752648753.7054005,11578476,2964089856,2964.089856,18,5,176,1,20250716_155355
1752648753.7153845,11578515,2964099840,2964.09984,21,5,175,1,20250716_155355
1752648753.7253685,11578554,2964109824,2964.109824,25,5,175,1,20250716_155355
1752648753.7356086,11578594,2964120064,2964.120064,29,5,175,1,20250716_155355
1752648753.7455926,11578633,2964130048,2964.130048,33,5,174,1,20250716_155355
1752648753.7555766,11578672,2964140032,2964.140032,37,5,173,1,20250716_155355
1752648753.7655606,11578711,2964150016,2964.150016,40,5,171,1,20250716_155355
1752648753.7755446,11578750,2964160000,2964.16,44,5,169,1,20250716_155355
1752648753.785529,11578789,2964169984,2964.169984,48,5,166,1,20250716_155355
1752648753.795513,11578828,2964179968,2964.179968,52,5,156,1,20250716_155355
1752648753.8054965,11578867,2964189952,2964.189952,56,5,140,1,20250716_155355
1752648753.8154805,11578906,2964199936,2964.199936,60,5,127,1,20250716_155355
1752648753.8254645,11578945,2964209920,2964.20992,63,5,118,1,20250716_155355
1752648753.8354485,11578984,2964219904,2964.219904,67,5,111,1,20250716_155355
1752648753.8454323,11579023,2964229888,2964.229888,71,5,106,1,20250716_155355
1752648753.8554163,11579062,2964239872,2964.239872,75,5,101,1,20250716_155355
1752648753.8654006,11579101,2964249856,2964.249856,79,5,97,1,20250716_155355
1752648753.8753846,11579140,2964259840,2964.25984,83,5,96,1,20250716_155355
1752648753.8856246,11579180,2964270080,2964.27008,86,5,98,1,20250716_155355
1752648753.895609,11579219,2964280064,2964.280064,90,5,99,1,20250716_155355
1752648753.9055924,11579258,2964290048,2964.290048,94,5,97,1,20250716_155355
1752648753.9155765,11579297,2964300032,2964.300032,98,5,97,1,20250716_155355
1752648753.9255605,11579336,2964310016,2964.310016,102,5,98,1,20250716_155355
1752648753.9355445,11579375,2964320000,2964.32,105,5,95,1,20250716_155355
1752648753.9455285,11579414,2964329984,2964.329984,109,5,98,1,20250716_155355
1752648753.9555123,11579453,2964339968,2964.339968,113,5,98,1,20250716_155355
1752648753.9654963,11579492,2964349952,2964.349952,117,5,99,1,20250716_155355
1752648753.9754806,11579531,2964359936,2964.359936,121,5,100,1,20250716_155355
1752648753.9854646,11579570,2964369920,2964.36992,125,5,100,1,20250716_155355
1752648753.9954486,11579609,2964379904,2964.379904,128,5,100,1,20250716_155355
1752648754.0054326,11579648,2964389888,2964.389888,132,5,101,1,20250716_155355
1752648754.0154166,11579687,2964399872,2964.399872,136,5,104,1,20250716_155355
1752648754.0254006,11579726,2964409856,2964.409856,140,5,106,1,20250716_155355
1752648754.0356405,11579766,2964420096,2964.420096,144,5,108,1,20250716_155355
1752648754.0456245,11579805,2964430080,2964.43008,148,5,111,1,20250716_155355
1752648754.0556085,11579844,2964440064,2964.440064,151,5,114,1,20250716_155355
1752648754.0655923,11579883,2964450048,2964.450048,155,5,119,1,20250716_155355
1752648754.0755763,11579922,2964460032,2964.460032,159,5,127,1,20250716_155355
1752648754.0855606,11579961,2964470016,2964.470016,163,5,135,1,20250716_155355
1752648754.0955446,11580000,2964480000,2964.48,167,5,146,1,20250716_155355
1752648754.1055286,11580039,2964489984,2964.489984,170,5,153,1,20250716_155355
1752648754.1155126,11580078,2964499968,2964.499968,174,5,159,1,20250716_155355
1752648754.1254966,11580117,2964509952,2964.509952,178,5,166,1,20250716_155355
1752648754.1354806,11580156,2964519936,2964.519936,182,5,169,1,20250716_155355
1752648754.145465,11580195,2964529920,2964.52992,186,5,173,1,20250716_155355
1752648754.155449,11580234,2964539904,2964.539904,190,5,174,1,20250716_155355
1752648754.1654325,11580273,2964549888,2964.549888,193,5,175,1,20250716_155355
1752648754.1756723,11580313,2964560128,2964.560128,197,5,174,1,20250716_155355
1752648754.1856563,11580352,2964570112,2964.570112,201,5,175,1,20250716_155355
1752648754.1956406,11580391,2964580096,2964.580096,205,6,176,1,20250716_155355
1752648754.2056246,11580430,2964590080,2964.59008,209,5,176,1,20250716_155355
1752648754.2156086,11580469,2964600064,2964.600064,213,5,176,1,20250716_155355
1752648754.2255926,11580508,2964610048,2964.610048,216,5,177,1,20250716_155355
1752648754.2355766,11580547,2964620032,2964.620032,220,5,177,1,20250716_155355
1752648754.2455606,11580586,2964630016,2964.630016,224,5,177,1,20250716_155355
1752648754.255545,11580625,2964640000,2964.64,228,5,177,1,20250716_155355
1752648754.2655284,11580664,2964649984,2964.649984,232,5,177,1,20250716_155355
1752648754.2755125,11580703,2964659968,2964.659968,235,5,177,1,20250716_155355
1752648754.2854965,11580742,2964669952,2964.669952,239,5,177,1,20250716_155355
1752648754.2954805,11580781,2964679936,2964.679936,243,5,177,1,20250716_155355
1752648754.3054645,11580820,2964689920,2964.68992,247,5,178,1,20250716_155355
1752648754.3154483,11580859,2964699904,2964.699904,251,6,177,1,20250716_155355
1752648754.3256886,11580899,2964710144,2964.710144,0,5,177,1,20250716_155355
1752648754.3356726,11580938,2964720128,2964.720128,3,5,176,1,20250716_155355
1752648754.3456566,11580977,2964730112,2964.730112,7,5,176,1,20250716_155355
1752648754.3556406,11581016,2964740096,2964.740096,11,5,176,1,20250716_155355
1752648754.365625,11581055,2964750080,2964.75008,15,5,175,1,20250716_155355
1752648754.3756084,11581094,2964760064,2964.760064,19,5,175,1,20250716_155355
1752648754.3855925,11581133,2964770048,2964.770048,23,5,174,1,20250716_155355
1752648754.3955765,11581172,2964780032,2964.780032,26,5,174,1,20250716_155355
1752648754.4055605,11581211,2964790016,2964.790016,30,5,173,1,20250716_155355
1752648754.4155445,11581250,2964800000,2964.8,34,5,171,1,20250716_155355
1752648754.4255283,11581289,2964809984,2964.809984,38,5,168,1,20250716_155355
1752648754.4355123,11581328,2964819968,2964.819968,42,5,165,1,20250716_155355
1752648754.4454966,11581367,2964829952,2964.829952,45,5,158,1,20250716_155355
1752648754.4554806,11581406,2964839936,2964.839936,49,5,142,1,20250716_155355
1752648754.4654646,11581445,2964849920,2964.84992,53,5,127,1,20250716_155355
1752648754.475705,11581485,2964860160,2964.86016,57,5,117,1,20250716_155355
1752648754.4856884,11581524,2964870144,2964.870144,61,5,110,1,20250716_155355
1752648754.4956725,11581563,2964880128,2964.880128,65,5,104,1,20250716_155355
1752648754.5056565,11581602,2964890112,2964.890112,68,5,100,1,20250716_155355
1752648754.5156405,11581641,2964900096,2964.900096,72,5,97,1,20250716_155355
1752648754.5256245,11581680,2964910080,2964.91008,76,5,95,1,20250716_155355
1752648754.5356083,11581719,2964920064,2964.920064,80,5,96,1,20250716_155355
1752648754.5455923,11581758,2964930048,2964.930048,84,5,98,1,20250716_155355
1752648754.5555766,11581797,2964940032,2964.940032,88,5,98,1,20250716_155355
1752648754.5655606,11581836,2964950016,2964.950016,91,5,98,1,20250716_155355
1752648754.5755446,11581875,2964960000,2964.96,95,5,98,1,20250716_155355
1752648754.5855286,11581914,2964969984,2964.969984,99,5,98,1,20250716_155355
1752648754.5955126,11581953,2964979968,2964.979968,103,5,98,1,20250716_155355
1752648754.6054966,11581992,2964989952,2964.989952,107,5,98,1,20250716_155355
1752648754.6157365,11582032,2965000192,2965.000192,110,5,98,1,20250716_155355
1752648754.6257205,11582071,2965010176,2965.010176,114,5,99,1,20250716_155355
1752648754.6357045,11582110,2965020160,2965.02016,118,5,100,1,20250716_155355
1752648754.6456883,11582149,2965030144,2965.030144,122,5,100,1,20250716_155355
1752648754.6556726,11582188,2965040128,2965.040128,126,5,100,1,20250716_155355
1752648754.6656566,11582227,2965050112,2965.050112,130,5,102,1,20250716_155355
1752648754.6756406,11582266,2965060096,2965.060096,133,5,103,1,20250716_155355
1752648754.6856246,11582305,2965070080,2965.07008,137,5,105,1,20250716_155355
1752648754.6956086,11582344,2965080064,2965.080064,141,5,106,1,20250716_155355
1752648754.7055926,11582383,2965090048,2965.090048,145,5,109,1,20250716_155355
1752648754.7155766,11582422,2965100032,2965.100032,148,5,112,1,20250716_155355
1752648754.725561,11582461,2965110016,2965.110016,151,5,115,1,20250716_155355
1752648754.7355444,11582500,2965120000,2965.12,154,5,124,1,20250716_155355
1752648754.7455285,11582539,2965129984,2965.129984,157,5,130,1,20250716_155355
1752648754.7557683,11582579,2965140224,2965.140224,161,5,141,1,20250716_155355
1752648754.7657526,11582618,2965150208,2965.150208,165,5,148,1,20250716_155355
1752648754.7757366,11582657,2965160192,2965.160192,170,5,154,1,20250716_155355
1752648754.7857206,11582696,2965170176,2965.170176,175,5,161,1,20250716_155355
1752648754.7957046,11582735,2965180160,2965.18016,180,5,166,1,20250716_155355
1752648754.8056886,11582774,2965190144,2965.190144,185,6,171,1,20250716_155355
1752648754.8156726,11582813,2965200128,2965.200128,190,5,175,1,20250716_155355
1752648754.825657,11582852,2965210112,2965.210112,195,5,174,1,20250716_155355
1752648754.835641,11582891,2965220096,2965.220096,199,5,174,1,20250716_155355
1752648754.8456244,11582930,2965230080,2965.23008,204,5,174,1,20250716_155355
1752648754.8556085,11582969,2965240064,2965.240064,208,5,175,1,20250716_155355
1752648754.8655925,11583008,2965250048,2965.250048,212,5,176,1,20250716_155355
1752648754.8755765,11583047,2965260032,2965.260032,216,5,176,1,20250716_155355
1752648754.8855605,11583086,2965270016,2965.270016,220,5,176,1,20250716_155355
1752648754.8955443,11583125,2965280000,2965.28,223,5,176,1,20250716_155355
1752648754.9057846,11583165,2965290240,2965.29024,227,5,176,1,20250716_155355
1752648754.9157686,11583204,2965300224,2965.300224,230,5,176,1,20250716_155355
1752648754.9257526,11583243,2965310208,2965.310208,233,5,176,1,20250716_155355
1752648754.935737,11583282,2965320192,2965.320192,236,5,177,1,20250716_155355
1752648754.945721,11583321,2965330176,2965.330176,239,5,176,1,20250716_155355
1752648754.9557045,11583360,2965340160,2965.34016,241,5,175,1,20250716_155355
1752648754.9656885,11583399,2965350144,2965.350144,244,5,176,1,20250716_155355
1752648754.9756725,11583438,2965360128,2965.360128,247,5,177,1,20250716_155355
1752648754.9856565,11583477,2965370112,2965.370112,249,5,176,1,20250716_155355
1752648754.9956405,11583516,2965380096,2965.380096,251,5,176,1,20250716_155355
1752648755.0056243,11583555,2965390080,2965.39008,254,5,175,1,20250716_155355
1752648755.0156083,11583594,2965400064,2965.400064,1,5,176,1,20250716_155355
1752648755.0255926,11583633,2965410048,2965.410048,3,5,175,1,20250716_155355
1752648755.0355766,11583672,2965420032,2965.420032,5,5,175,1,20250716_155355
1752648755.0455606,11583711,2965430016,2965.430016,7,5,175,1,20250716_155355
1752648755.055801,11583751,2965440256,2965.440256,9,5,174,1,20250716_155355
1752648755.0657845,11583790,2965450240,2965.45024,11,5,174,1,20250716_155355
1752648755.0757685,11583829,2965460224,2965.460224,13,5,173,1,20250716_155355
1752648755.0857525,11583868,2965470208,2965.470208,15,5,172,1,20250716_155355
1752648755.0957365,11583907,2965480192,2965.480192,17,5,171,1,20250716_155355
1752648755.1057203,11583946,2965490176,2965.490176,20,5,170,1,20250716_155355
1752648755.1157043,11583985,2965500160,2965.50016,22,5,169,1,20250716_155355
1752648755.1256886,11584024,2965510144,2965.510144,24,5,166,1,20250716_155355
1752648755.1356726,11584063,2965520128,2965.520128,26,5,165,1,20250716_155355
1752648755.1456566,11584102,2965530112,2965.530112,29,5,162,1,20250716_155355
1752648755.1556406,11584141,2965540096,2965.540096,32,5,153,1,20250716_155355
1752648755.1656246,11584180,2965550080,2965.55008,35,5,145,1,20250716_155355
1752648755.1756086,11584219,2965560064,2965.560064,39,5,137,1,20250716_155355
1752648755.185593,11584258,2965570048,2965.570048,43,5,129,1,20250716_155355
1752648755.1958325,11584298,2965580288,2965.580288,47,5,126,1,20250716_155355
1752648755.2058165,11584337,2965590272,2965.590272,51,5,120,1,20250716_155355
1752648755.2158003,11584376,2965600256,2965.600256,56,5,115,1,20250716_155355
1752648755.2257843,11584415,2965610240,2965.61024,61,5,111,1,20250716_155355
1752648755.2357686,11584454,2965620224,2965.620224,65,5,105,1,20250716_155355
1752648755.2457526,11584493,2965630208,2965.630208,70,5,102,1,20250716_155355
1752648755.2557366,11584532,2965640192,2965.640192,75,5,99,1,20250716_155355
1752648755.2657206,11584571,2965650176,2965.650176,79,5,96,1,20250716_155355
1752648755.2757046,11584610,2965660160,2965.66016,83,5,97,1,20250716_155355
1752648755.2856886,11584649,2965670144,2965.670144,87,5,94,1,20250716_155355
1752648755.295673,11584688,2965680128,2965.680128,91,5,98,1,20250716_155355
1752648755.305657,11584727,2965690112,2965.690112,95,5,98,1,20250716_155355
1752648755.3156404,11584766,2965700096,2965.700096,98,5,98,1,20250716_155355
1752648755.3256245,11584805,2965710080,2965.71008,101,5,98,1,20250716_155355
1752648755.3356085,11584844,2965720064,2965.720064,104,5,96,1,20250716_155355
1752648755.3458486,11584884,2965730304,2965.730304,107,5,98,1,20250716_155355
1752648755.3558326,11584923,2965740288,2965.740288,110,5,98,1,20250716_155355
1752648755.3658166,11584962,2965750272,2965.750272,113,5,98,1,20250716_155355
1752648755.3758006,11585001,2965760256,2965.760256,116,5,99,1,20250716_155355
1752648755.3857846,11585040,2965770240,2965.77024,118,5,100,1,20250716_155355
1752648755.3957686,11585079,2965780224,2965.780224,121,5,101,1,20250716_155355
1752648755.405753,11585118,2965790208,2965.790208,123,5,102,1,20250716_155355
1752648755.415737,11585157,2965800192,2965.800192,126,5,104,1,20250716_155355
1752648755.4257205,11585196,2965810176,2965.810176,128,5,106,1,20250716_155355
1752648755.4357045,11585235,2965820160,2965.82016,131,5,107,1,20250716_155355
1752648755.4456885,11585274,2965830144,2965.830144,133,5,109,1,20250716_155355
1752648755.4556725,11585313,2965840128,2965.840128,136,5,112,1,20250716_155355
1752648755.4656565,11585352,2965850112,2965.850112,138,5,117,1,20250716_155355
1752648755.4756403,11585391,2965860096,2965.860096,141,5,121,1,20250716_155355
1752648755.4858806,11585431,2965870336,2965.870336,145,5,129,1,20250716_155355
1752648755.4958646,11585470,2965880320,2965.88032,148,5,141,1,20250716_155355
1752648755.5058486,11585509,2965890304,2965.890304,153,5,148,1,20250716_155355
1752648755.515833,11585548,2965900288,2965.900288,157,5,155,1,20250716_155355
1752648755.5258164,11585587,2965910272,2965.910272,162,5,161,1,20250716_155355
1752648755.5358005,11585626,2965920256,2965.920256,167,5,165,1,20250716_155355
1752648755.5457845,11585665,2965930240,2965.93024,173,5,169,1,20250716_155355
1752648755.5557685,11585704,2965940224,2965.940224,178,5,172,1,20250716_155355
1752648755.5657525,11585743,2965950208,2965.950208,183,5,174,1,20250716_155355
1752648755.5757363,11585782,2965960192,2965.960192,188,5,175,1,20250716_155355
1752648755.5857203,11585821,2965970176,2965.970176,193,5,175,1,20250716_155355
1752648755.5957046,11585860,2965980160,2965.98016,198,5,176,1,20250716_155355
1752648755.6056886,11585899,2965990144,2965.990144,203,5,176,1,20250716_155355
1752648755.6156726,11585938,2966000128,2966.000128,207,5,177,1,20250716_155355
1752648755.6256566,11585977,2966010112,2966.010112,211,5,176,1,20250716_155355
1752648755.6358964,11586017,2966020352,2966.020352,215,5,177,1,20250716_155355
1752648755.6458805,11586056,2966030336,2966.030336,219,5,177,1,20250716_155355
1752648755.6558645,11586095,2966040320,2966.04032,222,5,176,1,20250716_155355
1752648755.6658485,11586134,2966050304,2966.050304,226,5,176,1,20250716_155355
1752648755.6758325,11586173,2966060288,2966.060288,229,5,176,1,20250716_155355
1752648755.6858163,11586212,2966070272,2966.070272,232,5,177,1,20250716_155355
1752648755.6958003,11586251,2966080256,2966.080256,235,5,177,1,20250716_155355
1752648755.7057846,11586290,2966090240,2966.09024,238,5,177,1,20250716_155355
1752648755.7157686,11586329,2966100224,2966.100224,241,5,177,1,20250716_155355
1752648755.7257526,11586368,2966110208,2966.110208,243,5,176,1,20250716_155355
1752648755.7357366,11586407,2966120192,2966.120192,246,5,177,1,20250716_155355
1752648755.7457206,11586446,2966130176,2966.130176,248,5,177,1,20250716_155355
1752648755.7557046,11586485,2966140160,2966.14016,251,5,177,1,20250716_155355
1752648755.765689,11586524,2966150144,2966.150144,253,5,177,1,20250716_155355
1752648755.7759285,11586564,2966160384,2966.160384,0,5,177,1,20250716_155355
1752648755.7859125,11586603,2966170368,2966.170368,2,5,177,1,20250716_155355
1752648755.7958963,11586642,2966180352,2966.180352,4,5,176,1,20250716_155355
1752648755.8058803,11586681,2966190336,2966.190336,6,5,175,1,20250716_155355
1752648755.8158646,11586720,2966200320,2966.20032,8,5,175,1,20250716_155355
1752648755.8258486,11586759,2966210304,2966.210304,10,5,175,1,20250716_155355
1752648755.8358326,11586798,2966220288,2966.220288,12,5,174,1,20250716_155355
1752648755.8458166,11586837,2966230272,2966.230272,14,5,174,1,20250716_155355
1752648755.8558006,11586876,2966240256,2966.240256,16,5,174,1,20250716_155355
1752648755.8657846,11586915,2966250240,2966.25024,18,5,174,1,20250716_155355
1752648755.875769,11586954,2966260224,2966.260224,20,5,172,1,20250716_155355
1752648755.8857524,11586993,2966270208,2966.270208,23,5,170,1,20250716_155355
1752648755.8957365,11587032,2966280192,2966.280192,25,5,168,1,20250716_155355
1752648755.9057205,11587071,2966290176,2966.290176,27,5,167,1,20250716_155355
1752648755.9157045,11587110,2966300160,2966.30016,29,5,165,1,20250716_155355
1752648755.9259446,11587150,2966310400,2966.3104,32,5,163,1,20250716_155355
1752648755.9359286,11587189,2966320384,2966.320384,35,5,156,1,20250716_155355
1752648755.9459126,11587228,2966330368,2966.330368,38,5,147,1,20250716_155355
1752648755.9558966,11587267,2966340352,2966.340352,41,5,137,1,20250716_155355
1752648755.9658806,11587306,2966350336,2966.350336,45,5,129,1,20250716_155355
1752648755.9758646,11587345,2966360320,2966.36032,50,5,125,1,20250716_155355
1752648755.985849,11587384,2966370304,2966.370304,54,5,120,1,20250716_155355
1752648755.9958324,11587423,2966380288,2966.380288,59,5,115,1,20250716_155355
1752648756.0058165,11587462,2966390272,2966.390272,63,5,110,1,20250716_155355
1752648756.0158005,11587501,2966400256,2966.400256,68,5,106,1,20250716_155355
1752648756.0257845,11587540,2966410240,2966.41024,73,5,101,1,20250716_155355
1752648756.0357685,11587579,2966420224,2966.420224,77,5,98,1,20250716_155355
1752648756.0457523,11587618,2966430208,2966.430208,81,5,95,1,20250716_155355
1752648756.0557363,11587657,2966440192,2966.440192,85,5,97,1,20250716_155355
1752648756.0659766,11587697,2966450432,2966.450432,89,5,97,1,20250716_155355
1752648756.0759606,11587736,2966460416,2966.460416,93,5,98,1,20250716_155355
1752648756.085945,11587775,2966470400,2966.4704,97,5,98,1,20250716_155355
1752648756.095929,11587814,2966480384,2966.480384,100,5,97,1,20250716_155355
1752648756.1059124,11587853,2966490368,2966.490368,103,5,96,1,20250716_155355
1752648756.1158965,11587892,2966500352,2966.500352,106,5,96,1,20250716_155355
1752648756.1258805,11587931,2966510336,2966.510336,109,5,97,1,20250716_155355
1752648756.1358645,11587970,2966520320,2966.52032,112,5,98,1,20250716_155355
1752648756.1458485,11588009,2966530304,2966.530304,114,5,99,1,20250716_155355
1752648756.1558323,11588048,2966540288,2966.540288,117,5,98,1,20250716_155355
1752648756.1658163,11588087,2966550272,2966.550272,119,5,100,1,20250716_155355
1752648756.1758006,11588126,2966560256,2966.560256,122,5,100,1,20250716_155355
1752648756.1857846,11588165,2966570240,2966.57024,124,5,101,1,20250716_155355
1752648756.1957686,11588204,2966580224,2966.580224,127,5,103,1,20250716_155355
1752648756.206009,11588244,2966590464,2966.590464,129,5,104,1,20250716_155355
1752648756.2159925,11588283,2966600448,2966.600448,132,5,106,1,20250716_155355
1752648756.2259765,11588322,2966610432,2966.610432,134,5,108,1,20250716_155355
1752648756.2359605,11588361,2966620416,2966.620416,136,5,108,1,20250716_155355
1752648756.2459445,11588400,2966630400,2966.6304,139,5,110,1,20250716_155355
1752648756.2559285,11588439,2966640384,2966.640384,141,5,113,1,20250716_155355
1752648756.2659123,11588478,2966650368,2966.650368,144,5,115,1,20250716_155355
1752648756.2758963,11588517,2966660352,2966.660352,147,5,118,1,20250716_155355
1752648756.2858806,11588556,2966670336,2966.670336,150,5,123,1,20250716_155355
1752648756.2958646,11588595,2966680320,2966.68032,153,5,127,1,20250716_155355
1752648756.3058486,11588634,2966690304,2966.690304,156,5,133,1,20250716_155355
1752648756.3158326,11588673,2966700288,2966.700288,160,5,144,1,20250716_155355
1752648756.3258166,11588712,2966710272,2966.710272,165,5,150,1,20250716_155355
1752648756.3358006,11588751,2966720256,2966.720256,169,5,157,1,20250716_155355
1752648756.345785,11588790,2966730240,2966.73024,174,5,164,1,20250716_155355
1752648756.3560245,11588830,2966740480,2966.74048,179,5,169,1,20250716_155355
1752648756.3660083,11588869,2966750464,2966.750464,184,5,173,1,20250716_155355
1752648756.3759923,11588908,2966760448,2966.760448,190,5,173,1,20250716_155355
1752648756.3859766,11588947,2966770432,2966.770432,194,5,174,1,20250716_155355
1752648756.3959606,11588986,2966780416,2966.780416,199,5,174,1,20250716_155355
1752648756.4059446,11589025,2966790400,2966.7904,204,5,175,1,20250716_155355
1752648756.4159286,11589064,2966800384,2966.800384,208,5,175,1,20250716_155355
1752648756.4259126,11589103,2966810368,2966.810368,212,5,174,1,20250716_155355
1752648756.4358966,11589142,2966820352,2966.820352,216,5,176,1,20250716_155355
1752648756.445881,11589181,2966830336,2966.830336,220,5,176,1,20250716_155355
1752648756.455865,11589220,2966840320,2966.84032,223,5,177,1,20250716_155355
1752648756.4658484,11589259,2966850304,2966.850304,227,5,176,1,20250716_155355
1752648756.4758325,11589298,2966860288,2966.860288,230,5,176,1,20250716_155355
1752648756.4858165,11589337,2966870272,2966.870272,233,5,176,1,20250716_155355
1752648756.4960566,11589377,2966880512,2966.880512,236,5,176,1,20250716_155355
1752648756.5060406,11589416,2966890496,2966.890496,239,5,176,1,20250716_155355
1752648756.5160246,11589455,2966900480,2966.90048,241,5,176,1,20250716_155355
1752648756.5260086,11589494,2966910464,2966.910464,244,5,176,1,20250716_155355
1752648756.5359926,11589533,2966920448,2966.920448,246,5,175,1,20250716_155355
1752648756.5459766,11589572,2966930432,2966.930432,249,5,175,1,20250716_155355
1752648756.555961,11589611,2966940416,2966.940416,251,5,176,1,20250716_155355
1752648756.565945,11589650,2966950400,2966.9504,253,5,175,1,20250716_155355
1752648756.5759284,11589689,2966960384,2966.960384,1,5,176,1,20250716_155355
1752648756.5859125,11589728,2966970368,2966.970368,3,5,176,1,20250716_155355
1752648756.5958965,11589767,2966980352,2966.980352,5,5,177,1,20250716_155355
1752648756.6058805,11589806,2966990336,2966.990336,7,5,175,1,20250716_155355
1752648756.6158645,11589845,2967000320,2967.00032,9,5,175,1,20250716_155355
1752648756.6258483,11589884,2967010304,2967.010304,11,5,175,1,20250716_155355
1752648756.6360886,11589924,2967020544,2967.020544,13,5,174,1,20250716_155355
1752648756.6460726,11589963,2967030528,2967.030528,15,5,174,1,20250716_155355
1752648756.6560566,11590002,2967040512,2967.040512,17,5,174,1,20250716_155355
1752648756.666041,11590041,2967050496,2967.050496,19,5,173,1,20250716_155355
1752648756.676025,11590080,2967060480,2967.06048,21,5,172,1,20250716_155355
1752648756.6860085,11590119,2967070464,2967.070464,23,5,169,1,20250716_155355
1752648756.6959925,11590158,2967080448,2967.080448,25,5,169,1,20250716_155355
1752648756.7059765,11590197,2967090432,2967.090432,27,5,168,1,20250716_155355
1752648756.7159605,11590236,2967100416,2967.100416,30,5,166,1,20250716_155355
1752648756.7259445,11590275,2967110400,2967.1104,32,5,164,1,20250716_155355
1752648756.7359283,11590314,2967120384,2967.120384,35,5,161,1,20250716_155355
1752648756.7459126,11590353,2967130368,2967.130368,38,5,151,1,20250716_155355
1752648756.7558966,11590392,2967140352,2967.140352,41,5,141,1,20250716_155355
1752648756.7658806,11590431,2967150336,2967.150336,45,5,134,1,20250716_155355
1752648756.7758646,11590470,2967160320,2967.16032,49,5,128,1,20250716_155355
1752648756.7861044,11590510,2967170560,2967.17056,53,5,125,1,20250716_155355
1752648756.7960885,11590549,2967180544,2967.180544,58,5,120,1,20250716_155355
1752648756.8060725,11590588,2967190528,2967.190528,62,5,115,1,20250716_155355
1752648756.8160565,11590627,2967200512,2967.200512,67,5,110,1,20250716_155355
1752648756.8260405,11590666,2967210496,2967.210496,71,5,106,1,20250716_155355
1752648756.8360243,11590705,2967220480,2967.22048,76,5,101,1,20250716_155355
1752648756.8460083,11590744,2967230464,2967.230464,80,5,99,1,20250716_155355
1752648756.8559926,11590783,2967240448,2967.240448,84,5,96,1,20250716_155355
1752648756.8659766,11590822,2967250432,2967.250432,88,5,95,1,20250716_155355
1752648756.8759606,11590861,2967260416,2967.260416,92,5,96,1,20250716_155355
1752648756.8859446,11590900,2967270400,2967.2704,95,5,96,1,20250716_155355
1752648756.8959286,11590939,2967280384,2967.280384,99,5,96,1,20250716_155355
1752648756.9059126,11590978,2967290368,2967.290368,102,5,97,1,20250716_155355
1752648756.915897,11591017,2967300352,2967.300352,105,5,97,1,20250716_155355
1752648756.925881,11591056,2967310336,2967.310336,108,5,97,1,20250716_155355
1752648756.9361205,11591096,2967320576,2967.320576,111,5,98,1,20250716_155355
1752648756.9461043,11591135,2967330560,2967.33056,114,5,98,1,20250716_155355
1752648756.9560883,11591174,2967340544,2967.340544,116,5,99,1,20250716_155355
1752648756.9660726,11591213,2967350528,2967.350528,119,5,98,1,20250716_155355
1752648756.9760566,11591252,2967360512,2967.360512,121,5,99,1,20250716_155355
1752648756.9860406,11591291,2967370496,2967.370496,124,5,100,1,20250716_155355
1752648756.9960246,11591330,2967380480,2967.38048,126,5,100,1,20250716_155355
1752648757.0060086,11591369,2967390464,2967.390464,128,5,101,1,20250716_155355
1752648757.0159926,11591408,2967400448,2967.400448,131,5,102,1,20250716_155355
1752648757.025977,11591447,2967410432,2967.410432,133,5,104,1,20250716_155355
1752648757.035961,11591486,2967420416,2967.420416,135,5,105,1,20250716_155355
1752648757.0459445,11591525,2967430400,2967.4304,138,5,106,1,20250716_155355
1752648757.0559285,11591564,2967440384,2967.440384,140,5,107,1,20250716_155355
1752648757.0659125,11591603,2967450368,2967.450368,142,5,109,1,20250716_155355
1752648757.0761526,11591643,2967460608,2967.460608,145,5,112,1,20250716_155355
1752648757.0861366,11591682,2967470592,2967.470592,147,5,114,1,20250716_155355
1752648757.0961206,11591721,2967480576,2967.480576,150,5,116,1,20250716_155355
1752648757.1061046,11591760,2967490560,2967.49056,153,5,119,1,20250716_155355
1752648757.1160886,11591799,2967500544,2967.500544,156,5,123,1,20250716_155355
1752648757.1260726,11591838,2967510528,2967.510528,159,5,127,1,20250716_155355
1752648757.136057,11591877,2967520512,2967.520512,163,5,132,1,20250716_155355
1752648757.1460404,11591916,2967530496,2967.530496,167,5,142,1,20250716_155355
1752648757.1560245,11591955,2967540480,2967.54048,171,5,148,1,20250716_155355
1752648757.1660085,11591994,2967550464,2967.550464,175,5,154,1,20250716_155355
1752648757.1759925,11592033,2967560448,2967.560448,180,5,160,1,20250716_155355
1752648757.1859765,11592072,2967570432,2967.570432,185,5,165,1,20250716_155355
1752648757.1959603,11592111,2967580416,2967.580416,190,5,169,1,20250716_155355
1752648757.2059443,11592150,2967590400,2967.5904,195,5,173,1,20250716_155355
1752648757.2161846,11592190,2967600640,2967.60064,199,5,174,1,20250716_155355
1752648757.2261686,11592229,2967610624,2967.610624,204,5,174,1,20250716_155355
1752648757.2361526,11592268,2967620608,2967.620608,208,5,176,1,20250716_155355
1752648757.246137,11592307,2967630592,2967.630592,212,5,175,1,20250716_155355
1752648757.2561204,11592346,2967640576,2967.640576,216,5,174,1,20250716_155355
1752648757.2661045,11592385,2967650560,2967.65056,220,5,175,1,20250716_155355
1752648757.2760885,11592424,2967660544,2967.660544,223,5,176,1,20250716_155355
1752648757.2860725,11592463,2967670528,2967.670528,227,5,175,1,20250716_155355
1752648757.2960565,11592502,2967680512,2967.680512,230,5,176,1,20250716_155355
1752648757.3060403,11592541,2967690496,2967.690496,233,5,175,1,20250716_155355
1752648757.3160243,11592580,2967700480,2967.70048,236,5,176,1,20250716_155355
1752648757.3260086,11592619,2967710464,2967.710464,239,5,176,1,20250716_155355
1752648757.3359926,11592658,2967720448,2967.720448,241,6,177,1,20250716_155355
1752648757.3459766,11592697,2967730432,2967.730432,244,5,175,1,20250716_155355
1752648757.3559606,11592736,2967740416,2967.740416,246,5,176,1,20250716_155355
1752648757.3662004,11592776,2967750656,2967.750656,249,5,176,1,20250716_155355
1752648757.3761845,11592815,2967760640,2967.76064,251,5,176,1,20250716_155355
1752648757.3861685,11592854,2967770624,2967.770624,254,5,176,1,20250716_155355
1752648757.3961525,11592893,2967780608,2967.780608,1,5,176,1,20250716_155355
1752648757.4061365,11592932,2967790592,2967.790592,3,5,176,1,20250716_155355
1752648757.4161203,11592971,2967800576,2967.800576,5,5,176,1,20250716_155355
1752648757.4261043,11593010,2967810560,2967.81056,7,5,176,1,20250716_155355
1752648757.4360886,11593049,2967820544,2967.820544,9,5,175,1,20250716_155355
1752648757.4460726,11593088,2967830528,2967.830528,11,5,175,1,20250716_155355
1752648757.4560566,11593127,2967840512,2967.840512,13,5,175,1,20250716_155355
1752648757.4660406,11593166,2967850496,2967.850496,15,5,174,1,20250716_155355
1752648757.4760246,11593205,2967860480,2967.86048,17,5,174,1,20250716_155355
1752648757.4860086,11593244,2967870464,2967.870464,19,5,173,1,20250716_155355
1752648757.495993,11593283,2967880448,2967.880448,21,5,173,1,20250716_155355
1752648757.5059764,11593322,2967890432,2967.890432,23,5,172,1,20250716_155355
1752648757.5162165,11593362,2967900672,2967.900672,25,5,171,1,20250716_155355
1752648757.5262003,11593401,2967910656,2967.910656,27,5,170,1,20250716_155355
1752648757.5361843,11593440,2967920640,2967.92064,29,5,169,1,20250716_155355
1752648757.5461686,11593479,2967930624,2967.930624,31,5,167,1,20250716_155355
1752648757.5561526,11593518,2967940608,2967.940608,34,5,165,1,20250716_155355
1752648757.5661366,11593557,2967950592,2967.950592,36,5,163,1,20250716_155355
1752648757.5761206,11593596,2967960576,2967.960576,39,5,158,1,20250716_155355
1752648757.5861046,11593635,2967970560,2967.97056,42,5,148,1,20250716_155355
1752648757.5960886,11593674,2967980544,2967.980544,46,5,141,1,20250716_155355
1752648757.606073,11593713,2967990528,2967.990528,50,5,135,1,20250716_155355
1752648757.6160564,11593752,2968000512,2968.000512,54,5,127,1,20250716_155355
1752648757.6260405,11593791,2968010496,2968.010496,58,5,123,1,20250716_155355
1752648757.6360245,11593830,2968020480,2968.02048,62,5,117,1,20250716_155355
1752648757.6460085,11593869,2968030464,2968.030464,67,5,113,1,20250716_155355
1752648757.6562486,11593909,2968040704,2968.040704,71,5,109,1,20250716_155355
1752648757.6662326,11593948,2968050688,2968.050688,76,5,105,1,20250716_155355
1752648757.6762166,11593987,2968060672,2968.060672,80,5,100,1,20250716_155355
1752648757.6862006,11594026,2968070656,2968.070656,84,5,96,1,20250716_155355
1752648757.6961846,11594065,2968080640,2968.08064,88,5,95,1,20250716_155355
1752648757.706169,11594104,2968090624,2968.090624,92,5,96,1,20250716_155355
1752648757.716153,11594143,2968100608,2968.100608,95,5,97,1,20250716_155355
1752648757.7261364,11594182,2968110592,2968.110592,99,5,98,1,20250716_155355
1752648757.7361205,11594221,2968120576,2968.120576,102,5,98,1,20250716_155355
1752648757.7461045,11594260,2968130560,2968.13056,105,5,99,1,20250716_155355
1752648757.7560885,11594299,2968140544,2968.140544,108,5,97,1,20250716_155355
1752648757.7660725,11594338,2968150528,2968.150528,111,5,99,1,20250716_155355
1752648757.7760563,11594377,2968160512,2968.160512,114,5,98,1,20250716_155355
1752648757.7860403,11594416,2968170496,2968.170496,116,5,100,1,20250716_155355
1752648757.7962806,11594456,2968180736,2968.180736,119,5,100,1,20250716_155355
1752648757.8062646,11594495,2968190720,2968.19072,121,5,101,1,20250716_155355
1752648757.816249,11594534,2968200704,2968.200704,124,5,101,1,20250716_155355
1752648757.826233,11594573,2968210688,2968.210688,126,5,102,1,20250716_155355
1752648757.8362164,11594612,2968220672,2968.220672,128,5,103,1,20250716_155355
1752648757.8462005,11594651,2968230656,2968.230656,131,5,104,1,20250716_155355
1752648757.8561845,11594690,2968240640,2968.24064,133,5,104,1,20250716_155355
1752648757.8661685,11594729,2968250624,2968.250624,136,5,107,1,20250716_155355
1752648757.8761525,11594768,2968260608,2968.260608,138,5,107,1,20250716_155355
1752648757.8861363,11594807,2968270592,2968.270592,140,5,110,1,20250716_155355
1752648757.8961203,11594846,2968280576,2968.280576,143,5,111,1,20250716_155355
1752648757.9061046,11594885,2968290560,2968.29056,145,5,113,1,20250716_155355
1752648757.9160886,11594924,2968300544,2968.300544,148,5,117,1,20250716_155355
1752648757.9260726,11594963,2968310528,2968.310528,151,5,120,1,20250716_155355
1752648757.9360566,11595002,2968320512,2968.320512,154,5,125,1,20250716_155355
1752648757.9462965,11595042,2968330752,2968.330752,158,5,127,1,20250716_155355
1752648757.9562805,11595081,2968340736,2968.340736,161,5,134,1,20250716_155355
1752648757.9662645,11595120,2968350720,2968.35072,165,5,143,1,20250716_155355
1752648757.9762485,11595159,2968360704,2968.360704,169,5,148,1,20250716_155355
1752648757.9862325,11595198,2968370688,2968.370688,174,5,153,1,20250716_155355
1752648757.9962163,11595237,2968380672,2968.380672,178,5,157,1,20250716_155355
1752648758.0062006,11595276,2968390656,2968.390656,183,5,163,1,20250716_155355
1752648758.0161846,11595315,2968400640,2968.40064,188,5,167,1,20250716_155355
1752648758.0261686,11595354,2968410624,2968.410624,193,5,172,1,20250716_155355
1752648758.0361526,11595393,2968420608,2968.420608,198,5,173,1,20250716_155355
1752648758.0461366,11595432,2968430592,2968.430592,202,5,173,1,20250716_155355
1752648758.0561206,11595471,2968440576,2968.440576,206,5,173,1,20250716_155355
1752648758.066105,11595510,2968450560,2968.45056,211,5,175,1,20250716_155355
1752648758.076089,11595549,2968460544,2968.460544,215,5,175,1,20250716_155355
1752648758.0863285,11595589,2968470784,2968.470784,218,5,175,1,20250716_155355
1752648758.0963123,11595628,2968480768,2968.480768,222,5,176,1,20250716_155355
1752648758.1062963,11595667,2968490752,2968.490752,225,5,176,1,20250716_155355
1752648758.1162806,11595706,2968500736,2968.500736,229,5,176,1,20250716_155355
1752648758.1262646,11595745,2968510720,2968.51072,232,5,176,1,20250716_155355
1752648758.1362486,11595784,2968520704,2968.520704,235,5,177,1,20250716_155355
1752648758.1462326,11595823,2968530688,2968.530688,238,5,177,1,20250716_155355
1752648758.1562166,11595862,2968540672,2968.540672,240,5,176,1,20250716_155355
1752648758.1662006,11595901,2968550656,2968.550656,243,5,176,1,20250716_155355
1752648758.176185,11595940,2968560640,2968.56064,246,5,176,1,20250716_155355
1752648758.186169,11595979,2968570624,2968.570624,248,5,176,1,20250716_155355
1752648758.1961524,11596018,2968580608,2968.580608,250,5,176,1,20250716_155355
1752648758.2061365,11596057,2968590592,2968.590592,253,5,176,1,20250716_155355
1752648758.2161205,11596096,2968600576,2968.600576,0,5,176,1,20250716_155355
1752648758.2263606,11596136,2968610816,2968.610816,2,5,175,1,20250716_155355
1752648758.2363446,11596175,2968620800,2968.6208,4,5,176,1,20250716_155355
1752648758.2463286,11596214,2968630784,2968.630784,6,5,176,1,20250716_155355
1752648758.2563126,11596253,2968640768,2968.640768,8,5,175,1,20250716_155355
1752648758.2662966,11596292,2968650752,2968.650752,10,5,175,1,20250716_155355
1752648758.2762806,11596331,2968660736,2968.660736,12,5,175,1,20250716_155355
1752648758.286265,11596370,2968670720,2968.67072,14,5,175,1,20250716_155355
1752648758.296249,11596409,2968680704,2968.680704,16,5,174,1,20250716_155355
1752648758.3062325,11596448,2968690688,2968.690688,18,5,173,1,20250716_155355
1752648758.3162165,11596487,2968700672,2968.700672,20,5,172,1,20250716_155355
1752648758.3262005,11596526,2968710656,2968.710656,22,5,173,1,20250716_155355
1752648758.3361845,11596565,2968720640,2968.72064,24,5,172,1,20250716_155355
1752648758.3461685,11596604,2968730624,2968.730624,26,5,172,1,20250716_155355
1752648758.3561523,11596643,2968740608,2968.740608,28,5,170,1,20250716_155355
1752648758.3661366,11596682,2968750592,2968.750592,30,5,168,1,20250716_155355
1752648758.3763766,11596722,2968760832,2968.760832,32,5,167,1,20250716_155355
1752648758.3863606,11596761,2968770816,2968.770816,35,5,166,1,20250716_155355
1752648758.396345,11596800,2968780800,2968.7808,37,5,163,1,20250716_155355
1752648758.4063284,11596839,2968790784,2968.790784,40,5,159,1,20250716_155355
1752648758.4163125,11596878,2968800768,2968.800768,43,5,149,1,20250716_155355
1752648758.4262965,11596917,2968810752,2968.810752,46,5,140,1,20250716_155355
1752648758.4362805,11596956,2968820736,2968.820736,50,5,133,1,20250716_155355
1752648758.4462645,11596995,2968830720,2968.83072,54,5,127,1,20250716_155355
1752648758.4562483,11597034,2968840704,2968.840704,59,5,124,1,20250716_155355
1752648758.4662323,11597073,2968850688,2968.850688,63,5,119,1,20250716_155355
1752648758.4762166,11597112,2968860672,2968.860672,68,5,114,1,20250716_155355
1752648758.4862006,11597151,2968870656,2968.870656,72,5,107,1,20250716_155355
1752648758.4961846,11597190,2968880640,2968.88064,76,5,103,1,20250716_155355
1752648758.5061686,11597229,2968890624,2968.890624,81,5,99,1,20250716_155355
1752648758.5161526,11597268,2968900608,2968.900608,85,5,95,1,20250716_155355
1752648758.5263925,11597308,2968910848,2968.910848,89,5,96,1,20250716_155355
1752648758.5363765,11597347,2968920832,2968.920832,92,5,94,1,20250716_155355
1752648758.5463605,11597386,2968930816,2968.930816,96,5,96,1,20250716_155355
1752648758.5563445,11597425,2968940800,2968.9408,99,5,96,1,20250716_155355
1752648758.5663283,11597464,2968950784,2968.950784,102,5,98,1,20250716_155355
1752648758.5763123,11597503,2968960768,2968.960768,106,5,98,1,20250716_155355
1752648758.5862966,11597542,2968970752,2968.970752,108,5,98,1,20250716_155355
1752648758.5962806,11597581,2968980736,2968.980736,111,5,97,1,20250716_155355
1752648758.6062646,11597620,2968990720,2968.99072,114,5,98,1,20250716_155355
1752648758.6162486,11597659,2969000704,2969.000704,117,5,99,1,20250716_155355
1752648758.6262326,11597698,2969010688,2969.010688,119,5,99,1,20250716_155355
1752648758.6362166,11597737,2969020672,2969.020672,122,5,100,1,20250716_155355
1752648758.646201,11597776,2969030656,2969.030656,124,5,100,1,20250716_155355
1752648758.656185,11597815,2969040640,2969.04064,126,5,102,1,20250716_155355
1752648758.6664245,11597855,2969050880,2969.05088,129,5,103,1,20250716_155355
1752648758.6764083,11597894,2969060864,2969.060864,131,5,104,1,20250716_155355
1752648758.6863923,11597933,2969070848,2969.070848,133,5,106,1,20250716_155355
1752648758.6963766,11597972,2969080832,2969.080832,136,5,108,1,20250716_155355
1752648758.7063606,11598011,2969090816,2969.090816,138,5,111,1,20250716_155355
1752648758.7163446,11598050,2969100800,2969.1008,141,5,113,1,20250716_155355
1752648758.7263286,11598089,2969110784,2969.110784,144,5,116,1,20250716_155355
1752648758.7363126,11598128,2969120768,2969.120768,147,5,120,1,20250716_155355
1752648758.7462966,11598167,2969130752,2969.130752,150,5,124,1,20250716_155355
1752648758.756281,11598206,2969140736,2969.140736,153,5,127,1,20250716_155355
1752648758.7662644,11598245,2969150720,2969.15072,156,5,132,1,20250716_155355
1752648758.7762485,11598284,2969160704,2969.160704,160,5,136,1,20250716_155355
1752648758.7862325,11598323,2969170688,2969.170688,164,5,145,1,20250716_155355
1752648758.7962165,11598362,2969180672,2969.180672,169,5,151,1,20250716_155355
1752648758.8062005,11598401,2969190656,2969.190656,173,5,155,1,20250716_155355
1752648758.8164406,11598441,2969200896,2969.200896,178,5,161,1,20250716_155355
1752648758.8264246,11598480,2969210880,2969.21088,183,5,166,1,20250716_155355
1752648758.8364086,11598519,2969220864,2969.220864,188,5,169,1,20250716_155355
1752648758.8463926,11598558,2969230848,2969.230848,193,5,174,1,20250716_155355
1752648758.8563766,11598597,2969240832,2969.240832,197,5,174,1,20250716_155355
1752648758.866361,11598636,2969250816,2969.250816,202,5,174,1,20250716_155355
1752648758.8763444,11598675,2969260800,2969.2608,206,5,174,1,20250716_155355
1752648758.8863285,11598714,2969270784,2969.270784,211,5,175,1,20250716_155355
1752648758.8963125,11598753,2969280768,2969.280768,215,5,175,1,20250716_155355
1752648758.9062965,11598792,2969290752,2969.290752,218,5,176,1,20250716_155355
1752648758.9162805,11598831,2969300736,2969.300736,222,5,176,1,20250716_155355
1752648758.9262643,11598870,2969310720,2969.31072,225,5,176,1,20250716_155355
1752648758.9362483,11598909,2969320704,2969.320704,229,6,176,1,20250716_155355
1752648758.9462326,11598948,2969330688,2969.330688,232,5,175,1,20250716_155355
1752648758.9564726,11598988,2969340928,2969.340928,235,5,176,1,20250716_155355
1752648758.966457,11599027,2969350912,2969.350912,238,5,176,1,20250716_155355
1752648758.976441,11599066,2969360896,2969.360896,240,5,176,1,20250716_155355
1752648758.9864244,11599105,2969370880,2969.37088,243,5,176,1,20250716_155355
1752648758.9964085,11599144,2969380864,2969.380864,245,5,177,1,20250716_155355
1752648759.0063925,11599183,2969390848,2969.390848,248,5,176,1,20250716_155355
1752648759.0163765,11599222,2969400832,2969.400832,250,5,176,1,20250716_155355
1752648759.0263605,11599261,2969410816,2969.410816,252,5,175,1,20250716_155355
1752648759.0363443,11599300,2969420800,2969.4208,0,5,175,1,20250716_155355
1752648759.0463283,11599339,2969430784,2969.430784,2,5,176,1,20250716_155355
1752648759.0563126,11599378,2969440768,2969.440768,4,5,175,1,20250716_155355
1752648759.0662966,11599417,2969450752,2969.450752,6,5,175,1,20250716_155355
1752648759.0762806,11599456,2969460736,2969.460736,8,5,175,1,20250716_155355
1752648759.0862646,11599495,2969470720,2969.47072,10,5,174,1,20250716_155355
1752648759.0965044,11599535,2969480960,2969.48096,12,5,175,1,20250716_155355
1752648759.1064885,11599574,2969490944,2969.490944,14,5,174,1,20250716_155355
1752648759.1164725,11599613,2969500928,2969.500928,16,5,174,1,20250716_155355
1752648759.1264565,11599652,2969510912,2969.510912,18,5,174,1,20250716_155355
1752648759.1364405,11599691,2969520896,2969.520896,20,5,173,1,20250716_155355
1752648759.1464243,11599730,2969530880,2969.53088,22,5,172,1,20250716_155355
1752648759.1564083,11599769,2969540864,2969.540864,24,5,171,1,20250716_155355
1752648759.1663926,11599808,2969550848,2969.550848,26,5,171,1,20250716_155355
1752648759.1763766,11599847,2969560832,2969.560832,28,5,169,1,20250716_155355
1752648759.1863606,11599886,2969570816,2969.570816,30,5,168,1,20250716_155355
1752648759.1963446,11599925,2969580800,2969.5808,33,5,167,1,20250716_155355
1752648759.2063286,11599964,2969590784,2969.590784,35,5,166,1,20250716_155355
1752648759.2163126,11600003,2969600768,2969.600768,37,5,164,1,20250716_155355
1752648759.226297,11600042,2969610752,2969.610752,40,5,161,1,20250716_155355
1752648759.2365365,11600082,2969620992,2969.620992,43,5,152,1,20250716_155355
1752648759.2465203,11600121,2969630976,2969.630976,46,5,144,1,20250716_155355
1752648759.2565043,11600160,2969640960,2969.64096,50,5,136,1,20250716_155355
1752648759.2664886,11600199,2969650944,2969.650944,54,5,130,1,20250716_155355
1752648759.2764726,11600238,2969660928,2969.660928,58,5,125,1,20250716_155355
1752648759.2864566,11600277,2969670912,2969.670912,63,5,120,1,20250716_155355
1752648759.2964406,11600316,2969680896,2969.680896,67,5,116,1,20250716_155355
1752648759.3064246,11600355,2969690880,2969.69088,71,5,110,1,20250716_155355
1752648759.3164086,11600394,2969700864,2969.700864,76,5,106,1,20250716_155355
1752648759.326393,11600433,2969710848,2969.710848,80,5,102,1,20250716_155355
1752648759.336377,11600472,2969720832,2969.720832,84,5,96,1,20250716_155355
1752648759.3463604,11600511,2969730816,2969.730816,88,5,95,1,20250716_155355
1752648759.3563445,11600550,2969740800,2969.7408,92,5,96,1,20250716_155355
1752648759.3665843,11600590,2969751040,2969.75104,95,5,94,1,20250716_155355
1752648759.3765686,11600629,2969761024,2969.761024,99,5,95,1,20250716_155355
1752648759.3865526,11600668,2969771008,2969.771008,102,5,95,1,20250716_155355
1752648759.3965366,11600707,2969780992,2969.780992,105,5,96,1,20250716_155355
1752648759.4065206,11600746,2969790976,2969.790976,108,5,98,1,20250716_155355
1752648759.4165046,11600785,2969800960,2969.80096,111,5,97,1,20250716_155355
1752648759.4264886,11600824,2969810944,2969.810944,114,5,98,1,20250716_155355
1752648759.436473,11600863,2969820928,2969.820928,116,5,98,1,20250716_155355
1752648759.446457,11600902,2969830912,2969.830912,119,5,99,1,20250716_155355
1752648759.4564404,11600941,2969840896,2969.840896,121,5,100,1,20250716_155355
1752648759.4664245,11600980,2969850880,2969.85088,123,5,100,1,20250716_155355
1752648759.4764085,11601019,2969860864,2969.860864,126,5,102,1,20250716_155355
1752648759.4863925,11601058,2969870848,2969.870848,128,5,103,1,20250716_155355
1752648759.4966326,11601098,2969881088,2969.881088,131,5,104,1,20250716_155355
1752648759.5066166,11601137,2969891072,2969.891072,133,5,105,1,20250716_155355
1752648759.5166006,11601176,2969901056,2969.901056,135,5,107,1,20250716_155355
1752648759.5265846,11601215,2969911040,2969.91104,138,5,109,1,20250716_155355
1752648759.5365686,11601254,2969921024,2969.921024,140,5,111,1,20250716_155355
1752648759.546553,11601293,2969931008,2969.931008,143,5,114,1,20250716_155355
1752648759.556537,11601332,2969940992,2969.940992,146,5,117,1,20250716_155355
1752648759.5665205,11601371,2969950976,2969.950976,149,5,121,1,20250716_155355
1752648759.5765045,11601410,2969960960,2969.96096,152,5,124,1,20250716_155355
1752648759.5864885,11601449,2969970944,2969.970944,155,5,128,1,20250716_155355
1752648759.5964725,11601488,2969980928,2969.980928,158,5,132,1,20250716_155355
1752648759.6064565,11601527,2969990912,2969.990912,162,5,140,1,20250716_155355
1752648759.6164403,11601566,2970000896,2970.000896,166,5,146,1,20250716_155355
1752648759.6264246,11601605,2970010880,2970.01088,171,5,151,1,20250716_155355
1752648759.6364086,11601644,2970020864,2970.020864,175,5,155,1,20250716_155355
1752648759.6466486,11601684,2970031104,2970.031104,180,5,160,1,20250716_155355
1752648759.656633,11601723,2970041088,2970.041088,185,5,165,1,20250716_155355
1752648759.6666164,11601762,2970051072,2970.051072,190,5,168,1,20250716_155355
1752648759.6766005,11601801,2970061056,2970.061056,195,5,173,1,20250716_155355
1752648759.6865845,11601840,2970071040,2970.07104,199,5,174,1,20250716_155355
1752648759.6965685,11601879,2970081024,2970.081024,204,5,173,1,20250716_155355
1752648759.7065525,11601918,2970091008,2970.091008,208,5,174,1,20250716_155355
1752648759.7165363,11601957,2970100992,2970.100992,212,5,174,1,20250716_155355
1752648759.7265203,11601996,2970110976,2970.110976,216,5,175,1,20250716_155355
1752648759.7365046,11602035,2970120960,2970.12096,220,5,176,1,20250716_155355
1752648759.7464886,11602074,2970130944,2970.130944,223,5,175,1,20250716_155355
1752648759.7564726,11602113,2970140928,2970.140928,227,5,175,1,20250716_155355
1752648759.7664566,11602152,2970150912,2970.150912,230,5,177,1,20250716_155355
1752648759.7766964,11602192,2970161152,2970.161152,233,5,175,1,20250716_155355
1752648759.7866805,11602231,2970171136,2970.171136,236,5,176,1,20250716_155355
1752648759.7966645,11602270,2970181120,2970.18112,239,5,176,1,20250716_155355
1752648759.8066485,11602309,2970191104,2970.191104,241,5,175,1,20250716_155355
1752648759.8166325,11602348,2970201088,2970.201088,244,5,177,1,20250716_155355
1752648759.8266163,11602387,2970211072,2970.211072,247,5,176,1,20250716_155355
1752648759.8366003,11602426,2970221056,2970.221056,249,5,175,1,20250716_155355
1752648759.8465846,11602465,2970231040,2970.23104,251,5,176,1,20250716_155355
1752648759.8565686,11602504,2970241024,2970.241024,254,5,175,1,20250716_155355
1752648759.8665526,11602543,2970251008,2970.251008,1,5,175,1,20250716_155355
1752648759.8765366,11602582,2970260992,2970.260992,3,5,174,1,20250716_155355
1752648759.8865206,11602621,2970270976,2970.270976,5,5,174,1,20250716_155355
1752648759.8965046,11602660,2970280960,2970.28096,7,5,175,1,20250716_155355
1752648759.906489,11602699,2970290944,2970.290944,9,5,174,1,20250716_155355
1752648759.9167285,11602739,2970301184,2970.301184,11,5,174,1,20250716_155355
1752648759.9267125,11602778,2970311168,2970.311168,13,5,173,1,20250716_155355
1752648759.9366963,11602817,2970321152,2970.321152,15,5,173,1,20250716_155355
1752648759.9466803,11602856,2970331136,2970.331136,17,5,173,1,20250716_155355
1752648759.9566646,11602895,2970341120,2970.34112,19,5,172,1,20250716_155355
1752648759.9666486,11602934,2970351104,2970.351104,21,5,172,1,20250716_155355
1752648759.9766326,11602973,2970361088,2970.361088,23,5,171,1,20250716_155355
1752648759.9866166,11603012,2970371072,2970.371072,25,5,170,1,20250716_155355
1752648759.9966006,11603051,2970381056,2970.381056,27,5,170,1,20250716_155355
1752648760.0065846,11603090,2970391040,2970.39104,29,5,168,1,20250716_155355
1752648760.016569,11603129,2970401024,2970.401024,32,5,167,1,20250716_155355
1752648760.0265524,11603168,2970411008,2970.411008,34,5,166,1,20250716_155355
1752648760.0365365,11603207,2970420992,2970.420992,36,5,165,1,20250716_155355
1752648760.0465205,11603246,2970430976,2970.430976,39,5,164,1,20250716_155355
1752648760.0565045,11603285,2970440960,2970.44096,41,5,161,1,20250716_155355
1752648760.0667446,11603325,2970451200,2970.4512,44,5,154,1,20250716_155355
1752648760.0767286,11603364,2970461184,2970.461184,48,5,145,1,20250716_155355
1752648760.0867126,11603403,2970471168,2970.471168,51,5,138,1,20250716_155355
1752648760.0966966,11603442,2970481152,2970.481152,55,5,131,1,20250716_155355
1752648760.1066806,11603481,2970491136,2970.491136,59,5,127,1,20250716_155355
1752648760.1166646,11603520,2970501120,2970.50112,64,5,123,1,20250716_155355
1752648760.126649,11603559,2970511104,2970.511104,68,5,119,1,20250716_155355
1752648760.1366324,11603598,2970521088,2970.521088,72,5,113,1,20250716_155355
1752648760.1466165,11603637,2970531072,2970.531072,77,5,107,1,20250716_155355
1752648760.1566005,11603676,2970541056,2970.541056,81,5,102,1,20250716_155355
1752648760.1665845,11603715,2970551040,2970.55104,85,5,98,1,20250716_155355
1752648760.1765685,11603754,2970561024,2970.561024,89,5,96,1,20250716_155355
1752648760.1865523,11603793,2970571008,2970.571008,92,5,96,1,20250716_155355
1752648760.1965363,11603832,2970580992,2970.580992,96,5,95,1,20250716_155355
1752648760.2065206,11603871,2970590976,2970.590976,99,5,95,1,20250716_155355
1752648760.2167606,11603911,2970601216,2970.601216,103,5,96,1,20250716_155355
1752648760.226745,11603950,2970611200,2970.6112,106,5,96,1,20250716_155355
1752648760.236729,11603989,2970621184,2970.621184,109,5,96,1,20250716_155355
1752648760.2467124,11604028,2970631168,2970.631168,111,5,96,1,20250716_155355
1752648760.2566965,11604067,2970641152,2970.641152,114,5,96,1,20250716_155355
1752648760.2666805,11604106,2970651136,2970.651136,117,5,97,1,20250716_155355
1752648760.2766645,11604145,2970661120,2970.66112,119,5,98,1,20250716_155355
1752648760.2866485,11604184,2970671104,2970.671104,122,5,98,1,20250716_155355
1752648760.2966323,11604223,2970681088,2970.681088,124,5,100,1,20250716_155355
1752648760.3066163,11604262,2970691072,2970.691072,126,5,101,1,20250716_155355
1752648760.3166006,11604301,2970701056,2970.701056,129,5,102,1,20250716_155355
1752648760.3265846,11604340,2970711040,2970.71104,131,5,103,1,20250716_155355
1752648760.3365686,11604379,2970721024,2970.721024,133,5,104,1,20250716_155355
1752648760.3465526,11604418,2970731008,2970.731008,136,5,105,1,20250716_155355
1752648760.3567924,11604458,2970741248,2970.741248,138,5,107,1,20250716_155355
1752648760.3667765,11604497,2970751232,2970.751232,141,5,110,1,20250716_155355
1752648760.3767605,11604536,2970761216,2970.761216,143,5,112,1,20250716_155355
1752648760.3867445,11604575,2970771200,2970.7712,146,5,114,1,20250716_155355
1752648760.3967285,11604614,2970781184,2970.781184,149,5,118,1,20250716_155355
1752648760.4067123,11604653,2970791168,2970.791168,152,5,121,1,20250716_155355
1752648760.4166963,11604692,2970801152,2970.801152,155,5,125,1,20250716_155355
1752648760.4266806,11604731,2970811136,2970.811136,158,5,128,1,20250716_155355
1752648760.4366646,11604770,2970821120,2970.82112,162,5,136,1,20250716_155355
1752648760.4466486,11604809,2970831104,2970.831104,166,5,143,1,20250716_155355
1752648760.456889,11604849,2970841344,2970.841344,170,5,149,1,20250716_155355
1752648760.4668725,11604888,2970851328,2970.851328,175,5,153,1,20250716_155355
1752648760.4768565,11604927,2970861312,2970.861312,179,5,158,1,20250716_155355
1752648760.4868405,11604966,2970871296,2970.871296,184,5,163,1,20250716_155355
1752648760.4968245,11605005,2970881280,2970.88128,189,5,167,1,20250716_155355
1752648760.5068083,11605044,2970891264,2970.891264,194,5,171,1,20250716_155355
1752648760.5170486,11605084,2970901504,2970.901504,198,5,172,1,20250716_155355
1752648760.5270326,11605123,2970911488,2970.911488,203,5,172,1,20250716_155355
1752648760.5370166,11605162,2970921472,2970.921472,207,5,174,1,20250716_155355
1752648760.5470006,11605201,2970931456,2970.931456,211,5,174,1,20250716_155355
1752648760.556985,11605240,2970941440,2970.94144,215,5,175,1,20250716_155355
1752648760.5669684,11605279,2970951424,2970.951424,219,5,175,1,20250716_155355
1752648760.5769525,11605318,2970961408,2970.961408,223,5,175,1,20250716_155355
1752648760.5869365,11605357,2970971392,2970.971392,226,5,174,1,20250716_155355
1752648760.5971766,11605397,2970981632,2970.981632,229,5,175,1,20250716_155355
1752648760.6071606,11605436,2970991616,2970.991616,232,5,176,1,20250716_155355
1752648760.6171446,11605475,2971001600,2971.0016,235,5,175,1,20250716_155355
1752648760.6271286,11605514,2971011584,2971.011584,238,5,175,1,20250716_155355
1752648760.6371126,11605553,2971021568,2971.021568,241,5,175,1,20250716_155355
1752648760.6470966,11605592,2971031552,2971.031552,244,5,175,1,20250716_155355
1752648760.657081,11605631,2971041536,2971.041536,246,5,176,1,20250716_155355
1752648760.667065,11605670,2971051520,2971.05152,249,5,175,1,20250716_155355
1752648760.6773045,11605710,2971061760,2971.06176,251,5,174,1,20250716_155355
1752648760.6872883,11605749,2971071744,2971.071744,253,5,174,1,20250716_155355
1752648760.6972723,11605788,2971081728,2971.081728,0,5,175,1,20250716_155355
1752648760.7072566,11605827,2971091712,2971.091712,3,5,175,1,20250716_155355
1752648760.7172406,11605866,2971101696,2971.101696,5,5,175,1,20250716_155355
1752648760.7272246,11605905,2971111680,2971.11168,7,5,175,1,20250716_155355
1752648760.7372086,11605944,2971121664,2971.121664,9,5,174,1,20250716_155355
1752648760.7474484,11605984,2971131904,2971.131904,11,5,175,1,20250716_155355
1752648760.7574325,11606023,2971141888,2971.141888,13,5,175,1,20250716_155355
1752648760.7674165,11606062,2971151872,2971.151872,14,5,174,1,20250716_155355
1752648760.7774005,11606101,2971161856,2971.161856,16,5,174,1,20250716_155355
1752648760.7873845,11606140,2971171840,2971.17184,18,5,174,1,20250716_155355
1752648760.7973683,11606179,2971181824,2971.181824,20,5,173,1,20250716_155355
1752648760.8073523,11606218,2971191808,2971.191808,22,5,173,1,20250716_155355
1752648760.8175926,11606258,2971202048,2971.202048,24,5,172,1,20250716_155355
1752648760.8275766,11606297,2971212032,2971.212032,26,5,171,1,20250716_155355
1752648760.837561,11606336,2971222016,2971.222016,28,5,171,1,20250716_155355
1752648760.847545,11606375,2971232000,2971.232,30,5,170,1,20250716_155355
1752648760.8575284,11606414,2971241984,2971.241984,32,5,170,1,20250716_155355
1752648760.8675125,11606453,2971251968,2971.251968,34,5,168,1,20250716_155355
1752648760.8774965,11606492,2971261952,2971.261952,37,5,166,1,20250716_155355
1752648760.8874805,11606531,2971271936,2971.271936,39,5,165,1,20250716_155355
1752648760.8974645,11606570,2971281920,2971.28192,42,5,162,1,20250716_155355
1752648760.9077046,11606610,2971292160,2971.29216,45,5,156,1,20250716_155355
1752648760.9176886,11606649,2971302144,2971.302144,48,5,147,1,20250716_155355
1752648760.9276726,11606688,2971312128,2971.312128,51,5,141,1,20250716_155355
1752648760.9376566,11606727,2971322112,2971.322112,55,5,132,1,20250716_155355
1752648760.947641,11606766,2971332096,2971.332096,59,5,127,1,20250716_155355
1752648760.957625,11606805,2971342080,2971.34208,64,5,123,1,20250716_155355
1752648760.9676085,11606844,2971352064,2971.352064,68,5,117,1,20250716_155355
1752648760.9775925,11606883,2971362048,2971.362048,72,5,110,1,20250716_155355
1752648760.9875765,11606922,2971372032,2971.372032,77,5,106,1,20250716_155355
1752648760.9975605,11606961,2971382016,2971.382016,81,5,102,1,20250716_155355
1752648761.0075445,11607000,2971392000,2971.392,85,5,98,1,20250716_155355
1752648761.0175283,11607039,2971401984,2971.401984,89,5,97,1,20250716_155355
1752648761.0275126,11607078,2971411968,2971.411968,93,5,98,1,20250716_155355
1752648761.0374966,11607117,2971421952,2971.421952,96,5,96,1,20250716_155355
1752648761.0477366,11607157,2971432192,2971.432192,99,5,95,1,20250716_155355
1752648761.057721,11607196,2971442176,2971.442176,103,5,95,1,20250716_155355
1752648761.0677044,11607235,2971452160,2971.45216,106,5,95,1,20250716_155355
1752648761.0776885,11607274,2971462144,2971.462144,109,5,96,1,20250716_155355
1752648761.0876725,11607313,2971472128,2971.472128,111,5,97,1,20250716_155355
1752648761.0976565,11607352,2971482112,2971.482112,114,5,97,1,20250716_155355
1752648761.1076405,11607391,2971492096,2971.492096,117,5,97,1,20250716_155355
1752648761.1176243,11607430,2971502080,2971.50208,119,5,98,1,20250716_155355
1752648761.1276083,11607469,2971512064,2971.512064,122,5,99,1,20250716_155355
1752648761.1375926,11607508,2971522048,2971.522048,124,5,100,1,20250716_155355
1752648761.1475766,11607547,2971532032,2971.532032,126,5,101,1,20250716_155355
1752648761.1575606,11607586,2971542016,2971.542016,129,5,102,1,20250716_155355
1752648761.1675446,11607625,2971552000,2971.552,131,5,103,1,20250716_155355
1752648761.1775286,11607664,2971561984,2971.561984,133,5,104,1,20250716_155355
1752648761.1875126,11607703,2971571968,2971.571968,136,5,106,1,20250716_155355
1752648761.1977525,11607743,2971582208,2971.582208,138,5,107,1,20250716_155355
1752648761.2077365,11607782,2971592192,2971.592192,141,5,109,1,20250716_155355
1752648761.2177205,11607821,2971602176,2971.602176,143,5,111,1,20250716_155355
1752648761.2277043,11607860,2971612160,2971.61216,146,5,114,1,20250716_155355
1752648761.2376883,11607899,2971622144,2971.622144,149,5,118,1,20250716_155355
1752648761.2476726,11607938,2971632128,2971.632128,152,5,122,1,20250716_155355
1752648761.2576566,11607977,2971642112,2971.642112,155,5,125,1,20250716_155355
1752648761.2676406,11608016,2971652096,2971.652096,158,5,128,1,20250716_155355
1752648761.2776246,11608055,2971662080,2971.66208,162,5,137,1,20250716_155355
1752648761.2876086,11608094,2971672064,2971.672064,166,5,144,1,20250716_155355
1752648761.2975926,11608133,2971682048,2971.682048,170,5,149,1,20250716_155355
1752648761.307577,11608172,2971692032,2971.692032,175,5,153,1,20250716_155355
1752648761.317561,11608211,2971702016,2971.702016,180,5,157,1,20250716_155355
1752648761.3275445,11608250,2971712000,2971.712,184,5,161,1,20250716_155355
1752648761.3377843,11608290,2971722240,2971.72224,189,5,167,1,20250716_155355
1752648761.3477683,11608329,2971732224,2971.732224,194,5,172,1,20250716_155355
1752648761.3577526,11608368,2971742208,2971.742208,199,5,173,1,20250716_155355
1752648761.3677366,11608407,2971752192,2971.752192,203,5,173,1,20250716_155355
1752648761.3777206,11608446,2971762176,2971.762176,208,5,174,1,20250716_155355
1752648761.3877046,11608485,2971772160,2971.77216,212,5,174,1,20250716_155355
1752648761.3976886,11608524,2971782144,2971.782144,216,5,173,1,20250716_155355
1752648761.4076726,11608563,2971792128,2971.792128,219,5,174,1,20250716_155355
1752648761.417657,11608602,2971802112,2971.802112,223,5,175,1,20250716_155355
1752648761.427641,11608641,2971812096,2971.812096,226,5,175,1,20250716_155355
1752648761.4376245,11608680,2971822080,2971.82208,229,5,175,1,20250716_155355
1752648761.4476085,11608719,2971832064,2971.832064,233,5,176,1,20250716_155355
1752648761.4575925,11608758,2971842048,2971.842048,236,5,175,1,20250716_155355
1752648761.4675765,11608797,2971852032,2971.852032,238,5,176,1,20250716_155355
1752648761.4778166,11608837,2971862272,2971.862272,241,5,176,1,20250716_155355
1752648761.4878006,11608876,2971872256,2971.872256,244,5,175,1,20250716_155355
1752648761.4977846,11608915,2971882240,2971.88224,246,5,175,1,20250716_155355
1752648761.5077686,11608954,2971892224,2971.892224,249,5,175,1,20250716_155355
1752648761.5177526,11608993,2971902208,2971.902208,251,5,175,1,20250716_155355
1752648761.527737,11609032,2971912192,2971.912192,253,5,175,1,20250716_155355
1752648761.5377204,11609071,2971922176,2971.922176,0,5,175,1,20250716_155355
1752648761.5477045,11609110,2971932160,2971.93216,2,5,174,1,20250716_155355
1752648761.5576885,11609149,2971942144,2971.942144,5,5,174,1,20250716_155355
1752648761.5676725,11609188,2971952128,2971.952128,7,5,174,1,20250716_155355
1752648761.5776565,11609227,2971962112,2971.962112,9,5,174,1,20250716_155355
1752648761.5876403,11609266,2971972096,2971.972096,11,5,174,1,20250716_155355
1752648761.5976243,11609305,2971982080,2971.98208,13,5,174,1,20250716_155355
1752648761.6076086,11609344,2971992064,2971.992064,14,5,174,1,20250716_155355
1752648761.6175926,11609383,2972002048,2972.002048,16,5,173,1,20250716_155355
1752648761.627833,11609423,2972012288,2972.012288,18,5,173,1,20250716_155355
1752648761.637817,11609462,2972022272,2972.022272,20,5,172,1,20250716_155355
1752648761.6478004,11609501,2972032256,2972.032256,22,5,171,1,20250716_155355
1752648761.6577845,11609540,2972042240,2972.04224,24,5,170,1,20250716_155355
1752648761.6677685,11609579,2972052224,2972.052224,26,5,170,1,20250716_155355
1752648761.6777525,11609618,2972062208,2972.062208,28,5,170,1,20250716_155355
1752648761.6877365,11609657,2972072192,2972.072192,31,5,167,1,20250716_155355
1752648761.6977203,11609696,2972082176,2972.082176,33,5,166,1,20250716_155355
1752648761.7077043,11609735,2972092160,2972.09216,35,5,165,1,20250716_155355
1752648761.7176886,11609774,2972102144,2972.102144,38,5,163,1,20250716_155355
1752648761.7276726,11609813,2972112128,2972.112128,40,5,157,1,20250716_155355
1752648761.7376566,11609852,2972122112,2972.122112,43,5,148,1,20250716_155355
1752648761.7476406,11609891,2972132096,2972.132096,47,5,140,1,20250716_155355
1752648761.7576246,11609930,2972142080,2972.14208,51,5,132,1,20250716_155355
1752648761.7676086,11609969,2972152064,2972.152064,55,5,127,1,20250716_155355
1752648761.7778485,11610009,2972162304,2972.162304,59,5,122,1,20250716_155355
1752648761.7878325,11610048,2972172288,2972.172288,64,5,117,1,20250716_155355
1752648761.7978165,11610087,2972182272,2972.182272,68,5,112,1,20250716_155355
1752648761.8078003,11610126,2972192256,2972.192256,72,5,106,1,20250716_155355
1752648761.8177843,11610165,2972202240,2972.20224,77,5,102,1,20250716_155355
1752648761.8277686,11610204,2972212224,2972.212224,81,5,97,1,20250716_155355
1752648761.8377526,11610243,2972222208,2972.222208,85,5,95,1,20250716_155355
1752648761.8477366,11610282,2972232192,2972.232192,89,5,97,1,20250716_155355
1752648761.8577206,11610321,2972242176,2972.242176,93,5,96,1,20250716_155355
1752648761.8677046,11610360,2972252160,2972.25216,96,5,95,1,20250716_155355
1752648761.8776886,11610399,2972262144,2972.262144,100,5,95,1,20250716_155355
1752648761.887673,11610438,2972272128,2972.272128,103,5,98,1,20250716_155355
1752648761.8976564,11610477,2972282112,2972.282112,106,5,97,1,20250716_155355
1752648761.9076405,11610516,2972292096,2972.292096,109,5,97,1,20250716_155355
1752648761.9178803,11610556,2972302336,2972.302336,112,5,96,1,20250716_155355
1752648761.9278646,11610595,2972312320,2972.31232,114,5,96,1,20250716_155355
1752648761.9378486,11610634,2972322304,2972.322304,117,5,99,1,20250716_155355
1752648761.9478326,11610673,2972332288,2972.332288,119,5,97,1,20250716_155355
1752648761.9578166,11610712,2972342272,2972.342272,122,5,100,1,20250716_155355
1752648761.9678006,11610751,2972352256,2972.352256,124,5,101,1,20250716_155355
1752648761.9777846,11610790,2972362240,2972.36224,127,5,101,1,20250716_155355
1752648761.987769,11610829,2972372224,2972.372224,129,5,102,1,20250716_155355
1752648761.997753,11610868,2972382208,2972.382208,131,5,104,1,20250716_155355
1752648762.0077364,11610907,2972392192,2972.392192,134,5,104,1,20250716_155355
1752648762.0177205,11610946,2972402176,2972.402176,136,5,106,1,20250716_155355
1752648762.0277045,11610985,2972412160,2972.41216,139,5,107,1,20250716_155355
1752648762.0376885,11611024,2972422144,2972.422144,141,5,109,1,20250716_155355
1752648762.0476725,11611063,2972432128,2972.432128,144,5,110,1,20250716_155355
1752648762.0576563,11611102,2972442112,2972.442112,146,5,112,1,20250716_155355
1752648762.0678966,11611142,2972452352,2972.452352,149,5,115,1,20250716_155355
1752648762.0778806,11611181,2972462336,2972.462336,152,5,119,1,20250716_155355
1752648762.0878646,11611220,2972472320,2972.47232,155,5,121,1,20250716_155355
1752648762.097849,11611259,2972482304,2972.482304,158,5,127,1,20250716_155355
1752648762.107833,11611298,2972492288,2972.492288,161,5,132,1,20250716_155355
1752648762.1178164,11611337,2972502272,2972.502272,165,5,139,1,20250716_155355
1752648762.1278005,11611376,2972512256,2972.512256,170,5,146,1,20250716_155355
1752648762.1377845,11611415,2972522240,2972.52224,174,5,150,1,20250716_155355
1752648762.1477685,11611454,2972532224,2972.532224,179,5,155,1,20250716_155355
1752648762.1577525,11611493,2972542208,2972.542208,183,5,160,1,20250716_155355
1752648762.1677363,11611532,2972552192,2972.552192,188,5,164,1,20250716_155355
1752648762.1777203,11611571,2972562176,2972.562176,193,5,168,1,20250716_155355
1752648762.1877046,11611610,2972572160,2972.57216,197,5,171,1,20250716_155355
1752648762.1976886,11611649,2972582144,2972.582144,202,5,172,1,20250716_155355
1752648762.207929,11611689,2972592384,2972.592384,206,5,172,1,20250716_155355
1752648762.217913,11611728,2972602368,2972.602368,211,5,173,1,20250716_155355
1752648762.2278965,11611767,2972612352,2972.612352,215,5,173,1,20250716_155355
1752648762.2378805,11611806,2972622336,2972.622336,218,5,176,1,20250716_155355
1752648762.2478645,11611845,2972632320,2972.63232,222,5,174,1,20250716_155355
1752648762.2578485,11611884,2972642304,2972.642304,225,5,175,1,20250716_155355
1752648762.2678325,11611923,2972652288,2972.652288,229,5,175,1,20250716_155355
1752648762.2778163,11611962,2972662272,2972.662272,232,5,175,1,20250716_155355
1752648762.2878006,11612001,2972672256,2972.672256,235,5,174,1,20250716_155355
1752648762.2977846,11612040,2972682240,2972.68224,238,5,175,1,20250716_155355
1752648762.3077686,11612079,2972692224,2972.692224,240,6,176,1,20250716_155355
1752648762.3177526,11612118,2972702208,2972.702208,243,5,175,1,20250716_155355
1752648762.3277366,11612157,2972712192,2972.712192,245,5,175,1,20250716_155355
1752648762.3377206,11612196,2972722176,2972.722176,248,5,175,1,20250716_155355
1752648762.3477046,11612235,2972732160,2972.73216,250,5,175,1,20250716_155355
1752648762.3579445,11612275,2972742400,2972.7424,253,5,175,1,20250716_155355
1752648762.3679285,11612314,2972752384,2972.752384,0,5,174,1,20250716_155355
1752648762.3779123,11612353,2972762368,2972.762368,2,5,175,1,20250716_155355
1752648762.3878963,11612392,2972772352,2972.772352,4,5,174,1,20250716_155355
1752648762.3978806,11612431,2972782336,2972.782336,6,5,174,1,20250716_155355
1752648762.4078646,11612470,2972792320,2972.79232,8,5,174,1,20250716_155355
1752648762.4178486,11612509,2972802304,2972.802304,10,5,174,1,20250716_155355
1752648762.4278326,11612548,2972812288,2972.812288,12,5,174,1,20250716_155355
1752648762.4378166,11612587,2972822272,2972.822272,14,5,174,1,20250716_155355
1752648762.4478006,11612626,2972832256,2972.832256,16,5,173,1,20250716_155355
1752648762.457785,11612665,2972842240,2972.84224,18,5,172,1,20250716_155355
1752648762.467769,11612704,2972852224,2972.852224,20,5,173,1,20250716_155355
1752648762.4777524,11612743,2972862208,2972.862208,22,5,171,1,20250716_155355
1752648762.4877365,11612782,2972872192,2972.872192,24,5,172,1,20250716_155355
1752648762.4979763,11612822,2972882432,2972.882432,26,5,171,1,20250716_155355
1752648762.5079606,11612861,2972892416,2972.892416,28,5,168,1,20250716_155355
1752648762.5179446,11612900,2972902400,2972.9024,30,5,168,1,20250716_155355
1752648762.5279286,11612939,2972912384,2972.912384,32,5,166,1,20250716_155355
1752648762.5379126,11612978,2972922368,2972.922368,35,5,166,1,20250716_155355
1752648762.5478966,11613017,2972932352,2972.932352,37,5,165,1,20250716_155355
1752648762.5578806,11613056,2972942336,2972.942336,40,5,158,1,20250716_155355
1752648762.567865,11613095,2972952320,2972.95232,42,5,152,1,20250716_155355
1752648762.577849,11613134,2972962304,2972.962304,46,5,144,1,20250716_155355
1752648762.5878325,11613173,2972972288,2972.972288,50,5,136,1,20250716_155355
1752648762.5978165,11613212,2972982272,2972.982272,54,5,129,1,20250716_155355
1752648762.6078005,11613251,2972992256,2972.992256,58,5,125,1,20250716_155355
1752648762.6177845,11613290,2973002240,2973.00224,62,5,120,1,20250716_155355
1752648762.6277685,11613329,2973012224,2973.012224,67,5,115,1,20250716_155355
1752648762.6380086,11613369,2973022464,2973.022464,71,5,110,1,20250716_155355
1752648762.6479926,11613408,2973032448,2973.032448,75,5,106,1,20250716_155355
1752648762.6579766,11613447,2973042432,2973.042432,80,5,100,1,20250716_155355
1752648762.6679606,11613486,2973052416,2973.052416,84,5,96,1,20250716_155355
1752648762.677945,11613525,2973062400,2973.0624,88,5,95,1,20250716_155355
1752648762.687929,11613564,2973072384,2973.072384,91,5,97,1,20250716_155355
1752648762.6979125,11613603,2973082368,2973.082368,95,5,94,1,20250716_155355
1752648762.7078965,11613642,2973092352,2973.092352,98,5,96,1,20250716_155355
1752648762.7178805,11613681,2973102336,2973.102336,102,5,96,1,20250716_155355
1752648762.7278645,11613720,2973112320,2973.11232,105,5,96,1,20250716_155355
1752648762.7378483,11613759,2973122304,2973.122304,108,5,95,1,20250716_155355
1752648762.7478323,11613798,2973132288,2973.132288,111,5,97,1,20250716_155355
1752648762.7578166,11613837,2973142272,2973.142272,113,5,97,1,20250716_155355
1752648762.7678006,11613876,2973152256,2973.152256,116,5,98,1,20250716_155355
1752648762.7777846,11613915,2973162240,2973.16224,118,5,99,1,20250716_155355
1752648762.788025,11613955,2973172480,2973.17248,121,5,99,1,20250716_155355
1752648762.7980084,11613994,2973182464,2973.182464,123,5,99,1,20250716_155355
1752648762.8079925,11614033,2973192448,2973.192448,126,5,100,1,20250716_155355
1752648762.8179765,11614072,2973202432,2973.202432,128,5,102,1,20250716_155355
1752648762.8279605,11614111,2973212416,2973.212416,130,5,103,1,20250716_155355
1752648762.8379445,11614150,2973222400,2973.2224,133,5,104,1,20250716_155355
1752648762.8479283,11614189,2973232384,2973.232384,135,5,105,1,20250716_155355
1752648762.8579123,11614228,2973242368,2973.242368,138,5,107,1,20250716_155355
1752648762.8678966,11614267,2973252352,2973.252352,140,5,109,1,20250716_155355
1752648762.8778806,11614306,2973262336,2973.262336,143,5,110,1,20250716_155355
1752648762.8878646,11614345,2973272320,2973.27232,145,5,112,1,20250716_155355
1752648762.8978486,11614384,2973282304,2973.282304,148,5,114,1,20250716_155355
1752648762.9078326,11614423,2973292288,2973.292288,151,5,117,1,20250716_155355
1752648762.9178166,11614462,2973302272,2973.302272,153,5,121,1,20250716_155355
1752648762.9280565,11614502,2973312512,2973.312512,157,5,126,1,20250716_155355
1752648762.9380405,11614541,2973322496,2973.322496,160,5,129,1,20250716_155355
1752648762.9480245,11614580,2973332480,2973.33248,164,5,139,1,20250716_155355
1752648762.9580083,11614619,2973342464,2973.342464,168,5,146,1,20250716_155355
1752648762.9679923,11614658,2973352448,2973.352448,172,5,150,1,20250716_155355
1752648762.9779766,11614697,2973362432,2973.362432,177,5,154,1,20250716_155355
1752648762.9879606,11614736,2973372416,2973.372416,182,5,157,1,20250716_155355
1752648762.9979446,11614775,2973382400,2973.3824,186,5,162,1,20250716_155355
1752648763.0079286,11614814,2973392384,2973.392384,191,5,166,1,20250716_155355
1752648763.0179126,11614853,2973402368,2973.402368,196,5,169,1,20250716_155355
1752648763.0278966,11614892,2973412352,2973.412352,200,5,173,1,20250716_155355
1752648763.037881,11614931,2973422336,2973.422336,205,5,173,1,20250716_155355
1752648763.047865,11614970,2973432320,2973.43232,209,5,172,1,20250716_155355
1752648763.0578485,11615009,2973442304,2973.442304,213,5,174,1,20250716_155355
1752648763.0678325,11615048,2973452288,2973.452288,217,5,174,1,20250716_155355
1752648763.0780723,11615088,2973462528,2973.462528,221,5,174,1,20250716_155355
1752648763.0880566,11615127,2973472512,2973.472512,224,5,173,1,20250716_155355
1752648763.0980406,11615166,2973482496,2973.482496,228,5,175,1,20250716_155355
1752648763.1080246,11615205,2973492480,2973.49248,231,5,175,1,20250716_155355
1752648763.1180086,11615244,2973502464,2973.502464,234,5,174,1,20250716_155355
1752648763.1279926,11615283,2973512448,2973.512448,237,5,175,1,20250716_155355
1752648763.1379766,11615322,2973522432,2973.522432,239,5,175,1,20250716_155355
1752648763.147961,11615361,2973532416,2973.532416,242,5,175,1,20250716_155355
1752648763.1579444,11615400,2973542400,2973.5424,245,5,176,1,20250716_155355
1752648763.1679285,11615439,2973552384,2973.552384,247,5,174,1,20250716_155355
1752648763.1779125,11615478,2973562368,2973.562368,249,5,174,1,20250716_155355
1752648763.1878965,11615517,2973572352,2973.572352,252,5,175,1,20250716_155355
1752648763.1978805,11615556,2973582336,2973.582336,254,5,175,1,20250716_155355
1752648763.2078643,11615595,2973592320,2973.59232,1,5,175,1,20250716_155355
1752648763.2181046,11615635,2973602560,2973.60256,3,5,175,1,20250716_155355
1752648763.2280886,11615674,2973612544,2973.612544,5,5,175,1,20250716_155355
1752648763.2380726,11615713,2973622528,2973.622528,7,5,175,1,20250716_155355
1752648763.248057,11615752,2973632512,2973.632512,9,5,174,1,20250716_155355
1752648763.258041,11615791,2973642496,2973.642496,11,5,175,1,20250716_155355
1752648763.2680244,11615830,2973652480,2973.65248,13,5,175,1,20250716_155355
1752648763.2780085,11615869,2973662464,2973.662464,15,5,175,1,20250716_155355
1752648763.2879925,11615908,2973672448,2973.672448,17,5,174,1,20250716_155355
1752648763.2979765,11615947,2973682432,2973.682432,19,5,174,1,20250716_155355
1752648763.3079605,11615986,2973692416,2973.692416,21,5,175,1,20250716_155355
1752648763.3179443,11616025,2973702400,2973.7024,23,5,172,1,20250716_155355
1752648763.3279283,11616064,2973712384,2973.712384,24,5,174,1,20250716_155355
1752648763.3379126,11616103,2973722368,2973.722368,26,5,172,1,20250716_155355
1752648763.3478966,11616142,2973732352,2973.732352,28,5,173,1,20250716_155355
1752648763.358137,11616182,2973742592,2973.742592,30,5,172,1,20250716_155355
1752648763.368121,11616221,2973752576,2973.752576,32,5,171,1,20250716_155355
1752648763.3781044,11616260,2973762560,2973.76256,34,5,170,1,20250716_155355
1752648763.3880885,11616299,2973772544,2973.772544,37,5,169,1,20250716_155355
1752648763.3980725,11616338,2973782528,2973.782528,39,5,167,1,20250716_155355
1752648763.4080565,11616377,2973792512,2973.792512,41,5,165,1,20250716_155355
1752648763.4180405,11616416,2973802496,2973.802496,44,5,163,1,20250716_155355
1752648763.4280243,11616455,2973812480,2973.81248,46,5,161,1,20250716_155355
1752648763.4380083,11616494,2973822464,2973.822464,49,5,151,1,20250716_155355
1752648763.4479926,11616533,2973832448,2973.832448,53,5,142,1,20250716_155355
1752648763.4579766,11616572,2973842432,2973.842432,56,5,134,1,20250716_155355
1752648763.4679606,11616611,2973852416,2973.852416,61,5,128,1,20250716_155355
1752648763.4779446,11616650,2973862400,2973.8624,65,5,124,1,20250716_155355
1752648763.4879286,11616689,2973872384,2973.872384,69,5,119,1,20250716_155355
1752648763.4979126,11616728,2973882368,2973.882368,73,5,112,1,20250716_155355
1752648763.5081525,11616768,2973892608,2973.892608,77,5,108,1,20250716_155355
1752648763.5181365,11616807,2973902592,2973.902592,82,5,102,1,20250716_155355
1752648763.5281205,11616846,2973912576,2973.912576,86,5,100,1,20250716_155355
1752648763.5381043,11616885,2973922560,2973.92256,90,5,97,1,20250716_155355
1752648763.5480886,11616924,2973932544,2973.932544,93,5,96,1,20250716_155355
1752648763.5580726,11616963,2973942528,2973.942528,97,5,98,1,20250716_155355
1752648763.5680566,11617002,2973952512,2973.952512,100,5,97,1,20250716_155355
1752648763.5780406,11617041,2973962496,2973.962496,103,5,97,1,20250716_155355
1752648763.5880246,11617080,2973972480,2973.97248,106,5,97,1,20250716_155355
1752648763.5980086,11617119,2973982464,2973.982464,109,5,96,1,20250716_155355
1752648763.6079926,11617158,2973992448,2973.992448,112,5,96,1,20250716_155355
1752648763.617977,11617197,2974002432,2974.002432,115,5,97,1,20250716_155355
1752648763.6279604,11617236,2974012416,2974.012416,117,5,98,1,20250716_155355
1752648763.6379445,11617275,2974022400,2974.0224,120,5,99,1,20250716_155355
1752648763.6481843,11617315,2974032640,2974.03264,122,5,100,1,20250716_155355
1752648763.6581686,11617354,2974042624,2974.042624,125,5,100,1,20250716_155355
1752648763.6681526,11617393,2974052608,2974.052608,127,5,101,1,20250716_155355
1752648763.6781366,11617432,2974062592,2974.062592,129,5,103,1,20250716_155355
1752648763.6881206,11617471,2974072576,2974.072576,132,5,103,1,20250716_155355
1752648763.6981046,11617510,2974082560,2974.08256,134,5,105,1,20250716_155355
1752648763.7080886,11617549,2974092544,2974.092544,136,5,106,1,20250716_155355
1752648763.718073,11617588,2974102528,2974.102528,139,5,106,1,20250716_155355
1752648763.728057,11617627,2974112512,2974.112512,141,5,110,1,20250716_155355
1752648763.7380404,11617666,2974122496,2974.122496,144,5,112,1,20250716_155355
1752648763.7480245,11617705,2974132480,2974.13248,146,5,114,1,20250716_155355
1752648763.7580085,11617744,2974142464,2974.142464,149,5,117,1,20250716_155355
1752648763.7679925,11617783,2974152448,2974.152448,152,5,120,1,20250716_155355
1752648763.7779765,11617822,2974162432,2974.162432,155,5,124,1,20250716_155355
1752648763.7879603,11617861,2974172416,2974.172416,159,5,127,1,20250716_155355
1752648763.7982006,11617901,2974182656,2974.182656,162,5,133,1,20250716_155355
1752648763.8081846,11617940,2974192640,2974.19264,166,5,141,1,20250716_155355
1752648763.8181686,11617979,2974202624,2974.202624,170,5,146,1,20250716_155355
1752648763.828153,11618018,2974212608,2974.212608,175,5,150,1,20250716_155355
1752648763.838137,11618057,2974222592,2974.222592,179,5,155,1,20250716_155355
1752648763.8481205,11618096,2974232576,2974.232576,184,5,160,1,20250716_155355
1752648763.8581045,11618135,2974242560,2974.24256,189,5,163,1,20250716_155355
1752648763.8680885,11618174,2974252544,2974.252544,194,5,168,1,20250716_155355
1752648763.8780725,11618213,2974262528,2974.262528,198,5,172,1,20250716_155355
1752648763.8880565,11618252,2974272512,2974.272512,203,5,173,1,20250716_155355
1752648763.8980403,11618291,2974282496,2974.282496,207,5,173,1,20250716_155355
1752648763.9080243,11618330,2974292480,2974.29248,211,5,173,1,20250716_155355
1752648763.9180086,11618369,2974302464,2974.302464,215,5,174,1,20250716_155355
1752648763.9279926,11618408,2974312448,2974.312448,219,5,175,1,20250716_155355
1752648763.938233,11618448,2974322688,2974.322688,223,5,175,1,20250716_155355
1752648763.948217,11618487,2974332672,2974.332672,226,5,175,1,20250716_155355
1752648763.9582005,11618526,2974342656,2974.342656,229,5,175,1,20250716_155355
1752648763.9681845,11618565,2974352640,2974.35264,232,5,174,1,20250716_155355
1752648763.9781685,11618604,2974362624,2974.362624,235,5,176,1,20250716_155355
1752648763.9881525,11618643,2974372608,2974.372608,238,5,175,1,20250716_155355
1752648763.9981363,11618682,2974382592,2974.382592,241,5,176,1,20250716_155355
1752648764.0081203,11618721,2974392576,2974.392576,243,5,175,1,20250716_155355
1752648764.0181046,11618760,2974402560,2974.40256,246,5,176,1,20250716_155355
1752648764.0280886,11618799,2974412544,2974.412544,248,5,175,1,20250716_155355
1752648764.0380726,11618838,2974422528,2974.422528,251,5,175,1,20250716_155355
1752648764.0480566,11618877,2974432512,2974.432512,253,5,176,1,20250716_155355
1752648764.0580406,11618916,2974442496,2974.442496,0,5,175,1,20250716_155355
1752648764.0680246,11618955,2974452480,2974.45248,2,5,175,1,20250716_155355
1752648764.0782645,11618995,2974462720,2974.46272,4,5,175,1,20250716_155355
1752648764.0882485,11619034,2974472704,2974.472704,6,5,175,1,20250716_155355
1752648764.0982325,11619073,2974482688,2974.482688,8,5,174,1,20250716_155355
1752648764.1082163,11619112,2974492672,2974.492672,10,5,175,1,20250716_155355
1752648764.1182003,11619151,2974502656,2974.502656,12,5,174,1,20250716_155355
1752648764.1281846,11619190,2974512640,2974.51264,14,6,174,1,20250716_155355
1752648764.1381686,11619229,2974522624,2974.522624,16,5,175,1,20250716_155355
1752648764.1481526,11619268,2974532608,2974.532608,18,5,174,1,20250716_155355
1752648764.1581366,11619307,2974542592,2974.542592,20,6,174,1,20250716_155355
1752648764.1681206,11619346,2974552576,2974.552576,22,5,173,1,20250716_155355
1752648764.1781046,11619385,2974562560,2974.56256,24,5,173,1,20250716_155355
1752648764.188089,11619424,2974572544,2974.572544,25,5,172,1,20250716_155355
1752648764.198073,11619463,2974582528,2974.582528,27,5,171,1,20250716_155355
1752648764.2080564,11619502,2974592512,2974.592512,29,5,171,1,20250716_155355
1752648764.2182963,11619542,2974602752,2974.602752,32,5,170,1,20250716_155355
1752648764.2282803,11619581,2974612736,2974.612736,34,5,169,1,20250716_155355
1752648764.2382646,11619620,2974622720,2974.62272,36,5,168,1,20250716_155355
1752648764.2482486,11619659,2974632704,2974.632704,38,6,167,1,20250716_155355
1752648764.2582326,11619698,2974642688,2974.642688,41,6,165,1,20250716_155355
1752648764.2682166,11619737,2974652672,2974.652672,43,5,163,1,20250716_155355
1752648764.2782006,11619776,2974662656,2974.662656,46,5,156,1,20250716_155355
1752648764.2881846,11619815,2974672640,2974.67264,49,5,147,1,20250716_155355
1752648764.298169,11619854,2974682624,2974.682624,53,5,138,1,20250716_155355
1752648764.308153,11619893,2974692608,2974.692608,57,5,131,1,20250716_155355
1752648764.3181365,11619932,2974702592,2974.702592,61,5,127,1,20250716_155355
1752648764.3281205,11619971,2974712576,2974.712576,65,5,123,1,20250716_155355
1752648764.3381045,11620010,2974722560,2974.72256,69,5,116,1,20250716_155355
1752648764.3480885,11620049,2974732544,2974.732544,73,5,111,1,20250716_155355
1752648764.3580723,11620088,2974742528,2974.742528,78,5,106,1,20250716_155355
1752648764.3683126,11620128,2974752768,2974.752768,82,5,103,1,20250716_155355
1752648764.3782966,11620167,2974762752,2974.762752,86,5,99,1,20250716_155355
1752648764.3882806,11620206,2974772736,2974.772736,90,5,97,1,20250716_155355
1752648764.3982646,11620245,2974782720,2974.78272,93,5,98,1,20250716_155355
1752648764.408249,11620284,2974792704,2974.792704,97,5,98,1,20250716_155355
1752648764.4182324,11620323,2974802688,2974.802688,100,5,98,1,20250716_155355
1752648764.4282165,11620362,2974812672,2974.812672,103,5,96,1,20250716_155355
1752648764.4382005,11620401,2974822656,2974.822656,106,5,96,1,20250716_155355
1752648764.4481845,11620440,2974832640,2974.83264,109,5,96,1,20250716_155355
1752648764.4581685,11620479,2974842624,2974.842624,112,5,96,1,20250716_155355
1752648764.4681523,11620518,2974852608,2974.852608,115,5,98,1,20250716_155355
1752648764.4781363,11620557,2974862592,2974.862592,117,5,97,1,20250716_155355
1752648764.4881206,11620596,2974872576,2974.872576,120,5,98,1,20250716_155355
1752648764.4981046,11620635,2974882560,2974.88256,122,5,98,1,20250716_155355
1752648764.508345,11620675,2974892800,2974.8928,124,5,99,1,20250716_155355
1752648764.518329,11620714,2974902784,2974.902784,127,5,100,1,20250716_155355
1752648764.5283124,11620753,2974912768,2974.912768,129,5,101,1,20250716_155355
1752648764.5382965,11620792,2974922752,2974.922752,131,5,102,1,20250716_155355
1752648764.5482805,11620831,2974932736,2974.932736,134,5,103,1,20250716_155355
1752648764.5582645,11620870,2974942720,2974.94272,136,5,104,1,20250716_155355
1752648764.5682485,11620909,2974952704,2974.952704,138,5,107,1,20250716_155355
1752648764.5782323,11620948,2974962688,2974.962688,141,5,107,1,20250716_155355
1752648764.5882163,11620987,2974972672,2974.972672,143,5,110,1,20250716_155355
1752648764.5982006,11621026,2974982656,2974.982656,146,5,112,1,20250716_155355
1752648764.6081846,11621065,2974992640,2974.99264,148,5,114,1,20250716_155355
1752648764.6181686,11621104,2975002624,2975.002624,151,5,118,1,20250716_155355
1752648764.6281526,11621143,2975012608,2975.012608,154,5,120,1,20250716_155355
1752648764.6381366,11621182,2975022592,2975.022592,157,5,124,1,20250716_155355
1752648764.6483765,11621222,2975032832,2975.032832,160,5,127,1,20250716_155355
1752648764.6583605,11621261,2975042816,2975.042816,164,5,132,1,20250716_155355
1752648764.6683445,11621300,2975052800,2975.0528,168,5,141,1,20250716_155355
1752648764.6783285,11621339,2975062784,2975.062784,172,5,146,1,20250716_155355
1752648764.6883123,11621378,2975072768,2975.072768,176,5,150,1,20250716_155355
1752648764.6982963,11621417,2975082752,2975.082752,181,5,155,1,20250716_155355
1752648764.7082806,11621456,2975092736,2975.092736,186,5,161,1,20250716_155355
1752648764.7182646,11621495,2975102720,2975.10272,190,5,167,1,20250716_155355
1752648764.7282486,11621534,2975112704,2975.112704,195,5,169,1,20250716_155355
1752648764.7382326,11621573,2975122688,2975.122688,200,5,172,1,20250716_155355
1752648764.7482166,11621612,2975132672,2975.132672,204,5,173,1,20250716_155355
1752648764.7582006,11621651,2975142656,2975.142656,208,5,173,1,20250716_155355
1752648764.768185,11621690,2975152640,2975.15264,213,5,174,1,20250716_155355
1752648764.7781684,11621729,2975162624,2975.162624,216,5,176,1,20250716_155355
1752648764.7881525,11621768,2975172608,2975.172608,220,5,175,1,20250716_155355
1752648764.7983923,11621808,2975182848,2975.182848,224,5,176,1,20250716_155355
1752648764.8083766,11621847,2975192832,2975.192832,227,5,175,1,20250716_155355
1752648764.8183606,11621886,2975202816,2975.202816,230,5,176,1,20250716_155355
1752648764.8283446,11621925,2975212800,2975.2128,233,5,176,1,20250716_155355
1752648764.8383286,11621964,2975222784,2975.222784,236,5,176,1,20250716_155355
1752648764.8483126,11622003,2975232768,2975.232768,239,5,176,1,20250716_155355
1752648764.8582966,11622042,2975242752,2975.242752,242,5,177,1,20250716_155355
1752648764.8682806,11622081,2975252736,2975.252736,244,5,176,1,20250716_155355
1752648764.878265,11622120,2975262720,2975.26272,247,5,175,1,20250716_155355
1752648764.8882484,11622159,2975272704,2975.272704,249,5,175,1,20250716_155355
1752648764.8982325,11622198,2975282688,2975.282688,251,5,176,1,20250716_155355
1752648764.9082165,11622237,2975292672,2975.292672,254,5,176,1,20250716_155355
1752648764.9182005,11622276,2975302656,2975.302656,1,5,176,1,20250716_155355
1752648764.9281845,11622315,2975312640,2975.31264,3,5,176,1,20250716_155355
1752648764.9384246,11622355,2975322880,2975.32288,5,5,175,1,20250716_155355
1752648764.9484086,11622394,2975332864,2975.332864,7,5,175,1,20250716_155355
1752648764.9583926,11622433,2975342848,2975.342848,9,5,175,1,20250716_155355
1752648764.9683766,11622472,2975352832,2975.352832,11,5,174,1,20250716_155355
1752648764.978361,11622511,2975362816,2975.362816,13,5,175,1,20250716_155355
1752648764.988345,11622550,2975372800,2975.3728,15,5,174,1,20250716_155355
1752648764.9983284,11622589,2975382784,2975.382784,17,5,173,1,20250716_155355
1752648765.0083125,11622628,2975392768,2975.392768,19,5,173,1,20250716_155355
1752648765.0182965,11622667,2975402752,2975.402752,20,5,173,1,20250716_155355
1752648765.0282805,11622706,2975412736,2975.412736,22,5,173,1,20250716_155355
1752648765.0382645,11622745,2975422720,2975.42272,24,5,171,1,20250716_155355
1752648765.0482483,11622784,2975432704,2975.432704,26,6,171,1,20250716_155355
1752648765.0582323,11622823,2975442688,2975.442688,28,5,170,1,20250716_155355
1752648765.0682166,11622862,2975452672,2975.452672,31,5,168,1,20250716_155355
1752648765.0782006,11622901,2975462656,2975.462656,33,5,167,1,20250716_155355
1752648765.088441,11622941,2975472896,2975.472896,35,5,165,1,20250716_155355
1752648765.098425,11622980,2975482880,2975.48288,38,5,163,1,20250716_155355
1752648765.1084085,11623019,2975492864,2975.492864,40,5,162,1,20250716_155355
1752648765.1183925,11623058,2975502848,2975.502848,43,5,153,1,20250716_155355
1752648765.1283765,11623097,2975512832,2975.512832,46,5,145,1,20250716_155355
1752648765.1383605,11623136,2975522816,2975.522816,50,5,137,1,20250716_155355
1752648765.1483445,11623175,2975532800,2975.5328,54,5,131,1,20250716_155355
1752648765.1583283,11623214,2975542784,2975.542784,58,5,126,1,20250716_155355
1752648765.1683123,11623253,2975552768,2975.552768,62,5,121,1,20250716_155355
1752648765.1782966,11623292,2975562752,2975.562752,67,5,116,1,20250716_155355
1752648765.1882806,11623331,2975572736,2975.572736,71,5,110,1,20250716_155355
1752648765.1982646,11623370,2975582720,2975.58272,76,5,106,1,20250716_155355
1752648765.2082486,11623409,2975592704,2975.592704,80,5,101,1,20250716_155355
1752648765.2182326,11623448,2975602688,2975.602688,84,5,98,1,20250716_155355
1752648765.2284725,11623488,2975612928,2975.612928,88,5,95,1,20250716_155355
1752648765.2384565,11623527,2975622912,2975.622912,92,5,97,1,20250716_155355
1752648765.2484405,11623566,2975632896,2975.632896,95,5,95,1,20250716_155355
1752648765.2584243,11623605,2975642880,2975.64288,99,5,95,1,20250716_155355
1752648765.2684083,11623644,2975652864,2975.652864,102,5,95,1,20250716_155355
1752648765.2783926,11623683,2975662848,2975.662848,105,5,96,1,20250716_155355
1752648765.2883766,11623722,2975672832,2975.672832,108,5,94,1,20250716_155355
1752648765.2983606,11623761,2975682816,2975.682816,111,5,97,1,20250716_155355
1752648765.3083446,11623800,2975692800,2975.6928,113,5,97,1,20250716_155355
1752648765.3183286,11623839,2975702784,2975.702784,116,5,98,1,20250716_155355
1752648765.3283126,11623878,2975712768,2975.712768,119,5,98,1,20250716_155355
1752648765.338297,11623917,2975722752,2975.722752,121,5,99,1,20250716_155355
1752648765.348281,11623956,2975732736,2975.732736,123,5,99,1,20250716_155355
1752648765.3582644,11623995,2975742720,2975.74272,126,5,100,1,20250716_155355
1752648765.3682485,11624034,2975752704,2975.752704,128,5,101,1,20250716_155355
1752648765.3784883,11624074,2975762944,2975.762944,130,5,102,1,20250716_155355
1752648765.3884726,11624113,2975772928,2975.772928,133,5,103,1,20250716_155355
1752648765.3984566,11624152,2975782912,2975.782912,135,5,104,1,20250716_155355
1752648765.4084406,11624191,2975792896,2975.792896,137,5,104,1,20250716_155355
1752648765.4184246,11624230,2975802880,2975.80288,140,5,107,1,20250716_155355
1752648765.4284086,11624269,2975812864,2975.812864,142,5,109,1,20250716_155355
1752648765.4383926,11624308,2975822848,2975.822848,144,5,110,1,20250716_155355
1752648765.448377,11624347,2975832832,2975.832832,147,5,113,1,20250716_155355
1752648765.458361,11624386,2975842816,2975.842816,150,5,115,1,20250716_155355
1752648765.4683444,11624425,2975852800,2975.8528,152,5,118,1,20250716_155355
1752648765.4783285,11624464,2975862784,2975.862784,155,5,119,1,20250716_155355
1752648765.4883125,11624503,2975872768,2975.872768,159,5,125,1,20250716_155355
1752648765.4982965,11624542,2975882752,2975.882752,162,5,128,1,20250716_155355
1752648765.5082805,11624581,2975892736,2975.892736,166,5,136,1,20250716_155355
1752648765.5182643,11624620,2975902720,2975.90272,170,5,143,1,20250716_155355
1752648765.5285046,11624660,2975912960,2975.91296,174,5,148,1,20250716_155355
1752648765.5384886,11624699,2975922944,2975.922944,178,5,153,1,20250716_155355
1752648765.5484726,11624738,2975932928,2975.932928,183,5,157,1,20250716_155355
1752648765.558457,11624777,2975942912,2975.942912,188,5,162,1,20250716_155355
1752648765.568441,11624816,2975952896,2975.952896,192,5,167,1,20250716_155355
1752648765.5784245,11624855,2975962880,2975.96288,197,5,171,1,20250716_155355
1752648765.5884085,11624894,2975972864,2975.972864,202,5,173,1,20250716_155355
1752648765.5983925,11624933,2975982848,2975.982848,206,5,173,1,20250716_155355
1752648765.6083765,11624972,2975992832,2975.992832,210,5,174,1,20250716_155355
1752648765.6183603,11625011,2976002816,2976.002816,214,5,175,1,20250716_155355
1752648765.6283443,11625050,2976012800,2976.0128,218,5,175,1,20250716_155355
1752648765.6383286,11625089,2976022784,2976.022784,222,5,176,1,20250716_155355
1752648765.6483126,11625128,2976032768,2976.032768,225,5,175,1,20250716_155355
1752648765.6582966,11625167,2976042752,2976.042752,228,5,176,1,20250716_155355
1752648765.6682806,11625206,2976052736,2976.052736,231,5,175,1,20250716_155355
1752648765.6785204,11625246,2976062976,2976.062976,234,5,176,1,20250716_155355
1752648765.6885045,11625285,2976072960,2976.07296,237,5,175,1,20250716_155355
1752648765.6984885,11625324,2976082944,2976.082944,240,5,175,1,20250716_155355
1752648765.7084725,11625363,2976092928,2976.092928,243,5,175,1,20250716_155355
1752648765.7184565,11625402,2976102912,2976.102912,245,5,176,1,20250716_155355
1752648765.7284403,11625441,2976112896,2976.112896,248,5,176,1,20250716_155355
1752648765.7384243,11625480,2976122880,2976.12288,250,5,176,1,20250716_155355
1752648765.7484086,11625519,2976132864,2976.132864,252,5,176,1,20250716_155355
1752648765.7583926,11625558,2976142848,2976.142848,254,5,175,1,20250716_155355
1752648765.7683766,11625597,2976152832,2976.152832,2,5,175,1,20250716_155355
1752648765.7783606,11625636,2976162816,2976.162816,4,5,176,1,20250716_155355
1752648765.7883446,11625675,2976172800,2976.1728,6,5,175,1,20250716_155355
1752648765.7983286,11625714,2976182784,2976.182784,8,5,175,1,20250716_155355
1752648765.808313,11625753,2976192768,2976.192768,10,5,174,1,20250716_155355
1752648765.8185525,11625793,2976203008,2976.203008,12,5,175,1,20250716_155355
1752648765.8285365,11625832,2976212992,2976.212992,14,5,175,1,20250716_155355
1752648765.8385203,11625871,2976222976,2976.222976,16,5,173,1,20250716_155355
1752648765.8485043,11625910,2976232960,2976.23296,17,5,174,1,20250716_155355
1752648765.8584886,11625949,2976242944,2976.242944,19,5,174,1,20250716_155355
1752648765.8684726,11625988,2976252928,2976.252928,21,5,174,1,20250716_155355
1752648765.8784566,11626027,2976262912,2976.262912,23,5,173,1,20250716_155355
1752648765.8884406,11626066,2976272896,2976.272896,25,5,172,1,20250716_155355
1752648765.8984246,11626105,2976282880,2976.28288,27,5,171,1,20250716_155355
1752648765.9084086,11626144,2976292864,2976.292864,29,5,171,1,20250716_155355
1752648765.918393,11626183,2976302848,2976.302848,31,5,170,1,20250716_155355
1752648765.928377,11626222,2976312832,2976.312832,33,5,168,1,20250716_155355
1752648765.9383605,11626261,2976322816,2976.322816,36,5,168,1,20250716_155355
1752648765.9483445,11626300,2976332800,2976.3328,38,5,166,1,20250716_155355
1752648765.9585843,11626340,2976343040,2976.34304,41,5,164,1,20250716_155355
1752648765.9685686,11626379,2976353024,2976.353024,43,5,161,1,20250716_155355
1752648765.9785526,11626418,2976363008,2976.363008,46,5,156,1,20250716_155355
1752648765.9885366,11626457,2976372992,2976.372992,49,5,149,1,20250716_155355
1752648765.9985206,11626496,2976382976,2976.382976,53,5,139,1,20250716_155355
1752648766.0085046,11626535,2976392960,2976.39296,57,5,131,1,20250716_155355
1752648766.0184886,11626574,2976402944,2976.402944,61,5,127,1,20250716_155355
1752648766.028473,11626613,2976412928,2976.412928,65,5,123,1,20250716_155355
1752648766.0384564,11626652,2976422912,2976.422912,69,5,116,1,20250716_155355
1752648766.0484405,11626691,2976432896,2976.432896,74,5,112,1,20250716_155355
1752648766.0584245,11626730,2976442880,2976.44288,78,5,106,1,20250716_155355
1752648766.0684085,11626769,2976452864,2976.452864,82,5,101,1,20250716_155355
1752648766.0783925,11626808,2976462848,2976.462848,86,5,96,1,20250716_155355
1752648766.0883763,11626847,2976472832,2976.472832,90,5,96,1,20250716_155355
1752648766.0983603,11626886,2976482816,2976.482816,94,5,97,1,20250716_155355
1752648766.1086006,11626926,2976493056,2976.493056,97,5,98,1,20250716_155355
1752648766.1185846,11626965,2976503040,2976.50304,100,5,97,1,20250716_155355
1752648766.1285686,11627004,2976513024,2976.513024,103,5,96,1,20250716_155355
1752648766.138553,11627043,2976523008,2976.523008,106,5,96,1,20250716_155355
1752648766.1485364,11627082,2976532992,2976.532992,109,5,97,1,20250716_155355
1752648766.1585205,11627121,2976542976,2976.542976,112,5,96,1,20250716_155355
1752648766.1685045,11627160,2976552960,2976.55296,115,5,98,1,20250716_155355
1752648766.1784885,11627199,2976562944,2976.562944,117,5,99,1,20250716_155355
1752648766.1884725,11627238,2976572928,2976.572928,120,5,99,1,20250716_155355
1752648766.1984563,11627277,2976582912,2976.582912,122,5,100,1,20250716_155355
1752648766.2084403,11627316,2976592896,2976.592896,125,5,100,1,20250716_155355
1752648766.2184246,11627355,2976602880,2976.60288,127,5,103,1,20250716_155355
1752648766.2284086,11627394,2976612864,2976.612864,130,5,103,1,20250716_155355
1752648766.2383926,11627433,2976622848,2976.622848,132,5,104,1,20250716_155355
1752648766.2483766,11627472,2976632832,2976.632832,134,5,105,1,20250716_155355
1752648766.2586164,11627512,2976643072,2976.643072,137,5,106,1,20250716_155355
1752648766.2686005,11627551,2976653056,2976.653056,139,5,107,1,20250716_155355
1752648766.2785845,11627590,2976663040,2976.66304,141,5,109,1,20250716_155355
1752648766.2885685,11627629,2976673024,2976.673024,144,5,110,1,20250716_155355
1752648766.2985525,11627668,2976683008,2976.683008,147,5,114,1,20250716_155355
1752648766.3085363,11627707,2976692992,2976.692992,149,5,116,1,20250716_155355
1752648766.3185203,11627746,2976702976,2976.702976,152,5,120,1,20250716_155355
1752648766.3285046,11627785,2976712960,2976.71296,155,5,124,1,20250716_155355
1752648766.3384886,11627824,2976722944,2976.722944,158,5,127,1,20250716_155355
1752648766.3484726,11627863,2976732928,2976.732928,162,5,132,1,20250716_155355
1752648766.3584566,11627902,2976742912,2976.742912,166,5,140,1,20250716_155355
1752648766.3684406,11627941,2976752896,2976.752896,170,5,145,1,20250716_155355
1752648766.3784246,11627980,2976762880,2976.76288,174,5,150,1,20250716_155355
1752648766.388409,11628019,2976772864,2976.772864,179,5,155,1,20250716_155355
1752648766.3986485,11628059,2976783104,2976.783104,183,5,159,1,20250716_155355
1752648766.4086325,11628098,2976793088,2976.793088,188,5,163,1,20250716_155355
1752648766.4186163,11628137,2976803072,2976.803072,193,5,168,1,20250716_155355
1752648766.4286003,11628176,2976813056,2976.813056,198,5,170,1,20250716_155355
1752648766.4385846,11628215,2976823040,2976.82304,202,5,172,1,20250716_155355
1752648766.4485686,11628254,2976833024,2976.833024,206,5,173,1,20250716_155355
1752648766.4585526,11628293,2976843008,2976.843008,211,5,174,1,20250716_155355
1752648766.4685366,11628332,2976852992,2976.852992,215,6,174,1,20250716_155355
1752648766.4785206,11628371,2976862976,2976.862976,218,5,175,1,20250716_155355
1752648766.4885046,11628410,2976872960,2976.87296,222,5,175,1,20250716_155355
1752648766.498489,11628449,2976882944,2976.882944,225,5,175,1,20250716_155355
1752648766.5084724,11628488,2976892928,2976.892928,229,5,175,1,20250716_155355
1752648766.5184565,11628527,2976902912,2976.902912,232,5,176,1,20250716_155355
1752648766.5284405,11628566,2976912896,2976.912896,235,5,175,1,20250716_155355
1752648766.5386806,11628606,2976923136,2976.923136,238,5,175,1,20250716_155355
1752648766.5486646,11628645,2976933120,2976.93312,240,5,176,1,20250716_155355
1752648766.5586486,11628684,2976943104,2976.943104,243,5,175,1,20250716_155355
1752648766.5686326,11628723,2976953088,2976.953088,246,5,175,1,20250716_155355
1752648766.5786166,11628762,2976963072,2976.963072,248,5,176,1,20250716_155355
1752648766.5886006,11628801,2976973056,2976.973056,250,5,175,1,20250716_155355
1752648766.598585,11628840,2976983040,2976.98304,253,5,175,1,20250716_155355
1752648766.608569,11628879,2976993024,2976.993024,0,5,175,1,20250716_155355
1752648766.6185524,11628918,2977003008,2977.003008,2,5,176,1,20250716_155355
1752648766.6285365,11628957,2977012992,2977.012992,4,5,176,1,20250716_155355
1752648766.6385205,11628996,2977022976,2977.022976,6,5,176,1,20250716_155355
1752648766.6485045,11629035,2977032960,2977.03296,8,5,174,1,20250716_155355
1752648766.6584885,11629074,2977042944,2977.042944,10,5,175,1,20250716_155355
1752648766.6684723,11629113,2977052928,2977.052928,12,5,175,1,20250716_155355
1752648766.6784563,11629152,2977062912,2977.062912,14,5,175,1,20250716_155355
1752648766.6886966,11629192,2977073152,2977.073152,16,5,175,1,20250716_155355
1752648766.6986806,11629231,2977083136,2977.083136,18,5,174,1,20250716_155355
1752648766.708665,11629270,2977093120,2977.09312,20,5,174,1,20250716_155355
1752648766.718649,11629309,2977103104,2977.103104,22,5,173,1,20250716_155355
1752648766.7286325,11629348,2977113088,2977.113088,24,5,172,1,20250716_155355
1752648766.7386165,11629387,2977123072,2977.123072,26,5,172,1,20250716_155355
1752648766.7486005,11629426,2977133056,2977.133056,28,5,171,1,20250716_155355
1752648766.7585845,11629465,2977143040,2977.14304,30,5,170,1,20250716_155355
1752648766.7685685,11629504,2977153024,2977.153024,32,5,169,1,20250716_155355
1752648766.7785523,11629543,2977163008,2977.163008,34,5,168,1,20250716_155355
1752648766.7885363,11629582,2977172992,2977.172992,36,5,167,1,20250716_155355
1752648766.7985206,11629621,2977182976,2977.182976,39,5,165,1,20250716_155355
1752648766.8085046,11629660,2977192960,2977.19296,41,5,162,1,20250716_155355
1752648766.818745,11629700,2977203200,2977.2032,44,5,156,1,20250716_155355
1752648766.828729,11629739,2977213184,2977.213184,47,5,147,1,20250716_155355
1752648766.8387125,11629778,2977223168,2977.223168,51,5,138,1,20250716_155355
1752648766.8486965,11629817,2977233152,2977.233152,55,5,131,1,20250716_155355
1752648766.8586805,11629856,2977243136,2977.243136,59,5,126,1,20250716_155355
1752648766.8686645,11629895,2977253120,2977.25312,63,5,121,1,20250716_155355
1752648766.8786483,11629934,2977263104,2977.263104,68,5,117,1,20250716_155355
1752648766.8886323,11629973,2977273088,2977.273088,72,5,112,1,20250716_155355
1752648766.8986166,11630012,2977283072,2977.283072,76,5,106,1,20250716_155355
1752648766.9086006,11630051,2977293056,2977.293056,80,5,101,1,20250716_155355
1752648766.9185846,11630090,2977303040,2977.30304,85,5,97,1,20250716_155355
1752648766.9285686,11630129,2977313024,2977.313024,88,5,96,1,20250716_155355
1752648766.9385526,11630168,2977323008,2977.323008,92,5,95,1,20250716_155355
1752648766.9485366,11630207,2977332992,2977.332992,96,5,95,1,20250716_155355
1752648766.958521,11630246,2977342976,2977.342976,99,5,96,1,20250716_155355
1752648766.9687605,11630286,2977353216,2977.353216,102,5,96,1,20250716_155355
1752648766.9787445,11630325,2977363200,2977.3632,105,5,96,1,20250716_155355
1752648766.9887283,11630364,2977373184,2977.373184,108,5,96,1,20250716_155355
1752648766.9987123,11630403,2977383168,2977.383168,111,5,96,1,20250716_155355
1752648767.0086966,11630442,2977393152,2977.393152,114,5,98,1,20250716_155355
1752648767.0186806,11630481,2977403136,2977.403136,116,5,98,1,20250716_155355
1752648767.0286646,11630520,2977413120,2977.41312,119,5,98,1,20250716_155355
1752648767.0386486,11630559,2977423104,2977.423104,121,5,99,1,20250716_155355
1752648767.0486326,11630598,2977433088,2977.433088,124,5,100,1,20250716_155355
1752648767.0586166,11630637,2977443072,2977.443072,126,5,100,1,20250716_155355
1752648767.068601,11630676,2977453056,2977.453056,129,5,102,1,20250716_155355
1752648767.078585,11630715,2977463040,2977.46304,131,5,103,1,20250716_155355
1752648767.0885684,11630754,2977473024,2977.473024,133,5,104,1,20250716_155355
1752648767.0985525,11630793,2977483008,2977.483008,136,5,106,1,20250716_155355
1752648767.1087923,11630833,2977493248,2977.493248,138,5,107,1,20250716_155355
1752648767.1187766,11630872,2977503232,2977.503232,140,5,108,1,20250716_155355
1752648767.1287606,11630911,2977513216,2977.513216,143,5,109,1,20250716_155355
1752648767.1387446,11630950,2977523200,2977.5232,145,5,112,1,20250716_155355
1752648767.1487286,11630989,2977533184,2977.533184,148,5,114,1,20250716_155355
1752648767.1587126,11631028,2977543168,2977.543168,151,5,116,1,20250716_155355
1752648767.1686966,11631067,2977553152,2977.553152,154,5,120,1,20250716_155355
1752648767.178681,11631106,2977563136,2977.563136,157,5,123,1,20250716_155355
1752648767.188665,11631145,2977573120,2977.57312,160,5,127,1,20250716_155355
1752648767.1986485,11631184,2977583104,2977.583104,164,5,134,1,20250716_155355
1752648767.2086325,11631223,2977593088,2977.593088,168,5,143,1,20250716_155355
1752648767.2186165,11631262,2977603072,2977.603072,172,5,147,1,20250716_155355
1752648767.2286005,11631301,2977613056,2977.613056,176,5,151,1,20250716_155355
1752648767.2388406,11631341,2977623296,2977.623296,181,5,156,1,20250716_155355
1752648767.2488246,11631380,2977633280,2977.63328,186,5,160,1,20250716_155355
1752648767.2588086,11631419,2977643264,2977.643264,190,5,163,1,20250716_155355
1752648767.2687926,11631458,2977653248,2977.653248,195,5,171,1,20250716_155355
1752648767.2787766,11631497,2977663232,2977.663232,200,5,171,1,20250716_155355
1752648767.288761,11631536,2977673216,2977.673216,204,5,172,1,20250716_155355
1752648767.2990005,11631576,2977683456,2977.683456,208,5,172,1,20250716_155355
1752648767.3089845,11631615,2977693440,2977.69344,212,5,173,1,20250716_155355
1752648767.3189683,11631654,2977703424,2977.703424,216,5,173,1,20250716_155355
1752648767.3289526,11631693,2977713408,2977.713408,220,5,174,1,20250716_155355
1752648767.3389366,11631732,2977723392,2977.723392,224,5,174,1,20250716_155355
1752648767.3489206,11631771,2977733376,2977.733376,227,5,174,1,20250716_155355
1752648767.3589046,11631810,2977743360,2977.74336,230,5,174,1,20250716_155355
1752648767.3688886,11631849,2977753344,2977.753344,233,5,174,1,20250716_155355
1752648767.3791285,11631889,2977763584,2977.763584,236,5,176,1,20250716_155355
1752648767.3891125,11631928,2977773568,2977.773568,239,5,175,1,20250716_155355
1752648767.3990965,11631967,2977783552,2977.783552,242,5,175,1,20250716_155355
1752648767.4090805,11632006,2977793536,2977.793536,244,5,175,1,20250716_155355
1752648767.4190643,11632045,2977803520,2977.80352,247,5,175,1,20250716_155355
1752648767.4290483,11632084,2977813504,2977.813504,249,5,176,1,20250716_155355
1752648767.4390326,11632123,2977823488,2977.823488,251,5,175,1,20250716_155355
1752648767.4490166,11632162,2977833472,2977.833472,254,5,175,1,20250716_155355
1752648767.4592566,11632202,2977843712,2977.843712,1,5,175,1,20250716_155355
1752648767.469241,11632241,2977853696,2977.853696,3,5,175,1,20250716_155355
1752648767.4792244,11632280,2977863680,2977.86368,5,5,176,1,20250716_155355
1752648767.4892085,11632319,2977873664,2977.873664,7,5,174,1,20250716_155355
1752648767.4991925,11632358,2977883648,2977.883648,9,5,175,1,20250716_155355
1752648767.5091765,11632397,2977893632,2977.893632,11,5,174,1,20250716_155355
1752648767.5194166,11632437,2977903872,2977.903872,13,5,175,1,20250716_155355
1752648767.5294006,11632476,2977913856,2977.913856,15,5,174,1,20250716_155355
1752648767.5393846,11632515,2977923840,2977.92384,17,5,174,1,20250716_155355
1752648767.5493686,11632554,2977933824,2977.933824,19,5,174,1,20250716_155355
1752648767.5593526,11632593,2977943808,2977.943808,21,5,174,1,20250716_155355
1752648767.569337,11632632,2977953792,2977.953792,23,5,171,1,20250716_155355
1752648767.579321,11632671,2977963776,2977.963776,25,5,173,1,20250716_155355
1752648767.5893044,11632710,2977973760,2977.97376,27,5,172,1,20250716_155355
1752648767.5995443,11632750,2977984000,2977.984,29,5,171,1,20250716_155355
1752648767.6095283,11632789,2977993984,2977.993984,31,5,170,1,20250716_155355
1752648767.6195126,11632828,2978003968,2978.003968,33,5,168,1,20250716_155355
1752648767.6294966,11632867,2978013952,2978.013952,35,5,167,1,20250716_155355
1752648767.6394806,11632906,2978023936,2978.023936,37,5,166,1,20250716_155355
1752648767.6494646,11632945,2978033920,2978.03392,40,5,164,1,20250716_155355
1752648767.6594486,11632984,2978043904,2978.043904,43,5,160,1,20250716_155355
1752648767.6696885,11633024,2978054144,2978.054144,46,5,151,1,20250716_155355
1752648767.6796725,11633063,2978064128,2978.064128,49,5,142,1,20250716_155355
1752648767.6896565,11633102,2978074112,2978.074112,53,5,135,1,20250716_155355
1752648767.6996405,11633141,2978084096,2978.084096,57,5,127,1,20250716_155355
1752648767.7096243,11633180,2978094080,2978.09408,61,5,124,1,20250716_155355
1752648767.7196083,11633219,2978104064,2978.104064,65,5,116,1,20250716_155355
1752648767.7295926,11633258,2978114048,2978.114048,70,5,112,1,20250716_155355
1752648767.7395766,11633297,2978124032,2978.124032,74,5,106,1,20250716_155355
1752648767.7495606,11633336,2978134016,2978.134016,79,5,102,1,20250716_155355
1752648767.7595446,11633375,2978144000,2978.144,83,5,98,1,20250716_155355
1752648767.7695286,11633414,2978153984,2978.153984,87,5,96,1,20250716_155355
1752648767.7795126,11633453,2978163968,2978.163968,91,5,96,1,20250716_155355
1752648767.789497,11633492,2978173952,2978.173952,94,5,94,1,20250716_155355
1752648767.7997365,11633532,2978184192,2978.184192,98,5,96,1,20250716_155355
1752648767.8097205,11633571,2978194176,2978.194176,101,5,95,1,20250716_155355
1752648767.8197043,11633610,2978204160,2978.20416,104,5,96,1,20250716_155355
1752648767.8296883,11633649,2978214144,2978.214144,107,5,97,1,20250716_155355
1752648767.8396726,11633688,2978224128,2978.224128,110,5,96,1,20250716_155355
1752648767.8496566,11633727,2978234112,2978.234112,113,5,98,1,20250716_155355
1752648767.8596406,11633766,2978244096,2978.244096,115,5,99,1,20250716_155355
1752648767.8696246,11633805,2978254080,2978.25408,118,5,99,1,20250716_155355
1752648767.8796086,11633844,2978264064,2978.264064,120,5,99,1,20250716_155355
1752648767.8895926,11633883,2978274048,2978.274048,123,5,100,1,20250716_155355
1752648767.899577,11633922,2978284032,2978.284032,125,5,101,1,20250716_155355
1752648767.9095604,11633961,2978294016,2978.294016,128,5,100,1,20250716_155355
1752648767.9195445,11634000,2978304000,2978.304,130,5,102,1,20250716_155355
1752648767.9295285,11634039,2978313984,2978.313984,132,5,103,1,20250716_155355
1752648767.9397686,11634079,2978324224,2978.324224,135,5,105,1,20250716_155355
1752648767.9497526,11634118,2978334208,2978.334208,137,5,106,1,20250716_155355
1752648767.9597366,11634157,2978344192,2978.344192,139,5,107,1,20250716_155355
1752648767.9697206,11634196,2978354176,2978.354176,142,5,109,1,20250716_155355
1752648767.9797046,11634235,2978364160,2978.36416,144,5,111,1,20250716_155355
1752648767.9896886,11634274,2978374144,2978.374144,147,5,113,1,20250716_155355
1752648767.999673,11634313,2978384128,2978.384128,149,5,115,1,20250716_155355
1752648768.009657,11634352,2978394112,2978.394112,152,5,119,1,20250716_155355
1752648768.0196404,11634391,2978404096,2978.404096,155,5,121,1,20250716_155355
1752648768.0296245,11634430,2978414080,2978.41408,158,5,126,1,20250716_155355
1752648768.0396085,11634469,2978424064,2978.424064,162,5,128,1,20250716_155355
1752648768.0495925,11634508,2978434048,2978.434048,166,5,138,1,20250716_155355
1752648768.0595765,11634547,2978444032,2978.444032,170,5,145,1,20250716_155355
1752648768.0695603,11634586,2978454016,2978.454016,174,5,149,1,20250716_155355
1752648768.0798006,11634626,2978464256,2978.464256,179,5,153,1,20250716_155355
1752648768.0897846,11634665,2978474240,2978.47424,183,5,158,1,20250716_155355
1752648768.0997686,11634704,2978484224,2978.484224,188,5,164,1,20250716_155355
1752648768.109753,11634743,2978494208,2978.494208,193,5,170,1,20250716_155355
1752648768.119737,11634782,2978504192,2978.504192,197,5,171,1,20250716_155355
1752648768.1297204,11634821,2978514176,2978.514176,202,5,171,1,20250716_155355
1752648768.1397045,11634860,2978524160,2978.52416,206,5,171,1,20250716_155355
1752648768.1496885,11634899,2978534144,2978.534144,211,5,174,1,20250716_155355
1752648768.1596725,11634938,2978544128,2978.544128,215,5,174,1,20250716_155355
1752648768.1696565,11634977,2978554112,2978.554112,218,5,174,1,20250716_155355
1752648768.1796403,11635016,2978564096,2978.564096,222,5,175,1,20250716_155355
1752648768.1896243,11635055,2978574080,2978.57408,225,5,174,1,20250716_155355
1752648768.1996086,11635094,2978584064,2978.584064,229,5,175,1,20250716_155355
1752648768.2095926,11635133,2978594048,2978.594048,232,5,175,1,20250716_155355
1752648768.2195766,11635172,2978604032,2978.604032,235,5,176,1,20250716_155355
1752648768.229817,11635212,2978614272,2978.614272,238,5,175,1,20250716_155355
1752648768.2398005,11635251,2978624256,2978.624256,240,5,175,1,20250716_155355
1752648768.2497845,11635290,2978634240,2978.63424,243,5,175,1,20250716_155355
1752648768.2597685,11635329,2978644224,2978.644224,245,5,175,1,20250716_155355
1752648768.2697525,11635368,2978654208,2978.654208,248,5,175,1,20250716_155355
1752648768.2797365,11635407,2978664192,2978.664192,250,5,175,1,20250716_155355
1752648768.2897203,11635446,2978674176,2978.674176,253,5,175,1,20250716_155355
1752648768.2997046,11635485,2978684160,2978.68416,0,5,175,1,20250716_155355
1752648768.3096886,11635524,2978694144,2978.694144,2,5,175,1,20250716_155355
1752648768.3196726,11635563,2978704128,2978.704128,4,5,174,1,20250716_155355
1752648768.3296566,11635602,2978714112,2978.714112,6,5,174,1,20250716_155355
1752648768.3396406,11635641,2978724096,2978.724096,8,6,174,1,20250716_155355
1752648768.3496246,11635680,2978734080,2978.73408,10,5,175,1,20250716_155355
1752648768.359609,11635719,2978744064,2978.744064,12,5,174,1,20250716_155355
1752648768.3698485,11635759,2978754304,2978.754304,14,5,174,1,20250716_155355
1752648768.3798325,11635798,2978764288,2978.764288,16,5,172,1,20250716_155355
1752648768.3898163,11635837,2978774272,2978.774272,18,5,174,1,20250716_155355
1752648768.3998003,11635876,2978784256,2978.784256,20,5,173,1,20250716_155355
1752648768.4097846,11635915,2978794240,2978.79424,22,5,172,1,20250716_155355
1752648768.4197686,11635954,2978804224,2978.804224,24,5,171,1,20250716_155355
1752648768.4297526,11635993,2978814208,2978.814208,26,5,170,1,20250716_155355
1752648768.4397366,11636032,2978824192,2978.824192,28,5,170,1,20250716_155355
1752648768.4497206,11636071,2978834176,2978.834176,30,5,168,1,20250716_155355
1752648768.4597046,11636110,2978844160,2978.84416,32,5,167,1,20250716_155355
1752648768.469689,11636149,2978854144,2978.854144,34,5,165,1,20250716_155355
1752648768.479673,11636188,2978864128,2978.864128,37,5,165,1,20250716_155355
1752648768.4896564,11636227,2978874112,2978.874112,39,5,162,1,20250716_155355
1752648768.4996405,11636266,2978884096,2978.884096,42,5,155,1,20250716_155355
1752648768.5096245,11636305,2978894080,2978.89408,45,5,147,1,20250716_155355
1752648768.5198646,11636345,2978904320,2978.90432,49,5,138,1,20250716_155355
1752648768.5298486,11636384,2978914304,2978.914304,53,5,131,1,20250716_155355
1752648768.5398326,11636423,2978924288,2978.924288,57,5,126,1,20250716_155355
1752648768.5498166,11636462,2978934272,2978.934272,61,5,121,1,20250716_155355
1752648768.5598006,11636501,2978944256,2978.944256,66,5,116,1,20250716_155355
1752648768.5697846,11636540,2978954240,2978.95424,70,5,111,1,20250716_155355
1752648768.579769,11636579,2978964224,2978.964224,74,5,106,1,20250716_155355
1752648768.589753,11636618,2978974208,2978.974208,79,5,102,1,20250716_155355
1752648768.5997365,11636657,2978984192,2978.984192,83,5,98,1,20250716_155355
1752648768.6097205,11636696,2978994176,2978.994176,87,5,96,1,20250716_155355
1752648768.6197045,11636735,2979004160,2979.00416,91,5,96,1,20250716_155355
1752648768.6296885,11636774,2979014144,2979.014144,94,5,98,1,20250716_155355
1752648768.6396725,11636813,2979024128,2979.024128,98,5,93,1,20250716_155355
1752648768.6496563,11636852,2979034112,2979.034112,101,5,94,1,20250716_155355
1752648768.6598966,11636892,2979044352,2979.044352,104,5,96,1,20250716_155355
1752648768.6698806,11636931,2979054336,2979.054336,107,5,96,1,20250716_155355
1752648768.6798646,11636970,2979064320,2979.06432,110,5,95,1,20250716_155355
1752648768.689849,11637009,2979074304,2979.074304,113,5,98,1,20250716_155355
1752648768.6998324,11637048,2979084288,2979.084288,115,5,98,1,20250716_155355
1752648768.7098165,11637087,2979094272,2979.094272,118,5,99,1,20250716_155355
1752648768.7198005,11637126,2979104256,2979.104256,120,5,99,1,20250716_155355
1752648768.7297845,11637165,2979114240,2979.11424,123,5,100,1,20250716_155355
1752648768.7397685,11637204,2979124224,2979.124224,125,5,101,1,20250716_155355
1752648768.7497523,11637243,2979134208,2979.134208,128,5,102,1,20250716_155355
1752648768.7597363,11637282,2979144192,2979.144192,130,5,103,1,20250716_155355
1752648768.7697206,11637321,2979154176,2979.154176,132,5,103,1,20250716_155355
1752648768.7797046,11637360,2979164160,2979.16416,135,5,104,1,20250716_155355
1752648768.7896886,11637399,2979174144,2979.174144,137,5,107,1,20250716_155355
1752648768.799929,11637439,2979184384,2979.184384,140,5,108,1,20250716_155355
1752648768.8099124,11637478,2979194368,2979.194368,142,5,110,1,20250716_155355
1752648768.8198965,11637517,2979204352,2979.204352,145,5,112,1,20250716_155355
1752648768.8298805,11637556,2979214336,2979.214336,147,5,115,1,20250716_155355
1752648768.8398645,11637595,2979224320,2979.22432,150,5,118,1,20250716_155355
1752648768.8498485,11637634,2979234304,2979.234304,153,5,120,1,20250716_155355
1752648768.8598323,11637673,2979244288,2979.244288,156,5,124,1,20250716_155355
1752648768.8698163,11637712,2979254272,2979.254272,160,5,127,1,20250716_155355
1752648768.8798006,11637751,2979264256,2979.264256,163,5,134,1,20250716_155355
1752648768.8897846,11637790,2979274240,2979.27424,167,5,141,1,20250716_155355
1752648768.8997686,11637829,2979284224,2979.284224,171,5,147,1,20250716_155355
1752648768.9097526,11637868,2979294208,2979.294208,176,5,151,1,20250716_155355
1752648768.9197366,11637907,2979304192,2979.304192,180,5,156,1,20250716_155355
1752648768.9297206,11637946,2979314176,2979.314176,185,6,161,1,20250716_155355
1752648768.939705,11637985,2979324160,2979.32416,190,5,165,1,20250716_155355
1752648768.9499445,11638025,2979334400,2979.3344,195,5,170,1,20250716_155355
1752648768.9599285,11638064,2979344384,2979.344384,199,5,171,1,20250716_155355
1752648768.9699123,11638103,2979354368,2979.354368,204,5,172,1,20250716_155355
1752648768.9798963,11638142,2979364352,2979.364352,208,5,172,1,20250716_155355
1752648768.9898806,11638181,2979374336,2979.374336,212,5,173,1,20250716_155355
1752648768.9998646,11638220,2979384320,2979.38432,216,5,174,1,20250716_155355
1752648769.0098486,11638259,2979394304,2979.394304,220,5,174,1,20250716_155355
1752648769.0198326,11638298,2979404288,2979.404288,223,5,175,1,20250716_155355
1752648769.0298166,11638337,2979414272,2979.414272,227,5,175,1,20250716_155355
1752648769.0398006,11638376,2979424256,2979.424256,230,5,175,1,20250716_155355
1752648769.049785,11638415,2979434240,2979.43424,233,5,175,1,20250716_155355
1752648769.059769,11638454,2979444224,2979.444224,236,5,175,1,20250716_155355
1752648769.0697525,11638493,2979454208,2979.454208,239,5,175,1,20250716_155355
1752648769.0797365,11638532,2979464192,2979.464192,241,5,175,1,20250716_155355
1752648769.0899763,11638572,2979474432,2979.474432,244,5,175,1,20250716_155355
1752648769.0999606,11638611,2979484416,2979.484416,246,5,174,1,20250716_155355
1752648769.1099446,11638650,2979494400,2979.4944,249,5,175,1,20250716_155355
1752648769.1199286,11638689,2979504384,2979.504384,251,5,175,1,20250716_155355
1752648769.1299126,11638728,2979514368,2979.514368,253,5,175,1,20250716_155355
1752648769.1398966,11638767,2979524352,2979.524352,1,5,175,1,20250716_155355
1752648769.1498806,11638806,2979534336,2979.534336,3,5,175,1,20250716_155355
1752648769.159865,11638845,2979544320,2979.54432,5,5,175,1,20250716_155355
1752648769.1698484,11638884,2979554304,2979.554304,7,5,174,1,20250716_155355
1752648769.1798325,11638923,2979564288,2979.564288,9,5,174,1,20250716_155355
1752648769.1898165,11638962,2979574272,2979.574272,11,5,174,1,20250716_155355
1752648769.1998005,11639001,2979584256,2979.584256,13,5,174,1,20250716_155355
1752648769.2097845,11639040,2979594240,2979.59424,15,5,173,1,20250716_155355
1752648769.2197683,11639079,2979604224,2979.604224,17,5,173,1,20250716_155355
1752648769.2300086,11639119,2979614464,2979.614464,19,5,172,1,20250716_155355
1752648769.2399926,11639158,2979624448,2979.624448,21,5,172,1,20250716_155355
1752648769.2499766,11639197,2979634432,2979.634432,23,5,172,1,20250716_155355
1752648769.259961,11639236,2979644416,2979.644416,25,5,171,1,20250716_155355
1752648769.269945,11639275,2979654400,2979.6544,27,5,169,1,20250716_155355
1752648769.2799284,11639314,2979664384,2979.664384,29,5,168,1,20250716_155355
1752648769.2899125,11639353,2979674368,2979.674368,31,5,168,1,20250716_155355
1752648769.2998965,11639392,2979684352,2979.684352,33,5,166,1,20250716_155355
1752648769.3098805,11639431,2979694336,2979.694336,36,5,165,1,20250716_155355
1752648769.3198645,11639470,2979704320,2979.70432,38,5,163,1,20250716_155355
1752648769.3298483,11639509,2979714304,2979.714304,41,5,162,1,20250716_155355
1752648769.3398323,11639548,2979724288,2979.724288,43,5,153,1,20250716_155355
1752648769.3498166,11639587,2979734272,2979.734272,47,5,146,1,20250716_155355
1752648769.3598006,11639626,2979744256,2979.744256,50,5,138,1,20250716_155355
1752648769.3697846,11639665,2979754240,2979.75424,54,5,133,1,20250716_155355
1752648769.380025,11639705,2979764480,2979.76448,58,5,127,1,20250716_155355
1752648769.3900084,11639744,2979774464,2979.774464,62,5,124,1,20250716_155355
1752648769.3999925,11639783,2979784448,2979.784448,67,5,117,1,20250716_155355
1752648769.4099765,11639822,2979794432,2979.794432,71,5,110,1,20250716_155355
1752648769.4199605,11639861,2979804416,2979.804416,76,5,106,1,20250716_155355
1752648769.4299445,11639900,2979814400,2979.8144,80,5,102,1,20250716_155355
1752648769.4399283,11639939,2979824384,2979.824384,84,5,96,1,20250716_155355
1752648769.4499123,11639978,2979834368,2979.834368,88,5,96,1,20250716_155355
1752648769.4598966,11640017,2979844352,2979.844352,92,5,96,1,20250716_155355
1752648769.4698806,11640056,2979854336,2979.854336,95,5,94,1,20250716_155355
1752648769.4798646,11640095,2979864320,2979.86432,99,5,96,1,20250716_155355
1752648769.4898486,11640134,2979874304,2979.874304,102,5,96,1,20250716_155355
1752648769.4998326,11640173,2979884288,2979.884288,105,5,96,1,20250716_155355
1752648769.5098166,11640212,2979894272,2979.894272,108,5,96,1,20250716_155355
1752648769.519801,11640251,2979904256,2979.904256,111,5,97,1,20250716_155355
1752648769.5300405,11640291,2979914496,2979.914496,113,5,97,1,20250716_155355
1752648769.5400245,11640330,2979924480,2979.92448,116,5,99,1,20250716_155355
1752648769.5500083,11640369,2979934464,2979.934464,119,5,98,1,20250716_155355
1752648769.5599926,11640408,2979944448,2979.944448,121,5,99,1,20250716_155355
1752648769.5699766,11640447,2979954432,2979.954432,124,5,100,1,20250716_155355
1752648769.5799606,11640486,2979964416,2979.964416,126,5,101,1,20250716_155355
1752648769.5899446,11640525,2979974400,2979.9744,128,5,102,1,20250716_155355
1752648769.5999286,11640564,2979984384,2979.984384,131,5,102,1,20250716_155355
1752648769.6099126,11640603,2979994368,2979.994368,133,5,104,1,20250716_155355
1752648769.619897,11640642,2980004352,2980.004352,135,5,105,1,20250716_155355
1752648769.629881,11640681,2980014336,2980.014336,138,5,106,1,20250716_155355
1752648769.6398644,11640720,2980024320,2980.02432,140,5,108,1,20250716_155355
1752648769.6498485,11640759,2980034304,2980.034304,143,5,110,1,20250716_155355
1752648769.6598325,11640798,2980044288,2980.044288,145,5,112,1,20250716_155355
1752648769.6700726,11640838,2980054528,2980.054528,148,5,114,1,20250716_155355
1752648769.6800566,11640877,2980064512,2980.064512,151,5,117,1,20250716_155355
1752648769.6900406,11640916,2980074496,2980.074496,154,5,120,1,20250716_155355
1752648769.7000246,11640955,2980084480,2980.08448,157,5,124,1,20250716_155355
1752648769.7100086,11640994,2980094464,2980.094464,160,5,127,1,20250716_155355
1752648769.7199926,11641033,2980104448,2980.104448,163,5,131,1,20250716_155355
1752648769.729977,11641072,2980114432,2980.114432,167,5,141,1,20250716_155355
1752648769.739961,11641111,2980124416,2980.124416,172,5,145,1,20250716_155355
1752648769.7499444,11641150,2980134400,2980.1344,176,5,151,1,20250716_155355
1752648769.7599285,11641189,2980144384,2980.144384,181,5,155,1,20250716_155355
1752648769.7699125,11641228,2980154368,2980.154368,185,5,160,1,20250716_155355
1752648769.7798965,11641267,2980164352,2980.164352,190,5,165,1,20250716_155355
1752648769.7898805,11641306,2980174336,2980.174336,195,5,170,1,20250716_155355
1752648769.7998643,11641345,2980184320,2980.18432,199,5,171,1,20250716_155355
1752648769.8098483,11641384,2980194304,2980.194304,204,5,172,1,20250716_155355
1752648769.8200886,11641424,2980204544,2980.204544,208,5,172,1,20250716_155355
1752648769.8300726,11641463,2980214528,2980.214528,212,5,173,1,20250716_155355
1752648769.840057,11641502,2980224512,2980.224512,216,5,174,1,20250716_155355
1752648769.850041,11641541,2980234496,2980.234496,220,5,174,1,20250716_155355
1752648769.8600245,11641580,2980244480,2980.24448,223,5,174,1,20250716_155355
1752648769.8700085,11641619,2980254464,2980.254464,227,5,174,1,20250716_155355
1752648769.8799925,11641658,2980264448,2980.264448,230,5,174,1,20250716_155355
1752648769.8899765,11641697,2980274432,2980.274432,233,5,177,1,20250716_155355
1752648769.8999605,11641736,2980284416,2980.284416,236,5,175,1,20250716_155355
1752648769.9099443,11641775,2980294400,2980.2944,239,5,175,1,20250716_155355
1752648769.9199286,11641814,2980304384,2980.304384,241,5,175,1,20250716_155355
1752648769.9299126,11641853,2980314368,2980.314368,244,5,174,1,20250716_155355
1752648769.9398966,11641892,2980324352,2980.324352,246,5,175,1,20250716_155355
1752648769.9498806,11641931,2980334336,2980.334336,249,5,175,1,20250716_155355
1752648769.9601204,11641971,2980344576,2980.344576,251,5,174,1,20250716_155355
1752648769.9701045,11642010,2980354560,2980.35456,253,5,174,1,20250716_155355
1752648769.9800885,11642049,2980364544,2980.364544,1,5,174,1,20250716_155355
1752648769.9900725,11642088,2980374528,2980.374528,3,5,174,1,20250716_155355
1752648770.0000565,11642127,2980384512,2980.384512,5,5,173,1,20250716_155355
1752648770.0100403,11642166,2980394496,2980.394496,7,5,174,1,20250716_155355
1752648770.0200243,11642205,2980404480,2980.40448,9,5,174,1,20250716_155355
1752648770.0300086,11642244,2980414464,2980.414464,11,5,173,1,20250716_155355
1752648770.0399926,11642283,2980424448,2980.424448,13,5,173,1,20250716_155355
1752648770.0499766,11642322,2980434432,2980.434432,15,5,172,1,20250716_155355
1752648770.0599606,11642361,2980444416,2980.444416,17,5,172,1,20250716_155355
1752648770.0699446,11642400,2980454400,2980.4544,19,5,172,1,20250716_155355
1752648770.0799286,11642439,2980464384,2980.464384,21,5,172,1,20250716_155355
1752648770.089913,11642478,2980474368,2980.474368,23,5,171,1,20250716_155355
1752648770.099897,11642517,2980484352,2980.484352,25,5,169,1,20250716_155355
1752648770.1101365,11642557,2980494592,2980.494592,27,5,169,1,20250716_155355
1752648770.1201203,11642596,2980504576,2980.504576,29,5,167,1,20250716_155355
1752648770.1301043,11642635,2980514560,2980.51456,32,5,166,1,20250716_155355
1752648770.1400886,11642674,2980524544,2980.524544,34,5,165,1,20250716_155355
1752648770.1500726,11642713,2980534528,2980.534528,36,5,164,1,20250716_155355
1752648770.1600566,11642752,2980544512,2980.544512,39,5,160,1,20250716_155355
1752648770.1700406,11642791,2980554496,2980.554496,42,5,153,1,20250716_155355
1752648770.1800246,11642830,2980564480,2980.56448,45,5,145,1,20250716_155355
1752648770.1900086,11642869,2980574464,2980.574464,49,5,138,1,20250716_155355
1752648770.199993,11642908,2980584448,2980.584448,53,5,131,1,20250716_155355
1752648770.209977,11642947,2980594432,2980.594432,57,5,127,1,20250716_155355
1752648770.2199605,11642986,2980604416,2980.604416,61,5,122,1,20250716_155355
1752648770.2299445,11643025,2980614400,2980.6144,65,5,118,1,20250716_155355
1752648770.2399285,11643064,2980624384,2980.624384,70,5,112,1,20250716_155355
1752648770.2501686,11643104,2980634624,2980.634624,74,5,107,1,20250716_155355
1752648770.2601526,11643143,2980644608,2980.644608,78,5,102,1,20250716_155355
1752648770.2701366,11643182,2980654592,2980.654592,83,5,98,1,20250716_155355
1752648770.2801206,11643221,2980664576,2980.664576,87,5,95,1,20250716_155355
1752648770.2901046,11643260,2980674560,2980.67456,90,5,96,1,20250716_155355
1752648770.3000886,11643299,2980684544,2980.684544,94,5,95,1,20250716_155355
1752648770.310073,11643338,2980694528,2980.694528,98,5,96,1,20250716_155355
1752648770.3200564,11643377,2980704512,2980.704512,101,5,96,1,20250716_155355
1752648770.3300405,11643416,2980714496,2980.714496,104,5,96,1,20250716_155355
1752648770.3400245,11643455,2980724480,2980.72448,107,5,97,1,20250716_155355
1752648770.3500085,11643494,2980734464,2980.734464,110,5,97,1,20250716_155355
1752648770.3599925,11643533,2980744448,2980.744448,113,5,98,1,20250716_155355
1752648770.3699763,11643572,2980754432,2980.754432,115,5,97,1,20250716_155355
1752648770.3799603,11643611,2980764416,2980.764416,118,5,98,1,20250716_155355
1752648770.3899446,11643650,2980774400,2980.7744,120,5,98,1,20250716_155355
1752648770.4001846,11643690,2980784640,2980.78464,123,5,99,1,20250716_155355
1752648770.4101686,11643729,2980794624,2980.794624,125,5,100,1,20250716_155355
1752648770.420153,11643768,2980804608,2980.804608,127,5,101,1,20250716_155355
1752648770.4301364,11643807,2980814592,2980.814592,130,5,102,1,20250716_155355
1752648770.4401205,11643846,2980824576,2980.824576,132,5,103,1,20250716_155355
1752648770.4501045,11643885,2980834560,2980.83456,134,5,104,1,20250716_155355
1752648770.4600885,11643924,2980844544,2980.844544,137,5,106,1,20250716_155355
1752648770.4700725,11643963,2980854528,2980.854528,139,5,107,1,20250716_155355
1752648770.4800563,11644002,2980864512,2980.864512,142,5,108,1,20250716_155355
1752648770.4900403,11644041,2980874496,2980.874496,144,5,110,1,20250716_155355
1752648770.5000246,11644080,2980884480,2980.88448,147,5,112,1,20250716_155355
1752648770.5100086,11644119,2980894464,2980.894464,149,5,114,1,20250716_155355
1752648770.5199926,11644158,2980904448,2980.904448,152,5,117,1,20250716_155355
1752648770.5299766,11644197,2980914432,2980.914432,155,5,120,1,20250716_155355
1752648770.5402164,11644237,2980924672,2980.924672,158,5,124,1,20250716_155355
1752648770.5502005,11644276,2980934656,2980.934656,162,5,127,1,20250716_155355
1752648770.5601845,11644315,2980944640,2980.94464,165,5,134,1,20250716_155355
1752648770.5701685,11644354,2980954624,2980.954624,169,5,141,1,20250716_155355
1752648770.5801525,11644393,2980964608,2980.964608,174,5,146,1,20250716_155355
1752648770.5901363,11644432,2980974592,2980.974592,178,5,151,1,20250716_155355
1752648770.6001203,11644471,2980984576,2980.984576,183,5,156,1,20250716_155355
1752648770.6101046,11644510,2980994560,2980.99456,187,5,160,1,20250716_155355
1752648770.6200886,11644549,2981004544,2981.004544,192,5,165,1,20250716_155355
1752648770.6300726,11644588,2981014528,2981.014528,197,5,169,1,20250716_155355
1752648770.6400566,11644627,2981024512,2981.024512,201,5,171,1,20250716_155355
1752648770.6500406,11644666,2981034496,2981.034496,206,5,171,1,20250716_155355
1752648770.6600246,11644705,2981044480,2981.04448,210,5,172,1,20250716_155355
1752648770.670009,11644744,2981054464,2981.054464,214,5,173,1,20250716_155355
1752648770.679993,11644783,2981064448,2981.064448,218,5,173,1,20250716_155355
1752648770.6902325,11644823,2981074688,2981.074688,221,5,174,1,20250716_155355
1752648770.7002163,11644862,2981084672,2981.084672,225,5,173,1,20250716_155355
1752648770.7102003,11644901,2981094656,2981.094656,228,5,174,1,20250716_155355
1752648770.7201846,11644940,2981104640,2981.10464,231,5,175,1,20250716_155355
1752648770.7301686,11644979,2981114624,2981.114624,234,5,175,1,20250716_155355
1752648770.7401526,11645018,2981124608,2981.124608,237,5,175,1,20250716_155355
1752648770.7501366,11645057,2981134592,2981.134592,240,5,174,1,20250716_155355
1752648770.7601206,11645096,2981144576,2981.144576,242,5,175,1,20250716_155355
1752648770.7701046,11645135,2981154560,2981.15456,245,5,174,1,20250716_155355
1752648770.780089,11645174,2981164544,2981.164544,247,5,174,1,20250716_155355
1752648770.7900724,11645213,2981174528,2981.174528,250,5,175,1,20250716_155355
1752648770.8000565,11645252,2981184512,2981.184512,252,5,174,1,20250716_155355
1752648770.8100405,11645291,2981194496,2981.194496,254,5,175,1,20250716_155355
1752648770.8200245,11645330,2981204480,2981.20448,1,5,174,1,20250716_155355
1752648770.8300085,11645369,2981214464,2981.214464,4,5,174,1,20250716_155355
1752648770.8402486,11645409,2981224704,2981.224704,6,5,173,1,20250716_155355
1752648770.8502326,11645448,2981234688,2981.234688,8,5,174,1,20250716_155355
1752648770.8602166,11645487,2981244672,2981.244672,10,5,174,1,20250716_155355
1752648770.8702006,11645526,2981254656,2981.254656,12,5,173,1,20250716_155355
1752648770.880185,11645565,2981264640,2981.26464,14,5,173,1,20250716_155355
1752648770.890169,11645604,2981274624,2981.274624,16,5,174,1,20250716_155355
1752648770.9001524,11645643,2981284608,2981.284608,17,5,173,1,20250716_155355
1752648770.9101365,11645682,2981294592,2981.294592,19,5,172,1,20250716_155355
1752648770.9201205,11645721,2981304576,2981.304576,21,5,172,1,20250716_155355
1752648770.9301045,11645760,2981314560,2981.31456,23,5,170,1,20250716_155355
1752648770.9400885,11645799,2981324544,2981.324544,25,5,170,1,20250716_155355
1752648770.9500723,11645838,2981334528,2981.334528,27,5,170,1,20250716_155355
1752648770.9600563,11645877,2981344512,2981.344512,29,5,168,1,20250716_155355
1752648770.9700406,11645916,2981354496,2981.354496,32,5,167,1,20250716_155355
1752648770.9802806,11645956,2981364736,2981.364736,34,5,165,1,20250716_155355
1752648770.990265,11645995,2981374720,2981.37472,36,5,165,1,20250716_155355
1752648771.000249,11646034,2981384704,2981.384704,39,5,163,1,20250716_155355
1752648771.0102324,11646073,2981394688,2981.394688,41,5,160,1,20250716_155355
1752648771.0202165,11646112,2981404672,2981.404672,44,5,155,1,20250716_155355
1752648771.0302005,11646151,2981414656,2981.414656,47,5,147,1,20250716_155355
1752648771.0401845,11646190,2981424640,2981.42464,51,5,139,1,20250716_155355
1752648771.0501685,11646229,2981434624,2981.434624,55,5,132,1,20250716_155355
1752648771.0601523,11646268,2981444608,2981.444608,59,5,127,1,20250716_155355
1752648771.0701363,11646307,2981454592,2981.454592,63,5,123,1,20250716_155355
1752648771.0801206,11646346,2981464576,2981.464576,67,5,116,1,20250716_155355
1752648771.0901046,11646385,2981474560,2981.47456,72,5,110,1,20250716_155355
1752648771.1000886,11646424,2981484544,2981.484544,76,5,106,1,20250716_155355
1752648771.1100726,11646463,2981494528,2981.494528,80,5,102,1,20250716_155355
1752648771.1200566,11646502,2981504512,2981.504512,85,5,98,1,20250716_155355
1752648771.1302965,11646542,2981514752,2981.514752,88,5,96,1,20250716_155355
1752648771.1402805,11646581,2981524736,2981.524736,92,5,97,1,20250716_155355
1752648771.1502645,11646620,2981534720,2981.53472,96,5,97,1,20250716_155355
1752648771.1602485,11646659,2981544704,2981.544704,99,5,94,1,20250716_155355
1752648771.1702323,11646698,2981554688,2981.554688,102,5,96,1,20250716_155355
1752648771.1802166,11646737,2981564672,2981.564672,105,5,96,1,20250716_155355
1752648771.1902006,11646776,2981574656,2981.574656,108,5,96,1,20250716_155355
1752648771.2001846,11646815,2981584640,2981.58464,111,5,97,1,20250716_155355
1752648771.2101686,11646854,2981594624,2981.594624,114,5,97,1,20250716_155355
1752648771.2201526,11646893,2981604608,2981.604608,116,5,97,1,20250716_155355
1752648771.2301366,11646932,2981614592,2981.614592,119,5,98,1,20250716_155355
1752648771.2401206,11646971,2981624576,2981.624576,121,5,98,1,20250716_155355
1752648771.250105,11647010,2981634560,2981.63456,124,5,100,1,20250716_155355
1752648771.2600884,11647049,2981644544,2981.644544,126,5,100,1,20250716_155355
1752648771.2703283,11647089,2981654784,2981.654784,128,5,101,1,20250716_155355
1752648771.2803123,11647128,2981664768,2981.664768,131,5,101,1,20250716_155355
1752648771.2902966,11647167,2981674752,2981.674752,133,5,103,1,20250716_155355
1752648771.3002806,11647206,2981684736,2981.684736,135,5,104,1,20250716_155355
1752648771.3102646,11647245,2981694720,2981.69472,138,5,106,1,20250716_155355
1752648771.3202486,11647284,2981704704,2981.704704,140,5,107,1,20250716_155355
1752648771.3302326,11647323,2981714688,2981.714688,143,5,109,1,20250716_155355
1752648771.3402166,11647362,2981724672,2981.724672,145,5,112,1,20250716_155355
1752648771.350201,11647401,2981734656,2981.734656,148,5,113,1,20250716_155355
1752648771.360185,11647440,2981744640,2981.74464,151,5,116,1,20250716_155355
1752648771.3701684,11647479,2981754624,2981.754624,153,5,118,1,20250716_155355
1752648771.3801525,11647518,2981764608,2981.764608,156,5,121,1,20250716_155355
1752648771.3901365,11647557,2981774592,2981.774592,160,5,126,1,20250716_155355
1752648771.4001205,11647596,2981784576,2981.784576,163,5,131,1,20250716_155355
1752648771.4101045,11647635,2981794560,2981.79456,167,5,139,1,20250716_155355
1752648771.4203446,11647675,2981804800,2981.8048,171,5,145,1,20250716_155355
1752648771.4303286,11647714,2981814784,2981.814784,176,5,150,1,20250716_155355
1752648771.4403126,11647753,2981824768,2981.824768,180,5,154,1,20250716_155355
1752648771.4502966,11647792,2981834752,2981.834752,185,5,158,1,20250716_155355
1752648771.460281,11647831,2981844736,2981.844736,189,5,163,1,20250716_155355
1752648771.470265,11647870,2981854720,2981.85472,194,5,167,1,20250716_155355
1752648771.4802485,11647909,2981864704,2981.864704,199,5,170,1,20250716_155355
1752648771.4902325,11647948,2981874688,2981.874688,203,5,172,1,20250716_155355
1752648771.5002165,11647987,2981884672,2981.884672,208,5,172,1,20250716_155355
1752648771.5102005,11648026,2981894656,2981.894656,212,5,172,1,20250716_155355
1752648771.5201845,11648065,2981904640,2981.90464,216,5,174,1,20250716_155355
1752648771.5301683,11648104,2981914624,2981.914624,219,6,174,1,20250716_155355
1752648771.5401523,11648143,2981924608,2981.924608,223,5,174,1,20250716_155355
1752648771.5501366,11648182,2981934592,2981.934592,226,5,175,1,20250716_155355
1752648771.5603766,11648222,2981944832,2981.944832,230,5,175,1,20250716_155355
1752648771.570361,11648261,2981954816,2981.954816,233,5,175,1,20250716_155355
1752648771.5803444,11648300,2981964800,2981.9648,236,5,174,1,20250716_155355
1752648771.5903285,11648339,2981974784,2981.974784,238,5,175,1,20250716_155355
1752648771.6003125,11648378,2981984768,2981.984768,241,5,176,1,20250716_155355
1752648771.6102965,11648417,2981994752,2981.994752,244,5,175,1,20250716_155355
1752648771.6202805,11648456,2982004736,2982.004736,246,5,175,1,20250716_155355
1752648771.6302643,11648495,2982014720,2982.01472,249,5,175,1,20250716_155355
1752648771.6402483,11648534,2982024704,2982.024704,251,5,175,1,20250716_155355
1752648771.6502326,11648573,2982034688,2982.034688,253,5,175,1,20250716_155355
1752648771.6602166,11648612,2982044672,2982.044672,0,5,175,1,20250716_155355
1752648771.6702006,11648651,2982054656,2982.054656,2,5,175,1,20250716_155355
1752648771.6801846,11648690,2982064640,2982.06464,4,5,174,1,20250716_155355
1752648771.6901686,11648729,2982074624,2982.074624,7,5,174,1,20250716_155355
1752648771.7001526,11648768,2982084608,2982.084608,8,5,175,1,20250716_155355
1752648771.7103925,11648808,2982094848,2982.094848,10,5,174,1,20250716_155355
1752648771.7203765,11648847,2982104832,2982.104832,12,5,174,1,20250716_155355
1752648771.7303605,11648886,2982114816,2982.114816,14,5,174,1,20250716_155355
1752648771.7403443,11648925,2982124800,2982.1248,16,5,174,1,20250716_155355
1752648771.7503283,11648964,2982134784,2982.134784,18,5,172,1,20250716_155355
1752648771.7603126,11649003,2982144768,2982.144768,20,5,172,1,20250716_155355
1752648771.7702966,11649042,2982154752,2982.154752,22,5,171,1,20250716_155355
1752648771.7802806,11649081,2982164736,2982.164736,24,5,170,1,20250716_155355
1752648771.7902646,11649120,2982174720,2982.17472,26,5,169,1,20250716_155355
1752648771.8002486,11649159,2982184704,2982.184704,28,5,167,1,20250716_155355
1752648771.8102326,11649198,2982194688,2982.194688,31,5,165,1,20250716_155355
1752648771.820217,11649237,2982204672,2982.204672,33,5,165,1,20250716_155355
1752648771.830201,11649276,2982214656,2982.214656,35,5,164,1,20250716_155355
1752648771.8401845,11649315,2982224640,2982.22464,38,5,162,1,20250716_155355
1752648771.8504243,11649355,2982234880,2982.23488,40,5,156,1,20250716_155355
1752648771.8604083,11649394,2982244864,2982.244864,44,5,147,1,20250716_155355
1752648771.8703926,11649433,2982254848,2982.254848,47,5,140,1,20250716_155355
1752648771.8803766,11649472,2982264832,2982.264832,51,5,133,1,20250716_155355
1752648771.8903606,11649511,2982274816,2982.274816,55,5,127,1,20250716_155355
1752648771.9003446,11649550,2982284800,2982.2848,59,5,122,1,20250716_155355
1752648771.9103286,11649589,2982294784,2982.294784,64,5,118,1,20250716_155355
1752648771.9203126,11649628,2982304768,2982.304768,68,5,114,1,20250716_155355
1752648771.930297,11649667,2982314752,2982.314752,72,5,106,1,20250716_155355
1752648771.940281,11649706,2982324736,2982.324736,77,5,101,1,20250716_155355
1752648771.9502645,11649745,2982334720,2982.33472,81,5,98,1,20250716_155355
1752648771.9602485,11649784,2982344704,2982.344704,85,5,95,1,20250716_155355
1752648771.9702325,11649823,2982354688,2982.354688,89,5,97,1,20250716_155355
1752648771.9802165,11649862,2982364672,2982.364672,93,5,96,1,20250716_155355
1752648771.9904566,11649902,2982374912,2982.374912,96,5,94,1,20250716_155355
1752648772.0004406,11649941,2982384896,2982.384896,100,5,96,1,20250716_155355
1752648772.0104246,11649980,2982394880,2982.39488,103,5,96,1,20250716_155355
1752648772.0204086,11650019,2982404864,2982.404864,106,5,96,1,20250716_155355
1752648772.0303926,11650058,2982414848,2982.414848,109,5,96,1,20250716_155355
1752648772.040377,11650097,2982424832,2982.424832,112,5,96,1,20250716_155355
1752648772.0503604,11650136,2982434816,2982.434816,114,5,98,1,20250716_155355
1752648772.0603445,11650175,2982444800,2982.4448,117,5,99,1,20250716_155355
1752648772.0703285,11650214,2982454784,2982.454784,119,5,99,1,20250716_155355
1752648772.0803125,11650253,2982464768,2982.464768,122,5,99,1,20250716_155355
1752648772.0902965,11650292,2982474752,2982.474752,124,5,100,1,20250716_155355
1752648772.1002803,11650331,2982484736,2982.484736,127,5,100,1,20250716_155355
1752648772.1102643,11650370,2982494720,2982.49472,129,5,101,1,20250716_155355
1752648772.1202486,11650409,2982504704,2982.504704,131,5,102,1,20250716_155355
1752648772.1302326,11650448,2982514688,2982.514688,134,5,102,1,20250716_155355
1752648772.140473,11650488,2982524928,2982.524928,136,5,105,1,20250716_155355
1752648772.150457,11650527,2982534912,2982.534912,138,5,106,1,20250716_155355
1752648772.1604404,11650566,2982544896,2982.544896,141,5,107,1,20250716_155355
1752648772.1704245,11650605,2982554880,2982.55488,143,5,110,1,20250716_155355
1752648772.1804085,11650644,2982564864,2982.564864,146,5,111,1,20250716_155355
1752648772.1903925,11650683,2982574848,2982.574848,148,5,113,1,20250716_155355
1752648772.2003765,11650722,2982584832,2982.584832,151,5,114,1,20250716_155355
1752648772.2103603,11650761,2982594816,2982.594816,154,5,118,1,20250716_155355
1752648772.2203443,11650800,2982604800,2982.6048,157,5,120,1,20250716_155355
1752648772.2303286,11650839,2982614784,2982.614784,160,5,123,1,20250716_155355
1752648772.2403126,11650878,2982624768,2982.624768,164,5,130,1,20250716_155355
1752648772.2502966,11650917,2982634752,2982.634752,167,5,138,1,20250716_155355
1752648772.2602806,11650956,2982644736,2982.644736,171,5,144,1,20250716_155355
1752648772.2702646,11650995,2982654720,2982.65472,176,5,148,1,20250716_155355
1752648772.2805045,11651035,2982664960,2982.66496,180,5,152,1,20250716_155355
1752648772.2904885,11651074,2982674944,2982.674944,185,5,157,1,20250716_155355
1752648772.3004725,11651113,2982684928,2982.684928,189,5,162,1,20250716_155355
1752648772.3104565,11651152,2982694912,2982.694912,194,5,166,1,20250716_155355
1752648772.3204403,11651191,2982704896,2982.704896,199,5,170,1,20250716_155355
1752648772.3304243,11651230,2982714880,2982.71488,203,5,172,1,20250716_155355
1752648772.3404086,11651269,2982724864,2982.724864,208,5,171,1,20250716_155355
1752648772.3503926,11651308,2982734848,2982.734848,212,5,172,1,20250716_155355
1752648772.3603766,11651347,2982744832,2982.744832,216,5,173,1,20250716_155355
1752648772.3703606,11651386,2982754816,2982.754816,219,5,173,1,20250716_155355
1752648772.3803446,11651425,2982764800,2982.7648,223,5,175,1,20250716_155355
1752648772.3903286,11651464,2982774784,2982.774784,226,5,169,1,20250716_155355
1752648772.400313,11651503,2982784768,2982.784768,230,5,174,1,20250716_155355
1752648772.4102964,11651542,2982794752,2982.794752,233,5,174,1,20250716_155355
1752648772.4202805,11651581,2982804736,2982.804736,236,5,174,1,20250716_155355
1752648772.4305203,11651621,2982814976,2982.814976,238,5,174,1,20250716_155355
1752648772.4405046,11651660,2982824960,2982.82496,241,5,175,1,20250716_155355
1752648772.4504886,11651699,2982834944,2982.834944,244,5,174,1,20250716_155355
1752648772.4604726,11651738,2982844928,2982.844928,246,5,175,1,20250716_155355
1752648772.4704566,11651777,2982854912,2982.854912,249,5,176,1,20250716_155355
1752648772.4804406,11651816,2982864896,2982.864896,251,5,175,1,20250716_155355
1752648772.4904246,11651855,2982874880,2982.87488,253,5,174,1,20250716_155355
1752648772.5004086,11651894,2982884864,2982.884864,0,5,175,1,20250716_155355
1752648772.510393,11651933,2982894848,2982.894848,2,5,175,1,20250716_155355
1752648772.5203764,11651972,2982904832,2982.904832,4,5,174,1,20250716_155355
1752648772.5303605,11652011,2982914816,2982.914816,7,5,175,1,20250716_155355
1752648772.5403445,11652050,2982924800,2982.9248,8,5,174,1,20250716_155355
1752648772.5503285,11652089,2982934784,2982.934784,10,5,174,1,20250716_155355
1752648772.5603125,11652128,2982944768,2982.944768,12,5,173,1,20250716_155355
1752648772.5705526,11652168,2982955008,2982.955008,14,5,173,1,20250716_155355
1752648772.5805366,11652207,2982964992,2982.964992,16,5,173,1,20250716_155355
1752648772.5905206,11652246,2982974976,2982.974976,18,5,173,1,20250716_155355
1752648772.6005046,11652285,2982984960,2982.98496,20,5,172,1,20250716_155355
1752648772.610489,11652324,2982994944,2982.994944,22,5,171,1,20250716_155355
1752648772.620473,11652363,2983004928,2983.004928,24,5,171,1,20250716_155355
1752648772.6304564,11652402,2983014912,2983.014912,26,5,170,1,20250716_155355
1752648772.6404405,11652441,2983024896,2983.024896,28,5,168,1,20250716_155355
1752648772.6504245,11652480,2983034880,2983.03488,30,5,167,1,20250716_155355
1752648772.6604085,11652519,2983044864,2983.044864,33,5,166,1,20250716_155355
1752648772.6703925,11652558,2983054848,2983.054848,35,5,163,1,20250716_155355
1752648772.6803763,11652597,2983064832,2983.064832,37,5,164,1,20250716_155355
1752648772.6903603,11652636,2983074816,2983.074816,40,5,161,1,20250716_155355
1752648772.7003446,11652675,2983084800,2983.0848,43,5,155,1,20250716_155355
1752648772.7103286,11652714,2983094784,2983.094784,46,5,147,1,20250716_155355
1752648772.720569,11652754,2983105024,2983.105024,50,5,137,1,20250716_155355
1752648772.730553,11652793,2983115008,2983.115008,53,5,132,1,20250716_155355
1752648772.7405365,11652832,2983124992,2983.124992,58,5,127,1,20250716_155355
1752648772.7505205,11652871,2983134976,2983.134976,62,5,122,1,20250716_155355
1752648772.7605045,11652910,2983144960,2983.14496,66,5,116,1,20250716_155355
1752648772.7704885,11652949,2983154944,2983.154944,70,5,112,1,20250716_155355
1752648772.7804725,11652988,2983164928,2983.164928,75,5,106,1,20250716_155355
1752648772.7904563,11653027,2983174912,2983.174912,79,5,102,1,20250716_155355
1752648772.8004403,11653066,2983184896,2983.184896,83,5,98,1,20250716_155355
1752648772.8104246,11653105,2983194880,2983.19488,87,5,96,1,20250716_155355
1752648772.8204086,11653144,2983204864,2983.204864,91,5,97,1,20250716_155355
1752648772.8303926,11653183,2983214848,2983.214848,95,5,96,1,20250716_155355
1752648772.8403766,11653222,2983224832,2983.224832,98,5,94,1,20250716_155355
1752648772.8503606,11653261,2983234816,2983.234816,101,5,96,1,20250716_155355
1752648772.8606005,11653301,2983245056,2983.245056,104,5,96,1,20250716_155355
1752648772.8705845,11653340,2983255040,2983.25504,107,5,96,1,20250716_155355
1752648772.8805685,11653379,2983265024,2983.265024,110,5,95,1,20250716_155355
1752648772.8905523,11653418,2983275008,2983.275008,113,5,94,1,20250716_155355
1752648772.9005363,11653457,2983284992,2983.284992,116,5,97,1,20250716_155355
1752648772.9105206,11653496,2983294976,2983.294976,118,5,98,1,20250716_155355
1752648772.9205046,11653535,2983304960,2983.30496,121,5,98,1,20250716_155355
1752648772.9304886,11653574,2983314944,2983.314944,123,5,99,1,20250716_155355
1752648772.9404726,11653613,2983324928,2983.324928,125,5,100,1,20250716_155355
1752648772.9504566,11653652,2983334912,2983.334912,128,5,101,1,20250716_155355
1752648772.9604406,11653691,2983344896,2983.344896,130,5,101,1,20250716_155355
1752648772.970425,11653730,2983354880,2983.35488,132,5,101,1,20250716_155355
1752648772.980409,11653769,2983364864,2983.364864,135,5,103,1,20250716_155355
1752648772.9903924,11653808,2983374848,2983.374848,137,5,104,1,20250716_155355
1752648773.0006323,11653848,2983385088,2983.385088,139,5,106,1,20250716_155355
1752648773.0106163,11653887,2983395072,2983.395072,142,5,107,1,20250716_155355
1752648773.0206006,11653926,2983405056,2983.405056,144,5,108,1,20250716_155355
1752648773.0305846,11653965,2983415040,2983.41504,147,5,109,1,20250716_155355
1752648773.0405686,11654004,2983425024,2983.425024,149,5,113,1,20250716_155355
1752648773.0505526,11654043,2983435008,2983.435008,152,5,115,1,20250716_155355
1752648773.0605366,11654082,2983444992,2983.444992,155,5,116,1,20250716_155355
1752648773.0705206,11654121,2983454976,2983.454976,158,5,121,1,20250716_155355
1752648773.080505,11654160,2983464960,2983.46496,161,5,127,1,20250716_155355
1752648773.090489,11654199,2983474944,2983.474944,164,5,132,1,20250716_155355
1752648773.1004725,11654238,2983484928,2983.484928,168,5,140,1,20250716_155355
1752648773.1104565,11654277,2983494912,2983.494912,172,5,144,1,20250716_155355
1752648773.1204405,11654316,2983504896,2983.504896,177,5,149,1,20250716_155355
1752648773.1304245,11654355,2983514880,2983.51488,181,5,154,1,20250716_155355
1752648773.1404085,11654394,2983524864,2983.524864,186,5,159,1,20250716_155355
1752648773.1506486,11654434,2983535104,2983.535104,190,5,162,1,20250716_155355
1752648773.1606326,11654473,2983545088,2983.545088,195,5,168,1,20250716_155355
1752648773.1706166,11654512,2983555072,2983.555072,200,5,171,1,20250716_155355
1752648773.1806006,11654551,2983565056,2983.565056,204,5,171,1,20250716_155355
1752648773.190585,11654590,2983575040,2983.57504,208,5,172,1,20250716_155355
1752648773.200569,11654629,2983585024,2983.585024,212,5,173,1,20250716_155355
1752648773.2105525,11654668,2983595008,2983.595008,216,5,174,1,20250716_155355
1752648773.2205365,11654707,2983604992,2983.604992,220,5,174,1,20250716_155355
1752648773.2305205,11654746,2983614976,2983.614976,224,5,173,1,20250716_155355
1752648773.2405045,11654785,2983624960,2983.62496,227,5,174,1,20250716_155355
1752648773.2504883,11654824,2983634944,2983.634944,230,5,174,1,20250716_155355
1752648773.2604723,11654863,2983644928,2983.644928,233,5,175,1,20250716_155355
1752648773.2704566,11654902,2983654912,2983.654912,236,5,175,1,20250716_155355
1752648773.2804406,11654941,2983664896,2983.664896,239,5,175,1,20250716_155355
1752648773.2906806,11654981,2983675136,2983.675136,242,5,174,1,20250716_155355
1752648773.300665,11655020,2983685120,2983.68512,244,5,175,1,20250716_155355
1752648773.3106484,11655059,2983695104,2983.695104,247,5,175,1,20250716_155355
1752648773.3206325,11655098,2983705088,2983.705088,249,5,174,1,20250716_155355
1752648773.3306165,11655137,2983715072,2983.715072,251,5,175,1,20250716_155355
1752648773.3406005,11655176,2983725056,2983.725056,254,5,175,1,20250716_155355
1752648773.3505845,11655215,2983735040,2983.73504,1,5,174,1,20250716_155355
1752648773.3605683,11655254,2983745024,2983.745024,3,5,174,1,20250716_155355
1752648773.3705523,11655293,2983755008,2983.755008,5,5,174,1,20250716_155355
1752648773.3805366,11655332,2983764992,2983.764992,7,5,174,1,20250716_155355
1752648773.3907766,11655372,2983775232,2983.775232,9,5,174,1,20250716_155355
1752648773.400761,11655411,2983785216,2983.785216,11,5,174,1,20250716_155355
1752648773.410745,11655450,2983795200,2983.7952,13,5,172,1,20250716_155355
1752648773.4207284,11655489,2983805184,2983.805184,15,5,173,1,20250716_155355
1752648773.4307125,11655528,2983815168,2983.815168,17,5,171,1,20250716_155355
1752648773.4406965,11655567,2983825152,2983.825152,19,5,172,1,20250716_155355
1752648773.4506805,11655606,2983835136,2983.835136,21,5,171,1,20250716_155355
1752648773.4609206,11655646,2983845376,2983.845376,23,5,170,1,20250716_155355
1752648773.4709046,11655685,2983855360,2983.85536,25,5,170,1,20250716_155355
1752648773.4808886,11655724,2983865344,2983.865344,27,5,167,1,20250716_155355
1752648773.4908726,11655763,2983875328,2983.875328,29,5,167,1,20250716_155355
1752648773.5008566,11655802,2983885312,2983.885312,31,5,166,1,20250716_155355
1752648773.510841,11655841,2983895296,2983.895296,34,5,164,1,20250716_155355
1752648773.520825,11655880,2983905280,2983.90528,36,5,162,1,20250716_155355
1752648773.5310645,11655920,2983915520,2983.91552,39,5,160,1,20250716_155355
1752648773.5410483,11655959,2983925504,2983.925504,42,5,151,1,20250716_155355
1752648773.5510323,11655998,2983935488,2983.935488,45,5,142,1,20250716_155355
1752648773.5610166,11656037,2983945472,2983.945472,49,5,135,1,20250716_155355
1752648773.5710006,11656076,2983955456,2983.955456,53,5,129,1,20250716_155355
1752648773.5809846,11656115,2983965440,2983.96544,57,5,124,1,20250716_155355
1752648773.591225,11656155,2983975680,2983.97568,62,5,120,1,20250716_155355
1752648773.6012084,11656194,2983985664,2983.985664,66,5,115,1,20250716_155355
1752648773.6111925,11656233,2983995648,2983.995648,70,5,111,1,20250716_155355
1752648773.6211765,11656272,2984005632,2984.005632,75,5,105,1,20250716_155355
1752648773.6311605,11656311,2984015616,2984.015616,79,5,101,1,20250716_155355
1752648773.6411445,11656350,2984025600,2984.0256,83,5,97,1,20250716_155355
1752648773.6511283,11656389,2984035584,2984.035584,87,5,93,1,20250716_155355
1752648773.6611123,11656428,2984045568,2984.045568,91,5,97,1,20250716_155355
1752648773.6713526,11656468,2984055808,2984.055808,95,5,96,1,20250716_155355
1752648773.6813366,11656507,2984065792,2984.065792,98,5,95,1,20250716_155355
1752648773.691321,11656546,2984075776,2984.075776,101,5,96,1,20250716_155355
1752648773.701305,11656585,2984085760,2984.08576,105,5,96,1,20250716_155355
1752648773.7112885,11656624,2984095744,2984.095744,107,5,95,1,20250716_155355
1752648773.7212725,11656663,2984105728,2984.105728,110,5,97,1,20250716_155355
1752648773.7312565,11656702,2984115712,2984.115712,113,5,96,1,20250716_155355
1752648773.7412405,11656741,2984125696,2984.125696,116,5,97,1,20250716_155355
1752648773.7514806,11656781,2984135936,2984.135936,118,5,97,1,20250716_155355
1752648773.7614646,11656820,2984145920,2984.14592,121,5,99,1,20250716_155355
1752648773.7714486,11656859,2984155904,2984.155904,123,5,99,1,20250716_155355
1752648773.7814326,11656898,2984165888,2984.165888,126,5,100,1,20250716_155355
1752648773.7914166,11656937,2984175872,2984.175872,128,5,101,1,20250716_155355
1752648773.801401,11656976,2984185856,2984.185856,130,5,100,1,20250716_155355
1752648773.8116405,11657016,2984196096,2984.196096,132,5,102,1,20250716_155355
1752648773.8216245,11657055,2984206080,2984.20608,135,5,102,1,20250716_155355
1752648773.8316083,11657094,2984216064,2984.216064,137,5,104,1,20250716_155355
1752648773.8415926,11657133,2984226048,2984.226048,139,5,106,1,20250716_155355
1752648773.8515766,11657172,2984236032,2984.236032,142,5,106,1,20250716_155355
1752648773.8615606,11657211,2984246016,2984.246016,144,5,107,1,20250716_155355
1752648773.8715446,11657250,2984256000,2984.256,147,5,109,1,20250716_155355
1752648773.8815286,11657289,2984265984,2984.265984,149,5,111,1,20250716_155355
1752648773.8915126,11657328,2984275968,2984.275968,152,5,113,1,20250716_155355
1752648773.9017525,11657368,2984286208,2984.286208,154,5,115,1,20250716_155355
1752648773.9117365,11657407,2984296192,2984.296192,157,5,118,1,20250716_155355
1752648773.9217205,11657446,2984306176,2984.306176,160,5,123,1,20250716_155355
1752648773.9317043,11657485,2984316160,2984.31616,164,5,127,1,20250716_155355
1752648773.9416883,11657524,2984326144,2984.326144,167,5,134,1,20250716_155355
1752648773.9516726,11657563,2984336128,2984.336128,171,5,140,1,20250716_155355
1752648773.9616566,11657602,2984346112,2984.346112,175,5,145,1,20250716_155355
1752648773.9716406,11657641,2984356096,2984.356096,180,5,150,1,20250716_155355
1752648773.9816246,11657680,2984366080,2984.36608,184,5,155,1,20250716_155355
1752648773.9916086,11657719,2984376064,2984.376064,189,5,159,1,20250716_155355
1752648774.0015926,11657758,2984386048,2984.386048,193,5,163,1,20250716_155355
1752648774.011577,11657797,2984396032,2984.396032,198,5,169,1,20250716_155355
1752648774.021561,11657836,2984406016,2984.406016,203,5,171,1,20250716_155355
1752648774.0315444,11657875,2984416000,2984.416,207,5,171,1,20250716_155355
1752648774.0415285,11657914,2984425984,2984.425984,211,5,174,1,20250716_155355
1752648774.0517683,11657954,2984436224,2984.436224,215,5,173,1,20250716_155355
1752648774.0617526,11657993,2984446208,2984.446208,219,5,172,1,20250716_155355
1752648774.0717366,11658032,2984456192,2984.456192,222,5,174,1,20250716_155355
1752648774.0817206,11658071,2984466176,2984.466176,226,5,175,1,20250716_155355
1752648774.0917046,11658110,2984476160,2984.47616,229,5,174,1,20250716_155355
1752648774.1016886,11658149,2984486144,2984.486144,232,5,175,1,20250716_155355
1752648774.1116726,11658188,2984496128,2984.496128,235,5,174,1,20250716_155355
1752648774.121657,11658227,2984506112,2984.506112,238,5,174,1,20250716_155355
1752648774.131641,11658266,2984516096,2984.516096,241,5,174,1,20250716_155355
1752648774.1416245,11658305,2984526080,2984.52608,243,5,174,1,20250716_155355
1752648774.1516085,11658344,2984536064,2984.536064,246,5,174,1,20250716_155355
1752648774.1615925,11658383,2984546048,2984.546048,248,5,175,1,20250716_155355
1752648774.1715765,11658422,2984556032,2984.556032,251,5,173,1,20250716_155355
1752648774.1815605,11658461,2984566016,2984.566016,253,5,174,1,20250716_155355
1752648774.1918006,11658501,2984576256,2984.576256,0,5,174,1,20250716_155355
1752648774.2017846,11658540,2984586240,2984.58624,2,5,174,1,20250716_155355
1752648774.2117686,11658579,2984596224,2984.596224,4,5,175,1,20250716_155355
1752648774.2217526,11658618,2984606208,2984.606208,6,5,174,1,20250716_155355
1752648774.231737,11658657,2984616192,2984.616192,8,5,174,1,20250716_155355
1752648774.241721,11658696,2984626176,2984.626176,10,5,173,1,20250716_155355
1752648774.2517045,11658735,2984636160,2984.63616,12,5,173,1,20250716_155355
1752648774.2616885,11658774,2984646144,2984.646144,14,5,172,1,20250716_155355
1752648774.2716725,11658813,2984656128,2984.656128,16,5,173,1,20250716_155355
1752648774.2816565,11658852,2984666112,2984.666112,18,5,173,1,20250716_155355
1752648774.2916403,11658891,2984676096,2984.676096,20,5,172,1,20250716_155355
1752648774.3016243,11658930,2984686080,2984.68608,22,5,172,1,20250716_155355
1752648774.3116086,11658969,2984696064,2984.696064,24,5,171,1,20250716_155355
1752648774.3215926,11659008,2984706048,2984.706048,26,5,171,1,20250716_155355
1752648774.3318326,11659048,2984716288,2984.716288,28,5,169,1,20250716_155355
1752648774.341817,11659087,2984726272,2984.726272,30,5,169,1,20250716_155355
1752648774.3518004,11659126,2984736256,2984.736256,32,5,168,1,20250716_155355
1752648774.3617845,11659165,2984746240,2984.74624,34,5,167,1,20250716_155355
1752648774.3717685,11659204,2984756224,2984.756224,36,5,165,1,20250716_155355
1752648774.3817525,11659243,2984766208,2984.766208,39,5,163,1,20250716_155355
1752648774.3917365,11659282,2984776192,2984.776192,41,5,162,1,20250716_155355
1752648774.4017203,11659321,2984786176,2984.786176,44,5,158,1,20250716_155355
1752648774.4117043,11659360,2984796160,2984.79616,47,5,151,1,20250716_155355
1752648774.4216886,11659399,2984806144,2984.806144,50,5,143,1,20250716_155355
1752648774.4316726,11659438,2984816128,2984.816128,54,5,136,1,20250716_155355
1752648774.4416566,11659477,2984826112,2984.826112,58,5,130,1,20250716_155355
1752648774.4516406,11659516,2984836096,2984.836096,62,5,125,1,20250716_155355
1752648774.4616246,11659555,2984846080,2984.84608,67,5,119,1,20250716_155355
1752648774.4716086,11659594,2984856064,2984.856064,71,5,113,1,20250716_155355
1752648774.4818485,11659634,2984866304,2984.866304,75,5,108,1,20250716_155355
1752648774.4918325,11659673,2984876288,2984.876288,79,5,104,1,20250716_155355
1752648774.5018165,11659712,2984886272,2984.886272,84,5,99,1,20250716_155355
1752648774.5118003,11659751,2984896256,2984.896256,88,5,96,1,20250716_155355
1752648774.5217843,11659790,2984906240,2984.90624,91,5,98,1,20250716_155355
1752648774.5317686,11659829,2984916224,2984.916224,95,5,96,1,20250716_155355
1752648774.5417526,11659868,2984926208,2984.926208,98,5,96,1,20250716_155355
1752648774.5517366,11659907,2984936192,2984.936192,102,5,95,1,20250716_155355
1752648774.5617206,11659946,2984946176,2984.946176,105,5,95,1,20250716_155355
1752648774.5717046,11659985,2984956160,2984.95616,108,5,96,1,20250716_155355
1752648774.5816886,11660024,2984966144,2984.966144,110,5,94,1,20250716_155355
1752648774.591673,11660063,2984976128,2984.976128,113,5,96,1,20250716_155355
1752648774.601657,11660102,2984986112,2984.986112,116,5,97,1,20250716_155355
1752648774.6116405,11660141,2984996096,2984.996096,118,5,98,1,20250716_155355
1752648774.6218803,11660181,2985006336,2985.006336,121,5,99,1,20250716_155355
1752648774.6318643,11660220,2985016320,2985.01632,123,5,99,1,20250716_155355
1752648774.6418486,11660259,2985026304,2985.026304,126,5,100,1,20250716_155355
1752648774.6518326,11660298,2985036288,2985.036288,128,5,101,1,20250716_155355
1752648774.6618166,11660337,2985046272,2985.046272,130,5,102,1,20250716_155355
1752648774.6718006,11660376,2985056256,2985.056256,133,5,102,1,20250716_155355
1752648774.6817846,11660415,2985066240,2985.06624,135,5,103,1,20250716_155355
1752648774.6917686,11660454,2985076224,2985.076224,137,5,105,1,20250716_155355
1752648774.701753,11660493,2985086208,2985.086208,140,5,107,1,20250716_155355
1752648774.7117364,11660532,2985096192,2985.096192,142,5,107,1,20250716_155355
1752648774.7217205,11660571,2985106176,2985.106176,144,5,109,1,20250716_155355
1752648774.7317045,11660610,2985116160,2985.11616,147,5,110,1,20250716_155355
1752648774.7416885,11660649,2985126144,2985.126144,149,5,112,1,20250716_155355
1752648774.7516725,11660688,2985136128,2985.136128,152,5,114,1,20250716_155355
1752648774.7619126,11660728,2985146368,2985.146368,155,5,117,1,20250716_155355
1752648774.7718966,11660767,2985156352,2985.156352,158,5,121,1,20250716_155355
1752648774.7818806,11660806,2985166336,2985.166336,161,5,127,1,20250716_155355
1752648774.7918646,11660845,2985176320,2985.17632,165,5,134,1,20250716_155355
1752648774.8018486,11660884,2985186304,2985.186304,169,5,140,1,20250716_155355
1752648774.811833,11660923,2985196288,2985.196288,173,5,146,1,20250716_155355
1752648774.8218164,11660962,2985206272,2985.206272,177,5,151,1,20250716_155355
1752648774.8318005,11661001,2985216256,2985.216256,182,5,155,1,20250716_155355
1752648774.8417845,11661040,2985226240,2985.22624,187,5,161,1,20250716_155355
1752648774.8517685,11661079,2985236224,2985.236224,191,5,165,1,20250716_155355
1752648774.8617525,11661118,2985246208,2985.246208,196,5,170,1,20250716_155355
1752648774.8717363,11661157,2985256192,2985.256192,201,5,171,1,20250716_155355
1752648774.8817203,11661196,2985266176,2985.266176,205,5,172,1,20250716_155355
1752648774.8917046,11661235,2985276160,2985.27616,209,5,172,1,20250716_155355
1752648774.9019446,11661275,2985286400,2985.2864,213,5,174,1,20250716_155355
1752648774.911929,11661314,2985296384,2985.296384,217,5,174,1,20250716_155355
1752648774.921913,11661353,2985306368,2985.306368,221,5,173,1,20250716_155355
1752648774.9318964,11661392,2985316352,2985.316352,224,5,174,1,20250716_155355
1752648774.9418805,11661431,2985326336,2985.326336,228,5,174,1,20250716_155355
1752648774.9518645,11661470,2985336320,2985.33632,231,5,174,1,20250716_155355
1752648774.9618485,11661509,2985346304,2985.346304,234,5,174,1,20250716_155355
1752648774.9718325,11661548,2985356288,2985.356288,237,5,174,1,20250716_155355
1752648774.9818163,11661587,2985366272,2985.366272,240,5,174,1,20250716_155355
1752648774.9918003,11661626,2985376256,2985.376256,242,5,174,1,20250716_155355
1752648775.0017846,11661665,2985386240,2985.38624,245,5,175,1,20250716_155355
1752648775.0117686,11661704,2985396224,2985.396224,247,5,174,1,20250716_155355
1752648775.0217526,11661743,2985406208,2985.406208,250,5,175,1,20250716_155355
1752648775.0317366,11661782,2985416192,2985.416192,252,5,174,1,20250716_155355
1752648775.0417206,11661821,2985426176,2985.426176,254,5,174,1,20250716_155355
1752648775.0519605,11661861,2985436416,2985.436416,1,5,173,1,20250716_155355
1752648775.0619445,11661900,2985446400,2985.4464,3,5,172,1,20250716_155355
1752648775.0719285,11661939,2985456384,2985.456384,6,5,173,1,20250716_155355
1752648775.0819125,11661978,2985466368,2985.466368,8,5,172,1,20250716_155355
1752648775.0918963,11662017,2985476352,2985.476352,10,5,173,1,20250716_155355
1752648775.1018806,11662056,2985486336,2985.486336,12,5,172,1,20250716_155355
1752648775.1118646,11662095,2985496320,2985.49632,14,5,172,1,20250716_155355
1752648775.1218486,11662134,2985506304,2985.506304,16,5,172,1,20250716_155355
1752648775.1318326,11662173,2985516288,2985.516288,18,5,170,1,20250716_155355
1752648775.1418166,11662212,2985526272,2985.526272,20,5,170,1,20250716_155355
1752648775.1518006,11662251,2985536256,2985.536256,22,5,169,1,20250716_155355
1752648775.1617846,11662290,2985546240,2985.54624,24,5,169,1,20250716_155355
1752648775.171769,11662329,2985556224,2985.556224,26,5,168,1,20250716_155355
1752648775.1817524,11662368,2985566208,2985.566208,28,5,166,1,20250716_155355
1752648775.1917365,11662407,2985576192,2985.576192,30,5,164,1,20250716_155355
1752648775.2019763,11662447,2985586432,2985.586432,33,5,163,1,20250716_155355
1752648775.2119606,11662486,2985596416,2985.596416,35,5,161,1,20250716_155355
1752648775.2219446,11662525,2985606400,2985.6064,38,5,160,1,20250716_155355
1752648775.2319286,11662564,2985616384,2985.616384,41,5,151,1,20250716_155355
1752648775.2419126,11662603,2985626368,2985.626368,44,5,143,1,20250716_155355
1752648775.2518966,11662642,2985636352,2985.636352,48,5,134,1,20250716_155355
1752648775.2618806,11662681,2985646336,2985.646336,52,5,128,1,20250716_155355
1752648775.271865,11662720,2985656320,2985.65632,56,5,126,1,20250716_155355
1752648775.281849,11662759,2985666304,2985.666304,61,5,117,1,20250716_155355
1752648775.2918324,11662798,2985676288,2985.676288,65,5,112,1,20250716_155355
1752648775.3018165,11662837,2985686272,2985.686272,70,5,106,1,20250716_155355
1752648775.3118005,11662876,2985696256,2985.696256,74,5,104,1,20250716_155355
1752648775.3217845,11662915,2985706240,2985.70624,78,5,100,1,20250716_155355
1752648775.3317685,11662954,2985716224,2985.716224,83,5,96,1,20250716_155355
1752648775.3420086,11662994,2985726464,2985.726464,87,5,99,1,20250716_155355
1752648775.3519926,11663033,2985736448,2985.736448,91,5,97,1,20250716_155355
1752648775.3619766,11663072,2985746432,2985.746432,94,5,94,1,20250716_155355
1752648775.3719606,11663111,2985756416,2985.756416,98,5,93,1,20250716_155355
1752648775.381945,11663150,2985766400,2985.7664,101,5,96,1,20250716_155355
1752648775.391929,11663189,2985776384,2985.776384,104,5,95,1,20250716_155355
1752648775.4019125,11663228,2985786368,2985.786368,107,5,96,1,20250716_155355
1752648775.4118965,11663267,2985796352,2985.796352,110,5,96,1,20250716_155355
1752648775.4218805,11663306,2985806336,2985.806336,113,5,98,1,20250716_155355
1752648775.4318645,11663345,2985816320,2985.81632,115,5,97,1,20250716_155355
1752648775.4418485,11663384,2985826304,2985.826304,118,5,99,1,20250716_155355
1752648775.4518323,11663423,2985836288,2985.836288,120,5,99,1,20250716_155355
1752648775.4618163,11663462,2985846272,2985.846272,123,5,99,1,20250716_155355
1752648775.4718006,11663501,2985856256,2985.856256,125,5,100,1,20250716_155355
1752648775.4817846,11663540,2985866240,2985.86624,128,5,101,1,20250716_155355
1752648775.492025,11663580,2985876480,2985.87648,130,5,102,1,20250716_155355
1752648775.502009,11663619,2985886464,2985.886464,132,5,102,1,20250716_155355
1752648775.5119925,11663658,2985896448,2985.896448,134,5,104,1,20250716_155355
1752648775.5219765,11663697,2985906432,2985.906432,137,5,103,1,20250716_155355
1752648775.5319605,11663736,2985916416,2985.916416,139,5,105,1,20250716_155355
1752648775.5419445,11663775,2985926400,2985.9264,141,5,106,1,20250716_155355
1752648775.5519283,11663814,2985936384,2985.936384,144,5,107,1,20250716_155355
1752648775.5619123,11663853,2985946368,2985.946368,146,5,108,1,20250716_155355
1752648775.5718966,11663892,2985956352,2985.956352,149,5,110,1,20250716_155355
1752648775.5818806,11663931,2985966336,2985.966336,151,5,112,1,20250716_155355
1752648775.5918646,11663970,2985976320,2985.97632,154,5,114,1,20250716_155355
1752648775.6018486,11664009,2985986304,2985.986304,157,5,118,1,20250716_155355
1752648775.6118326,11664048,2985996288,2985.996288,160,5,121,1,20250716_155355
1752648775.6218166,11664087,2986006272,2986.006272,163,5,126,1,20250716_155355
1752648775.6320565,11664127,2986016512,2986.016512,167,5,130,1,20250716_155355
1752648775.6420405,11664166,2986026496,2986.026496,170,5,138,1,20250716_155355
1752648775.6520245,11664205,2986036480,2986.03648,174,5,143,1,20250716_155355
1752648775.6620083,11664244,2986046464,2986.046464,179,5,148,1,20250716_155355
1752648775.6719923,11664283,2986056448,2986.056448,183,5,153,1,20250716_155355
1752648775.6819766,11664322,2986066432,2986.066432,188,5,156,1,20250716_155355
1752648775.6919606,11664361,2986076416,2986.076416,192,5,163,1,20250716_155355
1752648775.7019446,11664400,2986086400,2986.0864,197,5,166,1,20250716_155355
1752648775.7119286,11664439,2986096384,2986.096384,201,5,171,1,20250716_155355
1752648775.7219126,11664478,2986106368,2986.106368,206,5,171,1,20250716_155355
1752648775.7318966,11664517,2986116352,2986.116352,210,5,172,1,20250716_155355
1752648775.741881,11664556,2986126336,2986.126336,214,5,173,1,20250716_155355
1752648775.751865,11664595,2986136320,2986.13632,218,5,173,1,20250716_155355
1752648775.7618484,11664634,2986146304,2986.146304,221,5,174,1,20250716_155355
1752648775.7718325,11664673,2986156288,2986.156288,225,5,174,1,20250716_155355
1752648775.7820723,11664713,2986166528,2986.166528,228,5,174,1,20250716_155355
1752648775.7920566,11664752,2986176512,2986.176512,231,5,174,1,20250716_155355
1752648775.8020406,11664791,2986186496,2986.186496,234,5,174,1,20250716_155355
1752648775.8120246,11664830,2986196480,2986.19648,237,5,175,1,20250716_155355
1752648775.8220086,11664869,2986206464,2986.206464,240,5,175,1,20250716_155355
1752648775.8319926,11664908,2986216448,2986.216448,243,5,175,1,20250716_155355
1752648775.8419766,11664947,2986226432,2986.226432,245,5,174,1,20250716_155355
1752648775.851961,11664986,2986236416,2986.236416,248,5,174,1,20250716_155355
1752648775.861945,11665025,2986246400,2986.2464,250,5,174,1,20250716_155355
1752648775.8719285,11665064,2986256384,2986.256384,252,5,174,1,20250716_155355
1752648775.8819125,11665103,2986266368,2986.266368,254,5,175,1,20250716_155355
1752648775.8918965,11665142,2986276352,2986.276352,2,5,174,1,20250716_155355
1752648775.9018805,11665181,2986286336,2986.286336,4,5,175,1,20250716_155355
1752648775.9118645,11665220,2986296320,2986.29632,6,5,174,1,20250716_155355
1752648775.9221046,11665260,2986306560,2986.30656,8,5,175,1,20250716_155355
1752648775.9320886,11665299,2986316544,2986.316544,10,5,174,1,20250716_155355
1752648775.9420726,11665338,2986326528,2986.326528,12,5,174,1,20250716_155355
1752648775.9520566,11665377,2986336512,2986.336512,14,5,173,1,20250716_155355
1752648775.962041,11665416,2986346496,2986.346496,15,5,174,1,20250716_155355
1752648775.9720244,11665455,2986356480,2986.35648,17,5,174,1,20250716_155355
1752648775.9820085,11665494,2986366464,2986.366464,19,5,173,1,20250716_155355
1752648775.9919925,11665533,2986376448,2986.376448,21,5,172,1,20250716_155355
1752648776.0019765,11665572,2986386432,2986.386432,23,5,172,1,20250716_155355
1752648776.0119605,11665611,2986396416,2986.396416,25,5,172,1,20250716_155355
1752648776.0219443,11665650,2986406400,2986.4064,27,5,171,1,20250716_155355
1752648776.0319283,11665689,2986416384,2986.416384,29,5,170,1,20250716_155355
1752648776.0419126,11665728,2986426368,2986.426368,31,5,170,1,20250716_155355
1752648776.0518966,11665767,2986436352,2986.436352,33,5,169,1,20250716_155355
1752648776.0618806,11665806,2986446336,2986.446336,35,5,168,1,20250716_155355
1752648776.072121,11665846,2986456576,2986.456576,37,5,167,1,20250716_155355
1752648776.0821044,11665885,2986466560,2986.46656,40,5,164,1,20250716_155355
1752648776.0920885,11665924,2986476544,2986.476544,42,5,163,1,20250716_155355
1752648776.1020725,11665963,2986486528,2986.486528,45,5,162,1,20250716_155355
1752648776.1120565,11666002,2986496512,2986.496512,48,5,159,1,20250716_155355
1752648776.1220405,11666041,2986506496,2986.506496,51,5,150,1,20250716_155355
1752648776.1320243,11666080,2986516480,2986.51648,54,5,142,1,20250716_155355
1752648776.1420083,11666119,2986526464,2986.526464,58,5,136,1,20250716_155355
1752648776.1519926,11666158,2986536448,2986.536448,62,5,130,1,20250716_155355
1752648776.1619766,11666197,2986546432,2986.546432,66,5,121,1,20250716_155355
1752648776.1719606,11666236,2986556416,2986.556416,70,5,117,1,20250716_155355
1752648776.1819446,11666275,2986566400,2986.5664,74,5,113,1,20250716_155355
1752648776.1919286,11666314,2986576384,2986.576384,79,5,108,1,20250716_155355
1752648776.2019126,11666353,2986586368,2986.586368,83,5,103,1,20250716_155355
1752648776.2121525,11666393,2986596608,2986.596608,87,5,100,1,20250716_155355
1752648776.2221365,11666432,2986606592,2986.606592,91,5,96,1,20250716_155355
1752648776.2321205,11666471,2986616576,2986.616576,94,5,99,1,20250716_155355
1752648776.2421043,11666510,2986626560,2986.62656,98,5,95,1,20250716_155355
1752648776.2520883,11666549,2986636544,2986.636544,101,5,94,1,20250716_155355
1752648776.2620726,11666588,2986646528,2986.646528,104,5,94,1,20250716_155355
1752648776.2720566,11666627,2986656512,2986.656512,107,5,95,1,20250716_155355
1752648776.2820406,11666666,2986666496,2986.666496,110,5,94,1,20250716_155355
1752648776.2920246,11666705,2986676480,2986.67648,113,5,97,1,20250716_155355
1752648776.3020086,11666744,2986686464,2986.686464,115,5,98,1,20250716_155355
1752648776.3119926,11666783,2986696448,2986.696448,118,5,98,1,20250716_155355
1752648776.321977,11666822,2986706432,2986.706432,120,5,98,1,20250716_155355
1752648776.3319604,11666861,2986716416,2986.716416,123,5,99,1,20250716_155355
1752648776.3419445,11666900,2986726400,2986.7264,125,5,100,1,20250716_155355
1752648776.3519285,11666939,2986736384,2986.736384,127,5,100,1,20250716_155355
1752648776.3621686,11666979,2986746624,2986.746624,130,5,102,1,20250716_155355
1752648776.3721526,11667018,2986756608,2986.756608,132,5,102,1,20250716_155355
1752648776.3821366,11667057,2986766592,2986.766592,134,5,103,1,20250716_155355
1752648776.3921206,11667096,2986776576,2986.776576,137,5,104,1,20250716_155355
1752648776.4021046,11667135,2986786560,2986.78656,139,5,105,1,20250716_155355
1752648776.4120886,11667174,2986796544,2986.796544,141,5,106,1,20250716_155355
1752648776.4220726,11667213,2986806528,2986.806528,144,5,107,1,20250716_155355
1752648776.432057,11667252,2986816512,2986.816512,146,5,110,1,20250716_155355
1752648776.4420404,11667291,2986826496,2986.826496,149,5,111,1,20250716_155355
1752648776.4520245,11667330,2986836480,2986.83648,151,5,114,1,20250716_155355
1752648776.4620085,11667369,2986846464,2986.846464,154,5,115,1,20250716_155355
1752648776.4719925,11667408,2986856448,2986.856448,157,5,120,1,20250716_155355
1752648776.4819765,11667447,2986866432,2986.866432,160,5,125,1,20250716_155355
1752648776.4919603,11667486,2986876416,2986.876416,163,5,130,1,20250716_155355
1752648776.5022006,11667526,2986886656,2986.886656,167,5,139,1,20250716_155355
1752648776.5121846,11667565,2986896640,2986.89664,171,5,144,1,20250716_155355
1752648776.5221686,11667604,2986906624,2986.906624,176,5,149,1,20250716_155355
1752648776.532153,11667643,2986916608,2986.916608,180,5,154,1,20250716_155355
1752648776.542137,11667682,2986926592,2986.926592,185,5,159,1,20250716_155355
1752648776.5521204,11667721,2986936576,2986.936576,190,5,163,1,20250716_155355
1752648776.5621045,11667760,2986946560,2986.94656,194,5,169,1,20250716_155355
1752648776.5720885,11667799,2986956544,2986.956544,199,5,171,1,20250716_155355
1752648776.5820725,11667838,2986966528,2986.966528,203,5,172,1,20250716_155355
1752648776.5920565,11667877,2986976512,2986.976512,208,5,172,1,20250716_155355
1752648776.6020403,11667916,2986986496,2986.986496,212,5,173,1,20250716_155355
1752648776.6120243,11667955,2986996480,2986.99648,216,5,173,1,20250716_155355
1752648776.6220086,11667994,2987006464,2987.006464,220,5,174,1,20250716_155355
1752648776.6319926,11668033,2987016448,2987.016448,223,5,173,1,20250716_155355
1752648776.6419766,11668072,2987026432,2987.026432,226,5,174,1,20250716_155355
1752648776.652217,11668112,2987036672,2987.036672,230,5,174,1,20250716_155355
1752648776.6622005,11668151,2987046656,2987.046656,233,5,174,1,20250716_155355
1752648776.6721845,11668190,2987056640,2987.05664,236,5,175,1,20250716_155355
1752648776.6821685,11668229,2987066624,2987.066624,239,5,174,1,20250716_155355
1752648776.6921525,11668268,2987076608,2987.076608,241,5,173,1,20250716_155355
1752648776.7021365,11668307,2987086592,2987.086592,244,5,175,1,20250716_155355
1752648776.7121203,11668346,2987096576,2987.096576,246,5,174,1,20250716_155355
1752648776.7221043,11668385,2987106560,2987.10656,249,5,174,1,20250716_155355
1752648776.7320886,11668424,2987116544,2987.116544,251,5,173,1,20250716_155355
1752648776.7420726,11668463,2987126528,2987.126528,253,5,176,1,20250716_155355
1752648776.7520566,11668502,2987136512,2987.136512,0,5,174,1,20250716_155355
1752648776.7620406,11668541,2987146496,2987.146496,3,5,174,1,20250716_155355
1752648776.7720246,11668580,2987156480,2987.15648,5,5,174,1,20250716_155355
1752648776.7820086,11668619,2987166464,2987.166464,7,5,173,1,20250716_155355
1752648776.7922485,11668659,2987176704,2987.176704,9,5,172,1,20250716_155355
1752648776.8022325,11668698,2987186688,2987.186688,11,5,172,1,20250716_155355
1752648776.8122163,11668737,2987196672,2987.196672,13,5,172,1,20250716_155355
1752648776.8222003,11668776,2987206656,2987.206656,15,5,172,1,20250716_155355
1752648776.8321846,11668815,2987216640,2987.21664,17,5,170,1,20250716_155355
1752648776.8421686,11668854,2987226624,2987.226624,19,5,169,1,20250716_155355
1752648776.8521526,11668893,2987236608,2987.236608,21,5,168,1,20250716_155355
1752648776.8621366,11668932,2987246592,2987.246592,23,5,168,1,20250716_155355
1752648776.8721206,11668971,2987256576,2987.256576,25,5,167,1,20250716_155355
1752648776.8821046,11669010,2987266560,2987.26656,28,5,165,1,20250716_155355
1752648776.892089,11669049,2987276544,2987.276544,30,5,164,1,20250716_155355
1752648776.902073,11669088,2987286528,2987.286528,32,5,162,1,20250716_155355
1752648776.9123125,11669128,2987296768,2987.296768,35,5,162,1,20250716_155355
1752648776.9222963,11669167,2987306752,2987.306752,38,5,158,1,20250716_155355
1752648776.9322803,11669206,2987316736,2987.316736,40,5,151,1,20250716_155355
1752648776.9422646,11669245,2987326720,2987.32672,44,5,142,1,20250716_155355
1752648776.9522486,11669284,2987336704,2987.336704,48,5,136,1,20250716_155355
1752648776.9622326,11669323,2987346688,2987.346688,52,5,130,1,20250716_155355
1752648776.9722166,11669362,2987356672,2987.356672,56,5,127,1,20250716_155355
1752648776.9822006,11669401,2987366656,2987.366656,60,5,119,1,20250716_155355
1752648776.9921846,11669440,2987376640,2987.37664,65,5,115,1,20250716_155355
1752648777.002169,11669479,2987386624,2987.386624,69,5,110,1,20250716_155355
1752648777.012153,11669518,2987396608,2987.396608,73,5,105,1,20250716_155355
1752648777.0221364,11669557,2987406592,2987.406592,78,5,101,1,20250716_155355
1752648777.0321205,11669596,2987416576,2987.416576,82,5,98,1,20250716_155355
1752648777.0421045,11669635,2987426560,2987.42656,86,5,98,1,20250716_155355
1752648777.0520885,11669674,2987436544,2987.436544,90,5,98,1,20250716_155355
1752648777.0623286,11669714,2987446784,2987.446784,94,5,96,1,20250716_155355
1752648777.0723126,11669753,2987456768,2987.456768,97,4,94,1,20250716_155355
1752648777.0822966,11669792,2987466752,2987.466752,100,5,94,1,20250716_155355
1752648777.0922806,11669831,2987476736,2987.476736,104,5,95,1,20250716_155355
1752648777.1022646,11669870,2987486720,2987.48672,107,5,95,1,20250716_155355
1752648777.112249,11669909,2987496704,2987.496704,109,5,96,1,20250716_155355
1752648777.122233,11669948,2987506688,2987.506688,112,5,97,1,20250716_155355
1752648777.1322165,11669987,2987516672,2987.516672,115,5,97,1,20250716_155355
1752648777.1422005,11670026,2987526656,2987.526656,117,5,97,1,20250716_155355
1752648777.1521845,11670065,2987536640,2987.53664,120,5,99,1,20250716_155355
1752648777.1621685,11670104,2987546624,2987.546624,122,5,100,1,20250716_155355
1752648777.1721523,11670143,2987556608,2987.556608,125,5,100,1,20250716_155355
1752648777.1821363,11670182,2987566592,2987.566592,127,5,101,1,20250716_155355
1752648777.1921206,11670221,2987576576,2987.576576,129,5,103,1,20250716_155355
1752648777.2023606,11670261,2987586816,2987.586816,132,5,103,1,20250716_155355
1752648777.2123446,11670300,2987596800,2987.5968,134,5,105,1,20250716_155355
1752648777.222329,11670339,2987606784,2987.606784,137,5,105,1,20250716_155355
1752648777.2323124,11670378,2987616768,2987.616768,139,5,107,1,20250716_155355
1752648777.2422965,11670417,2987626752,2987.626752,141,5,109,1,20250716_155355
1752648777.2522805,11670456,2987636736,2987.636736,144,5,111,1,20250716_155355
1752648777.2622645,11670495,2987646720,2987.64672,147,5,112,1,20250716_155355
1752648777.2722485,11670534,2987656704,2987.656704,149,5,115,1,20250716_155355
1752648777.2822323,11670573,2987666688,2987.666688,152,5,118,1,20250716_155355
1752648777.2922163,11670612,2987676672,2987.676672,155,5,120,1,20250716_155355
1752648777.3022006,11670651,2987686656,2987.686656,158,5,123,1,20250716_155355
1752648777.3121846,11670690,2987696640,2987.69664,162,5,128,1,20250716_155355
1752648777.3221686,11670729,2987706624,2987.706624,165,5,136,1,20250716_155355
1752648777.3321526,11670768,2987716608,2987.716608,169,5,142,1,20250716_155355
1752648777.3423924,11670808,2987726848,2987.726848,174,5,147,1,20250716_155355
1752648777.3523765,11670847,2987736832,2987.736832,178,5,152,1,20250716_155355
1752648777.3623605,11670886,2987746816,2987.746816,183,5,157,1,20250716_155355
1752648777.3723445,11670925,2987756800,2987.7568,187,5,160,1,20250716_155355
1752648777.3823285,11670964,2987766784,2987.766784,192,5,165,1,20250716_155355
1752648777.3923123,11671003,2987776768,2987.776768,197,5,170,1,20250716_155355
1752648777.4022963,11671042,2987786752,2987.786752,201,5,171,1,20250716_155355
1752648777.4122806,11671081,2987796736,2987.796736,206,5,171,1,20250716_155355
1752648777.4222646,11671120,2987806720,2987.80672,210,5,172,1,20250716_155355
1752648777.4322486,11671159,2987816704,2987.816704,214,5,172,1,20250716_155355
1752648777.4422326,11671198,2987826688,2987.826688,218,5,173,1,20250716_155355
1752648777.4522166,11671237,2987836672,2987.836672,221,5,174,1,20250716_155355
1752648777.4622006,11671276,2987846656,2987.846656,225,5,174,1,20250716_155355
1752648777.472185,11671315,2987856640,2987.85664,228,5,174,1,20250716_155355
1752648777.482169,11671354,2987866624,2987.866624,231,5,174,1,20250716_155355
1752648777.4924085,11671394,2987876864,2987.876864,234,5,174,1,20250716_155355
1752648777.5023923,11671433,2987886848,2987.886848,237,5,174,1,20250716_155355
1752648777.5123763,11671472,2987896832,2987.896832,240,5,175,1,20250716_155355
1752648777.5223606,11671511,2987906816,2987.906816,242,5,175,1,20250716_155355
1752648777.5323446,11671550,2987916800,2987.9168,245,5,174,1,20250716_155355
1752648777.5423286,11671589,2987926784,2987.926784,247,5,175,1,20250716_155355
1752648777.5523126,11671628,2987936768,2987.936768,250,5,174,1,20250716_155355
1752648777.5622966,11671667,2987946752,2987.946752,252,5,174,1,20250716_155355
1752648777.5722806,11671706,2987956736,2987.956736,254,5,175,1,20250716_155355
1752648777.582265,11671745,2987966720,2987.96672,1,5,175,1,20250716_155355
1752648777.5922484,11671784,2987976704,2987.976704,4,5,174,1,20250716_155355
1752648777.6022325,11671823,2987986688,2987.986688,6,5,174,1,20250716_155355
1752648777.6122165,11671862,2987996672,2987.996672,8,5,174,1,20250716_155355
1752648777.6222005,11671901,2988006656,2988.006656,10,5,174,1,20250716_155355
1752648777.6321845,11671940,2988016640,2988.01664,12,5,174,1,20250716_155355
1752648777.6424246,11671980,2988026880,2988.02688,13,5,172,1,20250716_155355
1752648777.6524086,11672019,2988036864,2988.036864,15,5,173,1,20250716_155355
1752648777.6623926,11672058,2988046848,2988.046848,17,5,172,1,20250716_155355
1752648777.6723766,11672097,2988056832,2988.056832,19,5,171,1,20250716_155355
1752648777.6823606,11672136,2988066816,2988.066816,21,5,172,1,20250716_155355
1752648777.692345,11672175,2988076800,2988.0768,23,5,171,1,20250716_155355
1752648777.7023284,11672214,2988086784,2988.086784,25,5,170,1,20250716_155355
1752648777.7123125,11672253,2988096768,2988.096768,27,5,169,1,20250716_155355
1752648777.7222965,11672292,2988106752,2988.106752,29,5,168,1,20250716_155355
1752648777.7322805,11672331,2988116736,2988.116736,32,5,166,1,20250716_155355
1752648777.7422645,11672370,2988126720,2988.12672,34,5,165,1,20250716_155355
1752648777.7522483,11672409,2988136704,2988.136704,36,5,164,1,20250716_155355
1752648777.7622323,11672448,2988146688,2988.146688,39,5,162,1,20250716_155355
1752648777.7722166,11672487,2988156672,2988.156672,41,5,162,1,20250716_155355
1752648777.7824566,11672527,2988166912,2988.166912,44,5,155,1,20250716_155355
1752648777.792441,11672566,2988176896,2988.176896,47,5,147,1,20250716_155355
1752648777.802425,11672605,2988186880,2988.18688,51,5,139,1,20250716_155355
1752648777.8124084,11672644,2988196864,2988.196864,55,5,132,1,20250716_155355
1752648777.8223925,11672683,2988206848,2988.206848,59,5,127,1,20250716_155355
1752648777.8323765,11672722,2988216832,2988.216832,63,5,123,1,20250716_155355
1752648777.8423605,11672761,2988226816,2988.226816,67,5,117,1,20250716_155355
1752648777.8523445,11672800,2988236800,2988.2368,72,5,112,1,20250716_155355
1752648777.8623283,11672839,2988246784,2988.246784,76,5,107,1,20250716_155355
1752648777.8723123,11672878,2988256768,2988.256768,80,5,103,1,20250716_155355
1752648777.8822966,11672917,2988266752,2988.266752,84,5,100,1,20250716_155355
1752648777.8922806,11672956,2988276736,2988.276736,88,5,97,1,20250716_155355
1752648777.9022646,11672995,2988286720,2988.28672,92,5,98,1,20250716_155355
1752648777.9122486,11673034,2988296704,2988.296704,96,5,97,1,20250716_155355
1752648777.9224885,11673074,2988306944,2988.306944,99,5,94,1,20250716_155355
1752648777.9324725,11673113,2988316928,2988.316928,102,5,94,1,20250716_155355
1752648777.9424565,11673152,2988326912,2988.326912,105,5,95,1,20250716_155355
1752648777.9524405,11673191,2988336896,2988.336896,108,5,94,1,20250716_155355
1752648777.9624245,11673230,2988346880,2988.34688,111,5,96,1,20250716_155355
1752648777.9724083,11673269,2988356864,2988.356864,114,5,96,1,20250716_155355
1752648777.9823923,11673308,2988366848,2988.366848,116,5,98,1,20250716_155355
1752648777.9923766,11673347,2988376832,2988.376832,119,5,98,1,20250716_155355
1752648778.0023606,11673386,2988386816,2988.386816,121,5,97,1,20250716_155355
1752648778.0123446,11673425,2988396800,2988.3968,124,5,99,1,20250716_155355
1752648778.0223286,11673464,2988406784,2988.406784,126,5,99,1,20250716_155355
1752648778.0323126,11673503,2988416768,2988.416768,128,5,100,1,20250716_155355
1752648778.0422966,11673542,2988426752,2988.426752,131,5,102,1,20250716_155355
1752648778.052281,11673581,2988436736,2988.436736,133,5,102,1,20250716_155355
1752648778.0622644,11673620,2988446720,2988.44672,135,5,103,1,20250716_155355
1752648778.0725043,11673660,2988456960,2988.45696,137,5,105,1,20250716_155355
1752648778.0824883,11673699,2988466944,2988.466944,140,5,106,1,20250716_155355
1752648778.0924726,11673738,2988476928,2988.476928,142,5,107,1,20250716_155355
1752648778.1024566,11673777,2988486912,2988.486912,145,5,110,1,20250716_155355
1752648778.1124406,11673816,2988496896,2988.496896,147,5,111,1,20250716_155355
1752648778.1224246,11673855,2988506880,2988.50688,150,5,114,1,20250716_155355
1752648778.1324086,11673894,2988516864,2988.516864,153,5,115,1,20250716_155355
1752648778.1423926,11673933,2988526848,2988.526848,156,5,118,1,20250716_155355
1752648778.152377,11673972,2988536832,2988.536832,159,5,124,1,20250716_155355
1752648778.162361,11674011,2988546816,2988.546816,162,5,127,1,20250716_155355
1752648778.1723444,11674050,2988556800,2988.5568,166,5,136,1,20250716_155355
1752648778.1823285,11674089,2988566784,2988.566784,170,5,141,1,20250716_155355
1752648778.1923125,11674128,2988576768,2988.576768,174,5,145,1,20250716_155355
1752648778.2022965,11674167,2988586752,2988.586752,178,5,150,1,20250716_155355
1752648778.2125366,11674207,2988596992,2988.596992,183,5,155,1,20250716_155355
1752648778.2225206,11674246,2988606976,2988.606976,187,5,160,1,20250716_155355
1752648778.2325046,11674285,2988616960,2988.61696,192,5,164,1,20250716_155355
1752648778.2424886,11674324,2988626944,2988.626944,197,5,169,1,20250716_155355
1752648778.2524726,11674363,2988636928,2988.636928,201,5,170,1,20250716_155355
1752648778.262457,11674402,2988646912,2988.646912,206,5,171,1,20250716_155355
1752648778.272441,11674441,2988656896,2988.656896,210,5,172,1,20250716_155355
1752648778.2824244,11674480,2988666880,2988.66688,214,5,174,1,20250716_155355
1752648778.2924085,11674519,2988676864,2988.676864,218,5,173,1,20250716_155355
1752648778.3023925,11674558,2988686848,2988.686848,221,5,173,1,20250716_155355
1752648778.3123765,11674597,2988696832,2988.696832,225,5,174,1,20250716_155355
1752648778.3223605,11674636,2988706816,2988.706816,228,5,172,1,20250716_155355
1752648778.3323443,11674675,2988716800,2988.7168,231,5,174,1,20250716_155355
1752648778.3423283,11674714,2988726784,2988.726784,234,5,174,1,20250716_155355
1752648778.3523126,11674753,2988736768,2988.736768,237,5,175,1,20250716_155355
1752648778.3625526,11674793,2988747008,2988.747008,240,5,175,1,20250716_155355
1752648778.372537,11674832,2988756992,2988.756992,242,5,174,1,20250716_155355
1752648778.382521,11674871,2988766976,2988.766976,245,5,174,1,20250716_155355
1752648778.3925045,11674910,2988776960,2988.77696,247,5,174,1,20250716_155355
1752648778.4024885,11674949,2988786944,2988.786944,250,5,173,1,20250716_155355
1752648778.4124725,11674988,2988796928,2988.796928,252,5,173,1,20250716_155355
1752648778.4224565,11675027,2988806912,2988.806912,254,5,174,1,20250716_155355
1752648778.4324403,11675066,2988816896,2988.816896,2,5,173,1,20250716_155355
1752648778.4424243,11675105,2988826880,2988.82688,4,5,173,1,20250716_155355
1752648778.4524086,11675144,2988836864,2988.836864,6,5,173,1,20250716_155355
1752648778.4623926,11675183,2988846848,2988.846848,8,5,172,1,20250716_155355
1752648778.4723766,11675222,2988856832,2988.856832,10,5,171,1,20250716_155355
1752648778.4823606,11675261,2988866816,2988.866816,12,5,171,1,20250716_155355
1752648778.4923446,11675300,2988876800,2988.8768,14,5,169,1,20250716_155355
1752648778.5023286,11675339,2988886784,2988.886784,16,5,170,1,20250716_155355
1752648778.5125685,11675379,2988897024,2988.897024,18,5,169,1,20250716_155355
1752648778.5225525,11675418,2988907008,2988.907008,20,5,168,1,20250716_155355
1752648778.5325365,11675457,2988916992,2988.916992,23,5,167,1,20250716_155355
1752648778.5425203,11675496,2988926976,2988.926976,25,5,166,1,20250716_155355
1752648778.5525043,11675535,2988936960,2988.93696,27,5,165,1,20250716_155355
1752648778.5624886,11675574,2988946944,2988.946944,29,5,162,1,20250716_155355
1752648778.5724726,11675613,2988956928,2988.956928,32,5,161,1,20250716_155355
1752648778.5824566,11675652,2988966912,2988.966912,34,5,160,1,20250716_155355
1752648778.5924406,11675691,2988976896,2988.976896,37,5,159,1,20250716_155355
1752648778.6024246,11675730,2988986880,2988.98688,40,5,150,1,20250716_155355
1752648778.6124086,11675769,2988996864,2988.996864,43,5,142,1,20250716_155355
1752648778.622393,11675808,2989006848,2989.006848,47,5,137,1,20250716_155355
1752648778.632377,11675847,2989016832,2989.016832,51,5,130,1,20250716_155355
1752648778.6423604,11675886,2989026816,2989.026816,55,5,127,1,20250716_155355
1752648778.6526003,11675926,2989037056,2989.037056,59,5,121,1,20250716_155355
1752648778.6625843,11675965,2989047040,2989.04704,64,5,114,1,20250716_155355
1752648778.6725686,11676004,2989057024,2989.057024,68,5,110,1,20250716_155355
1752648778.6825526,11676043,2989067008,2989.067008,73,5,106,1,20250716_155355
1752648778.6925366,11676082,2989076992,2989.076992,77,5,101,1,20250716_155355
1752648778.7025206,11676121,2989086976,2989.086976,82,5,97,1,20250716_155355
1752648778.7125046,11676160,2989096960,2989.09696,86,5,95,1,20250716_155355
1752648778.7224886,11676199,2989106944,2989.106944,89,5,97,1,20250716_155355
1752648778.732473,11676238,2989116928,2989.116928,93,5,96,1,20250716_155355
1752648778.742457,11676277,2989126912,2989.126912,97,5,94,1,20250716_155355
1752648778.7524405,11676316,2989136896,2989.136896,100,5,95,1,20250716_155355
1752648778.7624245,11676355,2989146880,2989.14688,103,5,96,1,20250716_155355
1752648778.7724085,11676394,2989156864,2989.156864,106,5,96,1,20250716_155355
1752648778.7823925,11676433,2989166848,2989.166848,109,5,96,1,20250716_155355
1752648778.7926326,11676473,2989177088,2989.177088,112,5,96,1,20250716_155355
1752648778.8026166,11676512,2989187072,2989.187072,115,5,97,1,20250716_155355
1752648778.8126006,11676551,2989197056,2989.197056,117,5,98,1,20250716_155355
1752648778.8225846,11676590,2989207040,2989.20704,120,5,100,1,20250716_155355
1752648778.8325686,11676629,2989217024,2989.217024,122,5,100,1,20250716_155355
1752648778.842553,11676668,2989227008,2989.227008,125,5,100,1,20250716_155355
1752648778.8525364,11676707,2989236992,2989.236992,127,5,101,1,20250716_155355
1752648778.8625205,11676746,2989246976,2989.246976,129,5,102,1,20250716_155355
1752648778.8725045,11676785,2989256960,2989.25696,132,5,103,1,20250716_155355
1752648778.8824885,11676824,2989266944,2989.266944,134,5,104,1,20250716_155355
1752648778.8924725,11676863,2989276928,2989.276928,136,5,105,1,20250716_155355
1752648778.9024563,11676902,2989286912,2989.286912,139,5,106,1,20250716_155355
1752648778.9124403,11676941,2989296896,2989.296896,141,5,109,1,20250716_155355
1752648778.9224246,11676980,2989306880,2989.30688,144,5,109,1,20250716_155355
1752648778.9324086,11677019,2989316864,2989.316864,146,5,111,1,20250716_155355
1752648778.9426486,11677059,2989327104,2989.327104,149,5,114,1,20250716_155355
1752648778.952633,11677098,2989337088,2989.337088,152,5,116,1,20250716_155355
1752648778.9626164,11677137,2989347072,2989.347072,155,5,118,1,20250716_155355
1752648778.9726005,11677176,2989357056,2989.357056,158,5,123,1,20250716_155355
1752648778.9825845,11677215,2989367040,2989.36704,161,5,126,1,20250716_155355
1752648778.9925685,11677254,2989377024,2989.377024,164,5,132,1,20250716_155355
1752648779.0025525,11677293,2989387008,2989.387008,168,5,138,1,20250716_155355
1752648779.0125363,11677332,2989396992,2989.396992,172,5,144,1,20250716_155355
1752648779.0225203,11677371,2989406976,2989.406976,177,5,146,1,20250716_155355
1752648779.0325046,11677410,2989416960,2989.41696,181,5,154,1,20250716_155355
1752648779.0424886,11677449,2989426944,2989.426944,186,5,158,1,20250716_155355
1752648779.0524726,11677488,2989436928,2989.436928,190,5,162,1,20250716_155355
1752648779.0624566,11677527,2989446912,2989.446912,195,5,167,1,20250716_155355
1752648779.0724406,11677566,2989456896,2989.456896,200,5,170,1,20250716_155355
1752648779.0824246,11677605,2989466880,2989.46688,204,5,171,1,20250716_155355
1752648779.0926645,11677645,2989477120,2989.47712,208,5,172,1,20250716_155355
1752648779.1026485,11677684,2989487104,2989.487104,212,5,172,1,20250716_155355
1752648779.1126325,11677723,2989497088,2989.497088,216,5,173,1,20250716_155355
1752648779.1226163,11677762,2989507072,2989.507072,220,5,173,1,20250716_155355
1752648779.1326003,11677801,2989517056,2989.517056,224,5,174,1,20250716_155355
1752648779.1425846,11677840,2989527040,2989.52704,227,5,175,1,20250716_155355
1752648779.1525686,11677879,2989537024,2989.537024,230,5,174,1,20250716_155355
1752648779.1625526,11677918,2989547008,2989.547008,233,5,174,1,20250716_155355
1752648779.1725366,11677957,2989556992,2989.556992,236,5,173,1,20250716_155355
1752648779.1825206,11677996,2989566976,2989.566976,239,5,177,1,20250716_155355
1752648779.1925046,11678035,2989576960,2989.57696,242,5,175,1,20250716_155355
1752648779.202489,11678074,2989586944,2989.586944,244,5,175,1,20250716_155355
1752648779.2124724,11678113,2989596928,2989.596928,247,5,174,1,20250716_155355
1752648779.2224565,11678152,2989606912,2989.606912,249,5,175,1,20250716_155355
1752648779.2326963,11678192,2989617152,2989.617152,251,5,174,1,20250716_155355
1752648779.2426803,11678231,2989627136,2989.627136,254,5,174,1,20250716_155355
1752648779.2526646,11678270,2989637120,2989.63712,1,5,174,1,20250716_155355
1752648779.2626486,11678309,2989647104,2989.647104,3,5,174,1,20250716_155355
1752648779.2726326,11678348,2989657088,2989.657088,5,5,174,1,20250716_155355
1752648779.2826166,11678387,2989667072,2989.667072,7,5,174,1,20250716_155355
1752648779.2926006,11678426,2989677056,2989.677056,9,5,172,1,20250716_155355
1752648779.3025846,11678465,2989687040,2989.68704,11,5,172,1,20250716_155355
1752648779.312569,11678504,2989697024,2989.697024,13,5,172,1,20250716_155355
1752648779.3225524,11678543,2989707008,2989.707008,15,5,172,1,20250716_155355
1752648779.3325365,11678582,2989716992,2989.716992,17,5,171,1,20250716_155355
1752648779.3425205,11678621,2989726976,2989.726976,19,5,170,1,20250716_155355
1752648779.3525045,11678660,2989736960,2989.73696,21,5,170,1,20250716_155355
1752648779.3624885,11678699,2989746944,2989.746944,23,5,170,1,20250716_155355
1752648779.3724723,11678738,2989756928,2989.756928,25,5,169,1,20250716_155355
1752648779.3827126,11678778,2989767168,2989.767168,27,5,168,1,20250716_155355
1752648779.3926966,11678817,2989777152,2989.777152,29,5,167,1,20250716_155355
1752648779.4026806,11678856,2989787136,2989.787136,32,5,165,1,20250716_155355
1752648779.412665,11678895,2989797120,2989.79712,34,5,164,1,20250716_155355
1752648779.422649,11678934,2989807104,2989.807104,36,5,164,1,20250716_155355
1752648779.4326324,11678973,2989817088,2989.817088,39,5,163,1,20250716_155355
1752648779.4426165,11679012,2989827072,2989.827072,41,5,160,1,20250716_155355
1752648779.4526005,11679051,2989837056,2989.837056,44,5,156,1,20250716_155355
1752648779.4625845,11679090,2989847040,2989.84704,47,5,149,1,20250716_155355
1752648779.4725685,11679129,2989857024,2989.857024,51,5,142,1,20250716_155355
1752648779.4825523,11679168,2989867008,2989.867008,55,5,134,1,20250716_155355
1752648779.4925363,11679207,2989876992,2989.876992,59,5,127,1,20250716_155355
1752648779.5025206,11679246,2989886976,2989.886976,63,4,124,1,20250716_155355
1752648779.5125046,11679285,2989896960,2989.89696,67,5,117,1,20250716_155355
1752648779.522745,11679325,2989907200,2989.9072,71,5,111,1,20250716_155355
1752648779.532729,11679364,2989917184,2989.917184,76,5,106,1,20250716_155355
1752648779.5427125,11679403,2989927168,2989.927168,80,5,102,1,20250716_155355
1752648779.5526965,11679442,2989937152,2989.937152,84,5,98,1,20250716_155355
1752648779.5626805,11679481,2989947136,2989.947136,88,5,96,1,20250716_155355
1752648779.5726645,11679520,2989957120,2989.95712,92,5,97,1,20250716_155355
1752648779.5826485,11679559,2989967104,2989.967104,95,5,95,1,20250716_155355
1752648779.5926323,11679598,2989977088,2989.977088,99,5,94,1,20250716_155355
1752648779.6026163,11679637,2989987072,2989.987072,102,5,94,1,20250716_155355
1752648779.6126006,11679676,2989997056,2989.997056,105,5,96,1,20250716_155355
1752648779.6225846,11679715,2990007040,2990.00704,108,5,96,1,20250716_155355
1752648779.6325686,11679754,2990017024,2990.017024,111,5,96,1,20250716_155355
1752648779.6425526,11679793,2990027008,2990.027008,114,5,98,1,20250716_155355
1752648779.6525366,11679832,2990036992,2990.036992,116,5,97,1,20250716_155355
1752648779.6625206,11679871,2990046976,2990.046976,119,5,98,1,20250716_155355
1752648779.6727605,11679911,2990057216,2990.057216,121,5,98,1,20250716_155355
1752648779.6827445,11679950,2990067200,2990.0672,123,5,99,1,20250716_155355
1752648779.6927283,11679989,2990077184,2990.077184,126,5,99,1,20250716_155355
1752648779.7027123,11680028,2990087168,2990.087168,128,5,101,1,20250716_155355
1752648779.7126966,11680067,2990097152,2990.097152,131,5,102,1,20250716_155355
1752648779.7226806,11680106,2990107136,2990.107136,133,5,104,1,20250716_155355
1752648779.7326646,11680145,2990117120,2990.11712,135,5,105,1,20250716_155355
1752648779.7426486,11680184,2990127104,2990.127104,138,5,107,1,20250716_155355
1752648779.7526326,11680223,2990137088,2990.137088,140,5,109,1,20250716_155355
1752648779.7626166,11680262,2990147072,2990.147072,143,5,111,1,20250716_155355
1752648779.772601,11680301,2990157056,2990.157056,145,5,114,1,20250716_155355
1752648779.782585,11680340,2990167040,2990.16704,148,5,117,1,20250716_155355
1752648779.7925684,11680379,2990177024,2990.177024,151,5,120,1,20250716_155355
1752648779.8025525,11680418,2990187008,2990.187008,154,5,124,1,20250716_155355
1752648779.8127923,11680458,2990197248,2990.197248,158,5,127,1,20250716_155355
1752648779.8227766,11680497,2990207232,2990.207232,161,5,132,1,20250716_155355
1752648779.8327606,11680536,2990217216,2990.217216,165,5,140,1,20250716_155355
1752648779.8427446,11680575,2990227200,2990.2272,169,5,144,1,20250716_155355
1752648779.8527286,11680614,2990237184,2990.237184,174,5,148,1,20250716_155355
1752648779.8627126,11680653,2990247168,2990.247168,178,5,153,1,20250716_155355
1752648779.8726966,11680692,2990257152,2990.257152,183,5,158,1,20250716_155355
1752648779.882681,11680731,2990267136,2990.267136,187,5,162,1,20250716_155355
1752648779.892665,11680770,2990277120,2990.27712,192,5,166,1,20250716_155355
1752648779.9026484,11680809,2990287104,2990.287104,197,5,171,1,20250716_155355
1752648779.9126325,11680848,2990297088,2990.297088,201,5,171,1,20250716_155355
1752648779.9226165,11680887,2990307072,2990.307072,206,5,171,1,20250716_155355
1752648779.9326005,11680926,2990317056,2990.317056,210,5,171,1,20250716_155355
1752648779.9425845,11680965,2990327040,2990.32704,214,5,172,1,20250716_155355
1752648779.9528246,11681005,2990337280,2990.33728,218,5,173,1,20250716_155355
1752648779.9628086,11681044,2990347264,2990.347264,221,5,174,1,20250716_155355
1752648779.9727926,11681083,2990357248,2990.357248,225,5,174,1,20250716_155355
1752648779.9827766,11681122,2990367232,2990.367232,228,5,173,1,20250716_155355
1752648779.992761,11681161,2990377216,2990.377216,231,5,174,1,20250716_155355
1752648780.002745,11681200,2990387200,2990.3872,234,5,174,1,20250716_155355
1752648780.0127285,11681239,2990397184,2990.397184,237,5,175,1,20250716_155355
1752648780.0229683,11681279,2990407424,2990.407424,240,5,175,1,20250716_155355
1752648780.0329523,11681318,2990417408,2990.417408,243,5,174,1,20250716_155355
1752648780.0429366,11681357,2990427392,2990.427392,245,5,175,1,20250716_155355
1752648780.0529206,11681396,2990437376,2990.437376,248,5,174,1,20250716_155355
1752648780.0629046,11681435,2990447360,2990.44736,250,5,174,1,20250716_155355
1752648780.0728886,11681474,2990457344,2990.457344,252,5,173,1,20250716_155355
1752648780.0828726,11681513,2990467328,2990.467328,0,5,174,1,20250716_155355
1752648780.0931125,11681553,2990477568,2990.477568,2,5,174,1,20250716_155355
1752648780.1030965,11681592,2990487552,2990.487552,4,5,172,1,20250716_155355
1752648780.1130805,11681631,2990497536,2990.497536,6,5,172,1,20250716_155355
1752648780.1230645,11681670,2990507520,2990.50752,8,5,173,1,20250716_155355
1752648780.1330483,11681709,2990517504,2990.517504,10,5,173,1,20250716_155355
1752648780.1430326,11681748,2990527488,2990.527488,12,5,172,1,20250716_155355
1752648780.1530166,11681787,2990537472,2990.537472,14,5,172,1,20250716_155355
1752648780.1630006,11681826,2990547456,2990.547456,16,5,171,1,20250716_155355
1752648780.173241,11681866,2990557696,2990.557696,18,5,171,1,20250716_155355
1752648780.1832244,11681905,2990567680,2990.56768,20,5,171,1,20250716_155355
1752648780.1932085,11681944,2990577664,2990.577664,22,5,169,1,20250716_155355
1752648780.2031925,11681983,2990587648,2990.587648,24,5,168,1,20250716_155355
1752648780.2131765,11682022,2990597632,2990.597632,26,5,168,1,20250716_155355
1752648780.2231605,11682061,2990607616,2990.607616,28,5,168,1,20250716_155355
1752648780.2331443,11682100,2990617600,2990.6176,30,5,166,1,20250716_155355
1752648780.2433846,11682140,2990627840,2990.62784,33,5,164,1,20250716_155355
1752648780.2533686,11682179,2990637824,2990.637824,35,5,163,1,20250716_155355
1752648780.2633526,11682218,2990647808,2990.647808,38,5,162,1,20250716_155355
1752648780.2733366,11682257,2990657792,2990.657792,40,5,159,1,20250716_155355
1752648780.283321,11682296,2990667776,2990.667776,43,5,152,1,20250716_155355
1752648780.2933044,11682335,2990677760,2990.67776,46,5,144,1,20250716_155355
1752648780.3032885,11682374,2990687744,2990.687744,50,5,135,1,20250716_155355
1752648780.3135283,11682414,2990697984,2990.697984,54,5,129,1,20250716_155355
1752648780.3235126,11682453,2990707968,2990.707968,58,5,122,1,20250716_155355
1752648780.3334966,11682492,2990717952,2990.717952,63,5,117,1,20250716_155355
1752648780.3434806,11682531,2990727936,2990.727936,67,5,112,1,20250716_155355
1752648780.3534646,11682570,2990737920,2990.73792,71,5,107,1,20250716_155355
1752648780.3634486,11682609,2990747904,2990.747904,76,5,102,1,20250716_155355
1752648780.3734326,11682648,2990757888,2990.757888,80,5,99,1,20250716_155355
1752648780.383417,11682687,2990767872,2990.767872,84,5,94,1,20250716_155355
1752648780.3936565,11682727,2990778112,2990.778112,88,5,97,1,20250716_155355
1752648780.4036405,11682766,2990788096,2990.788096,92,5,97,1,20250716_155355
1752648780.4136243,11682805,2990798080,2990.79808,96,5,96,1,20250716_155355
1752648780.4236083,11682844,2990808064,2990.808064,99,5,95,1,20250716_155355
1752648780.4335926,11682883,2990818048,2990.818048,102,5,95,1,20250716_155355
1752648780.4435766,11682922,2990828032,2990.828032,105,5,95,1,20250716_155355
1752648780.4535606,11682961,2990838016,2990.838016,108,5,96,1,20250716_155355
1752648780.4635446,11683000,2990848000,2990.848,111,5,96,1,20250716_155355
1752648780.4735286,11683039,2990857984,2990.857984,114,5,96,1,20250716_155355
1752648780.4835126,11683078,2990867968,2990.867968,116,5,97,1,20250716_155355
1752648780.493497,11683117,2990877952,2990.877952,119,5,95,1,20250716_155355
1752648780.503481,11683156,2990887936,2990.887936,121,5,98,1,20250716_155355
1752648780.5134645,11683195,2990897920,2990.89792,124,5,99,1,20250716_155355
1752648780.5234485,11683234,2990907904,2990.907904,126,5,100,1,20250716_155355
1752648780.5336883,11683274,2990918144,2990.918144,128,5,100,1,20250716_155355
1752648780.5436726,11683313,2990928128,2990.928128,131,5,102,1,20250716_155355
1752648780.5536566,11683352,2990938112,2990.938112,133,5,102,1,20250716_155355
1752648780.5636406,11683391,2990948096,2990.948096,135,5,105,1,20250716_155355
1752648780.5736246,11683430,2990958080,2990.95808,138,5,106,1,20250716_155355
1752648780.5836086,11683469,2990968064,2990.968064,140,5,108,1,20250716_155355
1752648780.5935926,11683508,2990978048,2990.978048,143,5,111,1,20250716_155355
1752648780.603577,11683547,2990988032,2990.988032,145,5,112,1,20250716_155355
1752648780.613561,11683586,2990998016,2990.998016,148,5,116,1,20250716_155355
1752648780.6235445,11683625,2991008000,2991.008,151,5,120,1,20250716_155355
1752648780.6335285,11683664,2991017984,2991.017984,154,5,121,1,20250716_155355
1752648780.6435125,11683703,2991027968,2991.027968,157,5,127,1,20250716_155355
1752648780.6534965,11683742,2991037952,2991.037952,161,5,130,1,20250716_155355
1752648780.6634803,11683781,2991047936,2991.047936,165,5,138,1,20250716_155355
1752648780.6734643,11683820,2991057920,2991.05792,169,5,144,1,20250716_155355
1752648780.6837046,11683860,2991068160,2991.06816,173,5,149,1,20250716_155355
1752648780.6936886,11683899,2991078144,2991.078144,178,5,153,1,20250716_155355
1752648780.7036726,11683938,2991088128,2991.088128,182,5,158,1,20250716_155355
1752648780.713657,11683977,2991098112,2991.098112,187,5,162,1,20250716_155355
1752648780.7236404,11684016,2991108096,2991.108096,192,5,166,1,20250716_155355
1752648780.7336245,11684055,2991118080,2991.11808,197,5,169,1,20250716_155355
1752648780.7436085,11684094,2991128064,2991.128064,201,5,172,1,20250716_155355
1752648780.7535925,11684133,2991138048,2991.138048,206,5,172,1,20250716_155355
1752648780.7635765,11684172,2991148032,2991.148032,210,5,172,1,20250716_155355
1752648780.7735603,11684211,2991158016,2991.158016,214,5,173,1,20250716_155355
1752648780.7835443,11684250,2991168000,2991.168,218,5,174,1,20250716_155355
1752648780.7935286,11684289,2991177984,2991.177984,221,5,174,1,20250716_155355
1752648780.8035126,11684328,2991187968,2991.187968,225,5,174,1,20250716_155355
1752648780.8134966,11684367,2991197952,2991.197952,228,5,175,1,20250716_155355
1752648780.823737,11684407,2991208192,2991.208192,231,5,174,1,20250716_155355
1752648780.8337204,11684446,2991218176,2991.218176,234,5,174,1,20250716_155355
1752648780.8437045,11684485,2991228160,2991.22816,237,5,174,1,20250716_155355
1752648780.8536885,11684524,2991238144,2991.238144,240,5,174,1,20250716_155355
1752648780.8636725,11684563,2991248128,2991.248128,242,5,175,1,20250716_155355
1752648780.8736565,11684602,2991258112,2991.258112,245,5,174,1,20250716_155355
1752648780.8836403,11684641,2991268096,2991.268096,247,5,175,1,20250716_155355
1752648780.8936243,11684680,2991278080,2991.27808,250,5,174,1,20250716_155355
1752648780.9036086,11684719,2991288064,2991.288064,252,5,175,1,20250716_155355
1752648780.9135926,11684758,2991298048,2991.298048,254,5,175,1,20250716_155355
1752648780.9235766,11684797,2991308032,2991.308032,1,5,174,1,20250716_155355
1752648780.9335606,11684836,2991318016,2991.318016,4,5,174,1,20250716_155355
1752648780.9435446,11684875,2991328000,2991.328,6,5,174,1,20250716_155355
1752648780.9535286,11684914,2991337984,2991.337984,8,5,174,1,20250716_155355
1752648780.963513,11684953,2991347968,2991.347968,10,5,174,1,20250716_155355
1752648780.9737525,11684993,2991358208,2991.358208,12,5,174,1,20250716_155355
1752648780.9837365,11685032,2991368192,2991.368192,13,5,173,1,20250716_155355
1752648780.9937203,11685071,2991378176,2991.378176,15,5,172,1,20250716_155355
1752648781.0037043,11685110,2991388160,2991.38816,17,5,172,1,20250716_155355
1752648781.0136886,11685149,2991398144,2991.398144,19,5,172,1,20250716_155355
1752648781.0236726,11685188,2991408128,2991.408128,21,5,171,1,20250716_155355
1752648781.0336566,11685227,2991418112,2991.418112,23,5,171,1,20250716_155355
1752648781.0436406,11685266,2991428096,2991.428096,25,5,169,1,20250716_155355
1752648781.0536246,11685305,2991438080,2991.43808,27,5,169,1,20250716_155355
1752648781.0636086,11685344,2991448064,2991.448064,29,5,169,1,20250716_155355
1752648781.073593,11685383,2991458048,2991.458048,32,5,168,1,20250716_155355
1752648781.0835764,11685422,2991468032,2991.468032,34,5,166,1,20250716_155355
1752648781.0935605,11685461,2991478016,2991.478016,36,5,166,1,20250716_155355
1752648781.1035445,11685500,2991488000,2991.488,39,5,163,1,20250716_155355
1752648781.1137846,11685540,2991498240,2991.49824,41,5,161,1,20250716_155355
1752648781.1237686,11685579,2991508224,2991.508224,44,5,160,1,20250716_155355
1752648781.1337526,11685618,2991518208,2991.518208,47,5,152,1,20250716_155355
1752648781.1437366,11685657,2991528192,2991.528192,50,5,146,1,20250716_155355
1752648781.1537206,11685696,2991538176,2991.538176,53,5,140,1,20250716_155355
1752648781.1637046,11685735,2991548160,2991.54816,57,5,130,1,20250716_155355
1752648781.173689,11685774,2991558144,2991.558144,61,5,127,1,20250716_155355
1752648781.183673,11685813,2991568128,2991.568128,66,5,120,1,20250716_155355
1752648781.1936564,11685852,2991578112,2991.578112,70,5,114,1,20250716_155355
1752648781.2036405,11685891,2991588096,2991.588096,74,5,108,1,20250716_155355
1752648781.2136245,11685930,2991598080,2991.59808,79,5,104,1,20250716_155355
1752648781.2236085,11685969,2991608064,2991.608064,83,5,100,1,20250716_155355
1752648781.2335925,11686008,2991618048,2991.618048,87,5,98,1,20250716_155355
1752648781.2435763,11686047,2991628032,2991.628032,91,5,95,1,20250716_155355
1752648781.2538166,11686087,2991638272,2991.638272,94,5,98,1,20250716_155355
1752648781.2638006,11686126,2991648256,2991.648256,98,5,96,1,20250716_155355
1752648781.2737846,11686165,2991658240,2991.65824,101,5,96,1,20250716_155355
1752648781.283769,11686204,2991668224,2991.668224,104,5,95,1,20250716_155355
1752648781.293753,11686243,2991678208,2991.678208,107,5,95,1,20250716_155355
1752648781.3037364,11686282,2991688192,2991.688192,110,5,97,1,20250716_155355
1752648781.3137205,11686321,2991698176,2991.698176,113,5,96,1,20250716_155355
1752648781.3237045,11686360,2991708160,2991.70816,115,5,97,1,20250716_155355
1752648781.3336885,11686399,2991718144,2991.718144,118,5,97,1,20250716_155355
1752648781.3436725,11686438,2991728128,2991.728128,120,5,98,1,20250716_155355
1752648781.3536563,11686477,2991738112,2991.738112,123,5,98,1,20250716_155355
1752648781.3636403,11686516,2991748096,2991.748096,125,5,99,1,20250716_155355
1752648781.3736246,11686555,2991758080,2991.75808,127,5,99,1,20250716_155355
1752648781.3836086,11686594,2991768064,2991.768064,130,5,101,1,20250716_155355
1752648781.3935926,11686633,2991778048,2991.778048,132,5,102,1,20250716_155355
1752648781.403833,11686673,2991788288,2991.788288,134,5,102,1,20250716_155355
1752648781.4138165,11686712,2991798272,2991.798272,137,5,104,1,20250716_155355
1752648781.4238005,11686751,2991808256,2991.808256,139,5,107,1,20250716_155355
1752648781.4337845,11686790,2991818240,2991.81824,141,5,108,1,20250716_155355
1752648781.4437685,11686829,2991828224,2991.828224,144,5,112,1,20250716_155355
1752648781.4537525,11686868,2991838208,2991.838208,147,5,113,1,20250716_155355
1752648781.4637363,11686907,2991848192,2991.848192,149,5,117,1,20250716_155355
1752648781.4737206,11686946,2991858176,2991.858176,152,5,121,1,20250716_155355
1752648781.4837046,11686985,2991868160,2991.86816,156,5,124,1,20250716_155355
1752648781.4936886,11687024,2991878144,2991.878144,159,5,127,1,20250716_155355
1752648781.5036726,11687063,2991888128,2991.888128,162,5,134,1,20250716_155355
1752648781.5136566,11687102,2991898112,2991.898112,167,5,142,1,20250716_155355
1752648781.5236406,11687141,2991908096,2991.908096,171,5,147,1,20250716_155355
1752648781.5336246,11687180,2991918080,2991.91808,175,5,150,1,20250716_155355
1752648781.5438645,11687220,2991928320,2991.92832,180,5,155,1,20250716_155355
1752648781.5538485,11687259,2991938304,2991.938304,185,5,160,1,20250716_155355
1752648781.5638323,11687298,2991948288,2991.948288,189,5,164,1,20250716_155355
1752648781.5738163,11687337,2991958272,2991.958272,194,5,169,1,20250716_155355
1752648781.5838006,11687376,2991968256,2991.968256,199,5,171,1,20250716_155355
1752648781.5937846,11687415,2991978240,2991.97824,203,5,172,1,20250716_155355
1752648781.6037686,11687454,2991988224,2991.988224,208,5,172,1,20250716_155355
1752648781.6137526,11687493,2991998208,2991.998208,212,5,172,1,20250716_155355
1752648781.6237366,11687532,2992008192,2992.008192,216,5,172,1,20250716_155355
1752648781.6337206,11687571,2992018176,2992.018176,219,5,174,1,20250716_155355
1752648781.643705,11687610,2992028160,2992.02816,223,5,174,1,20250716_155355
1752648781.653689,11687649,2992038144,2992.038144,226,5,174,1,20250716_155355
1752648781.6636724,11687688,2992048128,2992.048128,230,5,174,1,20250716_155355
1752648781.6736565,11687727,2992058112,2992.058112,233,5,174,1,20250716_155355
1752648781.6836405,11687766,2992068096,2992.068096,236,5,174,1,20250716_155355
1752648781.6938806,11687806,2992078336,2992.078336,238,5,174,1,20250716_155355
1752648781.7038646,11687845,2992088320,2992.08832,241,5,175,1,20250716_155355
1752648781.7138486,11687884,2992098304,2992.098304,244,5,176,1,20250716_155355
1752648781.7238326,11687923,2992108288,2992.108288,246,5,175,1,20250716_155355
1752648781.7338166,11687962,2992118272,2992.118272,249,5,175,1,20250716_155355
1752648781.7438006,11688001,2992128256,2992.128256,251,5,174,1,20250716_155355
1752648781.753785,11688040,2992138240,2992.13824,253,5,174,1,20250716_155355
1752648781.763769,11688079,2992148224,2992.148224,0,5,174,1,20250716_155355
1752648781.7737525,11688118,2992158208,2992.158208,2,5,173,1,20250716_155355
1752648781.7837365,11688157,2992168192,2992.168192,5,5,173,1,20250716_155355
1752648781.7937205,11688196,2992178176,2992.178176,7,5,173,1,20250716_155355
1752648781.8037045,11688235,2992188160,2992.18816,9,5,173,1,20250716_155355
1752648781.8136885,11688274,2992198144,2992.198144,11,5,173,1,20250716_155355
1752648781.8236723,11688313,2992208128,2992.208128,13,5,174,1,20250716_155355
1752648781.8339126,11688353,2992218368,2992.218368,15,5,172,1,20250716_155355
1752648781.8438966,11688392,2992228352,2992.228352,17,5,172,1,20250716_155355
1752648781.8538806,11688431,2992238336,2992.238336,18,5,173,1,20250716_155355
1752648781.863865,11688470,2992248320,2992.24832,20,5,172,1,20250716_155355
1752648781.873849,11688509,2992258304,2992.258304,22,5,170,1,20250716_155355
1752648781.8838325,11688548,2992268288,2992.268288,24,5,170,1,20250716_155355
1752648781.8938165,11688587,2992278272,2992.278272,27,5,168,1,20250716_155355
1752648781.9038005,11688626,2992288256,2992.288256,29,5,168,1,20250716_155355
1752648781.9137845,11688665,2992298240,2992.29824,31,5,167,1,20250716_155355
1752648781.9237683,11688704,2992308224,2992.308224,33,5,166,1,20250716_155355
1752648781.9337523,11688743,2992318208,2992.318208,35,5,164,1,20250716_155355
1752648781.9437366,11688782,2992328192,2992.328192,38,5,163,1,20250716_155355
1752648781.9537206,11688821,2992338176,2992.338176,40,5,161,1,20250716_155355
1752648781.9637046,11688860,2992348160,2992.34816,43,5,159,1,20250716_155355
1752648781.973945,11688900,2992358400,2992.3584,46,5,151,1,20250716_155355
1752648781.9839284,11688939,2992368384,2992.368384,49,5,141,1,20250716_155355
1752648781.9939125,11688978,2992378368,2992.378368,53,5,132,1,20250716_155355
1752648782.0038965,11689017,2992388352,2992.388352,57,5,127,1,20250716_155355
1752648782.0138805,11689056,2992398336,2992.398336,62,5,120,1,20250716_155355
1752648782.0238645,11689095,2992408320,2992.40832,66,5,115,1,20250716_155355
1752648782.0338483,11689134,2992418304,2992.418304,70,5,110,1,20250716_155355
1752648782.0438323,11689173,2992428288,2992.428288,75,5,105,1,20250716_155355
1752648782.0538166,11689212,2992438272,2992.438272,79,5,101,1,20250716_155355
1752648782.0638006,11689251,2992448256,2992.448256,83,5,97,1,20250716_155355
1752648782.0737846,11689290,2992458240,2992.45824,87,5,95,1,20250716_155355
1752648782.0837686,11689329,2992468224,2992.468224,91,5,98,1,20250716_155355
1752648782.0937526,11689368,2992478208,2992.478208,95,5,96,1,20250716_155355
1752648782.1037366,11689407,2992488192,2992.488192,98,5,95,1,20250716_155355
1752648782.113721,11689446,2992498176,2992.498176,101,5,95,1,20250716_155355
1752648782.1239605,11689486,2992508416,2992.508416,104,5,96,1,20250716_155355
1752648782.1339445,11689525,2992518400,2992.5184,107,5,95,1,20250716_155355
1752648782.1439283,11689564,2992528384,2992.528384,110,5,96,1,20250716_155355
1752648782.1539123,11689603,2992538368,2992.538368,113,6,96,1,20250716_155355
1752648782.1638966,11689642,2992548352,2992.548352,116,5,97,1,20250716_155355
1752648782.1738806,11689681,2992558336,2992.558336,118,6,98,1,20250716_155355
1752648782.1838646,11689720,2992568320,2992.56832,121,6,98,1,20250716_155355
1752648782.1938486,11689759,2992578304,2992.578304,123,6,100,1,20250716_155355
1752648782.2038326,11689798,2992588288,2992.588288,125,6,99,1,20250716_155355
1752648782.2138166,11689837,2992598272,2992.598272,128,6,101,1,20250716_155355
1752648782.223801,11689876,2992608256,2992.608256,130,6,101,1,20250716_155355
1752648782.233785,11689915,2992618240,2992.61824,132,6,103,1,20250716_155355
1752648782.2437685,11689954,2992628224,2992.628224,135,6,104,1,20250716_155355
1752648782.2537525,11689993,2992638208,2992.638208,137,6,106,1,20250716_155355
1752648782.2639923,11690033,2992648448,2992.648448,140,6,108,1,20250716_155355
1752648782.2739766,11690072,2992658432,2992.658432,142,6,110,1,20250716_155355
1752648782.2839606,11690111,2992668416,2992.668416,145,6,112,1,20250716_155355
1752648782.2939446,11690150,2992678400,2992.6784,147,6,114,1,20250716_155355
1752648782.3039286,11690189,2992688384,2992.688384,150,6,116,1,20250716_155355
1752648782.3139126,11690228,2992698368,2992.698368,153,5,119,1,20250716_155355
1752648782.3238966,11690267,2992708352,2992.708352,156,6,124,1,20250716_155355
1752648782.333881,11690306,2992718336,2992.718336,160,5,127,1,20250716_155355
1752648782.3438644,11690345,2992728320,2992.72832,163,5,134,1,20250716_155355
1752648782.3538485,11690384,2992738304,2992.738304,167,5,141,1,20250716_155355
1752648782.3638325,11690423,2992748288,2992.748288,172,6,146,1,20250716_155355
1752648782.3738165,11690462,2992758272,2992.758272,176,6,150,1,20250716_155355
1752648782.3838005,11690501,2992768256,2992.768256,181,6,155,1,20250716_155355
1752648782.3937843,11690540,2992778240,2992.77824,185,6,160,1,20250716_155355
1752648782.4037683,11690579,2992788224,2992.788224,190,6,165,1,20250716_155355
1752648782.4140086,11690619,2992798464,2992.798464,195,6,170,1,20250716_155355
1752648782.4239926,11690658,2992808448,2992.808448,199,6,171,1,20250716_155355
1752648782.433977,11690697,2992818432,2992.818432,204,6,171,1,20250716_155355
1752648782.443961,11690736,2992828416,2992.828416,208,6,171,1,20250716_155355
1752648782.4539444,11690775,2992838400,2992.8384,212,6,173,1,20250716_155355
1752648782.4639285,11690814,2992848384,2992.848384,216,6,173,1,20250716_155355
1752648782.4739125,11690853,2992858368,2992.858368,220,6,173,1,20250716_155355
1752648782.4838965,11690892,2992868352,2992.868352,223,6,174,1,20250716_155355
1752648782.4938805,11690931,2992878336,2992.878336,227,6,173,1,20250716_155355
1752648782.5038643,11690970,2992888320,2992.88832,230,6,174,1,20250716_155355
1752648782.5138483,11691009,2992898304,2992.898304,233,6,174,1,20250716_155355
1752648782.5238326,11691048,2992908288,2992.908288,236,6,174,1,20250716_155355
1752648782.5338166,11691087,2992918272,2992.918272,239,6,174,1,20250716_155355
1752648782.5438006,11691126,2992928256,2992.928256,241,6,174,1,20250716_155355
1752648782.554041,11691166,2992938496,2992.938496,244,6,175,1,20250716_155355
1752648782.5640244,11691205,2992948480,2992.94848,247,6,173,1,20250716_155355
1752648782.5740085,11691244,2992958464,2992.958464,249,6,174,1,20250716_155355
1752648782.5839925,11691283,2992968448,2992.968448,251,6,174,1,20250716_155355
1752648782.5939765,11691322,2992978432,2992.978432,253,6,174,1,20250716_155355
1752648782.6039605,11691361,2992988416,2992.988416,1,6,174,1,20250716_155355
1752648782.6139443,11691400,2992998400,2992.9984,3,6,173,1,20250716_155355
1752648782.6239283,11691439,2993008384,2993.008384,5,6,174,1,20250716_155355
1752648782.6339126,11691478,2993018368,2993.018368,7,6,172,1,20250716_155355
1752648782.6438966,11691517,2993028352,2993.028352,9,6,173,1,20250716_155355
1752648782.6538806,11691556,2993038336,2993.038336,11,6,173,1,20250716_155355
1752648782.6638646,11691595,2993048320,2993.04832,13,6,172,1,20250716_155355
1752648782.6738486,11691634,2993058304,2993.058304,15,6,171,1,20250716_155355
1752648782.6838326,11691673,2993068288,2993.068288,17,6,172,1,20250716_155355
1752648782.693817,11691712,2993078272,2993.078272,19,6,171,1,20250716_155355
1752648782.7040565,11691752,2993088512,2993.088512,21,6,171,1,20250716_155355
1752648782.7140405,11691791,2993098496,2993.098496,23,6,170,1,20250716_155355
1752648782.7240243,11691830,2993108480,2993.10848,25,6,169,1,20250716_155355
1752648782.7340086,11691869,2993118464,2993.118464,27,6,167,1,20250716_155355
1752648782.7439926,11691908,2993128448,2993.128448,29,6,167,1,20250716_155355
1752648782.7539766,11691947,2993138432,2993.138432,31,6,166,1,20250716_155355
1752648782.7639606,11691986,2993148416,2993.148416,34,6,165,1,20250716_155355
1752648782.7739446,11692025,2993158400,2993.1584,36,6,166,1,20250716_155355
1752648782.7839286,11692064,2993168384,2993.168384,38,6,162,1,20250716_155355
1752648782.7939126,11692103,2993178368,2993.178368,41,6,161,1,20250716_155355
1752648782.803897,11692142,2993188352,2993.188352,44,6,158,1,20250716_155355
1752648782.8138804,11692181,2993198336,2993.198336,47,6,151,1,20250716_155355
1752648782.8238645,11692220,2993208320,2993.20832,50,6,144,1,20250716_155355
1752648782.8338485,11692259,2993218304,2993.218304,54,6,135,1,20250716_155355
1752648782.8438325,11692298,2993228288,2993.228288,58,6,129,1,20250716_155355
1752648782.8540726,11692338,2993238528,2993.238528,62,6,125,1,20250716_155355
1752648782.8640566,11692377,2993248512,2993.248512,66,6,119,1,20250716_155355
1752648782.8740406,11692416,2993258496,2993.258496,71,6,112,1,20250716_155355
1752648782.8840246,11692455,2993268480,2993.26848,75,6,107,1,20250716_155355
1752648782.8940086,11692494,2993278464,2993.278464,79,6,104,1,20250716_155355
1752648782.903993,11692533,2993288448,2993.288448,83,6,100,1,20250716_155355
1752648782.913977,11692572,2993298432,2993.298432,87,6,97,1,20250716_155355
1752648782.9239604,11692611,2993308416,2993.308416,91,6,96,1,20250716_155355
1752648782.9339445,11692650,2993318400,2993.3184,95,6,98,1,20250716_155355
1752648782.9439285,11692689,2993328384,2993.328384,98,6,94,1,20250716_155355
1752648782.9539125,11692728,2993338368,2993.338368,101,5,94,1,20250716_155355
1752648782.9638965,11692767,2993348352,2993.348352,104,5,96,1,20250716_155355
1752648782.9738803,11692806,2993358336,2993.358336,107,6,95,1,20250716_155355
1752648782.9838643,11692845,2993368320,2993.36832,110,6,96,1,20250716_155355
1752648782.9941046,11692885,2993378560,2993.37856,113,6,96,1,20250716_155355
1752648783.0040886,11692924,2993388544,2993.388544,116,6,98,1,20250716_155355
1752648783.014073,11692963,2993398528,2993.398528,118,6,99,1,20250716_155355
1752648783.024057,11693002,2993408512,2993.408512,121,6,98,1,20250716_155355
1752648783.0340405,11693041,2993418496,2993.418496,123,6,100,1,20250716_155355
1752648783.0440245,11693080,2993428480,2993.42848,126,6,100,1,20250716_155355
1752648783.0540085,11693119,2993438464,2993.438464,128,6,101,1,20250716_155355
1752648783.0639925,11693158,2993448448,2993.448448,130,6,102,1,20250716_155355
1752648783.0739765,11693197,2993458432,2993.458432,133,6,103,1,20250716_155355
1752648783.0839603,11693236,2993468416,2993.468416,135,6,104,1,20250716_155355
1752648783.0939443,11693275,2993478400,2993.4784,137,6,106,1,20250716_155355
1752648783.1039286,11693314,2993488384,2993.488384,140,6,107,1,20250716_155355
1752648783.1139126,11693353,2993498368,2993.498368,142,6,108,1,20250716_155355
1752648783.1238966,11693392,2993508352,2993.508352,145,6,110,1,20250716_155355
1752648783.1341364,11693432,2993518592,2993.518592,147,6,114,1,20250716_155355
1752648783.1441205,11693471,2993528576,2993.528576,150,6,115,1,20250716_155355
1752648783.1541045,11693510,2993538560,2993.53856,153,6,118,1,20250716_155355
1752648783.1640885,11693549,2993548544,2993.548544,156,6,122,1,20250716_155355
1752648783.1740725,11693588,2993558528,2993.558528,159,6,125,1,20250716_155355
1752648783.1840563,11693627,2993568512,2993.568512,163,6,131,1,20250716_155355
1752648783.1940403,11693666,2993578496,2993.578496,166,5,140,1,20250716_155355
1752648783.2040246,11693705,2993588480,2993.58848,171,6,144,1,20250716_155355
1752648783.2140086,11693744,2993598464,2993.598464,175,6,149,1,20250716_155355
1752648783.2239926,11693783,2993608448,2993.608448,180,6,154,1,20250716_155355
1752648783.2339766,11693822,2993618432,2993.618432,184,6,158,1,20250716_155355
1752648783.2439606,11693861,2993628416,2993.628416,189,6,163,1,20250716_155355
1752648783.2539446,11693900,2993638400,2993.6384,194,6,168,1,20250716_155355
1752648783.263929,11693939,2993648384,2993.648384,198,6,170,1,20250716_155355
1752648783.273913,11693978,2993658368,2993.658368,203,6,171,1,20250716_155355
1752648783.2841525,11694018,2993668608,2993.668608,207,6,172,1,20250716_155355
1752648783.2941363,11694057,2993678592,2993.678592,211,6,172,1,20250716_155355
1752648783.3041203,11694096,2993688576,2993.688576,215,6,173,1,20250716_155355
1752648783.3141046,11694135,2993698560,2993.69856,219,6,174,1,20250716_155355
1752648783.3240886,11694174,2993708544,2993.708544,223,6,174,1,20250716_155355
1752648783.3340726,11694213,2993718528,2993.718528,226,6,174,1,20250716_155355
1752648783.3440566,11694252,2993728512,2993.728512,229,6,175,1,20250716_155355
1752648783.3540406,11694291,2993738496,2993.738496,232,6,175,1,20250716_155355
1752648783.3640246,11694330,2993748480,2993.74848,235,6,174,1,20250716_155355
1752648783.374009,11694369,2993758464,2993.758464,238,6,176,1,20250716_155355
1752648783.383993,11694408,2993768448,2993.768448,241,6,175,1,20250716_155355
1752648783.3939764,11694447,2993778432,2993.778432,243,6,174,1,20250716_155355
1752648783.4039605,11694486,2993788416,2993.788416,246,6,176,1,20250716_155355
1752648783.4139445,11694525,2993798400,2993.7984,248,6,176,1,20250716_155355
1752648783.4241846,11694565,2993808640,2993.80864,251,6,176,1,20250716_155355
1752648783.4341686,11694604,2993818624,2993.818624,253,6,175,1,20250716_155355
1752648783.4441526,11694643,2993828608,2993.828608,0,6,176,1,20250716_155355
1752648783.4541366,11694682,2993838592,2993.838592,2,6,175,1,20250716_155355
1752648783.4641206,11694721,2993848576,2993.848576,4,6,175,1,20250716_155355
1752648783.4741046,11694760,2993858560,2993.85856,6,6,174,1,20250716_155355
1752648783.484089,11694799,2993868544,2993.868544,8,6,175,1,20250716_155355
1752648783.494073,11694838,2993878528,2993.878528,10,6,175,1,20250716_155355
1752648783.5040565,11694877,2993888512,2993.888512,12,6,173,1,20250716_155355
1752648783.5140405,11694916,2993898496,2993.898496,14,6,174,1,20250716_155355
1752648783.5240245,11694955,2993908480,2993.90848,16,6,173,1,20250716_155355
1752648783.5340085,11694994,2993918464,2993.918464,18,6,172,1,20250716_155355
1752648783.5439923,11695033,2993928448,2993.928448,20,6,172,1,20250716_155355
1752648783.5539763,11695072,2993938432,2993.938432,22,6,171,1,20250716_155355
1752648783.5642166,11695112,2993948672,2993.948672,24,6,171,1,20250716_155355
1752648783.5742006,11695151,2993958656,2993.958656,26,6,171,1,20250716_155355
1752648783.5841846,11695190,2993968640,2993.96864,28,6,170,1,20250716_155355
1752648783.594169,11695229,2993978624,2993.978624,30,6,169,1,20250716_155355
1752648783.6041524,11695268,2993988608,2993.988608,32,6,168,1,20250716_155355
1752648783.6141365,11695307,2993998592,2993.998592,34,6,167,1,20250716_155355
1752648783.6241205,11695346,2994008576,2994.008576,37,6,166,1,20250716_155355
1752648783.6341045,11695385,2994018560,2994.01856,39,5,164,1,20250716_155355
1752648783.6440885,11695424,2994028544,2994.028544,41,6,163,1,20250716_155355
1752648783.6540723,11695463,2994038528,2994.038528,44,6,161,1,20250716_155355
1752648783.6640563,11695502,2994048512,2994.048512,47,6,157,1,20250716_155355
1752648783.6740406,11695541,2994058496,2994.058496,50,6,149,1,20250716_155355
1752648783.6840246,11695580,2994068480,2994.06848,53,7,142,1,20250716_155355
1752648783.6940086,11695619,2994078464,2994.078464,57,7,135,1,20250716_155355
1752648783.704249,11695659,2994088704,2994.088704,61,6,129,1,20250716_155355
1752648783.7142324,11695698,2994098688,2994.098688,65,7,125,1,20250716_155355
1752648783.7242165,11695737,2994108672,2994.108672,70,6,118,1,20250716_155355
1752648783.7342005,11695776,2994118656,2994.118656,74,6,113,1,20250716_155355
1752648783.7441845,11695815,2994128640,2994.12864,78,7,109,1,20250716_155355
1752648783.7541685,11695854,2994138624,2994.138624,82,7,104,1,20250716_155355
1752648783.7641523,11695893,2994148608,2994.148608,86,7,100,1,20250716_155355
1752648783.7741363,11695932,2994158592,2994.158592,90,6,96,1,20250716_155355
1752648783.7841206,11695971,2994168576,2994.168576,94,8,96,1,20250716_155355
1752648783.7941046,11696010,2994178560,2994.17856,97,7,96,1,20250716_155355
1752648783.8040886,11696049,2994188544,2994.188544,100,7,94,1,20250716_155355
1752648783.8140726,11696088,2994198528,2994.198528,104,7,95,1,20250716_155355
1752648783.8240566,11696127,2994208512,2994.208512,107,7,97,1,20250716_155355
1752648783.8340406,11696166,2994218496,2994.218496,109,7,97,1,20250716_155355
1752648783.844025,11696205,2994228480,2994.22848,112,7,96,1,20250716_155355
1752648783.8542645,11696245,2994238720,2994.23872,115,7,97,1,20250716_155355
1752648783.8642485,11696284,2994248704,2994.248704,117,7,98,1,20250716_155355
1752648783.8742323,11696323,2994258688,2994.258688,120,6,98,1,20250716_155355
1752648783.8842163,11696362,2994268672,2994.268672,122,7,99,1,20250716_155355
1752648783.8942006,11696401,2994278656,2994.278656,125,6,100,1,20250716_155355
1752648783.9041846,11696440,2994288640,2994.28864,127,7,101,1,20250716_155355
1752648783.9141686,11696479,2994298624,2994.298624,129,7,101,1,20250716_155355
1752648783.9241526,11696518,2994308608,2994.308608,132,6,103,1,20250716_155355
1752648783.9341366,11696557,2994318592,2994.318592,134,6,103,1,20250716_155355
1752648783.9441206,11696596,2994328576,2994.328576,136,7,104,1,20250716_155355
1752648783.954105,11696635,2994338560,2994.33856,139,7,106,1,20250716_155355
1752648783.9640884,11696674,2994348544,2994.348544,141,7,107,1,20250716_155355
1752648783.9740725,11696713,2994358528,2994.358528,144,7,110,1,20250716_155355
1752648783.9840565,11696752,2994368512,2994.368512,146,6,111,1,20250716_155355
1752648783.9942966,11696792,2994378752,2994.378752,149,6,114,1,20250716_155355
1752648784.0042806,11696831,2994388736,2994.388736,152,7,116,1,20250716_155355
1752648784.0142646,11696870,2994398720,2994.39872,154,6,118,1,20250716_155355
1752648784.0242486,11696909,2994408704,2994.408704,157,6,120,1,20250716_155355
1752648784.0342326,11696948,2994418688,2994.418688,161,6,127,1,20250716_155355
1752648784.0442166,11696987,2994428672,2994.428672,164,6,133,1,20250716_155355
1752648784.0542006,11697026,2994438656,2994.438656,168,6,141,1,20250716_155355
1752648784.064185,11697065,2994448640,2994.44864,173,6,146,1,20250716_155355
1752648784.0741684,11697104,2994458624,2994.458624,177,6,151,1,20250716_155355
1752648784.0841525,11697143,2994468608,2994.468608,182,6,156,1,20250716_155355
1752648784.0941365,11697182,2994478592,2994.478592,186,7,161,1,20250716_155355
1752648784.1041205,11697221,2994488576,2994.488576,191,6,165,1,20250716_155355
1752648784.1141045,11697260,2994498560,2994.49856,196,6,169,1,20250716_155355
1752648784.1240883,11697299,2994508544,2994.508544,200,6,171,1,20250716_155355
1752648784.1343286,11697339,2994518784,2994.518784,205,6,170,1,20250716_155355
1752648784.1443126,11697378,2994528768,2994.528768,209,6,172,1,20250716_155355
1752648784.1542966,11697417,2994538752,2994.538752,213,6,173,1,20250716_155355
1752648784.164281,11697456,2994548736,2994.548736,217,6,174,1,20250716_155355
1752648784.174265,11697495,2994558720,2994.55872,221,6,173,1,20250716_155355
1752648784.1842484,11697534,2994568704,2994.568704,224,6,174,1,20250716_155355
1752648784.1942325,11697573,2994578688,2994.578688,227,6,174,1,20250716_155355
1752648784.2042165,11697612,2994588672,2994.588672,231,7,175,1,20250716_155355
1752648784.2142005,11697651,2994598656,2994.598656,234,6,175,1,20250716_155355
1752648784.2241845,11697690,2994608640,2994.60864,237,6,175,1,20250716_155355
1752648784.2341683,11697729,2994618624,2994.618624,239,6,174,1,20250716_155355
1752648784.2441523,11697768,2994628608,2994.628608,242,6,175,1,20250716_155355
1752648784.2541366,11697807,2994638592,2994.638592,244,6,174,1,20250716_155355
1752648784.2641206,11697846,2994648576,2994.648576,247,6,175,1,20250716_155355
1752648784.2741046,11697885,2994658560,2994.65856,249,7,176,1,20250716_155355
1752648784.284345,11697925,2994668800,2994.6688,252,6,175,1,20250716_155355
1752648784.2943285,11697964,2994678784,2994.678784,254,7,173,1,20250716_155355
1752648784.3043125,11698003,2994688768,2994.688768,1,7,174,1,20250716_155355
1752648784.3142965,11698042,2994698752,2994.698752,3,7,175,1,20250716_155355
1752648784.3242805,11698081,2994708736,2994.708736,5,7,174,1,20250716_155355
1752648784.3342645,11698120,2994718720,2994.71872,7,7,174,1,20250716_155355
1752648784.3442483,11698159,2994728704,2994.728704,9,6,174,1,20250716_155355
1752648784.3542323,11698198,2994738688,2994.738688,11,6,173,1,20250716_155355
1752648784.3642166,11698237,2994748672,2994.748672,13,6,173,1,20250716_155355
1752648784.3742006,11698276,2994758656,2994.758656,15,6,173,1,20250716_155355
1752648784.3841846,11698315,2994768640,2994.76864,17,6,172,1,20250716_155355
1752648784.3941686,11698354,2994778624,2994.778624,19,6,171,1,20250716_155355
1752648784.4041526,11698393,2994788608,2994.788608,21,6,171,1,20250716_155355
1752648784.4141366,11698432,2994798592,2994.798592,23,6,171,1,20250716_155355
1752648784.424121,11698471,2994808576,2994.808576,25,6,170,1,20250716_155355
1752648784.4343605,11698511,2994818816,2994.818816,27,6,168,1,20250716_155355
1752648784.4443443,11698550,2994828800,2994.8288,29,6,168,1,20250716_155355
1752648784.4543283,11698589,2994838784,2994.838784,32,6,167,1,20250716_155355
1752648784.4643126,11698628,2994848768,2994.848768,34,6,165,1,20250716_155355
1752648784.4742966,11698667,2994858752,2994.858752,36,6,164,1,20250716_155355
1752648784.4842806,11698706,2994868736,2994.868736,39,6,162,1,20250716_155355
1752648784.4942646,11698745,2994878720,2994.87872,41,6,160,1,20250716_155355
1752648784.5042486,11698784,2994888704,2994.888704,44,6,155,1,20250716_155355
1752648784.5142326,11698823,2994898688,2994.898688,47,6,148,1,20250716_155355
1752648784.524217,11698862,2994908672,2994.908672,51,6,141,1,20250716_155355
1752648784.534201,11698901,2994918656,2994.918656,55,6,132,1,20250716_155355
1752648784.5441844,11698940,2994928640,2994.92864,59,6,127,1,20250716_155355
1752648784.5541685,11698979,2994938624,2994.938624,63,6,123,1,20250716_155355
1752648784.5641525,11699018,2994948608,2994.948608,67,6,116,1,20250716_155355
1752648784.5743926,11699058,2994958848,2994.958848,72,5,111,1,20250716_155355
1752648784.5843766,11699097,2994968832,2994.968832,76,5,108,1,20250716_155355
1752648784.5943606,11699136,2994978816,2994.978816,80,6,104,1,20250716_155355
1752648784.6043446,11699175,2994988800,2994.9888,84,6,98,1,20250716_155355
1752648784.6143286,11699214,2994998784,2994.998784,88,6,96,1,20250716_155355
1752648784.6243126,11699253,2995008768,2995.008768,92,6,97,1,20250716_155355
1752648784.634297,11699292,2995018752,2995.018752,96,6,98,1,20250716_155355
1752648784.644281,11699331,2995028736,2995.028736,99,5,95,1,20250716_155355
1752648784.6542645,11699370,2995038720,2995.03872,102,5,94,1,20250716_155355
1752648784.6642485,11699409,2995048704,2995.048704,105,6,95,1,20250716_155355
1752648784.6742325,11699448,2995058688,2995.058688,108,6,95,1,20250716_155355
1752648784.6842165,11699487,2995068672,2995.068672,111,6,96,1,20250716_155355
1752648784.6942005,11699526,2995078656,2995.078656,114,6,96,1,20250716_155355
1752648784.7041843,11699565,2995088640,2995.08864,116,6,98,1,20250716_155355
1752648784.7141683,11699604,2995098624,2995.098624,119,6,98,1,20250716_155355
1752648784.7244086,11699644,2995108864,2995.108864,121,5,98,1,20250716_155355
1752648784.7343926,11699683,2995118848,2995.118848,124,6,100,1,20250716_155355
1752648784.744377,11699722,2995128832,2995.128832,126,6,101,1,20250716_155355
1752648784.754361,11699761,2995138816,2995.138816,128,5,102,1,20250716_155355
1752648784.7643445,11699800,2995148800,2995.1488,131,5,102,1,20250716_155355
1752648784.7743285,11699839,2995158784,2995.158784,133,6,104,1,20250716_155355
1752648784.7843125,11699878,2995168768,2995.168768,135,6,105,1,20250716_155355
1752648784.7942965,11699917,2995178752,2995.178752,138,6,107,1,20250716_155355
1752648784.8042803,11699956,2995188736,2995.188736,140,6,109,1,20250716_155355
1752648784.8142643,11699995,2995198720,2995.19872,143,6,111,1,20250716_155355
1752648784.8242486,11700034,2995208704,2995.208704,145,6,111,1,20250716_155355
1752648784.8342326,11700073,2995218688,2995.218688,148,5,114,1,20250716_155355
1752648784.8442166,11700112,2995228672,2995.228672,151,6,117,1,20250716_155355
1752648784.8542006,11700151,2995238656,2995.238656,154,6,122,1,20250716_155355
1752648784.8644404,11700191,2995248896,2995.248896,157,6,124,1,20250716_155355
1752648784.8744245,11700230,2995258880,2995.25888,160,6,128,1,20250716_155355
1752648784.8844085,11700269,2995268864,2995.268864,164,6,134,1,20250716_155355
1752648784.8943925,11700308,2995278848,2995.278848,168,6,141,1,20250716_155355
1752648784.9043765,11700347,2995288832,2995.288832,172,6,145,1,20250716_155355
1752648784.9143603,11700386,2995298816,2995.298816,176,6,150,1,20250716_155355
1752648784.9243443,11700425,2995308800,2995.3088,181,6,156,1,20250716_155355
1752648784.9343286,11700464,2995318784,2995.318784,186,6,160,1,20250716_155355
1752648784.9443126,11700503,2995328768,2995.328768,190,6,163,1,20250716_155355
1752648784.9542966,11700542,2995338752,2995.338752,195,6,168,1,20250716_155355
1752648784.9642806,11700581,2995348736,2995.348736,200,6,170,1,20250716_155355
1752648784.9742646,11700620,2995358720,2995.35872,204,6,171,1,20250716_155355
1752648784.9842486,11700659,2995368704,2995.368704,208,6,172,1,20250716_155355
1752648784.994233,11700698,2995378688,2995.378688,212,6,172,1,20250716_155355
1752648785.004217,11700737,2995388672,2995.388672,216,6,174,1,20250716_155355
1752648785.0144565,11700777,2995398912,2995.398912,220,5,173,1,20250716_155355
1752648785.0244403,11700816,2995408896,2995.408896,224,6,174,1,20250716_155355
1752648785.0344243,11700855,2995418880,2995.41888,227,6,174,1,20250716_155355
1752648785.0444086,11700894,2995428864,2995.428864,230,6,176,1,20250716_155355
1752648785.0543926,11700933,2995438848,2995.438848,233,6,175,1,20250716_155355
1752648785.0643766,11700972,2995448832,2995.448832,236,6,174,1,20250716_155355
1752648785.0743606,11701011,2995458816,2995.458816,239,6,175,1,20250716_155355
1752648785.0843446,11701050,2995468800,2995.4688,242,6,175,1,20250716_155355
1752648785.0943286,11701089,2995478784,2995.478784,244,6,174,1,20250716_155355
1752648785.104313,11701128,2995488768,2995.488768,247,6,175,1,20250716_155355
1752648785.114297,11701167,2995498752,2995.498752,249,6,175,1,20250716_155355
1752648785.1242805,11701206,2995508736,2995.508736,251,6,175,1,20250716_155355
1752648785.1342645,11701245,2995518720,2995.51872,254,6,174,1,20250716_155355
1752648785.1442485,11701284,2995528704,2995.528704,1,6,173,1,20250716_155355
1752648785.1544886,11701324,2995538944,2995.538944,3,6,174,1,20250716_155355
1752648785.1644726,11701363,2995548928,2995.548928,5,6,174,1,20250716_155355
1752648785.1744566,11701402,2995558912,2995.558912,7,6,174,1,20250716_155355
1752648785.1844406,11701441,2995568896,2995.568896,9,6,173,1,20250716_155355
1752648785.1944246,11701480,2995578880,2995.57888,11,6,173,1,20250716_155355
1752648785.2044086,11701519,2995588864,2995.588864,13,6,172,1,20250716_155355
1752648785.214393,11701558,2995598848,2995.598848,15,6,171,1,20250716_155355
1752648785.2243764,11701597,2995608832,2995.608832,17,6,171,1,20250716_155355
1752648785.2343605,11701636,2995618816,2995.618816,19,6,170,1,20250716_155355
1752648785.2443445,11701675,2995628800,2995.6288,21,5,170,1,20250716_155355
1752648785.2543285,11701714,2995638784,2995.638784,23,6,170,1,20250716_155355
1752648785.2643125,11701753,2995648768,2995.648768,25,6,168,1,20250716_155355
1752648785.2742963,11701792,2995658752,2995.658752,28,6,167,1,20250716_155355
1752648785.2842803,11701831,2995668736,2995.668736,30,6,166,1,20250716_155355
1752648785.2942646,11701870,2995678720,2995.67872,32,6,165,1,20250716_155355
1752648785.3045046,11701910,2995688960,2995.68896,35,6,164,1,20250716_155355
1752648785.3144886,11701949,2995698944,2995.698944,37,6,163,1,20250716_155355
1752648785.324473,11701988,2995708928,2995.708928,40,6,161,1,20250716_155355
1752648785.3344564,11702027,2995718912,2995.718912,42,6,157,1,20250716_155355
1752648785.3444405,11702066,2995728896,2995.728896,46,6,150,1,20250716_155355
1752648785.3544245,11702105,2995738880,2995.73888,49,6,143,1,20250716_155355
1752648785.3644085,11702144,2995748864,2995.748864,53,6,136,1,20250716_155355
1752648785.3743925,11702183,2995758848,2995.758848,57,6,129,1,20250716_155355
1752648785.3843763,11702222,2995768832,2995.768832,61,6,126,1,20250716_155355
1752648785.3943603,11702261,2995778816,2995.778816,65,6,118,1,20250716_155355
1752648785.4043446,11702300,2995788800,2995.7888,69,6,114,1,20250716_155355
1752648785.4143286,11702339,2995798784,2995.798784,74,6,108,1,20250716_155355
1752648785.4243126,11702378,2995808768,2995.808768,78,6,105,1,20250716_155355
1752648785.4342966,11702417,2995818752,2995.818752,82,6,101,1,20250716_155355
1752648785.4442806,11702456,2995828736,2995.828736,86,6,97,1,20250716_155355
1752648785.4545205,11702496,2995838976,2995.838976,90,6,96,1,20250716_155355
1752648785.4645045,11702535,2995848960,2995.84896,94,6,98,1,20250716_155355
1752648785.4744885,11702574,2995858944,2995.858944,97,6,96,1,20250716_155355
1752648785.4844725,11702613,2995868928,2995.868928,101,6,93,1,20250716_155355
1752648785.4944563,11702652,2995878912,2995.878912,104,6,95,1,20250716_155355
1752648785.5044403,11702691,2995888896,2995.888896,107,6,95,1,20250716_155355
1752648785.5144246,11702730,2995898880,2995.89888,110,6,95,1,20250716_155355
1752648785.5244086,11702769,2995908864,2995.908864,112,6,96,1,20250716_155355
1752648785.5343926,11702808,2995918848,2995.918848,115,6,96,1,20250716_155355
1752648785.5443766,11702847,2995928832,2995.928832,118,6,98,1,20250716_155355
1752648785.5543606,11702886,2995938816,2995.938816,120,6,98,1,20250716_155355
1752648785.5643446,11702925,2995948800,2995.9488,122,6,99,1,20250716_155355
1752648785.574329,11702964,2995958784,2995.958784,125,6,100,1,20250716_155355
1752648785.5843124,11703003,2995968768,2995.968768,127,6,100,1,20250716_155355
1752648785.5945525,11703043,2995979008,2995.979008,129,6,101,1,20250716_155355
1752648785.6045363,11703082,2995988992,2995.988992,132,6,103,1,20250716_155355
1752648785.6145203,11703121,2995998976,2995.998976,134,6,104,1,20250716_155355
1752648785.6245046,11703160,2996008960,2996.00896,137,6,106,1,20250716_155355
1752648785.6344886,11703199,2996018944,2996.018944,139,6,107,1,20250716_155355
1752648785.6444726,11703238,2996028928,2996.028928,141,6,110,1,20250716_155355
1752648785.6544566,11703277,2996038912,2996.038912,144,6,112,1,20250716_155355
1752648785.6644406,11703316,2996048896,2996.048896,147,6,114,1,20250716_155355
1752648785.6744246,11703355,2996058880,2996.05888,149,6,116,1,20250716_155355
1752648785.684409,11703394,2996068864,2996.068864,152,6,118,1,20250716_155355
1752648785.6943924,11703433,2996078848,2996.078848,155,6,123,1,20250716_155355
1752648785.7043765,11703472,2996088832,2996.088832,159,6,125,1,20250716_155355
1752648785.7143605,11703511,2996098816,2996.098816,162,6,130,1,20250716_155355
1752648785.7243445,11703550,2996108800,2996.1088,166,6,139,1,20250716_155355
1752648785.7343285,11703589,2996118784,2996.118784,170,6,144,1,20250716_155355
1752648785.7445686,11703629,2996129024,2996.129024,174,6,147,1,20250716_155355
1752648785.7545526,11703668,2996139008,2996.139008,179,6,154,1,20250716_155355
1752648785.7645366,11703707,2996148992,2996.148992,183,6,158,1,20250716_155355
1752648785.7745206,11703746,2996158976,2996.158976,188,6,162,1,20250716_155355
1752648785.784505,11703785,2996168960,2996.16896,193,6,167,1,20250716_155355
1752648785.794489,11703824,2996178944,2996.178944,198,6,170,1,20250716_155355
1752648785.8044724,11703863,2996188928,2996.188928,202,6,171,1,20250716_155355
1752648785.8144565,11703902,2996198912,2996.198912,206,6,171,1,20250716_155355
1752648785.8244405,11703941,2996208896,2996.208896,211,6,171,1,20250716_155355
1752648785.8344245,11703980,2996218880,2996.21888,215,6,173,1,20250716_155355
1752648785.8444085,11704019,2996228864,2996.228864,218,6,173,1,20250716_155355
1752648785.8543923,11704058,2996238848,2996.238848,222,6,173,1,20250716_155355
1752648785.8643763,11704097,2996248832,2996.248832,225,6,174,1,20250716_155355
1752648785.8743606,11704136,2996258816,2996.258816,229,6,174,1,20250716_155355
1752648785.8846006,11704176,2996269056,2996.269056,232,6,174,1,20250716_155355
1752648785.894585,11704215,2996279040,2996.27904,235,6,175,1,20250716_155355
1752648785.904569,11704254,2996289024,2996.289024,238,6,174,1,20250716_155355
1752648785.9145525,11704293,2996299008,2996.299008,240,6,175,1,20250716_155355
1752648785.9245365,11704332,2996308992,2996.308992,243,6,175,1,20250716_155355
1752648785.9345205,11704371,2996318976,2996.318976,245,6,174,1,20250716_155355
1752648785.9445045,11704410,2996328960,2996.32896,248,6,175,1,20250716_155355
1752648785.9544885,11704449,2996338944,2996.338944,250,6,174,1,20250716_155355
1752648785.9644723,11704488,2996348928,2996.348928,253,6,174,1,20250716_155355
1752648785.9744563,11704527,2996358912,2996.358912,0,6,175,1,20250716_155355
1752648785.9844406,11704566,2996368896,2996.368896,2,6,174,1,20250716_155355
1752648785.9946806,11704606,2996379136,2996.379136,4,6,174,1,20250716_155355
1752648786.004665,11704645,2996389120,2996.38912,6,6,173,1,20250716_155355
1752648786.014649,11704684,2996399104,2996.399104,8,6,173,1,20250716_155355
1752648786.0246325,11704723,2996409088,2996.409088,10,6,173,1,20250716_155355
1752648786.0346165,11704762,2996419072,2996.419072,12,6,173,1,20250716_155355
1752648786.0446005,11704801,2996429056,2996.429056,14,6,172,1,20250716_155355
1752648786.0545845,11704840,2996439040,2996.43904,16,6,172,1,20250716_155355
1752648786.0645683,11704879,2996449024,2996.449024,18,6,171,1,20250716_155355
1752648786.0748086,11704919,2996459264,2996.459264,20,6,170,1,20250716_155355
1752648786.0847926,11704958,2996469248,2996.469248,22,6,170,1,20250716_155355
1752648786.0947766,11704997,2996479232,2996.479232,24,6,170,1,20250716_155355
1752648786.1047606,11705036,2996489216,2996.489216,26,6,169,1,20250716_155355
1752648786.114745,11705075,2996499200,2996.4992,29,6,168,1,20250716_155355
1752648786.1247284,11705114,2996509184,2996.509184,31,6,166,1,20250716_155355
1752648786.1347125,11705153,2996519168,2996.519168,33,6,166,1,20250716_155355
1752648786.1446965,11705192,2996529152,2996.529152,35,6,164,1,20250716_155355
1752648786.1549366,11705232,2996539392,2996.539392,38,6,163,1,20250716_155355
1752648786.1649206,11705271,2996549376,2996.549376,40,6,162,1,20250716_155355
1752648786.1749046,11705310,2996559360,2996.55936,43,6,160,1,20250716_155355
1752648786.1848886,11705349,2996569344,2996.569344,46,6,156,1,20250716_155355
1752648786.1948726,11705388,2996579328,2996.579328,49,5,146,1,20250716_155355
1752648786.2048566,11705427,2996589312,2996.589312,53,6,139,1,20250716_155355
1752648786.2150965,11705467,2996599552,2996.599552,57,6,131,1,20250716_155355
1752648786.2250805,11705506,2996609536,2996.609536,61,6,127,1,20250716_155355
1752648786.2350645,11705545,2996619520,2996.61952,65,6,123,1,20250716_155355
1752648786.2450483,11705584,2996629504,2996.629504,69,5,116,1,20250716_155355
1752648786.2550323,11705623,2996639488,2996.639488,74,6,112,1,20250716_155355
1752648786.2650166,11705662,2996649472,2996.649472,78,6,107,1,20250716_155355
1752648786.2750006,11705701,2996659456,2996.659456,82,6,103,1,20250716_155355
1752648786.2849846,11705740,2996669440,2996.66944,86,6,99,1,20250716_155355
1752648786.295225,11705780,2996679680,2996.67968,90,6,96,1,20250716_155355
1752648786.3052084,11705819,2996689664,2996.689664,94,5,97,1,20250716_155355
1752648786.3151925,11705858,2996699648,2996.699648,97,6,96,1,20250716_155355
1752648786.3251765,11705897,2996709632,2996.709632,100,5,94,1,20250716_155355
1752648786.3351605,11705936,2996719616,2996.719616,104,5,92,1,20250716_155355
1752648786.3451445,11705975,2996729600,2996.7296,107,6,96,1,20250716_155355
1752648786.3551283,11706014,2996739584,2996.739584,109,6,96,1,20250716_155355
1752648786.3651123,11706053,2996749568,2996.749568,112,6,96,1,20250716_155355
1752648786.3753526,11706093,2996759808,2996.759808,115,6,96,1,20250716_155355
1752648786.3853366,11706132,2996769792,2996.769792,117,6,96,1,20250716_155355
1752648786.395321,11706171,2996779776,2996.779776,120,6,98,1,20250716_155355
1752648786.405305,11706210,2996789760,2996.78976,122,6,99,1,20250716_155355
1752648786.4152884,11706249,2996799744,2996.799744,125,6,100,1,20250716_155355
1752648786.4252725,11706288,2996809728,2996.809728,127,6,100,1,20250716_155355
1752648786.4355123,11706328,2996819968,2996.819968,129,6,102,1,20250716_155355
1752648786.4454966,11706367,2996829952,2996.829952,132,6,102,1,20250716_155355
1752648786.4554806,11706406,2996839936,2996.839936,134,6,104,1,20250716_155355
1752648786.4654646,11706445,2996849920,2996.84992,136,6,106,1,20250716_155355
1752648786.4754486,11706484,2996859904,2996.859904,139,6,107,1,20250716_155355
1752648786.4854326,11706523,2996869888,2996.869888,141,6,109,1,20250716_155355
1752648786.4954166,11706562,2996879872,2996.879872,144,6,112,1,20250716_155355
1752648786.505401,11706601,2996889856,2996.889856,147,6,115,1,20250716_155355
1752648786.515385,11706640,2996899840,2996.89984,149,6,118,1,20250716_155355
1752648786.5253685,11706679,2996909824,2996.909824,152,6,121,1,20250716_155355
1752648786.5353525,11706718,2996919808,2996.919808,156,6,125,1,20250716_155355
1752648786.5455923,11706758,2996930048,2996.930048,159,6,128,1,20250716_155355
1752648786.5555766,11706797,2996940032,2996.940032,163,6,138,1,20250716_155355
1752648786.5655606,11706836,2996950016,2996.950016,167,6,144,1,20250716_155355
1752648786.5755446,11706875,2996960000,2996.96,171,6,147,1,20250716_155355
1752648786.5855286,11706914,2996969984,2996.969984,176,6,153,1,20250716_155355
1752648786.5955126,11706953,2996979968,2996.979968,181,5,157,1,20250716_155355
1752648786.6054966,11706992,2996989952,2996.989952,185,6,162,1,20250716_155355
1752648786.615481,11707031,2996999936,2996.999936,190,6,166,1,20250716_155355
1752648786.6254644,11707070,2997009920,2997.00992,195,6,170,1,20250716_155355
1752648786.6354485,11707109,2997019904,2997.019904,200,6,171,1,20250716_155355
1752648786.6454325,11707148,2997029888,2997.029888,204,6,172,1,20250716_155355
1752648786.6554165,11707187,2997039872,2997.039872,208,6,173,1,20250716_155355
1752648786.6654005,11707226,2997049856,2997.049856,212,6,172,1,20250716_155355
1752648786.6753843,11707265,2997059840,2997.05984,216,6,173,1,20250716_155355
1752648786.6853683,11707304,2997069824,2997.069824,220,6,173,1,20250716_155355
1752648786.6956086,11707344,2997080064,2997.080064,224,6,173,1,20250716_155355
1752648786.7055926,11707383,2997090048,2997.090048,227,6,174,1,20250716_155355
1752648786.7155766,11707422,2997100032,2997.100032,230,6,174,1,20250716_155355
1752648786.725561,11707461,2997110016,2997.110016,233,6,174,1,20250716_155355
1752648786.7355444,11707500,2997120000,2997.12,236,6,175,1,20250716_155355
1752648786.7455285,11707539,2997129984,2997.129984,239,6,175,1,20250716_155355
1752648786.7555125,11707578,2997139968,2997.139968,242,6,175,1,20250716_155355
1752648786.7654965,11707617,2997149952,2997.149952,244,6,175,1,20250716_155355
1752648786.7754805,11707656,2997159936,2997.159936,247,6,174,1,20250716_155355
1752648786.7854643,11707695,2997169920,2997.16992,249,6,174,1,20250716_155355
1752648786.7954483,11707734,2997179904,2997.179904,251,6,174,1,20250716_155355
1752648786.8054326,11707773,2997189888,2997.189888,254,6,173,1,20250716_155355
1752648786.8154166,11707812,2997199872,2997.199872,1,6,174,1,20250716_155355
1752648786.8254006,11707851,2997209856,2997.209856,3,6,174,1,20250716_155355
1752648786.835641,11707891,2997220096,2997.220096,5,6,172,1,20250716_155355
1752648786.8456244,11707930,2997230080,2997.23008,7,6,172,1,20250716_155355
1752648786.8556085,11707969,2997240064,2997.240064,9,5,172,1,20250716_155355
1752648786.8655925,11708008,2997250048,2997.250048,11,6,171,1,20250716_155355
1752648786.8755765,11708047,2997260032,2997.260032,13,6,170,1,20250716_155355
1752648786.8855605,11708086,2997270016,2997.270016,15,6,171,1,20250716_155355
1752648786.8955443,11708125,2997280000,2997.28,17,6,170,1,20250716_155355
1752648786.9055283,11708164,2997289984,2997.289984,19,6,170,1,20250716_155355
1752648786.9155126,11708203,2997299968,2997.299968,21,6,171,1,20250716_155355
1752648786.9254966,11708242,2997309952,2997.309952,24,6,168,1,20250716_155355
1752648786.9354806,11708281,2997319936,2997.319936,26,6,168,1,20250716_155355
1752648786.9454646,11708320,2997329920,2997.32992,28,6,167,1,20250716_155355
1752648786.9554486,11708359,2997339904,2997.339904,30,6,165,1,20250716_155355
1752648786.9654326,11708398,2997349888,2997.349888,32,6,166,1,20250716_155355
1752648786.9756725,11708438,2997360128,2997.360128,35,6,164,1,20250716_155355
1752648786.9856565,11708477,2997370112,2997.370112,37,6,162,1,20250716_155355
1752648786.9956405,11708516,2997380096,2997.380096,40,6,160,1,20250716_155355
1752648787.0056243,11708555,2997390080,2997.39008,43,6,154,1,20250716_155355
1752648787.0156083,11708594,2997400064,2997.400064,46,6,146,1,20250716_155355
1752648787.0255926,11708633,2997410048,2997.410048,50,6,138,1,20250716_155355
1752648787.0355766,11708672,2997420032,2997.420032,53,6,131,1,20250716_155355
1752648787.0455606,11708711,2997430016,2997.430016,58,6,127,1,20250716_155355
1752648787.0555446,11708750,2997440000,2997.44,62,6,122,1,20250716_155355
1752648787.0655286,11708789,2997449984,2997.449984,66,6,117,1,20250716_155355
1752648787.0755126,11708828,2997459968,2997.459968,71,6,111,1,20250716_155355
1752648787.085497,11708867,2997469952,2997.469952,75,6,106,1,20250716_155355
1752648787.0954804,11708906,2997479936,2997.479936,79,6,102,1,20250716_155355
1752648787.1054645,11708945,2997489920,2997.48992,83,6,98,1,20250716_155355
1752648787.1154485,11708984,2997499904,2997.499904,87,6,95,1,20250716_155355
1752648787.1256886,11709024,2997510144,2997.510144,91,6,98,1,20250716_155355
1752648787.1356726,11709063,2997520128,2997.520128,95,6,98,1,20250716_155355
1752648787.1456566,11709102,2997530112,2997.530112,98,6,96,1,20250716_155355
1752648787.1556406,11709141,2997540096,2997.540096,101,6,95,1,20250716_155355
1752648787.1656246,11709180,2997550080,2997.55008,105,6,95,1,20250716_155355
1752648787.1756086,11709219,2997560064,2997.560064,108,6,96,1,20250716_155355
1752648787.185593,11709258,2997570048,2997.570048,110,6,96,1,20250716_155355
1752648787.195577,11709297,2997580032,2997.580032,113,6,96,1,20250716_155355
1752648787.2055604,11709336,2997590016,2997.590016,116,6,96,1,20250716_155355
1752648787.2155445,11709375,2997600000,2997.6,118,6,98,1,20250716_155355
1752648787.2255285,11709414,2997609984,2997.609984,121,6,99,1,20250716_155355
1752648787.2355125,11709453,2997619968,2997.619968,123,6,99,1,20250716_155355
1752648787.2454965,11709492,2997629952,2997.629952,125,6,100,1,20250716_155355
1752648787.2554803,11709531,2997639936,2997.639936,128,6,101,1,20250716_155355
1752648787.2657206,11709571,2997650176,2997.650176,130,6,102,1,20250716_155355
1752648787.2757046,11709610,2997660160,2997.66016,133,6,103,1,20250716_155355
1752648787.2856886,11709649,2997670144,2997.670144,135,6,104,1,20250716_155355
1752648787.295673,11709688,2997680128,2997.680128,137,6,105,1,20250716_155355
1752648787.305657,11709727,2997690112,2997.690112,140,6,107,1,20250716_155355
1752648787.3156404,11709766,2997700096,2997.700096,142,6,108,1,20250716_155355
1752648787.3256245,11709805,2997710080,2997.71008,145,6,111,1,20250716_155355
1752648787.3356085,11709844,2997720064,2997.720064,147,6,113,1,20250716_155355
1752648787.3455925,11709883,2997730048,2997.730048,150,6,115,1,20250716_155355
1752648787.3555765,11709922,2997740032,2997.740032,153,6,118,1,20250716_155355
1752648787.3655603,11709961,2997750016,2997.750016,156,6,122,1,20250716_155355
1752648787.3755443,11710000,2997760000,2997.76,159,6,127,1,20250716_155355
1752648787.3855286,11710039,2997769984,2997.769984,163,6,133,1,20250716_155355
1752648787.3955126,11710078,2997779968,2997.779968,167,6,140,1,20250716_155355
1752648787.405753,11710118,2997790208,2997.790208,171,6,145,1,20250716_155355
1752648787.415737,11710157,2997800192,2997.800192,175,6,150,1,20250716_155355
1752648787.4257205,11710196,2997810176,2997.810176,180,6,154,1,20250716_155355
1752648787.4357045,11710235,2997820160,2997.82016,184,6,159,1,20250716_155355
1752648787.4456885,11710274,2997830144,2997.830144,189,6,163,1,20250716_155355
1752648787.4556725,11710313,2997840128,2997.840128,194,6,168,1,20250716_155355
1752648787.4656565,11710352,2997850112,2997.850112,199,6,171,1,20250716_155355
1752648787.4756403,11710391,2997860096,2997.860096,203,6,171,1,20250716_155355
1752648787.4856246,11710430,2997870080,2997.87008,207,6,172,1,20250716_155355
1752648787.4956086,11710469,2997880064,2997.880064,211,6,173,1,20250716_155355
1752648787.5055926,11710508,2997890048,2997.890048,215,6,174,1,20250716_155355
1752648787.5155766,11710547,2997900032,2997.900032,219,7,174,1,20250716_155355
1752648787.5255606,11710586,2997910016,2997.910016,223,6,174,1,20250716_155355
1752648787.5355446,11710625,2997920000,2997.92,226,6,174,1,20250716_155355
1752648787.5457845,11710665,2997930240,2997.93024,229,6,176,1,20250716_155355
1752648787.5557685,11710704,2997940224,2997.940224,232,6,174,1,20250716_155355
1752648787.5657525,11710743,2997950208,2997.950208,235,6,175,1,20250716_155355
1752648787.5757363,11710782,2997960192,2997.960192,238,6,174,1,20250716_155355
1752648787.5857203,11710821,2997970176,2997.970176,241,6,174,1,20250716_155355
1752648787.5957046,11710860,2997980160,2997.98016,244,6,174,1,20250716_155355
1752648787.6056886,11710899,2997990144,2997.990144,246,6,174,1,20250716_155355
1752648787.6156726,11710938,2998000128,2998.000128,248,6,175,1,20250716_155355
1752648787.6256566,11710977,2998010112,2998.010112,251,6,173,1,20250716_155355
1752648787.6356406,11711016,2998020096,2998.020096,253,6,174,1,20250716_155355
1752648787.6456246,11711055,2998030080,2998.03008,0,6,174,1,20250716_155355
1752648787.655609,11711094,2998040064,2998.040064,2,6,174,1,20250716_155355
1752648787.665593,11711133,2998050048,2998.050048,4,6,174,1,20250716_155355
1752648787.6755764,11711172,2998060032,2998.060032,6,6,174,1,20250716_155355
1752648787.6858163,11711212,2998070272,2998.070272,9,6,173,1,20250716_155355
1752648787.6958003,11711251,2998080256,2998.080256,11,6,173,1,20250716_155355
1752648787.7057846,11711290,2998090240,2998.09024,13,6,173,1,20250716_155355
1752648787.7157686,11711329,2998100224,2998.100224,15,6,172,1,20250716_155355
1752648787.7257526,11711368,2998110208,2998.110208,16,6,172,1,20250716_155355
1752648787.7357366,11711407,2998120192,2998.120192,18,6,171,1,20250716_155355
1752648787.7457206,11711446,2998130176,2998.130176,20,6,170,1,20250716_155355
1752648787.7557046,11711485,2998140160,2998.14016,22,7,171,1,20250716_155355
1752648787.765689,11711524,2998150144,2998.150144,24,6,170,1,20250716_155355
1752648787.775673,11711563,2998160128,2998.160128,27,6,168,1,20250716_155355
1752648787.7856565,11711602,2998170112,2998.170112,29,6,168,1,20250716_155355
1752648787.7956405,11711641,2998180096,2998.180096,31,6,167,1,20250716_155355
1752648787.8056245,11711680,2998190080,2998.19008,33,6,166,1,20250716_155355
1752648787.8156085,11711719,2998200064,2998.200064,35,6,166,1,20250716_155355
1752648787.8255925,11711758,2998210048,2998.210048,38,6,163,1,20250716_155355
1752648787.8358326,11711798,2998220288,2998.220288,40,6,161,1,20250716_155355
1752648787.8458166,11711837,2998230272,2998.230272,43,6,158,1,20250716_155355
1752648787.8558006,11711876,2998240256,2998.240256,46,6,150,1,20250716_155355
1752648787.8657846,11711915,2998250240,2998.25024,49,6,144,1,20250716_155355
1752648787.875769,11711954,2998260224,2998.260224,53,6,136,1,20250716_155355
1752648787.8857524,11711993,2998270208,2998.270208,57,6,129,1,20250716_155355
1752648787.8957365,11712032,2998280192,2998.280192,61,6,126,1,20250716_155355
1752648787.9057205,11712071,2998290176,2998.290176,65,6,120,1,20250716_155355
1752648787.9157045,11712110,2998300160,2998.30016,70,6,114,1,20250716_155355
1752648787.9256885,11712149,2998310144,2998.310144,74,6,110,1,20250716_155355
1752648787.9356723,11712188,2998320128,2998.320128,78,6,106,1,20250716_155355
1752648787.9456563,11712227,2998330112,2998.330112,83,6,101,1,20250716_155355
1752648787.9556406,11712266,2998340096,2998.340096,87,6,98,1,20250716_155355
1752648787.9656246,11712305,2998350080,2998.35008,90,6,96,1,20250716_155355
1752648787.9756086,11712344,2998360064,2998.360064,94,6,97,1,20250716_155355
1752648787.985849,11712384,2998370304,2998.370304,97,6,97,1,20250716_155355
1752648787.9958324,11712423,2998380288,2998.380288,101,6,94,1,20250716_155355
1752648788.0058165,11712462,2998390272,2998.390272,104,6,95,1,20250716_155355
1752648788.0158005,11712501,2998400256,2998.400256,107,6,96,1,20250716_155355
1752648788.0257845,11712540,2998410240,2998.41024,110,6,96,1,20250716_155355
1752648788.0357685,11712579,2998420224,2998.420224,112,6,96,1,20250716_155355
1752648788.0457523,11712618,2998430208,2998.430208,115,6,97,1,20250716_155355
1752648788.0557363,11712657,2998440192,2998.440192,118,6,97,1,20250716_155355
1752648788.0657206,11712696,2998450176,2998.450176,120,6,98,1,20250716_155355
1752648788.0757046,11712735,2998460160,2998.46016,123,6,100,1,20250716_155355
1752648788.0856886,11712774,2998470144,2998.470144,125,6,100,1,20250716_155355
1752648788.0956726,11712813,2998480128,2998.480128,127,6,101,1,20250716_155355
1752648788.1056566,11712852,2998490112,2998.490112,130,6,103,1,20250716_155355
1752648788.1156406,11712891,2998500096,2998.500096,132,6,104,1,20250716_155355
1752648788.1258805,11712931,2998510336,2998.510336,135,6,106,1,20250716_155355
1752648788.1358645,11712970,2998520320,2998.52032,137,6,107,1,20250716_155355
1752648788.1458485,11713009,2998530304,2998.530304,139,6,108,1,20250716_155355
1752648788.1558323,11713048,2998540288,2998.540288,142,6,110,1,20250716_155355
1752648788.1658163,11713087,2998550272,2998.550272,145,6,111,1,20250716_155355
1752648788.1758006,11713126,2998560256,2998.560256,147,6,116,1,20250716_155355
1752648788.1857846,11713165,2998570240,2998.57024,150,6,118,1,20250716_155355
1752648788.1957686,11713204,2998580224,2998.580224,153,6,122,1,20250716_155355
1752648788.2057526,11713243,2998590208,2998.590208,157,6,127,1,20250716_155355
1752648788.2157366,11713282,2998600192,2998.600192,160,6,130,1,20250716_155355
1752648788.2257206,11713321,2998610176,2998.610176,164,6,139,1,20250716_155355
1752648788.235705,11713360,2998620160,2998.62016,168,6,143,1,20250716_155355
1752648788.2456884,11713399,2998630144,2998.630144,172,6,148,1,20250716_155355
1752648788.2556725,11713438,2998640128,2998.640128,177,6,153,1,20250716_155355
1752648788.2659123,11713478,2998650368,2998.650368,182,6,157,1,20250716_155355
1752648788.2758963,11713517,2998660352,2998.660352,186,6,162,1,20250716_155355
1752648788.2858806,11713556,2998670336,2998.670336,191,6,165,1,20250716_155355
1752648788.2958646,11713595,2998680320,2998.68032,196,6,170,1,20250716_155355
1752648788.3058486,11713634,2998690304,2998.690304,200,6,171,1,20250716_155355
1752648788.3158326,11713673,2998700288,2998.700288,205,6,170,1,20250716_155355
1752648788.3258166,11713712,2998710272,2998.710272,209,6,171,1,20250716_155355
1752648788.3358006,11713751,2998720256,2998.720256,213,6,173,1,20250716_155355
1752648788.345785,11713790,2998730240,2998.73024,217,6,173,1,20250716_155355
1752648788.3557684,11713829,2998740224,2998.740224,221,6,174,1,20250716_155355
1752648788.3657525,11713868,2998750208,2998.750208,224,6,174,1,20250716_155355
1752648788.3757365,11713907,2998760192,2998.760192,228,6,174,1,20250716_155355
1752648788.3857205,11713946,2998770176,2998.770176,231,6,174,1,20250716_155355
1752648788.3957045,11713985,2998780160,2998.78016,234,6,174,1,20250716_155355
1752648788.4056883,11714024,2998790144,2998.790144,237,6,175,1,20250716_155355
1752648788.4159286,11714064,2998800384,2998.800384,239,6,174,1,20250716_155355
1752648788.4259126,11714103,2998810368,2998.810368,242,6,175,1,20250716_155355
1752648788.4358966,11714142,2998820352,2998.820352,245,6,175,1,20250716_155355
1752648788.445881,11714181,2998830336,2998.830336,247,6,174,1,20250716_155355
1752648788.455865,11714220,2998840320,2998.84032,249,7,175,1,20250716_155355
1752648788.4658484,11714259,2998850304,2998.850304,252,7,173,1,20250716_155355
1752648788.4758325,11714298,2998860288,2998.860288,254,7,174,1,20250716_155355
1752648788.4858165,11714337,2998870272,2998.870272,1,7,173,1,20250716_155355
1752648788.4958005,11714376,2998880256,2998.880256,3,7,173,1,20250716_155355
1752648788.5057845,11714415,2998890240,2998.89024,5,6,172,1,20250716_155355
1752648788.5157683,11714454,2998900224,2998.900224,8,6,172,1,20250716_155355
1752648788.5257523,11714493,2998910208,2998.910208,10,6,172,1,20250716_155355
1752648788.5357366,11714532,2998920192,2998.920192,12,7,172,1,20250716_155355
1752648788.5457206,11714571,2998930176,2998.930176,14,6,171,1,20250716_155355
1752648788.555961,11714611,2998940416,2998.940416,16,7,170,1,20250716_155355
1752648788.565945,11714650,2998950400,2998.9504,18,6,170,1,20250716_155355
1752648788.5759284,11714689,2998960384,2998.960384,20,7,169,1,20250716_155355
1752648788.5859125,11714728,2998970368,2998.970368,22,6,169,1,20250716_155355
1752648788.5958965,11714767,2998980352,2998.980352,24,7,168,1,20250716_155355
1752648788.6058805,11714806,2998990336,2998.990336,26,6,166,1,20250716_155355
1752648788.6158645,11714845,2999000320,2999.00032,28,6,165,1,20250716_155355
1752648788.6258483,11714884,2999010304,2999.010304,31,6,164,1,20250716_155355
1752648788.6358323,11714923,2999020288,2999.020288,33,6,162,1,20250716_155355
1752648788.6458166,11714962,2999030272,2999.030272,36,6,160,1,20250716_155355
1752648788.6558006,11715001,2999040256,2999.040256,38,6,154,1,20250716_155355
1752648788.6657846,11715040,2999050240,2999.05024,42,6,146,1,20250716_155355
1752648788.6757686,11715079,2999060224,2999.060224,45,7,138,1,20250716_155355
1752648788.6857526,11715118,2999070208,2999.070208,49,6,132,1,20250716_155355
1752648788.6957366,11715157,2999080192,2999.080192,53,6,127,1,20250716_155355
1752648788.7059765,11715197,2999090432,2999.090432,58,6,123,1,20250716_155355
1752648788.7159605,11715236,2999100416,2999.100416,62,6,113,1,20250716_155355
1752648788.7259445,11715275,2999110400,2999.1104,67,6,110,1,20250716_155355
1752648788.7359283,11715314,2999120384,2999.120384,71,6,106,1,20250716_155355
1752648788.7459126,11715353,2999130368,2999.130368,75,6,102,1,20250716_155355
1752648788.7558966,11715392,2999140352,2999.140352,80,6,99,1,20250716_155355
1752648788.7658806,11715431,2999150336,2999.150336,84,6,96,1,20250716_155355
1752648788.7758646,11715470,2999160320,2999.16032,88,6,96,1,20250716_155355
1752648788.7858486,11715509,2999170304,2999.170304,92,6,98,1,20250716_155355
1752648788.7958326,11715548,2999180288,2999.180288,95,6,96,1,20250716_155355
1752648788.805817,11715587,2999190272,2999.190272,99,6,93,1,20250716_155355
1752648788.815801,11715626,2999200256,2999.200256,102,7,96,1,20250716_155355
1752648788.8257844,11715665,2999210240,2999.21024,105,6,95,1,20250716_155355
1752648788.8357685,11715704,2999220224,2999.220224,108,6,96,1,20250716_155355
1752648788.8460083,11715744,2999230464,2999.230464,111,6,96,1,20250716_155355
1752648788.8559926,11715783,2999240448,2999.240448,113,6,95,1,20250716_155355
1752648788.8659766,11715822,2999250432,2999.250432,116,6,98,1,20250716_155355
1752648788.8759606,11715861,2999260416,2999.260416,119,6,98,1,20250716_155355
1752648788.8859446,11715900,2999270400,2999.2704,121,6,101,1,20250716_155355
1752648788.8959286,11715939,2999280384,2999.280384,124,7,100,1,20250716_155355
1752648788.9059126,11715978,2999290368,2999.290368,126,6,101,1,20250716_155355
1752648788.915897,11716017,2999300352,2999.300352,128,6,103,1,20250716_155355
1752648788.925881,11716056,2999310336,2999.310336,131,6,103,1,20250716_155355
1752648788.9358644,11716095,2999320320,2999.32032,133,6,105,1,20250716_155355
1752648788.9458485,11716134,2999330304,2999.330304,136,7,108,1,20250716_155355
1752648788.9558325,11716173,2999340288,2999.340288,138,7,108,1,20250716_155355
1752648788.9658165,11716212,2999350272,2999.350272,141,8,110,1,20250716_155355
1752648788.9758005,11716251,2999360256,2999.360256,143,6,111,1,20250716_155355
1752648788.9857843,11716290,2999370240,2999.37024,146,7,113,1,20250716_155355
1752648788.9960246,11716330,2999380480,2999.38048,149,7,116,1,20250716_155355
1752648789.0060086,11716369,2999390464,2999.390464,151,8,120,1,20250716_155355
1752648789.0159926,11716408,2999400448,2999.400448,155,5,124,1,20250716_155355
1752648789.025977,11716447,2999410432,2999.410432,158,5,127,1,20250716_155355
1752648789.035961,11716486,2999420416,2999.420416,162,5,132,1,20250716_155355
1752648789.0459445,11716525,2999430400,2999.4304,165,6,140,1,20250716_155355
1752648789.0559285,11716564,2999440384,2999.440384,170,5,145,1,20250716_155355
1752648789.0659125,11716603,2999450368,2999.450368,174,6,150,1,20250716_155355
1752648789.0758965,11716642,2999460352,2999.460352,179,6,154,1,20250716_155355
1752648789.0858805,11716681,2999470336,2999.470336,183,5,159,1,20250716_155355
1752648789.0958643,11716720,2999480320,2999.48032,188,6,164,1,20250716_155355
1752648789.1058486,11716759,2999490304,2999.490304,193,5,168,1,20250716_155355
1752648789.1158326,11716798,2999500288,2999.500288,198,6,171,1,20250716_155355
1752648789.1258166,11716837,2999510272,2999.510272,202,6,173,1,20250716_155355
1752648789.136057,11716877,2999520512,2999.520512,207,6,172,1,20250716_155355
1752648789.1460404,11716916,2999530496,2999.530496,211,6,172,1,20250716_155355
1752648789.1560245,11716955,2999540480,2999.54048,215,6,173,1,20250716_155355
1752648789.1660085,11716994,2999550464,2999.550464,218,6,173,1,20250716_155355
1752648789.1759925,11717033,2999560448,2999.560448,222,6,173,1,20250716_155355
1752648789.1859765,11717072,2999570432,2999.570432,225,6,174,1,20250716_155355
1752648789.1959603,11717111,2999580416,2999.580416,229,5,174,1,20250716_155355
1752648789.2059443,11717150,2999590400,2999.5904,232,5,174,1,20250716_155355
1752648789.2159286,11717189,2999600384,2999.600384,235,6,174,1,20250716_155355
1752648789.2259126,11717228,2999610368,2999.610368,238,6,174,1,20250716_155355
1752648789.2358966,11717267,2999620352,2999.620352,240,5,174,1,20250716_155355
1752648789.2458806,11717306,2999630336,2999.630336,243,6,174,1,20250716_155355
1752648789.2558646,11717345,2999640320,2999.64032,246,5,174,1,20250716_155355
1752648789.2658486,11717384,2999650304,2999.650304,248,5,174,1,20250716_155355
1752648789.275833,11717423,2999660288,2999.660288,250,6,173,1,20250716_155355
1752648789.2860725,11717463,2999670528,2999.670528,253,6,174,1,20250716_155355
1752648789.2960565,11717502,2999680512,2999.680512,0,6,174,1,20250716_155355
1752648789.3060403,11717541,2999690496,2999.690496,2,6,174,1,20250716_155355
1752648789.3160243,11717580,2999700480,2999.70048,4,5,173,1,20250716_155355
1752648789.3260086,11717619,2999710464,2999.710464,6,6,174,1,20250716_155355
1752648789.3359926,11717658,2999720448,2999.720448,8,6,173,1,20250716_155355
1752648789.3459766,11717697,2999730432,2999.730432,10,5,173,1,20250716_155355
1752648789.3559606,11717736,2999740416,2999.740416,12,5,172,1,20250716_155355
1752648789.3659446,11717775,2999750400,2999.7504,14,5,172,1,20250716_155355
1752648789.3759286,11717814,2999760384,2999.760384,16,6,171,1,20250716_155355
1752648789.385913,11717853,2999770368,2999.770368,18,5,171,1,20250716_155355
1752648789.395897,11717892,2999780352,2999.780352,20,6,171,1,20250716_155355
1752648789.4058805,11717931,2999790336,2999.790336,22,6,171,1,20250716_155355
1752648789.4158645,11717970,2999800320,2999.80032,24,6,170,1,20250716_155355
1752648789.4261043,11718010,2999810560,2999.81056,26,6,169,1,20250716_155355
1752648789.4360886,11718049,2999820544,2999.820544,28,5,168,1,20250716_155355
1752648789.4460726,11718088,2999830528,2999.830528,30,5,167,1,20250716_155355
1752648789.4560566,11718127,2999840512,2999.840512,33,5,165,1,20250716_155355
1752648789.4660406,11718166,2999850496,2999.850496,35,5,163,1,20250716_155355
1752648789.4760246,11718205,2999860480,2999.86048,37,6,163,1,20250716_155355
1752648789.4860086,11718244,2999870464,2999.870464,40,6,161,1,20250716_155355
1752648789.495993,11718283,2999880448,2999.880448,43,6,157,1,20250716_155355
1752648789.5059764,11718322,2999890432,2999.890432,46,5,148,1,20250716_155355
1752648789.5159605,11718361,2999900416,2999.900416,49,6,142,1,20250716_155355
1752648789.5259445,11718400,2999910400,2999.9104,53,5,135,1,20250716_155355
1752648789.5359285,11718439,2999920384,2999.920384,57,5,127,1,20250716_155355
1752648789.5459125,11718478,2999930368,2999.930368,61,5,123,1,20250716_155355
1752648789.5558963,11718517,2999940352,2999.940352,65,5,118,1,20250716_155355
1752648789.5658803,11718556,2999950336,2999.950336,70,5,113,1,20250716_155355
1752648789.5761206,11718596,2999960576,2999.960576,74,6,108,1,20250716_155355
1752648789.5861046,11718635,2999970560,2999.97056,79,6,104,1,20250716_155355
1752648789.5960886,11718674,2999980544,2999.980544,83,6,100,1,20250716_155355
1752648789.606073,11718713,2999990528,2999.990528,87,5,97,1,20250716_155355
1752648789.6160564,11718752,3000000512,3000.000512,91,5,96,1,20250716_155355
1752648789.6260405,11718791,3000010496,3000.010496,94,5,98,1,20250716_155355
1752648789.6360245,11718830,3000020480,3000.02048,98,6,95,1,20250716_155355
1752648789.6460085,11718869,3000030464,3000.030464,101,5,95,1,20250716_155355
1752648789.6559925,11718908,3000040448,3000.040448,104,5,95,1,20250716_155355
1752648789.6659763,11718947,3000050432,3000.050432,107,5,93,1,20250716_155355
1752648789.6759603,11718986,3000060416,3000.060416,110,6,94,1,20250716_155355
1752648789.6859446,11719025,3000070400,3000.0704,113,5,96,1,20250716_155355
1752648789.6959286,11719064,3000080384,3000.080384,115,6,97,1,20250716_155355
1752648789.7059126,11719103,3000090368,3000.090368,118,5,98,1,20250716_155355
1752648789.7158966,11719142,3000100352,3000.100352,120,5,97,1,20250716_155355
1752648789.7261364,11719182,3000110592,3000.110592,123,5,99,1,20250716_155355
1752648789.7361205,11719221,3000120576,3000.120576,125,6,100,1,20250716_155355
1752648789.7461045,11719260,3000130560,3000.13056,127,5,101,1,20250716_155355
1752648789.7560885,11719299,3000140544,3000.140544,130,6,103,1,20250716_155355
1752648789.7660725,11719338,3000150528,3000.150528,132,6,105,1,20250716_155355
1752648789.7760563,11719377,3000160512,3000.160512,135,6,106,1,20250716_155355
1752648789.7860403,11719416,3000170496,3000.170496,137,6,107,1,20250716_155355
1752648789.7960246,11719455,3000180480,3000.18048,140,6,108,1,20250716_155355
1752648789.8060086,11719494,3000190464,3000.190464,142,6,111,1,20250716_155355
1752648789.8159926,11719533,3000200448,3000.200448,145,5,112,1,20250716_155355
1752648789.8259766,11719572,3000210432,3000.210432,147,6,115,1,20250716_155355
1752648789.8359606,11719611,3000220416,3000.220416,150,5,118,1,20250716_155355
1752648789.8459446,11719650,3000230400,3000.2304,153,6,122,1,20250716_155355
1752648789.855929,11719689,3000240384,3000.240384,157,6,126,1,20250716_155355
1752648789.8661685,11719729,3000250624,3000.250624,160,6,129,1,20250716_155355
1752648789.8761525,11719768,3000260608,3000.260608,164,6,138,1,20250716_155355
1752648789.8861363,11719807,3000270592,3000.270592,168,5,143,1,20250716_155355
1752648789.8961203,11719846,3000280576,3000.280576,172,6,148,1,20250716_155355
1752648789.9061046,11719885,3000290560,3000.29056,177,6,152,1,20250716_155355
1752648789.9160886,11719924,3000300544,3000.300544,181,6,157,1,20250716_155355
1752648789.9260726,11719963,3000310528,3000.310528,186,6,161,1,20250716_155355
1752648789.9360566,11720002,3000320512,3000.320512,191,6,164,1,20250716_155355
1752648789.9460406,11720041,3000330496,3000.330496,196,6,170,1,20250716_155355
1752648789.9560246,11720080,3000340480,3000.34048,200,6,171,1,20250716_155355
1752648789.966009,11720119,3000350464,3000.350464,205,5,169,1,20250716_155355
1752648789.9759924,11720158,3000360448,3000.360448,209,6,171,1,20250716_155355
1752648789.9859765,11720197,3000370432,3000.370432,213,6,172,1,20250716_155355
1752648789.9959605,11720236,3000380416,3000.380416,217,6,173,1,20250716_155355
1752648790.0059445,11720275,3000390400,3000.3904,220,6,174,1,20250716_155355
1752648790.0161846,11720315,3000400640,3000.40064,224,6,174,1,20250716_155355
1752648790.0261686,11720354,3000410624,3000.410624,227,6,174,1,20250716_155355
1752648790.0361526,11720393,3000420608,3000.420608,231,5,172,1,20250716_155355
1752648790.0461366,11720432,3000430592,3000.430592,234,6,174,1,20250716_155355
1752648790.0561206,11720471,3000440576,3000.440576,236,6,174,1,20250716_155355
1752648790.066105,11720510,3000450560,3000.45056,239,6,172,1,20250716_155355
1752648790.076089,11720549,3000460544,3000.460544,242,6,174,1,20250716_155355
1752648790.0860724,11720588,3000470528,3000.470528,244,5,174,1,20250716_155355
1752648790.0960565,11720627,3000480512,3000.480512,247,6,174,1,20250716_155355
1752648790.1060405,11720666,3000490496,3000.490496,249,6,174,1,20250716_155355
1752648790.1160245,11720705,3000500480,3000.50048,252,6,174,1,20250716_155355
1752648790.1260085,11720744,3000510464,3000.510464,254,6,174,1,20250716_155355
1752648790.1359923,11720783,3000520448,3000.520448,1,6,173,1,20250716_155355
1752648790.1459763,11720822,3000530432,3000.530432,3,6,173,1,20250716_155355
1752648790.1562166,11720862,3000540672,3000.540672,5,6,172,1,20250716_155355
1752648790.1662006,11720901,3000550656,3000.550656,7,6,172,1,20250716_155355
1752648790.176185,11720940,3000560640,3000.56064,9,6,172,1,20250716_155355
1752648790.186169,11720979,3000570624,3000.570624,11,6,172,1,20250716_155355
1752648790.1961524,11721018,3000580608,3000.580608,13,6,172,1,20250716_155355
1752648790.2061365,11721057,3000590592,3000.590592,15,6,172,1,20250716_155355
1752648790.2161205,11721096,3000600576,3000.600576,17,6,171,1,20250716_155355
1752648790.2261045,11721135,3000610560,3000.61056,19,6,170,1,20250716_155355
1752648790.2360885,11721174,3000620544,3000.620544,21,6,169,1,20250716_155355
1752648790.2460723,11721213,3000630528,3000.630528,23,6,169,1,20250716_155355
1752648790.2560563,11721252,3000640512,3000.640512,25,6,167,1,20250716_155355
1752648790.2660406,11721291,3000650496,3000.650496,28,6,167,1,20250716_155355
1752648790.2760246,11721330,3000660480,3000.66048,30,6,166,1,20250716_155355
1752648790.2860086,11721369,3000670464,3000.670464,32,6,165,1,20250716_155355
1752648790.2959926,11721408,3000680448,3000.680448,34,6,164,1,20250716_155355
1752648790.3062325,11721448,3000690688,3000.690688,37,6,162,1,20250716_155355
1752648790.3162165,11721487,3000700672,3000.700672,40,6,156,1,20250716_155355
1752648790.3262005,11721526,3000710656,3000.710656,43,6,149,1,20250716_155355
1752648790.3361845,11721565,3000720640,3000.72064,46,6,140,1,20250716_155355
1752648790.3461685,11721604,3000730624,3000.730624,50,6,135,1,20250716_155355
1752648790.3561523,11721643,3000740608,3000.740608,54,6,129,1,20250716_155355
1752648790.3661366,11721682,3000750592,3000.750592,58,6,125,1,20250716_155355
1752648790.3761206,11721721,3000760576,3000.760576,62,6,118,1,20250716_155355
1752648790.3861046,11721760,3000770560,3000.77056,67,6,113,1,20250716_155355
1752648790.3960886,11721799,3000780544,3000.780544,71,5,107,1,20250716_155355
1752648790.4060726,11721838,3000790528,3000.790528,76,6,104,1,20250716_155355
1752648790.4160566,11721877,3000800512,3000.800512,80,6,100,1,20250716_155355
1752648790.4260406,11721916,3000810496,3000.810496,84,6,97,1,20250716_155355
1752648790.436025,11721955,3000820480,3000.82048,88,6,96,1,20250716_155355
1752648790.4462645,11721995,3000830720,3000.83072,92,5,98,1,20250716_155355
1752648790.4562483,11722034,3000840704,3000.840704,95,6,96,1,20250716_155355
1752648790.4662323,11722073,3000850688,3000.850688,99,6,93,1,20250716_155355
1752648790.4762166,11722112,3000860672,3000.860672,102,6,95,1,20250716_155355
1752648790.4862006,11722151,3000870656,3000.870656,105,6,95,1,20250716_155355
1752648790.4961846,11722190,3000880640,3000.88064,108,6,95,1,20250716_155355
1752648790.5061686,11722229,3000890624,3000.890624,111,6,96,1,20250716_155355
1752648790.5161526,11722268,3000900608,3000.900608,113,6,96,1,20250716_155355
1752648790.5261366,11722307,3000910592,3000.910592,116,6,98,1,20250716_155355
1752648790.536121,11722346,3000920576,3000.920576,119,6,98,1,20250716_155355
1752648790.546105,11722385,3000930560,3000.93056,121,6,99,1,20250716_155355
1752648790.5560884,11722424,3000940544,3000.940544,123,6,99,1,20250716_155355
1752648790.5660725,11722463,3000950528,3000.950528,126,6,100,1,20250716_155355
1752648790.5760565,11722502,3000960512,3000.960512,128,6,101,1,20250716_155355
1752648790.5860405,11722541,3000970496,3000.970496,131,5,102,1,20250716_155355
1752648790.5962806,11722581,3000980736,3000.980736,133,6,103,1,20250716_155355
1752648790.6062646,11722620,3000990720,3000.99072,135,6,104,1,20250716_155355
1752648790.6162486,11722659,3001000704,3001.000704,138,5,104,1,20250716_155355
1752648790.6262326,11722698,3001010688,3001.010688,140,6,108,1,20250716_155355
1752648790.6362166,11722737,3001020672,3001.020672,142,6,110,1,20250716_155355
1752648790.646201,11722776,3001030656,3001.030656,145,6,112,1,20250716_155355
1752648790.656185,11722815,3001040640,3001.04064,148,6,113,1,20250716_155355
1752648790.6661685,11722854,3001050624,3001.050624,150,6,116,1,20250716_155355
1752648790.6761525,11722893,3001060608,3001.060608,153,6,119,1,20250716_155355
1752648790.6861365,11722932,3001070592,3001.070592,156,6,123,1,20250716_155355
1752648790.6961205,11722971,3001080576,3001.080576,160,6,127,1,20250716_155355
1752648790.7061045,11723010,3001090560,3001.09056,163,6,132,1,20250716_155355
1752648790.7160883,11723049,3001100544,3001.100544,167,6,140,1,20250716_155355
1752648790.7260723,11723088,3001110528,3001.110528,171,6,144,1,20250716_155355
1752648790.7363126,11723128,3001120768,3001.120768,176,6,149,1,20250716_155355
1752648790.7462966,11723167,3001130752,3001.130752,180,6,153,1,20250716_155355
1752648790.756281,11723206,3001140736,3001.140736,185,6,158,1,20250716_155355
1752648790.7662644,11723245,3001150720,3001.15072,190,5,161,1,20250716_155355
1752648790.7762485,11723284,3001160704,3001.160704,194,5,168,1,20250716_155355
1752648790.7862325,11723323,3001170688,3001.170688,199,6,171,1,20250716_155355
1752648790.7962165,11723362,3001180672,3001.180672,203,6,171,1,20250716_155355
1752648790.8062005,11723401,3001190656,3001.190656,208,6,172,1,20250716_155355
1752648790.8161843,11723440,3001200640,3001.20064,212,6,172,1,20250716_155355
1752648790.8261683,11723479,3001210624,3001.210624,216,6,173,1,20250716_155355
1752648790.8361526,11723518,3001220608,3001.220608,220,6,173,1,20250716_155355
1752648790.8461366,11723557,3001230592,3001.230592,223,6,173,1,20250716_155355
1752648790.8561206,11723596,3001240576,3001.240576,226,6,174,1,20250716_155355
1752648790.8661046,11723635,3001250560,3001.25056,230,6,174,1,20250716_155355
1752648790.8763444,11723675,3001260800,3001.2608,233,6,174,1,20250716_155355
1752648790.8863285,11723714,3001270784,3001.270784,236,6,174,1,20250716_155355
1752648790.8963125,11723753,3001280768,3001.280768,239,6,174,1,20250716_155355
1752648790.9062965,11723792,3001290752,3001.290752,241,6,175,1,20250716_155355
1752648790.9162805,11723831,3001300736,3001.300736,244,6,174,1,20250716_155355
1752648790.9262643,11723870,3001310720,3001.31072,246,6,174,1,20250716_155355
1752648790.9362483,11723909,3001320704,3001.320704,249,6,174,1,20250716_155355
1752648790.9462326,11723948,3001330688,3001.330688,251,6,173,1,20250716_155355
1752648790.9562166,11723987,3001340672,3001.340672,253,6,172,1,20250716_155355
1752648790.9662006,11724026,3001350656,3001.350656,1,6,172,1,20250716_155355
1752648790.9761846,11724065,3001360640,3001.36064,3,6,173,1,20250716_155355
1752648790.9861686,11724104,3001370624,3001.370624,5,6,172,1,20250716_155355
1752648790.9961526,11724143,3001380608,3001.380608,7,6,172,1,20250716_155355
1752648791.006137,11724182,3001390592,3001.390592,9,6,172,1,20250716_155355
1752648791.016121,11724221,3001400576,3001.400576,11,6,171,1,20250716_155355
1752648791.0263605,11724261,3001410816,3001.410816,13,6,171,1,20250716_155355
1752648791.0363443,11724300,3001420800,3001.4208,15,6,171,1,20250716_155355
1752648791.0463283,11724339,3001430784,3001.430784,17,6,169,1,20250716_155355
1752648791.0563126,11724378,3001440768,3001.440768,19,6,170,1,20250716_155355
1752648791.0662966,11724417,3001450752,3001.450752,21,6,169,1,20250716_155355
1752648791.0762806,11724456,3001460736,3001.460736,23,6,168,1,20250716_155355
1752648791.0862646,11724495,3001470720,3001.47072,25,6,168,1,20250716_155355
1752648791.0962486,11724534,3001480704,3001.480704,28,6,166,1,20250716_155355
1752648791.1062326,11724573,3001490688,3001.490688,30,6,165,1,20250716_155355
1752648791.116217,11724612,3001500672,3001.500672,32,6,164,1,20250716_155355
1752648791.126201,11724651,3001510656,3001.510656,35,6,163,1,20250716_155355
1752648791.1361845,11724690,3001520640,3001.52064,37,6,160,1,20250716_155355
1752648791.1461685,11724729,3001530624,3001.530624,40,6,157,1,20250716_155355
1752648791.1561525,11724768,3001540608,3001.540608,43,6,149,1,20250716_155355
1752648791.1661365,11724807,3001550592,3001.550592,46,6,140,1,20250716_155355
1752648791.1763766,11724847,3001560832,3001.560832,50,6,133,1,20250716_155355
1752648791.1863606,11724886,3001570816,3001.570816,54,6,127,1,20250716_155355
1752648791.1963446,11724925,3001580800,3001.5808,58,6,122,1,20250716_155355
1752648791.2063286,11724964,3001590784,3001.590784,63,6,116,1,20250716_155355
1752648791.2163126,11725003,3001600768,3001.600768,67,6,110,1,20250716_155355
1752648791.226297,11725042,3001610752,3001.610752,72,6,106,1,20250716_155355
1752648791.2362804,11725081,3001620736,3001.620736,76,6,102,1,20250716_155355
1752648791.2462645,11725120,3001630720,3001.63072,80,6,98,1,20250716_155355
1752648791.2562485,11725159,3001640704,3001.640704,85,6,94,1,20250716_155355
1752648791.2662325,11725198,3001650688,3001.650688,88,6,98,1,20250716_155355
1752648791.2762165,11725237,3001660672,3001.660672,92,6,97,1,20250716_155355
1752648791.2864566,11725277,3001670912,3001.670912,96,6,94,1,20250716_155355
1752648791.2964406,11725316,3001680896,3001.680896,99,6,94,1,20250716_155355
1752648791.3064246,11725355,3001690880,3001.69088,102,6,95,1,20250716_155355
1752648791.3164086,11725394,3001700864,3001.700864,105,6,95,1,20250716_155355
1752648791.326393,11725433,3001710848,3001.710848,108,6,95,1,20250716_155355
1752648791.336377,11725472,3001720832,3001.720832,111,6,96,1,20250716_155355
1752648791.3463604,11725511,3001730816,3001.730816,114,6,98,1,20250716_155355
1752648791.3563445,11725550,3001740800,3001.7408,116,6,98,1,20250716_155355
1752648791.3663285,11725589,3001750784,3001.750784,119,6,99,1,20250716_155355
1752648791.3763125,11725628,3001760768,3001.760768,121,6,100,1,20250716_155355
1752648791.3862965,11725667,3001770752,3001.770752,124,6,100,1,20250716_155355
1752648791.3962803,11725706,3001780736,3001.780736,126,6,102,1,20250716_155355
1752648791.4062643,11725745,3001790720,3001.79072,129,6,102,1,20250716_155355
1752648791.4162486,11725784,3001800704,3001.800704,131,6,103,1,20250716_155355
1752648791.4262326,11725823,3001810688,3001.810688,134,6,105,1,20250716_155355
1752648791.436473,11725863,3001820928,3001.820928,136,6,106,1,20250716_155355
1752648791.446457,11725902,3001830912,3001.830912,138,6,107,1,20250716_155355
1752648791.4564404,11725941,3001840896,3001.840896,141,6,110,1,20250716_155355
1752648791.4664245,11725980,3001850880,3001.85088,143,6,111,1,20250716_155355
1752648791.4764085,11726019,3001860864,3001.860864,146,6,114,1,20250716_155355
1752648791.4863925,11726058,3001870848,3001.870848,149,6,116,1,20250716_155355
1752648791.4963765,11726097,3001880832,3001.880832,152,6,118,1,20250716_155355
1752648791.5063603,11726136,3001890816,3001.890816,155,6,122,1,20250716_155355
1752648791.5163443,11726175,3001900800,3001.9008,158,6,125,1,20250716_155355
1752648791.5263286,11726214,3001910784,3001.910784,161,6,130,1,20250716_155355
1752648791.5363126,11726253,3001920768,3001.920768,165,6,137,1,20250716_155355
1752648791.5462966,11726292,3001930752,3001.930752,169,6,142,1,20250716_155355
1752648791.5562806,11726331,3001940736,3001.940736,174,8,147,1,20250716_155355
1752648791.5662646,11726370,3001950720,3001.95072,178,8,151,1,20250716_155355
1752648791.5765045,11726410,3001960960,3001.96096,183,8,155,1,20250716_155355
1752648791.5864885,11726449,3001970944,3001.970944,187,9,160,1,20250716_155355
1752648791.5964725,11726488,3001980928,3001.980928,192,8,164,1,20250716_155355
1752648791.6064565,11726527,3001990912,3001.990912,197,7,170,1,20250716_155355
1752648791.6164403,11726566,3002000896,3002.000896,201,7,171,1,20250716_155355
1752648791.6264246,11726605,3002010880,3002.01088,206,8,171,1,20250716_155355
1752648791.6364086,11726644,3002020864,3002.020864,210,7,171,1,20250716_155355
1752648791.6463926,11726683,3002030848,3002.030848,214,7,171,1,20250716_155355
1752648791.6563766,11726722,3002040832,3002.040832,218,7,173,1,20250716_155355
1752648791.6663606,11726761,3002050816,3002.050816,221,7,172,1,20250716_155355
1752648791.6763446,11726800,3002060800,3002.0608,225,7,174,1,20250716_155355
1752648791.6863286,11726839,3002070784,3002.070784,228,7,174,1,20250716_155355
1752648791.696313,11726878,3002080768,3002.080768,231,7,173,1,20250716_155355
1752648791.7062964,11726917,3002090752,3002.090752,234,7,174,1,20250716_155355
1752648791.7162805,11726956,3002100736,3002.100736,237,7,174,1,20250716_155355
1752648791.7265203,11726996,3002110976,3002.110976,240,7,175,1,20250716_155355
1752648791.7365046,11727035,3002120960,3002.12096,243,7,175,1,20250716_155355
1752648791.7464886,11727074,3002130944,3002.130944,245,6,174,1,20250716_155355
1752648791.7564726,11727113,3002140928,3002.140928,248,6,173,1,20250716_155355
1752648791.7664566,11727152,3002150912,3002.150912,250,7,174,1,20250716_155355
1752648791.7764406,11727191,3002160896,3002.160896,252,7,174,1,20250716_155355
1752648791.7864246,11727230,3002170880,3002.17088,254,7,174,1,20250716_155355
1752648791.796409,11727269,3002180864,3002.180864,2,7,173,1,20250716_155355
1752648791.806393,11727308,3002190848,3002.190848,4,7,174,1,20250716_155355
1752648791.8163764,11727347,3002200832,3002.200832,6,7,174,1,20250716_155355
1752648791.8263605,11727386,3002210816,3002.210816,8,7,174,1,20250716_155355
1752648791.8363445,11727425,3002220800,3002.2208,10,7,173,1,20250716_155355
1752648791.8463285,11727464,3002230784,3002.230784,12,7,173,1,20250716_155355
1752648791.8563125,11727503,3002240768,3002.240768,14,6,174,1,20250716_155355
1752648791.8662963,11727542,3002250752,3002.250752,15,6,173,1,20250716_155355
1752648791.8765366,11727582,3002260992,3002.260992,17,6,172,1,20250716_155355
1752648791.8865206,11727621,3002270976,3002.270976,19,7,171,1,20250716_155355
1752648791.8965046,11727660,3002280960,3002.28096,21,7,171,1,20250716_155355
1752648791.906489,11727699,3002290944,3002.290944,23,8,169,1,20250716_155355
1752648791.916473,11727738,3002300928,3002.300928,25,8,169,1,20250716_155355
1752648791.9264565,11727777,3002310912,3002.310912,27,8,168,1,20250716_155355
1752648791.9364405,11727816,3002320896,3002.320896,30,7,167,1,20250716_155355
1752648791.9464245,11727855,3002330880,3002.33088,32,7,166,1,20250716_155355
1752648791.9564085,11727894,3002340864,3002.340864,34,8,164,1,20250716_155355
1752648791.9663925,11727933,3002350848,3002.350848,37,7,162,1,20250716_155355
1752648791.9763763,11727972,3002360832,3002.360832,39,7,161,1,20250716_155355
1752648791.9863603,11728011,3002370816,3002.370816,42,5,160,1,20250716_155355
1752648791.9963446,11728050,3002380800,3002.3808,45,5,155,1,20250716_155355
1752648792.0063286,11728089,3002390784,3002.390784,48,5,149,1,20250716_155355
1752648792.016569,11728129,3002401024,3002.401024,51,5,140,1,20250716_155355
1752648792.0265524,11728168,3002411008,3002.411008,55,5,132,1,20250716_155355
1752648792.0365365,11728207,3002420992,3002.420992,59,5,127,1,20250716_155355
1752648792.0465205,11728246,3002430976,3002.430976,63,5,123,1,20250716_155355
1752648792.0565045,11728285,3002440960,3002.44096,68,5,116,1,20250716_155355
1752648792.0664885,11728324,3002450944,3002.450944,72,5,111,1,20250716_155355
1752648792.0764723,11728363,3002460928,3002.460928,76,5,106,1,20250716_155355
1752648792.0864563,11728402,3002470912,3002.470912,81,5,102,1,20250716_155355
1752648792.0964406,11728441,3002480896,3002.480896,85,5,98,1,20250716_155355
1752648792.1064246,11728480,3002490880,3002.49088,89,5,96,1,20250716_155355
1752648792.1164086,11728519,3002500864,3002.500864,92,5,98,1,20250716_155355
1752648792.1263926,11728558,3002510848,3002.510848,96,5,96,1,20250716_155355
1752648792.1363766,11728597,3002520832,3002.520832,99,5,94,1,20250716_155355
1752648792.1463606,11728636,3002530816,3002.530816,102,5,96,1,20250716_155355
1752648792.156345,11728675,3002540800,3002.5408,105,6,96,1,20250716_155355
1752648792.1665845,11728715,3002551040,3002.55104,108,7,95,1,20250716_155355
1752648792.1765685,11728754,3002561024,3002.561024,111,7,96,1,20250716_155355
1752648792.1865523,11728793,3002571008,3002.571008,114,7,97,1,20250716_155355
1752648792.1965363,11728832,3002580992,3002.580992,116,7,98,1,20250716_155355
1752648792.2065206,11728871,3002590976,3002.590976,119,6,98,1,20250716_155355
1752648792.2165046,11728910,3002600960,3002.60096,121,7,99,1,20250716_155355
1752648792.2264886,11728949,3002610944,3002.610944,124,8,101,1,20250716_155355
1752648792.2364726,11728988,3002620928,3002.620928,126,7,101,1,20250716_155355
1752648792.2464566,11729027,3002630912,3002.630912,129,7,102,1,20250716_155355
1752648792.2564406,11729066,3002640896,3002.640896,131,7,104,1,20250716_155355
1752648792.266425,11729105,3002650880,3002.65088,133,8,105,1,20250716_155355
1752648792.276409,11729144,3002660864,3002.660864,136,7,106,1,20250716_155355
1752648792.2863925,11729183,3002670848,3002.670848,138,7,108,1,20250716_155355
1752648792.2963765,11729222,3002680832,3002.680832,141,7,110,1,20250716_155355
1752648792.3066163,11729262,3002691072,3002.691072,144,8,112,1,20250716_155355
1752648792.3166006,11729301,3002701056,3002.701056,146,7,114,1,20250716_155355
1752648792.3265846,11729340,3002711040,3002.71104,149,7,116,1,20250716_155355
1752648792.3365686,11729379,3002721024,3002.721024,152,7,120,1,20250716_155355
1752648792.3465526,11729418,3002731008,3002.731008,155,7,123,1,20250716_155355
1752648792.3565366,11729457,3002740992,3002.740992,158,7,127,1,20250716_155355
1752648792.3665206,11729496,3002750976,3002.750976,162,7,132,1,20250716_155355
1752648792.376505,11729535,3002760960,3002.76096,166,6,139,1,20250716_155355
1752648792.386489,11729574,3002770944,3002.770944,170,7,144,1,20250716_155355
1752648792.3964725,11729613,3002780928,3002.780928,174,7,148,1,20250716_155355
1752648792.4064565,11729652,3002790912,3002.790912,179,7,153,1,20250716_155355
1752648792.4164405,11729691,3002800896,3002.800896,183,7,157,1,20250716_155355
1752648792.4264245,11729730,3002810880,3002.81088,188,7,162,1,20250716_155355
1752648792.4364083,11729769,3002820864,3002.820864,193,6,166,1,20250716_155355
1752648792.4466486,11729809,3002831104,3002.831104,198,7,170,1,20250716_155355
1752648792.4566326,11729848,3002841088,3002.841088,202,7,170,1,20250716_155355
1752648792.4666166,11729887,3002851072,3002.851072,206,7,171,1,20250716_155355
1752648792.4766006,11729926,3002861056,3002.861056,211,7,172,1,20250716_155355
1752648792.486585,11729965,3002871040,3002.87104,215,7,172,1,20250716_155355
1752648792.4965684,11730004,3002881024,3002.881024,218,7,173,1,20250716_155355
1752648792.5065525,11730043,3002891008,3002.891008,222,7,174,1,20250716_155355
1752648792.5165365,11730082,3002900992,3002.900992,225,8,173,1,20250716_155355
1752648792.5265205,11730121,3002910976,3002.910976,229,7,173,1,20250716_155355
1752648792.5365045,11730160,3002920960,3002.92096,232,7,174,1,20250716_155355
1752648792.5464883,11730199,3002930944,3002.930944,235,8,173,1,20250716_155355
1752648792.5564723,11730238,3002940928,3002.940928,238,8,174,1,20250716_155355
1752648792.5664566,11730277,3002950912,3002.950912,240,8,175,1,20250716_155355
1752648792.5764406,11730316,3002960896,3002.960896,243,8,175,1,20250716_155355
1752648792.5864246,11730355,3002970880,3002.97088,245,8,174,1,20250716_155355
1752648792.596665,11730395,3002981120,3002.98112,248,8,174,1,20250716_155355
1752648792.6066484,11730434,3002991104,3002.991104,250,8,173,1,20250716_155355
1752648792.6166325,11730473,3003001088,3003.001088,253,8,175,1,20250716_155355
1752648792.6266165,11730512,3003011072,3003.011072,0,7,172,1,20250716_155355
1752648792.6366005,11730551,3003021056,3003.021056,2,8,174,1,20250716_155355
1752648792.6465845,11730590,3003031040,3003.03104,4,7,174,1,20250716_155355
1752648792.6565683,11730629,3003041024,3003.041024,6,8,173,1,20250716_155355
1752648792.6665523,11730668,3003051008,3003.051008,8,8,173,1,20250716_155355
1752648792.6765366,11730707,3003060992,3003.060992,10,7,172,1,20250716_155355
1752648792.6865206,11730746,3003070976,3003.070976,12,7,173,1,20250716_155355
1752648792.6965046,11730785,3003080960,3003.08096,14,6,172,1,20250716_155355
1752648792.7064886,11730824,3003090944,3003.090944,16,7,172,1,20250716_155355
1752648792.7167284,11730864,3003101184,3003.101184,18,7,171,1,20250716_155355
1752648792.7267125,11730903,3003111168,3003.111168,20,7,171,1,20250716_155355
1752648792.7366965,11730942,3003121152,3003.121152,22,4,170,1,20250716_155355
1752648792.7466805,11730981,3003131136,3003.131136,24,4,169,1,20250716_155355
1752648792.7566645,11731020,3003141120,3003.14112,26,4,168,1,20250716_155355
1752648792.7666483,11731059,3003151104,3003.151104,28,4,167,1,20250716_155355
1752648792.7766323,11731098,3003161088,3003.161088,30,4,166,1,20250716_155355
1752648792.7866166,11731137,3003171072,3003.171072,33,4,164,1,20250716_155355
1752648792.7968566,11731177,3003181312,3003.181312,35,4,163,1,20250716_155355
1752648792.806841,11731216,3003191296,3003.191296,38,4,161,1,20250716_155355
1752648792.816825,11731255,3003201280,3003.20128,40,4,158,1,20250716_155355
1752648792.8268085,11731294,3003211264,3003.211264,43,4,153,1,20250716_155355
1752648792.8367925,11731333,3003221248,3003.221248,46,6,146,1,20250716_155355
1752648792.8467765,11731372,3003231232,3003.231232,50,6,140,1,20250716_155355
1752648792.8567605,11731411,3003241216,3003.241216,54,6,133,1,20250716_155355
1752648792.8670006,11731451,3003251456,3003.251456,58,6,127,1,20250716_155355
1752648792.8769846,11731490,3003261440,3003.26144,62,7,122,1,20250716_155355
1752648792.8869686,11731529,3003271424,3003.271424,66,7,117,1,20250716_155355
1752648792.8969526,11731568,3003281408,3003.281408,71,7,111,1,20250716_155355
1752648792.9069366,11731607,3003291392,3003.291392,75,6,107,1,20250716_155355
1752648792.916921,11731646,3003301376,3003.301376,79,7,103,1,20250716_155355
1752648792.9269044,11731685,3003311360,3003.31136,84,6,99,1,20250716_155355
1752648792.9371445,11731725,3003321600,3003.3216,88,7,96,1,20250716_155355
1752648792.9471283,11731764,3003331584,3003.331584,91,7,98,1,20250716_155355
1752648792.9571126,11731803,3003341568,3003.341568,95,6,94,1,20250716_155355
1752648792.9670966,11731842,3003351552,3003.351552,98,6,93,1,20250716_155355
1752648792.9770806,11731881,3003361536,3003.361536,102,6,95,1,20250716_155355
1752648792.9870646,11731920,3003371520,3003.37152,105,6,93,1,20250716_155355
1752648792.9970486,11731959,3003381504,3003.381504,108,6,96,1,20250716_155355
1752648793.0072885,11731999,3003391744,3003.391744,110,6,97,1,20250716_155355
1752648793.0172725,11732038,3003401728,3003.401728,113,6,97,1,20250716_155355
1752648793.0272565,11732077,3003411712,3003.411712,116,6,97,1,20250716_155355
1752648793.0372405,11732116,3003421696,3003.421696,118,6,98,1,20250716_155355
1752648793.0472243,11732155,3003431680,3003.43168,121,7,99,1,20250716_155355
1752648793.0572083,11732194,3003441664,3003.441664,123,7,100,1,20250716_155355
1752648793.0671926,11732233,3003451648,3003.451648,126,6,100,1,20250716_155355
1752648793.0771766,11732272,3003461632,3003.461632,128,7,100,1,20250716_155355
1752648793.0874166,11732312,3003471872,3003.471872,130,7,103,1,20250716_155355
1752648793.097401,11732351,3003481856,3003.481856,133,6,105,1,20250716_155355
1752648793.1073844,11732390,3003491840,3003.49184,135,6,104,1,20250716_155355
1752648793.1173685,11732429,3003501824,3003.501824,137,7,107,1,20250716_155355
1752648793.1273525,11732468,3003511808,3003.511808,140,7,109,1,20250716_155355
1752648793.1373365,11732507,3003521792,3003.521792,142,7,110,1,20250716_155355
1752648793.1473205,11732546,3003531776,3003.531776,145,7,112,1,20250716_155355
1752648793.1575606,11732586,3003542016,3003.542016,148,6,114,1,20250716_155355
1752648793.1675446,11732625,3003552000,3003.552,151,6,115,1,20250716_155355
1752648793.1775286,11732664,3003561984,3003.561984,154,7,120,1,20250716_155355
1752648793.1875126,11732703,3003571968,3003.571968,157,7,123,1,20250716_155355
1752648793.197497,11732742,3003581952,3003.581952,160,7,127,1,20250716_155355
1752648793.207481,11732781,3003591936,3003.591936,164,6,134,1,20250716_155355
1752648793.2174644,11732820,3003601920,3003.60192,167,7,140,1,20250716_155355
1752648793.2274485,11732859,3003611904,3003.611904,172,7,143,1,20250716_155355
1752648793.2374325,11732898,3003621888,3003.621888,176,7,149,1,20250716_155355
1752648793.2474165,11732937,3003631872,3003.631872,181,7,153,1,20250716_155355
1752648793.2574005,11732976,3003641856,3003.641856,185,7,158,1,20250716_155355
1752648793.2673843,11733015,3003651840,3003.65184,190,7,162,1,20250716_155355
1752648793.2776246,11733055,3003662080,3003.66208,195,6,168,1,20250716_155355
1752648793.2876086,11733094,3003672064,3003.672064,199,7,170,1,20250716_155355
1752648793.2975926,11733133,3003682048,3003.682048,204,6,170,1,20250716_155355
1752648793.307577,11733172,3003692032,3003.692032,208,6,171,1,20250716_155355
1752648793.317561,11733211,3003702016,3003.702016,212,7,172,1,20250716_155355
1752648793.3275445,11733250,3003712000,3003.712,216,6,172,1,20250716_155355
1752648793.3375285,11733289,3003721984,3003.721984,220,6,173,1,20250716_155355
1752648793.3475125,11733328,3003731968,3003.731968,223,6,174,1,20250716_155355
1752648793.3574965,11733367,3003741952,3003.741952,227,6,172,1,20250716_155355
1752648793.3674805,11733406,3003751936,3003.751936,230,6,173,1,20250716_155355
1752648793.3774643,11733445,3003761920,3003.76192,233,6,174,1,20250716_155355
1752648793.3874483,11733484,3003771904,3003.771904,236,6,174,1,20250716_155355
1752648793.3974326,11733523,3003781888,3003.781888,239,6,174,1,20250716_155355
1752648793.4074166,11733562,3003791872,3003.791872,241,6,174,1,20250716_155355
1752648793.4174006,11733601,3003801856,3003.801856,244,6,174,1,20250716_155355
1752648793.427641,11733641,3003812096,3003.812096,246,6,172,1,20250716_155355
1752648793.4376245,11733680,3003822080,3003.82208,249,7,174,1,20250716_155355
1752648793.4476085,11733719,3003832064,3003.832064,251,7,173,1,20250716_155355
1752648793.4575925,11733758,3003842048,3003.842048,253,7,174,1,20250716_155355
1752648793.4675765,11733797,3003852032,3003.852032,1,7,173,1,20250716_155355
1752648793.4775603,11733836,3003862016,3003.862016,3,6,173,1,20250716_155355
1752648793.4875443,11733875,3003872000,3003.872,5,6,174,1,20250716_155355
1752648793.4975286,11733914,3003881984,3003.881984,7,7,173,1,20250716_155355
1752648793.5075126,11733953,3003891968,3003.891968,9,6,173,1,20250716_155355
1752648793.5174966,11733992,3003901952,3003.901952,11,7,173,1,20250716_155355
1752648793.5274806,11734031,3003911936,3003.911936,13,6,172,1,20250716_155355
1752648793.5374646,11734070,3003921920,3003.92192,15,6,172,1,20250716_155355
1752648793.5474486,11734109,3003931904,3003.931904,17,6,171,1,20250716_155355
1752648793.557433,11734148,3003941888,3003.941888,19,6,171,1,20250716_155355
1752648793.5676725,11734188,3003952128,3003.952128,21,6,170,1,20250716_155355
1752648793.5776565,11734227,3003962112,3003.962112,23,6,170,1,20250716_155355
1752648793.5876403,11734266,3003972096,3003.972096,25,6,169,1,20250716_155355
1752648793.5976243,11734305,3003982080,3003.98208,27,7,168,1,20250716_155355
1752648793.6076086,11734344,3003992064,3003.992064,29,7,167,1,20250716_155355
1752648793.6175926,11734383,3004002048,3004.002048,31,6,164,1,20250716_155355
1752648793.6275766,11734422,3004012032,3004.012032,34,7,163,1,20250716_155355
1752648793.6375606,11734461,3004022016,3004.022016,36,7,162,1,20250716_155355
1752648793.6475446,11734500,3004032000,3004.032,39,7,159,1,20250716_155355
1752648793.6575286,11734539,3004041984,3004.041984,42,7,150,1,20250716_155355
1752648793.667513,11734578,3004051968,3004.051968,45,6,141,1,20250716_155355
1752648793.677497,11734617,3004061952,3004.061952,49,6,137,1,20250716_155355
1752648793.6874804,11734656,3004071936,3004.071936,53,6,130,1,20250716_155355
1752648793.6974645,11734695,3004081920,3004.08192,57,7,126,1,20250716_155355
1752648793.7077043,11734735,3004092160,3004.09216,61,6,118,1,20250716_155355
1752648793.7176886,11734774,3004102144,3004.102144,66,7,114,1,20250716_155355
1752648793.7276726,11734813,3004112128,3004.112128,70,7,109,1,20250716_155355
1752648793.7376566,11734852,3004122112,3004.122112,75,7,104,1,20250716_155355
1752648793.7476406,11734891,3004132096,3004.132096,79,7,100,1,20250716_155355
1752648793.7576246,11734930,3004142080,3004.14208,83,7,98,1,20250716_155355
1752648793.7676086,11734969,3004152064,3004.152064,87,7,95,1,20250716_155355
1752648793.777593,11735008,3004162048,3004.162048,91,7,97,1,20250716_155355
1752648793.787577,11735047,3004172032,3004.172032,94,7,96,1,20250716_155355
1752648793.7975605,11735086,3004182016,3004.182016,98,7,94,1,20250716_155355
1752648793.8075445,11735125,3004192000,3004.192,101,7,95,1,20250716_155355
1752648793.8175285,11735164,3004201984,3004.201984,104,6,96,1,20250716_155355
1752648793.8275125,11735203,3004211968,3004.211968,107,7,94,1,20250716_155355
1752648793.8374965,11735242,3004221952,3004.221952,110,6,96,1,20250716_155355
1752648793.8474803,11735281,3004231936,3004.231936,113,6,97,1,20250716_155355
1752648793.8577206,11735321,3004242176,3004.242176,115,6,98,1,20250716_155355
1752648793.8677046,11735360,3004252160,3004.25216,118,6,98,1,20250716_155355
1752648793.8776886,11735399,3004262144,3004.262144,121,7,98,1,20250716_155355
1752648793.887673,11735438,3004272128,3004.272128,123,7,98,1,20250716_155355
1752648793.8976564,11735477,3004282112,3004.282112,125,6,100,1,20250716_155355
1752648793.9076405,11735516,3004292096,3004.292096,128,7,101,1,20250716_155355
1752648793.9176245,11735555,3004302080,3004.30208,130,7,102,1,20250716_155355
1752648793.9276085,11735594,3004312064,3004.312064,132,7,101,1,20250716_155355
1752648793.9375925,11735633,3004322048,3004.322048,135,7,105,1,20250716_155355
1752648793.9475763,11735672,3004332032,3004.332032,137,7,106,1,20250716_155355
1752648793.9575603,11735711,3004342016,3004.342016,140,7,109,1,20250716_155355
1752648793.9675446,11735750,3004352000,3004.352,142,7,110,1,20250716_155355
1752648793.9775286,11735789,3004361984,3004.361984,145,7,113,1,20250716_155355
1752648793.9875126,11735828,3004371968,3004.371968,148,7,116,1,20250716_155355
1752648793.997753,11735868,3004382208,3004.382208,151,7,117,1,20250716_155355
1752648794.0077364,11735907,3004392192,3004.392192,154,7,121,1,20250716_155355
1752648794.0177205,11735946,3004402176,3004.402176,157,8,124,1,20250716_155355
1752648794.0277045,11735985,3004412160,3004.41216,160,7,127,1,20250716_155355
1752648794.0376885,11736024,3004422144,3004.422144,164,7,132,1,20250716_155355
1752648794.0476725,11736063,3004432128,3004.432128,167,7,139,1,20250716_155355
1752648794.0576563,11736102,3004442112,3004.442112,172,7,144,1,20250716_155355
1752648794.0676403,11736141,3004452096,3004.452096,176,7,148,1,20250716_155355
1752648794.0776246,11736180,3004462080,3004.46208,180,7,153,1,20250716_155355
1752648794.0876086,11736219,3004472064,3004.472064,185,7,157,1,20250716_155355
1752648794.0975926,11736258,3004482048,3004.482048,190,7,161,1,20250716_155355
1752648794.1075766,11736297,3004492032,3004.492032,194,7,166,1,20250716_155355
1752648794.1175606,11736336,3004502016,3004.502016,199,7,170,1,20250716_155355
1752648794.1275446,11736375,3004512000,3004.512,204,8,170,1,20250716_155355
1752648794.137529,11736414,3004521984,3004.521984,208,7,170,1,20250716_155355
1752648794.1477685,11736454,3004532224,3004.532224,212,8,172,1,20250716_155355
1752648794.1577525,11736493,3004542208,3004.542208,216,7,172,1,20250716_155355
1752648794.1677363,11736532,3004552192,3004.552192,220,7,173,1,20250716_155355
1752648794.1777203,11736571,3004562176,3004.562176,223,7,173,1,20250716_155355
1752648794.1877046,11736610,3004572160,3004.57216,227,7,174,1,20250716_155355
1752648794.1976886,11736649,3004582144,3004.582144,230,7,174,1,20250716_155355
1752648794.2076726,11736688,3004592128,3004.592128,233,7,175,1,20250716_155355
1752648794.2176566,11736727,3004602112,3004.602112,236,7,176,1,20250716_155355
1752648794.2276406,11736766,3004612096,3004.612096,239,7,174,1,20250716_155355
1752648794.2376246,11736805,3004622080,3004.62208,241,7,175,1,20250716_155355
1752648794.247609,11736844,3004632064,3004.632064,244,7,174,1,20250716_155355
1752648794.2575924,11736883,3004642048,3004.642048,246,7,175,1,20250716_155355
1752648794.2675765,11736922,3004652032,3004.652032,249,7,174,1,20250716_155355
1752648794.2775605,11736961,3004662016,3004.662016,251,7,174,1,20250716_155355
1752648794.2878006,11737001,3004672256,3004.672256,253,7,174,1,20250716_155355
1752648794.2977846,11737040,3004682240,3004.68224,0,7,173,1,20250716_155355
1752648794.3077686,11737079,3004692224,3004.692224,3,7,174,1,20250716_155355
1752648794.3177526,11737118,3004702208,3004.702208,5,7,174,1,20250716_155355
1752648794.3277366,11737157,3004712192,3004.712192,7,7,174,1,20250716_155355
1752648794.3377206,11737196,3004722176,3004.722176,9,7,174,1,20250716_155355
1752648794.3477046,11737235,3004732160,3004.73216,11,7,173,1,20250716_155355
1752648794.357689,11737274,3004742144,3004.742144,13,7,172,1,20250716_155355
1752648794.3676724,11737313,3004752128,3004.752128,14,7,173,1,20250716_155355
1752648794.3776565,11737352,3004762112,3004.762112,16,7,171,1,20250716_155355
1752648794.3876405,11737391,3004772096,3004.772096,18,7,173,1,20250716_155355
1752648794.3976245,11737430,3004782080,3004.78208,20,7,172,1,20250716_155355
1752648794.4076085,11737469,3004792064,3004.792064,22,7,171,1,20250716_155355
1752648794.4175923,11737508,3004802048,3004.802048,24,7,173,1,20250716_155355
1752648794.4275763,11737547,3004812032,3004.812032,26,7,169,1,20250716_155355
1752648794.4378166,11737587,3004822272,3004.822272,28,7,169,1,20250716_155355
1752648794.4478006,11737626,3004832256,3004.832256,30,7,168,1,20250716_155355
1752648794.457785,11737665,3004842240,3004.84224,32,7,167,1,20250716_155355
1752648794.467769,11737704,3004852224,3004.852224,35,7,166,1,20250716_155355
1752648794.4777524,11737743,3004862208,3004.862208,37,8,165,1,20250716_155355
1752648794.4877365,11737782,3004872192,3004.872192,39,7,163,1,20250716_155355
1752648794.4977205,11737821,3004882176,3004.882176,42,7,160,1,20250716_155355
1752648794.5077045,11737860,3004892160,3004.89216,45,7,158,1,20250716_155355
1752648794.5176885,11737899,3004902144,3004.902144,48,7,148,1,20250716_155355
1752648794.5276723,11737938,3004912128,3004.912128,51,7,141,1,20250716_155355
1752648794.5376563,11737977,3004922112,3004.922112,55,7,133,1,20250716_155355
1752648794.5476406,11738016,3004932096,3004.932096,59,7,127,1,20250716_155355
1752648794.5576246,11738055,3004942080,3004.94208,63,7,124,1,20250716_155355
1752648794.5676086,11738094,3004952064,3004.952064,67,7,117,1,20250716_155355
1752648794.5775926,11738133,3004962048,3004.962048,72,7,112,1,20250716_155355
1752648794.5878325,11738173,3004972288,3004.972288,76,7,108,1,20250716_155355
1752648794.5978165,11738212,3004982272,3004.982272,80,7,103,1,20250716_155355
1752648794.6078005,11738251,3004992256,3004.992256,84,7,98,1,20250716_155355
1752648794.6177845,11738290,3005002240,3005.00224,88,7,96,1,20250716_155355
1752648794.6277685,11738329,3005012224,3005.012224,92,7,96,1,20250716_155355
1752648794.6377523,11738368,3005022208,3005.022208,96,7,96,1,20250716_155355
1752648794.6477363,11738407,3005032192,3005.032192,99,7,95,1,20250716_155355
1752648794.6577206,11738446,3005042176,3005.042176,102,6,95,1,20250716_155355
1752648794.6677046,11738485,3005052160,3005.05216,105,7,96,1,20250716_155355
1752648794.6776886,11738524,3005062144,3005.062144,108,7,96,1,20250716_155355
1752648794.6876726,11738563,3005072128,3005.072128,111,7,96,1,20250716_155355
1752648794.6976566,11738602,3005082112,3005.082112,114,7,97,1,20250716_155355
1752648794.7076406,11738641,3005092096,3005.092096,116,7,98,1,20250716_155355
1752648794.717625,11738680,3005102080,3005.10208,119,6,97,1,20250716_155355
1752648794.7278645,11738720,3005112320,3005.11232,121,7,98,1,20250716_155355
1752648794.7378483,11738759,3005122304,3005.122304,124,7,99,1,20250716_155355
1752648794.7478323,11738798,3005132288,3005.132288,126,6,100,1,20250716_155355
1752648794.7578166,11738837,3005142272,3005.142272,128,7,102,1,20250716_155355
1752648794.7678006,11738876,3005152256,3005.152256,131,7,102,1,20250716_155355
1752648794.7777846,11738915,3005162240,3005.16224,133,7,104,1,20250716_155355
1752648794.7877686,11738954,3005172224,3005.172224,136,7,106,1,20250716_155355
1752648794.7977526,11738993,3005182208,3005.182208,138,7,108,1,20250716_155355
1752648794.8077366,11739032,3005192192,3005.192192,141,7,111,1,20250716_155355
1752648794.817721,11739071,3005202176,3005.202176,143,6,113,1,20250716_155355
1752648794.827705,11739110,3005212160,3005.21216,146,6,115,1,20250716_155355
1752648794.8376884,11739149,3005222144,3005.222144,149,6,120,1,20250716_155355
1752648794.8476725,11739188,3005232128,3005.232128,152,6,123,1,20250716_155355
1752648794.8576565,11739227,3005242112,3005.242112,155,7,127,1,20250716_155355
1752648794.8676405,11739266,3005252096,3005.252096,159,6,130,1,20250716_155355
1752648794.8778806,11739306,3005262336,3005.262336,163,7,136,1,20250716_155355
1752648794.8878646,11739345,3005272320,3005.27232,167,7,143,1,20250716_155355
1752648794.8978486,11739384,3005282304,3005.282304,171,7,147,1,20250716_155355
1752648794.9078326,11739423,3005292288,3005.292288,175,7,150,1,20250716_155355
1752648794.9178166,11739462,3005302272,3005.302272,180,7,155,1,20250716_155355
1752648794.927801,11739501,3005312256,3005.312256,185,7,159,1,20250716_155355
1752648794.937785,11739540,3005322240,3005.32224,189,7,163,1,20250716_155355
1752648794.9477684,11739579,3005332224,3005.332224,194,7,167,1,20250716_155355
1752648794.9577525,11739618,3005342208,3005.342208,199,6,171,1,20250716_155355
1752648794.9677365,11739657,3005352192,3005.352192,203,7,170,1,20250716_155355
1752648794.9777205,11739696,3005362176,3005.362176,208,7,172,1,20250716_155355
1752648794.9877045,11739735,3005372160,3005.37216,212,7,172,1,20250716_155355
1752648794.9976883,11739774,3005382144,3005.382144,216,6,173,1,20250716_155355
1752648795.0076723,11739813,3005392128,3005.392128,219,6,172,1,20250716_155355
1752648795.0179126,11739853,3005402368,3005.402368,223,6,174,1,20250716_155355
1752648795.0278966,11739892,3005412352,3005.412352,226,7,174,1,20250716_155355
1752648795.037881,11739931,3005422336,3005.422336,230,6,174,1,20250716_155355
1752648795.047865,11739970,3005432320,3005.43232,233,7,175,1,20250716_155355
1752648795.0578485,11740009,3005442304,3005.442304,236,7,174,1,20250716_155355
1752648795.0678325,11740048,3005452288,3005.452288,238,7,174,1,20250716_155355
1752648795.0778165,11740087,3005462272,3005.462272,241,7,174,1,20250716_155355
1752648795.0878005,11740126,3005472256,3005.472256,244,7,175,1,20250716_155355
1752648795.0977845,11740165,3005482240,3005.48224,246,7,173,1,20250716_155355
1752648795.1077683,11740204,3005492224,3005.492224,249,7,173,1,20250716_155355
1752648795.1177526,11740243,3005502208,3005.502208,251,7,174,1,20250716_155355
1752648795.1277366,11740282,3005512192,3005.512192,253,6,173,1,20250716_155355
1752648795.1377206,11740321,3005522176,3005.522176,0,6,174,1,20250716_155355
1752648795.1477046,11740360,3005532160,3005.53216,3,6,173,1,20250716_155355
1752648795.1576886,11740399,3005542144,3005.542144,5,6,173,1,20250716_155355
1752648795.1679285,11740439,3005552384,3005.552384,7,6,173,1,20250716_155355
1752648795.1779125,11740478,3005562368,3005.562368,9,6,173,1,20250716_155355
1752648795.1878965,11740517,3005572352,3005.572352,11,6,172,1,20250716_155355
1752648795.1978805,11740556,3005582336,3005.582336,13,6,172,1,20250716_155355
1752648795.2078643,11740595,3005592320,3005.59232,15,6,172,1,20250716_155355
1752648795.2178483,11740634,3005602304,3005.602304,17,6,171,1,20250716_155355
1752648795.2278326,11740673,3005612288,3005.612288,18,6,171,1,20250716_155355
1752648795.2378166,11740712,3005622272,3005.622272,20,6,171,1,20250716_155355
1752648795.2478006,11740751,3005632256,3005.632256,22,6,171,1,20250716_155355
1752648795.2577846,11740790,3005642240,3005.64224,24,6,169,1,20250716_155355
1752648795.2677686,11740829,3005652224,3005.652224,27,7,170,1,20250716_155355
1752648795.2777526,11740868,3005662208,3005.662208,29,7,167,1,20250716_155355
1752648795.287737,11740907,3005672192,3005.672192,31,6,165,1,20250716_155355
1752648795.297721,11740946,3005682176,3005.682176,33,6,165,1,20250716_155355
1752648795.3077044,11740985,3005692160,3005.69216,36,6,163,1,20250716_155355
1752648795.3179443,11741025,3005702400,3005.7024,38,6,160,1,20250716_155355
1752648795.3279283,11741064,3005712384,3005.712384,41,6,154,1,20250716_155355
1752648795.3379126,11741103,3005722368,3005.722368,44,6,145,1,20250716_155355
1752648795.3478966,11741142,3005732352,3005.732352,48,6,137,1,20250716_155355
1752648795.3578806,11741181,3005742336,3005.742336,51,6,131,1,20250716_155355
1752648795.3678646,11741220,3005752320,3005.75232,55,6,127,1,20250716_155355
1752648795.3778486,11741259,3005762304,3005.762304,60,6,120,1,20250716_155355
1752648795.3878326,11741298,3005772288,3005.772288,64,6,117,1,20250716_155355
1752648795.397817,11741337,3005782272,3005.782272,69,6,110,1,20250716_155355
1752648795.407801,11741376,3005792256,3005.792256,73,6,106,1,20250716_155355
1752648795.4177845,11741415,3005802240,3005.80224,77,6,101,1,20250716_155355
1752648795.4277685,11741454,3005812224,3005.812224,82,6,99,1,20250716_155355
1752648795.4377525,11741493,3005822208,3005.822208,86,6,94,1,20250716_155355
1752648795.4477365,11741532,3005832192,3005.832192,90,6,96,1,20250716_155355
1752648795.4579766,11741572,3005842432,3005.842432,93,6,96,1,20250716_155355
1752648795.4679606,11741611,3005852416,3005.852416,97,6,94,1,20250716_155355
1752648795.4779446,11741650,3005862400,3005.8624,100,6,94,1,20250716_155355
1752648795.4879286,11741689,3005872384,3005.872384,103,6,95,1,20250716_155355
1752648795.4979126,11741728,3005882368,3005.882368,106,7,96,1,20250716_155355
1752648795.507897,11741767,3005892352,3005.892352,109,6,96,1,20250716_155355
1752648795.5178804,11741806,3005902336,3005.902336,112,6,95,1,20250716_155355
1752648795.5278645,11741845,3005912320,3005.91232,115,6,96,1,20250716_155355
1752648795.5378485,11741884,3005922304,3005.922304,117,6,97,1,20250716_155355
1752648795.5478325,11741923,3005932288,3005.932288,120,6,98,1,20250716_155355
1752648795.5578165,11741962,3005942272,3005.942272,122,6,98,1,20250716_155355
1752648795.5678003,11742001,3005952256,3005.952256,124,6,98,1,20250716_155355
1752648795.5777843,11742040,3005962240,3005.96224,127,6,100,1,20250716_155355
1752648795.5877686,11742079,3005972224,3005.972224,129,6,102,1,20250716_155355
1752648795.5980086,11742119,3005982464,3005.982464,132,6,103,1,20250716_155355
1752648795.6079926,11742158,3005992448,3005.992448,134,6,105,1,20250716_155355
1752648795.617977,11742197,3006002432,3006.002432,136,6,106,1,20250716_155355
1752648795.6279604,11742236,3006012416,3006.012416,139,6,109,1,20250716_155355
1752648795.6379445,11742275,3006022400,3006.0224,141,7,111,1,20250716_155355
1752648795.6479285,11742314,3006032384,3006.032384,144,6,115,1,20250716_155355
1752648795.6579125,11742353,3006042368,3006.042368,147,6,117,1,20250716_155355
1752648795.6678965,11742392,3006052352,3006.052352,150,6,121,1,20250716_155355
1752648795.6778803,11742431,3006062336,3006.062336,153,6,125,1,20250716_155355
1752648795.6878643,11742470,3006072320,3006.07232,157,6,127,1,20250716_155355
1752648795.6978486,11742509,3006082304,3006.082304,160,6,132,1,20250716_155355
1752648795.7078326,11742548,3006092288,3006.092288,164,6,139,1,20250716_155355
1752648795.7178166,11742587,3006102272,3006.102272,168,6,145,1,20250716_155355
1752648795.7278006,11742626,3006112256,3006.112256,173,6,149,1,20250716_155355
1752648795.7380404,11742666,3006122496,3006.122496,177,6,154,1,20250716_155355
1752648795.7480245,11742705,3006132480,3006.13248,182,6,158,1,20250716_155355
1752648795.7580085,11742744,3006142464,3006.142464,187,6,163,1,20250716_155355
1752648795.7679925,11742783,3006152448,3006.152448,192,6,167,1,20250716_155355
1752648795.7779765,11742822,3006162432,3006.162432,196,6,170,1,20250716_155355
1752648795.7879603,11742861,3006172416,3006.172416,201,6,172,1,20250716_155355
1752648795.7979443,11742900,3006182400,3006.1824,205,6,171,1,20250716_155355
1752648795.8079286,11742939,3006192384,3006.192384,210,6,173,1,20250716_155355
1752648795.8179126,11742978,3006202368,3006.202368,214,6,171,1,20250716_155355
1752648795.8278966,11743017,3006212352,3006.212352,217,6,173,1,20250716_155355
1752648795.8378806,11743056,3006222336,3006.222336,221,6,174,1,20250716_155355
1752648795.8478646,11743095,3006232320,3006.23232,225,6,174,1,20250716_155355
1752648795.8578486,11743134,3006242304,3006.242304,228,6,174,1,20250716_155355
1752648795.867833,11743173,3006252288,3006.252288,231,6,174,1,20250716_155355
1752648795.8778164,11743212,3006262272,3006.262272,234,7,175,1,20250716_155355
1752648795.8880565,11743252,3006272512,3006.272512,237,7,174,1,20250716_155355
1752648795.8980403,11743291,3006282496,3006.282496,240,7,175,1,20250716_155355
1752648795.9080243,11743330,3006292480,3006.29248,242,7,175,1,20250716_155355
1752648795.9180086,11743369,3006302464,3006.302464,245,7,175,1,20250716_155355
1752648795.9279926,11743408,3006312448,3006.312448,247,7,175,1,20250716_155355
1752648795.9379766,11743447,3006322432,3006.322432,250,7,174,1,20250716_155355
1752648795.9479606,11743486,3006332416,3006.332416,252,7,175,1,20250716_155355
1752648795.9579446,11743525,3006342400,3006.3424,254,6,174,1,20250716_155355
1752648795.9679286,11743564,3006352384,3006.352384,1,6,176,1,20250716_155355
1752648795.977913,11743603,3006362368,3006.362368,3,7,174,1,20250716_155355
1752648795.9878964,11743642,3006372352,3006.372352,5,7,174,1,20250716_155355
1752648795.9978805,11743681,3006382336,3006.382336,7,7,174,1,20250716_155355
1752648796.0078645,11743720,3006392320,3006.39232,9,6,174,1,20250716_155355
1752648796.0178485,11743759,3006402304,3006.402304,11,6,173,1,20250716_155355
1752648796.0278325,11743798,3006412288,3006.412288,13,6,173,1,20250716_155355
1752648796.0380726,11743838,3006422528,3006.422528,15,7,173,1,20250716_155355
1752648796.0480566,11743877,3006432512,3006.432512,17,6,171,1,20250716_155355
1752648796.0580406,11743916,3006442496,3006.442496,19,7,171,1,20250716_155355
1752648796.0680246,11743955,3006452480,3006.45248,21,7,171,1,20250716_155355
1752648796.078009,11743994,3006462464,3006.462464,23,7,170,1,20250716_155355
1752648796.087993,11744033,3006472448,3006.472448,25,7,170,1,20250716_155355
1752648796.0979764,11744072,3006482432,3006.482432,27,6,168,1,20250716_155355
1752648796.1079605,11744111,3006492416,3006.492416,29,7,168,1,20250716_155355
1752648796.1179445,11744150,3006502400,3006.5024,31,7,168,1,20250716_155355
1752648796.1279285,11744189,3006512384,3006.512384,34,7,166,1,20250716_155355
1752648796.1379125,11744228,3006522368,3006.522368,36,7,164,1,20250716_155355
1752648796.1478963,11744267,3006532352,3006.532352,38,7,161,1,20250716_155355
1752648796.1578803,11744306,3006542336,3006.542336,41,7,161,1,20250716_155355
1752648796.1678646,11744345,3006552320,3006.55232,44,7,158,1,20250716_155355
1752648796.1781046,11744385,3006562560,3006.56256,47,7,149,1,20250716_155355
1752648796.188089,11744424,3006572544,3006.572544,50,7,141,1,20250716_155355
1752648796.198073,11744463,3006582528,3006.582528,54,7,132,1,20250716_155355
1752648796.2080564,11744502,3006592512,3006.592512,58,7,127,1,20250716_155355
1752648796.2180405,11744541,3006602496,3006.602496,62,7,123,1,20250716_155355
1752648796.2280245,11744580,3006612480,3006.61248,67,7,118,1,20250716_155355
1752648796.2380085,11744619,3006622464,3006.622464,71,7,112,1,20250716_155355
1752648796.2479925,11744658,3006632448,3006.632448,75,7,108,1,20250716_155355
1752648796.2579763,11744697,3006642432,3006.642432,80,7,103,1,20250716_155355
1752648796.2679603,11744736,3006652416,3006.652416,84,7,100,1,20250716_155355
1752648796.2779446,11744775,3006662400,3006.6624,88,7,95,1,20250716_155355
1752648796.2879286,11744814,3006672384,3006.672384,91,7,96,1,20250716_155355
1752648796.2979126,11744853,3006682368,3006.682368,95,7,97,1,20250716_155355
1752648796.3078966,11744892,3006692352,3006.692352,98,7,95,1,20250716_155355
1752648796.3181365,11744932,3006702592,3006.702592,102,7,94,1,20250716_155355
1752648796.3281205,11744971,3006712576,3006.712576,105,7,96,1,20250716_155355
1752648796.3381045,11745010,3006722560,3006.72256,108,7,95,1,20250716_155355
1752648796.3480885,11745049,3006732544,3006.732544,111,7,97,1,20250716_155355
1752648796.3580723,11745088,3006742528,3006.742528,113,7,97,1,20250716_155355
1752648796.3680563,11745127,3006752512,3006.752512,116,7,97,1,20250716_155355
1752648796.3780406,11745166,3006762496,3006.762496,118,7,98,1,20250716_155355
1752648796.3880246,11745205,3006772480,3006.77248,121,6,99,1,20250716_155355
1752648796.3980086,11745244,3006782464,3006.782464,123,7,99,1,20250716_155355
1752648796.4079926,11745283,3006792448,3006.792448,126,7,99,1,20250716_155355
1752648796.4179766,11745322,3006802432,3006.802432,128,7,101,1,20250716_155355
1752648796.4279606,11745361,3006812416,3006.812416,130,7,101,1,20250716_155355
1752648796.437945,11745400,3006822400,3006.8224,133,6,103,1,20250716_155355
1752648796.447929,11745439,3006832384,3006.832384,135,7,104,1,20250716_155355
1752648796.4581685,11745479,3006842624,3006.842624,137,7,106,1,20250716_155355
1752648796.4681523,11745518,3006852608,3006.852608,140,7,108,1,20250716_155355
1752648796.4781363,11745557,3006862592,3006.862592,142,6,111,1,20250716_155355
1752648796.4881206,11745596,3006872576,3006.872576,145,6,114,1,20250716_155355
1752648796.4981046,11745635,3006882560,3006.88256,148,7,118,1,20250716_155355
1752648796.5080886,11745674,3006892544,3006.892544,151,7,122,1,20250716_155355
1752648796.5180726,11745713,3006902528,3006.902528,154,7,126,1,20250716_155355
1752648796.5280566,11745752,3006912512,3006.912512,158,7,128,1,20250716_155355
1752648796.5380406,11745791,3006922496,3006.922496,161,6,133,1,20250716_155355
1752648796.548025,11745830,3006932480,3006.93248,165,7,141,1,20250716_155355
1752648796.558009,11745869,3006942464,3006.942464,169,7,146,1,20250716_155355
1752648796.5679924,11745908,3006952448,3006.952448,174,7,151,1,20250716_155355
1752648796.5779765,11745947,3006962432,3006.962432,179,7,156,1,20250716_155355
1752648796.5879605,11745986,3006972416,3006.972416,183,6,162,1,20250716_155355
1752648796.5979445,11746025,3006982400,3006.9824,188,6,164,1,20250716_155355
1752648796.6081846,11746065,3006992640,3006.99264,193,6,167,1,20250716_155355
1752648796.6181686,11746104,3007002624,3007.002624,198,6,172,1,20250716_155355
1752648796.6281526,11746143,3007012608,3007.012608,202,7,172,1,20250716_155355
1752648796.6381366,11746182,3007022592,3007.022592,207,6,172,1,20250716_155355
1752648796.6481206,11746221,3007032576,3007.032576,211,6,173,1,20250716_155355
1752648796.658105,11746260,3007042560,3007.04256,215,7,174,1,20250716_155355
1752648796.668089,11746299,3007052544,3007.052544,219,7,174,1,20250716_155355
1752648796.6780725,11746338,3007062528,3007.062528,222,7,174,1,20250716_155355
1752648796.6880565,11746377,3007072512,3007.072512,226,7,175,1,20250716_155355
1752648796.6980405,11746416,3007082496,3007.082496,229,7,175,1,20250716_155355
1752648796.7080245,11746455,3007092480,3007.09248,232,6,174,1,20250716_155355
1752648796.7180085,11746494,3007102464,3007.102464,235,6,175,1,20250716_155355
1752648796.7279923,11746533,3007112448,3007.112448,238,6,175,1,20250716_155355
1752648796.7379766,11746572,3007122432,3007.122432,240,6,175,1,20250716_155355
1752648796.7482166,11746612,3007132672,3007.132672,243,6,175,1,20250716_155355
1752648796.7582006,11746651,3007142656,3007.142656,246,6,175,1,20250716_155355
1752648796.768185,11746690,3007152640,3007.15264,248,6,174,1,20250716_155355
1752648796.7781684,11746729,3007162624,3007.162624,250,6,175,1,20250716_155355
1752648796.7881525,11746768,3007172608,3007.172608,253,6,174,1,20250716_155355
1752648796.7981365,11746807,3007182592,3007.182592,0,7,174,1,20250716_155355
1752648796.8081205,11746846,3007192576,3007.192576,2,7,174,1,20250716_155355
1752648796.8181045,11746885,3007202560,3007.20256,4,6,174,1,20250716_155355
1752648796.8280883,11746924,3007212544,3007.212544,6,6,174,1,20250716_155355
1752648796.8380723,11746963,3007222528,3007.222528,8,6,174,1,20250716_155355
1752648796.8480566,11747002,3007232512,3007.232512,10,6,173,1,20250716_155355
1752648796.8580406,11747041,3007242496,3007.242496,12,7,173,1,20250716_155355
1752648796.8680246,11747080,3007252480,3007.25248,14,7,173,1,20250716_155355
1752648796.8780086,11747119,3007262464,3007.262464,16,6,172,1,20250716_155355
1752648796.8882484,11747159,3007272704,3007.272704,18,6,172,1,20250716_155355
1752648796.8982325,11747198,3007282688,3007.282688,20,7,172,1,20250716_155355
1752648796.9082165,11747237,3007292672,3007.292672,22,6,171,1,20250716_155355
1752648796.9182005,11747276,3007302656,3007.302656,24,6,170,1,20250716_155355
1752648796.9281845,11747315,3007312640,3007.31264,26,7,170,1,20250716_155355
1752648796.9381683,11747354,3007322624,3007.322624,28,6,168,1,20250716_155355
1752648796.9481523,11747393,3007332608,3007.332608,30,6,168,1,20250716_155355
1752648796.9581366,11747432,3007342592,3007.342592,32,7,166,1,20250716_155355
1752648796.9681206,11747471,3007352576,3007.352576,35,6,165,1,20250716_155355
1752648796.9781046,11747510,3007362560,3007.36256,37,6,163,1,20250716_155355
1752648796.9880886,11747549,3007372544,3007.372544,40,7,161,1,20250716_155355
1752648796.9980726,11747588,3007382528,3007.382528,42,6,160,1,20250716_155355
1752648797.0080566,11747627,3007392512,3007.392512,45,6,155,1,20250716_155355
1752648797.018041,11747666,3007402496,3007.402496,48,6,145,1,20250716_155355
1752648797.0282805,11747706,3007412736,3007.412736,52,7,138,1,20250716_155355
1752648797.0382645,11747745,3007422720,3007.42272,56,7,130,1,20250716_155355
1752648797.0482483,11747784,3007432704,3007.432704,60,6,125,1,20250716_155355
1752648797.0582323,11747823,3007442688,3007.442688,64,6,119,1,20250716_155355
1752648797.0682166,11747862,3007452672,3007.452672,69,7,114,1,20250716_155355
1752648797.0782006,11747901,3007462656,3007.462656,73,7,108,1,20250716_155355
1752648797.0881846,11747940,3007472640,3007.47264,77,7,103,1,20250716_155355
1752648797.0981686,11747979,3007482624,3007.482624,81,7,100,1,20250716_155355
1752648797.1081526,11748018,3007492608,3007.492608,86,7,96,1,20250716_155355
1752648797.1181366,11748057,3007502592,3007.502592,89,6,94,1,20250716_155355
1752648797.128121,11748096,3007512576,3007.512576,93,6,96,1,20250716_155355
1752648797.1381044,11748135,3007522560,3007.52256,97,7,95,1,20250716_155355
1752648797.1480885,11748174,3007532544,3007.532544,100,6,96,1,20250716_155355
1752648797.1580725,11748213,3007542528,3007.542528,103,6,96,1,20250716_155355
1752648797.1683123,11748253,3007552768,3007.552768,106,6,96,1,20250716_155355
1752648797.1782966,11748292,3007562752,3007.562752,109,6,96,1,20250716_155355
1752648797.1882806,11748331,3007572736,3007.572736,112,7,98,1,20250716_155355
1752648797.1982646,11748370,3007582720,3007.58272,115,7,98,1,20250716_155355
1752648797.2082486,11748409,3007592704,3007.592704,117,7,98,1,20250716_155355
1752648797.2182326,11748448,3007602688,3007.602688,120,6,99,1,20250716_155355
1752648797.2282166,11748487,3007612672,3007.612672,122,6,98,1,20250716_155355
1752648797.238201,11748526,3007622656,3007.622656,124,7,99,1,20250716_155355
1752648797.2481844,11748565,3007632640,3007.63264,127,6,101,1,20250716_155355
1752648797.2581685,11748604,3007642624,3007.642624,129,6,101,1,20250716_155355
1752648797.2681525,11748643,3007652608,3007.652608,131,6,102,1,20250716_155355
1752648797.2781365,11748682,3007662592,3007.662592,134,7,104,1,20250716_155355
1752648797.2881205,11748721,3007672576,3007.672576,136,6,105,1,20250716_155355
1752648797.2981043,11748760,3007682560,3007.68256,139,7,108,1,20250716_155355
1752648797.3080883,11748799,3007692544,3007.692544,141,6,111,1,20250716_155355
1752648797.3183286,11748839,3007702784,3007.702784,144,6,112,1,20250716_155355
1752648797.3283126,11748878,3007712768,3007.712768,146,6,115,1,20250716_155355
1752648797.338297,11748917,3007722752,3007.722752,149,6,117,1,20250716_155355
1752648797.348281,11748956,3007732736,3007.732736,152,7,124,1,20250716_155355
1752648797.3582644,11748995,3007742720,3007.74272,156,7,127,1,20250716_155355
1752648797.3682485,11749034,3007752704,3007.752704,159,6,131,1,20250716_155355
1752648797.3782325,11749073,3007762688,3007.762688,163,7,137,1,20250716_155355
1752648797.3882165,11749112,3007772672,3007.772672,167,7,143,1,20250716_155355
1752648797.3982005,11749151,3007782656,3007.782656,171,7,149,1,20250716_155355
1752648797.4081843,11749190,3007792640,3007.79264,176,8,152,1,20250716_155355
1752648797.4181683,11749229,3007802624,3007.802624,180,7,157,1,20250716_155355
1752648797.4281526,11749268,3007812608,3007.812608,185,7,161,1,20250716_155355
1752648797.4381366,11749307,3007822592,3007.822592,190,6,166,1,20250716_155355
1752648797.4481206,11749346,3007832576,3007.832576,195,6,168,1,20250716_155355
1752648797.4581046,11749385,3007842560,3007.84256,199,8,171,1,20250716_155355
1752648797.4683444,11749425,3007852800,3007.8528,204,8,171,1,20250716_155355
1752648797.4783285,11749464,3007862784,3007.862784,208,8,172,1,20250716_155355
1752648797.4883125,11749503,3007872768,3007.872768,212,7,173,1,20250716_155355
1752648797.4982965,11749542,3007882752,3007.882752,216,8,174,1,20250716_155355
1752648797.5082805,11749581,3007892736,3007.892736,220,7,174,1,20250716_155355
1752648797.5182643,11749620,3007902720,3007.90272,223,7,174,1,20250716_155355
1752648797.5282483,11749659,3007912704,3007.912704,227,8,175,1,20250716_155355
1752648797.5382326,11749698,3007922688,3007.922688,230,7,174,1,20250716_155355
1752648797.5482166,11749737,3007932672,3007.932672,233,8,174,1,20250716_155355
1752648797.5582006,11749776,3007942656,3007.942656,236,8,175,1,20250716_155355
1752648797.5681846,11749815,3007952640,3007.95264,239,7,175,1,20250716_155355
1752648797.5781686,11749854,3007962624,3007.962624,241,7,174,1,20250716_155355
1752648797.5881526,11749893,3007972608,3007.972608,244,7,175,1,20250716_155355
1752648797.598137,11749932,3007982592,3007.982592,246,7,174,1,20250716_155355
1752648797.6083765,11749972,3007992832,3007.992832,249,8,174,1,20250716_155355
1752648797.6183603,11750011,3008002816,3008.002816,251,8,174,1,20250716_155355
1752648797.6283443,11750050,3008012800,3008.0128,253,7,173,1,20250716_155355
1752648797.6383286,11750089,3008022784,3008.022784,1,8,174,1,20250716_155355
1752648797.6483126,11750128,3008032768,3008.032768,3,7,173,1,20250716_155355
1752648797.6582966,11750167,3008042752,3008.042752,5,7,174,1,20250716_155355
1752648797.6682806,11750206,3008052736,3008.052736,7,7,173,1,20250716_155355
1752648797.6782646,11750245,3008062720,3008.06272,9,7,173,1,20250716_155355
1752648797.6882486,11750284,3008072704,3008.072704,11,7,173,1,20250716_155355
1752648797.698233,11750323,3008082688,3008.082688,13,7,172,1,20250716_155355
1752648797.708217,11750362,3008092672,3008.092672,15,7,172,1,20250716_155355
1752648797.7182004,11750401,3008102656,3008.102656,17,7,172,1,20250716_155355
1752648797.7281845,11750440,3008112640,3008.11264,19,7,171,1,20250716_155355
1752648797.7381685,11750479,3008122624,3008.122624,21,7,171,1,20250716_155355
1752648797.7484086,11750519,3008132864,3008.132864,23,7,170,1,20250716_155355
1752648797.7583926,11750558,3008142848,3008.142848,25,8,169,1,20250716_155355
1752648797.7683766,11750597,3008152832,3008.152832,27,8,168,1,20250716_155355
1752648797.7783606,11750636,3008162816,3008.162816,29,7,167,1,20250716_155355
1752648797.7883446,11750675,3008172800,3008.1728,32,7,166,1,20250716_155355
1752648797.7983286,11750714,3008182784,3008.182784,34,7,164,1,20250716_155355
1752648797.808313,11750753,3008192768,3008.192768,36,7,162,1,20250716_155355
1752648797.818297,11750792,3008202752,3008.202752,39,7,161,1,20250716_155355
1752648797.8282804,11750831,3008212736,3008.212736,42,7,158,1,20250716_155355
1752648797.8382645,11750870,3008222720,3008.22272,45,6,148,1,20250716_155355
1752648797.8482485,11750909,3008232704,3008.232704,48,7,138,1,20250716_155355
1752648797.8582325,11750948,3008242688,3008.242688,52,7,132,1,20250716_155355
1752648797.8682165,11750987,3008252672,3008.252672,56,7,127,1,20250716_155355
1752648797.8782003,11751026,3008262656,3008.262656,61,7,120,1,20250716_155355
1752648797.8881843,11751065,3008272640,3008.27264,65,6,116,1,20250716_155355
1752648797.8984246,11751105,3008282880,3008.28288,69,7,111,1,20250716_155355
1752648797.9084086,11751144,3008292864,3008.292864,74,7,106,1,20250716_155355
1752648797.918393,11751183,3008302848,3008.302848,78,6,100,1,20250716_155355
1752648797.928377,11751222,3008312832,3008.312832,82,7,97,1,20250716_155355
1752648797.9383605,11751261,3008322816,3008.322816,86,6,94,1,20250716_155355
1752648797.9483445,11751300,3008332800,3008.3328,90,6,95,1,20250716_155355
1752648797.9583285,11751339,3008342784,3008.342784,94,7,96,1,20250716_155355
1752648797.9683125,11751378,3008352768,3008.352768,97,6,95,1,20250716_155355
1752648797.9782965,11751417,3008362752,3008.362752,101,6,95,1,20250716_155355
1752648797.9882803,11751456,3008372736,3008.372736,104,7,96,1,20250716_155355
1752648797.9982646,11751495,3008382720,3008.38272,107,6,94,1,20250716_155355
1752648798.0082486,11751534,3008392704,3008.392704,110,7,96,1,20250716_155355
1752648798.0182326,11751573,3008402688,3008.402688,112,6,95,1,20250716_155355
1752648798.0282166,11751612,3008412672,3008.412672,115,7,98,1,20250716_155355
1752648798.0384564,11751652,3008422912,3008.422912,118,6,97,1,20250716_155355
1752648798.0484405,11751691,3008432896,3008.432896,120,6,97,1,20250716_155355
1752648798.0584245,11751730,3008442880,3008.44288,123,6,98,1,20250716_155355
1752648798.0684085,11751769,3008452864,3008.452864,125,7,98,1,20250716_155355
1752648798.0783925,11751808,3008462848,3008.462848,127,7,100,1,20250716_155355
1752648798.0883763,11751847,3008472832,3008.472832,130,6,101,1,20250716_155355
1752648798.0983603,11751886,3008482816,3008.482816,132,6,102,1,20250716_155355
1752648798.1083446,11751925,3008492800,3008.4928,134,7,103,1,20250716_155355
1752648798.1183286,11751964,3008502784,3008.502784,136,6,104,1,20250716_155355
1752648798.1283126,11752003,3008512768,3008.512768,139,7,107,1,20250716_155355
1752648798.1382966,11752042,3008522752,3008.522752,141,6,110,1,20250716_155355
1752648798.1482806,11752081,3008532736,3008.532736,144,6,110,1,20250716_155355
1752648798.1582646,11752120,3008542720,3008.54272,147,6,115,1,20250716_155355
1752648798.168249,11752159,3008552704,3008.552704,149,6,119,1,20250716_155355
1752648798.1784885,11752199,3008562944,3008.562944,153,6,122,1,20250716_155355
1752648798.1884725,11752238,3008572928,3008.572928,156,6,127,1,20250716_155355
1752648798.1984563,11752277,3008582912,3008.582912,159,6,128,1,20250716_155355
1752648798.2084403,11752316,3008592896,3008.592896,163,6,136,1,20250716_155355
1752648798.2184246,11752355,3008602880,3008.60288,167,6,142,1,20250716_155355
1752648798.2284086,11752394,3008612864,3008.612864,171,7,147,1,20250716_155355
1752648798.2383926,11752433,3008622848,3008.622848,176,7,151,1,20250716_155355
1752648798.2483766,11752472,3008632832,3008.632832,180,7,156,1,20250716_155355
1752648798.2583606,11752511,3008642816,3008.642816,185,7,160,1,20250716_155355
1752648798.2683446,11752550,3008652800,3008.6528,190,7,162,1,20250716_155355
1752648798.278329,11752589,3008662784,3008.662784,195,7,168,1,20250716_155355
1752648798.288313,11752628,3008672768,3008.672768,199,7,171,1,20250716_155355
1752648798.2982965,11752667,3008682752,3008.682752,204,7,172,1,20250716_155355
1752648798.3082805,11752706,3008692736,3008.692736,208,7,172,1,20250716_155355
1752648798.3182645,11752745,3008702720,3008.70272,212,7,172,1,20250716_155355
1752648798.3285046,11752785,3008712960,3008.71296,216,7,173,1,20250716_155355
1752648798.3384886,11752824,3008722944,3008.722944,220,7,174,1,20250716_155355
1752648798.3484726,11752863,3008732928,3008.732928,223,7,173,1,20250716_155355
1752648798.3584566,11752902,3008742912,3008.742912,227,7,173,1,20250716_155355
1752648798.3684406,11752941,3008752896,3008.752896,230,7,173,1,20250716_155355
1752648798.3784246,11752980,3008762880,3008.76288,233,7,174,1,20250716_155355
1752648798.388409,11753019,3008772864,3008.772864,236,7,173,1,20250716_155355
1752648798.3983924,11753058,3008782848,3008.782848,239,7,174,1,20250716_155355
1752648798.4083765,11753097,3008792832,3008.792832,241,7,174,1,20250716_155355
1752648798.4183605,11753136,3008802816,3008.802816,244,7,174,1,20250716_155355
1752648798.4283445,11753175,3008812800,3008.8128,246,7,175,1,20250716_155355
1752648798.4383285,11753214,3008822784,3008.822784,249,7,173,1,20250716_155355
1752648798.4483123,11753253,3008832768,3008.832768,251,7,175,1,20250716_155355
1752648798.4582963,11753292,3008842752,3008.842752,253,7,174,1,20250716_155355
1752648798.4685366,11753332,3008852992,3008.852992,1,7,173,1,20250716_155355
1752648798.4785206,11753371,3008862976,3008.862976,3,7,174,1,20250716_155355
1752648798.4885046,11753410,3008872960,3008.87296,5,7,174,1,20250716_155355
1752648798.498489,11753449,3008882944,3008.882944,7,7,174,1,20250716_155355
1752648798.5084724,11753488,3008892928,3008.892928,9,7,174,1,20250716_155355
1752648798.5184565,11753527,3008902912,3008.902912,11,7,173,1,20250716_155355
1752648798.5284405,11753566,3008912896,3008.912896,13,7,173,1,20250716_155355
1752648798.5384245,11753605,3008922880,3008.92288,15,7,172,1,20250716_155355
1752648798.5484085,11753644,3008932864,3008.932864,17,7,172,1,20250716_155355
1752648798.5583923,11753683,3008942848,3008.942848,19,7,173,1,20250716_155355
1752648798.5683763,11753722,3008952832,3008.952832,21,7,172,1,20250716_155355
1752648798.5783606,11753761,3008962816,3008.962816,23,7,171,1,20250716_155355
1752648798.5883446,11753800,3008972800,3008.9728,25,7,171,1,20250716_155355
1752648798.5983286,11753839,3008982784,3008.982784,26,8,170,1,20250716_155355
1752648798.6083126,11753878,3008992768,3008.992768,29,7,170,1,20250716_155355
1752648798.6185524,11753918,3009003008,3009.003008,31,7,169,1,20250716_155355
1752648798.6285365,11753957,3009012992,3009.012992,33,7,168,1,20250716_155355
1752648798.6385205,11753996,3009022976,3009.022976,35,7,166,1,20250716_155355
1752648798.6485045,11754035,3009032960,3009.03296,37,7,164,1,20250716_155355
1752648798.6584885,11754074,3009042944,3009.042944,40,7,162,1,20250716_155355
1752648798.6684723,11754113,3009052928,3009.052928,42,7,163,1,20250716_155355
1752648798.6784563,11754152,3009062912,3009.062912,45,7,159,1,20250716_155355
1752648798.6884406,11754191,3009072896,3009.072896,48,7,153,1,20250716_155355
1752648798.6984246,11754230,3009082880,3009.08288,51,7,145,1,20250716_155355
1752648798.7084086,11754269,3009092864,3009.092864,55,7,135,1,20250716_155355
1752648798.7183926,11754308,3009102848,3009.102848,59,7,129,1,20250716_155355
1752648798.7283766,11754347,3009112832,3009.112832,63,7,127,1,20250716_155355
1752648798.7383606,11754386,3009122816,3009.122816,67,7,119,1,20250716_155355
1752648798.748345,11754425,3009132800,3009.1328,72,7,113,1,20250716_155355
1752648798.7585845,11754465,3009143040,3009.14304,76,7,108,1,20250716_155355
1752648798.7685685,11754504,3009153024,3009.153024,80,7,103,1,20250716_155355
1752648798.7785523,11754543,3009163008,3009.163008,84,7,99,1,20250716_155355
1752648798.7885363,11754582,3009172992,3009.172992,88,8,97,1,20250716_155355
1752648798.7985206,11754621,3009182976,3009.182976,92,7,96,1,20250716_155355
1752648798.8085046,11754660,3009192960,3009.19296,96,7,96,1,20250716_155355
1752648798.8184886,11754699,3009202944,3009.202944,99,7,95,1,20250716_155355
1752648798.8284726,11754738,3009212928,3009.212928,102,6,96,1,20250716_155355
1752648798.8384566,11754777,3009222912,3009.222912,105,7,96,1,20250716_155355
1752648798.8484406,11754816,3009232896,3009.232896,108,8,96,1,20250716_155355
1752648798.858425,11754855,3009242880,3009.24288,111,7,96,1,20250716_155355
1752648798.8684084,11754894,3009252864,3009.252864,114,7,97,1,20250716_155355
1752648798.8783925,11754933,3009262848,3009.262848,116,6,98,1,20250716_155355
1752648798.8883765,11754972,3009272832,3009.272832,119,7,98,1,20250716_155355
1752648798.8986166,11755012,3009283072,3009.283072,121,6,98,1,20250716_155355
1752648798.9086006,11755051,3009293056,3009.293056,124,7,99,1,20250716_155355
1752648798.9185846,11755090,3009303040,3009.30304,126,6,100,1,20250716_155355
1752648798.9285686,11755129,3009313024,3009.313024,128,7,102,1,20250716_155355
1752648798.9385526,11755168,3009323008,3009.323008,131,7,102,1,20250716_155355
1752648798.9485366,11755207,3009332992,3009.332992,133,7,103,1,20250716_155355
1752648798.958521,11755246,3009342976,3009.342976,135,7,104,1,20250716_155355
1752648798.968505,11755285,3009352960,3009.35296,138,7,105,1,20250716_155355
1752648798.9784884,11755324,3009362944,3009.362944,140,6,109,1,20250716_155355
1752648798.9884725,11755363,3009372928,3009.372928,143,6,111,1,20250716_155355
1752648798.9984565,11755402,3009382912,3009.382912,145,6,114,1,20250716_155355
1752648799.0084405,11755441,3009392896,3009.392896,148,7,117,1,20250716_155355
1752648799.0184245,11755480,3009402880,3009.40288,151,7,121,1,20250716_155355
1752648799.0284083,11755519,3009412864,3009.412864,154,7,126,1,20250716_155355
1752648799.0386486,11755559,3009423104,3009.423104,158,7,127,1,20250716_155355
1752648799.0486326,11755598,3009433088,3009.433088,161,6,134,1,20250716_155355
1752648799.0586166,11755637,3009443072,3009.443072,165,7,142,1,20250716_155355
1752648799.068601,11755676,3009453056,3009.453056,170,8,146,1,20250716_155355
1752648799.078585,11755715,3009463040,3009.46304,174,7,151,1,20250716_155355
1752648799.0885684,11755754,3009473024,3009.473024,179,7,155,1,20250716_155355
1752648799.0985525,11755793,3009483008,3009.483008,184,7,159,1,20250716_155355
1752648799.1085365,11755832,3009492992,3009.492992,188,7,164,1,20250716_155355
1752648799.1185205,11755871,3009502976,3009.502976,193,7,168,1,20250716_155355
1752648799.1285045,11755910,3009512960,3009.51296,198,7,170,1,20250716_155355
1752648799.1384883,11755949,3009522944,3009.522944,202,7,171,1,20250716_155355
1752648799.1484723,11755988,3009532928,3009.532928,207,8,172,1,20250716_155355
1752648799.1584566,11756027,3009542912,3009.542912,211,7,172,1,20250716_155355
1752648799.1684406,11756066,3009552896,3009.552896,215,7,173,1,20250716_155355
1752648799.1784246,11756105,3009562880,3009.56288,219,7,172,1,20250716_155355
1752648799.188665,11756145,3009573120,3009.57312,222,7,173,1,20250716_155355
1752648799.1986485,11756184,3009583104,3009.583104,226,8,174,1,20250716_155355
1752648799.2086325,11756223,3009593088,3009.593088,229,7,174,1,20250716_155355
1752648799.2186165,11756262,3009603072,3009.603072,232,7,174,1,20250716_155355
1752648799.2286005,11756301,3009613056,3009.613056,235,7,174,1,20250716_155355
1752648799.2385845,11756340,3009623040,3009.62304,238,7,174,1,20250716_155355
1752648799.2485683,11756379,3009633024,3009.633024,241,7,175,1,20250716_155355
1752648799.2585526,11756418,3009643008,3009.643008,243,6,173,1,20250716_155355
1752648799.2685366,11756457,3009652992,3009.652992,246,6,174,1,20250716_155355
1752648799.2785206,11756496,3009662976,3009.662976,248,6,174,1,20250716_155355
1752648799.2885046,11756535,3009672960,3009.67296,250,6,174,1,20250716_155355
1752648799.2984886,11756574,3009682944,3009.682944,253,6,174,1,20250716_155355
1752648799.3084726,11756613,3009692928,3009.692928,0,6,174,1,20250716_155355
1752648799.3184566,11756652,3009702912,3009.702912,2,7,175,1,20250716_155355
1752648799.328441,11756691,3009712896,3009.712896,4,7,175,1,20250716_155355
1752648799.3386805,11756731,3009723136,3009.723136,6,7,174,1,20250716_155355
1752648799.3486643,11756770,3009733120,3009.73312,8,7,174,1,20250716_155355
1752648799.3586483,11756809,3009743104,3009.743104,10,7,173,1,20250716_155355
1752648799.3686326,11756848,3009753088,3009.753088,12,6,173,1,20250716_155355
1752648799.3786166,11756887,3009763072,3009.763072,14,7,173,1,20250716_155355
1752648799.3886006,11756926,3009773056,3009.773056,16,7,172,1,20250716_155355
1752648799.3985846,11756965,3009783040,3009.78304,18,7,173,1,20250716_155355
1752648799.4085686,11757004,3009793024,3009.793024,20,7,172,1,20250716_155355
1752648799.4185526,11757043,3009803008,3009.803008,22,7,172,1,20250716_155355
1752648799.428537,11757082,3009812992,3009.812992,24,6,171,1,20250716_155355
1752648799.4387765,11757122,3009823232,3009.823232,26,7,169,1,20250716_155355
1752648799.4487605,11757161,3009833216,3009.833216,28,7,169,1,20250716_155355
1752648799.4587443,11757200,3009843200,3009.8432,30,6,168,1,20250716_155355
1752648799.4687283,11757239,3009853184,3009.853184,32,7,166,1,20250716_155355
1752648799.4787126,11757278,3009863168,3009.863168,34,7,165,1,20250716_155355
1752648799.4886966,11757317,3009873152,3009.873152,37,6,164,1,20250716_155355
1752648799.498937,11757357,3009883392,3009.883392,39,7,160,1,20250716_155355
1752648799.508921,11757396,3009893376,3009.893376,42,6,158,1,20250716_155355
1752648799.5189044,11757435,3009903360,3009.90336,45,7,148,1,20250716_155355
1752648799.5288885,11757474,3009913344,3009.913344,48,7,141,1,20250716_155355
1752648799.5388725,11757513,3009923328,3009.923328,52,7,132,1,20250716_155355
1752648799.5488565,11757552,3009933312,3009.933312,56,7,126,1,20250716_155355
1752648799.5588405,11757591,3009943296,3009.943296,61,7,120,1,20250716_155355
1752648799.5688243,11757630,3009953280,3009.95328,65,7,116,1,20250716_155355
1752648799.5790646,11757670,3009963520,3009.96352,70,7,110,1,20250716_155355
1752648799.5890486,11757709,3009973504,3009.973504,74,7,105,1,20250716_155355
1752648799.5990326,11757748,3009983488,3009.983488,78,7,100,1,20250716_155355
1752648799.609017,11757787,3009993472,3009.993472,83,7,97,1,20250716_155355
1752648799.619001,11757826,3010003456,3010.003456,87,7,96,1,20250716_155355
1752648799.6289845,11757865,3010013440,3010.01344,90,7,97,1,20250716_155355
1752648799.6389685,11757904,3010023424,3010.023424,94,7,97,1,20250716_155355
1752648799.6489525,11757943,3010033408,3010.033408,98,7,93,1,20250716_155355
1752648799.6591926,11757983,3010043648,3010.043648,101,7,95,1,20250716_155355
1752648799.6691766,11758022,3010053632,3010.053632,104,7,96,1,20250716_155355
1752648799.6791606,11758061,3010063616,3010.063616,107,7,96,1,20250716_155355
1752648799.6891446,11758100,3010073600,3010.0736,110,6,98,1,20250716_155355
1752648799.6991286,11758139,3010083584,3010.083584,113,7,96,1,20250716_155355
1752648799.7091126,11758178,3010093568,3010.093568,115,7,97,1,20250716_155355
1752648799.7193525,11758218,3010103808,3010.103808,118,7,98,1,20250716_155355
1752648799.7293365,11758257,3010113792,3010.113792,120,7,99,1,20250716_155355
1752648799.7393205,11758296,3010123776,3010.123776,123,7,99,1,20250716_155355
1752648799.7493043,11758335,3010133760,3010.13376,125,7,100,1,20250716_155355
1752648799.7592883,11758374,3010143744,3010.143744,127,7,101,1,20250716_155355
1752648799.7692726,11758413,3010153728,3010.153728,130,7,102,1,20250716_155355
1752648799.7792566,11758452,3010163712,3010.163712,132,7,103,1,20250716_155355
1752648799.7892406,11758491,3010173696,3010.173696,134,7,104,1,20250716_155355
1752648799.799481,11758531,3010183936,3010.183936,137,7,106,1,20250716_155355
1752648799.8094645,11758570,3010193920,3010.19392,139,7,109,1,20250716_155355
1752648799.8194485,11758609,3010203904,3010.203904,142,8,110,1,20250716_155355
1752648799.8294325,11758648,3010213888,3010.213888,144,8,113,1,20250716_155355
1752648799.8394165,11758687,3010223872,3010.223872,147,8,116,1,20250716_155355
1752648799.8494003,11758726,3010233856,3010.233856,150,7,119,1,20250716_155355
1752648799.8593843,11758765,3010243840,3010.24384,153,8,123,1,20250716_155355
1752648799.8693686,11758804,3010253824,3010.253824,157,7,126,1,20250716_155355
1752648799.8796086,11758844,3010264064,3010.264064,160,8,128,1,20250716_155355
1752648799.8895926,11758883,3010274048,3010.274048,164,7,136,1,20250716_155355
1752648799.899577,11758922,3010284032,3010.284032,168,6,142,1,20250716_155355
1752648799.9095604,11758961,3010294016,3010.294016,172,6,146,1,20250716_155355
1752648799.9195445,11759000,3010304000,3010.304,176,6,151,1,20250716_155355
1752648799.9295285,11759039,3010313984,3010.313984,181,6,155,1,20250716_155355
1752648799.9395125,11759078,3010323968,3010.323968,186,6,160,1,20250716_155355
1752648799.9494965,11759117,3010333952,3010.333952,190,6,163,1,20250716_155355
1752648799.9594803,11759156,3010343936,3010.343936,195,6,169,1,20250716_155355
1752648799.9694643,11759195,3010353920,3010.35392,200,6,171,1,20250716_155355
1752648799.9794486,11759234,3010363904,3010.363904,204,6,170,1,20250716_155355
1752648799.9894326,11759273,3010373888,3010.373888,208,6,172,1,20250716_155355
1752648799.9994166,11759312,3010383872,3010.383872,213,6,171,1,20250716_155355
1752648800.009657,11759352,3010394112,3010.394112,216,6,173,1,20250716_155355
1752648800.0196404,11759391,3010404096,3010.404096,220,6,174,1,20250716_155355
1752648800.0296245,11759430,3010414080,3010.41408,224,6,174,1,20250716_155355
1752648800.0396085,11759469,3010424064,3010.424064,227,6,173,1,20250716_155355
1752648800.0495925,11759508,3010434048,3010.434048,230,6,174,1,20250716_155355
1752648800.0595765,11759547,3010444032,3010.444032,233,6,174,1,20250716_155355
1752648800.0695603,11759586,3010454016,3010.454016,236,6,173,1,20250716_155355
1752648800.0795443,11759625,3010464000,3010.464,239,6,174,1,20250716_155355
1752648800.0895286,11759664,3010473984,3010.473984,242,6,174,1,20250716_155355
1752648800.0995126,11759703,3010483968,3010.483968,244,7,174,1,20250716_155355
1752648800.1094966,11759742,3010493952,3010.493952,247,7,174,1,20250716_155355
1752648800.1194806,11759781,3010503936,3010.503936,249,6,173,1,20250716_155355
1752648800.1294646,11759820,3010513920,3010.51392,251,6,174,1,20250716_155355
1752648800.1394486,11759859,3010523904,3010.523904,254,6,173,1,20250716_155355
1752648800.149433,11759898,3010533888,3010.533888,1,6,173,1,20250716_155355
1752648800.1596725,11759938,3010544128,3010.544128,3,7,174,1,20250716_155355
1752648800.1696565,11759977,3010554112,3010.554112,5,6,174,1,20250716_155355
1752648800.1796403,11760016,3010564096,3010.564096,7,6,174,1,20250716_155355
1752648800.1896243,11760055,3010574080,3010.57408,9,6,173,1,20250716_155355
1752648800.1996086,11760094,3010584064,3010.584064,11,7,173,1,20250716_155355
1752648800.2095926,11760133,3010594048,3010.594048,13,6,174,1,20250716_155355
1752648800.2195766,11760172,3010604032,3010.604032,15,6,173,1,20250716_155355
1752648800.2295606,11760211,3010614016,3010.614016,17,7,172,1,20250716_155355
1752648800.2395446,11760250,3010624000,3010.624,19,7,172,1,20250716_155355
1752648800.2495286,11760289,3010633984,3010.633984,21,7,172,1,20250716_155355
1752648800.259513,11760328,3010643968,3010.643968,23,6,170,1,20250716_155355
1752648800.2694964,11760367,3010653952,3010.653952,25,6,170,1,20250716_155355
1752648800.2794805,11760406,3010663936,3010.663936,27,6,169,1,20250716_155355
1752648800.2897203,11760446,3010674176,3010.674176,29,6,168,1,20250716_155355
1752648800.2997046,11760485,3010684160,3010.68416,31,6,167,1,20250716_155355
1752648800.3096886,11760524,3010694144,3010.694144,33,6,166,1,20250716_155355
1752648800.3196726,11760563,3010704128,3010.704128,36,6,164,1,20250716_155355
1752648800.3296566,11760602,3010714112,3010.714112,38,6,162,1,20250716_155355
1752648800.3396406,11760641,3010724096,3010.724096,41,6,159,1,20250716_155355
1752648800.3496246,11760680,3010734080,3010.73408,43,6,154,1,20250716_155355
1752648800.359609,11760719,3010744064,3010.744064,47,6,146,1,20250716_155355
1752648800.369593,11760758,3010754048,3010.754048,50,6,140,1,20250716_155355
1752648800.3795764,11760797,3010764032,3010.764032,54,6,132,1,20250716_155355
1752648800.3895605,11760836,3010774016,3010.774016,58,6,126,1,20250716_155355
1752648800.3995445,11760875,3010784000,3010.784,62,6,120,1,20250716_155355
1752648800.4095285,11760914,3010793984,3010.793984,67,6,115,1,20250716_155355
1752648800.4195125,11760953,3010803968,3010.803968,71,6,108,1,20250716_155355
1752648800.4294963,11760992,3010813952,3010.813952,76,6,104,1,20250716_155355
1752648800.4397366,11761032,3010824192,3010.824192,80,6,99,1,20250716_155355
1752648800.4497206,11761071,3010834176,3010.834176,84,6,97,1,20250716_155355
1752648800.4597046,11761110,3010844160,3010.84416,88,6,96,1,20250716_155355
1752648800.469689,11761149,3010854144,3010.854144,92,6,97,1,20250716_155355
1752648800.479673,11761188,3010864128,3010.864128,95,6,94,1,20250716_155355
1752648800.4896564,11761227,3010874112,3010.874112,99,6,95,1,20250716_155355
1752648800.4996405,11761266,3010884096,3010.884096,102,6,96,1,20250716_155355
1752648800.5096245,11761305,3010894080,3010.89408,105,6,96,1,20250716_155355
1752648800.5196085,11761344,3010904064,3010.904064,108,7,96,1,20250716_155355
1752648800.5295925,11761383,3010914048,3010.914048,111,6,96,1,20250716_155355
1752648800.5395763,11761422,3010924032,3010.924032,113,7,97,1,20250716_155355
1752648800.5495603,11761461,3010934016,3010.934016,116,7,98,1,20250716_155355
1752648800.5595446,11761500,3010944000,3010.944,119,6,98,1,20250716_155355
1752648800.5695286,11761539,3010953984,3010.953984,121,6,99,1,20250716_155355
1752648800.5795126,11761578,3010963968,3010.963968,124,6,100,1,20250716_155355
1752648800.589753,11761618,3010974208,3010.974208,126,6,100,1,20250716_155355
1752648800.5997365,11761657,3010984192,3010.984192,128,7,102,1,20250716_155355
1752648800.6097205,11761696,3010994176,3010.994176,131,6,103,1,20250716_155355
1752648800.6197045,11761735,3011004160,3011.00416,133,7,104,1,20250716_155355
1752648800.6296885,11761774,3011014144,3011.014144,135,6,106,1,20250716_155355
1752648800.6396725,11761813,3011024128,3011.024128,138,7,108,1,20250716_155355
1752648800.6496563,11761852,3011034112,3011.034112,141,7,111,1,20250716_155355
1752648800.6596406,11761891,3011044096,3011.044096,143,6,113,1,20250716_155355
1752648800.6696246,11761930,3011054080,3011.05408,146,6,116,1,20250716_155355
1752648800.6796086,11761969,3011064064,3011.064064,149,6,119,1,20250716_155355
1752648800.6895926,11762008,3011074048,3011.074048,152,6,122,1,20250716_155355
1752648800.6995766,11762047,3011084032,3011.084032,155,6,125,1,20250716_155355
1752648800.7095606,11762086,3011094016,3011.094016,159,6,127,1,20250716_155355
1752648800.7195446,11762125,3011104000,3011.104,162,6,135,1,20250716_155355
1752648800.7297845,11762165,3011114240,3011.11424,166,6,142,1,20250716_155355
1752648800.7397685,11762204,3011124224,3011.124224,170,6,145,1,20250716_155355
1752648800.7497523,11762243,3011134208,3011.134208,175,6,150,1,20250716_155355
1752648800.7597363,11762282,3011144192,3011.144192,179,6,155,1,20250716_155355
1752648800.7697206,11762321,3011154176,3011.154176,184,7,158,1,20250716_155355
1752648800.7797046,11762360,3011164160,3011.16416,189,8,164,1,20250716_155355
1752648800.7896886,11762399,3011174144,3011.174144,194,7,167,1,20250716_155355
1752648800.7996726,11762438,3011184128,3011.184128,198,6,170,1,20250716_155355
1752648800.8096566,11762477,3011194112,3011.194112,203,6,171,1,20250716_155355
1752648800.8196406,11762516,3011204096,3011.204096,207,6,171,1,20250716_155355
1752648800.829625,11762555,3011214080,3011.21408,211,6,171,1,20250716_155355
1752648800.839609,11762594,3011224064,3011.224064,215,7,172,1,20250716_155355
1752648800.8495924,11762633,3011234048,3011.234048,219,7,173,1,20250716_155355
1752648800.8595765,11762672,3011244032,3011.244032,223,7,174,1,20250716_155355
1752648800.8695605,11762711,3011254016,3011.254016,226,7,174,1,20250716_155355
1752648800.8798006,11762751,3011264256,3011.264256,229,7,174,1,20250716_155355
1752648800.8897846,11762790,3011274240,3011.27424,232,6,173,1,20250716_155355
1752648800.8997686,11762829,3011284224,3011.284224,235,7,174,1,20250716_155355
1752648800.9097526,11762868,3011294208,3011.294208,238,7,173,1,20250716_155355
1752648800.9197366,11762907,3011304192,3011.304192,241,7,176,1,20250716_155355
1752648800.9297206,11762946,3011314176,3011.314176,243,7,174,1,20250716_155355
1752648800.939705,11762985,3011324160,3011.32416,246,7,174,1,20250716_155355
1752648800.949689,11763024,3011334144,3011.334144,248,7,174,1,20250716_155355
1752648800.9596725,11763063,3011344128,3011.344128,251,7,174,1,20250716_155355
1752648800.9696565,11763102,3011354112,3011.354112,253,6,173,1,20250716_155355
1752648800.9796405,11763141,3011364096,3011.364096,0,7,174,1,20250716_155355
1752648800.9896245,11763180,3011374080,3011.37408,2,7,174,1,20250716_155355
1752648800.9996085,11763219,3011384064,3011.384064,4,7,174,1,20250716_155355
1752648801.0095923,11763258,3011394048,3011.394048,6,7,173,1,20250716_155355
1752648801.0198326,11763298,3011404288,3011.404288,8,7,173,1,20250716_155355
1752648801.0298166,11763337,3011414272,3011.414272,10,7,172,1,20250716_155355
1752648801.0398006,11763376,3011424256,3011.424256,12,7,173,1,20250716_155355
1752648801.049785,11763415,3011434240,3011.43424,14,7,171,1,20250716_155355
1752648801.059769,11763454,3011444224,3011.444224,16,7,171,1,20250716_155355
1752648801.0697525,11763493,3011454208,3011.454208,18,7,172,1,20250716_155355
1752648801.0797365,11763532,3011464192,3011.464192,20,7,171,1,20250716_155355
1752648801.0897205,11763571,3011474176,3011.474176,22,7,171,1,20250716_155355
1752648801.0997045,11763610,3011484160,3011.48416,24,8,168,1,20250716_155355
1752648801.1096883,11763649,3011494144,3011.494144,26,7,169,1,20250716_155355
1752648801.1196723,11763688,3011504128,3011.504128,29,7,167,1,20250716_155355
1752648801.1296566,11763727,3011514112,3011.514112,31,7,165,1,20250716_155355
1752648801.1396406,11763766,3011524096,3011.524096,33,8,164,1,20250716_155355
1752648801.1496246,11763805,3011534080,3011.53408,36,8,163,1,20250716_155355
1752648801.1596086,11763844,3011544064,3011.544064,38,7,160,1,20250716_155355
1752648801.1698484,11763884,3011554304,3011.554304,41,7,154,1,20250716_155355
1752648801.1798325,11763923,3011564288,3011.564288,44,7,143,1,20250716_155355
1752648801.1898165,11763962,3011574272,3011.574272,48,7,136,1,20250716_155355
1752648801.1998005,11764001,3011584256,3011.584256,52,7,129,1,20250716_155355
1752648801.2097845,11764040,3011594240,3011.59424,56,8,125,1,20250716_155355
1752648801.2197683,11764079,3011604224,3011.604224,61,8,118,1,20250716_155355
1752648801.2297523,11764118,3011614208,3011.614208,65,7,113,1,20250716_155355
1752648801.2397366,11764157,3011624192,3011.624192,70,7,108,1,20250716_155355
1752648801.2497206,11764196,3011634176,3011.634176,74,8,104,1,20250716_155355
1752648801.2597046,11764235,3011644160,3011.64416,78,7,99,1,20250716_155355
1752648801.2696886,11764274,3011654144,3011.654144,83,7,96,1,20250716_155355
1752648801.2796726,11764313,3011664128,3011.664128,87,7,97,1,20250716_155355
1752648801.2896566,11764352,3011674112,3011.674112,90,6,98,1,20250716_155355
1752648801.299641,11764391,3011684096,3011.684096,94,7,95,1,20250716_155355
1752648801.3098805,11764431,3011694336,3011.694336,98,7,95,1,20250716_155355
1752648801.3198645,11764470,3011704320,3011.70432,101,7,96,1,20250716_155355
1752648801.3298483,11764509,3011714304,3011.714304,104,7,95,1,20250716_155355
1752648801.3398323,11764548,3011724288,3011.724288,107,7,95,1,20250716_155355
1752648801.3498166,11764587,3011734272,3011.734272,110,7,96,1,20250716_155355
1752648801.3598006,11764626,3011744256,3011.744256,113,6,97,1,20250716_155355
1752648801.3697846,11764665,3011754240,3011.75424,115,7,98,1,20250716_155355
1752648801.3797686,11764704,3011764224,3011.764224,118,7,96,1,20250716_155355
1752648801.3897526,11764743,3011774208,3011.774208,120,8,97,1,20250716_155355
1752648801.3997366,11764782,3011784192,3011.784192,123,7,99,1,20250716_155355
1752648801.409721,11764821,3011794176,3011.794176,125,6,99,1,20250716_155355
1752648801.419705,11764860,3011804160,3011.80416,127,7,100,1,20250716_155355
1752648801.4296885,11764899,3011814144,3011.814144,130,6,101,1,20250716_155355
1752648801.4396725,11764938,3011824128,3011.824128,132,7,104,1,20250716_155355
1752648801.4496565,11764977,3011834112,3011.834112,134,7,103,1,20250716_155355
1752648801.4598966,11765017,3011844352,3011.844352,137,8,105,1,20250716_155355
1752648801.4698806,11765056,3011854336,3011.854336,139,8,108,1,20250716_155355
1752648801.4798646,11765095,3011864320,3011.86432,142,7,109,1,20250716_155355
1752648801.4898486,11765134,3011874304,3011.874304,144,7,112,1,20250716_155355
1752648801.4998326,11765173,3011884288,3011.884288,147,7,114,1,20250716_155355
1752648801.5098166,11765212,3011894272,3011.894272,150,6,118,1,20250716_155355
1752648801.519801,11765251,3011904256,3011.904256,153,7,120,1,20250716_155355
1752648801.5297844,11765290,3011914240,3011.91424,156,7,124,1,20250716_155355
1752648801.5397685,11765329,3011924224,3011.924224,159,7,127,1,20250716_155355
1752648801.5497525,11765368,3011934208,3011.934208,163,7,132,1,20250716_155355
1752648801.5597365,11765407,3011944192,3011.944192,166,7,139,1,20250716_155355
1752648801.5697205,11765446,3011954176,3011.954176,171,7,144,1,20250716_155355
1752648801.5797043,11765485,3011964160,3011.96416,175,7,148,1,20250716_155355
1752648801.5896883,11765524,3011974144,3011.974144,179,7,153,1,20250716_155355
1752648801.5996726,11765563,3011984128,3011.984128,184,7,158,1,20250716_155355
1752648801.6099126,11765603,3011994368,3011.994368,189,7,161,1,20250716_155355
1752648801.619897,11765642,3012004352,3012.004352,193,7,165,1,20250716_155355
1752648801.629881,11765681,3012014336,3012.014336,198,7,170,1,20250716_155355
1752648801.6398644,11765720,3012024320,3012.02432,203,7,171,1,20250716_155355
1752648801.6498485,11765759,3012034304,3012.034304,207,6,171,1,20250716_155355
1752648801.6598325,11765798,3012044288,3012.044288,211,6,171,1,20250716_155355
1752648801.6698165,11765837,3012054272,3012.054272,215,6,172,1,20250716_155355
1752648801.6798005,11765876,3012064256,3012.064256,219,6,174,1,20250716_155355
1752648801.6897843,11765915,3012074240,3012.07424,222,7,174,1,20250716_155355
1752648801.6997683,11765954,3012084224,3012.084224,226,7,174,1,20250716_155355
1752648801.7097526,11765993,3012094208,3012.094208,229,8,174,1,20250716_155355
1752648801.7197366,11766032,3012104192,3012.104192,232,8,174,1,20250716_155355
1752648801.7297206,11766071,3012114176,3012.114176,235,7,175,1,20250716_155355
1752648801.7397046,11766110,3012124160,3012.12416,238,7,174,1,20250716_155355
1752648801.7499444,11766150,3012134400,3012.1344,241,7,174,1,20250716_155355
1752648801.7599285,11766189,3012144384,3012.144384,243,7,174,1,20250716_155355
1752648801.7699125,11766228,3012154368,3012.154368,246,7,174,1,20250716_155355
1752648801.7798965,11766267,3012164352,3012.164352,248,7,174,1,20250716_155355
1752648801.7898805,11766306,3012174336,3012.174336,251,8,174,1,20250716_155355
1752648801.7998643,11766345,3012184320,3012.18432,253,7,173,1,20250716_155355
1752648801.8098483,11766384,3012194304,3012.194304,0,7,174,1,20250716_155355
1752648801.8198326,11766423,3012204288,3012.204288,2,7,173,1,20250716_155355
1752648801.8298166,11766462,3012214272,3012.214272,4,7,173,1,20250716_155355
1752648801.8398006,11766501,3012224256,3012.224256,6,7,173,1,20250716_155355
1752648801.8497846,11766540,3012234240,3012.23424,8,7,172,1,20250716_155355
1752648801.8597686,11766579,3012244224,3012.244224,11,7,172,1,20250716_155355
1752648801.8697526,11766618,3012254208,3012.254208,13,6,171,1,20250716_155355
1752648801.879737,11766657,3012264192,3012.264192,15,7,171,1,20250716_155355
1752648801.8897204,11766696,3012274176,3012.274176,17,6,170,1,20250716_155355
1752648801.8999605,11766736,3012284416,3012.284416,19,7,171,1,20250716_155355
1752648801.9099443,11766775,3012294400,3012.2944,21,7,170,1,20250716_155355
1752648801.9199286,11766814,3012304384,3012.304384,23,7,170,1,20250716_155355
1752648801.9299126,11766853,3012314368,3012.314368,25,7,168,1,20250716_155355
1752648801.9398966,11766892,3012324352,3012.324352,27,7,166,1,20250716_155355
1752648801.9498806,11766931,3012334336,3012.334336,29,7,166,1,20250716_155355
1752648801.9598646,11766970,3012344320,3012.34432,31,7,163,1,20250716_155355
1752648801.9698486,11767009,3012354304,3012.354304,34,7,163,1,20250716_155355
1752648801.9798326,11767048,3012364288,3012.364288,36,8,162,1,20250716_155355
1752648801.989817,11767087,3012374272,3012.374272,39,7,160,1,20250716_155355
1752648801.9998004,11767126,3012384256,3012.384256,41,7,150,1,20250716_155355
1752648802.0097845,11767165,3012394240,3012.39424,45,6,142,1,20250716_155355
1752648802.0197685,11767204,3012404224,3012.404224,49,7,132,1,20250716_155355
1752648802.0297525,11767243,3012414208,3012.414208,53,6,127,1,20250716_155355
1752648802.0399926,11767283,3012424448,3012.424448,57,7,120,1,20250716_155355
1752648802.0499766,11767322,3012434432,3012.434432,61,8,116,1,20250716_155355
1752648802.0599606,11767361,3012444416,3012.444416,66,7,110,1,20250716_155355
1752648802.0699446,11767400,3012454400,3012.4544,71,7,105,1,20250716_155355
1752648802.0799286,11767439,3012464384,3012.464384,75,7,100,1,20250716_155355
1752648802.089913,11767478,3012474368,3012.474368,79,6,98,1,20250716_155355
1752648802.099897,11767517,3012484352,3012.484352,84,7,94,1,20250716_155355
1752648802.1098804,11767556,3012494336,3012.494336,88,6,96,1,20250716_155355
1752648802.1198645,11767595,3012504320,3012.50432,91,7,97,1,20250716_155355
1752648802.1298485,11767634,3012514304,3012.514304,95,6,94,1,20250716_155355
1752648802.1398325,11767673,3012524288,3012.524288,98,7,94,1,20250716_155355
1752648802.1498165,11767712,3012534272,3012.534272,102,7,95,1,20250716_155355
1752648802.1598003,11767751,3012544256,3012.544256,105,7,95,1,20250716_155355
1752648802.1697843,11767790,3012554240,3012.55424,108,6,96,1,20250716_155355
1752648802.1800246,11767830,3012564480,3012.56448,110,6,96,1,20250716_155355
1752648802.1900086,11767869,3012574464,3012.574464,113,6,97,1,20250716_155355
1752648802.199993,11767908,3012584448,3012.584448,116,6,96,1,20250716_155355
1752648802.209977,11767947,3012594432,3012.594432,118,6,98,1,20250716_155355
1752648802.2199605,11767986,3012604416,3012.604416,121,6,99,1,20250716_155355
1752648802.2299445,11768025,3012614400,3012.6144,123,6,100,1,20250716_155355
1752648802.2399285,11768064,3012624384,3012.624384,126,6,100,1,20250716_155355
1752648802.2499125,11768103,3012634368,3012.634368,128,6,101,1,20250716_155355
1752648802.2598965,11768142,3012644352,3012.644352,130,6,102,1,20250716_155355
1752648802.2698803,11768181,3012654336,3012.654336,133,6,104,1,20250716_155355
1752648802.2798643,11768220,3012664320,3012.66432,135,6,105,1,20250716_155355
1752648802.2898486,11768259,3012674304,3012.674304,137,7,106,1,20250716_155355
1752648802.2998326,11768298,3012684288,3012.684288,140,7,109,1,20250716_155355
1752648802.3098166,11768337,3012694272,3012.694272,142,7,111,1,20250716_155355
1752648802.3198006,11768376,3012704256,3012.704256,145,7,113,1,20250716_155355
1752648802.3300405,11768416,3012714496,3012.714496,148,7,115,1,20250716_155355
1752648802.3400245,11768455,3012724480,3012.72448,151,7,118,1,20250716_155355
1752648802.3500085,11768494,3012734464,3012.734464,154,7,121,1,20250716_155355
1752648802.3599925,11768533,3012744448,3012.744448,157,7,124,1,20250716_155355
1752648802.3699763,11768572,3012754432,3012.754432,160,6,127,1,20250716_155355
1752648802.3799603,11768611,3012764416,3012.764416,164,7,134,1,20250716_155355
1752648802.3899446,11768650,3012774400,3012.7744,168,7,141,1,20250716_155355
1752648802.3999286,11768689,3012784384,3012.784384,172,7,145,1,20250716_155355
1752648802.4099126,11768728,3012794368,3012.794368,176,7,149,1,20250716_155355
1752648802.4198966,11768767,3012804352,3012.804352,181,7,155,1,20250716_155355
1752648802.4298806,11768806,3012814336,3012.814336,186,7,158,1,20250716_155355
1752648802.4398646,11768845,3012824320,3012.82432,190,7,163,1,20250716_155355
1752648802.449849,11768884,3012834304,3012.834304,195,7,167,1,20250716_155355
1752648802.459833,11768923,3012844288,3012.844288,199,7,171,1,20250716_155355
1752648802.4700725,11768963,3012854528,3012.854528,204,7,171,1,20250716_155355
1752648802.4800563,11769002,3012864512,3012.864512,208,7,172,1,20250716_155355
1752648802.4900403,11769041,3012874496,3012.874496,212,7,170,1,20250716_155355
1752648802.5000246,11769080,3012884480,3012.88448,216,7,173,1,20250716_155355
1752648802.5100086,11769119,3012894464,3012.894464,220,7,173,1,20250716_155355
1752648802.5199926,11769158,3012904448,3012.904448,223,7,173,1,20250716_155355
1752648802.5299766,11769197,3012914432,3012.914432,227,7,174,1,20250716_155355
1752648802.5399606,11769236,3012924416,3012.924416,230,7,174,1,20250716_155355
1752648802.5499446,11769275,3012934400,3012.9344,233,7,174,1,20250716_155355
1752648802.559929,11769314,3012944384,3012.944384,236,7,174,1,20250716_155355
1752648802.569913,11769353,3012954368,3012.954368,239,6,174,1,20250716_155355
1752648802.5798965,11769392,3012964352,3012.964352,241,7,175,1,20250716_155355
1752648802.5898805,11769431,3012974336,3012.974336,244,6,174,1,20250716_155355
1752648802.5998645,11769470,3012984320,3012.98432,247,6,174,1,20250716_155355
1752648802.6101046,11769510,3012994560,3012.99456,249,6,173,1,20250716_155355
1752648802.6200886,11769549,3013004544,3013.004544,251,6,174,1,20250716_155355
1752648802.6300726,11769588,3013014528,3013.014528,254,7,174,1,20250716_155355
1752648802.6400566,11769627,3013024512,3013.024512,1,7,173,1,20250716_155355
1752648802.6500406,11769666,3013034496,3013.034496,3,7,174,1,20250716_155355
1752648802.6600246,11769705,3013044480,3013.04448,5,7,173,1,20250716_155355
1752648802.670009,11769744,3013054464,3013.054464,7,7,173,1,20250716_155355
1752648802.679993,11769783,3013064448,3013.064448,9,6,173,1,20250716_155355
1752648802.6899765,11769822,3013074432,3013.074432,11,6,172,1,20250716_155355
1752648802.6999605,11769861,3013084416,3013.084416,13,6,173,1,20250716_155355
1752648802.7099445,11769900,3013094400,3013.0944,15,6,172,1,20250716_155355
1752648802.7199285,11769939,3013104384,3013.104384,17,6,172,1,20250716_155355
1752648802.7299123,11769978,3013114368,3013.114368,19,6,171,1,20250716_155355
1752648802.7398963,11770017,3013124352,3013.124352,21,6,171,1,20250716_155355
1752648802.7498806,11770056,3013134336,3013.134336,23,6,171,1,20250716_155355
1752648802.7601206,11770096,3013144576,3013.144576,25,6,170,1,20250716_155355
1752648802.7701046,11770135,3013154560,3013.15456,27,6,169,1,20250716_155355
1752648802.780089,11770174,3013164544,3013.164544,29,6,168,1,20250716_155355
1752648802.7900724,11770213,3013174528,3013.174528,31,6,167,1,20250716_155355
1752648802.8000565,11770252,3013184512,3013.184512,33,6,165,1,20250716_155355
1752648802.8100405,11770291,3013194496,3013.194496,35,6,164,1,20250716_155355
1752648802.8200245,11770330,3013204480,3013.20448,38,7,161,1,20250716_155355
1752648802.8300085,11770369,3013214464,3013.214464,41,6,159,1,20250716_155355
1752648802.8399923,11770408,3013224448,3013.224448,43,6,152,1,20250716_155355
1752648802.8499763,11770447,3013234432,3013.234432,47,6,144,1,20250716_155355
1752648802.8599606,11770486,3013244416,3013.244416,50,6,136,1,20250716_155355
1752648802.8699446,11770525,3013254400,3013.2544,54,6,130,1,20250716_155355
1752648802.8799286,11770564,3013264384,3013.264384,58,6,125,1,20250716_155355
1752648802.890169,11770604,3013274624,3013.274624,63,6,120,1,20250716_155355
1752648802.9001524,11770643,3013284608,3013.284608,67,6,115,1,20250716_155355
1752648802.9101365,11770682,3013294592,3013.294592,71,6,109,1,20250716_155355
1752648802.9201205,11770721,3013304576,3013.304576,76,6,103,1,20250716_155355
1752648802.9301045,11770760,3013314560,3013.31456,80,6,100,1,20250716_155355
1752648802.9400885,11770799,3013324544,3013.324544,84,6,96,1,20250716_155355
1752648802.9500723,11770838,3013334528,3013.334528,88,6,95,1,20250716_155355
1752648802.9600563,11770877,3013344512,3013.344512,92,6,97,1,20250716_155355
1752648802.9700406,11770916,3013354496,3013.354496,95,6,96,1,20250716_155355
1752648802.9800246,11770955,3013364480,3013.36448,99,6,94,1,20250716_155355
1752648802.9900086,11770994,3013374464,3013.374464,102,6,96,1,20250716_155355
1752648802.9999926,11771033,3013384448,3013.384448,105,6,95,1,20250716_155355
1752648803.0099766,11771072,3013394432,3013.394432,108,6,95,1,20250716_155355
1752648803.0199606,11771111,3013404416,3013.404416,111,6,96,1,20250716_155355
1752648803.029945,11771150,3013414400,3013.4144,114,6,96,1,20250716_155355
1752648803.0401845,11771190,3013424640,3013.42464,116,6,96,1,20250716_155355
1752648803.0501685,11771229,3013434624,3013.434624,119,6,98,1,20250716_155355
1752648803.0601523,11771268,3013444608,3013.444608,121,6,98,1,20250716_155355
1752648803.0701363,11771307,3013454592,3013.454592,124,6,98,1,20250716_155355
1752648803.0801206,11771346,3013464576,3013.464576,126,6,100,1,20250716_155355
1752648803.0901046,11771385,3013474560,3013.47456,128,6,101,1,20250716_155355
1752648803.1000886,11771424,3013484544,3013.484544,131,6,102,1,20250716_155355
1752648803.1100726,11771463,3013494528,3013.494528,133,6,104,1,20250716_155355
1752648803.1200566,11771502,3013504512,3013.504512,135,6,104,1,20250716_155355
1752648803.1300406,11771541,3013514496,3013.514496,138,6,106,1,20250716_155355
1752648803.140025,11771580,3013524480,3013.52448,140,6,109,1,20250716_155355
1752648803.1500084,11771619,3013534464,3013.534464,143,6,109,1,20250716_155355
1752648803.1599925,11771658,3013544448,3013.544448,145,6,112,1,20250716_155355
1752648803.1699765,11771697,3013554432,3013.554432,148,6,115,1,20250716_155355
1752648803.1802166,11771737,3013564672,3013.564672,151,6,118,1,20250716_155355
1752648803.1902006,11771776,3013574656,3013.574656,154,6,121,1,20250716_155355
1752648803.2001846,11771815,3013584640,3013.58464,157,6,126,1,20250716_155355
1752648803.2101686,11771854,3013594624,3013.594624,161,7,127,1,20250716_155355
1752648803.2201526,11771893,3013604608,3013.604608,164,6,134,1,20250716_155355
1752648803.2301366,11771932,3013614592,3013.614592,168,7,140,1,20250716_155355
1752648803.2401206,11771971,3013624576,3013.624576,172,6,146,1,20250716_155355
1752648803.250105,11772010,3013634560,3013.63456,177,7,150,1,20250716_155355
1752648803.2600884,11772049,3013644544,3013.644544,181,6,154,1,20250716_155355
1752648803.2700725,11772088,3013654528,3013.654528,186,6,158,1,20250716_155355
1752648803.2800565,11772127,3013664512,3013.664512,191,6,163,1,20250716_155355
1752648803.2900405,11772166,3013674496,3013.674496,195,6,169,1,20250716_155355
1752648803.3000245,11772205,3013684480,3013.68448,200,7,171,1,20250716_155355
1752648803.3100083,11772244,3013694464,3013.694464,205,7,170,1,20250716_155355
1752648803.3199923,11772283,3013704448,3013.704448,209,6,171,1,20250716_155355
1752648803.3302326,11772323,3013714688,3013.714688,213,6,172,1,20250716_155355
1752648803.3402166,11772362,3013724672,3013.724672,217,6,172,1,20250716_155355
1752648803.350201,11772401,3013734656,3013.734656,220,7,173,1,20250716_155355
1752648803.360185,11772440,3013744640,3013.74464,224,6,173,1,20250716_155355
1752648803.3701684,11772479,3013754624,3013.754624,227,7,174,1,20250716_155355
1752648803.3801525,11772518,3013764608,3013.764608,230,7,174,1,20250716_155355
1752648803.3901365,11772557,3013774592,3013.774592,233,7,174,1,20250716_155355
1752648803.4001205,11772596,3013784576,3013.784576,236,7,174,1,20250716_155355
1752648803.4101045,11772635,3013794560,3013.79456,239,7,174,1,20250716_155355
1752648803.4200883,11772674,3013804544,3013.804544,242,7,174,1,20250716_155355
1752648803.4300723,11772713,3013814528,3013.814528,244,7,174,1,20250716_155355
1752648803.4400566,11772752,3013824512,3013.824512,247,7,174,1,20250716_155355
1752648803.4500406,11772791,3013834496,3013.834496,249,7,174,1,20250716_155355
1752648803.4600246,11772830,3013844480,3013.84448,252,7,173,1,20250716_155355
1752648803.470265,11772870,3013854720,3013.85472,254,7,174,1,20250716_155355
1752648803.4802485,11772909,3013864704,3013.864704,1,7,173,1,20250716_155355
1752648803.4902325,11772948,3013874688,3013.874688,3,7,173,1,20250716_155355
1752648803.5002165,11772987,3013884672,3013.884672,5,7,172,1,20250716_155355
1752648803.5102005,11773026,3013894656,3013.894656,7,7,172,1,20250716_155355
1752648803.5201845,11773065,3013904640,3013.90464,9,7,171,1,20250716_155355
1752648803.5301683,11773104,3013914624,3013.914624,11,7,172,1,20250716_155355
1752648803.5401523,11773143,3013924608,3013.924608,13,6,171,1,20250716_155355
1752648803.5501366,11773182,3013934592,3013.934592,15,7,171,1,20250716_155355
1752648803.5601206,11773221,3013944576,3013.944576,17,7,170,1,20250716_155355
1752648803.5701046,11773260,3013954560,3013.95456,19,7,170,1,20250716_155355
1752648803.5800886,11773299,3013964544,3013.964544,21,7,170,1,20250716_155355
1752648803.5900726,11773338,3013974528,3013.974528,24,7,169,1,20250716_155355
1752648803.6000566,11773377,3013984512,3013.984512,26,7,167,1,20250716_155355
1752648803.6102965,11773417,3013994752,3013.994752,28,7,166,1,20250716_155355
1752648803.6202805,11773456,3014004736,3014.004736,30,6,165,1,20250716_155355
1752648803.6302643,11773495,3014014720,3014.01472,32,6,163,1,20250716_155355
1752648803.6402483,11773534,3014024704,3014.024704,35,7,162,1,20250716_155355
1752648803.6502326,11773573,3014034688,3014.034688,37,6,161,1,20250716_155355
1752648803.6602166,11773612,3014044672,3014.044672,40,6,156,1,20250716_155355
1752648803.6702006,11773651,3014054656,3014.054656,43,6,146,1,20250716_155355
1752648803.6801846,11773690,3014064640,3014.06464,47,6,139,1,20250716_155355
1752648803.6901686,11773729,3014074624,3014.074624,51,7,131,1,20250716_155355
1752648803.7001526,11773768,3014084608,3014.084608,55,7,127,1,20250716_155355
1752648803.710137,11773807,3014094592,3014.094592,59,7,120,1,20250716_155355
1752648803.720121,11773846,3014104576,3014.104576,64,6,115,1,20250716_155355
1752648803.7301044,11773885,3014114560,3014.11456,68,6,110,1,20250716_155355
1752648803.7400885,11773924,3014124544,3014.124544,72,7,105,1,20250716_155355
1752648803.7500725,11773963,3014134528,3014.134528,77,7,102,1,20250716_155355
1752648803.7603126,11774003,3014144768,3014.144768,81,7,98,1,20250716_155355
1752648803.7702966,11774042,3014154752,3014.154752,85,7,95,1,20250716_155355
1752648803.7802806,11774081,3014164736,3014.164736,89,7,96,1,20250716_155355
1752648803.7902646,11774120,3014174720,3014.17472,93,7,97,1,20250716_155355
1752648803.8002486,11774159,3014184704,3014.184704,96,6,94,1,20250716_155355
1752648803.8102326,11774198,3014194688,3014.194688,100,6,95,1,20250716_155355
1752648803.820217,11774237,3014204672,3014.204672,103,7,96,1,20250716_155355
1752648803.830201,11774276,3014214656,3014.214656,106,7,96,1,20250716_155355
1752648803.8401845,11774315,3014224640,3014.22464,109,6,96,1,20250716_155355
1752648803.8501685,11774354,3014234624,3014.234624,112,7,97,1,20250716_155355
1752648803.8601525,11774393,3014244608,3014.244608,114,7,97,1,20250716_155355
1752648803.8701365,11774432,3014254592,3014.254592,117,6,96,1,20250716_155355
1752648803.8801205,11774471,3014264576,3014.264576,119,6,98,1,20250716_155355
1752648803.8901043,11774510,3014274560,3014.27456,122,7,99,1,20250716_155355
1752648803.9003446,11774550,3014284800,3014.2848,124,6,100,1,20250716_155355
1752648803.9103286,11774589,3014294784,3014.294784,127,7,101,1,20250716_155355
1752648803.9203126,11774628,3014304768,3014.304768,129,6,102,1,20250716_155355
1752648803.930297,11774667,3014314752,3014.314752,131,6,103,1,20250716_155355
1752648803.940281,11774706,3014324736,3014.324736,134,6,104,1,20250716_155355
1752648803.9502645,11774745,3014334720,3014.33472,136,7,106,1,20250716_155355
1752648803.9602485,11774784,3014344704,3014.344704,138,6,107,1,20250716_155355
1752648803.9702325,11774823,3014354688,3014.354688,141,6,109,1,20250716_155355
1752648803.9802165,11774862,3014364672,3014.364672,143,6,110,1,20250716_155355
1752648803.9902003,11774901,3014374656,3014.374656,146,6,113,1,20250716_155355
1752648804.0001843,11774940,3014384640,3014.38464,149,6,114,1,20250716_155355
1752648804.0101686,11774979,3014394624,3014.394624,152,6,117,1,20250716_155355
1752648804.0201526,11775018,3014404608,3014.404608,155,6,119,1,20250716_155355
1752648804.0301366,11775057,3014414592,3014.414592,158,6,123,1,20250716_155355
1752648804.040377,11775097,3014424832,3014.424832,161,6,127,1,20250716_155355
1752648804.0503604,11775136,3014434816,3014.434816,165,6,134,1,20250716_155355
1752648804.0603445,11775175,3014444800,3014.4448,169,6,141,1,20250716_155355
1752648804.0703285,11775214,3014454784,3014.454784,173,6,144,1,20250716_155355
1752648804.0803125,11775253,3014464768,3014.464768,177,6,150,1,20250716_155355
1752648804.0902965,11775292,3014474752,3014.474752,182,7,154,1,20250716_155355
1752648804.1002803,11775331,3014484736,3014.484736,187,7,158,1,20250716_155355
1752648804.1102643,11775370,3014494720,3014.49472,191,6,162,1,20250716_155355
1752648804.1202486,11775409,3014504704,3014.504704,196,6,165,1,20250716_155355
1752648804.1302326,11775448,3014514688,3014.514688,200,7,170,1,20250716_155355
1752648804.1402166,11775487,3014524672,3014.524672,205,6,170,1,20250716_155355
1752648804.1502006,11775526,3014534656,3014.534656,209,6,170,1,20250716_155355
1752648804.1601846,11775565,3014544640,3014.54464,213,6,171,1,20250716_155355
1752648804.1701686,11775604,3014554624,3014.554624,217,7,172,1,20250716_155355
1752648804.180153,11775643,3014564608,3014.564608,221,7,172,1,20250716_155355
1752648804.1903925,11775683,3014574848,3014.574848,224,6,173,1,20250716_155355
1752648804.2003765,11775722,3014584832,3014.584832,228,6,173,1,20250716_155355
1752648804.2103603,11775761,3014594816,3014.594816,231,6,173,1,20250716_155355
1752648804.2203443,11775800,3014604800,3014.6048,234,6,174,1,20250716_155355
1752648804.2303286,11775839,3014614784,3014.614784,237,6,174,1,20250716_155355
1752648804.2403126,11775878,3014624768,3014.624768,239,6,174,1,20250716_155355
1752648804.2502966,11775917,3014634752,3014.634752,242,6,174,1,20250716_155355
1752648804.2602806,11775956,3014644736,3014.644736,245,6,174,1,20250716_155355
1752648804.2702646,11775995,3014654720,3014.65472,247,7,174,1,20250716_155355
1752648804.2802486,11776034,3014664704,3014.664704,249,6,174,1,20250716_155355
1752648804.290233,11776073,3014674688,3014.674688,252,6,174,1,20250716_155355
1752648804.300217,11776112,3014684672,3014.684672,254,6,174,1,20250716_155355
1752648804.3102005,11776151,3014694656,3014.694656,1,7,173,1,20250716_155355
1752648804.3204403,11776191,3014704896,3014.704896,3,6,172,1,20250716_155355
1752648804.3304243,11776230,3014714880,3014.71488,5,6,173,1,20250716_155355
1752648804.3404086,11776269,3014724864,3014.724864,7,6,173,1,20250716_155355
1752648804.3503926,11776308,3014734848,3014.734848,9,7,172,1,20250716_155355
1752648804.3603766,11776347,3014744832,3014.744832,11,6,172,1,20250716_155355
1752648804.3703606,11776386,3014754816,3014.754816,13,6,171,1,20250716_155355
1752648804.3803446,11776425,3014764800,3014.7648,15,7,172,1,20250716_155355
1752648804.3903286,11776464,3014774784,3014.774784,17,6,171,1,20250716_155355
1752648804.400313,11776503,3014784768,3014.784768,19,6,171,1,20250716_155355
1752648804.4102964,11776542,3014794752,3014.794752,21,6,170,1,20250716_155355
1752648804.4202805,11776581,3014804736,3014.804736,23,6,170,1,20250716_155355
1752648804.4302645,11776620,3014814720,3014.81472,25,6,169,1,20250716_155355
1752648804.4402485,11776659,3014824704,3014.824704,27,7,168,1,20250716_155355
1752648804.4502325,11776698,3014834688,3014.834688,29,6,168,1,20250716_155355
1752648804.4602163,11776737,3014844672,3014.844672,32,6,167,1,20250716_155355
1752648804.4704566,11776777,3014854912,3014.854912,34,7,166,1,20250716_155355
1752648804.4804406,11776816,3014864896,3014.864896,36,7,164,1,20250716_155355
1752648804.4904246,11776855,3014874880,3014.87488,39,6,163,1,20250716_155355
1752648804.5004086,11776894,3014884864,3014.884864,41,7,160,1,20250716_155355
1752648804.510393,11776933,3014894848,3014.894848,44,6,157,1,20250716_155355
1752648804.5203764,11776972,3014904832,3014.904832,47,6,149,1,20250716_155355
1752648804.5303605,11777011,3014914816,3014.914816,50,6,141,1,20250716_155355
1752648804.5403445,11777050,3014924800,3014.9248,54,6,131,1,20250716_155355
1752648804.5503285,11777089,3014934784,3014.934784,58,6,126,1,20250716_155355
1752648804.5603125,11777128,3014944768,3014.944768,63,6,120,1,20250716_155355
1752648804.5702963,11777167,3014954752,3014.954752,67,6,115,1,20250716_155355
1752648804.5802803,11777206,3014964736,3014.964736,71,6,110,1,20250716_155355
1752648804.5902646,11777245,3014974720,3014.97472,76,6,106,1,20250716_155355
1752648804.6002486,11777284,3014984704,3014.984704,80,6,101,1,20250716_155355
1752648804.6102326,11777323,3014994688,3014.994688,84,6,97,1,20250716_155355
1752648804.620473,11777363,3015004928,3015.004928,88,6,96,1,20250716_155355
1752648804.6304564,11777402,3015014912,3015.014912,92,6,97,1,20250716_155355
1752648804.6404405,11777441,3015024896,3015.024896,95,6,96,1,20250716_155355
1752648804.6504245,11777480,3015034880,3015.03488,99,6,94,1,20250716_155355
1752648804.6604085,11777519,3015044864,3015.044864,102,6,95,1,20250716_155355
1752648804.6703925,11777558,3015054848,3015.054848,105,6,96,1,20250716_155355
1752648804.6803763,11777597,3015064832,3015.064832,108,6,96,1,20250716_155355
1752648804.6903603,11777636,3015074816,3015.074816,111,6,96,1,20250716_155355
1752648804.7003446,11777675,3015084800,3015.0848,114,6,96,1,20250716_155355
1752648804.7103286,11777714,3015094784,3015.094784,116,6,96,1,20250716_155355
1752648804.7203126,11777753,3015104768,3015.104768,119,6,98,1,20250716_155355
1752648804.7302966,11777792,3015114752,3015.114752,121,6,98,1,20250716_155355
1752648804.7402806,11777831,3015124736,3015.124736,124,6,99,1,20250716_155355
1752648804.7502646,11777870,3015134720,3015.13472,126,7,100,1,20250716_155355
1752648804.7605045,11777910,3015144960,3015.14496,128,7,101,1,20250716_155355
1752648804.7704885,11777949,3015154944,3015.154944,131,6,102,1,20250716_155355
1752648804.7804725,11777988,3015164928,3015.164928,133,6,104,1,20250716_155355
1752648804.7904563,11778027,3015174912,3015.174912,135,6,104,1,20250716_155355
1752648804.8004403,11778066,3015184896,3015.184896,138,6,106,1,20250716_155355
1752648804.8104246,11778105,3015194880,3015.19488,140,6,108,1,20250716_155355
1752648804.8204086,11778144,3015204864,3015.204864,143,6,110,1,20250716_155355
1752648804.8303926,11778183,3015214848,3015.214848,145,6,111,1,20250716_155355
1752648804.8403766,11778222,3015224832,3015.224832,148,6,115,1,20250716_155355
1752648804.8503606,11778261,3015234816,3015.234816,151,6,116,1,20250716_155355
1752648804.8603446,11778300,3015244800,3015.2448,154,6,119,1,20250716_155355
1752648804.870329,11778339,3015254784,3015.254784,157,6,122,1,20250716_155355
1752648804.8803124,11778378,3015264768,3015.264768,160,6,127,1,20250716_155355
1752648804.8902965,11778417,3015274752,3015.274752,164,6,128,1,20250716_155355
1752648804.9002805,11778456,3015284736,3015.284736,167,6,138,1,20250716_155355
1752648804.9105206,11778496,3015294976,3015.294976,171,7,143,1,20250716_155355
1752648804.9205046,11778535,3015304960,3015.30496,176,7,148,1,20250716_155355
1752648804.9304886,11778574,3015314944,3015.314944,180,7,152,1,20250716_155355
1752648804.9404726,11778613,3015324928,3015.324928,185,6,156,1,20250716_155355
1752648804.9504566,11778652,3015334912,3015.334912,190,7,160,1,20250716_155355
1752648804.9604406,11778691,3015344896,3015.344896,194,7,166,1,20250716_155355
1752648804.970425,11778730,3015354880,3015.35488,199,7,170,1,20250716_155355
1752648804.980409,11778769,3015364864,3015.364864,203,7,171,1,20250716_155355
1752648804.9903924,11778808,3015374848,3015.374848,208,7,171,1,20250716_155355
1752648805.0003765,11778847,3015384832,3015.384832,212,7,171,1,20250716_155355
1752648805.0103605,11778886,3015394816,3015.394816,216,7,172,1,20250716_155355
1752648805.0203445,11778925,3015404800,3015.4048,219,7,173,1,20250716_155355
1752648805.0303285,11778964,3015414784,3015.414784,223,7,173,1,20250716_155355
1752648805.0403123,11779003,3015424768,3015.424768,226,6,173,1,20250716_155355
1752648805.0505526,11779043,3015435008,3015.435008,230,6,173,1,20250716_155355
1752648805.0605366,11779082,3015444992,3015.444992,233,7,174,1,20250716_155355
1752648805.0705206,11779121,3015454976,3015.454976,236,7,174,1,20250716_155355
1752648805.080505,11779160,3015464960,3015.46496,238,7,174,1,20250716_155355
1752648805.090489,11779199,3015474944,3015.474944,241,7,173,1,20250716_155355
1752648805.1004725,11779238,3015484928,3015.484928,244,7,174,1,20250716_155355
1752648805.1104565,11779277,3015494912,3015.494912,246,7,174,1,20250716_155355
1752648805.1204405,11779316,3015504896,3015.504896,249,7,174,1,20250716_155355
1752648805.1304245,11779355,3015514880,3015.51488,251,7,174,1,20250716_155355
1752648805.1404085,11779394,3015524864,3015.524864,253,7,173,1,20250716_155355
1752648805.1503923,11779433,3015534848,3015.534848,0,6,173,1,20250716_155355
1752648805.1603763,11779472,3015544832,3015.544832,2,7,174,1,20250716_155355
1752648805.1703606,11779511,3015554816,3015.554816,5,7,172,1,20250716_155355
1752648805.1803446,11779550,3015564800,3015.5648,7,6,173,1,20250716_155355
1752648805.1903286,11779589,3015574784,3015.574784,9,7,172,1,20250716_155355
1752648805.200569,11779629,3015585024,3015.585024,11,6,172,1,20250716_155355
1752648805.2105525,11779668,3015595008,3015.595008,13,6,172,1,20250716_155355
1752648805.2205365,11779707,3015604992,3015.604992,15,7,171,1,20250716_155355
1752648805.2305205,11779746,3015614976,3015.614976,16,7,172,1,20250716_155355
1752648805.2405045,11779785,3015624960,3015.62496,18,7,171,1,20250716_155355
1752648805.2504883,11779824,3015634944,3015.634944,20,6,171,1,20250716_155355
1752648805.2604723,11779863,3015644928,3015.644928,22,7,170,1,20250716_155355
1752648805.2704566,11779902,3015654912,3015.654912,24,6,169,1,20250716_155355
1752648805.2804406,11779941,3015664896,3015.664896,27,7,168,1,20250716_155355
1752648805.2904246,11779980,3015674880,3015.67488,29,6,167,1,20250716_155355
1752648805.3004086,11780019,3015684864,3015.684864,31,7,166,1,20250716_155355
1752648805.3103926,11780058,3015694848,3015.694848,33,7,164,1,20250716_155355
1752648805.3203766,11780097,3015704832,3015.704832,35,6,164,1,20250716_155355
1752648805.330361,11780136,3015714816,3015.714816,38,7,162,1,20250716_155355
1752648805.3406005,11780176,3015725056,3015.725056,40,7,160,1,20250716_155355
1752648805.3505845,11780215,3015735040,3015.73504,43,6,156,1,20250716_155355
1752648805.3605683,11780254,3015745024,3015.745024,46,6,148,1,20250716_155355
1752648805.3705523,11780293,3015755008,3015.755008,50,6,142,1,20250716_155355
1752648805.3805366,11780332,3015764992,3015.764992,53,6,132,1,20250716_155355
1752648805.3905206,11780371,3015774976,3015.774976,57,6,127,1,20250716_155355
1752648805.4005046,11780410,3015784960,3015.78496,62,6,123,1,20250716_155355
1752648805.4104886,11780449,3015794944,3015.794944,66,6,118,1,20250716_155355
1752648805.4204726,11780488,3015804928,3015.804928,70,6,112,1,20250716_155355
1752648805.4304566,11780527,3015814912,3015.814912,75,6,108,1,20250716_155355
1752648805.440441,11780566,3015824896,3015.824896,79,6,102,1,20250716_155355
1752648805.450425,11780605,3015834880,3015.83488,83,6,99,1,20250716_155355
1752648805.4604084,11780644,3015844864,3015.844864,87,6,96,1,20250716_155355
1752648805.4703925,11780683,3015854848,3015.854848,91,6,98,1,20250716_155355
1752648805.4803765,11780722,3015864832,3015.864832,94,6,95,1,20250716_155355
1752648805.4906166,11780762,3015875072,3015.875072,98,6,94,1,20250716_155355
1752648805.5006006,11780801,3015885056,3015.885056,101,6,95,1,20250716_155355
1752648805.5105846,11780840,3015895040,3015.89504,104,6,96,1,20250716_155355
1752648805.5205686,11780879,3015905024,3015.905024,107,6,95,1,20250716_155355
1752648805.5305526,11780918,3015915008,3015.915008,110,6,96,1,20250716_155355
1752648805.5405366,11780957,3015924992,3015.924992,113,6,97,1,20250716_155355
1752648805.5507765,11780997,3015935232,3015.935232,116,6,97,1,20250716_155355
1752648805.5607605,11781036,3015945216,3015.945216,118,7,97,1,20250716_155355
1752648805.5707445,11781075,3015955200,3015.9552,121,7,97,1,20250716_155355
1752648805.5807283,11781114,3015965184,3015.965184,123,6,99,1,20250716_155355
1752648805.5907123,11781153,3015975168,3015.975168,125,6,100,1,20250716_155355
1752648805.6006966,11781192,3015985152,3015.985152,128,8,101,1,20250716_155355
1752648805.6106806,11781231,3015995136,3015.995136,130,7,102,1,20250716_155355
1752648805.6206646,11781270,3016005120,3016.00512,132,7,103,1,20250716_155355
1752648805.630905,11781310,3016015360,3016.01536,135,7,104,1,20250716_155355
1752648805.6408885,11781349,3016025344,3016.025344,137,8,104,1,20250716_155355
1752648805.6508725,11781388,3016035328,3016.035328,140,7,106,1,20250716_155355
1752648805.6608565,11781427,3016045312,3016.045312,142,6,108,1,20250716_155355
1752648805.6708405,11781466,3016055296,3016.055296,145,6,110,1,20250716_155355
1752648805.6808245,11781505,3016065280,3016.06528,147,6,112,1,20250716_155355
1752648805.6910646,11781545,3016075520,3016.07552,150,7,115,1,20250716_155355
1752648805.7010486,11781584,3016085504,3016.085504,153,6,117,1,20250716_155355
1752648805.7110326,11781623,3016095488,3016.095488,156,6,120,1,20250716_155355
1752648805.7210166,11781662,3016105472,3016.105472,159,6,124,1,20250716_155355
1752648805.731001,11781701,3016115456,3016.115456,162,6,129,1,20250716_155355
1752648805.7409844,11781740,3016125440,3016.12544,166,6,136,1,20250716_155355
1752648805.7509685,11781779,3016135424,3016.135424,170,7,142,1,20250716_155355
1752648805.7609525,11781818,3016145408,3016.145408,174,7,146,1,20250716_155355
1752648805.7711926,11781858,3016155648,3016.155648,179,6,150,1,20250716_155355
1752648805.7811766,11781897,3016165632,3016.165632,183,6,155,1,20250716_155355
1752648805.7911606,11781936,3016175616,3016.175616,188,6,160,1,20250716_155355
1752648805.8011446,11781975,3016185600,3016.1856,193,6,163,1,20250716_155355
1752648805.8111286,11782014,3016195584,3016.195584,197,6,170,1,20250716_155355
1752648805.8211126,11782053,3016205568,3016.205568,202,6,171,1,20250716_155355
1752648805.8310966,11782092,3016215552,3016.215552,206,6,171,1,20250716_155355
1752648805.841081,11782131,3016225536,3016.225536,210,6,170,1,20250716_155355
1752648805.8513205,11782171,3016235776,3016.235776,214,6,172,1,20250716_155355
1752648805.8613043,11782210,3016245760,3016.24576,218,6,173,1,20250716_155355
1752648805.8712883,11782249,3016255744,3016.255744,222,6,173,1,20250716_155355
1752648805.8812726,11782288,3016265728,3016.265728,225,6,173,1,20250716_155355
1752648805.8912566,11782327,3016275712,3016.275712,229,6,173,1,20250716_155355
1752648805.9012406,11782366,3016285696,3016.285696,232,6,174,1,20250716_155355
1752648805.911481,11782406,3016295936,3016.295936,235,6,174,1,20250716_155355
1752648805.9214644,11782445,3016305920,3016.30592,238,7,174,1,20250716_155355
1752648805.9314485,11782484,3016315904,3016.315904,240,6,174,1,20250716_155355
1752648805.9414325,11782523,3016325888,3016.325888,243,6,173,1,20250716_155355
1752648805.9514165,11782562,3016335872,3016.335872,245,6,174,1,20250716_155355
1752648805.9614005,11782601,3016345856,3016.345856,248,6,174,1,20250716_155355
1752648805.9713843,11782640,3016355840,3016.35584,250,6,173,1,20250716_155355
1752648805.9813683,11782679,3016365824,3016.365824,253,6,172,1,20250716_155355
1752648805.9913526,11782718,3016375808,3016.375808,0,6,173,1,20250716_155355
1752648806.0015926,11782758,3016386048,3016.386048,2,6,173,1,20250716_155355
1752648806.011577,11782797,3016396032,3016.396032,4,6,172,1,20250716_155355
1752648806.021561,11782836,3016406016,3016.406016,6,6,171,1,20250716_155355
1752648806.0315444,11782875,3016416000,3016.416,8,6,171,1,20250716_155355
1752648806.0415285,11782914,3016425984,3016.425984,10,6,172,1,20250716_155355
1752648806.0515125,11782953,3016435968,3016.435968,12,6,172,1,20250716_155355
1752648806.0614965,11782992,3016445952,3016.445952,14,6,171,1,20250716_155355
1752648806.0714805,11783031,3016455936,3016.455936,16,6,171,1,20250716_155355
1752648806.0814643,11783070,3016465920,3016.46592,18,7,170,1,20250716_155355
1752648806.0914483,11783109,3016475904,3016.475904,20,6,170,1,20250716_155355
1752648806.1014326,11783148,3016485888,3016.485888,22,6,169,1,20250716_155355
1752648806.1114166,11783187,3016495872,3016.495872,24,6,169,1,20250716_155355
1752648806.1214006,11783226,3016505856,3016.505856,27,7,168,1,20250716_155355
1752648806.1313846,11783265,3016515840,3016.51584,29,6,167,1,20250716_155355
1752648806.1413686,11783304,3016525824,3016.525824,31,7,166,1,20250716_155355
1752648806.1516085,11783344,3016536064,3016.536064,33,7,164,1,20250716_155355
1752648806.1615925,11783383,3016546048,3016.546048,36,7,163,1,20250716_155355
1752648806.1715765,11783422,3016556032,3016.556032,38,7,161,1,20250716_155355
1752648806.1815605,11783461,3016566016,3016.566016,41,7,156,1,20250716_155355
1752648806.1915443,11783500,3016576000,3016.576,44,7,149,1,20250716_155355
1752648806.2015283,11783539,3016585984,3016.585984,47,7,141,1,20250716_155355
1752648806.2115126,11783578,3016595968,3016.595968,51,6,135,1,20250716_155355
1752648806.2214966,11783617,3016605952,3016.605952,55,6,128,1,20250716_155355
1752648806.2314806,11783656,3016615936,3016.615936,59,6,122,1,20250716_155355
1752648806.2414646,11783695,3016625920,3016.62592,64,6,117,1,20250716_155355
1752648806.2514486,11783734,3016635904,3016.635904,68,6,112,1,20250716_155355
1752648806.2614326,11783773,3016645888,3016.645888,72,6,107,1,20250716_155355
1752648806.271417,11783812,3016655872,3016.655872,77,6,104,1,20250716_155355
1752648806.2814004,11783851,3016665856,3016.665856,81,6,99,1,20250716_155355
1752648806.2913845,11783890,3016675840,3016.67584,85,6,97,1,20250716_155355
1752648806.3016243,11783930,3016686080,3016.68608,89,6,98,1,20250716_155355
1752648806.3116086,11783969,3016696064,3016.696064,93,6,96,1,20250716_155355
1752648806.3215926,11784008,3016706048,3016.706048,96,6,93,1,20250716_155355
1752648806.3315766,11784047,3016716032,3016.716032,100,6,95,1,20250716_155355
1752648806.3415606,11784086,3016726016,3016.726016,103,6,95,1,20250716_155355
1752648806.3515446,11784125,3016736000,3016.736,106,6,96,1,20250716_155355
1752648806.3615286,11784164,3016745984,3016.745984,109,6,95,1,20250716_155355
1752648806.371513,11784203,3016755968,3016.755968,111,6,95,1,20250716_155355
1752648806.381497,11784242,3016765952,3016.765952,114,6,96,1,20250716_155355
1752648806.3914804,11784281,3016775936,3016.775936,117,6,96,1,20250716_155355
1752648806.4014645,11784320,3016785920,3016.78592,119,6,97,1,20250716_155355
1752648806.4114485,11784359,3016795904,3016.795904,122,6,98,1,20250716_155355
1752648806.4214325,11784398,3016805888,3016.805888,124,6,99,1,20250716_155355
1752648806.4314165,11784437,3016815872,3016.815872,126,6,100,1,20250716_155355
1752648806.4416566,11784477,3016826112,3016.826112,129,6,101,1,20250716_155355
1752648806.4516406,11784516,3016836096,3016.836096,131,6,102,1,20250716_155355
1752648806.4616246,11784555,3016846080,3016.84608,133,6,104,1,20250716_155355
1752648806.4716086,11784594,3016856064,3016.856064,136,6,105,1,20250716_155355
1752648806.481593,11784633,3016866048,3016.866048,138,6,107,1,20250716_155355
1752648806.491577,11784672,3016876032,3016.876032,141,6,108,1,20250716_155355
1752648806.5015604,11784711,3016886016,3016.886016,143,6,109,1,20250716_155355
1752648806.5115445,11784750,3016896000,3016.896,146,6,111,1,20250716_155355
1752648806.5215285,11784789,3016905984,3016.905984,148,6,113,1,20250716_155355
1752648806.5315125,11784828,3016915968,3016.915968,151,6,116,1,20250716_155355
1752648806.5414965,11784867,3016925952,3016.925952,154,6,118,1,20250716_155355
1752648806.5514803,11784906,3016935936,3016.935936,157,6,121,1,20250716_155355
1752648806.5614643,11784945,3016945920,3016.94592,160,6,124,1,20250716_155355
1752648806.5714486,11784984,3016955904,3016.955904,164,6,129,1,20250716_155355
1752648806.5816886,11785024,3016966144,3016.966144,168,6,137,1,20250716_155355
1752648806.591673,11785063,3016976128,3016.976128,172,6,142,1,20250716_155355
1752648806.601657,11785102,3016986112,3016.986112,176,6,147,1,20250716_155355
1752648806.6116405,11785141,3016996096,3016.996096,180,6,152,1,20250716_155355
1752648806.6216245,11785180,3017006080,3017.00608,185,6,156,1,20250716_155355
1752648806.6316085,11785219,3017016064,3017.016064,190,6,159,1,20250716_155355
1752648806.6415925,11785258,3017026048,3017.026048,194,7,164,1,20250716_155355
1752648806.6515765,11785297,3017036032,3017.036032,199,7,169,1,20250716_155355
1752648806.6615603,11785336,3017046016,3017.046016,203,7,171,1,20250716_155355
1752648806.6715446,11785375,3017056000,3017.056,208,7,171,1,20250716_155355
1752648806.6815286,11785414,3017065984,3017.065984,212,7,171,1,20250716_155355
1752648806.6915126,11785453,3017075968,3017.075968,216,7,172,1,20250716_155355
1752648806.7014966,11785492,3017085952,3017.085952,219,7,173,1,20250716_155355
1752648806.7114806,11785531,3017095936,3017.095936,223,7,173,1,20250716_155355
1752648806.7214646,11785570,3017105920,3017.10592,226,7,172,1,20250716_155355
1752648806.7317045,11785610,3017116160,3017.11616,230,7,173,1,20250716_155355
1752648806.7416885,11785649,3017126144,3017.126144,233,6,173,1,20250716_155355
1752648806.7516725,11785688,3017136128,3017.136128,236,6,172,1,20250716_155355
1752648806.7616563,11785727,3017146112,3017.146112,238,6,174,1,20250716_155355
1752648806.7716403,11785766,3017156096,3017.156096,241,6,173,1,20250716_155355
1752648806.7816246,11785805,3017166080,3017.16608,244,7,173,1,20250716_155355
1752648806.7916086,11785844,3017176064,3017.176064,246,6,174,1,20250716_155355
1752648806.8015926,11785883,3017186048,3017.186048,249,7,173,1,20250716_155355
1752648806.8115766,11785922,3017196032,3017.196032,251,6,175,1,20250716_155355
1752648806.8215606,11785961,3017206016,3017.206016,253,7,174,1,20250716_155355
1752648806.8315446,11786000,3017216000,3017.216,0,6,174,1,20250716_155355
1752648806.841529,11786039,3017225984,3017.225984,2,7,174,1,20250716_155355
1752648806.851513,11786078,3017235968,3017.235968,5,7,174,1,20250716_155355
1752648806.8614964,11786117,3017245952,3017.245952,7,7,174,1,20250716_155355
1752648806.8717363,11786157,3017256192,3017.256192,9,7,173,1,20250716_155355
1752648806.8817203,11786196,3017266176,3017.266176,10,7,173,1,20250716_155355
1752648806.8917046,11786235,3017276160,3017.27616,12,7,173,1,20250716_155355
1752648806.9016886,11786274,3017286144,3017.286144,14,7,173,1,20250716_155355
1752648806.9116726,11786313,3017296128,3017.296128,16,7,172,1,20250716_155355
1752648806.9216566,11786352,3017306112,3017.306112,18,7,172,1,20250716_155355
1752648806.9316406,11786391,3017316096,3017.316096,20,7,171,1,20250716_155355
1752648806.9416246,11786430,3017326080,3017.32608,22,7,170,1,20250716_155355
1752648806.951609,11786469,3017336064,3017.336064,24,7,170,1,20250716_155355
1752648806.961593,11786508,3017346048,3017.346048,26,7,169,1,20250716_155355
1752648806.9715765,11786547,3017356032,3017.356032,28,7,169,1,20250716_155355
1752648806.9815605,11786586,3017366016,3017.366016,30,6,167,1,20250716_155355
1752648806.9915445,11786625,3017376000,3017.376,32,7,166,1,20250716_155355
1752648807.0015285,11786664,3017385984,3017.385984,35,7,166,1,20250716_155355
1752648807.0115125,11786703,3017395968,3017.395968,37,6,165,1,20250716_155355
1752648807.0217526,11786743,3017406208,3017.406208,39,6,162,1,20250716_155355
1752648807.0317366,11786782,3017416192,3017.416192,42,6,162,1,20250716_155355
1752648807.0417206,11786821,3017426176,3017.426176,45,6,159,1,20250716_155355
1752648807.0517046,11786860,3017436160,3017.43616,48,6,152,1,20250716_155355
1752648807.061689,11786899,3017446144,3017.446144,51,6,143,1,20250716_155355
1752648807.0716724,11786938,3017456128,3017.456128,55,6,136,1,20250716_155355
1752648807.0816565,11786977,3017466112,3017.466112,59,6,127,1,20250716_155355
1752648807.0916405,11787016,3017476096,3017.476096,63,6,125,1,20250716_155355
1752648807.1016245,11787055,3017486080,3017.48608,67,6,118,1,20250716_155355
1752648807.1116085,11787094,3017496064,3017.496064,71,6,111,1,20250716_155355
1752648807.1215923,11787133,3017506048,3017.506048,76,6,107,1,20250716_155355
1752648807.1315763,11787172,3017516032,3017.516032,80,6,103,1,20250716_155355
1752648807.1415606,11787211,3017526016,3017.526016,84,7,100,1,20250716_155355
1752648807.1515446,11787250,3017536000,3017.536,88,6,98,1,20250716_155355
1752648807.1617846,11787290,3017546240,3017.54624,92,6,98,1,20250716_155355
1752648807.171769,11787329,3017556224,3017.556224,95,6,94,1,20250716_155355
1752648807.1817524,11787368,3017566208,3017.566208,99,6,94,1,20250716_155355
1752648807.1917365,11787407,3017576192,3017.576192,102,6,94,1,20250716_155355
1752648807.2017205,11787446,3017586176,3017.586176,105,7,95,1,20250716_155355
1752648807.2117045,11787485,3017596160,3017.59616,108,7,95,1,20250716_155355
1752648807.2216885,11787524,3017606144,3017.606144,111,7,95,1,20250716_155355
1752648807.2316723,11787563,3017616128,3017.616128,113,7,96,1,20250716_155355
1752648807.2416563,11787602,3017626112,3017.626112,116,7,97,1,20250716_155355
1752648807.2516406,11787641,3017636096,3017.636096,119,7,96,1,20250716_155355
1752648807.2616246,11787680,3017646080,3017.64608,121,7,98,1,20250716_155355
1752648807.2716086,11787719,3017656064,3017.656064,123,7,99,1,20250716_155355
1752648807.2815926,11787758,3017666048,3017.666048,126,7,100,1,20250716_155355
1752648807.2915766,11787797,3017676032,3017.676032,128,6,100,1,20250716_155355
1752648807.3018165,11787837,3017686272,3017.686272,130,7,102,1,20250716_155355
1752648807.3118005,11787876,3017696256,3017.696256,133,7,103,1,20250716_155355
1752648807.3217845,11787915,3017706240,3017.70624,135,6,104,1,20250716_155355
1752648807.3317685,11787954,3017716224,3017.716224,137,7,105,1,20250716_155355
1752648807.3417523,11787993,3017726208,3017.726208,140,6,108,1,20250716_155355
1752648807.3517363,11788032,3017736192,3017.736192,142,6,108,1,20250716_155355
1752648807.3617206,11788071,3017746176,3017.746176,145,6,108,1,20250716_155355
1752648807.3717046,11788110,3017756160,3017.75616,147,6,112,1,20250716_155355
1752648807.3816886,11788149,3017766144,3017.766144,150,7,115,1,20250716_155355
1752648807.3916726,11788188,3017776128,3017.776128,153,7,117,1,20250716_155355
1752648807.4016566,11788227,3017786112,3017.786112,156,6,120,1,20250716_155355
1752648807.4116406,11788266,3017796096,3017.796096,159,6,124,1,20250716_155355
1752648807.421625,11788305,3017806080,3017.80608,163,7,128,1,20250716_155355
1752648807.4316084,11788344,3017816064,3017.816064,166,6,135,1,20250716_155355
1752648807.4415925,11788383,3017826048,3017.826048,170,7,141,1,20250716_155355
1752648807.4518323,11788423,3017836288,3017.836288,175,7,146,1,20250716_155355
1752648807.4618163,11788462,3017846272,3017.846272,179,7,150,1,20250716_155355
1752648807.4718006,11788501,3017856256,3017.856256,184,7,155,1,20250716_155355
1752648807.4817846,11788540,3017866240,3017.86624,188,7,160,1,20250716_155355
1752648807.4917686,11788579,3017876224,3017.876224,193,7,163,1,20250716_155355
1752648807.5017526,11788618,3017886208,3017.886208,198,7,170,1,20250716_155355
1752648807.5117366,11788657,3017896192,3017.896192,202,7,170,1,20250716_155355
1752648807.5217206,11788696,3017906176,3017.906176,206,7,171,1,20250716_155355
1752648807.531705,11788735,3017916160,3017.91616,211,7,172,1,20250716_155355
1752648807.5416884,11788774,3017926144,3017.926144,215,7,170,1,20250716_155355
1752648807.5516725,11788813,3017936128,3017.936128,218,8,173,1,20250716_155355
1752648807.5616565,11788852,3017946112,3017.946112,222,8,173,1,20250716_155355
1752648807.5716405,11788891,3017956096,3017.956096,225,7,173,1,20250716_155355
1752648807.5816245,11788930,3017966080,3017.96608,229,7,174,1,20250716_155355
1752648807.5918646,11788970,3017976320,3017.97632,232,7,174,1,20250716_155355
1752648807.6018486,11789009,3017986304,3017.986304,235,8,174,1,20250716_155355
1752648807.6118326,11789048,3017996288,3017.996288,238,8,173,1,20250716_155355
1752648807.6218166,11789087,3018006272,3018.006272,240,8,173,1,20250716_155355
1752648807.631801,11789126,3018016256,3018.016256,243,7,174,1,20250716_155355
1752648807.641785,11789165,3018026240,3018.02624,245,7,173,1,20250716_155355
1752648807.6517684,11789204,3018036224,3018.036224,248,7,174,1,20250716_155355
1752648807.6617525,11789243,3018046208,3018.046208,250,7,173,1,20250716_155355
1752648807.6717365,11789282,3018056192,3018.056192,253,7,173,1,20250716_155355
1752648807.6817205,11789321,3018066176,3018.066176,0,7,172,1,20250716_155355
1752648807.6917045,11789360,3018076160,3018.07616,2,7,173,1,20250716_155355
1752648807.7016883,11789399,3018086144,3018.086144,4,7,174,1,20250716_155355
1752648807.7116723,11789438,3018096128,3018.096128,6,7,173,1,20250716_155355
1752648807.7216566,11789477,3018106112,3018.106112,8,7,172,1,20250716_155355
1752648807.7316406,11789516,3018116096,3018.116096,10,7,171,1,20250716_155355
1752648807.741881,11789556,3018126336,3018.126336,12,7,172,1,20250716_155355
1752648807.751865,11789595,3018136320,3018.13632,14,7,172,1,20250716_155355
1752648807.7618484,11789634,3018146304,3018.146304,16,7,172,1,20250716_155355
1752648807.7718325,11789673,3018156288,3018.156288,18,7,172,1,20250716_155355
1752648807.7818165,11789712,3018166272,3018.166272,20,7,171,1,20250716_155355
1752648807.7918005,11789751,3018176256,3018.176256,22,6,170,1,20250716_155355
1752648807.8017845,11789790,3018186240,3018.18624,24,7,170,1,20250716_155355
1752648807.8117683,11789829,3018196224,3018.196224,26,7,169,1,20250716_155355
1752648807.8217523,11789868,3018206208,3018.206208,28,7,168,1,20250716_155355
1752648807.8317366,11789907,3018216192,3018.216192,30,7,167,1,20250716_155355
1752648807.8417206,11789946,3018226176,3018.226176,33,7,165,1,20250716_155355
1752648807.8517046,11789985,3018236160,3018.23616,35,7,162,1,20250716_155355
1752648807.8616886,11790024,3018246144,3018.246144,37,7,163,1,20250716_155355
1752648807.8716726,11790063,3018256128,3018.256128,40,6,162,1,20250716_155355
1752648807.8816566,11790102,3018266112,3018.266112,42,6,159,1,20250716_155355
1752648807.8918965,11790142,3018276352,3018.276352,45,7,153,1,20250716_155355
1752648807.9018805,11790181,3018286336,3018.286336,48,7,145,1,20250716_155355
1752648807.9118645,11790220,3018296320,3018.29632,52,7,136,1,20250716_155355
1752648807.9218483,11790259,3018306304,3018.306304,56,7,129,1,20250716_155355
1752648807.9318326,11790298,3018316288,3018.316288,60,6,125,1,20250716_155355
1752648807.9418166,11790337,3018326272,3018.326272,64,7,118,1,20250716_155355
1752648807.9518006,11790376,3018336256,3018.336256,69,7,114,1,20250716_155355
1752648807.9617846,11790415,3018346240,3018.34624,73,8,109,1,20250716_155355
1752648807.9717686,11790454,3018356224,3018.356224,77,7,105,1,20250716_155355
1752648807.9817526,11790493,3018366208,3018.366208,82,7,101,1,20250716_155355
1752648807.991737,11790532,3018376192,3018.376192,86,7,98,1,20250716_155355
1752648808.001721,11790571,3018386176,3018.386176,90,7,96,1,20250716_155355
1752648808.0117044,11790610,3018396160,3018.39616,93,7,97,1,20250716_155355
1752648808.0216885,11790649,3018406144,3018.406144,97,7,97,1,20250716_155355
1752648808.0319283,11790689,3018416384,3018.416384,100,8,96,1,20250716_155355
1752648808.0419126,11790728,3018426368,3018.426368,103,7,94,1,20250716_155355
1752648808.0518966,11790767,3018436352,3018.436352,106,8,96,1,20250716_155355
1752648808.0618806,11790806,3018446336,3018.446336,109,7,96,1,20250716_155355
1752648808.0718646,11790845,3018456320,3018.45632,112,7,97,1,20250716_155355
1752648808.0818486,11790884,3018466304,3018.466304,115,7,98,1,20250716_155355
1752648808.0918326,11790923,3018476288,3018.476288,117,7,98,1,20250716_155355
1752648808.101817,11790962,3018486272,3018.486272,120,7,98,1,20250716_155355
1752648808.111801,11791001,3018496256,3018.496256,122,8,99,1,20250716_155355
1752648808.1217844,11791040,3018506240,3018.50624,125,7,100,1,20250716_155355
1752648808.1317685,11791079,3018516224,3018.516224,127,7,101,1,20250716_155355
1752648808.1417525,11791118,3018526208,3018.526208,129,7,100,1,20250716_155355
1752648808.1517365,11791157,3018536192,3018.536192,132,7,103,1,20250716_155355
1752648808.1617205,11791196,3018546176,3018.546176,134,7,104,1,20250716_155355
1752648808.1719606,11791236,3018556416,3018.556416,136,7,105,1,20250716_155355
1752648808.1819446,11791275,3018566400,3018.5664,139,7,107,1,20250716_155355
1752648808.1919286,11791314,3018576384,3018.576384,141,7,108,1,20250716_155355
1752648808.2019126,11791353,3018586368,3018.586368,144,7,110,1,20250716_155355
1752648808.211897,11791392,3018596352,3018.596352,146,7,112,1,20250716_155355
1752648808.221881,11791431,3018606336,3018.606336,149,7,113,1,20250716_155355
1752648808.2318645,11791470,3018616320,3018.61632,152,7,117,1,20250716_155355
1752648808.2418485,11791509,3018626304,3018.626304,155,7,121,1,20250716_155355
1752648808.2518325,11791548,3018636288,3018.636288,158,7,125,1,20250716_155355
1752648808.2618165,11791587,3018646272,3018.646272,162,7,128,1,20250716_155355
1752648808.2718005,11791626,3018656256,3018.656256,165,7,135,1,20250716_155355
1752648808.2817843,11791665,3018666240,3018.66624,169,7,142,1,20250716_155355
1752648808.2917686,11791704,3018676224,3018.676224,174,7,146,1,20250716_155355
1752648808.3017526,11791743,3018686208,3018.686208,178,7,150,1,20250716_155355
1752648808.3117366,11791782,3018696192,3018.696192,183,7,157,1,20250716_155355
1752648808.321977,11791822,3018706432,3018.706432,187,7,158,1,20250716_155355
1752648808.3319604,11791861,3018716416,3018.716416,192,7,164,1,20250716_155355
1752648808.3419445,11791900,3018726400,3018.7264,197,7,169,1,20250716_155355
1752648808.3519285,11791939,3018736384,3018.736384,201,7,171,1,20250716_155355
1752648808.3619125,11791978,3018746368,3018.746368,206,7,172,1,20250716_155355
1752648808.3718965,11792017,3018756352,3018.756352,210,7,171,1,20250716_155355
1752648808.3818803,11792056,3018766336,3018.766336,214,7,171,1,20250716_155355
1752648808.3918643,11792095,3018776320,3018.77632,218,7,173,1,20250716_155355
1752648808.4018486,11792134,3018786304,3018.786304,221,7,174,1,20250716_155355
1752648808.4118326,11792173,3018796288,3018.796288,225,8,174,1,20250716_155355
1752648808.4218166,11792212,3018806272,3018.806272,228,7,174,1,20250716_155355
1752648808.4318006,11792251,3018816256,3018.816256,231,7,174,1,20250716_155355
1752648808.4417846,11792290,3018826240,3018.82624,234,8,175,1,20250716_155355
1752648808.4517686,11792329,3018836224,3018.836224,237,8,175,1,20250716_155355
1752648808.4620085,11792369,3018846464,3018.846464,240,8,175,1,20250716_155355
1752648808.4719925,11792408,3018856448,3018.856448,242,8,175,1,20250716_155355
1752648808.4819765,11792447,3018866432,3018.866432,245,7,175,1,20250716_155355
1752648808.4919603,11792486,3018876416,3018.876416,247,8,175,1,20250716_155355
1752648808.5019443,11792525,3018886400,3018.8864,250,7,174,1,20250716_155355
1752648808.5119286,11792564,3018896384,3018.896384,252,8,174,1,20250716_155355
1752648808.5219126,11792603,3018906368,3018.906368,254,8,173,1,20250716_155355
1752648808.5318966,11792642,3018916352,3018.916352,1,7,174,1,20250716_155355
1752648808.5418806,11792681,3018926336,3018.926336,4,7,173,1,20250716_155355
1752648808.5518646,11792720,3018936320,3018.93632,6,7,174,1,20250716_155355
1752648808.5618486,11792759,3018946304,3018.946304,8,7,173,1,20250716_155355
1752648808.571833,11792798,3018956288,3018.956288,10,8,172,1,20250716_155355
1752648808.581817,11792837,3018966272,3018.966272,12,7,173,1,20250716_155355
1752648808.5918005,11792876,3018976256,3018.976256,14,7,173,1,20250716_155355
1752648808.6020403,11792916,3018986496,3018.986496,15,7,172,1,20250716_155355
1752648808.6120243,11792955,3018996480,3018.99648,17,7,172,1,20250716_155355
1752648808.6220086,11792994,3019006464,3019.006464,19,7,171,1,20250716_155355
1752648808.6319926,11793033,3019016448,3019.016448,21,7,171,1,20250716_155355
1752648808.6419766,11793072,3019026432,3019.026432,23,8,170,1,20250716_155355
1752648808.6519606,11793111,3019036416,3019.036416,25,8,169,1,20250716_155355
1752648808.6619446,11793150,3019046400,3019.0464,27,7,169,1,20250716_155355
1752648808.6719286,11793189,3019056384,3019.056384,30,7,168,1,20250716_155355
1752648808.681913,11793228,3019066368,3019.066368,32,7,167,1,20250716_155355
1752648808.6918964,11793267,3019076352,3019.076352,34,7,165,1,20250716_155355
1752648808.7018805,11793306,3019086336,3019.086336,36,7,163,1,20250716_155355
1752648808.7118645,11793345,3019096320,3019.09632,39,8,160,1,20250716_155355
1752648808.7218485,11793384,3019106304,3019.106304,42,7,159,1,20250716_155355
1752648808.7318325,11793423,3019116288,3019.116288,44,7,152,1,20250716_155355
1752648808.7418163,11793462,3019126272,3019.126272,48,7,143,1,20250716_155355
1752648808.7520566,11793502,3019136512,3019.136512,51,7,137,1,20250716_155355
1752648808.7620406,11793541,3019146496,3019.146496,55,7,128,1,20250716_155355
1752648808.7720246,11793580,3019156480,3019.15648,60,7,123,1,20250716_155355
1752648808.7820086,11793619,3019166464,3019.166464,64,8,118,1,20250716_155355
1752648808.791993,11793658,3019176448,3019.176448,68,7,113,1,20250716_155355
1752648808.8019764,11793697,3019186432,3019.186432,73,7,108,1,20250716_155355
1752648808.8119605,11793736,3019196416,3019.196416,77,7,104,1,20250716_155355
1752648808.8219445,11793775,3019206400,3019.2064,81,7,101,1,20250716_155355
1752648808.8319285,11793814,3019216384,3019.216384,85,8,97,1,20250716_155355
1752648808.8419125,11793853,3019226368,3019.226368,89,7,98,1,20250716_155355
1752648808.8518963,11793892,3019236352,3019.236352,93,7,96,1,20250716_155355
1752648808.8618803,11793931,3019246336,3019.246336,96,8,93,1,20250716_155355
1752648808.8718646,11793970,3019256320,3019.25632,100,7,93,1,20250716_155355
1752648808.8818486,11794009,3019266304,3019.266304,103,7,94,1,20250716_155355
1752648808.892089,11794049,3019276544,3019.276544,106,7,94,1,20250716_155355
1752648808.902073,11794088,3019286528,3019.286528,109,7,95,1,20250716_155355
1752648808.9120564,11794127,3019296512,3019.296512,112,7,96,1,20250716_155355
1752648808.9220405,11794166,3019306496,3019.306496,114,6,96,1,20250716_155355
1752648808.9320245,11794205,3019316480,3019.31648,117,7,97,1,20250716_155355
1752648808.9420085,11794244,3019326464,3019.326464,119,7,98,1,20250716_155355
1752648808.9519925,11794283,3019336448,3019.336448,122,7,98,1,20250716_155355
1752648808.9619763,11794322,3019346432,3019.346432,124,7,100,1,20250716_155355
1752648808.9719603,11794361,3019356416,3019.356416,127,7,100,1,20250716_155355
1752648808.9819446,11794400,3019366400,3019.3664,129,6,101,1,20250716_155355
1752648808.9919286,11794439,3019376384,3019.376384,131,7,102,1,20250716_155355
1752648809.0019126,11794478,3019386368,3019.386368,134,7,103,1,20250716_155355
1752648809.0118966,11794517,3019396352,3019.396352,136,7,104,1,20250716_155355
1752648809.0218806,11794556,3019406336,3019.406336,138,7,106,1,20250716_155355
1752648809.0318646,11794595,3019416320,3019.41632,141,7,107,1,20250716_155355
1752648809.0421045,11794635,3019426560,3019.42656,143,7,109,1,20250716_155355
1752648809.0520885,11794674,3019436544,3019.436544,146,7,111,1,20250716_155355
1752648809.0620725,11794713,3019446528,3019.446528,148,7,113,1,20250716_155355
1752648809.0720563,11794752,3019456512,3019.456512,151,7,115,1,20250716_155355
1752648809.0820403,11794791,3019466496,3019.466496,154,7,118,1,20250716_155355
1752648809.0920246,11794830,3019476480,3019.47648,157,7,120,1,20250716_155355
1752648809.1020086,11794869,3019486464,3019.486464,160,7,124,1,20250716_155355
1752648809.1119926,11794908,3019496448,3019.496448,163,7,128,1,20250716_155355
1752648809.1219766,11794947,3019506432,3019.506432,167,7,136,1,20250716_155355
1752648809.1319606,11794986,3019516416,3019.516416,171,7,141,1,20250716_155355
1752648809.1419446,11795025,3019526400,3019.5264,175,7,145,1,20250716_155355
1752648809.151929,11795064,3019536384,3019.536384,179,7,150,1,20250716_155355
1752648809.1619124,11795103,3019546368,3019.546368,184,7,155,1,20250716_155355
1752648809.1718965,11795142,3019556352,3019.556352,189,7,158,1,20250716_155355
1752648809.1818805,11795181,3019566336,3019.566336,193,7,164,1,20250716_155355
1752648809.1921206,11795221,3019576576,3019.576576,198,7,168,1,20250716_155355
1752648809.2021046,11795260,3019586560,3019.58656,202,6,171,1,20250716_155355
1752648809.2120886,11795299,3019596544,3019.596544,207,6,172,1,20250716_155355
1752648809.2220726,11795338,3019606528,3019.606528,211,6,171,1,20250716_155355
1752648809.2320566,11795377,3019616512,3019.616512,215,6,172,1,20250716_155355
1752648809.2420406,11795416,3019626496,3019.626496,219,7,174,1,20250716_155355
1752648809.252025,11795455,3019636480,3019.63648,222,7,174,1,20250716_155355
1752648809.262009,11795494,3019646464,3019.646464,226,7,173,1,20250716_155355
1752648809.2719924,11795533,3019656448,3019.656448,229,7,174,1,20250716_155355
1752648809.2819765,11795572,3019666432,3019.666432,232,7,174,1,20250716_155355
1752648809.2919605,11795611,3019676416,3019.676416,235,7,175,1,20250716_155355
1752648809.3019445,11795650,3019686400,3019.6864,238,7,174,1,20250716_155355
1752648809.3119285,11795689,3019696384,3019.696384,241,8,175,1,20250716_155355
1752648809.3219123,11795728,3019706368,3019.706368,243,7,174,1,20250716_155355
1752648809.3321526,11795768,3019716608,3019.716608,246,7,174,1,20250716_155355
1752648809.3421366,11795807,3019726592,3019.726592,248,7,174,1,20250716_155355
1752648809.3521206,11795846,3019736576,3019.736576,250,7,174,1,20250716_155355
1752648809.362105,11795885,3019746560,3019.74656,253,7,174,1,20250716_155355
1752648809.372089,11795924,3019756544,3019.756544,0,7,174,1,20250716_155355
1752648809.3820724,11795963,3019766528,3019.766528,2,7,174,1,20250716_155355
1752648809.3920565,11796002,3019776512,3019.776512,4,7,173,1,20250716_155355
1752648809.4020405,11796041,3019786496,3019.786496,6,7,172,1,20250716_155355
1752648809.4120245,11796080,3019796480,3019.79648,8,7,172,1,20250716_155355
1752648809.4220085,11796119,3019806464,3019.806464,10,7,172,1,20250716_155355
1752648809.4319923,11796158,3019816448,3019.816448,12,7,171,1,20250716_155355
1752648809.4419763,11796197,3019826432,3019.826432,14,7,172,1,20250716_155355
1752648809.4519606,11796236,3019836416,3019.836416,16,7,171,1,20250716_155355
1752648809.4619446,11796275,3019846400,3019.8464,18,7,171,1,20250716_155355
1752648809.4719286,11796314,3019856384,3019.856384,20,7,170,1,20250716_155355
1752648809.482169,11796354,3019866624,3019.866624,22,7,170,1,20250716_155355
1752648809.4921525,11796393,3019876608,3019.876608,24,7,169,1,20250716_155355
1752648809.5021365,11796432,3019886592,3019.886592,26,7,167,1,20250716_155355
1752648809.5121205,11796471,3019896576,3019.896576,29,7,166,1,20250716_155355
1752648809.5221045,11796510,3019906560,3019.90656,31,7,165,1,20250716_155355
1752648809.5320885,11796549,3019916544,3019.916544,33,7,164,1,20250716_155355
1752648809.5420723,11796588,3019926528,3019.926528,36,8,161,1,20250716_155355
1752648809.5520566,11796627,3019936512,3019.936512,38,7,161,1,20250716_155355
1752648809.5620406,11796666,3019946496,3019.946496,41,7,159,1,20250716_155355
1752648809.5720246,11796705,3019956480,3019.95648,43,7,154,1,20250716_155355
1752648809.5820086,11796744,3019966464,3019.966464,47,7,146,1,20250716_155355
1752648809.5919926,11796783,3019976448,3019.976448,50,7,138,1,20250716_155355
1752648809.6019766,11796822,3019986432,3019.986432,54,7,132,1,20250716_155355
1752648809.6119606,11796861,3019996416,3019.996416,58,6,127,1,20250716_155355
1752648809.6222005,11796901,3020006656,3020.006656,63,7,120,1,20250716_155355
1752648809.6321845,11796940,3020016640,3020.01664,67,7,115,1,20250716_155355
1752648809.6421683,11796979,3020026624,3020.026624,71,7,109,1,20250716_155355
1752648809.6521523,11797018,3020036608,3020.036608,76,7,105,1,20250716_155355
1752648809.6621366,11797057,3020046592,3020.046592,80,7,102,1,20250716_155355
1752648809.6721206,11797096,3020056576,3020.056576,84,7,98,1,20250716_155355
1752648809.6821046,11797135,3020066560,3020.06656,88,7,97,1,20250716_155355
1752648809.6920886,11797174,3020076544,3020.076544,92,6,97,1,20250716_155355
1752648809.7020726,11797213,3020086528,3020.086528,95,7,94,1,20250716_155355
1752648809.7120566,11797252,3020096512,3020.096512,99,7,94,1,20250716_155355
1752648809.722041,11797291,3020106496,3020.106496,102,7,94,1,20250716_155355
1752648809.732025,11797330,3020116480,3020.11648,105,7,95,1,20250716_155355
1752648809.7420084,11797369,3020126464,3020.126464,108,7,95,1,20250716_155355
1752648809.7519925,11797408,3020136448,3020.136448,111,7,94,1,20250716_155355
1752648809.7619765,11797447,3020146432,3020.146432,114,7,95,1,20250716_155355
1752648809.7722166,11797487,3020156672,3020.156672,116,7,97,1,20250716_155355
1752648809.7822006,11797526,3020166656,3020.166656,119,7,97,1,20250716_155355
1752648809.7921846,11797565,3020176640,3020.17664,121,7,98,1,20250716_155355
1752648809.8021686,11797604,3020186624,3020.186624,123,6,98,1,20250716_155355
1752648809.8121526,11797643,3020196608,3020.196608,126,7,100,1,20250716_155355
1752648809.8221366,11797682,3020206592,3020.206592,128,7,100,1,20250716_155355
1752648809.832121,11797721,3020216576,3020.216576,130,7,102,1,20250716_155355
1752648809.842105,11797760,3020226560,3020.22656,133,7,101,1,20250716_155355
1752648809.8520885,11797799,3020236544,3020.236544,135,7,104,1,20250716_155355
1752648809.8620725,11797838,3020246528,3020.246528,137,7,105,1,20250716_155355
1752648809.8720565,11797877,3020256512,3020.256512,140,7,107,1,20250716_155355
1752648809.8820405,11797916,3020266496,3020.266496,142,7,108,1,20250716_155355
1752648809.8920245,11797955,3020276480,3020.27648,144,7,110,1,20250716_155355
1752648809.9020083,11797994,3020286464,3020.286464,147,7,112,1,20250716_155355
1752648809.9122486,11798034,3020296704,3020.296704,150,7,114,1,20250716_155355
1752648809.9222326,11798073,3020306688,3020.306688,152,6,118,1,20250716_155355
1752648809.9322166,11798112,3020316672,3020.316672,155,7,120,1,20250716_155355
1752648809.942201,11798151,3020326656,3020.326656,159,7,123,1,20250716_155355
1752648809.9521844,11798190,3020336640,3020.33664,162,7,127,1,20250716_155355
1752648809.9621685,11798229,3020346624,3020.346624,165,7,133,1,20250716_155355
1752648809.9721525,11798268,3020356608,3020.356608,169,7,140,1,20250716_155355
1752648809.9821365,11798307,3020366592,3020.366592,174,7,145,1,20250716_155355
1752648809.9921205,11798346,3020376576,3020.376576,178,7,149,1,20250716_155355
1752648810.0021043,11798385,3020386560,3020.38656,182,7,153,1,20250716_155355
1752648810.0120883,11798424,3020396544,3020.396544,187,7,160,1,20250716_155355
1752648810.0220726,11798463,3020406528,3020.406528,192,8,163,1,20250716_155355
1752648810.0320566,11798502,3020416512,3020.416512,196,7,166,1,20250716_155355
1752648810.0420406,11798541,3020426496,3020.426496,201,7,168,1,20250716_155355
1752648810.0520246,11798580,3020436480,3020.43648,205,6,171,1,20250716_155355
1752648810.0622644,11798620,3020446720,3020.44672,209,6,173,1,20250716_155355
1752648810.0722485,11798659,3020456704,3020.456704,214,6,172,1,20250716_155355
1752648810.0822325,11798698,3020466688,3020.466688,217,6,173,1,20250716_155355
1752648810.0922165,11798737,3020476672,3020.476672,221,6,172,1,20250716_155355
1752648810.1022005,11798776,3020486656,3020.486656,225,6,173,1,20250716_155355
1752648810.1121843,11798815,3020496640,3020.49664,228,6,174,1,20250716_155355
1752648810.1221683,11798854,3020506624,3020.506624,231,6,174,1,20250716_155355
1752648810.1321526,11798893,3020516608,3020.516608,234,6,173,1,20250716_155355
1752648810.1421366,11798932,3020526592,3020.526592,237,6,174,1,20250716_155355
1752648810.1521206,11798971,3020536576,3020.536576,240,6,174,1,20250716_155355
1752648810.1621046,11799010,3020546560,3020.54656,242,6,174,1,20250716_155355
1752648810.1720886,11799049,3020556544,3020.556544,245,6,174,1,20250716_155355
1752648810.1820726,11799088,3020566528,3020.566528,247,6,174,1,20250716_155355
1752648810.192057,11799127,3020576512,3020.576512,250,6,174,1,20250716_155355
1752648810.2022965,11799167,3020586752,3020.586752,252,6,174,1,20250716_155355
1752648810.2122805,11799206,3020596736,3020.596736,254,6,174,1,20250716_155355
1752648810.2222643,11799245,3020606720,3020.60672,1,7,174,1,20250716_155355
1752648810.2322483,11799284,3020616704,3020.616704,3,6,174,1,20250716_155355
1752648810.2422326,11799323,3020626688,3020.626688,5,6,174,1,20250716_155355
1752648810.2522166,11799362,3020636672,3020.636672,8,6,173,1,20250716_155355
1752648810.2622006,11799401,3020646656,3020.646656,10,6,173,1,20250716_155355
1752648810.2721846,11799440,3020656640,3020.65664,11,6,172,1,20250716_155355
1752648810.2821686,11799479,3020666624,3020.666624,13,6,173,1,20250716_155355
1752648810.2921526,11799518,3020676608,3020.676608,15,6,171,1,20250716_155355
1752648810.302137,11799557,3020686592,3020.686592,17,6,172,1,20250716_155355
1752648810.312121,11799596,3020696576,3020.696576,19,6,172,1,20250716_155355
1752648810.3221045,11799635,3020706560,3020.70656,21,6,169,1,20250716_155355
1752648810.3320885,11799674,3020716544,3020.716544,23,6,171,1,20250716_155355
1752648810.3420725,11799713,3020726528,3020.726528,25,6,169,1,20250716_155355
1752648810.3523126,11799753,3020736768,3020.736768,27,6,168,1,20250716_155355
1752648810.3622966,11799792,3020746752,3020.746752,29,6,168,1,20250716_155355
1752648810.3722806,11799831,3020756736,3020.756736,32,6,166,1,20250716_155355
1752648810.3822646,11799870,3020766720,3020.76672,34,6,164,1,20250716_155355
1752648810.3922486,11799909,3020776704,3020.776704,36,6,163,1,20250716_155355
1752648810.4022326,11799948,3020786688,3020.786688,39,6,161,1,20250716_155355
1752648810.412217,11799987,3020796672,3020.796672,41,6,158,1,20250716_155355
1752648810.4222004,11800026,3020806656,3020.806656,45,6,149,1,20250716_155355
1752648810.4321845,11800065,3020816640,3020.81664,48,6,142,1,20250716_155355
1752648810.4421685,11800104,3020826624,3020.826624,52,6,133,1,20250716_155355
1752648810.4521525,11800143,3020836608,3020.836608,56,6,127,1,20250716_155355
1752648810.4621365,11800182,3020846592,3020.846592,60,6,123,1,20250716_155355
1752648810.4721203,11800221,3020856576,3020.856576,64,6,115,1,20250716_155355
1752648810.4821043,11800260,3020866560,3020.86656,69,6,110,1,20250716_155355
1752648810.4920886,11800299,3020876544,3020.876544,73,6,104,1,20250716_155355
1752648810.5023286,11800339,3020886784,3020.886784,78,6,101,1,20250716_155355
1752648810.512313,11800378,3020896768,3020.896768,82,6,98,1,20250716_155355
1752648810.522297,11800417,3020906752,3020.906752,86,6,97,1,20250716_155355
1752648810.5322804,11800456,3020916736,3020.916736,90,6,98,1,20250716_155355
1752648810.5422645,11800495,3020926720,3020.92672,93,6,93,1,20250716_155355
1752648810.5522485,11800534,3020936704,3020.936704,97,6,94,1,20250716_155355
1752648810.5622325,11800573,3020946688,3020.946688,100,6,94,1,20250716_155355
1752648810.5722165,11800612,3020956672,3020.956672,103,6,95,1,20250716_155355
1752648810.5822003,11800651,3020966656,3020.966656,106,6,96,1,20250716_155355
1752648810.5921843,11800690,3020976640,3020.97664,109,6,96,1,20250716_155355
1752648810.6021686,11800729,3020986624,3020.986624,112,6,97,1,20250716_155355
1752648810.6121526,11800768,3020996608,3020.996608,115,6,97,1,20250716_155355
1752648810.6221366,11800807,3021006592,3021.006592,117,6,99,1,20250716_155355
1752648810.6321206,11800846,3021016576,3021.016576,120,6,99,1,20250716_155355
1752648810.6423604,11800886,3021026816,3021.026816,122,6,102,1,20250716_155355
1752648810.6523445,11800925,3021036800,3021.0368,125,6,101,1,20250716_155355
1752648810.6623285,11800964,3021046784,3021.046784,127,6,101,1,20250716_155355
1752648810.6723125,11801003,3021056768,3021.056768,130,6,103,1,20250716_155355
1752648810.6822965,11801042,3021066752,3021.066752,132,6,103,1,20250716_155355
1752648810.6922803,11801081,3021076736,3021.076736,134,6,104,1,20250716_155355
1752648810.7022643,11801120,3021086720,3021.08672,137,6,104,1,20250716_155355
1752648810.7122486,11801159,3021096704,3021.096704,139,6,106,1,20250716_155355
1752648810.7222326,11801198,3021106688,3021.106688,141,6,108,1,20250716_155355
1752648810.7322166,11801237,3021116672,3021.116672,144,6,109,1,20250716_155355
1752648810.7422006,11801276,3021126656,3021.126656,146,6,111,1,20250716_155355
1752648810.7521846,11801315,3021136640,3021.13664,149,6,112,1,20250716_155355
1752648810.7621686,11801354,3021146624,3021.146624,152,6,111,1,20250716_155355
1752648810.772153,11801393,3021156608,3021.156608,154,6,112,1,20250716_155355
1752648810.7821364,11801432,3021166592,3021.166592,157,6,118,1,20250716_155355
1752648810.7923765,11801472,3021176832,3021.176832,160,6,117,1,20250716_155355
1752648810.8023603,11801511,3021186816,3021.186816,163,6,120,1,20250716_155355
1752648810.8123446,11801550,3021196800,3021.1968,166,6,121,1,20250716_155355
1752648810.8223286,11801589,3021206784,3021.206784,169,6,124,1,20250716_155355
1752648810.8323126,11801628,3021216768,3021.216768,173,6,127,1,20250716_155355
1752648810.8422966,11801667,3021226752,3021.226752,177,6,134,1,20250716_155355
1752648810.8522806,11801706,3021236736,3021.236736,180,6,138,1,20250716_155355
1752648810.8622646,11801745,3021246720,3021.24672,185,6,146,1,20250716_155355
1752648810.8722486,11801784,3021256704,3021.256704,189,6,150,1,20250716_155355
1752648810.882233,11801823,3021266688,3021.266688,193,6,154,1,20250716_155355
1752648810.8922164,11801862,3021276672,3021.276672,198,6,158,1,20250716_155355
1752648810.9022005,11801901,3021286656,3021.286656,202,6,163,1,20250716_155355
1752648810.9121845,11801940,3021296640,3021.29664,206,6,168,1,20250716_155355
1752648810.9221685,11801979,3021306624,3021.306624,210,6,172,1,20250716_155355
1752648810.9324086,11802019,3021316864,3021.316864,214,6,173,1,20250716_155355
1752648810.9423926,11802058,3021326848,3021.326848,218,6,175,1,20250716_155355
1752648810.9523766,11802097,3021336832,3021.336832,222,7,174,1,20250716_155355
1752648810.9623606,11802136,3021346816,3021.346816,225,6,174,1,20250716_155355
1752648810.9723446,11802175,3021356800,3021.3568,229,7,174,1,20250716_155355
1752648810.982329,11802214,3021366784,3021.366784,232,7,175,1,20250716_155355
1752648810.992313,11802253,3021376768,3021.376768,235,6,174,1,20250716_155355
1752648811.0022964,11802292,3021386752,3021.386752,237,6,175,1,20250716_155355
1752648811.0122805,11802331,3021396736,3021.396736,240,6,175,1,20250716_155355
1752648811.0222645,11802370,3021406720,3021.40672,243,7,174,1,20250716_155355
1752648811.0322485,11802409,3021416704,3021.416704,245,6,175,1,20250716_155355
1752648811.0422325,11802448,3021426688,3021.426688,248,6,174,1,20250716_155355
1752648811.0522163,11802487,3021436672,3021.436672,250,6,174,1,20250716_155355
1752648811.0622003,11802526,3021446656,3021.446656,252,6,175,1,20250716_155355
1752648811.0721846,11802565,3021456640,3021.45664,0,6,174,1,20250716_155355
1752648811.0824246,11802605,3021466880,3021.46688,2,6,174,1,20250716_155355
1752648811.092409,11802644,3021476864,3021.476864,4,6,175,1,20250716_155355
1752648811.102393,11802683,3021486848,3021.486848,6,6,173,1,20250716_155355
1752648811.1123765,11802722,3021496832,3021.496832,8,6,174,1,20250716_155355
1752648811.1223605,11802761,3021506816,3021.506816,10,6,174,1,20250716_155355
1752648811.1323445,11802800,3021516800,3021.5168,12,6,174,1,20250716_155355
1752648811.1423285,11802839,3021526784,3021.526784,14,6,173,1,20250716_155355
1752648811.1523125,11802878,3021536768,3021.536768,16,6,172,1,20250716_155355
1752648811.1622963,11802917,3021546752,3021.546752,18,7,173,1,20250716_155355
1752648811.1722806,11802956,3021556736,3021.556736,20,7,172,1,20250716_155355
1752648811.1822646,11802995,3021566720,3021.56672,21,6,172,1,20250716_155355
1752648811.1922486,11803034,3021576704,3021.576704,23,6,172,1,20250716_155355
1752648811.2022326,11803073,3021586688,3021.586688,25,6,174,1,20250716_155355
1752648811.2122166,11803112,3021596672,3021.596672,27,6,172,1,20250716_155355
1752648811.2224565,11803152,3021606912,3021.606912,29,6,172,1,20250716_155355
1752648811.2324405,11803191,3021616896,3021.616896,31,6,172,1,20250716_155355
1752648811.2424245,11803230,3021626880,3021.62688,33,6,172,1,20250716_155355
1752648811.2524085,11803269,3021636864,3021.636864,35,6,172,1,20250716_155355
1752648811.2623923,11803308,3021646848,3021.646848,37,6,173,1,20250716_155355
1752648811.2723763,11803347,3021656832,3021.656832,39,6,172,1,20250716_155355
1752648811.2823606,11803386,3021666816,3021.666816,41,6,173,1,20250716_155355
1752648811.2923446,11803425,3021676800,3021.6768,43,6,173,1,20250716_155355
1752648811.3023286,11803464,3021686784,3021.686784,45,6,173,1,20250716_155355
1752648811.3123126,11803503,3021696768,3021.696768,47,6,174,1,20250716_155355
1752648811.3222966,11803542,3021706752,3021.706752,49,6,173,1,20250716_155355
1752648811.3322806,11803581,3021716736,3021.716736,51,6,172,1,20250716_155355
1752648811.342265,11803620,3021726720,3021.72672,54,6,172,1,20250716_155355
1752648811.352249,11803659,3021736704,3021.736704,56,6,174,1,20250716_155355
1752648811.3622324,11803698,3021746688,3021.746688,59,6,174,1,20250716_155355
1752648811.3724723,11803738,3021756928,3021.756928,61,6,174,1,20250716_155355
1752648811.3824563,11803777,3021766912,3021.766912,64,6,173,1,20250716_155355
1752648811.3924406,11803816,3021776896,3021.776896,66,6,173,1,20250716_155355
1752648811.4024246,11803855,3021786880,3021.78688,69,6,171,1,20250716_155355
1752648811.4124086,11803894,3021796864,3021.796864,72,6,174,1,20250716_155355
1752648811.4223926,11803933,3021806848,3021.806848,75,7,175,1,20250716_155355
1752648811.4323766,11803972,3021816832,3021.816832,79,6,174,1,20250716_155355
1752648811.4423606,11804011,3021826816,3021.826816,82,6,173,1,20250716_155355
1752648811.452345,11804050,3021836800,3021.8368,86,6,173,1,20250716_155355
1752648811.462329,11804089,3021846784,3021.846784,90,6,174,1,20250716_155355
1752648811.4723125,11804128,3021856768,3021.856768,94,6,174,1,20250716_155355
1752648811.4822965,11804167,3021866752,3021.866752,98,6,173,1,20250716_155355
1752648811.4922805,11804206,3021876736,3021.876736,102,6,174,1,20250716_155355
1752648811.5022645,11804245,3021886720,3021.88672,107,6,172,1,20250716_155355
1752648811.5125046,11804285,3021896960,3021.89696,112,6,174,1,20250716_155355
1752648811.5224886,11804324,3021906944,3021.906944,117,7,175,1,20250716_155355
1752648811.5324726,11804363,3021916928,3021.916928,122,6,175,1,20250716_155355
1752648811.5424566,11804402,3021926912,3021.926912,127,6,175,1,20250716_155355
1752648811.5524406,11804441,3021936896,3021.936896,133,6,175,1,20250716_155355
1752648811.562425,11804480,3021946880,3021.94688,138,6,174,1,20250716_155355
1752648811.572409,11804519,3021956864,3021.956864,144,6,175,1,20250716_155355
1752648811.5823925,11804558,3021966848,3021.966848,150,6,176,1,20250716_155355
1752648811.5923765,11804597,3021976832,3021.976832,156,6,174,1,20250716_155355
1752648811.6023605,11804636,3021986816,3021.986816,162,6,176,1,20250716_155355
1752648811.6123445,11804675,3021996800,3021.9968,167,6,175,1,20250716_155355
1752648811.6223283,11804714,3022006784,3022.006784,173,6,176,1,20250716_155355
1752648811.6323123,11804753,3022016768,3022.016768,179,6,177,1,20250716_155355
1752648811.6422966,11804792,3022026752,3022.026752,184,6,177,1,20250716_155355
1752648811.6525366,11804832,3022036992,3022.036992,189,6,177,1,20250716_155355
1752648811.6625206,11804871,3022046976,3022.046976,194,6,176,1,20250716_155355
1752648811.672505,11804910,3022056960,3022.05696,199,6,177,1,20250716_155355
1752648811.6824884,11804949,3022066944,3022.066944,203,6,177,1,20250716_155355
1752648811.6924725,11804988,3022076928,3022.076928,208,6,175,1,20250716_155355
1752648811.7024565,11805027,3022086912,3022.086912,212,6,177,1,20250716_155355
1752648811.7124405,11805066,3022096896,3022.096896,216,6,177,1,20250716_155355
1752648811.7224245,11805105,3022106880,3022.10688,220,6,177,1,20250716_155355
1752648811.7324083,11805144,3022116864,3022.116864,223,6,177,1,20250716_155355
1752648811.7423923,11805183,3022126848,3022.126848,226,6,176,1,20250716_155355
1752648811.7523766,11805222,3022136832,3022.136832,230,6,177,1,20250716_155355
1752648811.7623606,11805261,3022146816,3022.146816,233,6,177,1,20250716_155355
1752648811.7723446,11805300,3022156800,3022.1568,236,6,177,1,20250716_155355
1752648811.7823286,11805339,3022166784,3022.166784,238,6,176,1,20250716_155355
1752648811.7923126,11805378,3022176768,3022.176768,241,6,176,1,20250716_155355
1752648811.8025525,11805418,3022187008,3022.187008,244,6,175,1,20250716_155355
1752648811.8125365,11805457,3022196992,3022.196992,246,6,175,1,20250716_155355
1752648811.8225205,11805496,3022206976,3022.206976,249,6,175,1,20250716_155355
1752648811.8325045,11805535,3022216960,3022.21696,251,6,173,1,20250716_155355
1752648811.8424883,11805574,3022226944,3022.226944,253,6,172,1,20250716_155355
1752648811.8524723,11805613,3022236928,3022.236928,1,6,172,1,20250716_155355
1752648811.8624566,11805652,3022246912,3022.246912,3,6,171,1,20250716_155355
1752648811.8724406,11805691,3022256896,3022.256896,5,6,171,1,20250716_155355
1752648811.8824246,11805730,3022266880,3022.26688,8,6,170,1,20250716_155355
1752648811.8924086,11805769,3022276864,3022.276864,10,7,168,1,20250716_155355
1752648811.9023926,11805808,3022286848,3022.286848,12,6,170,1,20250716_155355
1752648811.9123766,11805847,3022296832,3022.296832,14,6,169,1,20250716_155355
1752648811.922361,11805886,3022306816,3022.306816,17,6,169,1,20250716_155355
1752648811.932345,11805925,3022316800,3022.3168,19,6,170,1,20250716_155355
1752648811.9423285,11805964,3022326784,3022.326784,21,6,169,1,20250716_155355
1752648811.9525683,11806004,3022337024,3022.337024,23,6,170,1,20250716_155355
1752648811.9625523,11806043,3022347008,3022.347008,25,6,170,1,20250716_155355
1752648811.9725366,11806082,3022356992,3022.356992,27,6,169,1,20250716_155355
1752648811.9825206,11806121,3022366976,3022.366976,30,6,170,1,20250716_155355
1752648811.9925046,11806160,3022376960,3022.37696,32,6,169,1,20250716_155355
1752648812.0024886,11806199,3022386944,3022.386944,34,6,170,1,20250716_155355
1752648812.0124726,11806238,3022396928,3022.396928,36,6,169,1,20250716_155355
1752648812.0224566,11806277,3022406912,3022.406912,38,6,169,1,20250716_155355
1752648812.032441,11806316,3022416896,3022.416896,41,6,170,1,20250716_155355
1752648812.0424244,11806355,3022426880,3022.42688,43,6,168,1,20250716_155355
1752648812.0524085,11806394,3022436864,3022.436864,45,6,169,1,20250716_155355
1752648812.0623925,11806433,3022446848,3022.446848,48,6,169,1,20250716_155355
1752648812.0723765,11806472,3022456832,3022.456832,50,7,169,1,20250716_155355
1752648812.0823605,11806511,3022466816,3022.466816,53,6,169,1,20250716_155355
1752648812.0926006,11806551,3022477056,3022.477056,55,6,169,1,20250716_155355
1752648812.1025846,11806590,3022487040,3022.48704,58,6,170,1,20250716_155355
1752648812.1125686,11806629,3022497024,3022.497024,61,6,169,1,20250716_155355
1752648812.1225526,11806668,3022507008,3022.507008,64,6,170,1,20250716_155355
1752648812.1325366,11806707,3022516992,3022.516992,67,6,169,1,20250716_155355
1752648812.142521,11806746,3022526976,3022.526976,70,6,170,1,20250716_155355
1752648812.1525044,11806785,3022536960,3022.53696,73,6,169,1,20250716_155355
1752648812.1624885,11806824,3022546944,3022.546944,76,6,170,1,20250716_155355
1752648812.1724725,11806863,3022556928,3022.556928,79,6,171,1,20250716_155355
1752648812.1824565,11806902,3022566912,3022.566912,83,7,171,1,20250716_155355
1752648812.1924405,11806941,3022576896,3022.576896,87,6,170,1,20250716_155355
1752648812.2024243,11806980,3022586880,3022.58688,90,6,170,1,20250716_155355
1752648812.2124083,11807019,3022596864,3022.596864,94,6,171,1,20250716_155355
1752648812.2223926,11807058,3022606848,3022.606848,99,6,171,1,20250716_155355
1752648812.2326326,11807098,3022617088,3022.617088,103,6,171,1,20250716_155355
1752648812.242617,11807137,3022627072,3022.627072,108,7,171,1,20250716_155355
1752648812.252601,11807176,3022637056,3022.637056,112,6,171,1,20250716_155355
1752648812.2625844,11807215,3022647040,3022.64704,117,6,170,1,20250716_155355
1752648812.2725685,11807254,3022657024,3022.657024,122,6,172,1,20250716_155355
1752648812.2825525,11807293,3022667008,3022.667008,127,6,172,1,20250716_155355
1752648812.2925365,11807332,3022676992,3022.676992,133,6,172,1,20250716_155355
1752648812.3025205,11807371,3022686976,3022.686976,138,6,172,1,20250716_155355
1752648812.3125043,11807410,3022696960,3022.69696,144,7,173,1,20250716_155355
1752648812.3224883,11807449,3022706944,3022.706944,150,7,175,1,20250716_155355
1752648812.3324726,11807488,3022716928,3022.716928,155,6,176,1,20250716_155355
1752648812.3424566,11807527,3022726912,3022.726912,161,6,176,1,20250716_155355
1752648812.3524406,11807566,3022736896,3022.736896,167,6,177,1,20250716_155355
1752648812.3624246,11807605,3022746880,3022.74688,173,6,176,1,20250716_155355
1752648812.3724086,11807644,3022756864,3022.756864,178,6,177,1,20250716_155355
1752648812.3826485,11807684,3022767104,3022.767104,184,6,178,1,20250716_155355
1752648812.3926325,11807723,3022777088,3022.777088,189,6,176,1,20250716_155355
1752648812.4026165,11807762,3022787072,3022.787072,194,6,178,1,20250716_155355
1752648812.4126005,11807801,3022797056,3022.797056,199,6,175,1,20250716_155355
1752648812.4225843,11807840,3022807040,3022.80704,203,6,178,1,20250716_155355
1752648812.4325686,11807879,3022817024,3022.817024,207,6,177,1,20250716_155355
1752648812.4425526,11807918,3022827008,3022.827008,212,6,177,1,20250716_155355
1752648812.4525366,11807957,3022836992,3022.836992,216,6,178,1,20250716_155355
1752648812.4625206,11807996,3022846976,3022.846976,219,6,178,1,20250716_155355
1752648812.4725046,11808035,3022856960,3022.85696,223,6,178,1,20250716_155355
1752648812.4824886,11808074,3022866944,3022.866944,226,6,178,1,20250716_155355
1752648812.4924726,11808113,3022876928,3022.876928,229,6,177,1,20250716_155355
1752648812.502457,11808152,3022886912,3022.886912,233,6,178,1,20250716_155355
1752648812.5124404,11808191,3022896896,3022.896896,235,6,177,1,20250716_155355
1752648812.5226803,11808231,3022907136,3022.907136,238,6,177,1,20250716_155355
1752648812.5326643,11808270,3022917120,3022.91712,241,6,176,1,20250716_155355
1752648812.5426486,11808309,3022927104,3022.927104,244,6,174,1,20250716_155355
1752648812.5526326,11808348,3022937088,3022.937088,246,6,176,1,20250716_155355
1752648812.5626166,11808387,3022947072,3022.947072,249,6,176,1,20250716_155355
1752648812.5726006,11808426,3022957056,3022.957056,251,6,174,1,20250716_155355
1752648812.5825846,11808465,3022967040,3022.96704,253,6,173,1,20250716_155355
1752648812.5925686,11808504,3022977024,3022.977024,1,6,173,1,20250716_155355
1752648812.602553,11808543,3022987008,3022.987008,3,6,172,1,20250716_155355
1752648812.612537,11808582,3022996992,3022.996992,6,6,171,1,20250716_155355
1752648812.6225204,11808621,3023006976,3023.006976,8,6,169,1,20250716_155355
1752648812.6325045,11808660,3023016960,3023.01696,11,6,169,1,20250716_155355
1752648812.6424885,11808699,3023026944,3023.026944,13,6,168,1,20250716_155355
1752648812.6524725,11808738,3023036928,3023.036928,16,6,168,1,20250716_155355
1752648812.6624565,11808777,3023046912,3023.046912,19,6,168,1,20250716_155355
1752648812.6726966,11808817,3023057152,3023.057152,22,6,168,1,20250716_155355
1752648812.6826806,11808856,3023067136,3023.067136,26,6,168,1,20250716_155355
1752648812.6926646,11808895,3023077120,3023.07712,29,6,168,1,20250716_155355
1752648812.7026486,11808934,3023087104,3023.087104,34,6,168,1,20250716_155355
1752648812.712633,11808973,3023097088,3023.097088,39,6,168,1,20250716_155355
1752648812.722617,11809012,3023107072,3023.107072,45,6,167,1,20250716_155355
1752648812.7326005,11809051,3023117056,3023.117056,50,6,168,1,20250716_155355
1752648812.7425845,11809090,3023127040,3023.12704,55,6,167,1,20250716_155355
1752648812.7525685,11809129,3023137024,3023.137024,60,6,166,1,20250716_155355
1752648749.7190316,11558036,2958857216,2958.857216,152,72,172,5,20250716_155355
1752648749.7282476,11558072,2958866432,2958.866432,156,72,173,5,20250716_155355
1752648749.7382317,11558111,2958876416,2958.876416,159,72,172,5,20250716_155355
1752648749.7482157,11558150,2958886400,2958.8864,163,72,171,5,20250716_155355
1752648749.7581997,11558189,2958896384,2958.896384,167,72,172,5,20250716_155355
1752648749.7681837,11558228,2958906368,2958.906368,171,72,168,5,20250716_155355
1752648749.7781675,11558267,2958916352,2958.916352,175,72,164,5,20250716_155355
1752648749.7881515,11558306,2958926336,2958.926336,178,72,155,5,20250716_155355
1752648749.7981358,11558345,2958936320,2958.93632,182,72,147,5,20250716_155355
1752648749.8081198,11558384,2958946304,2958.946304,186,71,141,5,20250716_155355
1752648749.8181038,11558423,2958956288,2958.956288,190,70,136,5,20250716_155355
1752648749.8280878,11558462,2958966272,2958.966272,194,69,133,5,20250716_155355
1752648749.8383276,11558502,2958976512,2958.976512,198,68,134,5,20250716_155355
1752648749.8483117,11558541,2958986496,2958.986496,201,69,140,5,20250716_155355
1752648749.8582957,11558580,2958996480,2958.99648,205,69,144,5,20250716_155355
1752648749.8682797,11558619,2959006464,2959.006464,209,69,160,5,20250716_155355
1752648749.8782637,11558658,2959016448,2959.016448,213,69,170,5,20250716_155355
1752648749.8882475,11558697,2959026432,2959.026432,217,69,169,5,20250716_155355
1752648749.8982315,11558736,2959036416,2959.036416,220,69,167,5,20250716_155355
1752648749.9082158,11558775,2959046400,2959.0464,224,69,163,5,20250716_155355
1752648749.9181998,11558814,2959056384,2959.056384,228,70,161,5,20250716_155355
1752648749.9281838,11558853,2959066368,2959.066368,232,70,158,5,20250716_155355
1752648749.9381676,11558892,2959076352,2959.076352,236,70,158,5,20250716_155355
1752648749.9481516,11558931,2959086336,2959.086336,239,71,160,5,20250716_155355
1752648749.9581356,11558970,2959096320,2959.09632,243,71,160,5,20250716_155355
1752648749.9681196,11559009,2959106304,2959.106304,200,72,162,5,20250716_155355
1752648749.9783597,11559049,2959116544,2959.116544,204,72,162,5,20250716_155355
1752648749.9883437,11559088,2959126528,2959.126528,208,72,162,5,20250716_155355
1752648749.9983275,11559127,2959136512,2959.136512,212,72,158,5,20250716_155355
1752648750.0083115,11559166,2959146496,2959.146496,215,72,152,5,20250716_155355
1752648750.0182958,11559205,2959156480,2959.15648,219,72,147,5,20250716_155355
1752648750.0282798,11559244,2959166464,2959.166464,223,73,141,5,20250716_155355
1752648750.0382638,11559283,2959176448,2959.176448,227,73,136,5,20250716_155355
1752648750.0482476,11559322,2959186432,2959.186432,231,73,136,5,20250716_155355
1752648750.0582316,11559361,2959196416,2959.196416,235,72,140,5,20250716_155355
1752648750.0682156,11559400,2959206400,2959.2064,238,72,145,5,20250716_155355
1752648750.0781996,11559439,2959216384,2959.216384,242,72,152,5,20250716_155355
1752648750.0881836,11559478,2959226368,2959.226368,246,72,165,5,20250716_155355
1752648750.0981677,11559517,2959236352,2959.236352,250,72,169,5,20250716_155355
1752648750.1081517,11559556,2959246336,2959.246336,254,72,170,5,20250716_155355
1752648750.1181357,11559595,2959256320,2959.25632,2,73,169,5,20250716_155355
1752648750.1283758,11559635,2959266560,2959.26656,6,72,165,5,20250716_155355
1752648750.1383598,11559674,2959276544,2959.276544,10,73,163,5,20250716_155355
1752648750.1483438,11559713,2959286528,2959.286528,14,72,159,5,20250716_155355
1752648750.1583276,11559752,2959296512,2959.296512,18,72,159,5,20250716_155355
1752648750.1683116,11559791,2959306496,2959.306496,22,72,156,5,20250716_155355
1752648750.1782956,11559830,2959316480,2959.31648,25,72,155,5,20250716_155355
1752648750.1882796,11559869,2959326464,2959.326464,29,72,155,5,20250716_155355
1752648750.1982636,11559908,2959336448,2959.336448,33,72,155,5,20250716_155355
1752648750.2082477,11559947,2959346432,2959.346432,37,72,157,5,20250716_155355
1752648750.2182317,11559986,2959356416,2959.356416,41,72,156,5,20250716_155355
1752648750.2282157,11560025,2959366400,2959.3664,45,72,155,5,20250716_155355
1752648750.2381997,11560064,2959376384,2959.376384,48,72,156,5,20250716_155355
1752648750.2481835,11560103,2959386368,2959.386368,52,72,157,5,20250716_155355
1752648750.2581675,11560142,2959396352,2959.396352,56,72,157,5,20250716_155355
1752648750.2681518,11560181,2959406336,2959.406336,60,72,157,5,20250716_155355
1752648750.2783916,11560221,2959416576,2959.416576,64,72,158,5,20250716_155355
1752648750.2883756,11560260,2959426560,2959.42656,67,71,155,5,20250716_155355
1752648750.2983596,11560299,2959436544,2959.436544,71,71,155,5,20250716_155355
1752648750.3083436,11560338,2959446528,2959.446528,75,70,156,5,20250716_155355
1752648750.3183277,11560377,2959456512,2959.456512,79,69,157,5,20250716_155355
1752648750.3283117,11560416,2959466496,2959.466496,83,69,157,5,20250716_155355
1752648750.3382957,11560455,2959476480,2959.47648,87,69,158,5,20250716_155355
1752648750.3482797,11560494,2959486464,2959.486464,90,69,159,5,20250716_155355
1752648750.3582635,11560533,2959496448,2959.496448,94,69,160,5,20250716_155355
1752648750.3682475,11560572,2959506432,2959.506432,98,70,158,5,20250716_155355
1752648750.3782318,11560611,2959516416,2959.516416,102,70,161,5,20250716_155355
1752648750.3882158,11560650,2959526400,2959.5264,106,70,162,5,20250716_155355
1752648750.3981998,11560689,2959536384,2959.536384,110,69,162,5,20250716_155355
1752648750.4081836,11560728,2959546368,2959.546368,113,69,165,5,20250716_155355
1752648750.4184237,11560768,2959556608,2959.556608,117,68,166,5,20250716_155355
1752648750.4284077,11560807,2959566592,2959.566592,121,68,168,5,20250716_155355
1752648750.4383917,11560846,2959576576,2959.576576,125,68,168,5,20250716_155355
1752648750.4483757,11560885,2959586560,2959.58656,129,66,169,5,20250716_155355
1752648750.4583597,11560924,2959596544,2959.596544,132,66,170,5,20250716_155355
1752648750.4683435,11560963,2959606528,2959.606528,136,66,170,5,20250716_155355
1752648750.4783278,11561002,2959616512,2959.616512,140,64,170,5,20250716_155355
1752648750.4883118,11561041,2959626496,2959.626496,144,64,171,5,20250716_155355
1752648750.4982958,11561080,2959636480,2959.63648,148,63,171,5,20250716_155355
1752648750.5082798,11561119,2959646464,2959.646464,152,62,171,5,20250716_155355
1752648750.5182636,11561158,2959656448,2959.656448,155,61,171,5,20250716_155355
1752648750.5282476,11561197,2959666432,2959.666432,159,61,171,5,20250716_155355
1752648750.5382316,11561236,2959676416,2959.676416,163,60,171,5,20250716_155355
1752648750.5482156,11561275,2959686400,2959.6864,167,60,171,5,20250716_155355
1752648750.5581996,11561314,2959696384,2959.696384,171,59,171,5,20250716_155355
1752648750.5684395,11561354,2959706624,2959.706624,175,59,171,5,20250716_155355
1752648750.5784235,11561393,2959716608,2959.716608,178,59,172,5,20250716_155355
1752648750.5884078,11561432,2959726592,2959.726592,182,58,171,5,20250716_155355
1752648750.5983918,11561471,2959736576,2959.736576,186,59,172,5,20250716_155355
1752648750.6083758,11561510,2959746560,2959.74656,190,58,171,5,20250716_155355
1752648750.6183598,11561549,2959756544,2959.756544,194,59,172,5,20250716_155355
1752648750.6283436,11561588,2959766528,2959.766528,197,59,171,5,20250716_155355
1752648750.6383276,11561627,2959776512,2959.776512,201,59,172,5,20250716_155355
1752648750.6483116,11561666,2959786496,2959.786496,205,59,172,5,20250716_155355
1752648750.6582956,11561705,2959796480,2959.79648,209,60,172,5,20250716_155355
1752648750.6682796,11561744,2959806464,2959.806464,213,62,171,5,20250716_155355
1752648750.6782637,11561783,2959816448,2959.816448,217,63,172,5,20250716_155355
1752648750.6882477,11561822,2959826432,2959.826432,220,63,172,5,20250716_155355
1752648750.6982317,11561861,2959836416,2959.836416,224,64,172,5,20250716_155355
1752648750.7084718,11561901,2959846656,2959.846656,228,67,172,5,20250716_155355
1752648750.7184558,11561940,2959856640,2959.85664,232,67,172,5,20250716_155355
1752648750.7284398,11561979,2959866624,2959.866624,236,65,172,5,20250716_155355
1752648750.7384236,11562018,2959876608,2959.876608,240,63,172,5,20250716_155355
1752648750.7484076,11562057,2959886592,2959.886592,243,63,172,5,20250716_155355
1752648750.7583916,11562096,2959896576,2959.896576,247,62,172,5,20250716_155355
1752648750.7683756,11562135,2959906560,2959.90656,251,64,172,5,20250716_155355
1752648750.7783597,11562174,2959916544,2959.916544,0,63,172,5,20250716_155355
1752648750.7883437,11562213,2959926528,2959.926528,4,65,172,5,20250716_155355
1752648750.7983277,11562252,2959936512,2959.936512,7,63,172,5,20250716_155355
1752648750.8083117,11562291,2959946496,2959.946496,11,64,172,5,20250716_155355
1752648750.8182957,11562330,2959956480,2959.95648,15,65,172,5,20250716_155355
1752648750.8282795,11562369,2959966464,2959.966464,19,65,172,5,20250716_155355
1752648750.8382638,11562408,2959976448,2959.976448,23,66,171,5,20250716_155355
1752648750.8482478,11562447,2959986432,2959.986432,27,66,171,5,20250716_155355
1752648750.8584876,11562487,2959996672,2959.996672,30,66,171,5,20250716_155355
1752648750.8684716,11562526,2960006656,2960.006656,34,66,170,5,20250716_155355
1752648750.8784556,11562565,2960016640,2960.01664,38,66,168,5,20250716_155355
1752648750.8884397,11562604,2960026624,2960.026624,42,67,164,5,20250716_155355
1752648750.8984237,11562643,2960036608,2960.036608,46,68,161,5,20250716_155355
1752648750.9084077,11562682,2960046592,2960.046592,50,64,156,5,20250716_155355
1752648750.9183917,11562721,2960056576,2960.056576,53,65,150,5,20250716_155355
1752648750.9283755,11562760,2960066560,2960.06656,57,67,143,5,20250716_155355
1752648750.9383595,11562799,2960076544,2960.076544,61,62,140,5,20250716_155355
1752648750.9483438,11562838,2960086528,2960.086528,65,62,134,5,20250716_155355
1752648750.9583278,11562877,2960096512,2960.096512,69,63,128,5,20250716_155355
1752648750.9683118,11562916,2960106496,2960.106496,72,62,126,5,20250716_155355
1752648750.9782958,11562955,2960116480,2960.11648,76,62,121,5,20250716_155355
1752648750.9882796,11562994,2960126464,2960.126464,80,62,117,5,20250716_155355
1752648750.9985197,11563034,2960136704,2960.136704,84,62,116,5,20250716_155355
1752648751.0085037,11563073,2960146688,2960.146688,88,63,114,5,20250716_155355
1752648751.0184877,11563112,2960156672,2960.156672,92,62,108,5,20250716_155355
1752648751.0284717,11563151,2960166656,2960.166656,95,61,104,5,20250716_155355
1752648751.0384555,11563190,2960176640,2960.17664,99,61,104,5,20250716_155355
1752648751.0484395,11563229,2960186624,2960.186624,103,61,103,5,20250716_155355
1752648751.0584238,11563268,2960196608,2960.196608,107,60,101,5,20250716_155355
1752648751.0684078,11563307,2960206592,2960.206592,111,61,100,5,20250716_155355
1752648751.0783918,11563346,2960216576,2960.216576,115,63,99,5,20250716_155355
1752648751.0883758,11563385,2960226560,2960.22656,118,65,100,5,20250716_155355
1752648751.0983596,11563424,2960236544,2960.236544,122,65,100,5,20250716_155355
1752648751.1083436,11563463,2960246528,2960.246528,126,65,100,5,20250716_155355
1752648751.1183276,11563502,2960256512,2960.256512,130,65,100,5,20250716_155355
1752648751.1283116,11563541,2960266496,2960.266496,134,68,100,5,20250716_155355
1752648751.1385517,11563581,2960276736,2960.276736,137,68,101,5,20250716_155355
1752648751.1485355,11563620,2960286720,2960.28672,141,68,101,5,20250716_155355
1752648751.1585195,11563659,2960296704,2960.296704,145,68,103,5,20250716_155355
1752648751.1685038,11563698,2960306688,2960.306688,149,69,102,5,20250716_155355
1752648751.1784878,11563737,2960316672,2960.316672,153,69,106,5,20250716_155355
1752648751.1884718,11563776,2960326656,2960.326656,157,69,106,5,20250716_155355
1752648751.1984556,11563815,2960336640,2960.33664,160,70,104,5,20250716_155355
1752648751.2084396,11563854,2960346624,2960.346624,164,71,107,5,20250716_155355
1752648751.2184236,11563893,2960356608,2960.356608,168,72,110,5,20250716_155355
1752648751.2284076,11563932,2960366592,2960.366592,172,72,112,5,20250716_155355
1752648751.2383916,11563971,2960376576,2960.376576,176,71,115,5,20250716_155355
1752648751.2483757,11564010,2960386560,2960.38656,180,73,119,5,20250716_155355
1752648751.2583597,11564049,2960396544,2960.396544,183,73,126,5,20250716_155355
1752648751.2683437,11564088,2960406528,2960.406528,187,76,130,5,20250716_155355
1752648751.2783277,11564127,2960416512,2960.416512,191,74,141,5,20250716_155355
1752648751.2885678,11564167,2960426752,2960.426752,195,74,155,5,20250716_155355
1752648751.2985518,11564206,2960436736,2960.436736,199,77,163,5,20250716_155355
1752648751.3085356,11564245,2960446720,2960.44672,202,77,166,5,20250716_155355
1752648751.3185196,11564284,2960456704,2960.456704,206,74,167,5,20250716_155355
1752648751.3285036,11564323,2960466688,2960.466688,210,72,167,5,20250716_155355
1752648751.3384876,11564362,2960476672,2960.476672,214,71,169,5,20250716_155355
1752648751.3484716,11564401,2960486656,2960.486656,218,77,169,5,20250716_155355
1752648751.3584557,11564440,2960496640,2960.49664,222,76,169,5,20250716_155355
1752648751.3684397,11564479,2960506624,2960.506624,225,68,170,5,20250716_155355
1752648751.3784237,11564518,2960516608,2960.516608,229,59,169,5,20250716_155355
1752648751.3884077,11564557,2960526592,2960.526592,233,62,169,5,20250716_155355
1752648751.3983915,11564596,2960536576,2960.536576,237,71,170,5,20250716_155355
1752648751.4083755,11564635,2960546560,2960.54656,241,79,170,5,20250716_155355
1752648751.4183598,11564674,2960556544,2960.556544,245,77,170,5,20250716_155355
1752648751.4285996,11564714,2960566784,2960.566784,248,77,170,5,20250716_155355
1752648751.4385836,11564753,2960576768,2960.576768,252,73,169,5,20250716_155355
1752648751.4485676,11564792,2960586752,2960.586752,1,74,169,5,20250716_155355
1752648751.4585516,11564831,2960596736,2960.596736,5,73,170,5,20250716_155355
1752648751.4685357,11564870,2960606720,2960.60672,9,72,170,5,20250716_155355
1752648751.4785197,11564909,2960616704,2960.616704,12,73,167,5,20250716_155355
1752648751.4885037,11564948,2960626688,2960.626688,16,64,166,5,20250716_155355
1752648751.4984877,11564987,2960636672,2960.636672,20,62,166,5,20250716_155355
1752648751.5084715,11565026,2960646656,2960.646656,24,64,164,5,20250716_155355
1752648751.5184555,11565065,2960656640,2960.65664,28,66,163,5,20250716_155355
1752648751.5284398,11565104,2960666624,2960.666624,32,64,162,5,20250716_155355
1752648751.5384238,11565143,2960676608,2960.676608,35,66,160,5,20250716_155355
1752648751.5484078,11565182,2960686592,2960.686592,39,64,160,5,20250716_155355
1752648751.5583918,11565221,2960696576,2960.696576,43,63,157,5,20250716_155355
1752648751.5683756,11565260,2960706560,2960.70656,47,60,154,5,20250716_155355
1752648751.5786157,11565300,2960716800,2960.7168,51,59,151,5,20250716_155355
1752648751.5885997,11565339,2960726784,2960.726784,55,62,146,5,20250716_155355
1752648751.5985837,11565378,2960736768,2960.736768,58,70,144,5,20250716_155355
1752648751.6085677,11565417,2960746752,2960.746752,62,91,142,5,20250716_155355
1752648751.6185515,11565456,2960756736,2960.756736,66,69,135,5,20250716_155355
1752648751.6285355,11565495,2960766720,2960.76672,70,63,131,5,20250716_155355
1752648751.6385198,11565534,2960776704,2960.776704,74,64,128,5,20250716_155355
1752648751.6485038,11565573,2960786688,2960.786688,77,67,127,5,20250716_155355
1752648751.6584878,11565612,2960796672,2960.796672,81,65,124,5,20250716_155355
1752648751.6684716,11565651,2960806656,2960.806656,85,62,122,5,20250716_155355
1752648751.6784556,11565690,2960816640,2960.81664,89,61,119,5,20250716_155355
1752648751.6884396,11565729,2960826624,2960.826624,93,62,117,5,20250716_155355
1752648751.6984236,11565768,2960836608,2960.836608,97,59,117,5,20250716_155355
1752648751.7084076,11565807,2960846592,2960.846592,100,57,116,5,20250716_155355
1752648751.7186477,11565847,2960856832,2960.856832,104,61,115,5,20250716_155355
1752648751.7286315,11565886,2960866816,2960.866816,108,57,115,5,20250716_155355
1752648751.7386158,11565925,2960876800,2960.8768,112,57,114,5,20250716_155355
1752648751.7485998,11565964,2960886784,2960.886784,116,60,113,5,20250716_155355
1752648751.7585838,11566003,2960896768,2960.896768,120,64,114,5,20250716_155355
1752648751.7685678,11566042,2960906752,2960.906752,123,66,115,5,20250716_155355
1752648751.7785516,11566081,2960916736,2960.916736,127,67,116,5,20250716_155355
1752648751.7885356,11566120,2960926720,2960.92672,131,61,118,5,20250716_155355
1752648751.7985196,11566159,2960936704,2960.936704,135,54,119,5,20250716_155355
1752648751.8085036,11566198,2960946688,2960.946688,139,53,121,5,20250716_155355
1752648751.8184876,11566237,2960956672,2960.956672,142,57,124,5,20250716_155355
1752648751.8284717,11566276,2960966656,2960.966656,146,57,127,5,20250716_155355
1752648751.8387115,11566316,2960976896,2960.976896,150,56,127,5,20250716_155355
1752648751.8486958,11566355,2960986880,2960.98688,154,59,131,5,20250716_155355
1752648751.8586798,11566394,2960996864,2960.996864,158,61,136,5,20250716_155355
1752648751.8686638,11566433,2961006848,2961.006848,162,62,144,5,20250716_155355
1752648751.8786478,11566472,2961016832,2961.016832,165,73,152,5,20250716_155355
1752648751.8886316,11566511,2961026816,2961.026816,169,61,159,5,20250716_155355
1752648751.8986156,11566550,2961036800,2961.0368,173,62,164,5,20250716_155355
1752648751.9085996,11566589,2961046784,2961.046784,177,82,166,5,20250716_155355
1752648751.9185836,11566628,2961056768,2961.056768,181,60,167,5,20250716_155355
1752648751.9285676,11566667,2961066752,2961.066752,185,60,167,5,20250716_155355
1752648751.9385517,11566706,2961076736,2961.076736,188,62,168,5,20250716_155355
1752648751.9485357,11566745,2961086720,2961.08672,192,64,168,5,20250716_155355
1752648751.9585197,11566784,2961096704,2961.096704,196,68,168,5,20250716_155355
1752648751.9685037,11566823,2961106688,2961.106688,200,59,169,5,20250716_155355
1752648751.9784875,11566862,2961116672,2961.116672,204,60,168,5,20250716_155355
1752648751.9887278,11566902,2961126912,2961.126912,207,63,168,5,20250716_155355
1752648751.9987116,11566941,2961136896,2961.136896,211,65,169,5,20250716_155355
1752648752.0086956,11566980,2961146880,2961.14688,215,66,169,5,20250716_155355
1752648752.0186796,11567019,2961156864,2961.156864,219,65,170,5,20250716_155355
1752648752.0286636,11567058,2961166848,2961.166848,223,66,169,5,20250716_155355
1752648752.0386477,11567097,2961176832,2961.176832,227,70,170,5,20250716_155355
1752648752.0486317,11567136,2961186816,2961.186816,230,67,169,5,20250716_155355
1752648752.0586157,11567175,2961196800,2961.1968,234,70,169,5,20250716_155355
1752648752.0685997,11567214,2961206784,2961.206784,238,70,170,5,20250716_155355
1752648752.0785837,11567253,2961216768,2961.216768,242,66,169,5,20250716_155355
1752648752.0885675,11567292,2961226752,2961.226752,246,65,170,5,20250716_155355
1752648752.0985518,11567331,2961236736,2961.236736,250,69,170,5,20250716_155355
1752648752.1085358,11567370,2961246720,2961.24672,253,69,170,5,20250716_155355
1752648752.1185198,11567409,2961256704,2961.256704,2,68,169,5,20250716_155355
1752648752.1285038,11567448,2961266688,2961.266688,6,68,169,5,20250716_155355
1752648752.1387436,11567488,2961276928,2961.276928,10,66,168,5,20250716_155355
1752648752.1487277,11567527,2961286912,2961.286912,14,63,168,5,20250716_155355
1752648752.1587117,11567566,2961296896,2961.296896,17,62,167,5,20250716_155355
1752648752.1686957,11567605,2961306880,2961.30688,21,62,165,5,20250716_155355
1752648752.1786797,11567644,2961316864,2961.316864,25,62,163,5,20250716_155355
1752648752.1886635,11567683,2961326848,2961.326848,29,61,161,5,20250716_155355
1752648752.1986475,11567722,2961336832,2961.336832,33,61,159,5,20250716_155355
1752648752.2086318,11567761,2961346816,2961.346816,37,61,157,5,20250716_155355
1752648752.2186158,11567800,2961356800,2961.3568,40,62,153,5,20250716_155355
1752648752.2285998,11567839,2961366784,2961.366784,44,62,152,5,20250716_155355
1752648752.2385838,11567878,2961376768,2961.376768,48,62,148,5,20250716_155355
1752648752.2485676,11567917,2961386752,2961.386752,52,60,143,5,20250716_155355
1752648752.2585516,11567956,2961396736,2961.396736,56,62,140,5,20250716_155355
1752648752.2685356,11567995,2961406720,2961.40672,60,61,135,5,20250716_155355
1752648752.2787757,11568035,2961416960,2961.41696,63,63,132,5,20250716_155355
1752648752.2887597,11568074,2961426944,2961.426944,67,65,127,5,20250716_155355
1752648752.2987435,11568113,2961436928,2961.436928,71,67,126,5,20250716_155355
1752648752.3087275,11568152,2961446912,2961.446912,75,66,122,5,20250716_155355
1752648752.3187118,11568191,2961456896,2961.456896,79,67,119,5,20250716_155355
1752648752.3286958,11568230,2961466880,2961.46688,82,67,116,5,20250716_155355
1752648752.3386798,11568269,2961476864,2961.476864,86,63,114,5,20250716_155355
1752648752.3486638,11568308,2961486848,2961.486848,90,62,112,5,20250716_155355
1752648752.3586476,11568347,2961496832,2961.496832,94,61,110,5,20250716_155355
1752648752.3686316,11568386,2961506816,2961.506816,98,62,109,5,20250716_155355
1752648752.3786156,11568425,2961516800,2961.5168,102,60,107,5,20250716_155355
1752648752.3885996,11568464,2961526784,2961.526784,105,58,106,5,20250716_155355
1752648752.3985837,11568503,2961536768,2961.536768,109,56,105,5,20250716_155355
1752648752.4085677,11568542,2961546752,2961.546752,113,57,105,5,20250716_155355
1752648752.4188075,11568582,2961556992,2961.556992,117,57,104,5,20250716_155355
1752648752.4287918,11568621,2961566976,2961.566976,121,55,104,5,20250716_155355
1752648752.4387758,11568660,2961576960,2961.57696,125,53,106,5,20250716_155355
1752648752.4487598,11568699,2961586944,2961.586944,128,53,106,5,20250716_155355
1752648752.4587436,11568738,2961596928,2961.596928,132,52,106,5,20250716_155355
1752648752.4687276,11568777,2961606912,2961.606912,136,52,107,5,20250716_155355
1752648752.4787116,11568816,2961616896,2961.616896,140,53,109,5,20250716_155355
1752648752.4886956,11568855,2961626880,2961.62688,144,53,110,5,20250716_155355
1752648752.4986796,11568894,2961636864,2961.636864,148,55,112,5,20250716_155355
1752648752.5086637,11568933,2961646848,2961.646848,151,58,115,5,20250716_155355
1752648752.5186477,11568972,2961656832,2961.656832,155,60,117,5,20250716_155355
1752648752.5286317,11569011,2961666816,2961.666816,159,59,120,5,20250716_155355
1752648752.5386157,11569050,2961676800,2961.6768,163,61,123,5,20250716_155355
1752648752.5485995,11569089,2961686784,2961.686784,167,61,127,5,20250716_155355
1752648752.5585835,11569128,2961696768,2961.696768,170,61,131,5,20250716_155355
1752648752.5688236,11569168,2961707008,2961.707008,174,59,140,5,20250716_155355
1752648752.5788076,11569207,2961716992,2961.716992,178,56,153,5,20250716_155355
1752648752.5887916,11569246,2961726976,2961.726976,182,55,159,5,20250716_155355
1752648752.5987756,11569285,2961736960,2961.73696,186,55,164,5,20250716_155355
1752648752.6087596,11569324,2961746944,2961.746944,190,54,166,5,20250716_155355
1752648752.6187437,11569363,2961756928,2961.756928,193,56,166,5,20250716_155355
1752648752.6287277,11569402,2961766912,2961.766912,197,58,166,5,20250716_155355
1752648752.6387117,11569441,2961776896,2961.776896,201,58,166,5,20250716_155355
1752648752.6486957,11569480,2961786880,2961.78688,205,58,166,5,20250716_155355
1752648752.6586795,11569519,2961796864,2961.796864,209,60,168,5,20250716_155355
1752648752.6686635,11569558,2961806848,2961.806848,213,62,168,5,20250716_155355
1752648752.6786478,11569597,2961816832,2961.816832,216,63,168,5,20250716_155355
1752648752.6886318,11569636,2961826816,2961.826816,220,63,168,5,20250716_155355
1752648752.6986158,11569675,2961836800,2961.8368,224,65,168,5,20250716_155355
1752648752.7088556,11569715,2961847040,2961.84704,228,64,168,5,20250716_155355
1752648752.7188396,11569754,2961857024,2961.857024,232,61,169,5,20250716_155355
1752648752.7288237,11569793,2961867008,2961.867008,235,60,169,5,20250716_155355
1752648752.7388077,11569832,2961876992,2961.876992,239,61,169,5,20250716_155355
1752648752.7487917,11569871,2961886976,2961.886976,243,64,169,5,20250716_155355
1752648752.7587757,11569910,2961896960,2961.89696,247,63,169,5,20250716_155355
1752648752.7687595,11569949,2961906944,2961.906944,251,61,168,5,20250716_155355
1752648752.7787435,11569988,2961916928,2961.916928,0,63,168,5,20250716_155355
1752648752.7887278,11570027,2961926912,2961.926912,3,65,168,5,20250716_155355
1752648752.7987118,11570066,2961936896,2961.936896,7,63,167,5,20250716_155355
1752648752.8086958,11570105,2961946880,2961.94688,11,63,165,5,20250716_155355
1752648752.8186798,11570144,2961956864,2961.956864,15,63,163,5,20250716_155355
1752648752.8286636,11570183,2961966848,2961.966848,19,64,162,5,20250716_155355
1752648752.8386476,11570222,2961976832,2961.976832,23,65,160,5,20250716_155355
1752648752.8486316,11570261,2961986816,2961.986816,26,68,156,5,20250716_155355
1752648752.8588717,11570301,2961997056,2961.997056,30,65,152,5,20250716_155355
1752648752.8688557,11570340,2962007040,2962.00704,34,62,151,5,20250716_155355
1752648752.8788395,11570379,2962017024,2962.017024,38,62,146,5,20250716_155355
1752648752.8888235,11570418,2962027008,2962.027008,42,65,143,5,20250716_155355
1752648752.8988078,11570457,2962036992,2962.036992,45,65,140,5,20250716_155355
1752648752.9087918,11570496,2962046976,2962.046976,49,65,136,5,20250716_155355
1752648752.9187758,11570535,2962056960,2962.05696,53,65,131,5,20250716_155355
1752648752.9287596,11570574,2962066944,2962.066944,57,66,128,5,20250716_155355
1752648752.9387436,11570613,2962076928,2962.076928,61,63,127,5,20250716_155355
1752648752.9487276,11570652,2962086912,2962.086912,65,59,126,5,20250716_155355
1752648752.9587116,11570691,2962096896,2962.096896,68,61,122,5,20250716_155355
1752648752.9686956,11570730,2962106880,2962.10688,72,62,118,5,20250716_155355
1752648752.9786797,11570769,2962116864,2962.116864,76,60,116,5,20250716_155355
1752648752.9886637,11570808,2962126848,2962.126848,80,63,114,5,20250716_155355
1752648752.9989038,11570848,2962137088,2962.137088,84,66,112,5,20250716_155355
1752648753.0088878,11570887,2962147072,2962.147072,88,66,110,5,20250716_155355
1752648753.0188718,11570926,2962157056,2962.157056,91,64,109,5,20250716_155355
1752648753.0288558,11570965,2962167040,2962.16704,95,62,108,5,20250716_155355
1752648753.0388396,11571004,2962177024,2962.177024,99,62,107,5,20250716_155355
1752648753.0488236,11571043,2962187008,2962.187008,103,60,106,5,20250716_155355
1752648753.0588076,11571082,2962196992,2962.196992,107,57,105,5,20250716_155355
1752648753.0687916,11571121,2962206976,2962.206976,110,56,104,5,20250716_155355
1752648753.0787756,11571160,2962216960,2962.21696,114,55,105,5,20250716_155355
1752648753.0887597,11571199,2962226944,2962.226944,118,54,105,5,20250716_155355
1752648753.0987437,11571238,2962236928,2962.236928,122,55,106,5,20250716_155355
1752648753.1089838,11571278,2962247168,2962.247168,126,56,106,5,20250716_155355
1752648753.1189678,11571317,2962257152,2962.257152,130,56,106,5,20250716_155355
1752648753.1289518,11571356,2962267136,2962.267136,133,58,107,5,20250716_155355
1752648753.1389358,11571395,2962277120,2962.27712,137,58,108,5,20250716_155355
1752648753.1489196,11571434,2962287104,2962.287104,141,57,109,5,20250716_155355
1752648753.1589036,11571473,2962297088,2962.297088,145,55,111,5,20250716_155355
1752648753.1688876,11571512,2962307072,2962.307072,149,53,113,5,20250716_155355
1752648753.1788716,11571551,2962317056,2962.317056,153,52,115,5,20250716_155355
1752648753.1891117,11571591,2962327296,2962.327296,156,53,118,5,20250716_155355
1752648753.1990955,11571630,2962337280,2962.33728,160,53,121,5,20250716_155355
1752648753.2090795,11571669,2962347264,2962.347264,164,55,126,5,20250716_155355
1752648753.2190638,11571708,2962357248,2962.357248,168,55,129,5,20250716_155355
1752648753.2290478,11571747,2962367232,2962.367232,172,56,138,5,20250716_155355
1752648753.2390318,11571786,2962377216,2962.377216,176,55,150,5,20250716_155355
1752648753.2490158,11571825,2962387200,2962.3872,179,55,158,5,20250716_155355
1752648753.2592556,11571865,2962397440,2962.39744,183,54,163,5,20250716_155355
1752648753.2692397,11571904,2962407424,2962.407424,187,56,165,5,20250716_155355
1752648753.2792237,11571943,2962417408,2962.417408,191,58,166,5,20250716_155355
1752648753.2892077,11571982,2962427392,2962.427392,195,59,165,5,20250716_155355
1752648753.2991917,11572021,2962437376,2962.437376,199,62,166,5,20250716_155355
1752648753.3091755,11572060,2962447360,2962.44736,202,62,166,5,20250716_155355
1752648753.3191595,11572099,2962457344,2962.457344,206,61,167,5,20250716_155355
1752648753.3291438,11572138,2962467328,2962.467328,210,61,168,5,20250716_155355
1752648753.3393836,11572178,2962477568,2962.477568,214,60,168,5,20250716_155355
1752648753.3493676,11572217,2962487552,2962.487552,218,58,167,5,20250716_155355
1752648753.3593516,11572256,2962497536,2962.497536,222,58,168,5,20250716_155355
1752648753.3693357,11572295,2962507520,2962.50752,225,58,168,5,20250716_155355
1752648753.3793197,11572334,2962517504,2962.517504,229,56,168,5,20250716_155355
1752648753.3893037,11572373,2962527488,2962.527488,233,59,168,5,20250716_155355
1752648753.3992877,11572412,2962537472,2962.537472,237,62,169,5,20250716_155355
1752648753.4092717,11572451,2962547456,2962.547456,241,64,168,5,20250716_155355
1752648753.4192555,11572490,2962557440,2962.55744,244,64,169,5,20250716_155355
1752648753.4292395,11572529,2962567424,2962.567424,248,62,169,5,20250716_155355
1752648753.4392238,11572568,2962577408,2962.577408,252,61,170,5,20250716_155355
1752648753.4494636,11572608,2962587648,2962.587648,1,62,170,5,20250716_155355
1752648753.4594476,11572647,2962597632,2962.597632,5,64,168,5,20250716_155355
1752648753.4694316,11572686,2962607616,2962.607616,9,66,168,5,20250716_155355
1752648753.4794157,11572725,2962617600,2962.6176,12,66,167,5,20250716_155355
1752648753.4893997,11572764,2962627584,2962.627584,16,71,166,5,20250716_155355
1752648753.4993837,11572803,2962637568,2962.637568,20,65,164,5,20250716_155355
1752648753.5093677,11572842,2962647552,2962.647552,24,61,163,5,20250716_155355
1752648753.5193515,11572881,2962657536,2962.657536,28,62,160,5,20250716_155355
1752648753.5293355,11572920,2962667520,2962.66752,32,67,157,5,20250716_155355
1752648753.5393198,11572959,2962677504,2962.677504,35,65,154,5,20250716_155355
1752648753.5493038,11572998,2962687488,2962.687488,39,61,152,5,20250716_155355
1752648753.5592878,11573037,2962697472,2962.697472,43,62,148,5,20250716_155355
1752648753.5692718,11573076,2962707456,2962.707456,47,60,143,5,20250716_155355
1752648753.5792556,11573115,2962717440,2962.71744,51,64,137,5,20250716_155355
1752648753.5894957,11573155,2962727680,2962.72768,54,66,134,5,20250716_155355
1752648753.5994797,11573194,2962737664,2962.737664,58,68,133,5,20250716_155355
1752648753.6094637,11573233,2962747648,2962.747648,62,70,128,5,20250716_155355
1752648753.6194477,11573272,2962757632,2962.757632,66,64,126,5,20250716_155355
1752648753.6294315,11573311,2962767616,2962.767616,70,64,122,5,20250716_155355
1752648753.6394155,11573350,2962777600,2962.7776,74,61,118,5,20250716_155355
1752648753.6493998,11573389,2962787584,2962.787584,77,62,116,5,20250716_155355
1752648753.6593838,11573428,2962797568,2962.797568,81,60,114,5,20250716_155355
1752648753.6693678,11573467,2962807552,2962.807552,85,61,112,5,20250716_155355
1752648753.6793518,11573506,2962817536,2962.817536,89,61,110,5,20250716_155355
1752648753.6893356,11573545,2962827520,2962.82752,93,59,109,5,20250716_155355
1752648753.6993196,11573584,2962837504,2962.837504,97,60,107,5,20250716_155355
1752648753.7093036,11573623,2962847488,2962.847488,100,63,106,5,20250716_155355
1752648753.7192876,11573662,2962857472,2962.857472,104,59,106,5,20250716_155355
1752648753.7292717,11573701,2962867456,2962.867456,108,54,104,5,20250716_155355
1752648753.7395115,11573741,2962877696,2962.877696,112,52,105,5,20250716_155355
1752648753.7494955,11573780,2962887680,2962.88768,116,54,106,5,20250716_155355
1752648753.7594798,11573819,2962897664,2962.897664,119,56,104,5,20250716_155355
1752648753.7694638,11573858,2962907648,2962.907648,123,58,105,5,20250716_155355
1752648753.7794478,11573897,2962917632,2962.917632,127,57,105,5,20250716_155355
1752648753.7894316,11573936,2962927616,2962.927616,131,57,106,5,20250716_155355
1752648753.7994156,11573975,2962937600,2962.9376,135,58,107,5,20250716_155355
1752648753.8093996,11574014,2962947584,2962.947584,139,55,108,5,20250716_155355
1752648753.8193836,11574053,2962957568,2962.957568,142,55,109,5,20250716_155355
1752648753.8293676,11574092,2962967552,2962.967552,146,55,111,5,20250716_155355
1752648753.8393517,11574131,2962977536,2962.977536,150,54,113,5,20250716_155355
1752648753.8493357,11574170,2962987520,2962.98752,154,55,115,5,20250716_155355
1752648753.8593197,11574209,2962997504,2962.997504,158,57,118,5,20250716_155355
1752648753.8693037,11574248,2963007488,2963.007488,162,58,121,5,20250716_155355
1752648753.8795438,11574288,2963017728,2963.017728,165,58,125,5,20250716_155355
1752648753.8895278,11574327,2963027712,2963.027712,169,59,127,5,20250716_155355
1752648753.8995116,11574366,2963037696,2963.037696,173,60,135,5,20250716_155355
1752648753.9094956,11574405,2963047680,2963.04768,177,59,144,5,20250716_155355
1752648753.9194796,11574444,2963057664,2963.057664,181,59,154,5,20250716_155355
1752648753.9294636,11574483,2963067648,2963.067648,184,59,160,5,20250716_155355
1752648753.9394476,11574522,2963077632,2963.077632,188,58,164,5,20250716_155355
1752648753.9494317,11574561,2963087616,2963.087616,192,59,166,5,20250716_155355
1752648753.9594157,11574600,2963097600,2963.0976,196,60,165,5,20250716_155355
1752648753.9693997,11574639,2963107584,2963.107584,200,61,165,5,20250716_155355
1752648753.9793837,11574678,2963117568,2963.117568,204,63,166,5,20250716_155355
1752648753.9893675,11574717,2963127552,2963.127552,207,63,167,5,20250716_155355
1752648753.9996078,11574757,2963137792,2963.137792,211,64,167,5,20250716_155355
1752648754.0095916,11574796,2963147776,2963.147776,215,64,168,5,20250716_155355
1752648754.0195756,11574835,2963157760,2963.15776,219,64,168,5,20250716_155355
1752648754.0295596,11574874,2963167744,2963.167744,223,65,168,5,20250716_155355
1752648754.0395436,11574913,2963177728,2963.177728,227,65,168,5,20250716_155355
1752648754.0495276,11574952,2963187712,2963.187712,230,64,168,5,20250716_155355
1752648754.0595117,11574991,2963197696,2963.197696,234,65,168,5,20250716_155355
1752648754.0697515,11575031,2963207936,2963.207936,238,66,169,5,20250716_155355
1752648754.0797358,11575070,2963217920,2963.21792,242,68,168,5,20250716_155355
1752648754.0897198,11575109,2963227904,2963.227904,246,63,168,5,20250716_155355
1752648754.0997038,11575148,2963237888,2963.237888,250,62,169,5,20250716_155355
1752648754.1096878,11575187,2963247872,2963.247872,253,66,169,5,20250716_155355
1752648754.1196716,11575226,2963257856,2963.257856,2,67,169,5,20250716_155355
1752648754.1296556,11575265,2963267840,2963.26784,6,67,169,5,20250716_155355
1752648754.1398957,11575305,2963278080,2963.27808,10,65,168,5,20250716_155355
1752648754.1498797,11575344,2963288064,2963.288064,14,63,168,5,20250716_155355
1752648754.1598637,11575383,2963298048,2963.298048,18,62,167,5,20250716_155355
1752648754.1698475,11575422,2963308032,2963.308032,21,63,167,5,20250716_155355
1752648754.1798315,11575461,2963318016,2963.318016,25,65,165,5,20250716_155355
1752648754.1898158,11575500,2963328000,2963.328,29,64,164,5,20250716_155355
1752648754.1997998,11575539,2963337984,2963.337984,33,65,162,5,20250716_155355
1752648754.2097838,11575578,2963347968,2963.347968,37,62,160,5,20250716_155355
1752648754.2197678,11575617,2963357952,2963.357952,41,63,159,5,20250716_155355
1752648754.2297516,11575656,2963367936,2963.367936,44,62,156,5,20250716_155355
1752648754.2399917,11575696,2963378176,2963.378176,48,62,153,5,20250716_155355
1752648754.2499757,11575735,2963388160,2963.38816,52,64,149,5,20250716_155355
1752648754.2599597,11575774,2963398144,2963.398144,56,63,145,5,20250716_155355
1752648754.2699437,11575813,2963408128,2963.408128,60,63,141,5,20250716_155355
1752648754.2799275,11575852,2963418112,2963.418112,63,63,136,5,20250716_155355
1752648754.2899115,11575891,2963428096,2963.428096,67,64,130,5,20250716_155355
1752648754.2998958,11575930,2963438080,2963.43808,71,65,127,5,20250716_155355
1752648754.3098798,11575969,2963448064,2963.448064,75,64,125,5,20250716_155355
1752648754.3198638,11576008,2963458048,2963.458048,79,67,123,5,20250716_155355
1752648754.3298476,11576047,2963468032,2963.468032,83,63,119,5,20250716_155355
1752648754.3398316,11576086,2963478016,2963.478016,86,62,118,5,20250716_155355
1752648754.3498156,11576125,2963488000,2963.488,90,62,115,5,20250716_155355
1752648754.3597996,11576164,2963497984,2963.497984,94,63,113,5,20250716_155355
1752648754.3697836,11576203,2963507968,2963.507968,98,62,111,5,20250716_155355
1752648754.3800237,11576243,2963518208,2963.518208,102,60,110,5,20250716_155355
1752648754.3900075,11576282,2963528192,2963.528192,106,60,109,5,20250716_155355
1752648754.3999918,11576321,2963538176,2963.538176,109,59,109,5,20250716_155355
1752648754.4099758,11576360,2963548160,2963.54816,113,59,110,5,20250716_155355
1752648754.4199598,11576399,2963558144,2963.558144,117,59,110,5,20250716_155355
1752648754.4299438,11576438,2963568128,2963.568128,121,60,111,5,20250716_155355
1752648754.4399276,11576477,2963578112,2963.578112,125,61,111,5,20250716_155355
1752648754.4499116,11576516,2963588096,2963.588096,128,61,111,5,20250716_155355
1752648754.4598956,11576555,2963598080,2963.59808,132,60,112,5,20250716_155355
1752648754.4698796,11576594,2963608064,2963.608064,136,60,112,5,20250716_155355
1752648754.4798636,11576633,2963618048,2963.618048,140,60,114,5,20250716_155355
1752648754.4898477,11576672,2963628032,2963.628032,144,61,116,5,20250716_155355
1752648754.4998317,11576711,2963638016,2963.638016,148,62,118,5,20250716_155355
1752648754.5098157,11576750,2963648000,2963.648,151,63,120,5,20250716_155355
1752648754.5200558,11576790,2963658240,2963.65824,155,64,124,5,20250716_155355
1752648754.5300398,11576829,2963668224,2963.668224,159,64,127,5,20250716_155355
1752648754.5400238,11576868,2963678208,2963.678208,163,62,129,5,20250716_155355
1752648754.5500076,11576907,2963688192,2963.688192,167,61,135,5,20250716_155355
1752648754.5599916,11576946,2963698176,2963.698176,171,59,144,5,20250716_155355
1752648754.5699756,11576985,2963708160,2963.70816,174,59,154,5,20250716_155355
1752648754.5799596,11577024,2963718144,2963.718144,178,59,161,5,20250716_155355
1752648754.5899436,11577063,2963728128,2963.728128,182,58,164,5,20250716_155355
1752648754.5999277,11577102,2963738112,2963.738112,186,60,165,5,20250716_155355
1752648754.6099117,11577141,2963748096,2963.748096,190,63,166,5,20250716_155355
1752648754.6198957,11577180,2963758080,2963.75808,193,66,165,5,20250716_155355
1752648754.6298797,11577219,2963768064,2963.768064,197,66,166,5,20250716_155355
1752648754.6398635,11577258,2963778048,2963.778048,201,66,167,5,20250716_155355
1752648754.6498475,11577297,2963788032,2963.788032,205,66,167,5,20250716_155355
1752648754.6598318,11577336,2963798016,2963.798016,209,65,168,5,20250716_155355
1752648754.6700716,11577376,2963808256,2963.808256,213,66,168,5,20250716_155355
1752648754.6800556,11577415,2963818240,2963.81824,216,66,168,5,20250716_155355
1752648754.6900396,11577454,2963828224,2963.828224,220,66,168,5,20250716_155355
1752648754.7000237,11577493,2963838208,2963.838208,224,65,168,5,20250716_155355
1752648754.7100077,11577532,2963848192,2963.848192,228,66,169,5,20250716_155355
1752648754.7199917,11577571,2963858176,2963.858176,232,66,169,5,20250716_155355
1752648754.7299757,11577610,2963868160,2963.86816,235,64,168,5,20250716_155355
1752648754.7399597,11577649,2963878144,2963.878144,237,65,168,5,20250716_155355
1752648754.7499435,11577688,2963888128,2963.888128,240,67,169,5,20250716_155355
1752648754.7599275,11577727,2963898112,2963.898112,243,67,168,5,20250716_155355
1752648754.7699118,11577766,2963908096,2963.908096,245,68,168,5,20250716_155355
1752648754.7798958,11577805,2963918080,2963.91808,248,68,168,5,20250716_155355
1752648754.7898798,11577844,2963928064,2963.928064,250,67,167,5,20250716_155355
1752648754.7998636,11577883,2963938048,2963.938048,252,66,166,5,20250716_155355
1752648754.8101037,11577923,2963948288,2963.948288,0,66,164,5,20250716_155355
1752648754.8200877,11577962,2963958272,2963.958272,2,67,163,5,20250716_155355
1752648754.8300717,11578001,2963968256,2963.968256,5,68,163,5,20250716_155355
1752648754.8400557,11578040,2963978240,2963.97824,7,70,162,5,20250716_155355
1752648754.8500395,11578079,2963988224,2963.988224,9,70,161,5,20250716_155355
1752648754.8600235,11578118,2963998208,2963.998208,12,68,160,5,20250716_155355
1752648754.8700078,11578157,2964008192,2964.008192,14,68,162,5,20250716_155355
1752648754.8799918,11578196,2964018176,2964.018176,16,67,163,5,20250716_155355
1752648754.8899758,11578235,2964028160,2964.02816,18,67,163,5,20250716_155355
1752648754.8999598,11578274,2964038144,2964.038144,20,69,165,5,20250716_155355
1752648754.9099436,11578313,2964048128,2964.048128,22,70,166,5,20250716_155355
1752648754.9199276,11578352,2964058112,2964.058112,24,69,166,5,20250716_155355
1752648754.9299116,11578391,2964068096,2964.068096,26,69,166,5,20250716_155355
1752648754.9398956,11578430,2964078080,2964.07808,28,69,166,5,20250716_155355
1752648754.9498796,11578469,2964088064,2964.088064,30,68,166,5,20250716_155355
1752648754.9601195,11578509,2964098304,2964.098304,32,69,166,5,20250716_155355
1752648754.9701035,11578548,2964108288,2964.108288,34,72,167,5,20250716_155355
1752648754.9800878,11578587,2964118272,2964.118272,36,72,167,5,20250716_155355
1752648754.9900718,11578626,2964128256,2964.128256,38,71,166,5,20250716_155355
1752648755.0000558,11578665,2964138240,2964.13824,40,70,165,5,20250716_155355
1752648755.0100398,11578704,2964148224,2964.148224,42,71,165,5,20250716_155355
1752648755.0200236,11578743,2964158208,2964.158208,44,70,164,5,20250716_155355
1752648755.0300076,11578782,2964168192,2964.168192,47,73,163,5,20250716_155355
1752648755.0399916,11578821,2964178176,2964.178176,49,74,163,5,20250716_155355
1752648755.0499756,11578860,2964188160,2964.18816,52,74,162,5,20250716_155355
1752648755.0599597,11578899,2964198144,2964.198144,54,71,161,5,20250716_155355
1752648755.0699437,11578938,2964208128,2964.208128,57,70,160,5,20250716_155355
1752648755.0799277,11578977,2964218112,2964.218112,60,69,160,5,20250716_155355
1752648755.0899117,11579016,2964228096,2964.228096,63,67,157,5,20250716_155355
1752648755.1001518,11579056,2964238336,2964.238336,66,68,156,5,20250716_155355
1752648755.1101358,11579095,2964248320,2964.24832,69,71,156,5,20250716_155355
1752648755.1201198,11579134,2964258304,2964.258304,73,69,154,5,20250716_155355
1752648755.1301036,11579173,2964268288,2964.268288,76,69,154,5,20250716_155355
1752648755.1400876,11579212,2964278272,2964.278272,80,68,152,5,20250716_155355
1752648755.1500716,11579251,2964288256,2964.288256,83,69,150,5,20250716_155355
1752648755.1600556,11579290,2964298240,2964.29824,87,71,149,5,20250716_155355
1752648755.1700397,11579329,2964308224,2964.308224,91,71,147,5,20250716_155355
1752648755.1800237,11579368,2964318208,2964.318208,95,71,145,5,20250716_155355
1752648755.1900077,11579407,2964328192,2964.328192,99,69,143,5,20250716_155355
1752648755.1999917,11579446,2964338176,2964.338176,103,68,142,5,20250716_155355
1752648755.2099755,11579485,2964348160,2964.34816,106,66,141,5,20250716_155355
1752648755.2199595,11579524,2964358144,2964.358144,110,65,139,5,20250716_155355
1752648755.2299438,11579563,2964368128,2964.368128,114,63,137,5,20250716_155355
1752648755.2399278,11579602,2964378112,2964.378112,118,63,136,5,20250716_155355
1752648755.2501676,11579642,2964388352,2964.388352,121,64,136,5,20250716_155355
1752648755.2601516,11579681,2964398336,2964.398336,125,63,135,5,20250716_155355
1752648755.2701356,11579720,2964408320,2964.40832,129,64,136,5,20250716_155355
1752648755.2801197,11579759,2964418304,2964.418304,132,63,137,5,20250716_155355
1752648755.2901037,11579798,2964428288,2964.428288,136,63,138,5,20250716_155355
1752648755.3000877,11579837,2964438272,2964.438272,140,63,140,5,20250716_155355
1752648755.3100717,11579876,2964448256,2964.448256,144,63,142,5,20250716_155355
1752648755.3200555,11579915,2964458240,2964.45824,148,62,144,5,20250716_155355
1752648755.3300395,11579954,2964468224,2964.468224,152,62,146,5,20250716_155355
1752648755.3400238,11579993,2964478208,2964.478208,157,63,148,5,20250716_155355
1752648755.3500078,11580032,2964488192,2964.488192,161,63,152,5,20250716_155355
1752648755.3599918,11580071,2964498176,2964.498176,166,63,157,5,20250716_155355
1752648755.3699758,11580110,2964508160,2964.50816,171,63,160,5,20250716_155355
1752648755.3799596,11580149,2964518144,2964.518144,176,63,164,5,20250716_155355
1752648755.3899436,11580188,2964528128,2964.528128,182,63,166,5,20250716_155355
1752648755.4001837,11580228,2964538368,2964.538368,187,63,167,5,20250716_155355
1752648755.4101677,11580267,2964548352,2964.548352,192,63,168,5,20250716_155355
1752648755.4201517,11580306,2964558336,2964.558336,197,64,168,5,20250716_155355
1752648755.4301355,11580345,2964568320,2964.56832,201,65,168,5,20250716_155355
1752648755.4401195,11580384,2964578304,2964.578304,206,67,169,5,20250716_155355
1752648755.4501038,11580423,2964588288,2964.588288,210,71,169,5,20250716_155355
1752648755.4600878,11580462,2964598272,2964.598272,214,72,169,5,20250716_155355
1752648755.4700718,11580501,2964608256,2964.608256,218,73,169,5,20250716_155355
1752648755.4800558,11580540,2964618240,2964.61824,221,81,168,5,20250716_155355
1752648755.4900396,11580579,2964628224,2964.628224,225,81,170,5,20250716_155355
1752648755.5000236,11580618,2964638208,2964.638208,228,80,170,5,20250716_155355
1752648755.5100076,11580657,2964648192,2964.648192,231,83,169,5,20250716_155355
1752648755.5199916,11580696,2964658176,2964.658176,234,80,170,5,20250716_155355
1752648755.5299757,11580735,2964668160,2964.66816,237,79,171,5,20250716_155355
1752648755.5402155,11580775,2964678400,2964.6784,240,78,169,5,20250716_155355
1752648755.5501995,11580814,2964688384,2964.688384,243,79,170,5,20250716_155355
1752648755.5601838,11580853,2964698368,2964.698368,245,74,169,5,20250716_155355
1752648755.5701678,11580892,2964708352,2964.708352,248,72,168,5,20250716_155355
1752648755.5801518,11580931,2964718336,2964.718336,250,77,168,5,20250716_155355
1752648755.5901356,11580970,2964728320,2964.72832,252,78,168,5,20250716_155355
1752648755.6001196,11581009,2964738304,2964.738304,254,77,168,5,20250716_155355
1752648755.6101036,11581048,2964748288,2964.748288,2,73,168,5,20250716_155355
1752648755.6200876,11581087,2964758272,2964.758272,4,74,168,5,20250716_155355
1752648755.6300716,11581126,2964768256,2964.768256,6,72,168,5,20250716_155355
1752648755.6400557,11581165,2964778240,2964.77824,8,74,169,5,20250716_155355
1752648755.6500397,11581204,2964788224,2964.788224,10,76,169,5,20250716_155355
1752648755.6600237,11581243,2964798208,2964.798208,12,74,169,5,20250716_155355
1752648755.6700077,11581282,2964808192,2964.808192,13,75,169,5,20250716_155355
1752648755.6802478,11581322,2964818432,2964.818432,15,76,170,5,20250716_155355
1752648755.6902318,11581361,2964828416,2964.828416,17,73,170,5,20250716_155355
1752648755.7002156,11581400,2964838400,2964.8384,19,69,170,5,20250716_155355
1752648755.7101996,11581439,2964848384,2964.848384,21,66,170,5,20250716_155355
1752648755.7201836,11581478,2964858368,2964.858368,23,71,170,5,20250716_155355
1752648755.7301676,11581517,2964868352,2964.868352,24,68,170,5,20250716_155355
1752648755.7401516,11581556,2964878336,2964.878336,26,66,169,5,20250716_155355
1752648755.7501357,11581595,2964888320,2964.88832,28,65,169,5,20250716_155355
1752648755.7601197,11581634,2964898304,2964.898304,30,69,170,5,20250716_155355
1752648755.7701037,11581673,2964908288,2964.908288,32,72,168,5,20250716_155355
1752648755.7800877,11581712,2964918272,2964.918272,34,75,168,5,20250716_155355
1752648755.7900715,11581751,2964928256,2964.928256,36,81,167,5,20250716_155355
1752648755.8000555,11581790,2964938240,2964.93824,38,93,166,5,20250716_155355
1752648755.8100398,11581829,2964948224,2964.948224,40,100,164,5,20250716_155355
1752648755.8200238,11581868,2964958208,2964.958208,42,99,163,5,20250716_155355
1752648755.8302636,11581908,2964968448,2964.968448,45,98,162,5,20250716_155355
1752648755.8402476,11581947,2964978432,2964.978432,47,108,161,5,20250716_155355
1752648755.8502316,11581986,2964988416,2964.988416,50,116,160,5,20250716_155355
1752648755.8602157,11582025,2964998400,2964.9984,53,116,159,5,20250716_155355
1752648755.8701997,11582064,2965008384,2965.008384,56,110,158,5,20250716_155355
1752648755.8801837,11582103,2965018368,2965.018368,59,105,157,5,20250716_155355
1752648755.8901677,11582142,2965028352,2965.028352,62,94,154,5,20250716_155355
1752648755.9001515,11582181,2965038336,2965.038336,66,86,151,5,20250716_155355
1752648755.9101355,11582220,2965048320,2965.04832,69,90,149,5,20250716_155355
1752648755.9201198,11582259,2965058304,2965.058304,73,100,148,5,20250716_155355
1752648755.9301038,11582298,2965068288,2965.068288,77,115,147,5,20250716_155355
1752648755.9400878,11582337,2965078272,2965.078272,81,101,145,5,20250716_155355
1752648755.9500716,11582376,2965088256,2965.088256,85,94,142,5,20250716_155355
1752648755.9600556,11582415,2965098240,2965.09824,89,84,139,5,20250716_155355
1752648755.9702957,11582455,2965108480,2965.10848,92,78,136,5,20250716_155355
1752648755.9802797,11582494,2965118464,2965.118464,96,77,134,5,20250716_155355
1752648755.9902637,11582533,2965128448,2965.128448,99,75,130,5,20250716_155355
1752648756.0002477,11582572,2965138432,2965.138432,103,75,127,5,20250716_155355
1752648756.0102315,11582611,2965148416,2965.148416,106,75,127,5,20250716_155355
1752648756.0202155,11582650,2965158400,2965.1584,109,73,127,5,20250716_155355
1752648756.0301998,11582689,2965168384,2965.168384,112,73,126,5,20250716_155355
1752648756.0401838,11582728,2965178368,2965.178368,115,77,127,5,20250716_155355
1752648756.0501678,11582767,2965188352,2965.188352,117,80,127,5,20250716_155355
1752648756.0601516,11582806,2965198336,2965.198336,120,81,127,5,20250716_155355
1752648756.0701356,11582845,2965208320,2965.20832,123,83,127,5,20250716_155355
1752648756.0801196,11582884,2965218304,2965.218304,125,87,127,5,20250716_155355
1752648756.0901036,11582923,2965228288,2965.228288,128,89,127,5,20250716_155355
1752648756.1000876,11582962,2965238272,2965.238272,130,88,128,5,20250716_155355
1752648756.1100717,11583001,2965248256,2965.248256,132,87,129,5,20250716_155355
1752648756.1203115,11583041,2965258496,2965.258496,135,88,130,5,20250716_155355
1752648756.1302958,11583080,2965268480,2965.26848,137,89,130,5,20250716_155355
1752648756.1402798,11583119,2965278464,2965.278464,140,89,132,5,20250716_155355
1752648756.1502638,11583158,2965288448,2965.288448,143,91,134,5,20250716_155355
1752648756.1602478,11583197,2965298432,2965.298432,145,93,136,5,20250716_155355
1752648756.1702316,11583236,2965308416,2965.308416,148,95,139,5,20250716_155355
1752648756.1802156,11583275,2965318400,2965.3184,152,97,142,5,20250716_155355
1752648756.1901996,11583314,2965328384,2965.328384,155,96,146,5,20250716_155355
1752648756.2001836,11583353,2965338368,2965.338368,159,96,151,5,20250716_155355
1752648756.2101676,11583392,2965348352,2965.348352,164,96,157,5,20250716_155355
1752648756.2201517,11583431,2965358336,2965.358336,169,95,161,5,20250716_155355
1752648756.2301357,11583470,2965368320,2965.36832,174,91,164,5,20250716_155355
1752648756.2401197,11583509,2965378304,2965.378304,179,87,167,5,20250716_155355
1752648756.2501037,11583548,2965388288,2965.388288,185,85,168,5,20250716_155355
1752648756.2603438,11583588,2965398528,2965.398528,190,84,168,5,20250716_155355
1752648756.2703278,11583627,2965408512,2965.408512,194,85,168,5,20250716_155355
1752648756.2803116,11583666,2965418496,2965.418496,199,86,168,5,20250716_155355
1752648756.2902956,11583705,2965428480,2965.42848,204,86,168,5,20250716_155355
1752648756.3002796,11583744,2965438464,2965.438464,208,87,169,5,20250716_155355
1752648756.3102636,11583783,2965448448,2965.448448,212,88,168,5,20250716_155355
1752648756.3202477,11583822,2965458432,2965.458432,216,90,169,5,20250716_155355
1752648756.3302317,11583861,2965468416,2965.468416,220,93,169,5,20250716_155355
1752648756.3402157,11583900,2965478400,2965.4784,223,94,169,5,20250716_155355
1752648756.3501997,11583939,2965488384,2965.488384,227,103,170,5,20250716_155355
1752648756.3601837,11583978,2965498368,2965.498368,230,99,170,5,20250716_155355
1752648756.3701675,11584017,2965508352,2965.508352,233,103,169,5,20250716_155355
1752648756.3801515,11584056,2965518336,2965.518336,236,98,170,5,20250716_155355
1752648756.3901358,11584095,2965528320,2965.52832,239,94,169,5,20250716_155355
1752648756.4001198,11584134,2965538304,2965.538304,241,96,169,5,20250716_155355
1752648756.4103596,11584174,2965548544,2965.548544,244,101,169,5,20250716_155355
1752648756.4203436,11584213,2965558528,2965.558528,246,110,168,5,20250716_155355
1752648756.4303277,11584252,2965568512,2965.568512,249,102,170,5,20250716_155355
1752648756.4403117,11584291,2965578496,2965.578496,251,94,170,5,20250716_155355
1752648756.4502957,11584330,2965588480,2965.58848,253,89,170,5,20250716_155355
1752648756.4602797,11584369,2965598464,2965.598464,1,89,170,5,20250716_155355
1752648756.4702635,11584408,2965608448,2965.608448,3,97,171,5,20250716_155355
1752648756.4802475,11584447,2965618432,2965.618432,5,104,170,5,20250716_155355
1752648756.4902318,11584486,2965628416,2965.628416,7,112,170,5,20250716_155355
1752648756.5002158,11584525,2965638400,2965.6384,9,103,170,5,20250716_155355
1752648756.5101998,11584564,2965648384,2965.648384,11,105,170,5,20250716_155355
1752648756.5201838,11584603,2965658368,2965.658368,13,112,169,5,20250716_155355
1752648756.5301676,11584642,2965668352,2965.668352,14,117,170,5,20250716_155355
1752648756.5401516,11584681,2965678336,2965.678336,16,113,169,5,20250716_155355
1752648756.5501356,11584720,2965688320,2965.68832,18,108,169,5,20250716_155355
1752648756.5603757,11584760,2965698560,2965.69856,20,108,168,5,20250716_155355
1752648756.5703597,11584799,2965708544,2965.708544,22,107,167,5,20250716_155355
1752648756.5803435,11584838,2965718528,2965.718528,24,106,166,5,20250716_155355
1752648756.5903275,11584877,2965728512,2965.728512,27,100,164,5,20250716_155355
1752648756.6003118,11584916,2965738496,2965.738496,30,97,162,5,20250716_155355
1752648756.6102958,11584955,2965748480,2965.74848,32,105,160,5,20250716_155355
1752648756.6202798,11584994,2965758464,2965.758464,36,95,157,5,20250716_155355
1752648756.6302638,11585033,2965768448,2965.768448,39,88,156,5,20250716_155355
1752648756.6402476,11585072,2965778432,2965.778432,43,86,154,5,20250716_155355
1752648756.6502316,11585111,2965788416,2965.788416,46,88,151,5,20250716_155355
1752648756.6602156,11585150,2965798400,2965.7984,51,93,148,5,20250716_155355
1752648756.6701996,11585189,2965808384,2965.808384,55,91,145,5,20250716_155355
1752648756.6801836,11585228,2965818368,2965.818368,59,87,144,5,20250716_155355
1752648756.6901677,11585267,2965828352,2965.828352,64,80,140,5,20250716_155355
1752648756.7004075,11585307,2965838592,2965.838592,69,75,136,5,20250716_155355
1752648756.7103918,11585346,2965848576,2965.848576,73,72,131,5,20250716_155355
1752648756.7203758,11585385,2965858560,2965.85856,78,73,128,5,20250716_155355
1752648756.7303598,11585424,2965868544,2965.868544,82,74,126,5,20250716_155355
1752648756.7403438,11585463,2965878528,2965.878528,86,72,122,5,20250716_155355
1752648756.7503276,11585502,2965888512,2965.888512,90,68,118,5,20250716_155355
1752648756.7603116,11585541,2965898496,2965.898496,94,66,114,5,20250716_155355
1752648756.7702956,11585580,2965908480,2965.90848,97,65,112,5,20250716_155355
1752648756.7802796,11585619,2965918464,2965.918464,100,66,110,5,20250716_155355
1752648756.7902637,11585658,2965928448,2965.928448,104,65,109,5,20250716_155355
1752648756.8002477,11585697,2965938432,2965.938432,107,64,107,5,20250716_155355
1752648756.8102317,11585736,2965948416,2965.948416,109,63,107,5,20250716_155355
1752648756.8202157,11585775,2965958400,2965.9584,112,66,106,5,20250716_155355
1752648756.8301997,11585814,2965968384,2965.968384,115,67,105,5,20250716_155355
1752648756.8401835,11585853,2965978368,2965.978368,117,69,105,5,20250716_155355
1752648756.8504236,11585893,2965988608,2965.988608,120,71,106,5,20250716_155355
1752648756.8604076,11585932,2965998592,2965.998592,122,72,106,5,20250716_155355
1752648756.8703916,11585971,2966008576,2966.008576,124,73,107,5,20250716_155355
1752648756.8803756,11586010,2966018560,2966.01856,127,71,108,5,20250716_155355
1752648756.8903596,11586049,2966028544,2966.028544,129,69,109,5,20250716_155355
1752648756.9003437,11586088,2966038528,2966.038528,131,68,110,5,20250716_155355
1752648756.9103277,11586127,2966048512,2966.048512,133,68,110,5,20250716_155355
1752648756.9203117,11586166,2966058496,2966.058496,135,68,112,5,20250716_155355
1752648756.9302957,11586205,2966068480,2966.06848,137,68,112,5,20250716_155355
1752648756.9402795,11586244,2966078464,2966.078464,139,68,113,5,20250716_155355
1752648756.9502635,11586283,2966088448,2966.088448,141,68,112,5,20250716_155355
1752648756.9602478,11586322,2966098432,2966.098432,143,68,113,5,20250716_155355
1752648756.9702318,11586361,2966108416,2966.108416,144,69,114,5,20250716_155355
1752648756.9802158,11586400,2966118400,2966.1184,146,68,114,5,20250716_155355
1752648756.9904556,11586440,2966128640,2966.12864,148,68,114,5,20250716_155355
1752648757.0004396,11586479,2966138624,2966.138624,150,68,116,5,20250716_155355
1752648757.0104237,11586518,2966148608,2966.148608,152,69,117,5,20250716_155355
1752648757.0204077,11586557,2966158592,2966.158592,154,70,119,5,20250716_155355
1752648757.0303917,11586596,2966168576,2966.168576,157,70,120,5,20250716_155355
1752648757.0403757,11586635,2966178560,2966.17856,159,70,122,5,20250716_155355
1752648757.0503595,11586674,2966188544,2966.188544,162,68,125,5,20250716_155355
1752648757.0603435,11586713,2966198528,2966.198528,164,68,127,5,20250716_155355
1752648757.0703278,11586752,2966208512,2966.208512,167,67,129,5,20250716_155355
1752648757.0803118,11586791,2966218496,2966.218496,170,65,132,5,20250716_155355
1752648757.0902958,11586830,2966228480,2966.22848,174,66,137,5,20250716_155355
1752648757.1002798,11586869,2966238464,2966.238464,178,68,144,5,20250716_155355
1752648757.1102636,11586908,2966248448,2966.248448,182,68,150,5,20250716_155355
1752648757.1202476,11586947,2966258432,2966.258432,186,69,157,5,20250716_155355
1752648757.1304877,11586987,2966268672,2966.268672,191,69,162,5,20250716_155355
1752648757.1404717,11587026,2966278656,2966.278656,196,69,165,5,20250716_155355
1752648757.1504557,11587065,2966288640,2966.28864,200,70,166,5,20250716_155355
1752648757.1604395,11587104,2966298624,2966.298624,205,71,166,5,20250716_155355
1752648757.1704235,11587143,2966308608,2966.308608,209,72,166,5,20250716_155355
1752648757.1804078,11587182,2966318592,2966.318592,213,72,166,5,20250716_155355
1752648757.1903918,11587221,2966328576,2966.328576,217,73,168,5,20250716_155355
1752648757.2003758,11587260,2966338560,2966.33856,220,73,168,5,20250716_155355
1752648757.2103596,11587299,2966348544,2966.348544,224,74,168,5,20250716_155355
1752648757.2203436,11587338,2966358528,2966.358528,227,79,168,5,20250716_155355
1752648757.2303276,11587377,2966368512,2966.368512,231,77,168,5,20250716_155355
1752648757.2403116,11587416,2966378496,2966.378496,234,77,168,5,20250716_155355
1752648757.2502956,11587455,2966388480,2966.38848,237,86,169,5,20250716_155355
1752648757.2602797,11587494,2966398464,2966.398464,239,78,169,5,20250716_155355
1752648757.2702637,11587533,2966408448,2966.408448,242,76,168,5,20250716_155355
1752648757.2805035,11587573,2966418688,2966.418688,245,76,168,5,20250716_155355
1752648757.2904878,11587612,2966428672,2966.428672,247,78,170,5,20250716_155355
1752648757.3004718,11587651,2966438656,2966.438656,250,78,168,5,20250716_155355
1752648757.3104558,11587690,2966448640,2966.44864,252,74,169,5,20250716_155355
1752648757.3204396,11587729,2966458624,2966.458624,254,69,169,5,20250716_155355
1752648757.3304236,11587768,2966468608,2966.468608,1,66,169,5,20250716_155355
1752648757.3404076,11587807,2966478592,2966.478592,3,64,169,5,20250716_155355
1752648757.3503916,11587846,2966488576,2966.488576,6,68,168,5,20250716_155355
1752648757.3603756,11587885,2966498560,2966.49856,8,69,167,5,20250716_155355
1752648757.3703597,11587924,2966508544,2966.508544,10,81,167,5,20250716_155355
1752648757.3803437,11587963,2966518528,2966.518528,12,70,166,5,20250716_155355
1752648757.3903277,11588002,2966528512,2966.528512,14,67,164,5,20250716_155355
1752648757.4003117,11588041,2966538496,2966.538496,16,69,163,5,20250716_155355
1752648757.4102955,11588080,2966548480,2966.54848,19,72,162,5,20250716_155355
1752648757.4202795,11588119,2966558464,2966.558464,21,71,160,5,20250716_155355
1752648757.4305196,11588159,2966568704,2966.568704,24,72,158,5,20250716_155355
1752648757.4405036,11588198,2966578688,2966.578688,27,71,155,5,20250716_155355
1752648757.4504876,11588237,2966588672,2966.588672,29,71,152,5,20250716_155355
1752648757.4604716,11588276,2966598656,2966.598656,33,70,149,5,20250716_155355
1752648757.4704556,11588315,2966608640,2966.60864,36,70,146,5,20250716_155355
1752648757.4804397,11588354,2966618624,2966.618624,40,70,144,5,20250716_155355
1752648757.4904237,11588393,2966628608,2966.628608,43,67,140,5,20250716_155355
1752648757.5004077,11588432,2966638592,2966.638592,47,69,136,5,20250716_155355
1752648757.5103917,11588471,2966648576,2966.648576,52,65,133,5,20250716_155355
1752648757.5203755,11588510,2966658560,2966.65856,56,69,130,5,20250716_155355
1752648757.5303595,11588549,2966668544,2966.668544,61,69,128,5,20250716_155355
1752648757.5403438,11588588,2966678528,2966.678528,65,67,127,5,20250716_155355
1752648757.5503278,11588627,2966688512,2966.688512,69,69,123,5,20250716_155355
1752648757.5603118,11588666,2966698496,2966.698496,74,64,119,5,20250716_155355
1752648757.5705516,11588706,2966708736,2966.708736,78,64,116,5,20250716_155355
1752648757.5805357,11588745,2966718720,2966.71872,82,66,113,5,20250716_155355
1752648757.5905197,11588784,2966728704,2966.728704,86,67,109,5,20250716_155355
1752648757.6005037,11588823,2966738688,2966.738688,90,68,107,5,20250716_155355
1752648757.6104877,11588862,2966748672,2966.748672,94,66,105,5,20250716_155355
1752648757.6204717,11588901,2966758656,2966.758656,97,64,103,5,20250716_155355
1752648757.6304555,11588940,2966768640,2966.76864,101,62,100,5,20250716_155355
1752648757.6404395,11588979,2966778624,2966.778624,104,59,100,5,20250716_155355
1752648757.6504238,11589018,2966788608,2966.788608,107,57,98,5,20250716_155355
1752648757.6604078,11589057,2966798592,2966.798592,110,57,97,5,20250716_155355
1752648757.6703918,11589096,2966808576,2966.808576,112,56,96,5,20250716_155355
1752648757.6803756,11589135,2966818560,2966.81856,115,57,96,5,20250716_155355
1752648757.6903596,11589174,2966828544,2966.828544,117,56,97,5,20250716_155355
1752648757.7003436,11589213,2966838528,2966.838528,120,55,97,5,20250716_155355
1752648757.7105837,11589253,2966848768,2966.848768,122,55,96,5,20250716_155355
1752648757.7205677,11589292,2966858752,2966.858752,125,58,98,5,20250716_155355
1752648757.7305515,11589331,2966868736,2966.868736,127,57,98,5,20250716_155355
1752648757.7405355,11589370,2966878720,2966.87872,129,56,98,5,20250716_155355
1752648757.7505198,11589409,2966888704,2966.888704,131,56,99,5,20250716_155355
1752648757.7605038,11589448,2966898688,2966.898688,133,56,99,5,20250716_155355
1752648757.7704878,11589487,2966908672,2966.908672,135,56,99,5,20250716_155355
1752648757.7804718,11589526,2966918656,2966.918656,137,56,100,5,20250716_155355
1752648757.7904556,11589565,2966928640,2966.92864,139,56,100,5,20250716_155355
1752648757.8004396,11589604,2966938624,2966.938624,141,57,101,5,20250716_155355
1752648757.8104236,11589643,2966948608,2966.948608,143,58,101,5,20250716_155355
1752648757.8204076,11589682,2966958592,2966.958592,144,59,102,5,20250716_155355
1752648757.8303916,11589721,2966968576,2966.968576,146,60,103,5,20250716_155355
1752648757.8403757,11589760,2966978560,2966.97856,148,61,105,5,20250716_155355
1752648757.8503597,11589799,2966988544,2966.988544,150,61,105,5,20250716_155355
1752648757.8605998,11589839,2966998784,2966.998784,152,62,106,5,20250716_155355
1752648757.8705838,11589878,2967008768,2967.008768,154,61,107,5,20250716_155355
1752648757.8805678,11589917,2967018752,2967.018752,156,60,109,5,20250716_155355
1752648757.8905518,11589956,2967028736,2967.028736,159,60,110,5,20250716_155355
1752648757.9005356,11589995,2967038720,2967.03872,161,59,112,5,20250716_155355
1752648757.9105196,11590034,2967048704,2967.048704,163,58,114,5,20250716_155355
1752648757.9205036,11590073,2967058688,2967.058688,166,58,115,5,20250716_155355
1752648757.9304876,11590112,2967068672,2967.068672,169,57,117,5,20250716_155355
1752648757.9404716,11590151,2967078656,2967.078656,172,56,120,5,20250716_155355
1752648757.9504557,11590190,2967088640,2967.08864,175,56,124,5,20250716_155355
1752648757.9604397,11590229,2967098624,2967.098624,178,55,127,5,20250716_155355
1752648757.9704237,11590268,2967108608,2967.108608,182,56,131,5,20250716_155355
1752648757.9804077,11590307,2967118592,2967.118592,185,56,137,5,20250716_155355
1752648757.9903915,11590346,2967128576,2967.128576,189,57,147,5,20250716_155355
1752648758.0006318,11590386,2967138816,2967.138816,194,57,154,5,20250716_155355
1752648758.0106156,11590425,2967148800,2967.1488,198,56,160,5,20250716_155355
1752648758.0205996,11590464,2967158784,2967.158784,203,57,164,5,20250716_155355
1752648758.0305836,11590503,2967168768,2967.168768,207,57,164,5,20250716_155355
1752648758.0405676,11590542,2967178752,2967.178752,211,57,165,5,20250716_155355
1752648758.0505517,11590581,2967188736,2967.188736,215,59,165,5,20250716_155355
1752648758.0605357,11590620,2967198720,2967.19872,219,60,166,5,20250716_155355
1752648758.0705197,11590659,2967208704,2967.208704,222,61,166,5,20250716_155355
1752648758.0805037,11590698,2967218688,2967.218688,226,61,167,5,20250716_155355
1752648758.0904877,11590737,2967228672,2967.228672,229,60,167,5,20250716_155355
1752648758.1004715,11590776,2967238656,2967.238656,232,63,167,5,20250716_155355
1752648758.1104558,11590815,2967248640,2967.24864,235,61,168,5,20250716_155355
1752648758.1204398,11590854,2967258624,2967.258624,238,63,167,5,20250716_155355
1752648758.1304238,11590893,2967268608,2967.268608,241,58,168,5,20250716_155355
1752648758.1404078,11590932,2967278592,2967.278592,244,61,168,5,20250716_155355
1752648758.1506476,11590972,2967288832,2967.288832,246,69,168,5,20250716_155355
1752648758.1606317,11591011,2967298816,2967.298816,249,64,168,5,20250716_155355
1752648758.1706157,11591050,2967308800,2967.3088,251,63,168,5,20250716_155355
1752648758.1805997,11591089,2967318784,2967.318784,253,64,168,5,20250716_155355
1752648758.1905837,11591128,2967328768,2967.328768,1,62,168,5,20250716_155355
1752648758.2005675,11591167,2967338752,2967.338752,3,64,167,5,20250716_155355
1752648758.2105515,11591206,2967348736,2967.348736,5,62,167,5,20250716_155355
1752648758.2205358,11591245,2967358720,2967.35872,7,61,167,5,20250716_155355
1752648758.2305198,11591284,2967368704,2967.368704,9,61,166,5,20250716_155355
1752648758.2405038,11591323,2967378688,2967.378688,11,60,164,5,20250716_155355
1752648758.2504878,11591362,2967388672,2967.388672,13,62,164,5,20250716_155355
1752648758.2604716,11591401,2967398656,2967.398656,16,62,163,5,20250716_155355
1752648758.2704556,11591440,2967408640,2967.40864,18,62,162,5,20250716_155355
1752648758.2804396,11591479,2967418624,2967.418624,20,62,161,5,20250716_155355
1752648758.2904236,11591518,2967428608,2967.428608,23,61,159,5,20250716_155355
1752648758.3006637,11591558,2967438848,2967.438848,25,62,157,5,20250716_155355
1752648758.3106475,11591597,2967448832,2967.448832,28,62,154,5,20250716_155355
1752648758.3206315,11591636,2967458816,2967.458816,31,61,150,5,20250716_155355
1752648758.3306158,11591675,2967468800,2967.4688,34,57,146,5,20250716_155355
1752648758.3405998,11591714,2967478784,2967.478784,37,59,143,5,20250716_155355
1752648758.3505838,11591753,2967488768,2967.488768,41,57,140,5,20250716_155355
1752648758.3605678,11591792,2967498752,2967.498752,44,58,136,5,20250716_155355
1752648758.3705516,11591831,2967508736,2967.508736,48,58,134,5,20250716_155355
1752648758.3805356,11591870,2967518720,2967.51872,52,60,129,5,20250716_155355
1752648758.3905196,11591909,2967528704,2967.528704,56,63,127,5,20250716_155355
1752648758.4005036,11591948,2967538688,2967.538688,61,64,126,5,20250716_155355
1752648758.4104877,11591987,2967548672,2967.548672,65,65,122,5,20250716_155355
1752648758.4204717,11592026,2967558656,2967.558656,69,65,118,5,20250716_155355
1752648758.4304557,11592065,2967568640,2967.56864,73,68,114,5,20250716_155355
1752648758.4406958,11592105,2967578880,2967.57888,78,69,110,5,20250716_155355
1752648758.4506798,11592144,2967588864,2967.588864,82,68,107,5,20250716_155355
1752648758.4606638,11592183,2967598848,2967.598848,86,68,105,5,20250716_155355
1752648758.4706476,11592222,2967608832,2967.608832,90,68,103,5,20250716_155355
1752648758.4806316,11592261,2967618816,2967.618816,93,65,100,5,20250716_155355
1752648758.4906156,11592300,2967628800,2967.6288,97,64,99,5,20250716_155355
1752648758.5005996,11592339,2967638784,2967.638784,100,61,98,5,20250716_155355
1752648758.5105836,11592378,2967648768,2967.648768,103,59,97,5,20250716_155355
1752648758.5205677,11592417,2967658752,2967.658752,106,59,95,5,20250716_155355
1752648758.5305517,11592456,2967668736,2967.668736,109,59,93,5,20250716_155355
1752648758.5405357,11592495,2967678720,2967.67872,112,60,94,5,20250716_155355
1752648758.5505197,11592534,2967688704,2967.688704,115,59,94,5,20250716_155355
1752648758.5605035,11592573,2967698688,2967.698688,117,57,92,5,20250716_155355
1752648758.5704875,11592612,2967708672,2967.708672,120,55,92,5,20250716_155355
1752648758.5807276,11592652,2967718912,2967.718912,122,55,93,5,20250716_155355
1752648758.5907116,11592691,2967728896,2967.728896,124,54,94,5,20250716_155355
1752648758.6006956,11592730,2967738880,2967.73888,127,54,94,5,20250716_155355
1752648758.6106796,11592769,2967748864,2967.748864,129,54,95,5,20250716_155355
1752648758.6206636,11592808,2967758848,2967.758848,131,53,96,5,20250716_155355
1752648758.6306477,11592847,2967768832,2967.768832,133,52,96,5,20250716_155355
1752648758.6406317,11592886,2967778816,2967.778816,135,54,97,5,20250716_155355
1752648758.6506157,11592925,2967788800,2967.7888,137,53,98,5,20250716_155355
1752648758.6605997,11592964,2967798784,2967.798784,139,54,98,5,20250716_155355
1752648758.6705835,11593003,2967808768,2967.808768,141,54,100,5,20250716_155355
1752648758.6805675,11593042,2967818752,2967.818752,143,54,100,5,20250716_155355
1752648758.6905518,11593081,2967828736,2967.828736,145,55,101,5,20250716_155355
1752648758.7005358,11593120,2967838720,2967.83872,147,57,102,5,20250716_155355
1752648758.7105198,11593159,2967848704,2967.848704,149,57,102,5,20250716_155355
1752648758.7205038,11593198,2967858688,2967.858688,151,55,103,5,20250716_155355
1752648758.7307436,11593238,2967868928,2967.868928,153,53,104,5,20250716_155355
1752648758.7407277,11593277,2967878912,2967.878912,156,53,106,5,20250716_155355
1752648758.7507117,11593316,2967888896,2967.888896,158,54,107,5,20250716_155355
1752648758.7606957,11593355,2967898880,2967.89888,160,55,108,5,20250716_155355
1752648758.7706797,11593394,2967908864,2967.908864,163,57,111,5,20250716_155355
1752648758.7806635,11593433,2967918848,2967.918848,166,58,112,5,20250716_155355
1752648758.7906475,11593472,2967928832,2967.928832,168,58,115,5,20250716_155355
1752648758.8006318,11593511,2967938816,2967.938816,171,59,117,5,20250716_155355
1752648758.8106158,11593550,2967948800,2967.9488,175,59,121,5,20250716_155355
1752648758.8205998,11593589,2967958784,2967.958784,178,59,125,5,20250716_155355
1752648758.8305836,11593628,2967968768,2967.968768,182,58,128,5,20250716_155355
1752648758.8405676,11593667,2967978752,2967.978752,185,57,136,5,20250716_155355
1752648758.8505516,11593706,2967988736,2967.988736,190,57,146,5,20250716_155355
1752648758.8605356,11593745,2967998720,2967.99872,194,55,155,5,20250716_155355
1752648758.8707757,11593785,2968008960,2968.00896,199,54,161,5,20250716_155355
1752648758.8807597,11593824,2968018944,2968.018944,203,54,164,5,20250716_155355
1752648758.8907435,11593863,2968028928,2968.028928,207,55,163,5,20250716_155355
1752648758.9007275,11593902,2968038912,2968.038912,211,56,166,5,20250716_155355
1752648758.9107118,11593941,2968048896,2968.048896,215,57,165,5,20250716_155355
1752648758.9206958,11593980,2968058880,2968.05888,219,60,166,5,20250716_155355
1752648758.9306798,11594019,2968068864,2968.068864,223,60,166,5,20250716_155355
1752648758.9406636,11594058,2968078848,2968.078848,226,61,166,5,20250716_155355
1752648758.9506476,11594097,2968088832,2968.088832,229,59,167,5,20250716_155355
1752648758.9606316,11594136,2968098816,2968.098816,232,56,167,5,20250716_155355
1752648758.9706156,11594175,2968108800,2968.1088,235,57,167,5,20250716_155355
1752648758.9805996,11594214,2968118784,2968.118784,238,57,168,5,20250716_155355
1752648758.9905837,11594253,2968128768,2968.128768,241,57,167,5,20250716_155355
1752648759.0005677,11594292,2968138752,2968.138752,244,59,167,5,20250716_155355
1752648759.0108078,11594332,2968148992,2968.148992,246,65,167,5,20250716_155355
1752648759.0207918,11594371,2968158976,2968.158976,249,66,167,5,20250716_155355
1752648759.0307758,11594410,2968168960,2968.16896,251,64,167,5,20250716_155355
1752648759.0407598,11594449,2968178944,2968.178944,253,66,167,5,20250716_155355
1752648759.0507436,11594488,2968188928,2968.188928,0,68,167,5,20250716_155355
1752648759.0607276,11594527,2968198912,2968.198912,2,69,167,5,20250716_155355
1752648759.0707116,11594566,2968208896,2968.208896,4,63,167,5,20250716_155355
1752648759.0806956,11594605,2968218880,2968.21888,7,61,167,5,20250716_155355
1752648759.0906796,11594644,2968228864,2968.228864,9,60,166,5,20250716_155355
1752648759.1006637,11594683,2968238848,2968.238848,11,58,166,5,20250716_155355
1752648759.1106477,11594722,2968248832,2968.248832,13,57,164,5,20250716_155355
1752648759.1206317,11594761,2968258816,2968.258816,15,56,163,5,20250716_155355
1752648759.1306157,11594800,2968268800,2968.2688,17,57,162,5,20250716_155355
1752648759.1405995,11594839,2968278784,2968.278784,19,57,160,5,20250716_155355
1752648759.1505835,11594878,2968288768,2968.288768,21,60,158,5,20250716_155355
1752648759.1608236,11594918,2968299008,2968.299008,24,62,156,5,20250716_155355
1752648759.1708076,11594957,2968308992,2968.308992,26,61,152,5,20250716_155355
1752648759.1807916,11594996,2968318976,2968.318976,29,60,150,5,20250716_155355
1752648759.1907756,11595035,2968328960,2968.32896,32,59,146,5,20250716_155355
1752648759.2007596,11595074,2968338944,2968.338944,35,59,144,5,20250716_155355
1752648759.2107437,11595113,2968348928,2968.348928,39,58,142,5,20250716_155355
1752648759.2207277,11595152,2968358912,2968.358912,42,57,138,5,20250716_155355
1752648759.2307117,11595191,2968368896,2968.368896,46,59,136,5,20250716_155355
1752648759.2406957,11595230,2968378880,2968.37888,49,61,132,5,20250716_155355
1752648759.2506795,11595269,2968388864,2968.388864,53,62,129,5,20250716_155355
1752648759.2606635,11595308,2968398848,2968.398848,57,67,128,5,20250716_155355
1752648759.2706478,11595347,2968408832,2968.408832,61,65,127,5,20250716_155355
1752648759.2806318,11595386,2968418816,2968.418816,65,65,122,5,20250716_155355
1752648759.2906158,11595425,2968428800,2968.4288,70,66,119,5,20250716_155355
1752648759.3005996,11595464,2968438784,2968.438784,74,68,115,5,20250716_155355
1752648759.3108397,11595504,2968449024,2968.449024,78,68,112,5,20250716_155355
1752648759.3208237,11595543,2968459008,2968.459008,82,68,109,5,20250716_155355
1752648759.3308077,11595582,2968468992,2968.468992,86,70,107,5,20250716_155355
1752648759.3407917,11595621,2968478976,2968.478976,90,71,104,5,20250716_155355
1752648759.3507757,11595660,2968488960,2968.48896,93,71,103,5,20250716_155355
1752648759.3607595,11595699,2968498944,2968.498944,97,71,100,5,20250716_155355
1752648759.3707438,11595738,2968508928,2968.508928,100,70,98,5,20250716_155355
1752648759.3807278,11595777,2968518912,2968.518912,103,68,97,5,20250716_155355
1752648759.3907118,11595816,2968528896,2968.528896,107,67,95,5,20250716_155355
1752648759.4006958,11595855,2968538880,2968.53888,109,65,94,5,20250716_155355
1752648759.4109356,11595895,2968549120,2968.54912,112,64,92,5,20250716_155355
1752648759.4209197,11595934,2968559104,2968.559104,115,63,92,5,20250716_155355
1752648759.4309037,11595973,2968569088,2968.569088,117,63,92,5,20250716_155355
1752648759.4408877,11596012,2968579072,2968.579072,120,61,92,5,20250716_155355
1752648759.4508717,11596051,2968589056,2968.589056,122,60,93,5,20250716_155355
1752648759.4608555,11596090,2968599040,2968.59904,124,59,93,5,20250716_155355
1752648759.4708395,11596129,2968609024,2968.609024,127,57,94,5,20250716_155355
1752648759.4808238,11596168,2968619008,2968.619008,129,55,94,5,20250716_155355
1752648759.4910636,11596208,2968629248,2968.629248,131,55,95,5,20250716_155355
1752648759.5010476,11596247,2968639232,2968.639232,133,55,96,5,20250716_155355
1752648759.5110316,11596286,2968649216,2968.649216,135,56,97,5,20250716_155355
1752648759.5210156,11596325,2968659200,2968.6592,137,57,98,5,20250716_155355
1752648759.5309997,11596364,2968669184,2968.669184,139,58,99,5,20250716_155355
1752648759.5409837,11596403,2968679168,2968.679168,141,58,100,5,20250716_155355
1752648759.5509677,11596442,2968689152,2968.689152,143,57,100,5,20250716_155355
1752648759.5612078,11596482,2968699392,2968.699392,146,58,101,5,20250716_155355
1752648759.5711918,11596521,2968709376,2968.709376,148,58,102,5,20250716_155355
1752648759.5811758,11596560,2968719360,2968.71936,150,58,103,5,20250716_155355
1752648759.5911596,11596599,2968729344,2968.729344,152,59,105,5,20250716_155355
1752648759.6011436,11596638,2968739328,2968.739328,155,60,106,5,20250716_155355
1752648759.6111276,11596677,2968749312,2968.749312,157,61,108,5,20250716_155355
1752648759.6211116,11596716,2968759296,2968.759296,160,60,110,5,20250716_155355
1752648759.6310956,11596755,2968769280,2968.76928,162,60,112,5,20250716_155355
1752648759.6413355,11596795,2968779520,2968.77952,165,59,116,5,20250716_155355
1752648759.6513195,11596834,2968789504,2968.789504,168,59,118,5,20250716_155355
1752648759.6613038,11596873,2968799488,2968.799488,172,60,123,5,20250716_155355
1752648759.6712878,11596912,2968809472,2968.809472,175,59,127,5,20250716_155355
1752648759.6812718,11596951,2968819456,2968.819456,179,58,133,5,20250716_155355
1752648759.6912558,11596990,2968829440,2968.82944,183,57,146,5,20250716_155355
1752648759.7014956,11597030,2968839680,2968.83968,188,57,155,5,20250716_155355
1752648759.7114797,11597069,2968849664,2968.849664,193,56,162,5,20250716_155355
1752648759.7214637,11597108,2968859648,2968.859648,197,57,163,5,20250716_155355
1752648759.7314477,11597147,2968869632,2968.869632,202,56,163,5,20250716_155355
1752648759.7414317,11597186,2968879616,2968.879616,206,58,164,5,20250716_155355
1752648759.7514155,11597225,2968889600,2968.8896,211,61,165,5,20250716_155355
1752648759.7613995,11597264,2968899584,2968.899584,215,62,165,5,20250716_155355
1752648759.7713838,11597303,2968909568,2968.909568,218,61,166,5,20250716_155355
1752648759.7816236,11597343,2968919808,2968.919808,222,59,166,5,20250716_155355
1752648759.7916076,11597382,2968929792,2968.929792,225,58,166,5,20250716_155355
1752648759.8015916,11597421,2968939776,2968.939776,229,57,167,5,20250716_155355
1752648759.8115757,11597460,2968949760,2968.94976,232,58,168,5,20250716_155355
1752648759.8215597,11597499,2968959744,2968.959744,235,59,167,5,20250716_155355
1752648759.8315437,11597538,2968969728,2968.969728,238,63,167,5,20250716_155355
1752648759.8415277,11597577,2968979712,2968.979712,240,60,167,5,20250716_155355
1752648759.8515117,11597616,2968989696,2968.989696,243,71,167,5,20250716_155355
1752648759.8617518,11597656,2968999936,2968.999936,246,61,167,5,20250716_155355
1752648759.8717356,11597695,2969009920,2969.00992,248,61,166,5,20250716_155355
1752648759.8817196,11597734,2969019904,2969.019904,250,69,166,5,20250716_155355
1752648759.8917036,11597773,2969029888,2969.029888,253,71,164,5,20250716_155355
1752648759.9016876,11597812,2969039872,2969.039872,0,71,167,5,20250716_155355
1752648759.9116716,11597851,2969049856,2969.049856,2,71,166,5,20250716_155355
1752648759.9216557,11597890,2969059840,2969.05984,4,67,166,5,20250716_155355
1752648759.9316397,11597929,2969069824,2969.069824,6,66,165,5,20250716_155355
1752648759.9416237,11597968,2969079808,2969.079808,8,64,163,5,20250716_155355
1752648759.9516077,11598007,2969089792,2969.089792,11,64,162,5,20250716_155355
1752648759.9615915,11598046,2969099776,2969.099776,13,63,161,5,20250716_155355
1752648759.9715755,11598085,2969109760,2969.10976,15,65,160,5,20250716_155355
1752648759.9815598,11598124,2969119744,2969.119744,17,68,158,5,20250716_155355
1752648759.9917996,11598164,2969129984,2969.129984,20,71,156,5,20250716_155355
1752648760.0017836,11598203,2969139968,2969.139968,22,73,153,5,20250716_155355
1752648760.0117676,11598242,2969149952,2969.149952,25,72,151,5,20250716_155355
1752648760.0217516,11598281,2969159936,2969.159936,28,69,147,5,20250716_155355
1752648760.0317357,11598320,2969169920,2969.16992,31,66,144,5,20250716_155355
1752648760.0417197,11598359,2969179904,2969.179904,34,65,140,5,20250716_155355
1752648760.0517037,11598398,2969189888,2969.189888,37,67,138,5,20250716_155355
1752648760.0616877,11598437,2969199872,2969.199872,41,69,134,5,20250716_155355
1752648760.0716715,11598476,2969209856,2969.209856,45,70,131,5,20250716_155355
1752648760.0816555,11598515,2969219840,2969.21984,49,69,127,5,20250716_155355
1752648760.0916398,11598554,2969229824,2969.229824,53,61,126,5,20250716_155355
1752648760.1016238,11598593,2969239808,2969.239808,57,68,123,5,20250716_155355
1752648760.1116078,11598632,2969249792,2969.249792,61,75,120,5,20250716_155355
1752648760.1215918,11598671,2969259776,2969.259776,65,66,115,5,20250716_155355
1752648760.1318316,11598711,2969270016,2969.270016,70,62,111,5,20250716_155355
1752648760.1418157,11598750,2969280000,2969.28,74,63,108,5,20250716_155355
1752648760.1517997,11598789,2969289984,2969.289984,78,65,105,5,20250716_155355
1752648760.1617837,11598828,2969299968,2969.299968,82,66,103,5,20250716_155355
1752648760.1717677,11598867,2969309952,2969.309952,86,67,100,5,20250716_155355
1752648760.1817515,11598906,2969319936,2969.319936,90,69,99,5,20250716_155355
1752648760.1917355,11598945,2969329920,2969.32992,94,70,96,5,20250716_155355
1752648760.2017198,11598984,2969339904,2969.339904,97,70,95,5,20250716_155355
1752648760.2117038,11599023,2969349888,2969.349888,100,70,93,5,20250716_155355
1752648760.2216878,11599062,2969359872,2969.359872,104,70,91,5,20250716_155355
1752648760.2316718,11599101,2969369856,2969.369856,107,69,92,5,20250716_155355
1752648760.2416556,11599140,2969379840,2969.37984,110,69,92,5,20250716_155355
1752648760.2516396,11599179,2969389824,2969.389824,112,70,94,5,20250716_155355
1752648760.2616236,11599218,2969399808,2969.399808,115,69,93,5,20250716_155355
1752648760.2718637,11599258,2969410048,2969.410048,117,67,94,5,20250716_155355
1752648760.2818477,11599297,2969420032,2969.420032,120,64,95,5,20250716_155355
1752648760.2918315,11599336,2969430016,2969.430016,122,62,96,5,20250716_155355
1752648760.3018155,11599375,2969440000,2969.44,125,61,96,5,20250716_155355
1752648760.3117998,11599414,2969449984,2969.449984,127,62,97,5,20250716_155355
1752648760.3217838,11599453,2969459968,2969.459968,129,63,98,5,20250716_155355
1752648760.3317678,11599492,2969469952,2969.469952,132,63,99,5,20250716_155355
1752648760.3417516,11599531,2969479936,2969.479936,134,61,100,5,20250716_155355
1752648760.3517356,11599570,2969489920,2969.48992,136,60,101,5,20250716_155355
1752648760.3617196,11599609,2969499904,2969.499904,138,57,102,5,20250716_155355
1752648760.3717036,11599648,2969509888,2969.509888,141,56,103,5,20250716_155355
1752648760.3816876,11599687,2969519872,2969.519872,143,55,104,5,20250716_155355
1752648760.3916717,11599726,2969529856,2969.529856,146,56,106,5,20250716_155355
1752648760.4016557,11599765,2969539840,2969.53984,148,56,108,5,20250716_155355
1752648760.4118958,11599805,2969550080,2969.55008,151,55,110,5,20250716_155355
1752648760.4218798,11599844,2969560064,2969.560064,154,55,112,5,20250716_155355
1752648760.4318638,11599883,2969570048,2969.570048,156,55,114,5,20250716_155355
1752648760.4418478,11599922,2969580032,2969.580032,160,54,117,5,20250716_155355
1752648760.4518316,11599961,2969590016,2969.590016,163,54,120,5,20250716_155355
1752648760.4618156,11600000,2969600000,2969.6,166,54,125,5,20250716_155355
1752648760.4717996,11600039,2969609984,2969.609984,170,54,127,5,20250716_155355
1752648760.4817836,11600078,2969619968,2969.619968,174,55,134,5,20250716_155355
1752648760.4917676,11600117,2969629952,2969.629952,178,55,142,5,20250716_155355
1752648760.5017517,11600156,2969639936,2969.639936,182,54,151,5,20250716_155355
1752648760.5117357,11600195,2969649920,2969.64992,187,55,158,5,20250716_155355
1752648760.5219758,11600235,2969660160,2969.66016,192,55,162,5,20250716_155355
1752648760.5319598,11600274,2969670144,2969.670144,197,56,163,5,20250716_155355
1752648760.5419438,11600313,2969680128,2969.680128,201,59,163,5,20250716_155355
1752648760.5519278,11600352,2969690112,2969.690112,206,62,164,5,20250716_155355
1752648760.5619116,11600391,2969700096,2969.700096,210,63,165,5,20250716_155355
1752648760.5718956,11600430,2969710080,2969.71008,214,64,166,5,20250716_155355
1752648760.5818796,11600469,2969720064,2969.720064,218,63,166,5,20250716_155355
1752648760.5918636,11600508,2969730048,2969.730048,221,63,166,5,20250716_155355
1752648760.6018476,11600547,2969740032,2969.740032,225,64,166,5,20250716_155355
1752648760.6118317,11600586,2969750016,2969.750016,228,64,167,5,20250716_155355
1752648760.6218157,11600625,2969760000,2969.76,231,63,167,5,20250716_155355
1752648760.6317997,11600664,2969769984,2969.769984,234,64,167,5,20250716_155355
1752648760.6417837,11600703,2969779968,2969.779968,237,67,167,5,20250716_155355
1752648760.6517675,11600742,2969789952,2969.789952,240,66,167,5,20250716_155355
1752648760.6617515,11600781,2969799936,2969.799936,243,69,167,5,20250716_155355
1752648760.6719916,11600821,2969810176,2969.810176,245,76,167,5,20250716_155355
1752648760.6819756,11600860,2969820160,2969.82016,248,69,167,5,20250716_155355
1752648760.6919596,11600899,2969830144,2969.830144,250,66,167,5,20250716_155355
1752648760.7019436,11600938,2969840128,2969.840128,252,67,168,5,20250716_155355
1752648760.7119277,11600977,2969850112,2969.850112,254,72,167,5,20250716_155355
1752648760.7219117,11601016,2969860096,2969.860096,1,69,167,5,20250716_155355
1752648760.7318957,11601055,2969870080,2969.87008,4,67,167,5,20250716_155355
1752648760.7418797,11601094,2969880064,2969.880064,6,70,166,5,20250716_155355
1752648760.7518637,11601133,2969890048,2969.890048,8,68,167,5,20250716_155355
1752648760.7618475,11601172,2969900032,2969.900032,10,65,166,5,20250716_155355
1752648760.7718318,11601211,2969910016,2969.910016,12,66,165,5,20250716_155355
1752648760.7818158,11601250,2969920000,2969.92,14,68,163,5,20250716_155355
1752648760.7917998,11601289,2969929984,2969.929984,16,71,162,5,20250716_155355
1752648760.8017838,11601328,2969939968,2969.939968,18,72,160,5,20250716_155355
1752648760.8120236,11601368,2969950208,2969.950208,20,75,158,5,20250716_155355
1752648760.8220077,11601407,2969960192,2969.960192,23,70,155,5,20250716_155355
1752648760.8319917,11601446,2969970176,2969.970176,25,69,152,5,20250716_155355
1752648760.8419757,11601485,2969980160,2969.98016,28,72,149,5,20250716_155355
1752648760.8519597,11601524,2969990144,2969.990144,31,73,145,5,20250716_155355
1752648760.8619435,11601563,2970000128,2970.000128,34,69,141,5,20250716_155355
1752648760.8719275,11601602,2970010112,2970.010112,37,65,138,5,20250716_155355
1752648760.8819118,11601641,2970020096,2970.020096,41,67,135,5,20250716_155355
1752648760.8918958,11601680,2970030080,2970.03008,45,69,130,5,20250716_155355
1752648760.9018798,11601719,2970040064,2970.040064,49,65,127,5,20250716_155355
1752648760.9118638,11601758,2970050048,2970.050048,53,68,125,5,20250716_155355
1752648760.9218476,11601797,2970060032,2970.060032,57,72,122,5,20250716_155355
1752648760.9318316,11601836,2970070016,2970.070016,61,70,119,5,20250716_155355
1752648760.9418156,11601875,2970080000,2970.08,65,71,114,5,20250716_155355
1752648760.9520557,11601915,2970090240,2970.09024,70,70,110,5,20250716_155355
1752648760.9620397,11601954,2970100224,2970.100224,74,72,107,5,20250716_155355
1752648760.9720235,11601993,2970110208,2970.110208,78,72,104,5,20250716_155355
1752648760.9820075,11602032,2970120192,2970.120192,83,71,100,5,20250716_155355
1752648760.9919918,11602071,2970130176,2970.130176,87,72,99,5,20250716_155355
1752648761.0019758,11602110,2970140160,2970.14016,90,70,97,5,20250716_155355
1752648761.0119598,11602149,2970150144,2970.150144,94,70,94,5,20250716_155355
1752648761.0219438,11602188,2970160128,2970.160128,97,71,93,5,20250716_155355
1752648761.0319276,11602227,2970170112,2970.170112,101,71,92,5,20250716_155355
1752648761.0419116,11602266,2970180096,2970.180096,104,72,91,5,20250716_155355
1752648761.0518956,11602305,2970190080,2970.19008,107,71,91,5,20250716_155355
1752648761.0618796,11602344,2970200064,2970.200064,110,69,93,5,20250716_155355
1752648761.0718637,11602383,2970210048,2970.210048,112,66,94,5,20250716_155355
1752648761.0818477,11602422,2970220032,2970.220032,115,64,94,5,20250716_155355
1752648761.0920875,11602462,2970230272,2970.230272,118,63,94,5,20250716_155355
1752648761.1020718,11602501,2970240256,2970.240256,120,63,95,5,20250716_155355
1752648761.1120558,11602540,2970250240,2970.25024,123,65,96,5,20250716_155355
1752648761.1220398,11602579,2970260224,2970.260224,125,64,97,5,20250716_155355
1752648761.1320236,11602618,2970270208,2970.270208,127,63,98,5,20250716_155355
1752648761.1420076,11602657,2970280192,2970.280192,130,61,98,5,20250716_155355
1752648761.1519916,11602696,2970290176,2970.290176,132,61,100,5,20250716_155355
1752648761.1619756,11602735,2970300160,2970.30016,134,59,101,5,20250716_155355
1752648761.1719596,11602774,2970310144,2970.310144,137,59,102,5,20250716_155355
1752648761.1819437,11602813,2970320128,2970.320128,139,59,103,5,20250716_155355
1752648761.1919277,11602852,2970330112,2970.330112,141,58,104,5,20250716_155355
1752648761.2019117,11602891,2970340096,2970.340096,144,57,106,5,20250716_155355
1752648761.2118957,11602930,2970350080,2970.35008,146,56,109,5,20250716_155355
1752648761.2218795,11602969,2970360064,2970.360064,149,55,110,5,20250716_155355
1752648761.2321198,11603009,2970370304,2970.370304,152,54,112,5,20250716_155355
1752648761.2421036,11603048,2970380288,2970.380288,155,53,115,5,20250716_155355
1752648761.2520876,11603087,2970390272,2970.390272,158,52,118,5,20250716_155355
1752648761.2620716,11603126,2970400256,2970.400256,161,51,122,5,20250716_155355
1752648761.2720556,11603165,2970410240,2970.41024,164,51,126,5,20250716_155355
1752648761.2820396,11603204,2970420224,2970.420224,168,51,127,5,20250716_155355
1752648761.2920237,11603243,2970430208,2970.430208,172,50,133,5,20250716_155355
1752648761.3020077,11603282,2970440192,2970.440192,176,51,140,5,20250716_155355
1752648761.3119917,11603321,2970450176,2970.450176,181,51,150,5,20250716_155355
1752648761.3219757,11603360,2970460160,2970.46016,185,52,156,5,20250716_155355
1752648761.3319595,11603399,2970470144,2970.470144,190,53,161,5,20250716_155355
1752648761.3419435,11603438,2970480128,2970.480128,195,54,163,5,20250716_155355
1752648761.3519278,11603477,2970490112,2970.490112,200,56,163,5,20250716_155355
1752648761.3619118,11603516,2970500096,2970.500096,204,58,164,5,20250716_155355
1752648761.3718958,11603555,2970510080,2970.51008,208,62,165,5,20250716_155355
1752648761.3821356,11603595,2970520320,2970.52032,213,64,166,5,20250716_155355
1752648761.3921196,11603634,2970530304,2970.530304,216,64,166,5,20250716_155355
1752648761.4021037,11603673,2970540288,2970.540288,220,62,166,5,20250716_155355
1752648761.4120877,11603712,2970550272,2970.550272,224,63,166,5,20250716_155355
1752648761.4220717,11603751,2970560256,2970.560256,227,68,166,5,20250716_155355
1752648761.4320557,11603790,2970570240,2970.57024,230,69,166,5,20250716_155355
1752648761.4420395,11603829,2970580224,2970.580224,233,72,167,5,20250716_155355
1752648761.4520235,11603868,2970590208,2970.590208,236,75,168,5,20250716_155355
1752648761.4620078,11603907,2970600192,2970.600192,239,75,167,5,20250716_155355
1752648761.4719918,11603946,2970610176,2970.610176,242,78,167,5,20250716_155355
1752648761.4819758,11603985,2970620160,2970.62016,244,77,167,5,20250716_155355
1752648761.4919596,11604024,2970630144,2970.630144,247,79,167,5,20250716_155355
1752648761.5019436,11604063,2970640128,2970.640128,249,81,167,5,20250716_155355
1752648761.5119276,11604102,2970650112,2970.650112,251,91,167,5,20250716_155355
1752648761.5219116,11604141,2970660096,2970.660096,254,96,167,5,20250716_155355
1752648761.5321517,11604181,2970670336,2970.670336,1,83,167,5,20250716_155355
1752648761.5421357,11604220,2970680320,2970.68032,3,75,167,5,20250716_155355
1752648761.5521195,11604259,2970690304,2970.690304,5,72,167,5,20250716_155355
1752648761.5621035,11604298,2970700288,2970.700288,7,70,167,5,20250716_155355
1752648761.5720878,11604337,2970710272,2970.710272,9,71,166,5,20250716_155355
1752648761.5820718,11604376,2970720256,2970.720256,11,75,166,5,20250716_155355
1752648761.5920558,11604415,2970730240,2970.73024,13,68,165,5,20250716_155355
1752648761.6020396,11604454,2970740224,2970.740224,15,67,163,5,20250716_155355
1752648761.6120236,11604493,2970750208,2970.750208,17,67,162,5,20250716_155355
1752648761.6220076,11604532,2970760192,2970.760192,19,66,160,5,20250716_155355
1752648761.6319916,11604571,2970770176,2970.770176,21,68,158,5,20250716_155355
1752648761.6419756,11604610,2970780160,2970.78016,24,66,155,5,20250716_155355
1752648761.6519597,11604649,2970790144,2970.790144,26,66,152,5,20250716_155355
1752648761.6619437,11604688,2970800128,2970.800128,29,64,148,5,20250716_155355
1752648761.6721838,11604728,2970810368,2970.810368,32,67,146,5,20250716_155355
1752648761.6821678,11604767,2970820352,2970.820352,35,75,142,5,20250716_155355
1752648761.6921518,11604806,2970830336,2970.830336,39,72,139,5,20250716_155355
1752648761.7021358,11604845,2970840320,2970.84032,42,67,136,5,20250716_155355
1752648761.7121196,11604884,2970850304,2970.850304,46,65,132,5,20250716_155355
1752648761.7221036,11604923,2970860288,2970.860288,50,64,127,5,20250716_155355
1752648761.7320876,11604962,2970870272,2970.870272,54,68,126,5,20250716_155355
1752648761.7420716,11605001,2970880256,2970.880256,58,75,123,5,20250716_155355
1752648761.7520556,11605040,2970890240,2970.89024,62,77,120,5,20250716_155355
1752648761.7620397,11605079,2970900224,2970.900224,66,79,116,5,20250716_155355
1752648761.7720237,11605118,2970910208,2970.910208,71,77,112,5,20250716_155355
1752648761.7820077,11605157,2970920192,2970.920192,75,74,109,5,20250716_155355
1752648761.7919917,11605196,2970930176,2970.930176,79,74,106,5,20250716_155355
1752648761.8019755,11605235,2970940160,2970.94016,83,73,103,5,20250716_155355
1752648761.8119595,11605274,2970950144,2970.950144,87,72,100,5,20250716_155355
1752648761.8221996,11605314,2970960384,2970.960384,91,70,98,5,20250716_155355
1752648761.8321836,11605353,2970970368,2970.970368,95,68,96,5,20250716_155355
1752648761.8421676,11605392,2970980352,2970.980352,98,68,95,5,20250716_155355
1752648761.8521516,11605431,2970990336,2970.990336,101,72,94,5,20250716_155355
1752648761.8621356,11605470,2971000320,2971.00032,104,68,92,5,20250716_155355
1752648761.8721197,11605509,2971010304,2971.010304,107,68,92,5,20250716_155355
1752648761.8821037,11605548,2971020288,2971.020288,110,69,93,5,20250716_155355
1752648761.8920877,11605587,2971030272,2971.030272,113,64,92,5,20250716_155355
1752648761.9020717,11605626,2971040256,2971.040256,116,61,92,5,20250716_155355
1752648761.9120555,11605665,2971050240,2971.05024,118,62,93,5,20250716_155355
1752648761.9220395,11605704,2971060224,2971.060224,120,65,93,5,20250716_155355
1752648761.9320238,11605743,2971070208,2971.070208,123,68,94,5,20250716_155355
1752648761.9420078,11605782,2971080192,2971.080192,125,71,95,5,20250716_155355
1752648761.9519918,11605821,2971090176,2971.090176,127,73,96,5,20250716_155355
1752648761.9622316,11605861,2971100416,2971.100416,130,72,96,5,20250716_155355
1752648761.9722157,11605900,2971110400,2971.1104,132,71,97,5,20250716_155355
1752648761.9821997,11605939,2971120384,2971.120384,134,72,98,5,20250716_155355
1752648761.9921837,11605978,2971130368,2971.130368,136,70,99,5,20250716_155355
1752648762.0021677,11606017,2971140352,2971.140352,138,69,100,5,20250716_155355
1752648762.0121517,11606056,2971150336,2971.150336,141,69,101,5,20250716_155355
1752648762.0221355,11606095,2971160320,2971.16032,143,67,102,5,20250716_155355
1752648762.0321198,11606134,2971170304,2971.170304,145,66,104,5,20250716_155355
1752648762.0421038,11606173,2971180288,2971.180288,148,65,105,5,20250716_155355
1752648762.0520878,11606212,2971190272,2971.190272,150,63,106,5,20250716_155355
1752648762.0620718,11606251,2971200256,2971.200256,153,62,108,5,20250716_155355
1752648762.0720556,11606290,2971210240,2971.21024,155,61,111,5,20250716_155355
1752648762.0820396,11606329,2971220224,2971.220224,158,59,114,5,20250716_155355
1752648762.0920236,11606368,2971230208,2971.230208,161,58,117,5,20250716_155355
1752648762.1020076,11606407,2971240192,2971.240192,165,57,120,5,20250716_155355
1752648762.1122477,11606447,2971250432,2971.250432,168,56,123,5,20250716_155355
1752648762.1222315,11606486,2971260416,2971.260416,172,56,127,5,20250716_155355
1752648762.1322155,11606525,2971270400,2971.2704,175,57,130,5,20250716_155355
1752648762.1421998,11606564,2971280384,2971.280384,179,56,137,5,20250716_155355
1752648762.1521838,11606603,2971290368,2971.290368,184,56,147,5,20250716_155355
1752648762.1621678,11606642,2971300352,2971.300352,188,57,154,5,20250716_155355
1752648762.1721518,11606681,2971310336,2971.310336,193,58,160,5,20250716_155355
1752648762.1821356,11606720,2971320320,2971.32032,198,58,162,5,20250716_155355
1752648762.1921196,11606759,2971330304,2971.330304,202,59,163,5,20250716_155355
1752648762.2021036,11606798,2971340288,2971.340288,206,60,164,5,20250716_155355
1752648762.2120876,11606837,2971350272,2971.350272,211,63,164,5,20250716_155355
1752648762.2220716,11606876,2971360256,2971.360256,215,65,165,5,20250716_155355
1752648762.2320557,11606915,2971370240,2971.37024,218,66,165,5,20250716_155355
1752648762.2420397,11606954,2971380224,2971.380224,222,66,166,5,20250716_155355
1752648762.2522798,11606994,2971390464,2971.390464,225,69,166,5,20250716_155355
1752648762.2622638,11607033,2971400448,2971.400448,229,75,166,5,20250716_155355
1752648762.2722478,11607072,2971410432,2971.410432,232,77,167,5,20250716_155355
1752648762.2822318,11607111,2971420416,2971.420416,235,80,167,5,20250716_155355
1752648762.2922156,11607150,2971430400,2971.4304,238,86,166,5,20250716_155355
1752648762.3021996,11607189,2971440384,2971.440384,240,85,167,5,20250716_155355
1752648762.3121836,11607228,2971450368,2971.450368,243,85,167,5,20250716_155355
1752648762.3221676,11607267,2971460352,2971.460352,246,86,167,5,20250716_155355
1752648762.3321517,11607306,2971470336,2971.470336,248,93,167,5,20250716_155355
1752648762.3421357,11607345,2971480320,2971.48032,250,94,167,5,20250716_155355
1752648762.3521197,11607384,2971490304,2971.490304,253,107,167,5,20250716_155355
1752648762.3621037,11607423,2971500288,2971.500288,0,94,168,5,20250716_155355
1752648762.3720877,11607462,2971510272,2971.510272,2,74,168,5,20250716_155355
1752648762.3820715,11607501,2971520256,2971.520256,4,75,167,5,20250716_155355
1752648762.3920555,11607540,2971530240,2971.53024,6,73,167,5,20250716_155355
1752648762.4022956,11607580,2971540480,2971.54048,8,67,168,5,20250716_155355
1752648762.4122796,11607619,2971550464,2971.550464,10,77,166,5,20250716_155355
1752648762.4222636,11607658,2971560448,2971.560448,12,84,165,5,20250716_155355
1752648762.4322476,11607697,2971570432,2971.570432,14,86,165,5,20250716_155355
1752648762.4422317,11607736,2971580416,2971.580416,16,89,164,5,20250716_155355
1752648762.4522157,11607775,2971590400,2971.5904,18,72,162,5,20250716_155355
1752648762.4621997,11607814,2971600384,2971.600384,20,67,160,5,20250716_155355
1752648762.4721837,11607853,2971610368,2971.610368,22,68,158,5,20250716_155355
1752648762.4821675,11607892,2971620352,2971.620352,25,66,156,5,20250716_155355
1752648762.4921515,11607931,2971630336,2971.630336,27,70,153,5,20250716_155355
1752648762.5021358,11607970,2971640320,2971.64032,30,60,149,5,20250716_155355
1752648762.5121198,11608009,2971650304,2971.650304,33,65,146,5,20250716_155355
1752648762.5221038,11608048,2971660288,2971.660288,36,61,142,5,20250716_155355
1752648762.5320878,11608087,2971670272,2971.670272,39,57,138,5,20250716_155355
1752648762.5420716,11608126,2971680256,2971.680256,43,56,135,5,20250716_155355
1752648762.5523117,11608166,2971690496,2971.690496,47,56,132,5,20250716_155355
1752648762.5622957,11608205,2971700480,2971.70048,51,57,128,5,20250716_155355
1752648762.5722797,11608244,2971710464,2971.710464,55,60,127,5,20250716_155355
1752648762.5822637,11608283,2971720448,2971.720448,59,65,124,5,20250716_155355
1752648762.5922475,11608322,2971730432,2971.730432,63,71,120,5,20250716_155355
1752648762.6022315,11608361,2971740416,2971.740416,67,76,114,5,20250716_155355
1752648762.6122158,11608400,2971750400,2971.7504,71,78,110,5,20250716_155355
1752648762.6221998,11608439,2971760384,2971.760384,76,79,108,5,20250716_155355
1752648762.6321838,11608478,2971770368,2971.770368,80,78,104,5,20250716_155355
1752648762.6421678,11608517,2971780352,2971.780352,84,80,102,5,20250716_155355
1752648762.6521516,11608556,2971790336,2971.790336,88,80,100,5,20250716_155355
1752648762.6621356,11608595,2971800320,2971.80032,92,78,98,5,20250716_155355
1752648762.6721196,11608634,2971810304,2971.810304,95,76,96,5,20250716_155355
1752648762.6821036,11608673,2971820288,2971.820288,99,76,94,5,20250716_155355
1752648762.6923437,11608713,2971830528,2971.830528,102,74,92,5,20250716_155355
1752648762.7023275,11608752,2971840512,2971.840512,105,73,91,5,20250716_155355
1752648762.7123115,11608791,2971850496,2971.850496,108,75,93,5,20250716_155355
1752648762.7222958,11608830,2971860480,2971.86048,111,75,91,5,20250716_155355
1752648762.7322798,11608869,2971870464,2971.870464,113,74,92,5,20250716_155355
1752648762.7422638,11608908,2971880448,2971.880448,116,76,92,5,20250716_155355
1752648762.7522476,11608947,2971890432,2971.890432,118,76,93,5,20250716_155355
1752648762.7622316,11608986,2971900416,2971.900416,121,78,93,5,20250716_155355
1752648762.7722156,11609025,2971910400,2971.9104,123,79,94,5,20250716_155355
1752648762.7821996,11609064,2971920384,2971.920384,125,80,94,5,20250716_155355
1752648762.7921836,11609103,2971930368,2971.930368,128,80,94,5,20250716_155355
1752648762.8021677,11609142,2971940352,2971.940352,130,79,96,5,20250716_155355
1752648762.8121517,11609181,2971950336,2971.950336,132,78,96,5,20250716_155355
1752648762.8221357,11609220,2971960320,2971.96032,134,77,97,5,20250716_155355
1752648762.8323758,11609260,2971970560,2971.97056,137,76,98,5,20250716_155355
1752648762.8423598,11609299,2971980544,2971.980544,139,74,99,5,20250716_155355
1752648762.8523438,11609338,2971990528,2971.990528,141,72,100,5,20250716_155355
1752648762.8623276,11609377,2972000512,2972.000512,143,70,100,5,20250716_155355
1752648762.8723116,11609416,2972010496,2972.010496,145,69,100,5,20250716_155355
1752648762.8822956,11609455,2972020480,2972.02048,148,68,102,5,20250716_155355
1752648762.8922796,11609494,2972030464,2972.030464,150,66,104,5,20250716_155355
1752648762.9022636,11609533,2972040448,2972.040448,152,63,105,5,20250716_155355
1752648762.9122477,11609572,2972050432,2972.050432,155,61,107,5,20250716_155355
1752648762.9222317,11609611,2972060416,2972.060416,158,60,109,5,20250716_155355
1752648762.9322157,11609650,2972070400,2972.0704,160,58,109,5,20250716_155355
1752648762.9421997,11609689,2972080384,2972.080384,163,57,113,5,20250716_155355
1752648762.9521835,11609728,2972090368,2972.090368,166,58,115,5,20250716_155355
1752648762.9621675,11609767,2972100352,2972.100352,169,57,118,5,20250716_155355
1752648762.9721518,11609806,2972110336,2972.110336,173,58,121,5,20250716_155355
1752648762.9823916,11609846,2972120576,2972.120576,176,59,126,5,20250716_155355
1752648762.9923756,11609885,2972130560,2972.13056,180,60,130,5,20250716_155355
1752648763.0023596,11609924,2972140544,2972.140544,184,61,139,5,20250716_155355
1752648763.0123436,11609963,2972150528,2972.150528,188,62,148,5,20250716_155355
1752648763.0223277,11610002,2972160512,2972.160512,193,63,155,5,20250716_155355
1752648763.0323117,11610041,2972170496,2972.170496,197,64,161,5,20250716_155355
1752648763.0422957,11610080,2972180480,2972.18048,202,67,163,5,20250716_155355
1752648763.0522797,11610119,2972190464,2972.190464,206,70,162,5,20250716_155355
1752648763.0622635,11610158,2972200448,2972.200448,210,72,164,5,20250716_155355
1752648763.0722475,11610197,2972210432,2972.210432,214,76,164,5,20250716_155355
1752648763.0822318,11610236,2972220416,2972.220416,218,76,166,5,20250716_155355
1752648763.0922158,11610275,2972230400,2972.2304,222,81,166,5,20250716_155355
1752648763.1021998,11610314,2972240384,2972.240384,225,85,166,5,20250716_155355
1752648763.1121838,11610353,2972250368,2972.250368,229,85,166,5,20250716_155355
1752648763.1224236,11610393,2972260608,2972.260608,232,88,167,5,20250716_155355
1752648763.1324077,11610432,2972270592,2972.270592,235,93,167,5,20250716_155355
1752648763.1423917,11610471,2972280576,2972.280576,238,97,168,5,20250716_155355
1752648763.1523757,11610510,2972290560,2972.29056,240,98,167,5,20250716_155355
1752648763.1623597,11610549,2972300544,2972.300544,243,98,166,5,20250716_155355
1752648763.1723435,11610588,2972310528,2972.310528,245,100,167,5,20250716_155355
1752648763.1823275,11610627,2972320512,2972.320512,248,98,167,5,20250716_155355
1752648763.1923118,11610666,2972330496,2972.330496,250,95,168,5,20250716_155355
1752648763.2022958,11610705,2972340480,2972.34048,252,95,167,5,20250716_155355
1752648763.2122798,11610744,2972350464,2972.350464,0,83,167,5,20250716_155355
1752648763.2222636,11610783,2972360448,2972.360448,2,68,167,5,20250716_155355
1752648763.2322476,11610822,2972370432,2972.370432,4,65,168,5,20250716_155355
1752648763.2422316,11610861,2972380416,2972.380416,6,71,167,5,20250716_155355
1752648763.2522156,11610900,2972390400,2972.3904,8,67,167,5,20250716_155355
1752648763.2621996,11610939,2972400384,2972.400384,10,92,166,5,20250716_155355
1752648763.2724397,11610979,2972410624,2972.410624,12,93,166,5,20250716_155355
1752648763.2824235,11611018,2972420608,2972.420608,14,100,166,5,20250716_155355
1752648763.2924078,11611057,2972430592,2972.430592,16,95,164,5,20250716_155355
1752648763.3023918,11611096,2972440576,2972.440576,18,81,162,5,20250716_155355
1752648763.3123758,11611135,2972450560,2972.45056,20,73,161,5,20250716_155355
1752648763.3223598,11611174,2972460544,2972.460544,22,66,158,5,20250716_155355
1752648763.3323436,11611213,2972470528,2972.470528,25,69,156,5,20250716_155355
1752648763.3423276,11611252,2972480512,2972.480512,27,60,153,5,20250716_155355
1752648763.3523116,11611291,2972490496,2972.490496,30,59,149,5,20250716_155355
1752648763.3622956,11611330,2972500480,2972.50048,33,57,146,5,20250716_155355
1752648763.3722796,11611369,2972510464,2972.510464,36,65,143,5,20250716_155355
1752648763.3822637,11611408,2972520448,2972.520448,39,57,140,5,20250716_155355
1752648763.3922477,11611447,2972530432,2972.530432,43,52,137,5,20250716_155355
1752648763.4022317,11611486,2972540416,2972.540416,46,51,135,5,20250716_155355
1752648763.4122157,11611525,2972550400,2972.5504,50,56,131,5,20250716_155355
1752648763.4224558,11611565,2972560640,2972.56064,54,66,127,5,20250716_155355
1752648763.4324398,11611604,2972570624,2972.570624,58,74,126,5,20250716_155355
1752648763.4424236,11611643,2972580608,2972.580608,62,77,123,5,20250716_155355
1752648763.4524076,11611682,2972590592,2972.590592,66,81,119,5,20250716_155355
1752648763.4623916,11611721,2972600576,2972.600576,70,83,115,5,20250716_155355
1752648763.4723756,11611760,2972610560,2972.61056,74,85,110,5,20250716_155355
1752648763.4823596,11611799,2972620544,2972.620544,79,84,107,5,20250716_155355
1752648763.4923437,11611838,2972630528,2972.630528,83,87,105,5,20250716_155355
1752648763.5023277,11611877,2972640512,2972.640512,87,83,102,5,20250716_155355
1752648763.5123117,11611916,2972650496,2972.650496,90,83,100,5,20250716_155355
1752648763.5222957,11611955,2972660480,2972.66048,94,84,97,5,20250716_155355
1752648763.5322795,11611994,2972670464,2972.670464,98,79,96,5,20250716_155355
1752648763.5422635,11612033,2972680448,2972.680448,101,80,94,5,20250716_155355
1752648763.5522478,11612072,2972690432,2972.690432,104,77,92,5,20250716_155355
1752648763.5622318,11612111,2972700416,2972.700416,107,76,91,5,20250716_155355
1752648763.5724716,11612151,2972710656,2972.710656,110,77,91,5,20250716_155355
1752648763.5824556,11612190,2972720640,2972.72064,113,76,91,5,20250716_155355
1752648763.5924397,11612229,2972730624,2972.730624,115,78,93,5,20250716_155355
1752648763.6024237,11612268,2972740608,2972.740608,118,78,93,5,20250716_155355
1752648763.6124077,11612307,2972750592,2972.750592,120,77,94,5,20250716_155355
1752648763.6223917,11612346,2972760576,2972.760576,123,78,94,5,20250716_155355
1752648763.6323757,11612385,2972770560,2972.77056,125,79,95,5,20250716_155355
1752648763.6423595,11612424,2972780544,2972.780544,127,78,96,5,20250716_155355
1752648763.6523438,11612463,2972790528,2972.790528,129,77,95,5,20250716_155355
1752648763.6623278,11612502,2972800512,2972.800512,132,74,97,5,20250716_155355
1752648763.6723118,11612541,2972810496,2972.810496,134,72,97,5,20250716_155355
1752648763.6822958,11612580,2972820480,2972.82048,136,70,99,5,20250716_155355
1752648763.6922796,11612619,2972830464,2972.830464,138,68,99,5,20250716_155355
1752648763.7022636,11612658,2972840448,2972.840448,141,66,100,5,20250716_155355
1752648763.7125037,11612698,2972850688,2972.850688,143,65,101,5,20250716_155355
1752648763.7224877,11612737,2972860672,2972.860672,145,64,102,5,20250716_155355
1752648763.7324717,11612776,2972870656,2972.870656,147,61,103,5,20250716_155355
1752648763.7424555,11612815,2972880640,2972.88064,150,60,105,5,20250716_155355
1752648763.7524395,11612854,2972890624,2972.890624,152,60,107,5,20250716_155355
1752648763.7624238,11612893,2972900608,2972.900608,155,60,108,5,20250716_155355
1752648763.7724078,11612932,2972910592,2972.910592,158,61,111,5,20250716_155355
1752648763.7823918,11612971,2972920576,2972.920576,161,61,114,5,20250716_155355
1752648763.7923758,11613010,2972930560,2972.93056,164,62,115,5,20250716_155355
1752648763.8023596,11613049,2972940544,2972.940544,167,65,118,5,20250716_155355
1752648763.8123436,11613088,2972950528,2972.950528,170,68,121,5,20250716_155355
1752648763.8223276,11613127,2972960512,2972.960512,173,70,125,5,20250716_155355
1752648763.8323116,11613166,2972970496,2972.970496,177,73,128,5,20250716_155355
1752648763.8422956,11613205,2972980480,2972.98048,181,75,135,5,20250716_155355
1752648763.8522797,11613244,2972990464,2972.990464,185,77,145,5,20250716_155355
1752648763.8625195,11613284,2973000704,2973.000704,190,78,153,5,20250716_155355
1752648763.8725038,11613323,2973010688,2973.010688,194,79,158,5,20250716_155355
1752648763.8824878,11613362,2973020672,2973.020672,199,81,162,5,20250716_155355
1752648763.8924718,11613401,2973030656,2973.030656,204,82,164,5,20250716_155355
1752648763.9024558,11613440,2973040640,2973.04064,208,83,164,5,20250716_155355
1752648763.9124396,11613479,2973050624,2973.050624,212,84,164,5,20250716_155355
1752648763.9224236,11613518,2973060608,2973.060608,216,89,165,5,20250716_155355
1752648763.9324076,11613557,2973070592,2973.070592,220,92,166,5,20250716_155355
1752648763.9423916,11613596,2973080576,2973.080576,223,94,166,5,20250716_155355
1752648763.9523757,11613635,2973090560,2973.09056,227,95,166,5,20250716_155355
1752648763.9623597,11613674,2973100544,2973.100544,230,95,166,5,20250716_155355
1752648763.9723437,11613713,2973110528,2973.110528,233,100,167,5,20250716_155355
1752648763.9823277,11613752,2973120512,2973.120512,236,101,167,5,20250716_155355
1752648763.9923117,11613791,2973130496,2973.130496,239,102,167,5,20250716_155355
1752648764.0025518,11613831,2973140736,2973.140736,241,97,167,5,20250716_155355
1752648764.0125356,11613870,2973150720,2973.15072,244,103,167,5,20250716_155355
1752648764.0225196,11613909,2973160704,2973.160704,246,99,167,5,20250716_155355
1752648764.0325036,11613948,2973170688,2973.170688,249,89,167,5,20250716_155355
1752648764.0424876,11613987,2973180672,2973.180672,251,88,167,5,20250716_155355
1752648764.0524716,11614026,2973190656,2973.190656,253,93,166,5,20250716_155355
1752648764.0624557,11614065,2973200640,2973.20064,0,74,166,5,20250716_155355
1752648764.0724397,11614104,2973210624,2973.210624,3,76,166,5,20250716_155355
1752648764.0824237,11614143,2973220608,2973.220608,5,84,165,5,20250716_155355
1752648764.0924077,11614182,2973230592,2973.230592,7,92,166,5,20250716_155355
1752648764.1023915,11614221,2973240576,2973.240576,9,97,164,5,20250716_155355
1752648764.1123755,11614260,2973250560,2973.25056,11,101,163,5,20250716_155355
1752648764.1223598,11614299,2973260544,2973.260544,13,90,161,5,20250716_155355
1752648764.1323438,11614338,2973270528,2973.270528,15,94,160,5,20250716_155355
1752648764.1425836,11614378,2973280768,2973.280768,18,77,158,5,20250716_155355
1752648764.1525676,11614417,2973290752,2973.290752,20,68,156,5,20250716_155355
1752648764.1625516,11614456,2973300736,2973.300736,23,66,152,5,20250716_155355
1752648764.1725357,11614495,2973310720,2973.31072,25,82,151,5,20250716_155355
1752648764.1825197,11614534,2973320704,2973.320704,28,64,147,5,20250716_155355
1752648764.1925037,11614573,2973330688,2973.330688,31,55,143,5,20250716_155355
1752648764.2024877,11614612,2973340672,2973.340672,34,53,140,5,20250716_155355
1752648764.2124715,11614651,2973350656,2973.350656,38,57,139,5,20250716_155355
1752648764.2224555,11614690,2973360640,2973.36064,41,55,136,5,20250716_155355
1752648764.2324398,11614729,2973370624,2973.370624,45,60,133,5,20250716_155355
1752648764.2424238,11614768,2973380608,2973.380608,49,50,129,5,20250716_155355
1752648764.2524078,11614807,2973390592,2973.390592,53,48,127,5,20250716_155355
1752648764.2623918,11614846,2973400576,2973.400576,57,53,125,5,20250716_155355
1752648764.2723756,11614885,2973410560,2973.41056,61,62,123,5,20250716_155355
1752648764.2823596,11614924,2973420544,2973.420544,65,71,120,5,20250716_155355
1752648764.2925997,11614964,2973430784,2973.430784,69,81,116,5,20250716_155355
1752648764.3025837,11615003,2973440768,2973.440768,73,83,112,5,20250716_155355
1752648764.3125677,11615042,2973450752,2973.450752,77,82,110,5,20250716_155355
1752648764.3225515,11615081,2973460736,2973.460736,82,82,107,5,20250716_155355
1752648764.3325355,11615120,2973470720,2973.47072,86,79,104,5,20250716_155355
1752648764.3425198,11615159,2973480704,2973.480704,89,80,101,5,20250716_155355
1752648764.3525038,11615198,2973490688,2973.490688,93,85,100,5,20250716_155355
1752648764.3624878,11615237,2973500672,2973.500672,97,85,98,5,20250716_155355
1752648764.3724718,11615276,2973510656,2973.510656,100,72,96,5,20250716_155355
1752648764.3824556,11615315,2973520640,2973.52064,103,74,94,5,20250716_155355
1752648764.3924396,11615354,2973530624,2973.530624,106,80,92,5,20250716_155355
1752648764.4024236,11615393,2973540608,2973.540608,109,83,91,5,20250716_155355
1752648764.4124076,11615432,2973550592,2973.550592,112,81,90,5,20250716_155355
1752648764.4223917,11615471,2973560576,2973.560576,115,81,90,5,20250716_155355
1752648764.4326315,11615511,2973570816,2973.570816,117,80,92,5,20250716_155355
1752648764.4426155,11615550,2973580800,2973.5808,120,82,93,5,20250716_155355
1752648764.4525998,11615589,2973590784,2973.590784,122,83,94,5,20250716_155355
1752648764.4625838,11615628,2973600768,2973.600768,124,85,94,5,20250716_155355
1752648764.4725678,11615667,2973610752,2973.610752,127,87,94,5,20250716_155355
1752648764.4825516,11615706,2973620736,2973.620736,129,85,95,5,20250716_155355
1752648764.4925356,11615745,2973630720,2973.63072,131,83,96,5,20250716_155355
1752648764.5025196,11615784,2973640704,2973.640704,133,82,97,5,20250716_155355
1752648764.5125036,11615823,2973650688,2973.650688,135,82,98,5,20250716_155355
1752648764.5224876,11615862,2973660672,2973.660672,138,81,99,5,20250716_155355
1752648764.5324717,11615901,2973670656,2973.670656,140,78,100,5,20250716_155355
1752648764.5424557,11615940,2973680640,2973.68064,142,76,101,5,20250716_155355
1752648764.5524397,11615979,2973690624,2973.690624,144,74,101,5,20250716_155355
1752648764.5624237,11616018,2973700608,2973.700608,147,72,103,5,20250716_155355
1752648764.5724075,11616057,2973710592,2973.710592,149,69,104,5,20250716_155355
1752648764.5826478,11616097,2973720832,2973.720832,152,69,106,5,20250716_155355
1752648764.5926316,11616136,2973730816,2973.730816,154,69,108,5,20250716_155355
1752648764.6026156,11616175,2973740800,2973.7408,157,67,111,5,20250716_155355
1752648764.6125996,11616214,2973750784,2973.750784,160,66,113,5,20250716_155355
1752648764.6225836,11616253,2973760768,2973.760768,163,67,117,5,20250716_155355
1752648764.6325676,11616292,2973770752,2973.770752,166,69,120,5,20250716_155355
1752648764.6425517,11616331,2973780736,2973.780736,169,71,123,5,20250716_155355
1752648764.6525357,11616370,2973790720,2973.79072,173,73,127,5,20250716_155355
1752648764.6625197,11616409,2973800704,2973.800704,177,74,130,5,20250716_155355
1752648764.6725037,11616448,2973810688,2973.810688,181,77,138,5,20250716_155355
1752648764.6824875,11616487,2973820672,2973.820672,185,77,148,5,20250716_155355
1752648764.6924715,11616526,2973830656,2973.830656,190,79,155,5,20250716_155355
1752648764.7024558,11616565,2973840640,2973.84064,194,79,161,5,20250716_155355
1752648764.7124398,11616604,2973850624,2973.850624,199,81,163,5,20250716_155355
1752648764.7226796,11616644,2973860864,2973.860864,203,85,163,5,20250716_155355
1752648764.7326636,11616683,2973870848,2973.870848,208,87,164,5,20250716_155355
1752648764.7426476,11616722,2973880832,2973.880832,212,89,164,5,20250716_155355
1752648764.7526317,11616761,2973890816,2973.890816,216,92,165,5,20250716_155355
1752648764.7626157,11616800,2973900800,2973.9008,220,95,166,5,20250716_155355
1752648764.7725997,11616839,2973910784,2973.910784,223,95,166,5,20250716_155355
1752648764.7825837,11616878,2973920768,2973.920768,226,101,166,5,20250716_155355
1752648764.7925675,11616917,2973930752,2973.930752,230,103,166,5,20250716_155355
1752648764.8025515,11616956,2973940736,2973.940736,233,101,166,5,20250716_155355
1752648764.8125358,11616995,2973950720,2973.95072,236,99,166,5,20250716_155355
1752648764.8225198,11617034,2973960704,2973.960704,239,97,166,5,20250716_155355
1752648764.8325038,11617073,2973970688,2973.970688,241,100,167,5,20250716_155355
1752648764.8424876,11617112,2973980672,2973.980672,244,100,167,5,20250716_155355
1752648764.8524716,11617151,2973990656,2973.990656,246,99,167,5,20250716_155355
1752648764.8624556,11617190,2974000640,2974.00064,249,96,167,5,20250716_155355
1752648764.8726957,11617230,2974010880,2974.01088,251,85,167,5,20250716_155355
1752648764.8826797,11617269,2974020864,2974.020864,253,95,167,5,20250716_155355
1752648764.8926637,11617308,2974030848,2974.030848,0,81,167,5,20250716_155355
1752648764.9026475,11617347,2974040832,2974.040832,3,87,166,5,20250716_155355
1752648764.9126318,11617386,2974050816,2974.050816,5,92,166,5,20250716_155355
1752648764.9226158,11617425,2974060800,2974.0608,7,100,166,5,20250716_155355
1752648764.9325998,11617464,2974070784,2974.070784,9,92,165,5,20250716_155355
1752648764.9425838,11617503,2974080768,2974.080768,11,87,164,5,20250716_155355
1752648764.9525676,11617542,2974090752,2974.090752,13,73,163,5,20250716_155355
1752648764.9625516,11617581,2974100736,2974.100736,15,72,162,5,20250716_155355
1752648764.9725356,11617620,2974110720,2974.11072,17,78,162,5,20250716_155355
1752648764.9825196,11617659,2974120704,2974.120704,19,81,160,5,20250716_155355
1752648764.9925036,11617698,2974130688,2974.130688,21,64,157,5,20250716_155355
1752648765.0024877,11617737,2974140672,2974.140672,24,65,156,5,20250716_155355
1752648765.0127275,11617777,2974150912,2974.150912,26,57,154,5,20250716_155355
1752648765.0227118,11617816,2974160896,2974.160896,29,55,150,5,20250716_155355
1752648765.0326958,11617855,2974170880,2974.17088,32,54,147,5,20250716_155355
1752648765.0426798,11617894,2974180864,2974.180864,35,53,144,5,20250716_155355
1752648765.0526638,11617933,2974190848,2974.190848,38,58,142,5,20250716_155355
1752648765.0626476,11617972,2974200832,2974.200832,41,51,138,5,20250716_155355
1752648765.0726316,11618011,2974210816,2974.210816,45,50,135,5,20250716_155355
1752648765.0826156,11618050,2974220800,2974.2208,49,58,131,5,20250716_155355
1752648765.0925996,11618089,2974230784,2974.230784,53,67,128,5,20250716_155355
1752648765.1025836,11618128,2974240768,2974.240768,57,75,127,5,20250716_155355
1752648765.1125677,11618167,2974250752,2974.250752,61,81,124,5,20250716_155355
1752648765.1225517,11618206,2974260736,2974.260736,65,75,120,5,20250716_155355
1752648765.1325357,11618245,2974270720,2974.27072,69,76,116,5,20250716_155355
1752648765.1425197,11618284,2974280704,2974.280704,73,82,112,5,20250716_155355
1752648765.1527598,11618324,2974290944,2974.290944,77,91,109,5,20250716_155355
1752648765.1627438,11618363,2974300928,2974.300928,81,78,105,5,20250716_155355
1752648765.1727276,11618402,2974310912,2974.310912,85,81,103,5,20250716_155355
1752648765.1827116,11618441,2974320896,2974.320896,89,79,101,5,20250716_155355
1752648765.1926956,11618480,2974330880,2974.33088,93,79,98,5,20250716_155355
1752648765.2026796,11618519,2974340864,2974.340864,97,86,95,5,20250716_155355
1752648765.2126637,11618558,2974350848,2974.350848,100,90,94,5,20250716_155355
1752648765.2226477,11618597,2974360832,2974.360832,103,90,93,5,20250716_155355
1752648765.2326317,11618636,2974370816,2974.370816,106,87,92,5,20250716_155355
1752648765.2426157,11618675,2974380800,2974.3808,109,87,92,5,20250716_155355
1752648765.2525997,11618714,2974390784,2974.390784,112,91,92,5,20250716_155355
1752648765.2625835,11618753,2974400768,2974.400768,114,91,92,5,20250716_155355
1752648765.2725675,11618792,2974410752,2974.410752,117,84,92,5,20250716_155355
1752648765.2825518,11618831,2974420736,2974.420736,119,82,92,5,20250716_155355
1752648765.2925358,11618870,2974430720,2974.43072,122,86,92,5,20250716_155355
1752648765.3027756,11618910,2974440960,2974.44096,124,90,93,5,20250716_155355
1752648765.3127596,11618949,2974450944,2974.450944,126,92,94,5,20250716_155355
1752648765.3227437,11618988,2974460928,2974.460928,129,91,94,5,20250716_155355
1752648765.3327277,11619027,2974470912,2974.470912,131,90,95,5,20250716_155355
1752648765.3427117,11619066,2974480896,2974.480896,133,87,96,5,20250716_155355
1752648765.3526957,11619105,2974490880,2974.49088,135,84,97,5,20250716_155355
1752648765.3626795,11619144,2974500864,2974.500864,137,81,98,5,20250716_155355
1752648765.3726635,11619183,2974510848,2974.510848,139,79,98,5,20250716_155355
1752648765.3826478,11619222,2974520832,2974.520832,142,76,99,5,20250716_155355
1752648765.3926318,11619261,2974530816,2974.530816,144,73,100,5,20250716_155355
1752648765.4028716,11619301,2974541056,2974.541056,146,72,102,5,20250716_155355
1752648765.4128556,11619340,2974551040,2974.55104,148,69,103,5,20250716_155355
1752648765.4228396,11619379,2974561024,2974.561024,151,67,104,5,20250716_155355
1752648765.4328237,11619418,2974571008,2974.571008,153,66,106,5,20250716_155355
1752648765.4428077,11619457,2974580992,2974.580992,156,66,108,5,20250716_155355
1752648765.4527917,11619496,2974590976,2974.590976,158,67,111,5,20250716_155355
1752648765.4627757,11619535,2974600960,2974.60096,161,67,113,5,20250716_155355
1752648765.4730158,11619575,2974611200,2974.6112,164,67,116,5,20250716_155355
1752648765.4829998,11619614,2974621184,2974.621184,168,69,120,5,20250716_155355
1752648765.4929836,11619653,2974631168,2974.631168,171,70,123,5,20250716_155355
1752648765.5029676,11619692,2974641152,2974.641152,175,71,127,5,20250716_155355
1752648765.5129516,11619731,2974651136,2974.651136,178,74,131,5,20250716_155355
1752648765.5229356,11619770,2974661120,2974.66112,183,75,140,5,20250716_155355
1752648765.5329196,11619809,2974671104,2974.671104,187,77,149,5,20250716_155355
1752648765.5431595,11619849,2974681344,2974.681344,192,79,156,5,20250716_155355
1752648765.5531435,11619888,2974691328,2974.691328,196,81,161,5,20250716_155355
1752648765.5631278,11619927,2974701312,2974.701312,201,84,162,5,20250716_155355
1752648765.5731118,11619966,2974711296,2974.711296,205,88,162,5,20250716_155355
1752648765.5830958,11620005,2974721280,2974.72128,210,91,163,5,20250716_155355
1752648765.5930798,11620044,2974731264,2974.731264,214,95,165,5,20250716_155355
1752648765.6030636,11620083,2974741248,2974.741248,217,98,164,5,20250716_155355
1752648765.6130476,11620122,2974751232,2974.751232,221,100,166,5,20250716_155355
1752648765.6232877,11620162,2974761472,2974.761472,225,105,166,5,20250716_155355
1752648765.6332717,11620201,2974771456,2974.771456,228,104,167,5,20250716_155355
1752648765.6432557,11620240,2974781440,2974.78144,231,102,166,5,20250716_155355
1752648765.6532395,11620279,2974791424,2974.791424,234,100,166,5,20250716_155355
1752648765.6632235,11620318,2974801408,2974.801408,237,95,166,5,20250716_155355
1752648765.6732078,11620357,2974811392,2974.811392,240,94,167,5,20250716_155355
1752648765.6831918,11620396,2974821376,2974.821376,242,97,167,5,20250716_155355
1752648765.6931758,11620435,2974831360,2974.83136,245,90,167,5,20250716_155355
1752648765.7034156,11620475,2974841600,2974.8416,247,91,166,5,20250716_155355
1752648765.7133996,11620514,2974851584,2974.851584,250,87,166,5,20250716_155355
1752648765.7233837,11620553,2974861568,2974.861568,252,90,166,5,20250716_155355
1752648765.7333677,11620592,2974871552,2974.871552,254,77,166,5,20250716_155355
1752648765.7433517,11620631,2974881536,2974.881536,1,95,166,5,20250716_155355
1752648765.7533357,11620670,2974891520,2974.89152,3,96,165,5,20250716_155355
1752648765.7635758,11620710,2974901760,2974.90176,6,79,166,5,20250716_155355
1752648765.7735598,11620749,2974911744,2974.911744,8,79,165,5,20250716_155355
1752648765.7835436,11620788,2974921728,2974.921728,10,69,164,5,20250716_155355
1752648765.7935276,11620827,2974931712,2974.931712,12,63,164,5,20250716_155355
1752648765.8035116,11620866,2974941696,2974.941696,14,65,163,5,20250716_155355
1752648765.8134956,11620905,2974951680,2974.95168,16,61,161,5,20250716_155355
1752648765.8234797,11620944,2974961664,2974.961664,18,58,159,5,20250716_155355
1752648765.8334637,11620983,2974971648,2974.971648,20,52,157,5,20250716_155355
1752648765.8437035,11621023,2974981888,2974.981888,23,55,155,5,20250716_155355
1752648765.8536878,11621062,2974991872,2974.991872,25,51,153,5,20250716_155355
1752648765.8636718,11621101,2975001856,2975.001856,28,50,150,5,20250716_155355
1752648765.8736558,11621140,2975011840,2975.01184,31,50,148,5,20250716_155355
1752648765.8836396,11621179,2975021824,2975.021824,34,52,144,5,20250716_155355
1752648765.8936236,11621218,2975031808,2975.031808,37,54,142,5,20250716_155355
1752648765.9036076,11621257,2975041792,2975.041792,40,50,139,5,20250716_155355
1752648765.9135916,11621296,2975051776,2975.051776,44,49,136,5,20250716_155355
1752648765.9235756,11621335,2975061760,2975.06176,47,51,132,5,20250716_155355
1752648765.9335597,11621374,2975071744,2975.071744,51,53,130,5,20250716_155355
1752648765.9435437,11621413,2975081728,2975.081728,55,56,127,5,20250716_155355
1752648765.9537838,11621453,2975091968,2975.091968,59,56,126,5,20250716_155355
1752648765.9637678,11621492,2975101952,2975.101952,63,60,122,5,20250716_155355
1752648765.9737518,11621531,2975111936,2975.111936,67,61,118,5,20250716_155355
1752648765.9837358,11621570,2975121920,2975.12192,71,60,114,5,20250716_155355
1752648765.9937196,11621609,2975131904,2975.131904,76,59,110,5,20250716_155355
1752648766.0037036,11621648,2975141888,2975.141888,80,59,108,5,20250716_155355
1752648766.0136876,11621687,2975151872,2975.151872,84,58,104,5,20250716_155355
1752648766.0236716,11621726,2975161856,2975.161856,88,60,102,5,20250716_155355
1752648766.0336556,11621765,2975171840,2975.17184,91,60,100,5,20250716_155355
1752648766.0436397,11621804,2975181824,2975.181824,95,62,98,5,20250716_155355
1752648766.0536237,11621843,2975191808,2975.191808,99,63,96,5,20250716_155355
1752648766.0636077,11621882,2975201792,2975.201792,102,62,94,5,20250716_155355
1752648766.0735917,11621921,2975211776,2975.211776,105,62,92,5,20250716_155355
1752648766.0835755,11621960,2975221760,2975.22176,108,61,92,5,20250716_155355
1752648766.0938158,11622000,2975232000,2975.232,111,60,91,5,20250716_155355
1752648766.1037996,11622039,2975241984,2975.241984,113,59,90,5,20250716_155355
1752648766.1137836,11622078,2975251968,2975.251968,116,58,91,5,20250716_155355
1752648766.1237676,11622117,2975261952,2975.261952,118,57,92,5,20250716_155355
1752648766.1337516,11622156,2975271936,2975.271936,121,55,93,5,20250716_155355
1752648766.1437356,11622195,2975281920,2975.28192,123,56,93,5,20250716_155355
1752648766.1537197,11622234,2975291904,2975.291904,125,57,94,5,20250716_155355
1752648766.1637037,11622273,2975301888,2975.301888,128,57,94,5,20250716_155355
1752648766.1736877,11622312,2975311872,2975.311872,130,58,94,5,20250716_155355
1752648766.1836717,11622351,2975321856,2975.321856,132,59,95,5,20250716_155355
1752648766.1936555,11622390,2975331840,2975.33184,134,58,96,5,20250716_155355
1752648766.2036395,11622429,2975341824,2975.341824,136,58,96,5,20250716_155355
1752648766.2136238,11622468,2975351808,2975.351808,138,57,98,5,20250716_155355
1752648766.2236078,11622507,2975361792,2975.361792,141,57,99,5,20250716_155355
1752648766.2335918,11622546,2975371776,2975.371776,143,55,99,5,20250716_155355
1752648766.2438316,11622586,2975382016,2975.382016,145,54,101,5,20250716_155355
1752648766.2538157,11622625,2975392000,2975.392,147,54,100,5,20250716_155355
1752648766.2637997,11622664,2975401984,2975.401984,149,54,102,5,20250716_155355
1752648766.2737837,11622703,2975411968,2975.411968,152,54,104,5,20250716_155355
1752648766.2837677,11622742,2975421952,2975.421952,154,55,106,5,20250716_155355
1752648766.2937517,11622781,2975431936,2975.431936,157,56,108,5,20250716_155355
1752648766.3037355,11622820,2975441920,2975.44192,160,57,111,5,20250716_155355
1752648766.3137195,11622859,2975451904,2975.451904,163,58,113,5,20250716_155355
1752648766.3237038,11622898,2975461888,2975.461888,166,59,116,5,20250716_155355
1752648766.3336878,11622937,2975471872,2975.471872,169,60,118,5,20250716_155355
1752648766.3436718,11622976,2975481856,2975.481856,172,62,122,5,20250716_155355
1752648766.3536556,11623015,2975491840,2975.49184,176,63,127,5,20250716_155355
1752648766.3636396,11623054,2975501824,2975.501824,180,64,130,5,20250716_155355
1752648766.3736236,11623093,2975511808,2975.511808,184,66,141,5,20250716_155355
1752648766.3838637,11623133,2975522048,2975.522048,188,67,151,5,20250716_155355
1752648766.3938477,11623172,2975532032,2975.532032,193,68,157,5,20250716_155355
1752648766.4038315,11623211,2975542016,2975.542016,198,69,161,5,20250716_155355
1752648766.4138155,11623250,2975552000,2975.552,202,69,162,5,20250716_155355
1752648766.4237998,11623289,2975561984,2975.561984,206,72,162,5,20250716_155355
1752648766.4337838,11623328,2975571968,2975.571968,211,76,163,5,20250716_155355
1752648766.4437678,11623367,2975581952,2975.581952,215,79,164,5,20250716_155355
1752648766.4537518,11623406,2975591936,2975.591936,218,75,165,5,20250716_155355
1752648766.4637356,11623445,2975601920,2975.60192,222,77,165,5,20250716_155355
1752648766.4737196,11623484,2975611904,2975.611904,225,84,166,5,20250716_155355
1752648766.4837036,11623523,2975621888,2975.621888,229,83,166,5,20250716_155355
1752648766.4936876,11623562,2975631872,2975.631872,232,80,166,5,20250716_155355
1752648766.5039277,11623602,2975642112,2975.642112,235,78,166,5,20250716_155355
1752648766.5139115,11623641,2975652096,2975.652096,238,77,166,5,20250716_155355
1752648766.5238955,11623680,2975662080,2975.66208,240,78,167,5,20250716_155355
1752648766.5338798,11623719,2975672064,2975.672064,243,75,167,5,20250716_155355
1752648766.5438638,11623758,2975682048,2975.682048,245,70,166,5,20250716_155355
1752648766.5538478,11623797,2975692032,2975.692032,248,73,165,5,20250716_155355
1752648766.5638318,11623836,2975702016,2975.702016,250,66,165,5,20250716_155355
1752648766.5738156,11623875,2975712000,2975.712,253,77,165,5,20250716_155355
1752648766.5837996,11623914,2975721984,2975.721984,0,65,165,5,20250716_155355
1752648766.5937836,11623953,2975731968,2975.731968,2,64,164,5,20250716_155355
1752648766.6037676,11623992,2975741952,2975.741952,4,62,164,5,20250716_155355
1752648766.6137516,11624031,2975751936,2975.751936,6,73,164,5,20250716_155355
1752648766.6237357,11624070,2975761920,2975.76192,9,65,163,5,20250716_155355
1752648766.6337197,11624109,2975771904,2975.771904,11,59,161,5,20250716_155355
1752648766.6439598,11624149,2975782144,2975.782144,13,58,160,5,20250716_155355
1752648766.6539438,11624188,2975792128,2975.792128,15,62,158,5,20250716_155355
1752648766.6639278,11624227,2975802112,2975.802112,18,63,156,5,20250716_155355
1752648766.6739118,11624266,2975812096,2975.812096,20,58,155,5,20250716_155355
1752648766.6838956,11624305,2975822080,2975.82208,23,52,152,5,20250716_155355
1752648766.6938796,11624344,2975832064,2975.832064,25,50,152,5,20250716_155355
1752648766.7038636,11624383,2975842048,2975.842048,28,48,148,5,20250716_155355
1752648766.7138476,11624422,2975852032,2975.852032,31,50,146,5,20250716_155355
1752648766.7238317,11624461,2975862016,2975.862016,34,53,142,5,20250716_155355
1752648766.7338157,11624500,2975872000,2975.872,37,53,141,5,20250716_155355
1752648766.7437997,11624539,2975881984,2975.881984,40,54,138,5,20250716_155355
1752648766.7537837,11624578,2975891968,2975.891968,44,53,135,5,20250716_155355
1752648766.7637675,11624617,2975901952,2975.901952,48,51,130,5,20250716_155355
1752648766.7737515,11624656,2975911936,2975.911936,52,52,127,5,20250716_155355
1752648766.7837358,11624695,2975921920,2975.92192,55,55,126,5,20250716_155355
1752648766.7939756,11624735,2975932160,2975.93216,60,56,123,5,20250716_155355
1752648766.8039596,11624774,2975942144,2975.942144,64,60,120,5,20250716_155355
1752648766.8139436,11624813,2975952128,2975.952128,68,63,116,5,20250716_155355
1752648766.8239276,11624852,2975962112,2975.962112,72,62,111,5,20250716_155355
1752648766.8339117,11624891,2975972096,2975.972096,76,63,108,5,20250716_155355
1752648766.8438957,11624930,2975982080,2975.98208,80,64,106,5,20250716_155355
1752648766.8538797,11624969,2975992064,2975.992064,84,66,104,5,20250716_155355
1752648766.8638637,11625008,2976002048,2976.002048,88,60,101,5,20250716_155355
1752648766.8738475,11625047,2976012032,2976.012032,92,61,99,5,20250716_155355
1752648766.8838315,11625086,2976022016,2976.022016,96,58,97,5,20250716_155355
1752648766.8938158,11625125,2976032000,2976.032,99,59,95,5,20250716_155355
1752648766.9037998,11625164,2976041984,2976.041984,102,60,93,5,20250716_155355
1752648766.9137838,11625203,2976051968,2976.051968,105,61,91,5,20250716_155355
1752648766.9237678,11625242,2976061952,2976.061952,108,61,91,5,20250716_155355
1752648766.9340076,11625282,2976072192,2976.072192,111,60,91,5,20250716_155355
1752648766.9439917,11625321,2976082176,2976.082176,114,58,90,5,20250716_155355
1752648766.9539757,11625360,2976092160,2976.09216,116,57,91,5,20250716_155355
1752648766.9639597,11625399,2976102144,2976.102144,119,56,92,5,20250716_155355
1752648766.9739437,11625438,2976112128,2976.112128,121,54,91,5,20250716_155355
1752648766.9839275,11625477,2976122112,2976.122112,124,52,92,5,20250716_155355
1752648766.9939115,11625516,2976132096,2976.132096,126,51,92,5,20250716_155355
1752648767.0038958,11625555,2976142080,2976.14208,128,53,93,5,20250716_155355
1752648767.0138798,11625594,2976152064,2976.152064,130,53,93,5,20250716_155355
1752648767.0238638,11625633,2976162048,2976.162048,132,53,94,5,20250716_155355
1752648767.0338478,11625672,2976172032,2976.172032,134,53,94,5,20250716_155355
1752648767.0438316,11625711,2976182016,2976.182016,136,54,95,5,20250716_155355
1752648767.0538156,11625750,2976192000,2976.192,138,53,96,5,20250716_155355
1752648767.0637996,11625789,2976201984,2976.201984,141,53,96,5,20250716_155355
1752648767.0737836,11625828,2976211968,2976.211968,143,52,97,5,20250716_155355
1752648767.0840237,11625868,2976222208,2976.222208,145,52,98,5,20250716_155355
1752648767.0940075,11625907,2976232192,2976.232192,147,53,100,5,20250716_155355
1752648767.1039915,11625946,2976242176,2976.242176,149,52,101,5,20250716_155355
1752648767.1139758,11625985,2976252160,2976.25216,152,52,102,5,20250716_155355
1752648767.1239598,11626024,2976262144,2976.262144,154,54,105,5,20250716_155355
1752648767.1339438,11626063,2976272128,2976.272128,156,53,106,5,20250716_155355
1752648767.1439276,11626102,2976282112,2976.282112,159,53,108,5,20250716_155355
1752648767.1539116,11626141,2976292096,2976.292096,162,55,110,5,20250716_155355
1752648767.1638956,11626180,2976302080,2976.30208,165,57,113,5,20250716_155355
1752648767.1738796,11626219,2976312064,2976.312064,168,58,115,5,20250716_155355
1752648767.1838636,11626258,2976322048,2976.322048,171,59,118,5,20250716_155355
1752648767.1938477,11626297,2976332032,2976.332032,174,62,121,5,20250716_155355
1752648767.2038317,11626336,2976342016,2976.342016,178,63,127,5,20250716_155355
1752648767.2138157,11626375,2976352000,2976.352,182,65,132,5,20250716_155355
1752648767.2240558,11626415,2976362240,2976.36224,186,65,143,5,20250716_155355
1752648767.2340398,11626454,2976372224,2976.372224,191,67,151,5,20250716_155355
1752648767.2440238,11626493,2976382208,2976.382208,195,67,158,5,20250716_155355
1752648767.2540076,11626532,2976392192,2976.392192,200,68,163,5,20250716_155355
1752648767.2639916,11626571,2976402176,2976.402176,204,69,162,5,20250716_155355
1752648767.2739756,11626610,2976412160,2976.41216,208,73,162,5,20250716_155355
1752648767.2839596,11626649,2976422144,2976.422144,212,77,164,5,20250716_155355
1752648767.2939436,11626688,2976432128,2976.432128,216,77,165,5,20250716_155355
1752648767.3039277,11626727,2976442112,2976.442112,220,76,165,5,20250716_155355
1752648767.3139117,11626766,2976452096,2976.452096,224,76,165,5,20250716_155355
1752648767.3238957,11626805,2976462080,2976.46208,227,87,166,5,20250716_155355
1752648767.3338797,11626844,2976472064,2976.472064,230,81,166,5,20250716_155355
1752648767.3438635,11626883,2976482048,2976.482048,233,81,166,5,20250716_155355
1752648767.3538475,11626922,2976492032,2976.492032,236,76,166,5,20250716_155355
1752648767.3638318,11626961,2976502016,2976.502016,239,82,166,5,20250716_155355
1752648767.3740716,11627001,2976512256,2976.512256,242,77,167,5,20250716_155355
1752648767.3840556,11627040,2976522240,2976.52224,244,65,168,5,20250716_155355
1752648767.3940396,11627079,2976532224,2976.532224,247,70,167,5,20250716_155355
1752648767.4040236,11627118,2976542208,2976.542208,249,75,166,5,20250716_155355
1752648767.4140077,11627157,2976552192,2976.552192,251,64,166,5,20250716_155355
1752648767.4239917,11627196,2976562176,2976.562176,254,54,166,5,20250716_155355
1752648767.4339757,11627235,2976572160,2976.57216,1,59,165,5,20250716_155355
1752648767.4439597,11627274,2976582144,2976.582144,3,65,166,5,20250716_155355
1752648767.4539435,11627313,2976592128,2976.592128,5,57,165,5,20250716_155355
1752648767.4639275,11627352,2976602112,2976.602112,7,57,165,5,20250716_155355
1752648767.4739118,11627391,2976612096,2976.612096,9,58,165,5,20250716_155355
1752648767.4838958,11627430,2976622080,2976.62208,11,61,163,5,20250716_155355
1752648767.4938798,11627469,2976632064,2976.632064,13,54,163,5,20250716_155355
1752648767.5038636,11627508,2976642048,2976.642048,15,54,161,5,20250716_155355
1752648767.5141037,11627548,2976652288,2976.652288,17,54,159,5,20250716_155355
1752648767.5240877,11627587,2976662272,2976.662272,20,53,157,5,20250716_155355
1752648767.5340717,11627626,2976672256,2976.672256,22,54,155,5,20250716_155355
1752648767.5440557,11627665,2976682240,2976.68224,25,53,152,5,20250716_155355
1752648767.5540397,11627704,2976692224,2976.692224,27,53,149,5,20250716_155355
1752648767.5640235,11627743,2976702208,2976.702208,30,55,146,5,20250716_155355
1752648767.5740075,11627782,2976712192,2976.712192,33,56,144,5,20250716_155355
1752648767.5839918,11627821,2976722176,2976.722176,36,58,141,5,20250716_155355
1752648767.5939758,11627860,2976732160,2976.73216,40,59,138,5,20250716_155355
1752648767.6039598,11627899,2976742144,2976.742144,43,58,135,5,20250716_155355
1752648767.6139436,11627938,2976752128,2976.752128,47,54,132,5,20250716_155355
1752648767.6239276,11627977,2976762112,2976.762112,51,63,127,5,20250716_155355
1752648767.6339116,11628016,2976772096,2976.772096,55,66,127,5,20250716_155355
1752648767.6438956,11628055,2976782080,2976.78208,59,63,125,5,20250716_155355
1752648767.6538796,11628094,2976792064,2976.792064,63,65,121,5,20250716_155355
1752648767.6641195,11628134,2976802304,2976.802304,67,69,116,5,20250716_155355
1752648767.6741035,11628173,2976812288,2976.812288,71,72,112,5,20250716_155355
1752648767.6840878,11628212,2976822272,2976.822272,75,70,109,5,20250716_155355
1752648767.6940718,11628251,2976832256,2976.832256,79,66,107,5,20250716_155355
1752648767.7040558,11628290,2976842240,2976.84224,84,62,103,5,20250716_155355
1752648767.7140398,11628329,2976852224,2976.852224,87,61,100,5,20250716_155355
1752648767.7240236,11628368,2976862208,2976.862208,91,66,98,5,20250716_155355
1752648767.7340076,11628407,2976872192,2976.872192,95,67,97,5,20250716_155355
1752648767.7439916,11628446,2976882176,2976.882176,98,67,96,5,20250716_155355
1752648767.7539756,11628485,2976892160,2976.89216,102,69,95,5,20250716_155355
1752648767.7639596,11628524,2976902144,2976.902144,105,72,92,5,20250716_155355
1752648767.7739437,11628563,2976912128,2976.912128,108,70,91,5,20250716_155355
1752648767.7839277,11628602,2976922112,2976.922112,110,65,91,5,20250716_155355
1752648767.7939117,11628641,2976932096,2976.932096,113,61,91,5,20250716_155355
1752648767.8041518,11628681,2976942336,2976.942336,116,54,92,5,20250716_155355
1752648767.8141358,11628720,2976952320,2976.95232,118,53,93,5,20250716_155355
1752648767.8241198,11628759,2976962304,2976.962304,121,52,93,5,20250716_155355
1752648767.8341036,11628798,2976972288,2976.972288,123,51,93,5,20250716_155355
1752648767.8440876,11628837,2976982272,2976.982272,125,52,94,5,20250716_155355
1752648767.8540716,11628876,2976992256,2976.992256,128,52,94,5,20250716_155355
1752648767.8640556,11628915,2977002240,2977.00224,130,51,94,5,20250716_155355
1752648767.8740396,11628954,2977012224,2977.012224,132,52,95,5,20250716_155355
1752648767.8840237,11628993,2977022208,2977.022208,134,53,96,5,20250716_155355
1752648767.8940077,11629032,2977032192,2977.032192,136,53,97,5,20250716_155355
1752648767.9039917,11629071,2977042176,2977.042176,138,53,98,5,20250716_155355
1752648767.9139757,11629110,2977052160,2977.05216,141,53,98,5,20250716_155355
1752648767.9239595,11629149,2977062144,2977.062144,143,52,100,5,20250716_155355
1752648767.9339435,11629188,2977072128,2977.072128,145,52,101,5,20250716_155355
1752648767.9441836,11629228,2977082368,2977.082368,147,51,102,5,20250716_155355
1752648767.9541676,11629267,2977092352,2977.092352,150,51,103,5,20250716_155355
1752648767.9641516,11629306,2977102336,2977.102336,152,52,106,5,20250716_155355
1752648767.9741356,11629345,2977112320,2977.11232,155,53,107,5,20250716_155355
1752648767.9841197,11629384,2977122304,2977.122304,157,53,110,5,20250716_155355
1752648767.9941037,11629423,2977132288,2977.132288,160,53,112,5,20250716_155355
1752648768.0040877,11629462,2977142272,2977.142272,163,54,117,5,20250716_155355
1752648768.0140717,11629501,2977152256,2977.152256,167,55,121,5,20250716_155355
1752648768.0240555,11629540,2977162240,2977.16224,170,56,124,5,20250716_155355
1752648768.0340395,11629579,2977172224,2977.172224,174,58,127,5,20250716_155355
1752648768.0440238,11629618,2977182208,2977.182208,178,59,132,5,20250716_155355
1752648768.0540078,11629657,2977192192,2977.192192,182,62,143,5,20250716_155355
1752648768.0639918,11629696,2977202176,2977.202176,187,62,152,5,20250716_155355
1752648768.0739758,11629735,2977212160,2977.21216,191,61,157,5,20250716_155355
1752648768.0839596,11629774,2977222144,2977.222144,196,59,161,5,20250716_155355
1752648768.0941997,11629814,2977232384,2977.232384,201,59,162,5,20250716_155355
1752648768.1041837,11629853,2977242368,2977.242368,205,58,161,5,20250716_155355
1752648768.1141677,11629892,2977252352,2977.252352,209,58,162,5,20250716_155355
1752648768.1241517,11629931,2977262336,2977.262336,213,58,164,5,20250716_155355
1752648768.1341355,11629970,2977272320,2977.27232,217,57,164,5,20250716_155355
1752648768.1441195,11630009,2977282304,2977.282304,221,58,165,5,20250716_155355
1752648768.1541038,11630048,2977292288,2977.292288,224,58,165,5,20250716_155355
1752648768.1640878,11630087,2977302272,2977.302272,228,57,165,5,20250716_155355
1752648768.1740718,11630126,2977312256,2977.312256,231,58,165,5,20250716_155355
1752648768.1840558,11630165,2977322240,2977.32224,234,57,165,5,20250716_155355
1752648768.1940396,11630204,2977332224,2977.332224,237,58,165,5,20250716_155355
1752648768.2040236,11630243,2977342208,2977.342208,239,56,165,5,20250716_155355
1752648768.2140076,11630282,2977352192,2977.352192,242,58,166,5,20250716_155355
1752648768.2239916,11630321,2977362176,2977.362176,245,66,166,5,20250716_155355
1752648768.2342317,11630361,2977372416,2977.372416,247,60,166,5,20250716_155355
1752648768.2442155,11630400,2977382400,2977.3824,249,57,166,5,20250716_155355
1752648768.2541995,11630439,2977392384,2977.392384,252,63,167,5,20250716_155355
1752648768.2641838,11630478,2977402368,2977.402368,254,61,166,5,20250716_155355
1752648768.2741678,11630517,2977412352,2977.412352,1,57,167,5,20250716_155355
1752648768.2841518,11630556,2977422336,2977.422336,3,56,165,5,20250716_155355
1752648768.2941358,11630595,2977432320,2977.43232,5,57,165,5,20250716_155355
1752648768.3041196,11630634,2977442304,2977.442304,7,58,165,5,20250716_155355
1752648768.3141036,11630673,2977452288,2977.452288,9,58,165,5,20250716_155355
1752648768.3240876,11630712,2977462272,2977.462272,11,59,164,5,20250716_155355
1752648768.3340716,11630751,2977472256,2977.472256,13,59,162,5,20250716_155355
1752648768.3440557,11630790,2977482240,2977.48224,16,60,161,5,20250716_155355
1752648768.3540397,11630829,2977492224,2977.492224,18,59,159,5,20250716_155355
1752648768.3640237,11630868,2977502208,2977.502208,20,56,158,5,20250716_155355
1752648768.3740077,11630907,2977512192,2977.512192,22,58,156,5,20250716_155355
1752648768.3842478,11630947,2977522432,2977.522432,25,54,153,5,20250716_155355
1752648768.3942318,11630986,2977532416,2977.532416,27,55,151,5,20250716_155355
1752648768.4042156,11631025,2977542400,2977.5424,30,59,149,5,20250716_155355
1752648768.4141996,11631064,2977552384,2977.552384,33,59,146,5,20250716_155355
1752648768.4241836,11631103,2977562368,2977.562368,36,58,144,5,20250716_155355
1752648768.4341676,11631142,2977572352,2977.572352,39,62,141,5,20250716_155355
1752648768.4441516,11631181,2977582336,2977.582336,42,65,138,5,20250716_155355
1752648768.4541357,11631220,2977592320,2977.59232,46,58,135,5,20250716_155355
1752648768.4641197,11631259,2977602304,2977.602304,50,60,131,5,20250716_155355
1752648768.4741037,11631298,2977612288,2977.612288,54,65,128,5,20250716_155355
1752648768.4840877,11631337,2977622272,2977.622272,58,66,127,5,20250716_155355
1752648768.4940715,11631376,2977632256,2977.632256,62,64,123,5,20250716_155355
1752648768.5040555,11631415,2977642240,2977.64224,66,62,119,5,20250716_155355
1752648768.5140398,11631454,2977652224,2977.652224,70,63,115,5,20250716_155355
1752648768.5242796,11631494,2977662464,2977.662464,74,63,113,5,20250716_155355
1752648768.5342636,11631533,2977672448,2977.672448,78,61,109,5,20250716_155355
1752648768.5442476,11631572,2977682432,2977.682432,82,59,106,5,20250716_155355
1752648768.5542316,11631611,2977692416,2977.692416,86,58,102,5,20250716_155355
1752648768.5642157,11631650,2977702400,2977.7024,90,57,100,5,20250716_155355
1752648768.5741997,11631689,2977712384,2977.712384,94,56,98,5,20250716_155355
1752648768.5841837,11631728,2977722368,2977.722368,97,55,98,5,20250716_155355
1752648768.5941677,11631767,2977732352,2977.732352,101,56,96,5,20250716_155355
1752648768.6041515,11631806,2977742336,2977.742336,104,56,94,5,20250716_155355
1752648768.6141355,11631845,2977752320,2977.75232,107,55,93,5,20250716_155355
1752648768.6241198,11631884,2977762304,2977.762304,110,54,92,5,20250716_155355
1752648768.6341038,11631923,2977772288,2977.772288,112,54,91,5,20250716_155355
1752648768.6440878,11631962,2977782272,2977.782272,115,53,91,5,20250716_155355
1752648768.6540718,11632001,2977792256,2977.792256,118,53,91,5,20250716_155355
1752648768.6640556,11632040,2977802240,2977.80224,120,52,91,5,20250716_155355
1752648768.6742957,11632080,2977812480,2977.81248,122,53,91,5,20250716_155355
1752648768.6842797,11632119,2977822464,2977.822464,125,54,92,5,20250716_155355
1752648768.6942637,11632158,2977832448,2977.832448,127,53,92,5,20250716_155355
1752648768.7042477,11632197,2977842432,2977.842432,129,53,93,5,20250716_155355
1752648768.7142315,11632236,2977852416,2977.852416,131,53,94,5,20250716_155355
1752648768.7242155,11632275,2977862400,2977.8624,133,53,94,5,20250716_155355
1752648768.7341998,11632314,2977872384,2977.872384,135,54,95,5,20250716_155355
1752648768.7441838,11632353,2977882368,2977.882368,137,54,96,5,20250716_155355
1752648768.7541678,11632392,2977892352,2977.892352,140,54,97,5,20250716_155355
1752648768.7641516,11632431,2977902336,2977.902336,142,53,98,5,20250716_155355
1752648768.7741356,11632470,2977912320,2977.91232,144,53,98,5,20250716_155355
1752648768.7841196,11632509,2977922304,2977.922304,146,54,100,5,20250716_155355
1752648768.7941036,11632548,2977932288,2977.932288,148,54,100,5,20250716_155355
1752648768.8040876,11632587,2977942272,2977.942272,151,54,102,5,20250716_155355
1752648768.8143277,11632627,2977952512,2977.952512,153,54,103,5,20250716_155355
1752648768.8243115,11632666,2977962496,2977.962496,155,55,105,5,20250716_155355
1752648768.8342955,11632705,2977972480,2977.97248,158,56,107,5,20250716_155355
1752648768.8442798,11632744,2977982464,2977.982464,161,54,110,5,20250716_155355
1752648768.8542638,11632783,2977992448,2977.992448,163,56,112,5,20250716_155355
1752648768.8642478,11632822,2978002432,2978.002432,166,56,115,5,20250716_155355
1752648768.8742316,11632861,2978012416,2978.012416,170,56,118,5,20250716_155355
1752648768.8842156,11632900,2978022400,2978.0224,173,57,122,5,20250716_155355
1752648768.8941996,11632939,2978032384,2978.032384,177,56,126,5,20250716_155355
1752648768.9041836,11632978,2978042368,2978.042368,180,56,131,5,20250716_155355
1752648768.9141676,11633017,2978052352,2978.052352,185,57,141,5,20250716_155355
1752648768.9241517,11633056,2978062336,2978.062336,189,56,151,5,20250716_155355
1752648768.9341357,11633095,2978072320,2978.07232,194,56,156,5,20250716_155355
1752648768.9441197,11633134,2978082304,2978.082304,198,56,161,5,20250716_155355
1752648768.9543598,11633174,2978092544,2978.092544,203,56,162,5,20250716_155355
1752648768.9643438,11633213,2978102528,2978.102528,207,57,162,5,20250716_155355
1752648768.9743278,11633252,2978112512,2978.112512,211,58,163,5,20250716_155355
1752648768.9843116,11633291,2978122496,2978.122496,215,59,164,5,20250716_155355
1752648768.9942956,11633330,2978132480,2978.13248,219,60,164,5,20250716_155355
1752648769.0042796,11633369,2978142464,2978.142464,222,60,165,5,20250716_155355
1752648769.0142636,11633408,2978152448,2978.152448,226,59,165,5,20250716_155355
1752648769.0242476,11633447,2978162432,2978.162432,229,58,166,5,20250716_155355
1752648769.0342317,11633486,2978172416,2978.172416,232,57,166,5,20250716_155355
1752648769.0442157,11633525,2978182400,2978.1824,235,57,165,5,20250716_155355
1752648769.0541997,11633564,2978192384,2978.192384,238,58,165,5,20250716_155355
1752648769.0641837,11633603,2978202368,2978.202368,241,57,166,5,20250716_155355
1752648769.0741675,11633642,2978212352,2978.212352,243,57,166,5,20250716_155355
1752648769.0841515,11633681,2978222336,2978.222336,246,60,166,5,20250716_155355
1752648769.0943916,11633721,2978232576,2978.232576,248,58,165,5,20250716_155355
1752648769.1043756,11633760,2978242560,2978.24256,251,57,166,5,20250716_155355
1752648769.1143596,11633799,2978252544,2978.252544,253,57,165,5,20250716_155355
1752648769.1243436,11633838,2978262528,2978.262528,0,60,165,5,20250716_155355
1752648769.1343277,11633877,2978272512,2978.272512,2,60,164,5,20250716_155355
1752648769.1443117,11633916,2978282496,2978.282496,5,58,164,5,20250716_155355
1752648769.1542957,11633955,2978292480,2978.29248,7,57,163,5,20250716_155355
1752648769.1642797,11633994,2978302464,2978.302464,9,58,163,5,20250716_155355
1752648769.1742637,11634033,2978312448,2978.312448,11,57,162,5,20250716_155355
1752648769.1842475,11634072,2978322432,2978.322432,13,58,160,5,20250716_155355
1752648769.1942315,11634111,2978332416,2978.332416,15,58,158,5,20250716_155355
1752648769.2042158,11634150,2978342400,2978.3424,18,57,156,5,20250716_155355
1752648769.2141998,11634189,2978352384,2978.352384,20,57,155,5,20250716_155355
1752648769.2241838,11634228,2978362368,2978.362368,23,57,152,5,20250716_155355
1752648769.2341676,11634267,2978372352,2978.372352,25,57,151,5,20250716_155355
1752648769.2444077,11634307,2978382592,2978.382592,28,56,148,5,20250716_155355
1752648769.2543917,11634346,2978392576,2978.392576,31,58,145,5,20250716_155355
1752648769.2643757,11634385,2978402560,2978.40256,34,59,141,5,20250716_155355
1752648769.2743597,11634424,2978412544,2978.412544,37,60,139,5,20250716_155355
1752648769.2843435,11634463,2978422528,2978.422528,41,61,135,5,20250716_155355
1752648769.2943275,11634502,2978432512,2978.432512,45,58,132,5,20250716_155355
1752648769.3043118,11634541,2978442496,2978.442496,48,55,128,5,20250716_155355
1752648769.3142958,11634580,2978452480,2978.45248,52,56,127,5,20250716_155355
1752648769.3242798,11634619,2978462464,2978.462464,56,58,125,5,20250716_155355
1752648769.3342638,11634658,2978472448,2978.472448,60,59,122,5,20250716_155355
1752648769.3442476,11634697,2978482432,2978.482432,65,59,118,5,20250716_155355
1752648769.3542316,11634736,2978492416,2978.492416,69,58,114,5,20250716_155355
1752648769.3642156,11634775,2978502400,2978.5024,73,58,109,5,20250716_155355
1752648769.3741996,11634814,2978512384,2978.512384,77,58,107,5,20250716_155355
1752648769.3844397,11634854,2978522624,2978.522624,81,58,103,5,20250716_155355
1752648769.3944235,11634893,2978532608,2978.532608,85,57,101,5,20250716_155355
1752648769.4044075,11634932,2978542592,2978.542592,89,57,99,5,20250716_155355
1752648769.4143918,11634971,2978552576,2978.552576,93,56,96,5,20250716_155355
1752648769.4243758,11635010,2978562560,2978.56256,97,55,94,5,20250716_155355
1752648769.4343598,11635049,2978572544,2978.572544,100,55,94,5,20250716_155355
1752648769.4443438,11635088,2978582528,2978.582528,103,54,92,5,20250716_155355
1752648769.4543276,11635127,2978592512,2978.592512,106,54,91,5,20250716_155355
1752648769.4643116,11635166,2978602496,2978.602496,109,55,90,5,20250716_155355
1752648769.4742956,11635205,2978612480,2978.61248,112,55,91,5,20250716_155355
1752648769.4842796,11635244,2978622464,2978.622464,114,55,92,5,20250716_155355
1752648769.4942636,11635283,2978632448,2978.632448,117,54,92,5,20250716_155355
1752648769.5042477,11635322,2978642432,2978.642432,119,54,90,5,20250716_155355
1752648769.5142317,11635361,2978652416,2978.652416,122,53,91,5,20250716_155355
1752648769.5244718,11635401,2978662656,2978.662656,124,52,92,5,20250716_155355
1752648769.5344558,11635440,2978672640,2978.67264,126,52,92,5,20250716_155355
1752648769.5444398,11635479,2978682624,2978.682624,128,52,92,5,20250716_155355
1752648769.5544238,11635518,2978692608,2978.692608,131,51,93,5,20250716_155355
1752648769.5644076,11635557,2978702592,2978.702592,133,52,94,5,20250716_155355
1752648769.5743916,11635596,2978712576,2978.712576,135,52,96,5,20250716_155355
1752648769.5843756,11635635,2978722560,2978.72256,137,52,96,5,20250716_155355
1752648769.5943596,11635674,2978732544,2978.732544,139,53,97,5,20250716_155355
1752648769.6043437,11635713,2978742528,2978.742528,141,53,98,5,20250716_155355
1752648769.6143277,11635752,2978752512,2978.752512,143,53,98,5,20250716_155355
1752648769.6243117,11635791,2978762496,2978.762496,146,53,100,5,20250716_155355
1752648769.6342957,11635830,2978772480,2978.77248,148,54,100,5,20250716_155355
1752648769.6442797,11635869,2978782464,2978.782464,150,54,101,5,20250716_155355
1752648769.6542635,11635908,2978792448,2978.792448,152,54,103,5,20250716_155355
1752648769.6642478,11635947,2978802432,2978.802432,155,54,104,5,20250716_155355
1752648769.6744876,11635987,2978812672,2978.812672,157,53,107,5,20250716_155355
1752648769.6844716,11636026,2978822656,2978.822656,160,53,108,5,20250716_155355
1752648769.6944556,11636065,2978832640,2978.83264,163,54,111,5,20250716_155355
1752648769.7044396,11636104,2978842624,2978.842624,166,54,114,5,20250716_155355
1752648769.7144237,11636143,2978852608,2978.852608,169,54,118,5,20250716_155355
1752648769.7244077,11636182,2978862592,2978.862592,172,54,123,5,20250716_155355
1752648769.7343917,11636221,2978872576,2978.872576,176,54,127,5,20250716_155355
1752648769.7443757,11636260,2978882560,2978.88256,180,54,134,5,20250716_155355
1752648769.7543595,11636299,2978892544,2978.892544,184,53,143,5,20250716_155355
1752648769.7643435,11636338,2978902528,2978.902528,189,53,152,5,20250716_155355
1752648769.7743278,11636377,2978912512,2978.912512,193,53,157,5,20250716_155355
1752648769.7843118,11636416,2978922496,2978.922496,198,52,161,5,20250716_155355
1752648769.7942958,11636455,2978932480,2978.93248,203,52,161,5,20250716_155355
1752648769.8042798,11636494,2978942464,2978.942464,207,54,162,5,20250716_155355
1752648769.8145196,11636534,2978952704,2978.952704,211,55,163,5,20250716_155355
1752648769.8245037,11636573,2978962688,2978.962688,215,57,163,5,20250716_155355
1752648769.8344877,11636612,2978972672,2978.972672,219,57,164,5,20250716_155355
1752648769.8444717,11636651,2978982656,2978.982656,222,58,164,5,20250716_155355
1752648769.8544557,11636690,2978992640,2978.99264,226,58,164,5,20250716_155355
1752648769.8644395,11636729,2979002624,2979.002624,229,57,165,5,20250716_155355
1752648769.8744235,11636768,2979012608,2979.012608,232,56,166,5,20250716_155355
1752648769.8844078,11636807,2979022592,2979.022592,235,55,165,5,20250716_155355
1752648769.8943918,11636846,2979032576,2979.032576,238,55,166,5,20250716_155355
1752648769.9043758,11636885,2979042560,2979.04256,241,55,166,5,20250716_155355
1752648769.9143598,11636924,2979052544,2979.052544,243,58,166,5,20250716_155355
1752648769.9243436,11636963,2979062528,2979.062528,246,59,166,5,20250716_155355
1752648769.9343276,11637002,2979072512,2979.072512,248,59,165,5,20250716_155355
1752648769.9443116,11637041,2979082496,2979.082496,251,59,166,5,20250716_155355
1752648769.9545517,11637081,2979092736,2979.092736,253,57,166,5,20250716_155355
1752648769.9645357,11637120,2979102720,2979.10272,0,59,166,5,20250716_155355
1752648769.9745195,11637159,2979112704,2979.112704,2,58,166,5,20250716_155355
1752648769.9845035,11637198,2979122688,2979.122688,4,57,166,5,20250716_155355
1752648769.9944878,11637237,2979132672,2979.132672,6,57,165,5,20250716_155355
1752648770.0044718,11637276,2979142656,2979.142656,8,56,164,5,20250716_155355
1752648770.0144558,11637315,2979152640,2979.15264,10,56,164,5,20250716_155355
1752648770.0244396,11637354,2979162624,2979.162624,12,58,163,5,20250716_155355
1752648770.0344236,11637393,2979172608,2979.172608,14,57,161,5,20250716_155355
1752648770.0444076,11637432,2979182592,2979.182592,17,58,160,5,20250716_155355
1752648770.0543916,11637471,2979192576,2979.192576,19,57,158,5,20250716_155355
1752648770.0643756,11637510,2979202560,2979.20256,21,57,157,5,20250716_155355
1752648770.0743597,11637549,2979212544,2979.212544,23,57,155,5,20250716_155355
1752648770.0843437,11637588,2979222528,2979.222528,26,57,153,5,20250716_155355
1752648770.0943277,11637627,2979232512,2979.232512,28,59,150,5,20250716_155355
1752648770.1045678,11637667,2979242752,2979.242752,31,58,147,5,20250716_155355
1752648770.1145518,11637706,2979252736,2979.252736,34,59,144,5,20250716_155355
1752648770.1245358,11637745,2979262720,2979.26272,37,62,141,5,20250716_155355
1752648770.1345196,11637784,2979272704,2979.272704,40,60,140,5,20250716_155355
1752648770.1445036,11637823,2979282688,2979.282688,44,55,136,5,20250716_155355
1752648770.1544876,11637862,2979292672,2979.292672,47,57,134,5,20250716_155355
1752648770.1644716,11637901,2979302656,2979.302656,51,58,130,5,20250716_155355
1752648770.1744556,11637940,2979312640,2979.31264,55,60,128,5,20250716_155355
1752648770.1844397,11637979,2979322624,2979.322624,59,59,127,5,20250716_155355
1752648770.1944237,11638018,2979332608,2979.332608,63,58,124,5,20250716_155355
1752648770.2044077,11638057,2979342592,2979.342592,67,59,119,5,20250716_155355
1752648770.2143917,11638096,2979352576,2979.352576,71,58,115,5,20250716_155355
1752648770.2243755,11638135,2979362560,2979.36256,75,59,112,5,20250716_155355
1752648770.2343595,11638174,2979372544,2979.372544,79,58,109,5,20250716_155355
1752648770.2445996,11638214,2979382784,2979.382784,83,58,106,5,20250716_155355
1752648770.2545836,11638253,2979392768,2979.392768,87,57,102,5,20250716_155355
1752648770.2645676,11638292,2979402752,2979.402752,91,56,100,5,20250716_155355
1752648770.2745516,11638331,2979412736,2979.412736,95,56,99,5,20250716_155355
1752648770.2845356,11638370,2979422720,2979.42272,98,57,97,5,20250716_155355
1752648770.2945197,11638409,2979432704,2979.432704,101,57,95,5,20250716_155355
1752648770.3045037,11638448,2979442688,2979.442688,105,57,92,5,20250716_155355
1752648770.3144877,11638487,2979452672,2979.452672,108,56,92,5,20250716_155355
1752648770.3244717,11638526,2979462656,2979.462656,110,56,90,5,20250716_155355
1752648770.3344555,11638565,2979472640,2979.47264,113,56,90,5,20250716_155355
1752648770.3444395,11638604,2979482624,2979.482624,116,56,90,5,20250716_155355
1752648770.3544238,11638643,2979492608,2979.492608,118,55,90,5,20250716_155355
1752648770.3644078,11638682,2979502592,2979.502592,121,55,90,5,20250716_155355
1752648770.3743918,11638721,2979512576,2979.512576,123,55,90,5,20250716_155355
1752648770.3846316,11638761,2979522816,2979.522816,125,54,91,5,20250716_155355
1752648770.3946157,11638800,2979532800,2979.5328,127,55,92,5,20250716_155355
1752648770.4045997,11638839,2979542784,2979.542784,130,55,93,5,20250716_155355
1752648770.4145837,11638878,2979552768,2979.552768,132,55,92,5,20250716_155355
1752648770.4245677,11638917,2979562752,2979.562752,134,55,93,5,20250716_155355
1752648770.4345517,11638956,2979572736,2979.572736,136,55,95,5,20250716_155355
1752648770.4445355,11638995,2979582720,2979.58272,138,55,96,5,20250716_155355
1752648770.4545195,11639034,2979592704,2979.592704,140,56,96,5,20250716_155355
1752648770.4645038,11639073,2979602688,2979.602688,142,55,97,5,20250716_155355
1752648770.4744878,11639112,2979612672,2979.612672,144,55,98,5,20250716_155355
1752648770.4844718,11639151,2979622656,2979.622656,147,56,100,5,20250716_155355
1752648770.4944556,11639190,2979632640,2979.63264,149,56,100,5,20250716_155355
1752648770.5044396,11639229,2979642624,2979.642624,151,57,102,5,20250716_155355
1752648770.5144236,11639268,2979652608,2979.652608,153,57,103,5,20250716_155355
1752648770.5244076,11639307,2979662592,2979.662592,156,57,104,5,20250716_155355
1752648770.5346477,11639347,2979672832,2979.672832,158,57,106,5,20250716_155355
1752648770.5446315,11639386,2979682816,2979.682816,161,57,108,5,20250716_155355
1752648770.5546155,11639425,2979692800,2979.6928,164,57,110,5,20250716_155355
1752648770.5645998,11639464,2979702784,2979.702784,167,57,114,5,20250716_155355
1752648770.5745838,11639503,2979712768,2979.712768,170,57,118,5,20250716_155355
1752648770.5845678,11639542,2979722752,2979.722752,173,57,122,5,20250716_155355
1752648770.5945518,11639581,2979732736,2979.732736,177,56,127,5,20250716_155355
1752648770.6045356,11639620,2979742720,2979.74272,181,56,131,5,20250716_155355
1752648770.6145196,11639659,2979752704,2979.752704,185,56,140,5,20250716_155355
1752648770.6245036,11639698,2979762688,2979.762688,190,56,149,5,20250716_155355
1752648770.6344876,11639737,2979772672,2979.772672,194,56,156,5,20250716_155355
1752648770.6444716,11639776,2979782656,2979.782656,199,56,161,5,20250716_155355
1752648770.6544557,11639815,2979792640,2979.79264,203,58,162,5,20250716_155355
1752648770.6644397,11639854,2979802624,2979.802624,208,58,160,5,20250716_155355
1752648770.6744237,11639893,2979812608,2979.812608,212,59,160,5,20250716_155355
1752648770.6846638,11639933,2979822848,2979.822848,216,59,162,5,20250716_155355
1752648770.6946478,11639972,2979832832,2979.832832,219,61,164,5,20250716_155355
1752648770.7046318,11640011,2979842816,2979.842816,223,61,165,5,20250716_155355
1752648770.7146156,11640050,2979852800,2979.8528,226,61,165,5,20250716_155355
1752648770.7245996,11640089,2979862784,2979.862784,229,59,165,5,20250716_155355
1752648770.7345836,11640128,2979872768,2979.872768,233,59,165,5,20250716_155355
1752648770.7445676,11640167,2979882752,2979.882752,236,57,166,5,20250716_155355
1752648770.7545516,11640206,2979892736,2979.892736,238,57,166,5,20250716_155355
1752648770.7645357,11640245,2979902720,2979.90272,241,57,166,5,20250716_155355
1752648770.7745197,11640284,2979912704,2979.912704,244,56,166,5,20250716_155355
1752648770.7845037,11640323,2979922688,2979.922688,246,59,166,5,20250716_155355
1752648770.7944877,11640362,2979932672,2979.932672,249,58,165,5,20250716_155355
1752648770.8044715,11640401,2979942656,2979.942656,251,58,165,5,20250716_155355
1752648770.8147118,11640441,2979952896,2979.952896,253,59,165,5,20250716_155355
1752648770.8246956,11640480,2979962880,2979.96288,0,59,164,5,20250716_155355
1752648770.8346796,11640519,2979972864,2979.972864,3,59,163,5,20250716_155355
1752648770.8446636,11640558,2979982848,2979.982848,5,58,163,5,20250716_155355
1752648770.8546476,11640597,2979992832,2979.992832,7,59,163,5,20250716_155355
1752648770.8646317,11640636,2980002816,2980.002816,9,58,161,5,20250716_155355
1752648770.8746157,11640675,2980012800,2980.0128,11,58,160,5,20250716_155355
1752648770.8845997,11640714,2980022784,2980.022784,13,58,159,5,20250716_155355
1752648770.8945837,11640753,2980032768,2980.032768,16,59,157,5,20250716_155355
1752648770.9045677,11640792,2980042752,2980.042752,18,61,155,5,20250716_155355
1752648770.9145515,11640831,2980052736,2980.052736,21,60,153,5,20250716_155355
1752648770.9245358,11640870,2980062720,2980.06272,23,61,151,5,20250716_155355
1752648770.9345198,11640909,2980072704,2980.072704,26,61,148,5,20250716_155355
1752648770.9445038,11640948,2980082688,2980.082688,29,61,146,5,20250716_155355
1752648770.9544878,11640987,2980092672,2980.092672,32,60,143,5,20250716_155355
1752648770.9647276,11641027,2980102912,2980.102912,35,59,140,5,20250716_155355
1752648770.9747117,11641066,2980112896,2980.112896,38,60,138,5,20250716_155355
1752648770.9846957,11641105,2980122880,2980.12288,42,62,135,5,20250716_155355
1752648770.9946797,11641144,2980132864,2980.132864,45,64,132,5,20250716_155355
1752648771.0046637,11641183,2980142848,2980.142848,49,59,127,5,20250716_155355
1752648771.0146475,11641222,2980152832,2980.152832,53,58,127,5,20250716_155355
1752648771.0246315,11641261,2980162816,2980.162816,57,58,123,5,20250716_155355
1752648771.0346158,11641300,2980172800,2980.1728,61,59,120,5,20250716_155355
1752648771.0445998,11641339,2980182784,2980.182784,65,60,116,5,20250716_155355
1752648771.0545838,11641378,2980192768,2980.192768,70,60,113,5,20250716_155355
1752648771.0645678,11641417,2980202752,2980.202752,74,61,108,5,20250716_155355
1752648771.0745516,11641456,2980212736,2980.212736,78,61,106,5,20250716_155355
1752648771.0845356,11641495,2980222720,2980.22272,82,59,103,5,20250716_155355
1752648771.0945196,11641534,2980232704,2980.232704,86,58,100,5,20250716_155355
1752648771.1047597,11641574,2980242944,2980.242944,90,59,97,5,20250716_155355
1752648771.1147437,11641613,2980252928,2980.252928,94,58,96,5,20250716_155355
1752648771.1247275,11641652,2980262912,2980.262912,97,57,96,5,20250716_155355
1752648771.1347115,11641691,2980272896,2980.272896,100,58,93,5,20250716_155355
1752648771.1446958,11641730,2980282880,2980.28288,104,57,91,5,20250716_155355
1752648771.1546798,11641769,2980292864,2980.292864,107,56,91,5,20250716_155355
1752648771.1646638,11641808,2980302848,2980.302848,109,56,92,5,20250716_155355
1752648771.1746478,11641847,2980312832,2980.312832,112,56,92,5,20250716_155355
1752648771.1846316,11641886,2980322816,2980.322816,115,56,92,5,20250716_155355
1752648771.1946156,11641925,2980332800,2980.3328,117,57,91,5,20250716_155355
1752648771.2045996,11641964,2980342784,2980.342784,120,57,92,5,20250716_155355
1752648771.2145836,11642003,2980352768,2980.352768,122,56,93,5,20250716_155355
1752648771.2245677,11642042,2980362752,2980.362752,124,56,92,5,20250716_155355
1752648771.2345517,11642081,2980372736,2980.372736,127,56,92,5,20250716_155355
1752648771.2445357,11642120,2980382720,2980.38272,129,57,93,5,20250716_155355
1752648771.2547758,11642160,2980392960,2980.39296,131,56,94,5,20250716_155355
1752648771.2647598,11642199,2980402944,2980.402944,133,56,95,5,20250716_155355
1752648771.2747438,11642238,2980412928,2980.412928,135,56,96,5,20250716_155355
1752648771.2847276,11642277,2980422912,2980.422912,138,57,97,5,20250716_155355
1752648771.2947116,11642316,2980432896,2980.432896,140,57,97,5,20250716_155355
1752648771.3046956,11642355,2980442880,2980.44288,142,57,98,5,20250716_155355
1752648771.3146796,11642394,2980452864,2980.452864,144,57,99,5,20250716_155355
1752648771.3246636,11642433,2980462848,2980.462848,146,57,100,5,20250716_155355
1752648771.3346477,11642472,2980472832,2980.472832,149,57,101,5,20250716_155355
1752648771.3446317,11642511,2980482816,2980.482816,151,58,103,5,20250716_155355
1752648771.3546157,11642550,2980492800,2980.4928,154,58,104,5,20250716_155355
1752648771.3645997,11642589,2980502784,2980.502784,156,58,107,5,20250716_155355
1752648771.3748398,11642629,2980513024,2980.513024,159,58,108,5,20250716_155355
1752648771.3848238,11642668,2980523008,2980.523008,162,59,109,5,20250716_155355
1752648771.3948076,11642707,2980532992,2980.532992,164,58,113,5,20250716_155355
1752648771.4047916,11642746,2980542976,2980.542976,168,58,116,5,20250716_155355
1752648771.4147756,11642785,2980552960,2980.55296,171,58,121,5,20250716_155355
1752648771.4247596,11642824,2980562944,2980.562944,174,58,125,5,20250716_155355
1752648771.4347436,11642863,2980572928,2980.572928,178,58,130,5,20250716_155355
1752648771.4449835,11642903,2980583168,2980.583168,182,58,139,5,20250716_155355
1752648771.4549675,11642942,2980593152,2980.593152,187,58,148,5,20250716_155355
1752648771.4649518,11642981,2980603136,2980.603136,191,58,154,5,20250716_155355
1752648771.4749358,11643020,2980613120,2980.61312,196,59,160,5,20250716_155355
1752648771.4849198,11643059,2980623104,2980.623104,201,59,162,5,20250716_155355
1752648771.4949038,11643098,2980633088,2980.633088,205,60,162,5,20250716_155355
1752648771.5048876,11643137,2980643072,2980.643072,209,60,162,5,20250716_155355
1752648771.5148716,11643176,2980653056,2980.653056,213,62,163,5,20250716_155355
1752648771.5251117,11643216,2980663296,2980.663296,217,62,164,5,20250716_155355
1752648771.5350957,11643255,2980673280,2980.67328,221,62,164,5,20250716_155355
1752648771.5450797,11643294,2980683264,2980.683264,224,63,165,5,20250716_155355
1752648771.5550635,11643333,2980693248,2980.693248,228,61,165,5,20250716_155355
1752648771.5650475,11643372,2980703232,2980.703232,231,58,166,5,20250716_155355
1752648771.5750318,11643411,2980713216,2980.713216,234,59,164,5,20250716_155355
1752648771.5850158,11643450,2980723200,2980.7232,237,60,165,5,20250716_155355
1752648771.5952556,11643490,2980733440,2980.73344,240,59,166,5,20250716_155355
1752648771.6052396,11643529,2980743424,2980.743424,242,61,167,5,20250716_155355
1752648771.6152236,11643568,2980753408,2980.753408,245,60,166,5,20250716_155355
1752648771.6252077,11643607,2980763392,2980.763392,247,61,165,5,20250716_155355
1752648771.6351917,11643646,2980773376,2980.773376,250,60,164,5,20250716_155355
1752648771.6451757,11643685,2980783360,2980.78336,252,62,164,5,20250716_155355
1752648771.6551597,11643724,2980793344,2980.793344,254,62,163,5,20250716_155355
1752648771.6653998,11643764,2980803584,2980.803584,2,62,163,5,20250716_155355
1752648771.6753838,11643803,2980813568,2980.813568,4,64,161,5,20250716_155355
1752648771.6853676,11643842,2980823552,2980.823552,6,63,161,5,20250716_155355
1752648771.6953516,11643881,2980833536,2980.833536,8,63,159,5,20250716_155355
1752648771.7053356,11643920,2980843520,2980.84352,11,64,158,5,20250716_155355
1752648771.7153196,11643959,2980853504,2980.853504,13,63,158,5,20250716_155355
1752648771.7253036,11643998,2980863488,2980.863488,15,63,157,5,20250716_155355
1752648771.7352877,11644037,2980873472,2980.873472,18,63,156,5,20250716_155355
1752648771.7455275,11644077,2980883712,2980.883712,20,63,155,5,20250716_155355
1752648771.7555118,11644116,2980893696,2980.893696,22,64,153,5,20250716_155355
1752648771.7654958,11644155,2980903680,2980.90368,25,64,152,5,20250716_155355
1752648771.7754798,11644194,2980913664,2980.913664,28,64,150,5,20250716_155355
1752648771.7854638,11644233,2980923648,2980.923648,30,65,148,5,20250716_155355
1752648771.7954476,11644272,2980933632,2980.933632,33,67,144,5,20250716_155355
1752648771.8056877,11644312,2980943872,2980.943872,36,65,141,5,20250716_155355
1752648771.8156717,11644351,2980953856,2980.953856,40,64,138,5,20250716_155355
1752648771.8256557,11644390,2980963840,2980.96384,43,67,135,5,20250716_155355
1752648771.8356397,11644429,2980973824,2980.973824,47,72,132,5,20250716_155355
1752648771.8456235,11644468,2980983808,2980.983808,51,67,129,5,20250716_155355
1752648771.8556075,11644507,2980993792,2980.993792,55,63,127,5,20250716_155355
1752648771.8655918,11644546,2981003776,2981.003776,58,63,127,5,20250716_155355
1752648771.8755758,11644585,2981013760,2981.01376,62,62,124,5,20250716_155355
1752648771.8855598,11644624,2981023744,2981.023744,67,61,118,5,20250716_155355
1752648771.8957996,11644664,2981033984,2981.033984,71,61,115,5,20250716_155355
1752648771.9057837,11644703,2981043968,2981.043968,75,62,111,5,20250716_155355
1752648771.9157677,11644742,2981053952,2981.053952,79,61,108,5,20250716_155355
1752648771.9257517,11644781,2981063936,2981.063936,83,60,105,5,20250716_155355
1752648771.9357357,11644820,2981073920,2981.07392,87,59,102,5,20250716_155355
1752648771.9457197,11644859,2981083904,2981.083904,91,59,99,5,20250716_155355
1752648771.9557035,11644898,2981093888,2981.093888,94,59,97,5,20250716_155355
1752648771.9656878,11644937,2981103872,2981.103872,98,58,96,5,20250716_155355
1752648771.9756718,11644976,2981113856,2981.113856,101,59,94,5,20250716_155355
1752648771.9856558,11645015,2981123840,2981.12384,104,59,93,5,20250716_155355
1752648771.9956398,11645054,2981133824,2981.133824,107,59,91,5,20250716_155355
1752648772.0056236,11645093,2981143808,2981.143808,110,59,91,5,20250716_155355
1752648772.0156076,11645132,2981153792,2981.153792,113,59,92,5,20250716_155355
1752648772.0255916,11645171,2981163776,2981.163776,115,59,90,5,20250716_155355
1752648772.0358317,11645211,2981174016,2981.174016,118,58,91,5,20250716_155355
1752648772.0458157,11645250,2981184000,2981.184,120,58,91,5,20250716_155355
1752648772.0557995,11645289,2981193984,2981.193984,123,58,91,5,20250716_155355
1752648772.0657835,11645328,2981203968,2981.203968,125,58,92,5,20250716_155355
1752648772.0757678,11645367,2981213952,2981.213952,127,56,92,5,20250716_155355
1752648772.0857518,11645406,2981223936,2981.223936,129,57,93,5,20250716_155355
1752648772.0957358,11645445,2981233920,2981.23392,132,57,94,5,20250716_155355
1752648772.1057198,11645484,2981243904,2981.243904,134,58,95,5,20250716_155355
1752648772.1157036,11645523,2981253888,2981.253888,136,58,95,5,20250716_155355
1752648772.1256876,11645562,2981263872,2981.263872,138,58,96,5,20250716_155355
1752648772.1356716,11645601,2981273856,2981.273856,140,59,97,5,20250716_155355
1752648772.1456556,11645640,2981283840,2981.28384,142,59,98,5,20250716_155355
1752648772.1556396,11645679,2981293824,2981.293824,144,59,99,5,20250716_155355
1752648772.1656237,11645718,2981303808,2981.303808,147,59,100,5,20250716_155355
1752648772.1756077,11645757,2981313792,2981.313792,149,59,100,5,20250716_155355
1752648772.1858478,11645797,2981324032,2981.324032,151,59,102,5,20250716_155355
1752648772.1958318,11645836,2981334016,2981.334016,154,60,103,5,20250716_155355
1752648772.2058158,11645875,2981344000,2981.344,156,61,105,5,20250716_155355
1752648772.2157998,11645914,2981353984,2981.353984,159,62,107,5,20250716_155355
1752648772.2257836,11645953,2981363968,2981.363968,162,61,109,5,20250716_155355
1752648772.2357676,11645992,2981373952,2981.373952,164,62,111,5,20250716_155355
1752648772.2457516,11646031,2981383936,2981.383936,167,63,114,5,20250716_155355
1752648772.2557356,11646070,2981393920,2981.39392,171,61,117,5,20250716_155355
1752648772.2657197,11646109,2981403904,2981.403904,174,60,122,5,20250716_155355
1752648772.2757037,11646148,2981413888,2981.413888,178,61,127,5,20250716_155355
1752648772.2856877,11646187,2981423872,2981.423872,182,62,132,5,20250716_155355
1752648772.2956717,11646226,2981433856,2981.433856,186,61,141,5,20250716_155355
1752648772.3056557,11646265,2981443840,2981.44384,190,61,149,5,20250716_155355
1752648772.3156395,11646304,2981453824,2981.453824,195,60,156,5,20250716_155355
1752648772.3258796,11646344,2981464064,2981.464064,199,59,160,5,20250716_155355
1752648772.3358636,11646383,2981474048,2981.474048,204,60,161,5,20250716_155355
1752648772.3458476,11646422,2981484032,2981.484032,208,60,162,5,20250716_155355
1752648772.3558316,11646461,2981494016,2981.494016,212,62,162,5,20250716_155355
1752648772.3658156,11646500,2981504000,2981.504,216,63,163,5,20250716_155355
1752648772.3757997,11646539,2981513984,2981.513984,220,63,164,5,20250716_155355
1752648772.3857837,11646578,2981523968,2981.523968,223,64,164,5,20250716_155355
1752648772.3957677,11646617,2981533952,2981.533952,227,63,165,5,20250716_155355
1752648772.4057517,11646656,2981543936,2981.543936,230,59,165,5,20250716_155355
1752648772.4157355,11646695,2981553920,2981.55392,233,60,166,5,20250716_155355
1752648772.4257195,11646734,2981563904,2981.563904,236,62,165,5,20250716_155355
1752648772.4357038,11646773,2981573888,2981.573888,239,62,165,5,20250716_155355
1752648772.4459436,11646813,2981584128,2981.584128,241,63,165,5,20250716_155355
1752648772.4559276,11646852,2981594112,2981.594112,244,63,164,5,20250716_155355
1752648772.4659116,11646891,2981604096,2981.604096,247,65,165,5,20250716_155355
1752648772.4758956,11646930,2981614080,2981.61408,249,64,164,5,20250716_155355
1752648772.4858797,11646969,2981624064,2981.624064,251,66,164,5,20250716_155355
1752648772.4958637,11647008,2981634048,2981.634048,254,66,164,5,20250716_155355
1752648772.5058477,11647047,2981644032,2981.644032,1,65,164,5,20250716_155355
1752648772.5158317,11647086,2981654016,2981.654016,3,66,163,5,20250716_155355
1752648772.5258155,11647125,2981664000,2981.664,5,65,162,5,20250716_155355
1752648772.5357995,11647164,2981673984,2981.673984,7,65,161,5,20250716_155355
1752648772.5457838,11647203,2981683968,2981.683968,10,64,161,5,20250716_155355
1752648772.5557678,11647242,2981693952,2981.693952,12,65,160,5,20250716_155355
1752648772.5660076,11647282,2981704192,2981.704192,14,65,159,5,20250716_155355
1752648772.5759916,11647321,2981714176,2981.714176,16,66,158,5,20250716_155355
1752648772.5859756,11647360,2981724160,2981.72416,18,65,156,5,20250716_155355
1752648772.5959597,11647399,2981734144,2981.734144,21,65,155,5,20250716_155355
1752648772.6059437,11647438,2981744128,2981.744128,23,66,152,5,20250716_155355
1752648772.6159277,11647477,2981754112,2981.754112,26,67,151,5,20250716_155355
1752648772.6259117,11647516,2981764096,2981.764096,28,67,148,5,20250716_155355
1752648772.6358955,11647555,2981774080,2981.77408,31,66,146,5,20250716_155355
1752648772.6458795,11647594,2981784064,2981.784064,34,67,144,5,20250716_155355
1752648772.6558638,11647633,2981794048,2981.794048,37,68,141,5,20250716_155355
1752648772.6658478,11647672,2981804032,2981.804032,41,68,138,5,20250716_155355
1752648772.6758318,11647711,2981814016,2981.814016,44,67,135,5,20250716_155355
1752648772.6858156,11647750,2981824000,2981.824,48,69,131,5,20250716_155355
1752648772.6957996,11647789,2981833984,2981.833984,51,70,129,5,20250716_155355
1752648772.7060397,11647829,2981844224,2981.844224,55,65,127,5,20250716_155355
1752648772.7160237,11647868,2981854208,2981.854208,59,64,125,5,20250716_155355
1752648772.7260077,11647907,2981864192,2981.864192,63,64,121,5,20250716_155355
1752648772.7359917,11647946,2981874176,2981.874176,67,64,118,5,20250716_155355
1752648772.7459755,11647985,2981884160,2981.88416,72,63,113,5,20250716_155355
1752648772.7559595,11648024,2981894144,2981.894144,76,61,110,5,20250716_155355
1752648772.7659438,11648063,2981904128,2981.904128,80,60,108,5,20250716_155355
1752648772.7759278,11648102,2981914112,2981.914112,84,61,104,5,20250716_155355
1752648772.7859118,11648141,2981924096,2981.924096,88,60,102,5,20250716_155355
1752648772.7958956,11648180,2981934080,2981.93408,92,60,99,5,20250716_155355
1752648772.8058796,11648219,2981944064,2981.944064,95,60,97,5,20250716_155355
1752648772.8158636,11648258,2981954048,2981.954048,99,59,94,5,20250716_155355
1752648772.8258476,11648297,2981964032,2981.964032,102,59,94,5,20250716_155355
1752648772.8358316,11648336,2981974016,2981.974016,105,59,92,5,20250716_155355
1752648772.8460715,11648376,2981984256,2981.984256,108,60,91,5,20250716_155355
1752648772.8560555,11648415,2981994240,2981.99424,111,59,91,5,20250716_155355
1752648772.8660398,11648454,2982004224,2982.004224,113,58,89,5,20250716_155355
1752648772.8760238,11648493,2982014208,2982.014208,116,58,91,5,20250716_155355
1752648772.8860078,11648532,2982024192,2982.024192,118,57,92,5,20250716_155355
1752648772.8959918,11648571,2982034176,2982.034176,121,57,93,5,20250716_155355
1752648772.9059756,11648610,2982044160,2982.04416,123,57,93,5,20250716_155355
1752648772.9159596,11648649,2982054144,2982.054144,126,58,94,5,20250716_155355
1752648772.9259436,11648688,2982064128,2982.064128,128,57,94,5,20250716_155355
1752648772.9359276,11648727,2982074112,2982.074112,130,57,94,5,20250716_155355
1752648772.9459116,11648766,2982084096,2982.084096,132,58,95,5,20250716_155355
1752648772.9558957,11648805,2982094080,2982.09408,134,58,95,5,20250716_155355
1752648772.9658797,11648844,2982104064,2982.104064,136,58,96,5,20250716_155355
1752648772.9758637,11648883,2982114048,2982.114048,139,59,98,5,20250716_155355
1752648772.9858477,11648922,2982124032,2982.124032,141,59,98,5,20250716_155355
1752648772.9960878,11648962,2982134272,2982.134272,143,59,99,5,20250716_155355
1752648773.0060718,11649001,2982144256,2982.144256,145,60,100,5,20250716_155355
1752648773.0160556,11649040,2982154240,2982.15424,148,60,101,5,20250716_155355
1752648773.0260396,11649079,2982164224,2982.164224,150,60,103,5,20250716_155355
1752648773.0360236,11649118,2982174208,2982.174208,152,61,104,5,20250716_155355
1752648773.0460076,11649157,2982184192,2982.184192,155,62,106,5,20250716_155355
1752648773.0559916,11649196,2982194176,2982.194176,158,62,108,5,20250716_155355
1752648773.0659757,11649235,2982204160,2982.20416,160,63,110,5,20250716_155355
1752648773.0759597,11649274,2982214144,2982.214144,163,64,112,5,20250716_155355
1752648773.0859437,11649313,2982224128,2982.224128,166,64,116,5,20250716_155355
1752648773.0959277,11649352,2982234112,2982.234112,170,64,119,5,20250716_155355
1752648773.1059115,11649391,2982244096,2982.244096,173,62,123,5,20250716_155355
1752648773.1158955,11649430,2982254080,2982.25408,177,61,127,5,20250716_155355
1752648773.1258798,11649469,2982264064,2982.264064,181,61,134,5,20250716_155355
1752648773.1361196,11649509,2982274304,2982.274304,185,61,143,5,20250716_155355
1752648773.1461036,11649548,2982284288,2982.284288,190,61,151,5,20250716_155355
1752648773.1560876,11649587,2982294272,2982.294272,194,60,157,5,20250716_155355
1752648773.1660717,11649626,2982304256,2982.304256,199,60,162,5,20250716_155355
1752648773.1760557,11649665,2982314240,2982.31424,203,59,162,5,20250716_155355
1752648773.1860397,11649704,2982324224,2982.324224,208,60,163,5,20250716_155355
1752648773.1960237,11649743,2982334208,2982.334208,212,61,163,5,20250716_155355
1752648773.2060077,11649782,2982344192,2982.344192,216,63,164,5,20250716_155355
1752648773.2159915,11649821,2982354176,2982.354176,219,63,164,5,20250716_155355
1752648773.2259758,11649860,2982364160,2982.36416,223,64,165,5,20250716_155355
1752648773.2359598,11649899,2982374144,2982.374144,226,63,165,5,20250716_155355
1752648773.2459438,11649938,2982384128,2982.384128,230,61,165,5,20250716_155355
1752648773.2559278,11649977,2982394112,2982.394112,233,59,165,5,20250716_155355
1752648773.2659116,11650016,2982404096,2982.404096,236,60,165,5,20250716_155355
1752648773.2761517,11650056,2982414336,2982.414336,238,62,165,5,20250716_155355
1752648773.2861357,11650095,2982424320,2982.42432,241,65,165,5,20250716_155355
1752648773.2961197,11650134,2982434304,2982.434304,244,67,164,5,20250716_155355
1752648773.3061037,11650173,2982444288,2982.444288,246,68,163,5,20250716_155355
1752648773.3160875,11650212,2982454272,2982.454272,249,67,162,5,20250716_155355
1752648773.3260715,11650251,2982464256,2982.464256,251,70,163,5,20250716_155355
1752648773.3360558,11650290,2982474240,2982.47424,253,69,163,5,20250716_155355
1752648773.3460398,11650329,2982484224,2982.484224,1,67,163,5,20250716_155355
1752648773.3560238,11650368,2982494208,2982.494208,3,68,162,5,20250716_155355
1752648773.3660078,11650407,2982504192,2982.504192,5,66,161,5,20250716_155355
1752648773.3759916,11650446,2982514176,2982.514176,7,66,160,5,20250716_155355
1752648773.3859756,11650485,2982524160,2982.52416,10,66,159,5,20250716_155355
1752648773.3959596,11650524,2982534144,2982.534144,12,66,158,5,20250716_155355
1752648773.4059436,11650563,2982544128,2982.544128,14,65,157,5,20250716_155355
1752648773.4161837,11650603,2982554368,2982.554368,16,65,156,5,20250716_155355
1752648773.4261675,11650642,2982564352,2982.564352,19,67,155,5,20250716_155355
1752648773.4361515,11650681,2982574336,2982.574336,21,69,154,5,20250716_155355
1752648773.4461358,11650720,2982584320,2982.58432,23,68,153,5,20250716_155355
1752648773.4561198,11650759,2982594304,2982.594304,26,68,152,5,20250716_155355
1752648773.4661038,11650798,2982604288,2982.604288,29,66,147,5,20250716_155355
1752648773.4760878,11650837,2982614272,2982.614272,31,65,145,5,20250716_155355
1752648773.4860716,11650876,2982624256,2982.624256,34,66,143,5,20250716_155355
1752648773.4960556,11650915,2982634240,2982.63424,38,66,141,5,20250716_155355
1752648773.5060396,11650954,2982644224,2982.644224,41,67,138,5,20250716_155355
1752648773.5160236,11650993,2982654208,2982.654208,44,69,136,5,20250716_155355
1752648773.5260077,11651032,2982664192,2982.664192,48,72,131,5,20250716_155355
1752648773.5359917,11651071,2982674176,2982.674176,52,72,129,5,20250716_155355
1752648773.5459757,11651110,2982684160,2982.68416,56,67,127,5,20250716_155355
1752648773.5559597,11651149,2982694144,2982.694144,60,67,126,5,20250716_155355
1752648773.5661998,11651189,2982704384,2982.704384,64,66,121,5,20250716_155355
1752648773.5761838,11651228,2982714368,2982.714368,68,65,118,5,20250716_155355
1752648773.5861676,11651267,2982724352,2982.724352,72,63,114,5,20250716_155355
1752648773.5961516,11651306,2982734336,2982.734336,76,63,111,5,20250716_155355
1752648773.6061356,11651345,2982744320,2982.74432,80,62,108,5,20250716_155355
1752648773.6161196,11651384,2982754304,2982.754304,84,61,105,5,20250716_155355
1752648773.6261036,11651423,2982764288,2982.764288,88,62,103,5,20250716_155355
1752648773.6360877,11651462,2982774272,2982.774272,92,60,100,5,20250716_155355
1752648773.6460717,11651501,2982784256,2982.784256,95,59,97,5,20250716_155355
1752648773.6560557,11651540,2982794240,2982.79424,99,59,97,5,20250716_155355
1752648773.6660397,11651579,2982804224,2982.804224,102,58,95,5,20250716_155355
1752648773.6760235,11651618,2982814208,2982.814208,105,59,94,5,20250716_155355
1752648773.6860075,11651657,2982824192,2982.824192,108,59,92,5,20250716_155355
1752648773.6959918,11651696,2982834176,2982.834176,111,58,91,5,20250716_155355
1752648773.7059758,11651735,2982844160,2982.84416,114,58,90,5,20250716_155355
1752648773.7162156,11651775,2982854400,2982.8544,116,58,89,5,20250716_155355
1752648773.7261996,11651814,2982864384,2982.864384,119,57,90,5,20250716_155355
1752648773.7361836,11651853,2982874368,2982.874368,121,57,91,5,20250716_155355
1752648773.7461677,11651892,2982884352,2982.884352,123,57,91,5,20250716_155355
1752648773.7561517,11651931,2982894336,2982.894336,126,57,92,5,20250716_155355
1752648773.7661357,11651970,2982904320,2982.90432,128,57,91,5,20250716_155355
1752648773.7761197,11652009,2982914304,2982.914304,130,58,91,5,20250716_155355
1752648773.7861035,11652048,2982924288,2982.924288,132,57,91,5,20250716_155355
1752648773.7960875,11652087,2982934272,2982.934272,134,57,92,5,20250716_155355
1752648773.8060718,11652126,2982944256,2982.944256,136,57,93,5,20250716_155355
1752648773.8160558,11652165,2982954240,2982.95424,138,57,94,5,20250716_155355
1752648773.8260398,11652204,2982964224,2982.964224,140,57,96,5,20250716_155355
1752648773.8360238,11652243,2982974208,2982.974208,142,57,96,5,20250716_155355
1752648773.8460076,11652282,2982984192,2982.984192,144,58,97,5,20250716_155355
1752648773.8562477,11652322,2982994432,2982.994432,147,58,98,5,20250716_155355
1752648773.8662317,11652361,2983004416,2983.004416,149,59,99,5,20250716_155355
1752648773.8762157,11652400,2983014400,2983.0144,151,59,100,5,20250716_155355
1752648773.8861997,11652439,2983024384,2983.024384,153,60,101,5,20250716_155355
1752648773.8961835,11652478,2983034368,2983.034368,156,60,102,5,20250716_155355
1752648773.9061675,11652517,2983044352,2983.044352,158,61,104,5,20250716_155355
1752648773.9161518,11652556,2983054336,2983.054336,161,61,106,5,20250716_155355
1752648773.9261358,11652595,2983064320,2983.06432,164,61,108,5,20250716_155355
1752648773.9361198,11652634,2983074304,2983.074304,166,61,111,5,20250716_155355
1752648773.9461036,11652673,2983084288,2983.084288,169,60,114,5,20250716_155355
1752648773.9560876,11652712,2983094272,2983.094272,173,60,118,5,20250716_155355
1752648773.9660716,11652751,2983104256,2983.104256,176,60,122,5,20250716_155355
1752648773.9760556,11652790,2983114240,2983.11424,180,61,127,5,20250716_155355
1752648773.9860396,11652829,2983124224,2983.124224,184,61,133,5,20250716_155355
1752648773.9960237,11652868,2983134208,2983.134208,188,60,142,5,20250716_155355
1752648774.0062635,11652908,2983144448,2983.144448,193,60,151,5,20250716_155355
1752648774.0162475,11652947,2983154432,2983.154432,197,59,157,5,20250716_155355
1752648774.0262318,11652986,2983164416,2983.164416,202,59,160,5,20250716_155355
1752648774.0362158,11653025,2983174400,2983.1744,206,59,160,5,20250716_155355
1752648774.0461998,11653064,2983184384,2983.184384,210,61,162,5,20250716_155355
1752648774.0561836,11653103,2983194368,2983.194368,214,62,162,5,20250716_155355
1752648774.0661676,11653142,2983204352,2983.204352,218,62,164,5,20250716_155355
1752648774.0761516,11653181,2983214336,2983.214336,222,63,164,5,20250716_155355
1752648774.0861356,11653220,2983224320,2983.22432,225,62,163,5,20250716_155355
1752648774.0961196,11653259,2983234304,2983.234304,228,63,164,5,20250716_155355
1752648774.1061037,11653298,2983244288,2983.244288,231,63,164,5,20250716_155355
1752648774.1160877,11653337,2983254272,2983.254272,234,64,165,5,20250716_155355
1752648774.1260717,11653376,2983264256,2983.264256,237,65,165,5,20250716_155355
1752648774.1360557,11653415,2983274240,2983.27424,240,66,166,5,20250716_155355
1752648774.1460395,11653454,2983284224,2983.284224,243,66,165,5,20250716_155355
1752648774.1562798,11653494,2983294464,2983.294464,245,67,165,5,20250716_155355
1752648774.1662636,11653533,2983304448,2983.304448,248,68,164,5,20250716_155355
1752648774.1762476,11653572,2983314432,2983.314432,250,67,163,5,20250716_155355
1752648774.1862316,11653611,2983324416,2983.324416,252,68,164,5,20250716_155355
1752648774.1962156,11653650,2983334400,2983.3344,0,68,163,5,20250716_155355
1752648774.2061996,11653689,2983344384,2983.344384,2,68,161,5,20250716_155355
1752648774.2161837,11653728,2983354368,2983.354368,4,69,161,5,20250716_155355
1752648774.2261677,11653767,2983364352,2983.364352,6,68,160,5,20250716_155355
1752648774.2361517,11653806,2983374336,2983.374336,9,67,158,5,20250716_155355
1752648774.2461357,11653845,2983384320,2983.38432,11,66,157,5,20250716_155355
1752648774.2561195,11653884,2983394304,2983.394304,13,66,156,5,20250716_155355
1752648774.2661035,11653923,2983404288,2983.404288,16,66,155,5,20250716_155355
1752648774.2760878,11653962,2983414272,2983.414272,18,66,154,5,20250716_155355
1752648774.2860718,11654001,2983424256,2983.424256,20,66,153,5,20250716_155355
1752648774.2963116,11654041,2983434496,2983.434496,23,67,150,5,20250716_155355
1752648774.3062956,11654080,2983444480,2983.44448,26,67,148,5,20250716_155355
1752648774.3162796,11654119,2983454464,2983.454464,28,68,146,5,20250716_155355
1752648774.3262637,11654158,2983464448,2983.464448,31,70,143,5,20250716_155355
1752648774.3362477,11654197,2983474432,2983.474432,35,71,141,5,20250716_155355
1752648774.3462317,11654236,2983484416,2983.484416,38,70,137,5,20250716_155355
1752648774.3562157,11654275,2983494400,2983.4944,41,70,134,5,20250716_155355
1752648774.3661995,11654314,2983504384,2983.504384,45,71,131,5,20250716_155355
1752648774.3761835,11654353,2983514368,2983.514368,49,69,127,5,20250716_155355
1752648774.3861678,11654392,2983524352,2983.524352,53,72,126,5,20250716_155355
1752648774.3961518,11654431,2983534336,2983.534336,57,68,123,5,20250716_155355
1752648774.4061358,11654470,2983544320,2983.54432,61,67,120,5,20250716_155355
1752648774.4161196,11654509,2983554304,2983.554304,65,68,116,5,20250716_155355
1752648774.4261036,11654548,2983564288,2983.564288,69,67,112,5,20250716_155355
1752648774.4363437,11654588,2983574528,2983.574528,73,67,109,5,20250716_155355
1752648774.4463277,11654627,2983584512,2983.584512,78,67,106,5,20250716_155355
1752648774.4563117,11654666,2983594496,2983.594496,82,66,103,5,20250716_155355
1752648774.4662957,11654705,2983604480,2983.60448,86,64,100,5,20250716_155355
1752648774.4762795,11654744,2983614464,2983.614464,90,63,98,5,20250716_155355
1752648774.4862638,11654783,2983624448,2983.624448,93,62,96,5,20250716_155355
1752648774.4962478,11654822,2983634432,2983.634432,97,62,95,5,20250716_155355
1752648774.5062318,11654861,2983644416,2983.644416,100,60,93,5,20250716_155355
1752648774.5162158,11654900,2983654400,2983.6544,103,60,92,5,20250716_155355
1752648774.5261996,11654939,2983664384,2983.664384,106,61,90,5,20250716_155355
1752648774.5361836,11654978,2983674368,2983.674368,109,62,92,5,20250716_155355
1752648774.5461676,11655017,2983684352,2983.684352,112,62,90,5,20250716_155355
1752648774.5561516,11655056,2983694336,2983.694336,115,61,92,5,20250716_155355
1752648774.5661356,11655095,2983704320,2983.70432,117,60,92,5,20250716_155355
1752648774.5761197,11655134,2983714304,2983.714304,120,59,93,5,20250716_155355
1752648774.5863595,11655174,2983724544,2983.724544,122,59,93,5,20250716_155355
1752648774.5963438,11655213,2983734528,2983.734528,124,58,93,5,20250716_155355
1752648774.6063278,11655252,2983744512,2983.744512,127,58,95,5,20250716_155355
1752648774.6163118,11655291,2983754496,2983.754496,129,58,93,5,20250716_155355
1752648774.6262958,11655330,2983764480,2983.76448,131,58,94,5,20250716_155355
1752648774.6362796,11655369,2983774464,2983.774464,133,58,95,5,20250716_155355
1752648774.6462636,11655408,2983784448,2983.784448,135,57,96,5,20250716_155355
1752648774.6562476,11655447,2983794432,2983.794432,138,57,97,5,20250716_155355
1752648774.6662316,11655486,2983804416,2983.804416,140,57,97,5,20250716_155355
1752648774.6762156,11655525,2983814400,2983.8144,142,58,98,5,20250716_155355
1752648774.6861997,11655564,2983824384,2983.824384,144,58,99,5,20250716_155355
1752648774.6961837,11655603,2983834368,2983.834368,146,58,100,5,20250716_155355
1752648774.7061677,11655642,2983844352,2983.844352,149,58,101,5,20250716_155355
1752648774.7161517,11655681,2983854336,2983.854336,151,59,102,5,20250716_155355
1752648774.7263918,11655721,2983864576,2983.864576,154,59,104,5,20250716_155355
1752648774.7363758,11655760,2983874560,2983.87456,156,60,106,5,20250716_155355
1752648774.7463596,11655799,2983884544,2983.884544,159,60,106,5,20250716_155355
1752648774.7563436,11655838,2983894528,2983.894528,161,60,108,5,20250716_155355
1752648774.7663276,11655877,2983904512,2983.904512,164,60,111,5,20250716_155355
1752648774.7763116,11655916,2983914496,2983.914496,167,61,114,5,20250716_155355
1752648774.7862957,11655955,2983924480,2983.92448,170,60,118,5,20250716_155355
1752648774.7962797,11655994,2983934464,2983.934464,174,60,121,5,20250716_155355
1752648774.8062637,11656033,2983944448,2983.944448,178,60,126,5,20250716_155355
1752648774.8162477,11656072,2983954432,2983.954432,181,59,129,5,20250716_155355
1752648774.8262317,11656111,2983964416,2983.964416,185,58,138,5,20250716_155355
1752648774.8362155,11656150,2983974400,2983.9744,190,57,146,5,20250716_155355
1752648774.8461998,11656189,2983984384,2983.984384,194,58,154,5,20250716_155355
1752648774.8561838,11656228,2983994368,2983.994368,199,58,159,5,20250716_155355
1752648774.8664236,11656268,2984004608,2984.004608,203,59,161,5,20250716_155355
1752648774.8764076,11656307,2984014592,2984.014592,208,60,161,5,20250716_155355
1752648774.8863916,11656346,2984024576,2984.024576,212,61,162,5,20250716_155355
1752648774.8963757,11656385,2984034560,2984.03456,216,62,163,5,20250716_155355
1752648774.9063597,11656424,2984044544,2984.044544,220,62,164,5,20250716_155355
1752648774.9163437,11656463,2984054528,2984.054528,223,62,164,5,20250716_155355
1752648774.9263277,11656502,2984064512,2984.064512,226,64,166,5,20250716_155355
1752648774.9363115,11656541,2984074496,2984.074496,230,68,165,5,20250716_155355
1752648774.9462955,11656580,2984084480,2984.08448,233,69,165,5,20250716_155355
1752648774.9562798,11656619,2984094464,2984.094464,236,67,165,5,20250716_155355
1752648774.9662638,11656658,2984104448,2984.104448,238,66,165,5,20250716_155355
1752648774.9762478,11656697,2984114432,2984.114432,241,67,165,5,20250716_155355
1752648774.9862318,11656736,2984124416,2984.124416,244,67,165,5,20250716_155355
1752648774.9964716,11656776,2984134656,2984.134656,246,69,166,5,20250716_155355
1752648775.0064557,11656815,2984144640,2984.14464,249,68,165,5,20250716_155355
1752648775.0164397,11656854,2984154624,2984.154624,251,69,165,5,20250716_155355
1752648775.0264237,11656893,2984164608,2984.164608,253,71,164,5,20250716_155355
1752648775.0364077,11656932,2984174592,2984.174592,0,71,164,5,20250716_155355
1752648775.0463915,11656971,2984184576,2984.184576,3,70,164,5,20250716_155355
1752648775.0563755,11657010,2984194560,2984.19456,5,70,164,5,20250716_155355
1752648775.0663598,11657049,2984204544,2984.204544,7,68,163,5,20250716_155355
1752648775.0763438,11657088,2984214528,2984.214528,9,67,163,5,20250716_155355
1752648775.0863278,11657127,2984224512,2984.224512,11,66,162,5,20250716_155355
1752648775.0963118,11657166,2984234496,2984.234496,13,67,161,5,20250716_155355
1752648775.1062956,11657205,2984244480,2984.24448,15,67,160,5,20250716_155355
1752648775.1162796,11657244,2984254464,2984.254464,17,69,160,5,20250716_155355
1752648775.1262636,11657283,2984264448,2984.264448,19,70,159,5,20250716_155355
1752648775.1362476,11657322,2984274432,2984.274432,21,67,159,5,20250716_155355
1752648775.1464877,11657362,2984284672,2984.284672,24,67,157,5,20250716_155355
1752648775.1564715,11657401,2984294656,2984.294656,26,68,155,5,20250716_155355
1752648775.1664555,11657440,2984304640,2984.30464,28,72,153,5,20250716_155355
1752648775.1764398,11657479,2984314624,2984.314624,31,71,150,5,20250716_155355
1752648775.1864238,11657518,2984324608,2984.324608,34,71,148,5,20250716_155355
1752648775.1964078,11657557,2984334592,2984.334592,36,72,145,5,20250716_155355
1752648775.2063916,11657596,2984344576,2984.344576,39,72,142,5,20250716_155355
1752648775.2163756,11657635,2984354560,2984.35456,43,71,139,5,20250716_155355
1752648775.2263596,11657674,2984364544,2984.364544,46,70,136,5,20250716_155355
1752648775.2363436,11657713,2984374528,2984.374528,50,74,134,5,20250716_155355
1752648775.2463276,11657752,2984384512,2984.384512,53,70,130,5,20250716_155355
1752648775.2563117,11657791,2984394496,2984.394496,57,68,128,5,20250716_155355
1752648775.2662957,11657830,2984404480,2984.40448,61,69,127,5,20250716_155355
1752648775.2762797,11657869,2984414464,2984.414464,65,69,123,5,20250716_155355
1752648775.2862637,11657908,2984424448,2984.424448,69,68,119,5,20250716_155355
1752648775.2965038,11657948,2984434688,2984.434688,73,68,117,5,20250716_155355
1752648775.3064878,11657987,2984444672,2984.444672,77,69,114,5,20250716_155355
1752648775.3164716,11658026,2984454656,2984.454656,81,69,110,5,20250716_155355
1752648775.3264556,11658065,2984464640,2984.46464,85,68,107,5,20250716_155355
1752648775.3364396,11658104,2984474624,2984.474624,89,67,104,5,20250716_155355
1752648775.3464236,11658143,2984484608,2984.484608,93,66,100,5,20250716_155355
1752648775.3564076,11658182,2984494592,2984.494592,96,65,99,5,20250716_155355
1752648775.3663917,11658221,2984504576,2984.504576,100,63,96,5,20250716_155355
1752648775.3763757,11658260,2984514560,2984.51456,103,62,96,5,20250716_155355
1752648775.3863597,11658299,2984524544,2984.524544,106,61,94,5,20250716_155355
1752648775.3963437,11658338,2984534528,2984.534528,109,62,93,5,20250716_155355
1752648775.4063275,11658377,2984544512,2984.544512,112,62,92,5,20250716_155355
1752648775.4163115,11658416,2984554496,2984.554496,114,62,92,5,20250716_155355
1752648775.4262958,11658455,2984564480,2984.56448,117,61,91,5,20250716_155355
1752648775.4365356,11658495,2984574720,2984.57472,119,59,90,5,20250716_155355
1752648775.4465196,11658534,2984584704,2984.584704,122,60,89,5,20250716_155355
1752648775.4565036,11658573,2984594688,2984.594688,124,60,89,5,20250716_155355
1752648775.4664876,11658612,2984604672,2984.604672,126,59,90,5,20250716_155355
1752648775.4764717,11658651,2984614656,2984.614656,128,60,91,5,20250716_155355
1752648775.4864557,11658690,2984624640,2984.62464,131,59,91,5,20250716_155355
1752648775.4964397,11658729,2984634624,2984.634624,133,58,92,5,20250716_155355
1752648775.5064237,11658768,2984644608,2984.644608,135,58,92,5,20250716_155355
1752648775.5164075,11658807,2984654592,2984.654592,137,58,92,5,20250716_155355
1752648775.5263915,11658846,2984664576,2984.664576,139,58,93,5,20250716_155355
1752648775.5363758,11658885,2984674560,2984.67456,141,59,94,5,20250716_155355
1752648775.5463598,11658924,2984684544,2984.684544,143,58,95,5,20250716_155355
1752648775.5563438,11658963,2984694528,2984.694528,145,58,96,5,20250716_155355
1752648775.5663276,11659002,2984704512,2984.704512,147,57,97,5,20250716_155355
1752648775.5765676,11659042,2984714752,2984.714752,149,58,98,5,20250716_155355
1752648775.5865517,11659081,2984724736,2984.724736,151,58,100,5,20250716_155355
1752648775.5965357,11659120,2984734720,2984.73472,153,58,101,5,20250716_155355
1752648775.6065197,11659159,2984744704,2984.744704,156,58,102,5,20250716_155355
1752648775.6165037,11659198,2984754688,2984.754688,158,57,104,5,20250716_155355
1752648775.6264875,11659237,2984764672,2984.764672,161,57,106,5,20250716_155355
1752648775.6364715,11659276,2984774656,2984.774656,164,57,108,5,20250716_155355
1752648775.6464558,11659315,2984784640,2984.78464,166,58,111,5,20250716_155355
1752648775.6564398,11659354,2984794624,2984.794624,169,58,114,5,20250716_155355
1752648775.6664238,11659393,2984804608,2984.804608,173,58,118,5,20250716_155355
1752648775.6764076,11659432,2984814592,2984.814592,176,58,123,5,20250716_155355
1752648775.6863916,11659471,2984824576,2984.824576,180,58,127,5,20250716_155355
1752648775.6963756,11659510,2984834560,2984.83456,184,58,136,5,20250716_155355
1752648775.7063596,11659549,2984844544,2984.844544,188,57,146,5,20250716_155355
1752648775.7165997,11659589,2984854784,2984.854784,193,57,153,5,20250716_155355
1752648775.7265835,11659628,2984864768,2984.864768,198,58,160,5,20250716_155355
1752648775.7365675,11659667,2984874752,2984.874752,202,58,161,5,20250716_155355
1752648775.7465518,11659706,2984884736,2984.884736,206,60,161,5,20250716_155355
1752648775.7565358,11659745,2984894720,2984.89472,211,61,162,5,20250716_155355
1752648775.7665198,11659784,2984904704,2984.904704,215,62,162,5,20250716_155355
1752648775.7765038,11659823,2984914688,2984.914688,218,66,164,5,20250716_155355
1752648775.7864876,11659862,2984924672,2984.924672,222,68,164,5,20250716_155355
1752648775.7964716,11659901,2984934656,2984.934656,225,69,164,5,20250716_155355
1752648775.8064556,11659940,2984944640,2984.94464,229,69,165,5,20250716_155355
1752648775.8164396,11659979,2984954624,2984.954624,232,68,165,5,20250716_155355
1752648775.8264236,11660018,2984964608,2984.964608,235,68,165,5,20250716_155355
1752648775.8364077,11660057,2984974592,2984.974592,238,69,165,5,20250716_155355
1752648775.8463917,11660096,2984984576,2984.984576,240,70,165,5,20250716_155355
1752648775.8566318,11660136,2984994816,2984.994816,243,70,165,5,20250716_155355
1752648775.8666158,11660175,2985004800,2985.0048,245,67,165,5,20250716_155355
1752648775.8765998,11660214,2985014784,2985.014784,248,70,164,5,20250716_155355
1752648775.8865838,11660253,2985024768,2985.024768,250,72,165,5,20250716_155355
1752648775.8965676,11660292,2985034752,2985.034752,253,73,163,5,20250716_155355
1752648775.9065516,11660331,2985044736,2985.044736,0,74,162,5,20250716_155355
1752648775.9165356,11660370,2985054720,2985.05472,2,73,160,5,20250716_155355
1752648775.9265196,11660409,2985064704,2985.064704,5,72,159,5,20250716_155355
1752648775.9365036,11660448,2985074688,2985.074688,7,71,156,5,20250716_155355
1752648775.9464877,11660487,2985084672,2985.084672,9,71,156,5,20250716_155355
1752648775.9564717,11660526,2985094656,2985.094656,12,72,154,5,20250716_155355
1752648775.9664557,11660565,2985104640,2985.10464,14,71,153,5,20250716_155355
1752648775.9764397,11660604,2985114624,2985.114624,17,70,152,5,20250716_155355
1752648775.9864235,11660643,2985124608,2985.124608,19,69,150,5,20250716_155355
1752648775.9966638,11660683,2985134848,2985.134848,22,69,148,5,20250716_155355
1752648776.0066476,11660722,2985144832,2985.144832,25,71,145,5,20250716_155355
1752648776.0166316,11660761,2985154816,2985.154816,28,71,143,5,20250716_155355
1752648776.0266156,11660800,2985164800,2985.1648,31,69,139,5,20250716_155355
1752648776.0365996,11660839,2985174784,2985.174784,34,72,137,5,20250716_155355
1752648776.0465837,11660878,2985184768,2985.184768,38,72,134,5,20250716_155355
1752648776.0565677,11660917,2985194752,2985.194752,41,72,131,5,20250716_155355
1752648776.0665517,11660956,2985204736,2985.204736,45,72,128,5,20250716_155355
1752648776.0765357,11660995,2985214720,2985.21472,49,71,127,5,20250716_155355
1752648776.0865197,11661034,2985224704,2985.224704,53,70,122,5,20250716_155355
1752648776.0965035,11661073,2985234688,2985.234688,57,70,119,5,20250716_155355
1752648776.1064878,11661112,2985244672,2985.244672,62,68,116,5,20250716_155355
1752648776.1164718,11661151,2985254656,2985.254656,66,68,113,5,20250716_155355
1752648776.1264558,11661190,2985264640,2985.26464,70,68,108,5,20250716_155355
1752648776.1364398,11661229,2985274624,2985.274624,74,68,106,5,20250716_155355
1752648776.1466796,11661269,2985284864,2985.284864,79,68,103,5,20250716_155355
1752648776.1566637,11661308,2985294848,2985.294848,83,67,101,5,20250716_155355
1752648776.1666477,11661347,2985304832,2985.304832,87,67,98,5,20250716_155355
1752648776.1766317,11661386,2985314816,2985.314816,91,68,96,5,20250716_155355
1752648776.1866157,11661425,2985324800,2985.3248,94,69,94,5,20250716_155355
1752648776.1965995,11661464,2985334784,2985.334784,98,69,92,5,20250716_155355
1752648776.2065835,11661503,2985344768,2985.344768,101,68,91,5,20250716_155355
1752648776.2165678,11661542,2985354752,2985.354752,104,67,90,5,20250716_155355
1752648776.2265518,11661581,2985364736,2985.364736,107,64,91,5,20250716_155355
1752648776.2365358,11661620,2985374720,2985.37472,110,62,91,5,20250716_155355
1752648776.2465198,11661659,2985384704,2985.384704,113,61,89,5,20250716_155355
1752648776.2565036,11661698,2985394688,2985.394688,115,62,89,5,20250716_155355
1752648776.2664876,11661737,2985404672,2985.404672,118,61,91,5,20250716_155355
1752648776.2764716,11661776,2985414656,2985.414656,120,62,92,5,20250716_155355
1752648776.2867117,11661816,2985424896,2985.424896,123,61,92,5,20250716_155355
1752648776.2966957,11661855,2985434880,2985.43488,125,60,92,5,20250716_155355
1752648776.3066795,11661894,2985444864,2985.444864,127,60,93,5,20250716_155355
1752648776.3166635,11661933,2985454848,2985.454848,129,59,94,5,20250716_155355
1752648776.3266478,11661972,2985464832,2985.464832,131,58,94,5,20250716_155355
1752648776.3366318,11662011,2985474816,2985.474816,134,58,94,5,20250716_155355
1752648776.3466158,11662050,2985484800,2985.4848,136,58,95,5,20250716_155355
1752648776.3565998,11662089,2985494784,2985.494784,138,58,96,5,20250716_155355
1752648776.3665836,11662128,2985504768,2985.504768,140,58,97,5,20250716_155355
1752648776.3765676,11662167,2985514752,2985.514752,142,58,98,5,20250716_155355
1752648776.3865516,11662206,2985524736,2985.524736,144,59,98,5,20250716_155355
1752648776.3965356,11662245,2985534720,2985.53472,147,59,100,5,20250716_155355
1752648776.4065197,11662284,2985544704,2985.544704,149,59,100,5,20250716_155355
1752648776.4165037,11662323,2985554688,2985.554688,151,58,102,5,20250716_155355
1752648776.4267435,11662363,2985564928,2985.564928,154,58,103,5,20250716_155355
1752648776.4367278,11662402,2985574912,2985.574912,156,58,104,5,20250716_155355
1752648776.4467118,11662441,2985584896,2985.584896,159,58,106,5,20250716_155355
1752648776.4566958,11662480,2985594880,2985.59488,161,59,108,5,20250716_155355
1752648776.4666796,11662519,2985604864,2985.604864,164,59,110,5,20250716_155355
1752648776.4766636,11662558,2985614848,2985.614848,167,59,113,5,20250716_155355
1752648776.4866476,11662597,2985624832,2985.624832,170,59,116,5,20250716_155355
1752648776.4966316,11662636,2985634816,2985.634816,174,59,120,5,20250716_155355
1752648776.5066156,11662675,2985644800,2985.6448,177,58,124,5,20250716_155355
1752648776.5165997,11662714,2985654784,2985.654784,181,58,129,5,20250716_155355
1752648776.5265837,11662753,2985664768,2985.664768,185,58,137,5,20250716_155355
1752648776.5365677,11662792,2985674752,2985.674752,189,59,146,5,20250716_155355
1752648776.5465517,11662831,2985684736,2985.684736,194,57,154,5,20250716_155355
1752648776.5565355,11662870,2985694720,2985.69472,199,57,159,5,20250716_155355
1752648776.5665195,11662909,2985704704,2985.704704,203,58,161,5,20250716_155355
1752648776.5767596,11662949,2985714944,2985.714944,207,59,160,5,20250716_155355
1752648776.5867436,11662988,2985724928,2985.724928,211,62,162,5,20250716_155355
1752648776.5967276,11663027,2985734912,2985.734912,215,65,162,5,20250716_155355
1752648776.6067116,11663066,2985744896,2985.744896,219,67,164,5,20250716_155355
1752648776.6166956,11663105,2985754880,2985.75488,223,69,164,5,20250716_155355
1752648776.6266797,11663144,2985764864,2985.764864,226,69,164,5,20250716_155355
1752648776.6366637,11663183,2985774848,2985.774848,229,69,166,5,20250716_155355
1752648776.6466477,11663222,2985784832,2985.784832,232,69,166,5,20250716_155355
1752648776.6566317,11663261,2985794816,2985.794816,235,69,165,5,20250716_155355
1752648776.6666155,11663300,2985804800,2985.8048,238,70,165,5,20250716_155355
1752648776.6765995,11663339,2985814784,2985.814784,241,69,166,5,20250716_155355
1752648776.6865838,11663378,2985824768,2985.824768,244,69,165,5,20250716_155355
1752648776.6965678,11663417,2985834752,2985.834752,246,69,166,5,20250716_155355
1752648776.7065518,11663456,2985844736,2985.844736,248,70,165,5,20250716_155355
1752648776.7167916,11663496,2985854976,2985.854976,251,75,165,5,20250716_155355
1752648776.7267756,11663535,2985864960,2985.86496,253,76,165,5,20250716_155355
1752648776.7367597,11663574,2985874944,2985.874944,0,78,163,5,20250716_155355
1752648776.7467437,11663613,2985884928,2985.884928,2,76,163,5,20250716_155355
1752648776.7567277,11663652,2985894912,2985.894912,5,75,162,5,20250716_155355
1752648776.7667117,11663691,2985904896,2985.904896,7,75,162,5,20250716_155355
1752648776.7766955,11663730,2985914880,2985.91488,9,73,160,5,20250716_155355
1752648776.7866795,11663769,2985924864,2985.924864,11,73,159,5,20250716_155355
1752648776.7966638,11663808,2985934848,2985.934848,13,73,158,5,20250716_155355
1752648776.8066478,11663847,2985944832,2985.944832,16,74,158,5,20250716_155355
1752648776.8168876,11663887,2985955072,2985.955072,18,73,158,5,20250716_155355
1752648776.8268716,11663926,2985965056,2985.965056,20,73,157,5,20250716_155355
1752648776.8368556,11663965,2985975040,2985.97504,22,73,155,5,20250716_155355
1752648776.8468397,11664004,2985985024,2985.985024,25,72,154,5,20250716_155355
1752648776.8568237,11664043,2985995008,2985.995008,27,72,152,5,20250716_155355
1752648776.8668077,11664082,2986004992,2986.004992,30,75,149,5,20250716_155355
1752648776.8767917,11664121,2986014976,2986.014976,33,76,145,5,20250716_155355
1752648776.8870318,11664161,2986025216,2986.025216,36,74,143,5,20250716_155355
1752648776.8970158,11664200,2986035200,2986.0352,39,75,139,5,20250716_155355
1752648776.9069996,11664239,2986045184,2986.045184,42,75,135,5,20250716_155355
1752648776.9169836,11664278,2986055168,2986.055168,46,74,132,5,20250716_155355
1752648776.9269676,11664317,2986065152,2986.065152,50,75,128,5,20250716_155355
1752648776.9369516,11664356,2986075136,2986.075136,53,73,127,5,20250716_155355
1752648776.9469357,11664395,2986085120,2986.08512,57,73,123,5,20250716_155355
1752648776.9569197,11664434,2986095104,2986.095104,62,70,120,5,20250716_155355
1752648776.9669037,11664473,2986105088,2986.105088,66,67,116,5,20250716_155355
1752648776.9768877,11664512,2986115072,2986.115072,70,67,112,5,20250716_155355
1752648776.9868715,11664551,2986125056,2986.125056,74,70,109,5,20250716_155355
1752648776.9968555,11664590,2986135040,2986.13504,78,70,107,5,20250716_155355
1752648777.0068398,11664629,2986145024,2986.145024,82,69,104,5,20250716_155355
1752648777.0168238,11664668,2986155008,2986.155008,86,68,102,5,20250716_155355
1752648777.0268078,11664707,2986164992,2986.164992,90,69,99,5,20250716_155355
1752648777.0370476,11664747,2986175232,2986.175232,94,73,98,5,20250716_155355
1752648777.0470316,11664786,2986185216,2986.185216,97,73,96,5,20250716_155355
1752648777.0570157,11664825,2986195200,2986.1952,101,72,95,5,20250716_155355
1752648777.0669997,11664864,2986205184,2986.205184,104,71,93,5,20250716_155355
1752648777.0769837,11664903,2986215168,2986.215168,107,70,93,5,20250716_155355
1752648777.0869677,11664942,2986225152,2986.225152,110,68,91,5,20250716_155355
1752648777.0969515,11664981,2986235136,2986.235136,112,67,90,5,20250716_155355
1752648777.1069355,11665020,2986245120,2986.24512,115,66,89,5,20250716_155355
1752648777.1169198,11665059,2986255104,2986.255104,118,64,90,5,20250716_155355
1752648777.1269038,11665098,2986265088,2986.265088,120,64,90,5,20250716_155355
1752648777.1368878,11665137,2986275072,2986.275072,122,63,90,5,20250716_155355
1752648777.1468718,11665176,2986285056,2986.285056,125,62,93,5,20250716_155355
1752648777.1568556,11665215,2986295040,2986.29504,127,61,92,5,20250716_155355
1752648777.1668396,11665254,2986305024,2986.305024,129,60,93,5,20250716_155355
1752648777.1770797,11665294,2986315264,2986.315264,131,60,95,5,20250716_155355
1752648777.1870637,11665333,2986325248,2986.325248,133,61,94,5,20250716_155355
1752648777.1970477,11665372,2986335232,2986.335232,136,61,95,5,20250716_155355
1752648777.2070315,11665411,2986345216,2986.345216,138,61,96,5,20250716_155355
1752648777.2170155,11665450,2986355200,2986.3552,140,60,96,5,20250716_155355
1752648777.2269998,11665489,2986365184,2986.365184,142,60,97,5,20250716_155355
1752648777.2369838,11665528,2986375168,2986.375168,144,60,98,5,20250716_155355
1752648777.2469678,11665567,2986385152,2986.385152,146,60,99,5,20250716_155355
1752648777.2569518,11665606,2986395136,2986.395136,149,60,100,5,20250716_155355
1752648777.2669356,11665645,2986405120,2986.40512,151,60,101,5,20250716_155355
1752648777.2769196,11665684,2986415104,2986.415104,153,60,103,5,20250716_155355
1752648777.2869036,11665723,2986425088,2986.425088,156,61,104,5,20250716_155355
1752648777.2968876,11665762,2986435072,2986.435072,159,60,106,5,20250716_155355
1752648777.3068717,11665801,2986445056,2986.445056,161,60,108,5,20250716_155355
1752648777.3171115,11665841,2986455296,2986.455296,164,61,111,5,20250716_155355
1752648777.3270955,11665880,2986465280,2986.46528,167,59,114,5,20250716_155355
1752648777.3370798,11665919,2986475264,2986.475264,170,59,118,5,20250716_155355
1752648777.3470638,11665958,2986485248,2986.485248,174,60,122,5,20250716_155355
1752648777.3570478,11665997,2986495232,2986.495232,178,59,127,5,20250716_155355
1752648777.3670316,11666036,2986505216,2986.505216,181,59,134,5,20250716_155355
1752648777.3770156,11666075,2986515200,2986.5152,186,60,143,5,20250716_155355
1752648777.3869996,11666114,2986525184,2986.525184,190,60,151,5,20250716_155355
1752648777.3969836,11666153,2986535168,2986.535168,195,60,156,5,20250716_155355
1752648777.4069676,11666192,2986545152,2986.545152,199,60,160,5,20250716_155355
1752648777.4169517,11666231,2986555136,2986.555136,204,63,161,5,20250716_155355
1752648777.4269357,11666270,2986565120,2986.56512,208,66,161,5,20250716_155355
1752648777.4369197,11666309,2986575104,2986.575104,212,68,162,5,20250716_155355
1752648777.4469037,11666348,2986585088,2986.585088,216,70,164,5,20250716_155355
1752648777.4568875,11666387,2986595072,2986.595072,220,71,165,5,20250716_155355
1752648777.4671278,11666427,2986605312,2986.605312,223,72,164,5,20250716_155355
1752648777.4771116,11666466,2986615296,2986.615296,227,72,165,5,20250716_155355
1752648777.4870956,11666505,2986625280,2986.62528,230,72,165,5,20250716_155355
1752648777.4970796,11666544,2986635264,2986.635264,233,72,165,5,20250716_155355
1752648777.5070636,11666583,2986645248,2986.645248,236,73,166,5,20250716_155355
1752648777.5170476,11666622,2986655232,2986.655232,239,73,165,5,20250716_155355
1752648777.5270317,11666661,2986665216,2986.665216,241,75,165,5,20250716_155355
1752648777.5370157,11666700,2986675200,2986.6752,244,76,165,5,20250716_155355
1752648777.5469997,11666739,2986685184,2986.685184,246,78,165,5,20250716_155355
1752648777.5569837,11666778,2986695168,2986.695168,249,80,163,5,20250716_155355
1752648777.5669675,11666817,2986705152,2986.705152,251,80,163,5,20250716_155355
1752648777.5769515,11666856,2986715136,2986.715136,254,80,163,5,20250716_155355
1752648777.5869358,11666895,2986725120,2986.72512,1,78,163,5,20250716_155355
1752648777.5969198,11666934,2986735104,2986.735104,3,76,162,5,20250716_155355
1752648777.6071596,11666974,2986745344,2986.745344,5,76,162,5,20250716_155355
1752648777.6171436,11667013,2986755328,2986.755328,8,76,160,5,20250716_155355
1752648777.6271276,11667052,2986765312,2986.765312,10,77,158,5,20250716_155355
1752648777.6371117,11667091,2986775296,2986.775296,12,74,156,5,20250716_155355
1752648777.6470957,11667130,2986785280,2986.78528,15,75,155,5,20250716_155355
1752648777.6570797,11667169,2986795264,2986.795264,17,76,154,5,20250716_155355
1752648777.6670637,11667208,2986805248,2986.805248,19,76,153,5,20250716_155355
1752648777.6770475,11667247,2986815232,2986.815232,22,76,151,5,20250716_155355
1752648777.6870315,11667286,2986825216,2986.825216,25,75,148,5,20250716_155355
1752648777.6970158,11667325,2986835200,2986.8352,27,75,146,5,20250716_155355
1752648777.7069998,11667364,2986845184,2986.845184,30,77,143,5,20250716_155355
1752648777.7169838,11667403,2986855168,2986.855168,33,79,139,5,20250716_155355
1752648777.7269676,11667442,2986865152,2986.865152,37,80,136,5,20250716_155355
1752648777.7369516,11667481,2986875136,2986.875136,40,80,133,5,20250716_155355
1752648777.7469356,11667520,2986885120,2986.88512,44,80,128,5,20250716_155355
1752648777.7571757,11667560,2986895360,2986.89536,48,82,127,5,20250716_155355
1752648777.7671597,11667599,2986905344,2986.905344,52,79,124,5,20250716_155355
1752648777.7771437,11667638,2986915328,2986.915328,56,79,122,5,20250716_155355
1752648777.7871275,11667677,2986925312,2986.925312,60,79,119,5,20250716_155355
1752648777.7971115,11667716,2986935296,2986.935296,64,77,115,5,20250716_155355
1752648777.8070958,11667755,2986945280,2986.94528,69,73,110,5,20250716_155355
1752648777.8170798,11667794,2986955264,2986.955264,73,69,107,5,20250716_155355
1752648777.8270638,11667833,2986965248,2986.965248,77,69,104,5,20250716_155355
1752648777.8370476,11667872,2986975232,2986.975232,81,71,102,5,20250716_155355
1752648777.8470316,11667911,2986985216,2986.985216,85,74,99,5,20250716_155355
1752648777.8570156,11667950,2986995200,2986.9952,89,74,99,5,20250716_155355
1752648777.8669996,11667989,2987005184,2987.005184,93,74,96,5,20250716_155355
1752648777.8769836,11668028,2987015168,2987.015168,97,73,94,5,20250716_155355
1752648777.8869677,11668067,2987025152,2987.025152,100,71,93,5,20250716_155355
1752648777.8972075,11668107,2987035392,2987.035392,103,73,90,5,20250716_155355
1752648777.9071918,11668146,2987045376,2987.045376,106,73,90,5,20250716_155355
1752648777.9171758,11668185,2987055360,2987.05536,109,74,92,5,20250716_155355
1752648777.9271598,11668224,2987065344,2987.065344,112,74,91,5,20250716_155355
1752648777.9371438,11668263,2987075328,2987.075328,114,73,92,5,20250716_155355
1752648777.9471276,11668302,2987085312,2987.085312,117,72,92,5,20250716_155355
1752648777.9571116,11668341,2987095296,2987.095296,119,72,92,5,20250716_155355
1752648777.9670956,11668380,2987105280,2987.10528,122,71,92,5,20250716_155355
1752648777.9770796,11668419,2987115264,2987.115264,124,68,93,5,20250716_155355
1752648777.9870636,11668458,2987125248,2987.125248,126,68,93,5,20250716_155355
1752648777.9970477,11668497,2987135232,2987.135232,129,66,93,5,20250716_155355
1752648778.0070317,11668536,2987145216,2987.145216,131,65,94,5,20250716_155355
1752648778.0170157,11668575,2987155200,2987.1552,133,64,95,5,20250716_155355
1752648778.0269997,11668614,2987165184,2987.165184,135,64,95,5,20250716_155355
1752648778.0369835,11668653,2987175168,2987.175168,137,65,97,5,20250716_155355
1752648778.0472238,11668693,2987185408,2987.185408,139,66,98,5,20250716_155355
1752648778.0572076,11668732,2987195392,2987.195392,142,66,98,5,20250716_155355
1752648778.0671916,11668771,2987205376,2987.205376,144,67,99,5,20250716_155355
1752648778.0771756,11668810,2987215360,2987.21536,146,67,100,5,20250716_155355
1752648778.0871596,11668849,2987225344,2987.225344,148,67,101,5,20250716_155355
1752648778.0971437,11668888,2987235328,2987.235328,151,67,102,5,20250716_155355
1752648778.1071277,11668927,2987245312,2987.245312,153,66,104,5,20250716_155355
1752648778.1171117,11668966,2987255296,2987.255296,156,66,105,5,20250716_155355
1752648778.1270957,11669005,2987265280,2987.26528,158,65,106,5,20250716_155355
1752648778.1370797,11669044,2987275264,2987.275264,161,66,109,5,20250716_155355
1752648778.1470635,11669083,2987285248,2987.285248,164,65,112,5,20250716_155355
1752648778.1570475,11669122,2987295232,2987.295232,167,65,115,5,20250716_155355
1752648778.1670318,11669161,2987305216,2987.305216,170,65,119,5,20250716_155355
1752648778.1770158,11669200,2987315200,2987.3152,174,65,123,5,20250716_155355
1752648778.1872556,11669240,2987325440,2987.32544,177,64,127,5,20250716_155355
1752648778.1972396,11669279,2987335424,2987.335424,181,65,134,5,20250716_155355
1752648778.2072237,11669318,2987345408,2987.345408,186,66,145,5,20250716_155355
1752648778.2172077,11669357,2987355392,2987.355392,190,67,152,5,20250716_155355
1752648778.2271917,11669396,2987365376,2987.365376,195,68,158,5,20250716_155355
1752648778.2371757,11669435,2987375360,2987.37536,200,71,160,5,20250716_155355
1752648778.2471595,11669474,2987385344,2987.385344,204,72,161,5,20250716_155355
1752648778.2571435,11669513,2987395328,2987.395328,208,73,162,5,20250716_155355
1752648778.2671278,11669552,2987405312,2987.405312,212,74,163,5,20250716_155355
1752648778.2771118,11669591,2987415296,2987.415296,216,74,164,5,20250716_155355
1752648778.2870958,11669630,2987425280,2987.42528,220,73,164,5,20250716_155355
1752648778.2970798,11669669,2987435264,2987.435264,224,72,165,5,20250716_155355
1752648778.3070636,11669708,2987445248,2987.445248,227,72,166,5,20250716_155355
1752648778.3170476,11669747,2987455232,2987.455232,230,75,165,5,20250716_155355
1752648778.3272877,11669787,2987465472,2987.465472,233,78,165,5,20250716_155355
1752648778.3372717,11669826,2987475456,2987.475456,236,81,166,5,20250716_155355
1752648778.3472557,11669865,2987485440,2987.48544,239,81,165,5,20250716_155355
1752648778.3572395,11669904,2987495424,2987.495424,241,81,166,5,20250716_155355
1752648778.3672235,11669943,2987505408,2987.505408,244,81,166,5,20250716_155355
1752648778.3772078,11669982,2987515392,2987.515392,247,81,166,5,20250716_155355
1752648778.3871918,11670021,2987525376,2987.525376,249,82,165,5,20250716_155355
1752648778.3971758,11670060,2987535360,2987.53536,251,83,165,5,20250716_155355
1752648778.4071598,11670099,2987545344,2987.545344,253,83,165,5,20250716_155355
1752648778.4171436,11670138,2987555328,2987.555328,1,82,165,5,20250716_155355
1752648778.4271276,11670177,2987565312,2987.565312,3,81,164,5,20250716_155355
1752648778.4371116,11670216,2987575296,2987.575296,5,80,163,5,20250716_155355
1752648778.4470956,11670255,2987585280,2987.58528,7,81,163,5,20250716_155355
1752648778.4570796,11670294,2987595264,2987.595264,9,82,162,5,20250716_155355
1752648778.4670637,11670333,2987605248,2987.605248,11,83,161,5,20250716_155355
1752648778.4773035,11670373,2987615488,2987.615488,13,83,160,5,20250716_155355
1752648778.4872878,11670412,2987625472,2987.625472,15,82,160,5,20250716_155355
1752648778.4972718,11670451,2987635456,2987.635456,18,81,158,5,20250716_155355
1752648778.5072558,11670490,2987645440,2987.64544,20,79,158,5,20250716_155355
1752648778.5172398,11670529,2987655424,2987.655424,22,78,158,5,20250716_155355
1752648778.5272236,11670568,2987665408,2987.665408,24,78,155,5,20250716_155355
1752648778.5372076,11670607,2987675392,2987.675392,27,79,154,5,20250716_155355
1752648778.5471916,11670646,2987685376,2987.685376,29,80,150,5,20250716_155355
1752648778.5571756,11670685,2987695360,2987.69536,32,81,148,5,20250716_155355
1752648778.5671597,11670724,2987705344,2987.705344,35,82,146,5,20250716_155355
1752648778.5771437,11670763,2987715328,2987.715328,38,81,144,5,20250716_155355
1752648778.5871277,11670802,2987725312,2987.725312,41,81,141,5,20250716_155355
1752648778.5971117,11670841,2987735296,2987.735296,44,82,137,5,20250716_155355
1752648778.6070957,11670880,2987745280,2987.74528,48,81,134,5,20250716_155355
1752648778.6173358,11670920,2987755520,2987.75552,51,80,131,5,20250716_155355
1752648778.6273196,11670959,2987765504,2987.765504,55,78,127,5,20250716_155355
1752648778.6373036,11670998,2987775488,2987.775488,59,76,127,5,20250716_155355
1752648778.6472876,11671037,2987785472,2987.785472,63,76,124,5,20250716_155355
1752648778.6572716,11671076,2987795456,2987.795456,67,75,120,5,20250716_155355
1752648778.6672556,11671115,2987805440,2987.80544,71,76,115,5,20250716_155355
1752648778.6772397,11671154,2987815424,2987.815424,75,75,111,5,20250716_155355
1752648778.6872237,11671193,2987825408,2987.825408,79,76,108,5,20250716_155355
1752648778.6972077,11671232,2987835392,2987.835392,83,73,107,5,20250716_155355
1752648778.7071917,11671271,2987845376,2987.845376,87,70,104,5,20250716_155355
1752648778.7171755,11671310,2987855360,2987.85536,91,68,100,5,20250716_155355
1752648778.7271595,11671349,2987865344,2987.865344,95,69,99,5,20250716_155355
1752648778.7371438,11671388,2987875328,2987.875328,98,71,97,5,20250716_155355
1752648778.7471278,11671427,2987885312,2987.885312,102,72,97,5,20250716_155355
1752648778.7571118,11671466,2987895296,2987.895296,105,73,95,5,20250716_155355
1752648778.7673516,11671506,2987905536,2987.905536,108,72,94,5,20250716_155355
1752648778.7773356,11671545,2987915520,2987.91552,111,73,93,5,20250716_155355
1752648778.7873197,11671584,2987925504,2987.925504,113,72,92,5,20250716_155355
1752648778.7973037,11671623,2987935488,2987.935488,116,71,91,5,20250716_155355
1752648778.8072877,11671662,2987945472,2987.945472,118,70,91,5,20250716_155355
1752648778.8172717,11671701,2987955456,2987.955456,121,70,91,5,20250716_155355
1752648778.8272555,11671740,2987965440,2987.96544,123,69,91,5,20250716_155355
1752648778.8372395,11671779,2987975424,2987.975424,125,70,92,5,20250716_155355
1752648778.8472238,11671818,2987985408,2987.985408,128,68,93,5,20250716_155355
1752648778.8572078,11671857,2987995392,2987.995392,130,68,94,5,20250716_155355
1752648778.8671918,11671896,2988005376,2988.005376,132,67,95,5,20250716_155355
1752648778.8771758,11671935,2988015360,2988.01536,134,67,96,5,20250716_155355
1752648778.8871596,11671974,2988025344,2988.025344,136,69,97,5,20250716_155355
1752648778.8971436,11672013,2988035328,2988.035328,138,69,97,5,20250716_155355
1752648778.9071276,11672052,2988045312,2988.045312,141,71,98,5,20250716_155355
1752648778.9173677,11672092,2988055552,2988.055552,143,71,99,5,20250716_155355
1752648778.9273517,11672131,2988065536,2988.065536,145,73,100,5,20250716_155355
1752648778.9373355,11672170,2988075520,2988.07552,147,73,101,5,20250716_155355
1752648778.9473195,11672209,2988085504,2988.085504,150,73,102,5,20250716_155355
1752648778.9573038,11672248,2988095488,2988.095488,152,73,103,5,20250716_155355
1752648778.9672878,11672287,2988105472,2988.105472,154,72,103,5,20250716_155355
1752648778.9772718,11672326,2988115456,2988.115456,157,73,106,5,20250716_155355
1752648778.9872556,11672365,2988125440,2988.12544,160,73,108,5,20250716_155355
1752648778.9972396,11672404,2988135424,2988.135424,162,71,110,5,20250716_155355
1752648779.0072236,11672443,2988145408,2988.145408,165,72,114,5,20250716_155355
1752648779.0172076,11672482,2988155392,2988.155392,169,74,119,5,20250716_155355
1752648779.0271916,11672521,2988165376,2988.165376,172,72,122,5,20250716_155355
1752648779.0371757,11672560,2988175360,2988.17536,176,73,127,5,20250716_155355
1752648779.0471597,11672599,2988185344,2988.185344,180,72,134,5,20250716_155355
1752648779.0573995,11672639,2988195584,2988.195584,184,73,141,5,20250716_155355
1752648779.0673838,11672678,2988205568,2988.205568,188,72,150,5,20250716_155355
1752648779.0773678,11672717,2988215552,2988.215552,193,71,156,5,20250716_155355
1752648779.0873518,11672756,2988225536,2988.225536,198,70,160,5,20250716_155355
1752648779.0973356,11672795,2988235520,2988.23552,202,70,161,5,20250716_155355
1752648779.1073196,11672834,2988245504,2988.245504,206,71,161,5,20250716_155355
1752648779.1173036,11672873,2988255488,2988.255488,211,71,163,5,20250716_155355
1752648779.1272876,11672912,2988265472,2988.265472,215,70,163,5,20250716_155355
1752648779.1372716,11672951,2988275456,2988.275456,218,74,165,5,20250716_155355
1752648779.1472557,11672990,2988285440,2988.28544,222,75,165,5,20250716_155355
1752648779.1572397,11673029,2988295424,2988.295424,225,78,166,5,20250716_155355
1752648779.1672237,11673068,2988305408,2988.305408,229,76,165,5,20250716_155355
1752648779.1772077,11673107,2988315392,2988.315392,232,76,166,5,20250716_155355
1752648779.1871915,11673146,2988325376,2988.325376,235,78,165,5,20250716_155355
1752648779.1971755,11673185,2988335360,2988.33536,238,79,166,5,20250716_155355
1752648779.2074156,11673225,2988345600,2988.3456,240,81,166,5,20250716_155355
1752648779.2173996,11673264,2988355584,2988.355584,243,81,166,5,20250716_155355
1752648779.2273836,11673303,2988365568,2988.365568,245,81,165,5,20250716_155355
1752648779.2373676,11673342,2988375552,2988.375552,248,82,165,5,20250716_155355
1752648779.2473516,11673381,2988385536,2988.385536,250,79,163,5,20250716_155355
1752648779.2573357,11673420,2988395520,2988.39552,253,80,164,5,20250716_155355
1752648779.2673197,11673459,2988405504,2988.405504,0,80,163,5,20250716_155355
1752648779.2773037,11673498,2988415488,2988.415488,2,81,162,5,20250716_155355
1752648779.2872877,11673537,2988425472,2988.425472,4,83,161,5,20250716_155355
1752648779.2972715,11673576,2988435456,2988.435456,7,86,158,5,20250716_155355
1752648779.3072555,11673615,2988445440,2988.44544,9,82,158,5,20250716_155355
1752648779.3172398,11673654,2988455424,2988.455424,11,80,158,5,20250716_155355
1752648779.3272238,11673693,2988465408,2988.465408,14,79,156,5,20250716_155355
1752648779.3372078,11673732,2988475392,2988.475392,16,78,155,5,20250716_155355
1752648779.3474476,11673772,2988485632,2988.485632,18,76,154,5,20250716_155355
1752648779.3574317,11673811,2988495616,2988.495616,21,79,153,5,20250716_155355
1752648779.3674157,11673850,2988505600,2988.5056,23,78,151,5,20250716_155355
1752648779.3773997,11673889,2988515584,2988.515584,26,78,149,5,20250716_155355
1752648779.3873837,11673928,2988525568,2988.525568,29,79,146,5,20250716_155355
1752648779.3973677,11673967,2988535552,2988.535552,32,79,142,5,20250716_155355
1752648779.4073515,11674006,2988545536,2988.545536,35,81,140,5,20250716_155355
1752648779.4173355,11674045,2988555520,2988.55552,39,80,136,5,20250716_155355
1752648779.4273198,11674084,2988565504,2988.565504,42,82,132,5,20250716_155355
1752648779.4373038,11674123,2988575488,2988.575488,46,83,128,5,20250716_155355
1752648779.4472878,11674162,2988585472,2988.585472,50,83,126,5,20250716_155355
1752648779.4572716,11674201,2988595456,2988.595456,54,82,121,5,20250716_155355
1752648779.4672556,11674240,2988605440,2988.60544,58,82,118,5,20250716_155355
1752648779.4772396,11674279,2988615424,2988.615424,63,83,115,5,20250716_155355
1752648779.4872236,11674318,2988625408,2988.625408,67,79,112,5,20250716_155355
1752648779.4974637,11674358,2988635648,2988.635648,71,75,109,5,20250716_155355
1752648779.5074475,11674397,2988645632,2988.645632,75,73,106,5,20250716_155355
1752648779.5174315,11674436,2988655616,2988.655616,80,72,103,5,20250716_155355
1752648779.5274158,11674475,2988665600,2988.6656,84,72,100,5,20250716_155355
1752648779.5373998,11674514,2988675584,2988.675584,88,72,98,5,20250716_155355
1752648779.5473838,11674553,2988685568,2988.685568,91,71,96,5,20250716_155355
1752648779.5573678,11674592,2988695552,2988.695552,95,70,94,5,20250716_155355
1752648779.5673516,11674631,2988705536,2988.705536,98,69,93,5,20250716_155355
1752648779.5773356,11674670,2988715520,2988.71552,102,69,91,5,20250716_155355
1752648779.5873196,11674709,2988725504,2988.725504,105,70,90,5,20250716_155355
1752648779.5973036,11674748,2988735488,2988.735488,108,71,91,5,20250716_155355
1752648779.6072876,11674787,2988745472,2988.745472,111,69,91,5,20250716_155355
1752648779.6172717,11674826,2988755456,2988.755456,113,68,92,5,20250716_155355
1752648779.6272557,11674865,2988765440,2988.76544,116,68,92,5,20250716_155355
1752648779.6374958,11674905,2988775680,2988.77568,118,66,92,5,20250716_155355
1752648779.6474798,11674944,2988785664,2988.785664,121,65,93,5,20250716_155355
1752648779.6574638,11674983,2988795648,2988.795648,123,65,94,5,20250716_155355
1752648779.6674478,11675022,2988805632,2988.805632,125,66,94,5,20250716_155355
1752648779.6774316,11675061,2988815616,2988.815616,128,66,95,5,20250716_155355
1752648779.6874156,11675100,2988825600,2988.8256,130,66,96,5,20250716_155355
1752648779.6973996,11675139,2988835584,2988.835584,132,67,96,5,20250716_155355
1752648779.7073836,11675178,2988845568,2988.845568,134,66,97,5,20250716_155355
1752648779.7176237,11675218,2988855808,2988.855808,137,67,99,5,20250716_155355
1752648779.7276075,11675257,2988865792,2988.865792,139,66,99,5,20250716_155355
1752648779.7375915,11675296,2988875776,2988.875776,141,66,100,5,20250716_155355
1752648779.7475758,11675335,2988885760,2988.88576,144,65,101,5,20250716_155355
1752648779.7575598,11675374,2988895744,2988.895744,146,66,103,5,20250716_155355
1752648779.7675438,11675413,2988905728,2988.905728,148,66,104,5,20250716_155355
1752648779.7775278,11675452,2988915712,2988.915712,151,67,105,5,20250716_155355
1752648779.7875116,11675491,2988925696,2988.925696,153,67,107,5,20250716_155355
1752648779.7977517,11675531,2988935936,2988.935936,156,68,109,5,20250716_155355
1752648779.8077357,11675570,2988945920,2988.94592,159,69,111,5,20250716_155355
1752648779.8177197,11675609,2988955904,2988.955904,162,70,114,5,20250716_155355
1752648779.8277037,11675648,2988965888,2988.965888,165,69,117,5,20250716_155355
1752648779.8376875,11675687,2988975872,2988.975872,168,69,121,5,20250716_155355
1752648779.8476715,11675726,2988985856,2988.985856,172,69,126,5,20250716_155355
1752648779.8576558,11675765,2988995840,2988.99584,176,69,128,5,20250716_155355
1752648779.8678956,11675805,2989006080,2989.00608,180,68,136,5,20250716_155355
1752648779.8778796,11675844,2989016064,2989.016064,184,67,146,5,20250716_155355
1752648779.8878636,11675883,2989026048,2989.026048,189,68,152,5,20250716_155355
1752648779.8978477,11675922,2989036032,2989.036032,193,68,158,5,20250716_155355
1752648779.9078317,11675961,2989046016,2989.046016,198,70,161,5,20250716_155355
1752648779.9178157,11676000,2989056000,2989.056,203,68,162,5,20250716_155355
1752648779.9277997,11676039,2989065984,2989.065984,207,69,162,5,20250716_155355
1752648779.9377837,11676078,2989075968,2989.075968,211,70,163,5,20250716_155355
1752648779.9477675,11676117,2989085952,2989.085952,215,72,164,5,20250716_155355
1752648779.9577518,11676156,2989095936,2989.095936,219,73,165,5,20250716_155355
1752648779.9677358,11676195,2989105920,2989.10592,222,72,166,5,20250716_155355
1752648779.9779756,11676235,2989116160,2989.11616,226,72,166,5,20250716_155355
1752648779.9879596,11676274,2989126144,2989.126144,229,76,166,5,20250716_155355
1752648779.9979436,11676313,2989136128,2989.136128,232,79,166,5,20250716_155355
1752648780.0079277,11676352,2989146112,2989.146112,235,81,166,5,20250716_155355
1752648780.0179117,11676391,2989156096,2989.156096,238,81,166,5,20250716_155355
1752648780.0278957,11676430,2989166080,2989.16608,241,80,167,5,20250716_155355
1752648780.0378797,11676469,2989176064,2989.176064,243,79,166,5,20250716_155355
1752648780.0478635,11676508,2989186048,2989.186048,246,77,165,5,20250716_155355
1752648780.0578475,11676547,2989196032,2989.196032,248,77,165,5,20250716_155355
1752648780.0678318,11676586,2989206016,2989.206016,251,76,164,5,20250716_155355
1752648780.0778158,11676625,2989216000,2989.216,253,76,165,5,20250716_155355
1752648780.0877998,11676664,2989225984,2989.225984,0,78,164,5,20250716_155355
1752648780.0977838,11676703,2989235968,2989.235968,2,80,163,5,20250716_155355
1752648780.1077676,11676742,2989245952,2989.245952,4,80,163,5,20250716_155355
1752648780.1177516,11676781,2989255936,2989.255936,7,77,163,5,20250716_155355
1752648780.1279917,11676821,2989266176,2989.266176,9,75,162,5,20250716_155355
1752648780.1379757,11676860,2989276160,2989.27616,11,74,162,5,20250716_155355
1752648780.1479597,11676899,2989286144,2989.286144,13,75,161,5,20250716_155355
1752648780.1579435,11676938,2989296128,2989.296128,15,74,161,5,20250716_155355
1752648780.1679275,11676977,2989306112,2989.306112,17,75,161,5,20250716_155355
1752648780.1779118,11677016,2989316096,2989.316096,19,75,159,5,20250716_155355
1752648780.1878958,11677055,2989326080,2989.32608,21,76,158,5,20250716_155355
1752648780.1978798,11677094,2989336064,2989.336064,24,76,155,5,20250716_155355
1752648780.2078638,11677133,2989346048,2989.346048,26,76,152,5,20250716_155355
1752648780.2178476,11677172,2989356032,2989.356032,29,77,150,5,20250716_155355
1752648780.2278316,11677211,2989366016,2989.366016,32,77,147,5,20250716_155355
1752648780.2378156,11677250,2989376000,2989.376,35,75,143,5,20250716_155355
1752648780.2477996,11677289,2989385984,2989.385984,38,76,140,5,20250716_155355
1752648780.2577837,11677328,2989395968,2989.395968,41,76,136,5,20250716_155355
1752648780.2677677,11677367,2989405952,2989.405952,45,78,134,5,20250716_155355
1752648780.2780075,11677407,2989416192,2989.416192,49,78,131,5,20250716_155355
1752648780.2879918,11677446,2989426176,2989.426176,52,77,127,5,20250716_155355
1752648780.2979758,11677485,2989436160,2989.43616,56,78,127,5,20250716_155355
1752648780.3079598,11677524,2989446144,2989.446144,60,75,123,5,20250716_155355
1752648780.3179436,11677563,2989456128,2989.456128,64,75,119,5,20250716_155355
1752648780.3279276,11677602,2989466112,2989.466112,69,74,114,5,20250716_155355
1752648780.3379116,11677641,2989476096,2989.476096,73,74,112,5,20250716_155355
1752648780.3478956,11677680,2989486080,2989.48608,77,73,109,5,20250716_155355
1752648780.3578796,11677719,2989496064,2989.496064,81,72,107,5,20250716_155355
1752648780.3678637,11677758,2989506048,2989.506048,85,69,103,5,20250716_155355
1752648780.3778477,11677797,2989516032,2989.516032,89,69,102,5,20250716_155355
1752648780.3878317,11677836,2989526016,2989.526016,93,68,100,5,20250716_155355
1752648780.3978157,11677875,2989536000,2989.536,96,69,98,5,20250716_155355
1752648780.4077995,11677914,2989545984,2989.545984,100,70,96,5,20250716_155355
1752648780.4180398,11677954,2989556224,2989.556224,103,72,96,5,20250716_155355
1752648780.4280236,11677993,2989566208,2989.566208,106,68,94,5,20250716_155355
1752648780.4380076,11678032,2989576192,2989.576192,109,66,93,5,20250716_155355
1752648780.4479916,11678071,2989586176,2989.586176,112,66,92,5,20250716_155355
1752648780.4579756,11678110,2989596160,2989.59616,114,66,91,5,20250716_155355
1752648780.4679596,11678149,2989606144,2989.606144,117,65,90,5,20250716_155355
1752648780.4779437,11678188,2989616128,2989.616128,119,64,90,5,20250716_155355
1752648780.4879277,11678227,2989626112,2989.626112,122,63,90,5,20250716_155355
1752648780.4979117,11678266,2989636096,2989.636096,124,63,92,5,20250716_155355
1752648780.5078957,11678305,2989646080,2989.64608,126,63,93,5,20250716_155355
1752648780.5178795,11678344,2989656064,2989.656064,128,61,94,5,20250716_155355
1752648780.5278635,11678383,2989666048,2989.666048,131,62,95,5,20250716_155355
1752648780.5378478,11678422,2989676032,2989.676032,133,61,95,5,20250716_155355
1752648780.5478318,11678461,2989686016,2989.686016,135,61,96,5,20250716_155355
1752648780.5580716,11678501,2989696256,2989.696256,137,62,97,5,20250716_155355
1752648780.5680556,11678540,2989706240,2989.70624,139,63,98,5,20250716_155355
1752648780.5780396,11678579,2989716224,2989.716224,141,64,98,5,20250716_155355
1752648780.5880237,11678618,2989726208,2989.726208,144,64,100,5,20250716_155355
1752648780.5980077,11678657,2989736192,2989.736192,146,64,100,5,20250716_155355
1752648780.6079917,11678696,2989746176,2989.746176,148,64,100,5,20250716_155355
1752648780.6179757,11678735,2989756160,2989.75616,150,64,102,5,20250716_155355
1752648780.6279595,11678774,2989766144,2989.766144,153,64,103,5,20250716_155355
1752648780.6379435,11678813,2989776128,2989.776128,155,64,104,5,20250716_155355
1752648780.6479278,11678852,2989786112,2989.786112,157,63,106,5,20250716_155355
1752648780.6579118,11678891,2989796096,2989.796096,160,63,107,5,20250716_155355
1752648780.6678958,11678930,2989806080,2989.80608,163,63,109,5,20250716_155355
1752648780.6778796,11678969,2989816064,2989.816064,166,63,112,5,20250716_155355
1752648780.6878636,11679008,2989826048,2989.826048,169,64,117,5,20250716_155355
1752648780.6981037,11679048,2989836288,2989.836288,172,63,119,5,20250716_155355
1752648780.7080877,11679087,2989846272,2989.846272,176,62,124,5,20250716_155355
1752648780.7180717,11679126,2989856256,2989.856256,179,62,129,5,20250716_155355
1752648780.7280557,11679165,2989866240,2989.86624,183,62,138,5,20250716_155355
1752648780.7380395,11679204,2989876224,2989.876224,188,63,147,5,20250716_155355
1752648780.7480235,11679243,2989886208,2989.886208,192,63,155,5,20250716_155355
1752648780.7580078,11679282,2989896192,2989.896192,197,63,160,5,20250716_155355
1752648780.7679918,11679321,2989906176,2989.906176,202,63,161,5,20250716_155355
1752648780.7779758,11679360,2989916160,2989.91616,206,65,159,5,20250716_155355
1752648780.7879596,11679399,2989926144,2989.926144,210,66,161,5,20250716_155355
1752648780.7979436,11679438,2989936128,2989.936128,214,66,163,5,20250716_155355
1752648780.8079276,11679477,2989946112,2989.946112,218,67,164,5,20250716_155355
1752648780.8179116,11679516,2989956096,2989.956096,221,71,164,5,20250716_155355
1752648780.8278956,11679555,2989966080,2989.96608,225,74,164,5,20250716_155355
1752648780.8378797,11679594,2989976064,2989.976064,228,78,165,5,20250716_155355
1752648780.8481195,11679634,2989986304,2989.986304,231,78,164,5,20250716_155355
1752648780.8581038,11679673,2989996288,2989.996288,234,75,165,5,20250716_155355
1752648780.8680878,11679712,2990006272,2990.006272,237,76,165,5,20250716_155355
1752648780.8780718,11679751,2990016256,2990.016256,240,73,166,5,20250716_155355
1752648780.8880558,11679790,2990026240,2990.02624,243,72,166,5,20250716_155355
1752648780.8980396,11679829,2990036224,2990.036224,245,73,166,5,20250716_155355
1752648780.9080236,11679868,2990046208,2990.046208,248,75,166,5,20250716_155355
1752648780.9180076,11679907,2990056192,2990.056192,250,74,166,5,20250716_155355
1752648780.9279916,11679946,2990066176,2990.066176,252,76,165,5,20250716_155355
1752648780.9379756,11679985,2990076160,2990.07616,254,78,166,5,20250716_155355
1752648780.9479597,11680024,2990086144,2990.086144,2,79,165,5,20250716_155355
1752648780.9579437,11680063,2990096128,2990.096128,4,77,163,5,20250716_155355
1752648780.9679277,11680102,2990106112,2990.106112,6,76,163,5,20250716_155355
1752648780.9779117,11680141,2990116096,2990.116096,8,76,161,5,20250716_155355
1752648780.9881518,11680181,2990126336,2990.126336,10,76,161,5,20250716_155355
1752648780.9981358,11680220,2990136320,2990.13632,12,75,158,5,20250716_155355
1752648781.0081196,11680259,2990146304,2990.146304,15,74,158,5,20250716_155355
1752648781.0181036,11680298,2990156288,2990.156288,17,76,156,5,20250716_155355
1752648781.0280876,11680337,2990166272,2990.166272,19,76,156,5,20250716_155355
1752648781.0380716,11680376,2990176256,2990.176256,22,75,153,5,20250716_155355
1752648781.0480556,11680415,2990186240,2990.18624,24,76,151,5,20250716_155355
1752648781.0580397,11680454,2990196224,2990.196224,27,74,149,5,20250716_155355
1752648781.0680237,11680493,2990206208,2990.206208,30,74,145,5,20250716_155355
1752648781.0780077,11680532,2990216192,2990.216192,33,74,142,5,20250716_155355
1752648781.0879917,11680571,2990226176,2990.226176,36,78,138,5,20250716_155355
1752648781.0979755,11680610,2990236160,2990.23616,40,73,135,5,20250716_155355
1752648781.1079595,11680649,2990246144,2990.246144,43,74,131,5,20250716_155355
1752648781.1179438,11680688,2990256128,2990.256128,47,75,127,5,20250716_155355
1752648781.1281836,11680728,2990266368,2990.266368,51,77,126,5,20250716_155355
1752648781.1381676,11680767,2990276352,2990.276352,55,75,123,5,20250716_155355
1752648781.1481516,11680806,2990286336,2990.286336,59,75,120,5,20250716_155355
1752648781.1581357,11680845,2990296320,2990.29632,63,74,116,5,20250716_155355
1752648781.1681197,11680884,2990306304,2990.306304,68,74,112,5,20250716_155355
1752648781.1781037,11680923,2990316288,2990.316288,72,71,109,5,20250716_155355
1752648781.1880877,11680962,2990326272,2990.326272,76,72,106,5,20250716_155355
1752648781.1980717,11681001,2990336256,2990.336256,80,71,104,5,20250716_155355
1752648781.2080555,11681040,2990346240,2990.34624,85,70,102,5,20250716_155355
1752648781.2180398,11681079,2990356224,2990.356224,88,69,100,5,20250716_155355
1752648781.2280238,11681118,2990366208,2990.366208,92,69,98,5,20250716_155355
1752648781.2380078,11681157,2990376192,2990.376192,96,66,96,5,20250716_155355
1752648781.2479918,11681196,2990386176,2990.386176,99,65,93,5,20250716_155355
1752648781.2579756,11681235,2990396160,2990.39616,102,63,92,5,20250716_155355
1752648781.2679596,11681274,2990406144,2990.406144,105,63,91,5,20250716_155355
1752648781.2781997,11681314,2990416384,2990.416384,108,65,90,5,20250716_155355
1752648781.2881837,11681353,2990426368,2990.426368,111,66,90,5,20250716_155355
1752648781.2981677,11681392,2990436352,2990.436352,114,67,92,5,20250716_155355
1752648781.3081515,11681431,2990446336,2990.446336,116,65,92,5,20250716_155355
1752648781.3181355,11681470,2990456320,2990.45632,119,63,93,5,20250716_155355
1752648781.3281198,11681509,2990466304,2990.466304,121,62,93,5,20250716_155355
1752648781.3381038,11681548,2990476288,2990.476288,124,63,93,5,20250716_155355
1752648781.3480878,11681587,2990486272,2990.486272,126,62,94,5,20250716_155355
1752648781.3580718,11681626,2990496256,2990.496256,128,62,95,5,20250716_155355
1752648781.3680556,11681665,2990506240,2990.50624,130,61,96,5,20250716_155355
1752648781.3780396,11681704,2990516224,2990.516224,133,61,97,5,20250716_155355
1752648781.3880236,11681743,2990526208,2990.526208,135,60,98,5,20250716_155355
1752648781.3980076,11681782,2990536192,2990.536192,137,60,98,5,20250716_155355
1752648781.4079916,11681821,2990546176,2990.546176,139,60,100,5,20250716_155355
1752648781.4182315,11681861,2990556416,2990.556416,142,60,100,5,20250716_155355
1752648781.4282155,11681900,2990566400,2990.5664,144,61,102,5,20250716_155355
1752648781.4381998,11681939,2990576384,2990.576384,146,61,102,5,20250716_155355
1752648781.4481838,11681978,2990586368,2990.586368,149,62,104,5,20250716_155355
1752648781.4581678,11682017,2990596352,2990.596352,151,62,104,5,20250716_155355
1752648781.4681518,11682056,2990606336,2990.606336,154,62,106,5,20250716_155355
1752648781.4781356,11682095,2990616320,2990.61632,156,61,108,5,20250716_155355
1752648781.4881196,11682134,2990626304,2990.626304,159,61,111,5,20250716_155355
1752648781.4981036,11682173,2990636288,2990.636288,162,61,113,5,20250716_155355
1752648781.5080876,11682212,2990646272,2990.646272,165,61,116,5,20250716_155355
1752648781.5180717,11682251,2990656256,2990.656256,168,61,121,5,20250716_155355
1752648781.5280557,11682290,2990666240,2990.66624,172,61,126,5,20250716_155355
1752648781.5380397,11682329,2990676224,2990.676224,176,61,128,5,20250716_155355
1752648781.5480237,11682368,2990686208,2990.686208,180,60,137,5,20250716_155355
1752648781.5580077,11682407,2990696192,2990.696192,184,60,147,5,20250716_155355
1752648781.5682478,11682447,2990706432,2990.706432,189,60,154,5,20250716_155355
1752648781.5782316,11682486,2990716416,2990.716416,193,60,159,5,20250716_155355
1752648781.5882156,11682525,2990726400,2990.7264,198,61,161,5,20250716_155355
1752648781.5981996,11682564,2990736384,2990.736384,203,62,161,5,20250716_155355
1752648781.6081836,11682603,2990746368,2990.746368,207,62,162,5,20250716_155355
1752648781.6181676,11682642,2990756352,2990.756352,211,64,162,5,20250716_155355
1752648781.6281517,11682681,2990766336,2990.766336,215,66,164,5,20250716_155355
1752648781.6381357,11682720,2990776320,2990.77632,219,69,164,5,20250716_155355
1752648781.6481197,11682759,2990786304,2990.786304,222,72,166,5,20250716_155355
1752648781.6581037,11682798,2990796288,2990.796288,226,76,165,5,20250716_155355
1752648781.6680875,11682837,2990806272,2990.806272,229,76,166,5,20250716_155355
1752648781.6780715,11682876,2990816256,2990.816256,232,78,166,5,20250716_155355
1752648781.6880558,11682915,2990826240,2990.82624,235,72,166,5,20250716_155355
1752648781.6980398,11682954,2990836224,2990.836224,238,71,166,5,20250716_155355
1752648781.7082796,11682994,2990846464,2990.846464,241,70,166,5,20250716_155355
1752648781.7182636,11683033,2990856448,2990.856448,243,69,166,5,20250716_155355
1752648781.7282476,11683072,2990866432,2990.866432,246,70,166,5,20250716_155355
1752648781.7382317,11683111,2990876416,2990.876416,248,73,165,5,20250716_155355
1752648781.7482157,11683150,2990886400,2990.8864,251,75,165,5,20250716_155355
1752648781.7581997,11683189,2990896384,2990.896384,253,75,164,5,20250716_155355
1752648781.7681837,11683228,2990906368,2990.906368,0,75,164,5,20250716_155355
1752648781.7781675,11683267,2990916352,2990.916352,2,76,164,5,20250716_155355
1752648781.7881515,11683306,2990926336,2990.926336,4,77,163,5,20250716_155355
1752648781.7981358,11683345,2990936320,2990.93632,6,78,163,5,20250716_155355
1752648781.8081198,11683384,2990946304,2990.946304,9,77,162,5,20250716_155355
1752648781.8181038,11683423,2990956288,2990.956288,11,75,162,5,20250716_155355
1752648781.8280878,11683462,2990966272,2990.966272,13,74,161,5,20250716_155355
1752648781.8380716,11683501,2990976256,2990.976256,15,73,161,5,20250716_155355
1752648781.8480556,11683540,2990986240,2990.98624,17,73,160,5,20250716_155355
1752648781.8582957,11683580,2990996480,2990.99648,19,75,159,5,20250716_155355
1752648781.8682797,11683619,2991006464,2991.006464,21,76,158,5,20250716_155355
1752648781.8782637,11683658,2991016448,2991.016448,24,78,156,5,20250716_155355
1752648781.8882475,11683697,2991026432,2991.026432,26,77,152,5,20250716_155355
1752648781.8982315,11683736,2991036416,2991.036416,29,75,149,5,20250716_155355
1752648781.9082158,11683775,2991046400,2991.0464,32,78,145,5,20250716_155355
1752648781.9181998,11683814,2991056384,2991.056384,35,76,142,5,20250716_155355
1752648781.9281838,11683853,2991066368,2991.066368,38,75,138,5,20250716_155355
1752648781.9381676,11683892,2991076352,2991.076352,41,75,136,5,20250716_155355
1752648781.9481516,11683931,2991086336,2991.086336,45,74,133,5,20250716_155355
1752648781.9581356,11683970,2991096320,2991.09632,49,74,130,5,20250716_155355
1752648781.9681196,11684009,2991106304,2991.106304,53,73,127,5,20250716_155355
1752648781.9781036,11684048,2991116288,2991.116288,56,74,126,5,20250716_155355
1752648781.9880877,11684087,2991126272,2991.126272,61,70,122,5,20250716_155355
1752648781.9980717,11684126,2991136256,2991.136256,65,68,118,5,20250716_155355
1752648782.0083115,11684166,2991146496,2991.146496,69,69,114,5,20250716_155355
1752648782.0182958,11684205,2991156480,2991.15648,73,71,112,5,20250716_155355
1752648782.0282798,11684244,2991166464,2991.166464,77,71,110,5,20250716_155355
1752648782.0382638,11684283,2991176448,2991.176448,81,71,108,5,20250716_155355
1752648782.0482476,11684322,2991186432,2991.186432,85,75,105,5,20250716_155355
1752648782.0582316,11684361,2991196416,2991.196416,89,71,104,5,20250716_155355
1752648782.0682156,11684400,2991206400,2991.2064,93,69,104,5,20250716_155355
1752648782.0781996,11684439,2991216384,2991.216384,97,67,104,5,20250716_155355
1752648782.0881836,11684478,2991226368,2991.226368,100,66,100,5,20250716_155355
1752648782.0981677,11684517,2991236352,2991.236352,103,64,98,5,20250716_155355
1752648782.1081517,11684556,2991246336,2991.246336,106,65,96,5,20250716_155355
1752648782.1181357,11684595,2991256320,2991.25632,109,67,94,5,20250716_155355
1752648782.1281197,11684634,2991266304,2991.266304,112,65,92,5,20250716_155355
1752648782.1381035,11684673,2991276288,2991.276288,115,62,91,5,20250716_155355
1752648782.1483438,11684713,2991286528,2991.286528,117,65,90,5,20250716_155355
1752648782.1583276,11684752,2991296512,2991.296512,120,66,90,5,20250716_155355
1752648782.1683116,11684791,2991306496,2991.306496,122,64,90,5,20250716_155355
1752648782.1782956,11684830,2991316480,2991.31648,124,63,90,5,20250716_155355
1752648782.1882796,11684869,2991326464,2991.326464,126,61,91,5,20250716_155355
1752648782.1982636,11684908,2991336448,2991.336448,129,61,92,5,20250716_155355
1752648782.2082477,11684947,2991346432,2991.346432,131,60,93,5,20250716_155355
1752648782.2182317,11684986,2991356416,2991.356416,133,59,94,5,20250716_155355
1752648782.2282157,11685025,2991366400,2991.3664,135,59,95,5,20250716_155355
1752648782.2381997,11685064,2991376384,2991.376384,137,60,97,5,20250716_155355
1752648782.2481835,11685103,2991386368,2991.386368,139,61,97,5,20250716_155355
1752648782.2581675,11685142,2991396352,2991.396352,141,61,98,5,20250716_155355
1752648782.2681518,11685181,2991406336,2991.406336,144,61,98,5,20250716_155355
1752648782.2781358,11685220,2991416320,2991.41632,146,61,100,5,20250716_155355
1752648782.2881198,11685259,2991426304,2991.426304,148,60,100,5,20250716_155355
1752648782.2983596,11685299,2991436544,2991.436544,150,60,101,5,20250716_155355
1752648782.3083436,11685338,2991446528,2991.446528,153,60,102,5,20250716_155355
1752648782.3183277,11685377,2991456512,2991.456512,155,61,103,5,20250716_155355
1752648782.3283117,11685416,2991466496,2991.466496,157,60,105,5,20250716_155355
1752648782.3382957,11685455,2991476480,2991.47648,160,60,106,5,20250716_155355
1752648782.3482797,11685494,2991486464,2991.486464,163,60,108,5,20250716_155355
1752648782.3582635,11685533,2991496448,2991.496448,165,59,111,5,20250716_155355
1752648782.3682475,11685572,2991506432,2991.506432,168,59,114,5,20250716_155355
1752648782.3782318,11685611,2991516416,2991.516416,172,58,118,5,20250716_155355
1752648782.3882158,11685650,2991526400,2991.5264,175,58,122,5,20250716_155355
1752648782.3981998,11685689,2991536384,2991.536384,179,58,127,5,20250716_155355
1752648782.4081836,11685728,2991546368,2991.546368,182,58,133,5,20250716_155355
1752648782.4181676,11685767,2991556352,2991.556352,187,59,144,5,20250716_155355
1752648782.4281516,11685806,2991566336,2991.566336,191,60,153,5,20250716_155355
1752648782.4383917,11685846,2991576576,2991.576576,196,60,159,5,20250716_155355
1752648782.4483757,11685885,2991586560,2991.58656,200,60,161,5,20250716_155355
1752648782.4583597,11685924,2991596544,2991.596544,205,62,160,5,20250716_155355
1752648782.4683435,11685963,2991606528,2991.606528,209,65,161,5,20250716_155355
1752648782.4783278,11686002,2991616512,2991.616512,213,68,163,5,20250716_155355
1752648782.4883118,11686041,2991626496,2991.626496,217,71,164,5,20250716_155355
1752648782.4982958,11686080,2991636480,2991.63648,221,71,164,5,20250716_155355
1752648782.5082798,11686119,2991646464,2991.646464,224,72,165,5,20250716_155355
1752648782.5182636,11686158,2991656448,2991.656448,227,72,164,5,20250716_155355
1752648782.5282476,11686197,2991666432,2991.666432,231,72,165,5,20250716_155355
1752648782.5382316,11686236,2991676416,2991.676416,234,71,166,5,20250716_155355
1752648782.5482156,11686275,2991686400,2991.6864,237,69,165,5,20250716_155355
1752648782.5581996,11686314,2991696384,2991.696384,239,71,165,5,20250716_155355
1752648782.5681837,11686353,2991706368,2991.706368,242,71,166,5,20250716_155355
1752648782.5784235,11686393,2991716608,2991.716608,245,74,166,5,20250716_155355
1752648782.5884078,11686432,2991726592,2991.726592,247,74,165,5,20250716_155355
1752648782.5983918,11686471,2991736576,2991.736576,249,76,164,5,20250716_155355
1752648782.6083758,11686510,2991746560,2991.74656,252,78,164,5,20250716_155355
1752648782.6183598,11686549,2991756544,2991.756544,254,76,164,5,20250716_155355
1752648782.6283436,11686588,2991766528,2991.766528,1,75,165,5,20250716_155355
1752648782.6383276,11686627,2991776512,2991.776512,3,76,163,5,20250716_155355
1752648782.6483116,11686666,2991786496,2991.786496,5,76,163,5,20250716_155355
1752648782.6582956,11686705,2991796480,2991.79648,8,76,162,5,20250716_155355
1752648782.6682796,11686744,2991806464,2991.806464,10,74,161,5,20250716_155355
1752648782.6782637,11686783,2991816448,2991.816448,12,74,160,5,20250716_155355
1752648782.6882477,11686822,2991826432,2991.826432,14,73,160,5,20250716_155355
1752648782.6982317,11686861,2991836416,2991.836416,16,75,158,5,20250716_155355
1752648782.7082157,11686900,2991846400,2991.8464,18,79,158,5,20250716_155355
1752648782.7181995,11686939,2991856384,2991.856384,21,74,157,5,20250716_155355
1752648782.7284398,11686979,2991866624,2991.866624,23,73,155,5,20250716_155355
1752648782.7384236,11687018,2991876608,2991.876608,25,73,153,5,20250716_155355
1752648782.7484076,11687057,2991886592,2991.886592,28,74,149,5,20250716_155355
1752648782.7583916,11687096,2991896576,2991.896576,31,73,146,5,20250716_155355
1752648782.7683756,11687135,2991906560,2991.90656,34,73,144,5,20250716_155355
1752648782.7783597,11687174,2991916544,2991.916544,37,74,141,5,20250716_155355
1752648782.7883437,11687213,2991926528,2991.926528,40,75,138,5,20250716_155355
1752648782.7983277,11687252,2991936512,2991.936512,44,75,135,5,20250716_155355
1752648782.8083117,11687291,2991946496,2991.946496,48,76,131,5,20250716_155355
1752648782.8182957,11687330,2991956480,2991.95648,51,77,127,5,20250716_155355
1752648782.8282795,11687369,2991966464,2991.966464,55,76,127,5,20250716_155355
1752648782.8382638,11687408,2991976448,2991.976448,59,74,124,5,20250716_155355
1752648782.8482478,11687447,2991986432,2991.986432,63,70,120,5,20250716_155355
1752648782.8582318,11687486,2991996416,2991.996416,68,69,116,5,20250716_155355
1752648782.8684716,11687526,2992006656,2992.006656,72,71,112,5,20250716_155355
1752648782.8784556,11687565,2992016640,2992.01664,76,66,109,5,20250716_155355
1752648782.8884397,11687604,2992026624,2992.026624,80,68,106,5,20250716_155355
1752648782.8984237,11687643,2992036608,2992.036608,84,67,104,5,20250716_155355
1752648782.9084077,11687682,2992046592,2992.046592,88,68,102,5,20250716_155355
1752648782.9183917,11687721,2992056576,2992.056576,92,70,100,5,20250716_155355
1752648782.9283755,11687760,2992066560,2992.06656,96,68,98,5,20250716_155355
1752648782.9383595,11687799,2992076544,2992.076544,99,66,95,5,20250716_155355
1752648782.9483438,11687838,2992086528,2992.086528,102,66,94,5,20250716_155355
1752648782.9583278,11687877,2992096512,2992.096512,105,63,92,5,20250716_155355
1752648782.9685676,11687917,2992106752,2992.106752,108,62,92,5,20250716_155355
1752648782.9785516,11687956,2992116736,2992.116736,111,62,91,5,20250716_155355
1752648782.9885356,11687995,2992126720,2992.12672,114,64,90,5,20250716_155355
1752648782.9985197,11688034,2992136704,2992.136704,116,69,91,5,20250716_155355
1752648783.0085037,11688073,2992146688,2992.146688,119,64,90,5,20250716_155355
1752648783.0184877,11688112,2992156672,2992.156672,121,62,90,5,20250716_155355
1752648783.0284717,11688151,2992166656,2992.166656,123,64,90,5,20250716_155355
1752648783.0384555,11688190,2992176640,2992.17664,126,60,90,5,20250716_155355
1752648783.0484395,11688229,2992186624,2992.186624,128,59,92,5,20250716_155355
1752648783.0584238,11688268,2992196608,2992.196608,130,58,93,5,20250716_155355
1752648783.0684078,11688307,2992206592,2992.206592,132,59,95,5,20250716_155355
1752648783.0783918,11688346,2992216576,2992.216576,134,59,95,5,20250716_155355
1752648783.0883758,11688385,2992226560,2992.22656,136,59,96,5,20250716_155355
1752648783.0983596,11688424,2992236544,2992.236544,139,59,96,5,20250716_155355
1752648783.1083436,11688463,2992246528,2992.246528,141,60,97,5,20250716_155355
1752648783.1185837,11688503,2992256768,2992.256768,143,60,98,5,20250716_155355
1752648783.1285677,11688542,2992266752,2992.266752,145,60,99,5,20250716_155355
1752648783.1385517,11688581,2992276736,2992.276736,147,59,99,5,20250716_155355
1752648783.1485355,11688620,2992286720,2992.28672,149,59,100,5,20250716_155355
1752648783.1585195,11688659,2992296704,2992.296704,152,60,101,5,20250716_155355
1752648783.1685038,11688698,2992306688,2992.306688,154,60,102,5,20250716_155355
1752648783.1784878,11688737,2992316672,2992.316672,156,59,103,5,20250716_155355
1752648783.1884718,11688776,2992326656,2992.326656,159,59,104,5,20250716_155355
1752648783.1984556,11688815,2992336640,2992.33664,161,59,106,5,20250716_155355
1752648783.2084396,11688854,2992346624,2992.346624,164,59,108,5,20250716_155355
1752648783.2184236,11688893,2992356608,2992.356608,167,59,111,5,20250716_155355
1752648783.2284076,11688932,2992366592,2992.366592,170,59,114,5,20250716_155355
1752648783.2383916,11688971,2992376576,2992.376576,173,58,118,5,20250716_155355
1752648783.2483757,11689010,2992386560,2992.38656,177,59,122,5,20250716_155355
1752648783.2586155,11689050,2992396800,2992.3968,180,59,127,5,20250716_155355
1752648783.2685995,11689089,2992406784,2992.406784,184,60,134,5,20250716_155355
1752648783.2785838,11689128,2992416768,2992.416768,189,59,144,5,20250716_155355
1752648783.2885678,11689167,2992426752,2992.426752,193,58,154,5,20250716_155355
1752648783.2985518,11689206,2992436736,2992.436736,198,57,160,5,20250716_155355
1752648783.3085356,11689245,2992446720,2992.44672,202,61,161,5,20250716_155355
1752648783.3185196,11689284,2992456704,2992.456704,206,65,161,5,20250716_155355
1752648783.3285036,11689323,2992466688,2992.466688,211,67,162,5,20250716_155355
1752648783.3384876,11689362,2992476672,2992.476672,215,68,164,5,20250716_155355
1752648783.3484716,11689401,2992486656,2992.486656,218,69,164,5,20250716_155355
1752648783.3584557,11689440,2992496640,2992.49664,222,69,164,5,20250716_155355
1752648783.3684397,11689479,2992506624,2992.506624,225,69,165,5,20250716_155355
1752648783.3784237,11689518,2992516608,2992.516608,229,69,165,5,20250716_155355
1752648783.3884077,11689557,2992526592,2992.526592,232,70,165,5,20250716_155355
1752648783.3983915,11689596,2992536576,2992.536576,235,72,166,5,20250716_155355
1752648783.4086318,11689636,2992546816,2992.546816,238,73,164,5,20250716_155355
1752648783.4186156,11689675,2992556800,2992.5568,240,71,165,5,20250716_155355
1752648783.4285996,11689714,2992566784,2992.566784,243,74,165,5,20250716_155355
1752648783.4385836,11689753,2992576768,2992.576768,246,75,166,5,20250716_155355
1752648783.4485676,11689792,2992586752,2992.586752,248,76,166,5,20250716_155355
1752648783.4585516,11689831,2992596736,2992.596736,250,76,166,5,20250716_155355
1752648783.4685357,11689870,2992606720,2992.60672,253,76,165,5,20250716_155355
1752648783.4785197,11689909,2992616704,2992.616704,0,74,165,5,20250716_155355
1752648783.4885037,11689948,2992626688,2992.626688,2,73,166,5,20250716_155355
1752648783.4984877,11689987,2992636672,2992.636672,4,73,164,5,20250716_155355
1752648783.5084715,11690026,2992646656,2992.646656,6,75,164,5,20250716_155355
1752648783.5184555,11690065,2992656640,2992.65664,8,74,163,5,20250716_155355
1752648783.5284398,11690104,2992666624,2992.666624,10,75,163,5,20250716_155355
1752648783.5384238,11690143,2992676608,2992.676608,12,75,161,5,20250716_155355
1752648783.5486636,11690183,2992686848,2992.686848,14,76,160,5,20250716_155355
1752648783.5586476,11690222,2992696832,2992.696832,17,75,159,5,20250716_155355
1752648783.5686316,11690261,2992706816,2992.706816,19,74,158,5,20250716_155355
1752648783.5786157,11690300,2992716800,2992.7168,21,74,155,5,20250716_155355
1752648783.5885997,11690339,2992726784,2992.726784,23,74,153,5,20250716_155355
1752648783.5985837,11690378,2992736768,2992.736768,26,73,151,5,20250716_155355
1752648783.6085677,11690417,2992746752,2992.746752,29,73,148,5,20250716_155355
1752648783.6185515,11690456,2992756736,2992.756736,32,72,143,5,20250716_155355
1752648783.6285355,11690495,2992766720,2992.76672,35,72,140,5,20250716_155355
1752648783.6385198,11690534,2992776704,2992.776704,38,74,137,5,20250716_155355
1752648783.6485038,11690573,2992786688,2992.786688,42,77,134,5,20250716_155355
1752648783.6584878,11690612,2992796672,2992.796672,45,77,130,5,20250716_155355
1752648783.6684716,11690651,2992806656,2992.806656,49,75,127,5,20250716_155355
1752648783.6784556,11690690,2992816640,2992.81664,53,77,125,5,20250716_155355
1752648783.6886957,11690730,2992826880,2992.82688,57,75,123,5,20250716_155355
1752648783.6986797,11690769,2992836864,2992.836864,61,74,121,5,20250716_155355
1752648783.7086637,11690808,2992846848,2992.846848,65,70,117,5,20250716_155355
1752648783.7186477,11690847,2992856832,2992.856832,70,68,113,5,20250716_155355
1752648783.7286315,11690886,2992866816,2992.866816,74,68,110,5,20250716_155355
1752648783.7386158,11690925,2992876800,2992.8768,78,68,107,5,20250716_155355
1752648783.7485998,11690964,2992886784,2992.886784,82,67,104,5,20250716_155355
1752648783.7585838,11691003,2992896768,2992.896768,86,67,103,5,20250716_155355
1752648783.7685678,11691042,2992906752,2992.906752,90,68,101,5,20250716_155355
1752648783.7785516,11691081,2992916736,2992.916736,94,69,98,5,20250716_155355
1752648783.7885356,11691120,2992926720,2992.92672,97,67,96,5,20250716_155355
1752648783.7985196,11691159,2992936704,2992.936704,100,65,94,5,20250716_155355
1752648783.8085036,11691198,2992946688,2992.946688,104,64,92,5,20250716_155355
1752648783.8184876,11691237,2992956672,2992.956672,107,64,91,5,20250716_155355
1752648783.8284717,11691276,2992966656,2992.966656,110,62,90,5,20250716_155355
1752648783.8387115,11691316,2992976896,2992.976896,112,63,91,5,20250716_155355
1752648783.8486958,11691355,2992986880,2992.98688,115,61,91,5,20250716_155355
1752648783.8586798,11691394,2992996864,2992.996864,117,61,92,5,20250716_155355
1752648783.8686638,11691433,2993006848,2993.006848,120,62,90,5,20250716_155355
1752648783.8786478,11691472,2993016832,2993.016832,122,63,92,5,20250716_155355
1752648783.8886316,11691511,2993026816,2993.026816,125,62,93,5,20250716_155355
1752648783.8986156,11691550,2993036800,2993.0368,127,58,94,5,20250716_155355
1752648783.9085996,11691589,2993046784,2993.046784,129,58,94,5,20250716_155355
1752648783.9185836,11691628,2993056768,2993.056768,131,58,94,5,20250716_155355
1752648783.9285676,11691667,2993066752,2993.066752,133,58,96,5,20250716_155355
1752648783.9385517,11691706,2993076736,2993.076736,136,58,97,5,20250716_155355
1752648783.9485357,11691745,2993086720,2993.08672,138,58,98,5,20250716_155355
1752648783.9585197,11691784,2993096704,2993.096704,140,59,99,5,20250716_155355
1752648783.9685037,11691823,2993106688,2993.106688,142,59,100,5,20250716_155355
1752648783.9784875,11691862,2993116672,2993.116672,145,60,101,5,20250716_155355
1752648783.9887278,11691902,2993126912,2993.126912,147,59,102,5,20250716_155355
1752648783.9987116,11691941,2993136896,2993.136896,149,59,103,5,20250716_155355
1752648784.0086956,11691980,2993146880,2993.14688,152,59,104,5,20250716_155355
1752648784.0186796,11692019,2993156864,2993.156864,154,59,106,5,20250716_155355
1752648784.0286636,11692058,2993166848,2993.166848,157,59,108,5,20250716_155355
1752648784.0386477,11692097,2993176832,2993.176832,160,59,109,5,20250716_155355
1752648784.0486317,11692136,2993186816,2993.186816,163,59,111,5,20250716_155355
1752648784.0586157,11692175,2993196800,2993.1968,166,60,115,5,20250716_155355
1752648784.0685997,11692214,2993206784,2993.206784,169,60,119,5,20250716_155355
1752648784.0785837,11692253,2993216768,2993.216768,172,60,122,5,20250716_155355
1752648784.0885675,11692292,2993226752,2993.226752,176,59,127,5,20250716_155355
1752648784.0985518,11692331,2993236736,2993.236736,180,58,133,5,20250716_155355
1752648784.1085358,11692370,2993246720,2993.24672,184,58,143,5,20250716_155355
1752648784.1185198,11692409,2993256704,2993.256704,189,58,150,5,20250716_155355
1752648784.1287596,11692449,2993266944,2993.266944,193,58,158,5,20250716_155355
1752648784.1387436,11692488,2993276928,2993.276928,198,60,161,5,20250716_155355
1752648784.1487277,11692527,2993286912,2993.286912,202,64,161,5,20250716_155355
1752648784.1587117,11692566,2993296896,2993.296896,207,66,162,5,20250716_155355
1752648784.1686957,11692605,2993306880,2993.30688,211,70,163,5,20250716_155355
1752648784.1786797,11692644,2993316864,2993.316864,215,70,165,5,20250716_155355
1752648784.1886635,11692683,2993326848,2993.326848,219,71,165,5,20250716_155355
1752648784.1986475,11692722,2993336832,2993.336832,222,71,165,5,20250716_155355
1752648784.2086318,11692761,2993346816,2993.346816,226,70,166,5,20250716_155355
1752648784.2186158,11692800,2993356800,2993.3568,229,71,166,5,20250716_155355
1752648784.2285998,11692839,2993366784,2993.366784,232,71,166,5,20250716_155355
1752648784.2385838,11692878,2993376768,2993.376768,235,73,166,5,20250716_155355
1752648784.2485676,11692917,2993386752,2993.386752,238,75,166,5,20250716_155355
1752648784.2585516,11692956,2993396736,2993.396736,241,76,166,5,20250716_155355
1752648784.2687917,11692996,2993406976,2993.406976,243,75,166,5,20250716_155355
1752648784.2787757,11693035,2993416960,2993.41696,246,74,166,5,20250716_155355
1752648784.2887597,11693074,2993426944,2993.426944,248,74,166,5,20250716_155355
1752648784.2987435,11693113,2993436928,2993.436928,250,74,165,5,20250716_155355
1752648784.3087275,11693152,2993446912,2993.446912,253,75,165,5,20250716_155355
1752648784.3187118,11693191,2993456896,2993.456896,0,74,165,5,20250716_155355
1752648784.3286958,11693230,2993466880,2993.46688,2,74,165,5,20250716_155355
1752648784.3386798,11693269,2993476864,2993.476864,4,75,164,5,20250716_155355
1752648784.3486638,11693308,2993486848,2993.486848,6,76,164,5,20250716_155355
1752648784.3586476,11693347,2993496832,2993.496832,8,75,164,5,20250716_155355
1752648784.3686316,11693386,2993506816,2993.506816,10,74,162,5,20250716_155355
1752648784.3786156,11693425,2993516800,2993.5168,12,75,163,5,20250716_155355
1752648784.3885996,11693464,2993526784,2993.526784,14,77,160,5,20250716_155355
1752648784.3985837,11693503,2993536768,2993.536768,17,76,159,5,20250716_155355
1752648784.4085677,11693542,2993546752,2993.546752,19,75,158,5,20250716_155355
1752648784.4188075,11693582,2993556992,2993.556992,21,75,156,5,20250716_155355
1752648784.4287918,11693621,2993566976,2993.566976,24,75,154,5,20250716_155355
1752648784.4387758,11693660,2993576960,2993.57696,26,74,151,5,20250716_155355
1752648784.4487598,11693699,2993586944,2993.586944,29,74,147,5,20250716_155355
1752648784.4587436,11693738,2993596928,2993.596928,32,76,144,5,20250716_155355
1752648784.4687276,11693777,2993606912,2993.606912,35,74,141,5,20250716_155355
1752648784.4787116,11693816,2993616896,2993.616896,38,76,138,5,20250716_155355
1752648784.4886956,11693855,2993626880,2993.62688,42,75,134,5,20250716_155355
1752648784.4986796,11693894,2993636864,2993.636864,45,75,131,5,20250716_155355
1752648784.5086637,11693933,2993646848,2993.646848,49,75,127,5,20250716_155355
1752648784.5186477,11693972,2993656832,2993.656832,53,76,126,5,20250716_155355
1752648784.5286317,11694011,2993666816,2993.666816,57,76,123,5,20250716_155355
1752648784.5386157,11694050,2993676800,2993.6768,61,77,121,5,20250716_155355
1752648784.5485995,11694089,2993686784,2993.686784,65,73,116,5,20250716_155355
1752648784.5588398,11694129,2993697024,2993.697024,70,75,112,5,20250716_155355
1752648784.5688236,11694168,2993707008,2993.707008,74,70,108,5,20250716_155355
1752648784.5788076,11694207,2993716992,2993.716992,78,67,107,5,20250716_155355
1752648784.5887916,11694246,2993726976,2993.726976,82,67,104,5,20250716_155355
1752648784.5987756,11694285,2993736960,2993.73696,86,66,101,5,20250716_155355
1752648784.6087596,11694324,2993746944,2993.746944,90,67,99,5,20250716_155355
1752648784.6187437,11694363,2993756928,2993.756928,94,68,98,5,20250716_155355
1752648784.6287277,11694402,2993766912,2993.766912,97,68,96,5,20250716_155355
1752648784.6387117,11694441,2993776896,2993.776896,100,68,93,5,20250716_155355
1752648784.6486957,11694480,2993786880,2993.78688,104,69,92,5,20250716_155355
1752648784.6586795,11694519,2993796864,2993.796864,107,67,90,5,20250716_155355
1752648784.6686635,11694558,2993806848,2993.806848,109,66,91,5,20250716_155355
1752648784.6786478,11694597,2993816832,2993.816832,112,65,91,5,20250716_155355
1752648784.6886318,11694636,2993826816,2993.826816,115,63,92,5,20250716_155355
1752648784.6986158,11694675,2993836800,2993.8368,117,62,92,5,20250716_155355
1752648784.7088556,11694715,2993847040,2993.84704,120,61,92,5,20250716_155355
1752648784.7188396,11694754,2993857024,2993.857024,122,61,93,5,20250716_155355
1752648784.7288237,11694793,2993867008,2993.867008,125,61,93,5,20250716_155355
1752648784.7388077,11694832,2993876992,2993.876992,127,60,93,5,20250716_155355
1752648784.7487917,11694871,2993886976,2993.886976,129,60,95,5,20250716_155355
1752648784.7587757,11694910,2993896960,2993.89696,131,59,96,5,20250716_155355
1752648784.7687595,11694949,2993906944,2993.906944,133,60,97,5,20250716_155355
1752648784.7787435,11694988,2993916928,2993.916928,136,60,98,5,20250716_155355
1752648784.7887278,11695027,2993926912,2993.926912,138,61,99,5,20250716_155355
1752648784.7987118,11695066,2993936896,2993.936896,140,61,100,5,20250716_155355
1752648784.8086958,11695105,2993946880,2993.94688,143,62,101,5,20250716_155355
1752648784.8186798,11695144,2993956864,2993.956864,145,63,102,5,20250716_155355
1752648784.8286636,11695183,2993966848,2993.966848,147,62,102,5,20250716_155355
1752648784.8386476,11695222,2993976832,2993.976832,150,62,104,5,20250716_155355
1752648784.8488877,11695262,2993987072,2993.987072,152,62,105,5,20250716_155355
1752648784.8588717,11695301,2993997056,2993.997056,155,62,107,5,20250716_155355
1752648784.8688557,11695340,2994007040,2994.00704,158,62,108,5,20250716_155355
1752648784.8788395,11695379,2994017024,2994.017024,160,61,110,5,20250716_155355
1752648784.8888235,11695418,2994027008,2994.027008,163,60,113,5,20250716_155355
1752648784.8988078,11695457,2994036992,2994.036992,166,60,117,5,20250716_155355
1752648784.9087918,11695496,2994046976,2994.046976,170,59,120,5,20250716_155355
1752648784.9187758,11695535,2994056960,2994.05696,173,60,125,5,20250716_155355
1752648784.9287596,11695574,2994066944,2994.066944,177,60,128,5,20250716_155355
1752648784.9387436,11695613,2994076928,2994.076928,181,59,137,5,20250716_155355
1752648784.9487276,11695652,2994086912,2994.086912,185,59,147,5,20250716_155355
1752648784.9587116,11695691,2994096896,2994.096896,190,61,153,5,20250716_155355
1752648784.9686956,11695730,2994106880,2994.10688,195,62,160,5,20250716_155355
1752648784.9786797,11695769,2994116864,2994.116864,199,63,161,5,20250716_155355
1752648784.9889195,11695809,2994127104,2994.127104,204,66,161,5,20250716_155355
1752648784.9989038,11695848,2994137088,2994.137088,208,68,161,5,20250716_155355
1752648785.0088878,11695887,2994147072,2994.147072,212,70,163,5,20250716_155355
1752648785.0188718,11695926,2994157056,2994.157056,216,70,164,5,20250716_155355
1752648785.0288558,11695965,2994167040,2994.16704,220,70,165,5,20250716_155355
1752648785.0388396,11696004,2994177024,2994.177024,223,71,166,5,20250716_155355
1752648785.0488236,11696043,2994187008,2994.187008,227,71,165,5,20250716_155355
1752648785.0588076,11696082,2994196992,2994.196992,230,74,166,5,20250716_155355
1752648785.0687916,11696121,2994206976,2994.206976,233,76,166,5,20250716_155355
1752648785.0787756,11696160,2994216960,2994.21696,236,78,166,5,20250716_155355
1752648785.0887597,11696199,2994226944,2994.226944,239,76,166,5,20250716_155355
1752648785.0987437,11696238,2994236928,2994.236928,241,75,167,5,20250716_155355
1752648785.1087277,11696277,2994246912,2994.246912,244,74,166,5,20250716_155355
1752648785.1187117,11696316,2994256896,2994.256896,246,75,166,5,20250716_155355
1752648785.1286955,11696355,2994266880,2994.26688,249,76,166,5,20250716_155355
1752648785.1389358,11696395,2994277120,2994.27712,251,78,166,5,20250716_155355
1752648785.1489196,11696434,2994287104,2994.287104,253,76,166,5,20250716_155355
1752648785.1589036,11696473,2994297088,2994.297088,1,76,166,5,20250716_155355
1752648785.1688876,11696512,2994307072,2994.307072,3,75,165,5,20250716_155355
1752648785.1788716,11696551,2994317056,2994.317056,5,77,165,5,20250716_155355
1752648785.1888556,11696590,2994327040,2994.32704,7,77,164,5,20250716_155355
1752648785.1988397,11696629,2994337024,2994.337024,9,77,163,5,20250716_155355
1752648785.2088237,11696668,2994347008,2994.347008,11,79,163,5,20250716_155355
1752648785.2188077,11696707,2994356992,2994.356992,13,81,162,5,20250716_155355
1752648785.2287917,11696746,2994366976,2994.366976,15,77,160,5,20250716_155355
1752648785.2387755,11696785,2994376960,2994.37696,17,76,159,5,20250716_155355
1752648785.2487595,11696824,2994386944,2994.386944,20,77,158,5,20250716_155355
1752648785.2587438,11696863,2994396928,2994.396928,22,76,156,5,20250716_155355
1752648785.2687278,11696902,2994406912,2994.406912,24,76,154,5,20250716_155355
1752648785.2789676,11696942,2994417152,2994.417152,27,77,151,5,20250716_155355
1752648785.2889516,11696981,2994427136,2994.427136,30,75,149,5,20250716_155355
1752648785.2989357,11697020,2994437120,2994.43712,32,74,147,5,20250716_155355
1752648785.3089197,11697059,2994447104,2994.447104,35,75,144,5,20250716_155355
1752648785.3189037,11697098,2994457088,2994.457088,39,79,140,5,20250716_155355
1752648785.3288877,11697137,2994467072,2994.467072,42,77,138,5,20250716_155355
1752648785.3388717,11697176,2994477056,2994.477056,45,78,134,5,20250716_155355
1752648785.3488555,11697215,2994487040,2994.48704,49,79,130,5,20250716_155355
1752648785.3588398,11697254,2994497024,2994.497024,53,77,127,5,20250716_155355
1752648785.3688238,11697293,2994507008,2994.507008,57,76,127,5,20250716_155355
1752648785.3788078,11697332,2994516992,2994.516992,61,75,124,5,20250716_155355
1752648785.3887918,11697371,2994526976,2994.526976,65,74,120,5,20250716_155355
1752648785.3987756,11697410,2994536960,2994.53696,69,78,115,5,20250716_155355
1752648785.4087596,11697449,2994546944,2994.546944,73,74,111,5,20250716_155355
1752648785.4187436,11697488,2994556928,2994.556928,78,70,109,5,20250716_155355
1752648785.4289837,11697528,2994567168,2994.567168,82,68,105,5,20250716_155355
1752648785.4389677,11697567,2994577152,2994.577152,86,72,103,5,20250716_155355
1752648785.4489515,11697606,2994587136,2994.587136,90,72,100,5,20250716_155355
1752648785.4589355,11697645,2994597120,2994.59712,93,71,99,5,20250716_155355
1752648785.4689198,11697684,2994607104,2994.607104,97,71,97,5,20250716_155355
1752648785.4789038,11697723,2994617088,2994.617088,100,71,96,5,20250716_155355
1752648785.4888878,11697762,2994627072,2994.627072,103,70,94,5,20250716_155355
1752648785.4988718,11697801,2994637056,2994.637056,106,72,92,5,20250716_155355
1752648785.5088556,11697840,2994647040,2994.64704,109,71,91,5,20250716_155355
1752648785.5188396,11697879,2994657024,2994.657024,112,71,90,5,20250716_155355
1752648785.5288236,11697918,2994667008,2994.667008,115,68,90,5,20250716_155355
1752648785.5388076,11697957,2994676992,2994.676992,117,66,91,5,20250716_155355
1752648785.5487916,11697996,2994686976,2994.686976,120,64,92,5,20250716_155355
1752648785.5587757,11698035,2994696960,2994.69696,122,60,92,5,20250716_155355
1752648785.5690155,11698075,2994707200,2994.7072,124,59,92,5,20250716_155355
1752648785.5789998,11698114,2994717184,2994.717184,126,59,92,5,20250716_155355
1752648785.5889838,11698153,2994727168,2994.727168,129,59,93,5,20250716_155355
1752648785.5989678,11698192,2994737152,2994.737152,131,57,93,5,20250716_155355
1752648785.6089518,11698231,2994747136,2994.747136,133,58,94,5,20250716_155355
1752648785.6189356,11698270,2994757120,2994.75712,135,58,95,5,20250716_155355
1752648785.6289196,11698309,2994767104,2994.767104,137,59,96,5,20250716_155355
1752648785.6389036,11698348,2994777088,2994.777088,139,59,96,5,20250716_155355
1752648785.6488876,11698387,2994787072,2994.787072,141,60,100,5,20250716_155355
1752648785.6588717,11698426,2994797056,2994.797056,144,60,98,5,20250716_155355
1752648785.6688557,11698465,2994807040,2994.80704,146,61,100,5,20250716_155355
1752648785.6788397,11698504,2994817024,2994.817024,148,61,100,5,20250716_155355
1752648785.6888237,11698543,2994827008,2994.827008,150,62,102,5,20250716_155355
1752648785.6988077,11698582,2994836992,2994.836992,153,60,102,5,20250716_155355
1752648785.7087915,11698621,2994846976,2994.846976,155,61,103,5,20250716_155355
1752648785.7190316,11698661,2994857216,2994.857216,157,60,104,5,20250716_155355
1752648785.7290156,11698700,2994867200,2994.8672,160,60,106,5,20250716_155355
1752648785.7389996,11698739,2994877184,2994.877184,163,60,108,5,20250716_155355
1752648785.7489836,11698778,2994887168,2994.887168,166,59,111,5,20250716_155355
1752648785.7589676,11698817,2994897152,2994.897152,169,59,115,5,20250716_155355
1752648785.7689517,11698856,2994907136,2994.907136,172,60,118,5,20250716_155355
1752648785.7789357,11698895,2994917120,2994.91712,175,62,123,5,20250716_155355
1752648785.7889197,11698934,2994927104,2994.927104,179,64,127,5,20250716_155355
1752648785.7989037,11698973,2994937088,2994.937088,183,64,136,5,20250716_155355
1752648785.8088875,11699012,2994947072,2994.947072,187,65,148,5,20250716_155355
1752648785.8188715,11699051,2994957056,2994.957056,192,66,155,5,20250716_155355
1752648785.8288558,11699090,2994967040,2994.96704,197,67,160,5,20250716_155355
1752648785.8388398,11699129,2994977024,2994.977024,201,68,161,5,20250716_155355
1752648785.8488238,11699168,2994987008,2994.987008,206,70,162,5,20250716_155355
1752648785.8588078,11699207,2994996992,2994.996992,210,71,162,5,20250716_155355
1752648785.8690476,11699247,2995007232,2995.007232,214,74,164,5,20250716_155355
1752648785.8790317,11699286,2995017216,2995.017216,218,69,164,5,20250716_155355
1752648785.8890157,11699325,2995027200,2995.0272,221,72,164,5,20250716_155355
1752648785.8989997,11699364,2995037184,2995.037184,225,72,164,5,20250716_155355
1752648785.9089837,11699403,2995047168,2995.047168,228,78,165,5,20250716_155355
1752648785.9189675,11699442,2995057152,2995.057152,231,81,165,5,20250716_155355
1752648785.9289515,11699481,2995067136,2995.067136,234,81,164,5,20250716_155355
1752648785.9389358,11699520,2995077120,2995.07712,237,80,166,5,20250716_155355
1752648785.9489198,11699559,2995087104,2995.087104,240,80,166,5,20250716_155355
1752648785.9589038,11699598,2995097088,2995.097088,242,80,166,5,20250716_155355
1752648785.9688878,11699637,2995107072,2995.107072,245,80,166,5,20250716_155355
1752648785.9788716,11699676,2995117056,2995.117056,247,80,166,5,20250716_155355
1752648785.9888556,11699715,2995127040,2995.12704,250,83,165,5,20250716_155355
1752648785.9990957,11699755,2995137280,2995.13728,252,78,166,5,20250716_155355
1752648786.0090797,11699794,2995147264,2995.147264,254,77,165,5,20250716_155355
1752648786.0190637,11699833,2995157248,2995.157248,1,79,165,5,20250716_155355
1752648786.0290475,11699872,2995167232,2995.167232,4,79,164,5,20250716_155355
1752648786.0390315,11699911,2995177216,2995.177216,6,79,164,5,20250716_155355
1752648786.0490158,11699950,2995187200,2995.1872,8,80,163,5,20250716_155355
1752648786.0589998,11699989,2995197184,2995.197184,10,81,162,5,20250716_155355
1752648786.0692396,11700029,2995207424,2995.207424,12,78,161,5,20250716_155355
1752648786.0792236,11700068,2995217408,2995.217408,14,78,160,5,20250716_155355
1752648786.0892076,11700107,2995227392,2995.227392,16,77,159,5,20250716_155355
1752648786.0991917,11700146,2995237376,2995.237376,19,78,156,5,20250716_155355
1752648786.1091757,11700185,2995247360,2995.24736,21,79,154,5,20250716_155355
1752648786.1191597,11700224,2995257344,2995.257344,24,79,152,5,20250716_155355
1752648786.1291437,11700263,2995267328,2995.267328,26,77,149,5,20250716_155355
1752648786.1393838,11700303,2995277568,2995.277568,29,77,146,5,20250716_155355
1752648786.1493678,11700342,2995287552,2995.287552,32,79,142,5,20250716_155355
1752648786.1593516,11700381,2995297536,2995.297536,35,78,140,5,20250716_155355
1752648786.1693356,11700420,2995307520,2995.30752,39,77,137,5,20250716_155355
1752648786.1793196,11700459,2995317504,2995.317504,42,77,134,5,20250716_155355
1752648786.1893036,11700498,2995327488,2995.327488,46,79,131,5,20250716_155355
1752648786.1992877,11700537,2995337472,2995.337472,50,79,128,5,20250716_155355
1752648786.2095275,11700577,2995347712,2995.347712,54,80,127,5,20250716_155355
1752648786.2195115,11700616,2995357696,2995.357696,58,78,125,5,20250716_155355
1752648786.2294958,11700655,2995367680,2995.36768,62,75,122,5,20250716_155355
1752648786.2394798,11700694,2995377664,2995.377664,66,74,117,5,20250716_155355
1752648786.2494638,11700733,2995387648,2995.387648,70,75,113,5,20250716_155355
1752648786.2594476,11700772,2995397632,2995.397632,74,75,110,5,20250716_155355
1752648786.2694316,11700811,2995407616,2995.407616,78,74,106,5,20250716_155355
1752648786.2794156,11700850,2995417600,2995.4176,83,74,104,5,20250716_155355
1752648786.2896557,11700890,2995427840,2995.42784,87,72,101,5,20250716_155355
1752648786.2996397,11700929,2995437824,2995.437824,90,70,99,5,20250716_155355
1752648786.3096237,11700968,2995447808,2995.447808,94,69,97,5,20250716_155355
1752648786.3196075,11701007,2995457792,2995.457792,98,72,95,5,20250716_155355
1752648786.3295918,11701046,2995467776,2995.467776,101,74,93,5,20250716_155355
1752648786.3395758,11701085,2995477760,2995.47776,104,74,92,5,20250716_155355
1752648786.3495598,11701124,2995487744,2995.487744,107,74,91,5,20250716_155355
1752648786.3597996,11701164,2995497984,2995.497984,110,72,90,5,20250716_155355
1752648786.3697836,11701203,2995507968,2995.507968,113,68,91,5,20250716_155355
1752648786.3797677,11701242,2995517952,2995.517952,115,67,92,5,20250716_155355
1752648786.3897517,11701281,2995527936,2995.527936,118,65,90,5,20250716_155355
1752648786.3997357,11701320,2995537920,2995.53792,120,65,90,5,20250716_155355
1752648786.4097197,11701359,2995547904,2995.547904,122,60,92,5,20250716_155355
1752648786.4197035,11701398,2995557888,2995.557888,125,58,93,5,20250716_155355
1752648786.4296875,11701437,2995567872,2995.567872,127,57,94,5,20250716_155355
1752648786.4396718,11701476,2995577856,2995.577856,129,57,94,5,20250716_155355
1752648786.4496558,11701515,2995587840,2995.58784,131,56,95,5,20250716_155355
1752648786.4596398,11701554,2995597824,2995.597824,134,57,96,5,20250716_155355
1752648786.4696238,11701593,2995607808,2995.607808,136,58,98,5,20250716_155355
1752648786.4796076,11701632,2995617792,2995.617792,138,59,99,5,20250716_155355
1752648786.4895916,11701671,2995627776,2995.627776,140,59,100,5,20250716_155355
1752648786.4998317,11701711,2995638016,2995.638016,143,59,101,5,20250716_155355
1752648786.5098157,11701750,2995648000,2995.648,145,59,102,5,20250716_155355
1752648786.5197997,11701789,2995657984,2995.657984,148,60,104,5,20250716_155355
1752648786.5297835,11701828,2995667968,2995.667968,150,61,105,5,20250716_155355
1752648786.5397675,11701867,2995677952,2995.677952,153,60,106,5,20250716_155355
1752648786.5497518,11701906,2995687936,2995.687936,155,60,109,5,20250716_155355
1752648786.5597358,11701945,2995697920,2995.69792,158,60,111,5,20250716_155355
1752648786.5697198,11701984,2995707904,2995.707904,161,60,113,5,20250716_155355
1752648786.5797038,11702023,2995717888,2995.717888,164,60,116,5,20250716_155355
1752648786.5896876,11702062,2995727872,2995.727872,167,61,120,5,20250716_155355
1752648786.5996716,11702101,2995737856,2995.737856,171,64,125,5,20250716_155355
1752648786.6096556,11702140,2995747840,2995.74784,175,65,129,5,20250716_155355
1752648786.6196396,11702179,2995757824,2995.757824,179,66,136,5,20250716_155355
1752648786.6296237,11702218,2995767808,2995.767808,183,66,145,5,20250716_155355
1752648786.6398635,11702258,2995778048,2995.778048,188,66,155,5,20250716_155355
1752648786.6498475,11702297,2995788032,2995.788032,193,67,160,5,20250716_155355
1752648786.6598318,11702336,2995798016,2995.798016,197,67,161,5,20250716_155355
1752648786.6698158,11702375,2995808000,2995.808,202,69,160,5,20250716_155355
1752648786.6797998,11702414,2995817984,2995.817984,206,70,162,5,20250716_155355
1752648786.6897836,11702453,2995827968,2995.827968,210,71,163,5,20250716_155355
1752648786.6997676,11702492,2995837952,2995.837952,214,69,166,5,20250716_155355
1752648786.7097516,11702531,2995847936,2995.847936,218,69,166,5,20250716_155355
1752648786.7197356,11702570,2995857920,2995.85792,222,70,165,5,20250716_155355
1752648786.7297196,11702609,2995867904,2995.867904,225,77,166,5,20250716_155355
1752648786.7397037,11702648,2995877888,2995.877888,228,79,166,5,20250716_155355
1752648786.7496877,11702687,2995887872,2995.887872,232,81,166,5,20250716_155355
1752648786.7596717,11702726,2995897856,2995.897856,235,78,166,5,20250716_155355
1752648786.7696557,11702765,2995907840,2995.90784,237,78,167,5,20250716_155355
1752648786.7796395,11702804,2995917824,2995.917824,240,76,166,5,20250716_155355
1752648786.7898798,11702844,2995928064,2995.928064,243,79,167,5,20250716_155355
1752648786.7998636,11702883,2995938048,2995.938048,245,80,167,5,20250716_155355
1752648786.8098476,11702922,2995948032,2995.948032,248,80,166,5,20250716_155355
1752648786.8198316,11702961,2995958016,2995.958016,250,80,166,5,20250716_155355
1752648786.8298156,11703000,2995968000,2995.968,252,79,166,5,20250716_155355
1752648786.8397996,11703039,2995977984,2995.977984,0,80,166,5,20250716_155355
1752648786.8497837,11703078,2995987968,2995.987968,2,80,165,5,20250716_155355
1752648786.8597677,11703117,2995997952,2995.997952,4,78,164,5,20250716_155355
1752648786.8697517,11703156,2996007936,2996.007936,6,78,164,5,20250716_155355
1752648786.8797357,11703195,2996017920,2996.01792,8,86,163,5,20250716_155355
1752648786.8897195,11703234,2996027904,2996.027904,10,84,162,5,20250716_155355
1752648786.8997035,11703273,2996037888,2996.037888,12,79,160,5,20250716_155355
1752648786.9096878,11703312,2996047872,2996.047872,15,78,159,5,20250716_155355
1752648786.9196718,11703351,2996057856,2996.057856,17,77,157,5,20250716_155355
1752648786.9299116,11703391,2996068096,2996.068096,19,78,155,5,20250716_155355
1752648786.9398956,11703430,2996078080,2996.07808,22,78,152,5,20250716_155355
1752648786.9498796,11703469,2996088064,2996.088064,24,80,151,5,20250716_155355
1752648786.9598637,11703508,2996098048,2996.098048,27,77,148,5,20250716_155355
1752648786.9698477,11703547,2996108032,2996.108032,30,77,144,5,20250716_155355
1752648786.9798317,11703586,2996118016,2996.118016,33,75,141,5,20250716_155355
1752648786.9898157,11703625,2996128000,2996.128,36,75,139,5,20250716_155355
1752648786.9997995,11703664,2996137984,2996.137984,40,77,135,5,20250716_155355
1752648787.0097835,11703703,2996147968,2996.147968,44,84,134,5,20250716_155355
1752648787.0197678,11703742,2996157952,2996.157952,47,81,128,5,20250716_155355
1752648787.0300076,11703782,2996168192,2996.168192,51,80,127,5,20250716_155355
1752648787.0399916,11703821,2996178176,2996.178176,55,80,124,5,20250716_155355
1752648787.0499756,11703860,2996188160,2996.18816,59,78,121,5,20250716_155355
1752648787.0599597,11703899,2996198144,2996.198144,64,76,118,5,20250716_155355
1752648787.0699437,11703938,2996208128,2996.208128,68,76,114,5,20250716_155355
1752648787.0799277,11703977,2996218112,2996.218112,72,76,111,5,20250716_155355
1752648787.0899117,11704016,2996228096,2996.228096,76,75,107,5,20250716_155355
1752648787.0998957,11704055,2996238080,2996.23808,80,76,104,5,20250716_155355
1752648787.1098795,11704094,2996248064,2996.248064,85,73,100,5,20250716_155355
1752648787.1198635,11704133,2996258048,2996.258048,88,69,99,5,20250716_155355
1752648787.1298478,11704172,2996268032,2996.268032,92,68,97,5,20250716_155355
1752648787.1398318,11704211,2996278016,2996.278016,96,69,94,5,20250716_155355
1752648787.1498158,11704250,2996288000,2996.288,99,70,93,5,20250716_155355
1752648787.1597996,11704289,2996297984,2996.297984,102,70,91,5,20250716_155355
1752648787.1700397,11704329,2996308224,2996.308224,105,68,90,5,20250716_155355
1752648787.1800237,11704368,2996318208,2996.318208,108,68,90,5,20250716_155355
1752648787.1900077,11704407,2996328192,2996.328192,111,66,90,5,20250716_155355
1752648787.1999917,11704446,2996338176,2996.338176,114,66,90,5,20250716_155355
1752648787.2099755,11704485,2996348160,2996.34816,116,69,92,5,20250716_155355
1752648787.2199595,11704524,2996358144,2996.358144,119,68,92,5,20250716_155355
1752648787.2299438,11704563,2996368128,2996.368128,121,67,92,5,20250716_155355
1752648787.2399278,11704602,2996378112,2996.378112,124,64,93,5,20250716_155355
1752648787.2499118,11704641,2996388096,2996.388096,126,61,94,5,20250716_155355
1752648787.2598958,11704680,2996398080,2996.39808,128,60,95,5,20250716_155355
1752648787.2698796,11704719,2996408064,2996.408064,130,60,96,5,20250716_155355
1752648787.2798636,11704758,2996418048,2996.418048,133,57,97,5,20250716_155355
1752648787.2898476,11704797,2996428032,2996.428032,135,57,98,5,20250716_155355
1752648787.2998316,11704836,2996438016,2996.438016,137,56,99,5,20250716_155355
1752648787.3098156,11704875,2996448000,2996.448,140,57,101,5,20250716_155355
1752648787.3200555,11704915,2996458240,2996.45824,142,57,102,5,20250716_155355
1752648787.3300395,11704954,2996468224,2996.468224,144,57,103,5,20250716_155355
1752648787.3400238,11704993,2996478208,2996.478208,147,58,103,5,20250716_155355
1752648787.3500078,11705032,2996488192,2996.488192,149,58,106,5,20250716_155355
1752648787.3599918,11705071,2996498176,2996.498176,152,59,107,5,20250716_155355
1752648787.3699758,11705110,2996508160,2996.50816,155,60,108,5,20250716_155355
1752648787.3799596,11705149,2996518144,2996.518144,158,61,112,5,20250716_155355
1752648787.3899436,11705188,2996528128,2996.528128,161,62,114,5,20250716_155355
1752648787.3999276,11705227,2996538112,2996.538112,164,64,117,5,20250716_155355
1752648787.4099116,11705266,2996548096,2996.548096,167,67,121,5,20250716_155355
1752648787.4198956,11705305,2996558080,2996.55808,171,67,125,5,20250716_155355
1752648787.4298797,11705344,2996568064,2996.568064,174,67,128,5,20250716_155355
1752648787.4398637,11705383,2996578048,2996.578048,178,68,136,5,20250716_155355
1752648787.4498477,11705422,2996588032,2996.588032,183,68,145,5,20250716_155355
1752648787.4600878,11705462,2996598272,2996.598272,187,67,153,5,20250716_155355
1752648787.4700718,11705501,2996608256,2996.608256,192,67,159,5,20250716_155355
1752648787.4800558,11705540,2996618240,2996.61824,197,67,161,5,20250716_155355
1752648787.4900396,11705579,2996628224,2996.628224,201,69,160,5,20250716_155355
1752648787.5000236,11705618,2996638208,2996.638208,206,71,161,5,20250716_155355
1752648787.5100076,11705657,2996648192,2996.648192,210,72,162,5,20250716_155355
1752648787.5199916,11705696,2996658176,2996.658176,214,69,164,5,20250716_155355
1752648787.5299757,11705735,2996668160,2996.66816,218,69,165,5,20250716_155355
1752648787.5399597,11705774,2996678144,2996.678144,221,73,166,5,20250716_155355
1752648787.5499437,11705813,2996688128,2996.688128,225,73,165,5,20250716_155355
1752648787.5599277,11705852,2996698112,2996.698112,228,79,166,5,20250716_155355
1752648787.5699117,11705891,2996708096,2996.708096,231,79,166,5,20250716_155355
1752648787.5798955,11705930,2996718080,2996.71808,234,81,166,5,20250716_155355
1752648787.5898798,11705969,2996728064,2996.728064,237,79,166,5,20250716_155355
1752648787.5998638,11706008,2996738048,2996.738048,240,80,166,5,20250716_155355
1752648787.6101036,11706048,2996748288,2996.748288,242,80,166,5,20250716_155355
1752648787.6200876,11706087,2996758272,2996.758272,245,83,166,5,20250716_155355
1752648787.6300716,11706126,2996768256,2996.768256,247,84,166,5,20250716_155355
1752648787.6400557,11706165,2996778240,2996.77824,250,80,166,5,20250716_155355
1752648787.6500397,11706204,2996788224,2996.788224,252,78,164,5,20250716_155355
1752648787.6600237,11706243,2996798208,2996.798208,254,78,164,5,20250716_155355
1752648787.6700077,11706282,2996808192,2996.808192,2,78,163,5,20250716_155355
1752648787.6799915,11706321,2996818176,2996.818176,4,79,162,5,20250716_155355
1752648787.6899755,11706360,2996828160,2996.82816,6,80,161,5,20250716_155355
1752648787.6999598,11706399,2996838144,2996.838144,8,82,159,5,20250716_155355
1752648787.7099438,11706438,2996848128,2996.848128,11,80,159,5,20250716_155355
1752648787.7199278,11706477,2996858112,2996.858112,13,78,156,5,20250716_155355
1752648787.7299118,11706516,2996868096,2996.868096,15,78,154,5,20250716_155355
1752648787.7398956,11706555,2996878080,2996.87808,18,78,152,5,20250716_155355
1752648787.7501357,11706595,2996888320,2996.88832,21,77,150,5,20250716_155355
1752648787.7601197,11706634,2996898304,2996.898304,23,78,148,5,20250716_155355
1752648787.7701037,11706673,2996908288,2996.908288,26,77,146,5,20250716_155355
1752648787.7800877,11706712,2996918272,2996.918272,29,76,143,5,20250716_155355
1752648787.7900715,11706751,2996928256,2996.928256,33,77,140,5,20250716_155355
1752648787.8000555,11706790,2996938240,2996.93824,36,76,135,5,20250716_155355
1752648787.8100398,11706829,2996948224,2996.948224,40,75,132,5,20250716_155355
1752648787.8200238,11706868,2996958208,2996.958208,43,77,128,5,20250716_155355
1752648787.8300078,11706907,2996968192,2996.968192,47,75,127,5,20250716_155355
1752648787.8399918,11706946,2996978176,2996.978176,51,76,123,5,20250716_155355
1752648787.8499756,11706985,2996988160,2996.98816,56,79,120,5,20250716_155355
1752648787.8599596,11707024,2996998144,2996.998144,60,84,118,5,20250716_155355
1752648787.8699436,11707063,2997008128,2997.008128,64,81,114,5,20250716_155355
1752648787.8799276,11707102,2997018112,2997.018112,68,76,110,5,20250716_155355
1752648787.8901677,11707142,2997028352,2997.028352,73,75,107,5,20250716_155355
1752648787.9001515,11707181,2997038336,2997.038336,77,79,104,5,20250716_155355
1752648787.9101355,11707220,2997048320,2997.04832,81,76,101,5,20250716_155355
1752648787.9201198,11707259,2997058304,2997.058304,85,74,99,5,20250716_155355
1752648787.9301038,11707298,2997068288,2997.068288,89,69,96,5,20250716_155355
1752648787.9400878,11707337,2997078272,2997.078272,93,67,94,5,20250716_155355
1752648787.9500716,11707376,2997088256,2997.088256,96,67,93,5,20250716_155355
1752648787.9600556,11707415,2997098240,2997.09824,100,72,91,5,20250716_155355
1752648787.9700396,11707454,2997108224,2997.108224,103,69,90,5,20250716_155355
1752648787.9800236,11707493,2997118208,2997.118208,106,67,90,5,20250716_155355
1752648787.9900076,11707532,2997128192,2997.128192,109,65,91,5,20250716_155355
1752648787.9999917,11707571,2997138176,2997.138176,112,65,92,5,20250716_155355
1752648788.0099757,11707610,2997148160,2997.14816,114,65,91,5,20250716_155355
1752648788.0199597,11707649,2997158144,2997.158144,117,65,91,5,20250716_155355
1752648788.0299437,11707688,2997168128,2997.168128,119,63,92,5,20250716_155355
1752648788.0401838,11707728,2997178368,2997.178368,122,63,92,5,20250716_155355
1752648788.0501678,11707767,2997188352,2997.188352,124,62,93,5,20250716_155355
1752648788.0601516,11707806,2997198336,2997.198336,126,62,94,5,20250716_155355
1752648788.0701356,11707845,2997208320,2997.20832,129,61,94,5,20250716_155355
1752648788.0801196,11707884,2997218304,2997.218304,131,61,95,5,20250716_155355
1752648788.0901036,11707923,2997228288,2997.228288,133,61,96,5,20250716_155355
1752648788.1000876,11707962,2997238272,2997.238272,135,62,97,5,20250716_155355
1752648788.1100717,11708001,2997248256,2997.248256,137,61,98,5,20250716_155355
1752648788.1200557,11708040,2997258240,2997.25824,140,61,99,5,20250716_155355
1752648788.1300397,11708079,2997268224,2997.268224,142,60,100,5,20250716_155355
1752648788.1400237,11708118,2997278208,2997.278208,144,60,101,5,20250716_155355
1752648788.1500075,11708157,2997288192,2997.288192,147,60,102,5,20250716_155355
1752648788.1599915,11708196,2997298176,2997.298176,149,59,104,5,20250716_155355
1752648788.1699758,11708235,2997308160,2997.30816,152,58,105,5,20250716_155355
1752648788.1802156,11708275,2997318400,2997.3184,154,59,107,5,20250716_155355
1752648788.1901996,11708314,2997328384,2997.328384,157,60,108,5,20250716_155355
1752648788.2001836,11708353,2997338368,2997.338368,160,63,111,5,20250716_155355
1752648788.2101676,11708392,2997348352,2997.348352,163,65,114,5,20250716_155355
1752648788.2201517,11708431,2997358336,2997.358336,166,66,118,5,20250716_155355
1752648788.2301357,11708470,2997368320,2997.36832,169,67,122,5,20250716_155355
1752648788.2401197,11708509,2997378304,2997.378304,173,69,126,5,20250716_155355
1752648788.2501037,11708548,2997388288,2997.388288,177,69,130,5,20250716_155355
1752648788.2600875,11708587,2997398272,2997.398272,181,69,138,5,20250716_155355
1752648788.2700715,11708626,2997408256,2997.408256,185,68,147,5,20250716_155355
1752648788.2800558,11708665,2997418240,2997.41824,190,68,154,5,20250716_155355
1752648788.2900398,11708704,2997428224,2997.428224,194,68,160,5,20250716_155355
1752648788.3000238,11708743,2997438208,2997.438208,199,67,161,5,20250716_155355
1752648788.3100076,11708782,2997448192,2997.448192,204,69,162,5,20250716_155355
1752648788.3202477,11708822,2997458432,2997.458432,208,70,162,5,20250716_155355
1752648788.3302317,11708861,2997468416,2997.468416,212,68,163,5,20250716_155355
1752648788.3402157,11708900,2997478400,2997.4784,216,68,164,5,20250716_155355
1752648788.3501997,11708939,2997488384,2997.488384,220,70,165,5,20250716_155355
1752648788.3601837,11708978,2997498368,2997.498368,223,75,165,5,20250716_155355
1752648788.3701675,11709017,2997508352,2997.508352,227,75,165,5,20250716_155355
1752648788.3801515,11709056,2997518336,2997.518336,230,80,165,5,20250716_155355
1752648788.3901358,11709095,2997528320,2997.52832,233,81,166,5,20250716_155355
1752648788.4001198,11709134,2997538304,2997.538304,236,80,165,5,20250716_155355
1752648788.4101038,11709173,2997548288,2997.548288,239,80,166,5,20250716_155355
1752648788.4200876,11709212,2997558272,2997.558272,241,81,166,5,20250716_155355
1752648788.4300716,11709251,2997568256,2997.568256,244,79,166,5,20250716_155355
1752648788.4400556,11709290,2997578240,2997.57824,246,82,166,5,20250716_155355
1752648788.4500396,11709329,2997588224,2997.588224,249,80,164,5,20250716_155355
1752648788.4600236,11709368,2997598208,2997.598208,251,79,164,5,20250716_155355
1752648788.4702635,11709408,2997608448,2997.608448,253,78,165,5,20250716_155355
1752648788.4802475,11709447,2997618432,2997.618432,1,78,164,5,20250716_155355
1752648788.4902318,11709486,2997628416,2997.628416,3,80,163,5,20250716_155355
1752648788.5002158,11709525,2997638400,2997.6384,5,81,163,5,20250716_155355
1752648788.5101998,11709564,2997648384,2997.648384,7,79,163,5,20250716_155355
1752648788.5201838,11709603,2997658368,2997.658368,9,79,161,5,20250716_155355
1752648788.5301676,11709642,2997668352,2997.668352,12,79,159,5,20250716_155355
1752648788.5401516,11709681,2997678336,2997.678336,14,78,159,5,20250716_155355
1752648788.5501356,11709720,2997688320,2997.68832,16,77,157,5,20250716_155355
1752648788.5601196,11709759,2997698304,2997.698304,19,77,156,5,20250716_155355
1752648788.5701036,11709798,2997708288,2997.708288,21,76,154,5,20250716_155355
1752648788.5800877,11709837,2997718272,2997.718272,23,75,152,5,20250716_155355
1752648788.5900717,11709876,2997728256,2997.728256,26,73,150,5,20250716_155355
1752648788.6000557,11709915,2997738240,2997.73824,29,74,147,5,20250716_155355
1752648788.6100397,11709954,2997748224,2997.748224,32,76,144,5,20250716_155355
1752648788.6202798,11709994,2997758464,2997.758464,35,75,140,5,20250716_155355
1752648788.6302638,11710033,2997768448,2997.768448,38,75,137,5,20250716_155355
1752648788.6402476,11710072,2997778432,2997.778432,42,76,134,5,20250716_155355
1752648788.6502316,11710111,2997788416,2997.788416,46,79,131,5,20250716_155355
1752648788.6602156,11710150,2997798400,2997.7984,49,80,128,5,20250716_155355
1752648788.6701996,11710189,2997808384,2997.808384,53,76,126,5,20250716_155355
1752648788.6801836,11710228,2997818368,2997.818368,57,76,124,5,20250716_155355
1752648788.6901677,11710267,2997828352,2997.828352,61,77,120,5,20250716_155355
1752648788.7001517,11710306,2997838336,2997.838336,66,73,116,5,20250716_155355
1752648788.7101357,11710345,2997848320,2997.84832,70,71,112,5,20250716_155355
1752648788.7201197,11710384,2997858304,2997.858304,74,73,108,5,20250716_155355
1752648788.7301035,11710423,2997868288,2997.868288,78,74,106,5,20250716_155355
1752648788.7400875,11710462,2997878272,2997.878272,82,71,103,5,20250716_155355
1752648788.7500718,11710501,2997888256,2997.888256,86,69,100,5,20250716_155355
1752648788.7603116,11710541,2997898496,2997.898496,90,66,97,5,20250716_155355
1752648788.7702956,11710580,2997908480,2997.90848,94,63,96,5,20250716_155355
1752648788.7802796,11710619,2997918464,2997.918464,97,63,94,5,20250716_155355
1752648788.7902637,11710658,2997928448,2997.928448,101,66,92,5,20250716_155355
1752648788.8002477,11710697,2997938432,2997.938432,104,67,91,5,20250716_155355
1752648788.8102317,11710736,2997948416,2997.948416,107,67,91,5,20250716_155355
1752648788.8202157,11710775,2997958400,2997.9584,110,68,91,5,20250716_155355
1752648788.8301997,11710814,2997968384,2997.968384,112,67,90,5,20250716_155355
1752648788.8401835,11710853,2997978368,2997.978368,115,66,90,5,20250716_155355
1752648788.8501678,11710892,2997988352,2997.988352,118,67,91,5,20250716_155355
1752648788.8601518,11710931,2997998336,2997.998336,120,65,93,5,20250716_155355
1752648788.8701358,11710970,2998008320,2998.00832,122,62,92,5,20250716_155355
1752648788.8801198,11711009,2998018304,2998.018304,125,61,93,5,20250716_155355
1752648788.8901036,11711048,2998028288,2998.028288,127,61,94,5,20250716_155355
1752648788.9003437,11711088,2998038528,2998.038528,129,60,94,5,20250716_155355
1752648788.9103277,11711127,2998048512,2998.048512,131,59,95,5,20250716_155355
1752648788.9203117,11711166,2998058496,2998.058496,134,58,96,5,20250716_155355
1752648788.9302957,11711205,2998068480,2998.06848,136,59,97,5,20250716_155355
1752648788.9402795,11711244,2998078464,2998.078464,138,60,98,5,20250716_155355
1752648788.9502635,11711283,2998088448,2998.088448,140,62,100,5,20250716_155355
1752648788.9602478,11711322,2998098432,2998.098432,143,61,101,5,20250716_155355
1752648788.9702318,11711361,2998108416,2998.108416,145,63,102,5,20250716_155355
1752648788.9802158,11711400,2998118400,2998.1184,147,62,103,5,20250716_155355
1752648788.9901998,11711439,2998128384,2998.128384,150,64,104,5,20250716_155355
1752648789.0001836,11711478,2998138368,2998.138368,152,64,106,5,20250716_155355
1752648789.0101676,11711517,2998148352,2998.148352,155,65,109,5,20250716_155355
1752648789.0201516,11711556,2998158336,2998.158336,158,64,111,5,20250716_155355
1752648789.0301356,11711595,2998168320,2998.16832,161,63,113,5,20250716_155355
1752648789.0403757,11711635,2998178560,2998.17856,164,64,116,5,20250716_155355
1752648789.0503595,11711674,2998188544,2998.188544,167,66,120,5,20250716_155355
1752648789.0603435,11711713,2998198528,2998.198528,171,66,123,5,20250716_155355
1752648789.0703278,11711752,2998208512,2998.208512,174,65,127,5,20250716_155355
1752648789.0803118,11711791,2998218496,2998.218496,178,64,133,5,20250716_155355
1752648789.0902958,11711830,2998228480,2998.22848,183,64,143,5,20250716_155355
1752648789.1002798,11711869,2998238464,2998.238464,187,64,151,5,20250716_155355
1752648789.1102636,11711908,2998248448,2998.248448,192,65,157,5,20250716_155355
1752648789.1202476,11711947,2998258432,2998.258432,197,65,161,5,20250716_155355
1752648789.1302316,11711986,2998268416,2998.268416,201,65,160,5,20250716_155355
1752648789.1402156,11712025,2998278400,2998.2784,206,65,160,5,20250716_155355
1752648789.1501997,11712064,2998288384,2998.288384,210,65,161,5,20250716_155355
1752648789.1601837,11712103,2998298368,2998.298368,214,65,163,5,20250716_155355
1752648789.1701677,11712142,2998308352,2998.308352,218,66,165,5,20250716_155355
1752648789.1804078,11712182,2998318592,2998.318592,221,70,165,5,20250716_155355
1752648789.1903918,11712221,2998328576,2998.328576,225,70,165,5,20250716_155355
1752648789.2003758,11712260,2998338560,2998.33856,228,75,165,5,20250716_155355
1752648789.2103596,11712299,2998348544,2998.348544,231,76,165,5,20250716_155355
1752648789.2203436,11712338,2998358528,2998.358528,234,80,166,5,20250716_155355
1752648789.2303276,11712377,2998368512,2998.368512,237,83,166,5,20250716_155355
1752648789.2403116,11712416,2998378496,2998.378496,240,78,165,5,20250716_155355
1752648789.2502956,11712455,2998388480,2998.38848,242,75,166,5,20250716_155355
1752648789.2602797,11712494,2998398464,2998.398464,245,78,166,5,20250716_155355
1752648789.2702637,11712533,2998408448,2998.408448,247,77,165,5,20250716_155355
1752648789.2802477,11712572,2998418432,2998.418432,250,77,165,5,20250716_155355
1752648789.2902317,11712611,2998428416,2998.428416,252,74,164,5,20250716_155355
1752648789.3002155,11712650,2998438400,2998.4384,254,75,164,5,20250716_155355
1752648789.3101995,11712689,2998448384,2998.448384,2,76,164,5,20250716_155355
1752648789.3201838,11712728,2998458368,2998.458368,4,77,163,5,20250716_155355
1752648789.3304236,11712768,2998468608,2998.468608,6,78,162,5,20250716_155355
1752648789.3404076,11712807,2998478592,2998.478592,8,77,161,5,20250716_155355
1752648789.3503916,11712846,2998488576,2998.488576,10,76,159,5,20250716_155355
1752648789.3603756,11712885,2998498560,2998.49856,13,75,158,5,20250716_155355
1752648789.3703597,11712924,2998508544,2998.508544,15,74,157,5,20250716_155355
1752648789.3803437,11712963,2998518528,2998.518528,17,72,156,5,20250716_155355
1752648789.3903277,11713002,2998528512,2998.528512,20,73,154,5,20250716_155355
1752648789.4003117,11713041,2998538496,2998.538496,22,74,152,5,20250716_155355
1752648789.4102955,11713080,2998548480,2998.54848,25,74,150,5,20250716_155355
1752648789.4202795,11713119,2998558464,2998.558464,27,71,148,5,20250716_155355
1752648789.4302638,11713158,2998568448,2998.568448,30,72,145,5,20250716_155355
1752648789.4402478,11713197,2998578432,2998.578432,33,73,141,5,20250716_155355
1752648789.4502318,11713236,2998588416,2998.588416,37,76,139,5,20250716_155355
1752648789.4604716,11713276,2998598656,2998.598656,40,82,134,5,20250716_155355
1752648789.4704556,11713315,2998608640,2998.60864,44,77,131,5,20250716_155355
1752648789.4804397,11713354,2998618624,2998.618624,47,72,128,5,20250716_155355
1752648789.4904237,11713393,2998628608,2998.628608,51,72,127,5,20250716_155355
1752648789.5004077,11713432,2998638592,2998.638592,55,71,123,5,20250716_155355
1752648789.5103917,11713471,2998648576,2998.648576,59,73,119,5,20250716_155355
1752648789.5203755,11713510,2998658560,2998.65856,64,72,116,5,20250716_155355
1752648789.5303595,11713549,2998668544,2998.668544,68,72,112,5,20250716_155355
1752648789.5403438,11713588,2998678528,2998.678528,72,72,109,5,20250716_155355
1752648789.5503278,11713627,2998688512,2998.688512,76,70,106,5,20250716_155355
1752648789.5603118,11713666,2998698496,2998.698496,81,68,104,5,20250716_155355
1752648789.5702956,11713705,2998708480,2998.70848,85,67,101,5,20250716_155355
1752648789.5802796,11713744,2998718464,2998.718464,89,66,98,5,20250716_155355
1752648789.5902636,11713783,2998728448,2998.728448,92,64,96,5,20250716_155355
1752648789.6002476,11713822,2998738432,2998.738432,96,60,94,5,20250716_155355
1752648789.6104877,11713862,2998748672,2998.748672,99,60,92,5,20250716_155355
1752648789.6204717,11713901,2998758656,2998.758656,102,59,92,5,20250716_155355
1752648789.6304555,11713940,2998768640,2998.76864,105,60,90,5,20250716_155355
1752648789.6404395,11713979,2998778624,2998.778624,108,64,91,5,20250716_155355
1752648789.6504238,11714018,2998788608,2998.788608,111,68,91,5,20250716_155355
1752648789.6604078,11714057,2998798592,2998.798592,114,65,92,5,20250716_155355
1752648789.6703918,11714096,2998808576,2998.808576,116,64,92,5,20250716_155355
1752648789.6803756,11714135,2998818560,2998.81856,119,64,92,5,20250716_155355
1752648789.6903596,11714174,2998828544,2998.828544,121,62,92,5,20250716_155355
1752648789.7003436,11714213,2998838528,2998.838528,124,59,92,5,20250716_155355
1752648789.7103276,11714252,2998848512,2998.848512,126,57,94,5,20250716_155355
1752648789.7203116,11714291,2998858496,2998.858496,128,56,94,5,20250716_155355
1752648789.7302957,11714330,2998868480,2998.86848,130,55,95,5,20250716_155355
1752648789.7402797,11714369,2998878464,2998.878464,133,54,96,5,20250716_155355
1752648789.7505198,11714409,2998888704,2998.888704,135,53,96,5,20250716_155355
1752648789.7605038,11714448,2998898688,2998.898688,137,54,97,5,20250716_155355
1752648789.7704878,11714487,2998908672,2998.908672,139,55,98,5,20250716_155355
1752648789.7804718,11714526,2998918656,2998.918656,141,56,99,5,20250716_155355
1752648789.7904556,11714565,2998928640,2998.92864,144,57,100,5,20250716_155355
1752648789.8004396,11714604,2998938624,2998.938624,146,58,101,5,20250716_155355
1752648789.8104236,11714643,2998948608,2998.948608,148,59,102,5,20250716_155355
1752648789.8204076,11714682,2998958592,2998.958592,151,59,103,5,20250716_155355
1752648789.8303916,11714721,2998968576,2998.968576,153,60,105,5,20250716_155355
1752648789.8403757,11714760,2998978560,2998.97856,156,61,107,5,20250716_155355
1752648789.8503597,11714799,2998988544,2998.988544,159,60,110,5,20250716_155355
1752648789.8603437,11714838,2998998528,2998.998528,161,60,112,5,20250716_155355
1752648789.8703277,11714877,2999008512,2999.008512,164,60,115,5,20250716_155355
1752648789.8803115,11714916,2999018496,2999.018496,168,60,118,5,20250716_155355
1752648789.8902955,11714955,2999028480,2999.02848,171,60,122,5,20250716_155355
1752648789.9005356,11714995,2999038720,2999.03872,175,61,126,5,20250716_155355
1752648789.9105196,11715034,2999048704,2999.048704,179,62,129,5,20250716_155355
1752648789.9205036,11715073,2999058688,2999.058688,183,62,138,5,20250716_155355
1752648789.9304876,11715112,2999068672,2999.068672,187,64,146,5,20250716_155355
1752648789.9404716,11715151,2999078656,2999.078656,192,63,154,5,20250716_155355
1752648789.9504557,11715190,2999088640,2999.08864,196,60,160,5,20250716_155355
1752648789.9604397,11715229,2999098624,2999.098624,201,59,162,5,20250716_155355
1752648789.9704237,11715268,2999108608,2999.108608,205,58,161,5,20250716_155355
1752648789.9804077,11715307,2999118592,2999.118592,210,61,161,5,20250716_155355
1752648789.9903915,11715346,2999128576,2999.128576,214,65,162,5,20250716_155355
1752648790.0003755,11715385,2999138560,2999.13856,217,65,163,5,20250716_155355
1752648790.0103598,11715424,2999148544,2999.148544,221,66,164,5,20250716_155355
1752648790.0203438,11715463,2999158528,2999.158528,225,69,164,5,20250716_155355
1752648790.0303278,11715502,2999168512,2999.168512,228,71,165,5,20250716_155355
1752648790.0405676,11715542,2999178752,2999.178752,231,74,164,5,20250716_155355
1752648790.0505517,11715581,2999188736,2999.188736,234,73,165,5,20250716_155355
1752648790.0605357,11715620,2999198720,2999.19872,237,76,165,5,20250716_155355
1752648790.0705197,11715659,2999208704,2999.208704,240,75,165,5,20250716_155355
1752648790.0805037,11715698,2999218688,2999.218688,242,76,165,5,20250716_155355
1752648790.0904877,11715737,2999228672,2999.228672,245,78,164,5,20250716_155355
1752648790.1004715,11715776,2999238656,2999.238656,247,74,165,5,20250716_155355
1752648790.1104558,11715815,2999248640,2999.24864,250,74,164,5,20250716_155355
1752648790.1204398,11715854,2999258624,2999.258624,252,75,164,5,20250716_155355
1752648790.1304238,11715893,2999268608,2999.268608,254,75,163,5,20250716_155355
1752648790.1404078,11715932,2999278592,2999.278592,1,74,163,5,20250716_155355
1752648790.1503916,11715971,2999288576,2999.288576,4,76,162,5,20250716_155355
1752648790.1603756,11716010,2999298560,2999.29856,6,77,162,5,20250716_155355
1752648790.1703596,11716049,2999308544,2999.308544,8,75,160,5,20250716_155355
1752648790.1803436,11716088,2999318528,2999.318528,10,74,159,5,20250716_155355
1752648790.1905837,11716128,2999328768,2999.328768,13,74,158,5,20250716_155355
1752648790.2005675,11716167,2999338752,2999.338752,15,73,157,5,20250716_155355
1752648790.2105515,11716206,2999348736,2999.348736,17,72,156,5,20250716_155355
1752648790.2205358,11716245,2999358720,2999.35872,19,72,154,5,20250716_155355
1752648790.2305198,11716284,2999368704,2999.368704,22,72,152,5,20250716_155355
1752648790.2405038,11716323,2999378688,2999.378688,25,73,150,5,20250716_155355
1752648790.2504878,11716362,2999388672,2999.388672,27,73,148,5,20250716_155355
1752648790.2604716,11716401,2999398656,2999.398656,30,72,144,5,20250716_155355
1752648790.2704556,11716440,2999408640,2999.40864,33,73,141,5,20250716_155355
1752648790.2804396,11716479,2999418624,2999.418624,36,76,139,5,20250716_155355
1752648790.2904236,11716518,2999428608,2999.428608,40,74,136,5,20250716_155355
1752648790.3004076,11716557,2999438592,2999.438592,43,73,132,5,20250716_155355
1752648790.3103917,11716596,2999448576,2999.448576,47,74,128,5,20250716_155355
1752648790.3203757,11716635,2999458560,2999.45856,51,74,127,5,20250716_155355
1752648790.3306158,11716675,2999468800,2999.4688,55,74,124,5,20250716_155355
1752648790.3405998,11716714,2999478784,2999.478784,59,74,122,5,20250716_155355
1752648790.3505838,11716753,2999488768,2999.488768,63,72,118,5,20250716_155355
1752648790.3605678,11716792,2999498752,2999.498752,67,70,114,5,20250716_155355
1752648790.3705516,11716831,2999508736,2999.508736,72,69,110,5,20250716_155355
1752648790.3805356,11716870,2999518720,2999.51872,76,69,108,5,20250716_155355
1752648790.3905196,11716909,2999528704,2999.528704,80,70,105,5,20250716_155355
1752648790.4005036,11716948,2999538688,2999.538688,84,69,103,5,20250716_155355
1752648790.4104877,11716987,2999548672,2999.548672,88,67,99,5,20250716_155355
1752648790.4204717,11717026,2999558656,2999.558656,92,64,98,5,20250716_155355
1752648790.4304557,11717065,2999568640,2999.56864,95,63,95,5,20250716_155355
1752648790.4404397,11717104,2999578624,2999.578624,99,68,94,5,20250716_155355
1752648790.4504237,11717143,2999588608,2999.588608,102,64,92,5,20250716_155355
1752648790.4604075,11717182,2999598592,2999.598592,105,59,91,5,20250716_155355
1752648790.4706476,11717222,2999608832,2999.608832,108,58,90,5,20250716_155355
1752648790.4806316,11717261,2999618816,2999.618816,111,60,90,5,20250716_155355
1752648790.4906156,11717300,2999628800,2999.6288,114,63,90,5,20250716_155355
1752648790.5005996,11717339,2999638784,2999.638784,116,72,91,5,20250716_155355
1752648790.5105836,11717378,2999648768,2999.648768,119,70,92,5,20250716_155355
1752648790.5205677,11717417,2999658752,2999.658752,121,66,92,5,20250716_155355
1752648790.5305517,11717456,2999668736,2999.668736,123,61,93,5,20250716_155355
1752648790.5405357,11717495,2999678720,2999.67872,126,56,93,5,20250716_155355
1752648790.5505197,11717534,2999688704,2999.688704,128,55,94,5,20250716_155355
1752648790.5605035,11717573,2999698688,2999.698688,130,56,96,5,20250716_155355
1752648790.5704875,11717612,2999708672,2999.708672,132,55,97,5,20250716_155355
1752648790.5804718,11717651,2999718656,2999.718656,135,55,98,5,20250716_155355
1752648790.5904558,11717690,2999728640,2999.72864,137,55,99,5,20250716_155355
1752648790.6004398,11717729,2999738624,2999.738624,139,56,100,5,20250716_155355
1752648790.6104238,11717768,2999748608,2999.748608,142,56,101,5,20250716_155355
1752648790.6206636,11717808,2999758848,2999.758848,144,56,102,5,20250716_155355
1752648790.6306477,11717847,2999768832,2999.768832,146,56,103,5,20250716_155355
1752648790.6406317,11717886,2999778816,2999.778816,149,57,104,5,20250716_155355
1752648790.6506157,11717925,2999788800,2999.7888,151,56,105,5,20250716_155355
1752648790.6605997,11717964,2999798784,2999.798784,154,59,107,5,20250716_155355
1752648790.6705835,11718003,2999808768,2999.808768,157,61,110,5,20250716_155355
1752648790.6805675,11718042,2999818752,2999.818752,159,61,112,5,20250716_155355
1752648790.6905518,11718081,2999828736,2999.828736,162,60,114,5,20250716_155355
1752648790.7005358,11718120,2999838720,2999.83872,166,61,118,5,20250716_155355
1752648790.7105198,11718159,2999848704,2999.848704,169,62,122,5,20250716_155355
1752648790.7205038,11718198,2999858688,2999.858688,173,62,127,5,20250716_155355
1752648790.7304876,11718237,2999868672,2999.868672,177,63,131,5,20250716_155355
1752648790.7404716,11718276,2999878656,2999.878656,181,65,140,5,20250716_155355
1752648790.7504556,11718315,2999888640,2999.88864,185,61,149,5,20250716_155355
1752648790.7606957,11718355,2999898880,2999.89888,190,59,156,5,20250716_155355
1752648790.7706797,11718394,2999908864,2999.908864,195,55,160,5,20250716_155355
1752648790.7806635,11718433,2999918848,2999.918848,199,54,161,5,20250716_155355
1752648790.7906475,11718472,2999928832,2999.928832,204,57,161,5,20250716_155355
1752648790.8006318,11718511,2999938816,2999.938816,208,60,162,5,20250716_155355
1752648790.8106158,11718550,2999948800,2999.9488,212,63,163,5,20250716_155355
1752648790.8205998,11718589,2999958784,2999.958784,216,64,164,5,20250716_155355
1752648790.8305836,11718628,2999968768,2999.968768,220,67,164,5,20250716_155355
1752648790.8405676,11718667,2999978752,2999.978752,223,68,164,5,20250716_155355
1752648790.8505516,11718706,2999988736,2999.988736,227,69,165,5,20250716_155355
1752648790.8605356,11718745,2999998720,2999.99872,230,73,164,5,20250716_155355
1752648790.8705196,11718784,3000008704,3000.008704,233,74,165,5,20250716_155355
1752648790.8805037,11718823,3000018688,3000.018688,236,73,165,5,20250716_155355
1752648790.8904877,11718862,3000028672,3000.028672,239,78,166,5,20250716_155355
1752648790.9004717,11718901,3000038656,3000.038656,241,83,166,5,20250716_155355
1752648790.9107118,11718941,3000048896,3000.048896,244,76,165,5,20250716_155355
1752648790.9206958,11718980,3000058880,3000.05888,246,78,165,5,20250716_155355
1752648790.9306798,11719019,3000068864,3000.068864,249,78,165,5,20250716_155355
1752648790.9406636,11719058,3000078848,3000.078848,251,79,165,5,20250716_155355
1752648790.9506476,11719097,3000088832,3000.088832,253,77,164,5,20250716_155355
1752648790.9606316,11719136,3000098816,3000.098816,1,77,164,5,20250716_155355
1752648790.9706156,11719175,3000108800,3000.1088,3,77,162,5,20250716_155355
1752648790.9805996,11719214,3000118784,3000.118784,5,76,163,5,20250716_155355
1752648790.9905837,11719253,3000128768,3000.128768,7,78,163,5,20250716_155355
1752648791.0005677,11719292,3000138752,3000.138752,9,76,162,5,20250716_155355
1752648791.0105517,11719331,3000148736,3000.148736,11,74,161,5,20250716_155355
1752648791.0205357,11719370,3000158720,3000.15872,13,74,160,5,20250716_155355
1752648791.0305195,11719409,3000168704,3000.168704,15,74,159,5,20250716_155355
1752648791.0405035,11719448,3000178688,3000.178688,18,73,158,5,20250716_155355
1752648791.0507436,11719488,3000188928,3000.188928,20,73,156,5,20250716_155355
1752648791.0607276,11719527,3000198912,3000.198912,22,73,155,5,20250716_155355
1752648791.0707116,11719566,3000208896,3000.208896,25,73,154,5,20250716_155355
1752648791.0806956,11719605,3000218880,3000.21888,27,77,151,5,20250716_155355
1752648791.0906796,11719644,3000228864,3000.228864,30,74,148,5,20250716_155355
1752648791.1006637,11719683,3000238848,3000.238848,33,73,145,5,20250716_155355
1752648791.1106477,11719722,3000248832,3000.248832,36,73,142,5,20250716_155355
1752648791.1206317,11719761,3000258816,3000.258816,39,74,139,5,20250716_155355
1752648791.1306157,11719800,3000268800,3000.2688,42,76,136,5,20250716_155355
1752648791.1405995,11719839,3000278784,3000.278784,46,75,132,5,20250716_155355
1752648791.1505835,11719878,3000288768,3000.288768,50,75,129,5,20250716_155355
1752648791.1605678,11719917,3000298752,3000.298752,54,72,127,5,20250716_155355
1752648791.1705518,11719956,3000308736,3000.308736,58,72,125,5,20250716_155355
1752648791.1805358,11719995,3000318720,3000.31872,62,72,122,5,20250716_155355
1752648791.1907756,11720035,3000328960,3000.32896,66,72,117,5,20250716_155355
1752648791.2007596,11720074,3000338944,3000.338944,70,72,113,5,20250716_155355
1752648791.2107437,11720113,3000348928,3000.348928,74,72,110,5,20250716_155355
1752648791.2207277,11720152,3000358912,3000.358912,78,70,108,5,20250716_155355
1752648791.2307117,11720191,3000368896,3000.368896,83,69,105,5,20250716_155355
1752648791.2406957,11720230,3000378880,3000.37888,86,68,102,5,20250716_155355
1752648791.2506795,11720269,3000388864,3000.388864,90,72,100,5,20250716_155355
1752648791.2606635,11720308,3000398848,3000.398848,94,74,98,5,20250716_155355
1752648791.2706478,11720347,3000408832,3000.408832,97,68,96,5,20250716_155355
1752648791.2806318,11720386,3000418816,3000.418816,101,66,95,5,20250716_155355
1752648791.2906158,11720425,3000428800,3000.4288,104,63,93,5,20250716_155355
1752648791.3005996,11720464,3000438784,3000.438784,107,61,92,5,20250716_155355
1752648791.3105836,11720503,3000448768,3000.448768,110,65,91,5,20250716_155355
1752648791.3205676,11720542,3000458752,3000.458752,113,64,90,5,20250716_155355
1752648791.3305516,11720581,3000468736,3000.468736,115,64,91,5,20250716_155355
1752648791.3407917,11720621,3000478976,3000.478976,118,65,91,5,20250716_155355
1752648791.3507757,11720660,3000488960,3000.48896,120,61,92,5,20250716_155355
1752648791.3607595,11720699,3000498944,3000.498944,122,59,93,5,20250716_155355
1752648791.3707438,11720738,3000508928,3000.508928,125,56,93,5,20250716_155355
1752648791.3807278,11720777,3000518912,3000.518912,127,55,93,5,20250716_155355
1752648791.3907118,11720816,3000528896,3000.528896,129,55,94,5,20250716_155355
1752648791.4006958,11720855,3000538880,3000.53888,131,55,95,5,20250716_155355
1752648791.4106796,11720894,3000548864,3000.548864,134,56,96,5,20250716_155355
1752648791.4206636,11720933,3000558848,3000.558848,136,56,98,5,20250716_155355
1752648791.4306476,11720972,3000568832,3000.568832,138,57,99,5,20250716_155355
1752648791.4406316,11721011,3000578816,3000.578816,140,57,99,5,20250716_155355
1752648791.4506156,11721050,3000588800,3000.5888,143,58,99,5,20250716_155355
1752648791.4605997,11721089,3000598784,3000.598784,145,58,101,5,20250716_155355
1752648791.4705837,11721128,3000608768,3000.608768,147,58,102,5,20250716_155355
1752648791.4808238,11721168,3000619008,3000.619008,150,58,103,5,20250716_155355
1752648791.4908078,11721207,3000628992,3000.628992,152,57,106,5,20250716_155355
1752648791.5007918,11721246,3000638976,3000.638976,155,57,107,5,20250716_155355
1752648791.5107758,11721285,3000648960,3000.64896,157,57,109,5,20250716_155355
1752648791.5207596,11721324,3000658944,3000.658944,160,58,111,5,20250716_155355
1752648791.5307436,11721363,3000668928,3000.668928,163,58,113,5,20250716_155355
1752648791.5407276,11721402,3000678912,3000.678912,166,57,117,5,20250716_155355
1752648791.5507116,11721441,3000688896,3000.688896,170,56,120,5,20250716_155355
1752648791.5606956,11721480,3000698880,3000.69888,173,57,125,5,20250716_155355
1752648791.5706797,11721519,3000708864,3000.708864,177,56,129,5,20250716_155355
1752648791.5806637,11721558,3000718848,3000.718848,181,54,138,5,20250716_155355
1752648791.5906477,11721597,3000728832,3000.728832,186,52,147,5,20250716_155355
1752648791.6006317,11721636,3000738816,3000.738816,190,51,154,5,20250716_155355
1752648791.6106155,11721675,3000748800,3000.7488,195,53,159,5,20250716_155355
1752648791.6205995,11721714,3000758784,3000.758784,200,54,161,5,20250716_155355
1752648791.6308396,11721754,3000769024,3000.769024,204,57,161,5,20250716_155355
1752648791.6408236,11721793,3000779008,3000.779008,208,61,161,5,20250716_155355
1752648791.6508076,11721832,3000788992,3000.788992,212,64,162,5,20250716_155355
1752648791.6607916,11721871,3000798976,3000.798976,216,65,164,5,20250716_155355
1752648791.6707757,11721910,3000808960,3000.80896,220,67,163,5,20250716_155355
1752648791.6807597,11721949,3000818944,3000.818944,224,70,164,5,20250716_155355
1752648791.6907437,11721988,3000828928,3000.828928,227,72,165,5,20250716_155355
1752648791.7007277,11722027,3000838912,3000.838912,230,75,165,5,20250716_155355
1752648791.7107117,11722066,3000848896,3000.848896,233,73,165,5,20250716_155355
1752648791.7206955,11722105,3000858880,3000.85888,236,73,165,5,20250716_155355
1752648791.7306798,11722144,3000868864,3000.868864,239,75,165,5,20250716_155355
1752648791.7406638,11722183,3000878848,3000.878848,242,77,165,5,20250716_155355
1752648791.7506478,11722222,3000888832,3000.888832,244,78,165,5,20250716_155355
1752648791.7606318,11722261,3000898816,3000.898816,247,76,165,5,20250716_155355
1752648791.7708716,11722301,3000909056,3000.909056,249,75,164,5,20250716_155355
1752648791.7808557,11722340,3000919040,3000.91904,251,78,165,5,20250716_155355
1752648791.7908397,11722379,3000929024,3000.929024,253,77,164,5,20250716_155355
1752648791.8008237,11722418,3000939008,3000.939008,1,76,164,5,20250716_155355
1752648791.8108077,11722457,3000948992,3000.948992,3,81,163,5,20250716_155355
1752648791.8207915,11722496,3000958976,3000.958976,5,81,162,5,20250716_155355
1752648791.8307755,11722535,3000968960,3000.96896,7,79,160,5,20250716_155355
1752648791.8407598,11722574,3000978944,3000.978944,9,76,158,5,20250716_155355
1752648791.8507438,11722613,3000988928,3000.988928,12,74,157,5,20250716_155355
1752648791.8607278,11722652,3000998912,3000.998912,14,74,155,5,20250716_155355
1752648791.8707118,11722691,3001008896,3001.008896,17,72,154,5,20250716_155355
1752648791.8806956,11722730,3001018880,3001.01888,19,71,152,5,20250716_155355
1752648791.8906796,11722769,3001028864,3001.028864,22,72,151,5,20250716_155355
1752648791.9006636,11722808,3001038848,3001.038848,24,71,150,5,20250716_155355
1752648791.9109037,11722848,3001049088,3001.049088,27,71,148,5,20250716_155355
1752648791.9208877,11722887,3001059072,3001.059072,30,71,146,5,20250716_155355
1752648791.9308715,11722926,3001069056,3001.069056,33,73,142,5,20250716_155355
1752648791.9408555,11722965,3001079040,3001.07904,36,78,139,5,20250716_155355
1752648791.9508398,11723004,3001089024,3001.089024,39,77,136,5,20250716_155355
1752648791.9608238,11723043,3001099008,3001.099008,43,71,132,5,20250716_155355
1752648791.9708078,11723082,3001108992,3001.108992,47,71,129,5,20250716_155355
1752648791.9807918,11723121,3001118976,3001.118976,51,71,127,5,20250716_155355
1752648791.9907756,11723160,3001128960,3001.12896,55,72,124,5,20250716_155355
1752648792.0007596,11723199,3001138944,3001.138944,59,72,121,5,20250716_155355
1752648792.0107436,11723238,3001148928,3001.148928,63,72,118,5,20250716_155355
1752648792.0207276,11723277,3001158912,3001.158912,67,73,112,5,20250716_155355
1752648792.0307117,11723316,3001168896,3001.168896,71,71,109,5,20250716_155355
1752648792.0406957,11723355,3001178880,3001.17888,76,70,106,5,20250716_155355
1752648792.0506797,11723394,3001188864,3001.188864,80,68,103,5,20250716_155355
1752648792.0609198,11723434,3001199104,3001.199104,84,68,100,5,20250716_155355
1752648792.0709038,11723473,3001209088,3001.209088,88,66,98,5,20250716_155355
1752648792.0808878,11723512,3001219072,3001.219072,92,65,96,5,20250716_155355
1752648792.0908716,11723551,3001229056,3001.229056,95,66,94,5,20250716_155355
1752648792.1008556,11723590,3001239040,3001.23904,99,66,92,5,20250716_155355
1752648792.1108396,11723629,3001249024,3001.249024,102,65,91,5,20250716_155355
1752648792.1208236,11723668,3001259008,3001.259008,105,66,91,5,20250716_155355
1752648792.1308076,11723707,3001268992,3001.268992,108,65,90,5,20250716_155355
1752648792.1407917,11723746,3001278976,3001.278976,111,61,91,5,20250716_155355
1752648792.1507757,11723785,3001288960,3001.28896,113,58,91,5,20250716_155355
1752648792.1607597,11723824,3001298944,3001.298944,116,56,91,5,20250716_155355
1752648792.1707437,11723863,3001308928,3001.308928,118,55,91,5,20250716_155355
1752648792.1807275,11723902,3001318912,3001.318912,121,56,91,5,20250716_155355
1752648792.1907115,11723941,3001328896,3001.328896,123,57,92,5,20250716_155355
1752648792.2009516,11723981,3001339136,3001.339136,125,56,92,5,20250716_155355
1752648792.2109356,11724020,3001349120,3001.34912,128,56,92,5,20250716_155355
1752648792.2209196,11724059,3001359104,3001.359104,130,56,93,5,20250716_155355
1752648792.2309036,11724098,3001369088,3001.369088,132,57,94,5,20250716_155355
1752648792.2408876,11724137,3001379072,3001.379072,134,57,95,5,20250716_155355
1752648792.2508717,11724176,3001389056,3001.389056,136,58,96,5,20250716_155355
1752648792.2608557,11724215,3001399040,3001.39904,138,58,97,5,20250716_155355
1752648792.2708397,11724254,3001409024,3001.409024,141,56,98,5,20250716_155355
1752648792.2808237,11724293,3001419008,3001.419008,143,55,99,5,20250716_155355
1752648792.2908075,11724332,3001428992,3001.428992,145,56,99,5,20250716_155355
1752648792.3007915,11724371,3001438976,3001.438976,147,55,102,5,20250716_155355
1752648792.3107758,11724410,3001448960,3001.44896,150,54,102,5,20250716_155355
1752648792.3207598,11724449,3001458944,3001.458944,152,54,103,5,20250716_155355
1752648792.3307438,11724488,3001468928,3001.468928,155,54,105,5,20250716_155355
1752648792.3407278,11724527,3001478912,3001.478912,157,54,107,5,20250716_155355
1752648792.3509676,11724567,3001489152,3001.489152,160,54,109,5,20250716_155355
1752648792.3609517,11724606,3001499136,3001.499136,163,54,112,5,20250716_155355
1752648792.3709357,11724645,3001509120,3001.50912,166,54,115,5,20250716_155355
1752648792.3809197,11724684,3001519104,3001.519104,169,54,118,5,20250716_155355
1752648792.3909037,11724723,3001529088,3001.529088,173,54,122,5,20250716_155355
1752648792.4008875,11724762,3001539072,3001.539072,176,53,127,5,20250716_155355
1752648792.4108715,11724801,3001549056,3001.549056,180,52,131,5,20250716_155355
1752648792.4208558,11724840,3001559040,3001.55904,184,52,142,5,20250716_155355
1752648792.4308398,11724879,3001569024,3001.569024,189,52,149,5,20250716_155355
1752648792.4408238,11724918,3001579008,3001.579008,194,53,156,5,20250716_155355
1752648792.4508078,11724957,3001588992,3001.588992,198,55,160,5,20250716_155355
1752648792.4610476,11724997,3001599232,3001.599232,203,57,161,5,20250716_155355
1752648792.4710317,11725036,3001609216,3001.609216,207,61,161,5,20250716_155355
1752648792.4810157,11725075,3001619200,3001.6192,211,64,161,5,20250716_155355
1752648792.4909997,11725114,3001629184,3001.629184,215,65,163,5,20250716_155355
1752648792.5009837,11725153,3001639168,3001.639168,219,65,164,5,20250716_155355
1752648792.5109675,11725192,3001649152,3001.649152,222,68,164,5,20250716_155355
1752648792.5209515,11725231,3001659136,3001.659136,226,71,164,5,20250716_155355
1752648792.5311916,11725271,3001669376,3001.669376,229,71,164,5,20250716_155355
1752648792.5411756,11725310,3001679360,3001.67936,232,75,165,5,20250716_155355
1752648792.5511596,11725349,3001689344,3001.689344,235,73,165,5,20250716_155355
1752648792.5611436,11725388,3001699328,3001.699328,238,74,165,5,20250716_155355
1752648792.5711277,11725427,3001709312,3001.709312,241,75,165,5,20250716_155355
1752648792.5811117,11725466,3001719296,3001.719296,243,77,165,5,20250716_155355
1752648792.5910957,11725505,3001729280,3001.72928,246,74,165,5,20250716_155355
1752648792.6013358,11725545,3001739520,3001.73952,248,73,163,5,20250716_155355
1752648792.6113198,11725584,3001749504,3001.749504,251,75,164,5,20250716_155355
1752648792.6213038,11725623,3001759488,3001.759488,253,74,164,5,20250716_155355
1752648792.6312876,11725662,3001769472,3001.769472,0,75,162,5,20250716_155355
1752648792.6412716,11725701,3001779456,3001.779456,2,82,163,5,20250716_155355
1752648792.6512556,11725740,3001789440,3001.78944,5,75,161,5,20250716_155355
1752648792.6612396,11725779,3001799424,3001.799424,7,74,160,5,20250716_155355
1752648792.6712236,11725818,3001809408,3001.809408,9,74,158,5,20250716_155355
1752648792.6814637,11725858,3001819648,3001.819648,11,75,157,5,20250716_155355
1752648792.6914475,11725897,3001829632,3001.829632,14,75,155,5,20250716_155355
1752648792.7014318,11725936,3001839616,3001.839616,16,77,154,5,20250716_155355
1752648792.7114158,11725975,3001849600,3001.8496,19,74,153,5,20250716_155355
1752648792.7213998,11726014,3001859584,3001.859584,21,69,151,5,20250716_155355
1752648792.7313838,11726053,3001869568,3001.869568,24,71,150,5,20250716_155355
1752648792.7413676,11726092,3001879552,3001.879552,27,71,149,5,20250716_155355
1752648792.7516077,11726132,3001889792,3001.889792,29,71,147,5,20250716_155355
1752648792.7615917,11726171,3001899776,3001.899776,32,71,143,5,20250716_155355
1752648792.7715757,11726210,3001909760,3001.90976,35,72,140,5,20250716_155355
1752648792.7815597,11726249,3001919744,3001.919744,39,71,138,5,20250716_155355
1752648792.7915435,11726288,3001929728,3001.929728,42,71,135,5,20250716_155355
1752648792.8015275,11726327,3001939712,3001.939712,46,71,131,5,20250716_155355
1752648792.8115118,11726366,3001949696,3001.949696,50,68,127,5,20250716_155355
1752648792.8217516,11726406,3001959936,3001.959936,54,70,126,5,20250716_155355
1752648792.8317356,11726445,3001969920,3001.96992,58,73,122,5,20250716_155355
1752648792.8417196,11726484,3001979904,3001.979904,62,70,119,5,20250716_155355
1752648792.8517036,11726523,3001989888,3001.989888,66,70,115,5,20250716_155355
1752648792.8616877,11726562,3001999872,3001.999872,70,79,110,5,20250716_155355
1752648792.8716717,11726601,3002009856,3002.009856,75,73,106,5,20250716_155355
1752648792.8816557,11726640,3002019840,3002.01984,79,71,104,5,20250716_155355
1752648792.8916397,11726679,3002029824,3002.029824,83,67,101,5,20250716_155355
1752648792.9016235,11726718,3002039808,3002.039808,87,67,98,5,20250716_155355
1752648792.9116075,11726757,3002049792,3002.049792,91,65,97,5,20250716_155355
1752648792.9218476,11726797,3002060032,3002.060032,94,64,95,5,20250716_155355
1752648792.9318316,11726836,3002070016,3002.070016,98,64,93,5,20250716_155355
1752648792.9418156,11726875,3002080000,3002.08,101,64,92,5,20250716_155355
1752648792.9517996,11726914,3002089984,3002.089984,104,61,91,5,20250716_155355
1752648792.9617836,11726953,3002099968,3002.099968,107,61,91,5,20250716_155355
1752648792.9717677,11726992,3002109952,3002.109952,110,60,90,5,20250716_155355
1752648792.9817517,11727031,3002119936,3002.119936,113,59,91,5,20250716_155355
1752648792.9917357,11727070,3002129920,3002.12992,115,58,92,5,20250716_155355
1752648793.0017197,11727109,3002139904,3002.139904,118,56,92,5,20250716_155355
1752648793.0117035,11727148,3002149888,3002.149888,120,55,93,5,20250716_155355
1752648793.0216875,11727187,3002159872,3002.159872,123,55,92,5,20250716_155355
1752648793.0316718,11727226,3002169856,3002.169856,125,54,94,5,20250716_155355
1752648793.0416558,11727265,3002179840,3002.17984,127,53,94,5,20250716_155355
1752648793.0516398,11727304,3002189824,3002.189824,130,53,95,5,20250716_155355
1752648793.0616236,11727343,3002199808,3002.199808,132,55,96,5,20250716_155355
1752648793.0718637,11727383,3002210048,3002.210048,134,55,97,5,20250716_155355
1752648793.0818477,11727422,3002220032,3002.220032,136,54,98,5,20250716_155355
1752648793.0918317,11727461,3002230016,3002.230016,139,53,100,5,20250716_155355
1752648793.1018157,11727500,3002240000,3002.24,141,52,100,5,20250716_155355
1752648793.1117997,11727539,3002249984,3002.249984,143,52,101,5,20250716_155355
1752648793.1217835,11727578,3002259968,3002.259968,146,51,102,5,20250716_155355
1752648793.1317675,11727617,3002269952,3002.269952,148,51,103,5,20250716_155355
1752648793.1417518,11727656,3002279936,3002.279936,151,50,105,5,20250716_155355
1752648793.1517358,11727695,3002289920,3002.28992,153,50,107,5,20250716_155355
1752648793.1617198,11727734,3002299904,3002.299904,156,51,110,5,20250716_155355
1752648793.1717036,11727773,3002309888,3002.309888,159,50,112,5,20250716_155355
1752648793.1816876,11727812,3002319872,3002.319872,162,50,114,5,20250716_155355
1752648793.1916716,11727851,3002329856,3002.329856,165,50,118,5,20250716_155355
1752648793.2016556,11727890,3002339840,3002.33984,168,50,121,5,20250716_155355
1752648793.2118957,11727930,3002350080,3002.35008,172,50,125,5,20250716_155355
1752648793.2218795,11727969,3002360064,3002.360064,176,50,127,5,20250716_155355
1752648793.2318635,11728008,3002370048,3002.370048,180,50,136,5,20250716_155355
1752648793.2418478,11728047,3002380032,3002.380032,184,50,146,5,20250716_155355
1752648793.2518318,11728086,3002390016,3002.390016,189,52,152,5,20250716_155355
1752648793.2618158,11728125,3002400000,3002.4,193,55,159,5,20250716_155355
1752648793.2717998,11728164,3002409984,3002.409984,198,56,160,5,20250716_155355
1752648793.2817836,11728203,3002419968,3002.419968,203,59,161,5,20250716_155355
1752648793.2917676,11728242,3002429952,3002.429952,207,61,161,5,20250716_155355
1752648793.3017516,11728281,3002439936,3002.439936,211,63,162,5,20250716_155355
1752648793.3117356,11728320,3002449920,3002.44992,215,65,163,5,20250716_155355
1752648793.3217196,11728359,3002459904,3002.459904,219,66,164,5,20250716_155355
1752648793.3317037,11728398,3002469888,3002.469888,222,69,165,5,20250716_155355
1752648793.3416877,11728437,3002479872,3002.479872,226,70,164,5,20250716_155355
1752648793.3516717,11728476,3002489856,3002.489856,229,72,165,5,20250716_155355
1752648793.3619118,11728516,3002500096,3002.500096,232,73,166,5,20250716_155355
1752648793.3718958,11728555,3002510080,3002.51008,235,73,164,5,20250716_155355
1752648793.3818798,11728594,3002520064,3002.520064,238,70,165,5,20250716_155355
1752648793.3918636,11728633,3002530048,3002.530048,241,71,166,5,20250716_155355
1752648793.4018476,11728672,3002540032,3002.540032,243,71,166,5,20250716_155355
1752648793.4118316,11728711,3002550016,3002.550016,246,71,166,5,20250716_155355
1752648793.4218156,11728750,3002560000,3002.56,248,74,165,5,20250716_155355
1752648793.4317997,11728789,3002569984,3002.569984,251,75,165,5,20250716_155355
1752648793.4417837,11728828,3002579968,3002.579968,253,72,165,5,20250716_155355
1752648793.4517677,11728867,3002589952,3002.589952,0,72,165,5,20250716_155355
1752648793.4617517,11728906,3002599936,3002.599936,2,73,164,5,20250716_155355
1752648793.4717357,11728945,3002609920,3002.60992,4,72,164,5,20250716_155355
1752648793.4817195,11728984,3002619904,3002.619904,6,75,164,5,20250716_155355
1752648793.4917035,11729023,3002629888,3002.629888,8,75,162,5,20250716_155355
1752648793.5019436,11729063,3002640128,3002.640128,10,74,161,5,20250716_155355
1752648793.5119276,11729102,3002650112,3002.650112,13,74,160,5,20250716_155355
1752648793.5219116,11729141,3002660096,3002.660096,15,74,159,5,20250716_155355
1752648793.5318956,11729180,3002670080,3002.67008,17,73,158,5,20250716_155355
1752648793.5418797,11729219,3002680064,3002.680064,19,75,157,5,20250716_155355
1752648793.5518637,11729258,3002690048,3002.690048,22,73,154,5,20250716_155355
1752648793.5618477,11729297,3002700032,3002.700032,24,71,153,5,20250716_155355
1752648793.5718317,11729336,3002710016,3002.710016,27,71,151,5,20250716_155355
1752648793.5818155,11729375,3002720000,3002.72,29,71,148,5,20250716_155355
1752648793.5917995,11729414,3002729984,3002.729984,32,71,147,5,20250716_155355
1752648793.6017838,11729453,3002739968,3002.739968,35,67,146,5,20250716_155355
1752648793.6117678,11729492,3002749952,3002.749952,38,70,144,5,20250716_155355
1752648793.6217518,11729531,3002759936,3002.759936,41,69,141,5,20250716_155355
1752648793.6317358,11729570,3002769920,3002.76992,44,70,138,5,20250716_155355
1752648793.6417196,11729609,3002779904,3002.779904,48,71,134,5,20250716_155355
1752648793.6519597,11729649,3002790144,3002.790144,51,69,131,5,20250716_155355
1752648793.6619437,11729688,3002800128,3002.800128,55,68,127,5,20250716_155355
1752648793.6719277,11729727,3002810112,3002.810112,59,67,126,5,20250716_155355
1752648793.6819117,11729766,3002820096,3002.820096,63,69,123,5,20250716_155355
1752648793.6918955,11729805,3002830080,3002.83008,67,70,119,5,20250716_155355
1752648793.7018795,11729844,3002840064,3002.840064,71,68,114,5,20250716_155355
1752648793.7118638,11729883,3002850048,3002.850048,75,65,111,5,20250716_155355
1752648793.7218478,11729922,3002860032,3002.860032,80,65,108,5,20250716_155355
1752648793.7318318,11729961,3002870016,3002.870016,84,64,105,5,20250716_155355
1752648793.7418158,11730000,3002880000,3002.88,88,63,102,5,20250716_155355
1752648793.7517996,11730039,3002889984,3002.889984,91,64,100,5,20250716_155355
1752648793.7617836,11730078,3002899968,3002.899968,95,63,97,5,20250716_155355
1752648793.7717676,11730117,3002909952,3002.909952,98,61,96,5,20250716_155355
1752648793.7817516,11730156,3002919936,3002.919936,102,62,95,5,20250716_155355
1752648793.7917356,11730195,3002929920,3002.92992,105,60,94,5,20250716_155355
1752648793.8019755,11730235,3002940160,3002.94016,108,62,93,5,20250716_155355
1752648793.8119595,11730274,3002950144,3002.950144,111,64,92,5,20250716_155355
1752648793.8219438,11730313,3002960128,3002.960128,113,63,91,5,20250716_155355
1752648793.8319278,11730352,3002970112,3002.970112,116,60,92,5,20250716_155355
1752648793.8419118,11730391,3002980096,3002.980096,118,56,92,5,20250716_155355
1752648793.8518958,11730430,3002990080,3002.99008,121,54,90,5,20250716_155355
1752648793.8618796,11730469,3003000064,3003.000064,123,53,90,5,20250716_155355
1752648793.8718636,11730508,3003010048,3003.010048,125,51,92,5,20250716_155355
1752648793.8818476,11730547,3003020032,3003.020032,128,50,92,5,20250716_155355
1752648793.8918316,11730586,3003030016,3003.030016,130,49,93,5,20250716_155355
1752648793.9018157,11730625,3003040000,3003.04,132,49,94,5,20250716_155355
1752648793.9117997,11730664,3003049984,3003.049984,134,48,95,5,20250716_155355
1752648793.9217837,11730703,3003059968,3003.059968,136,48,96,5,20250716_155355
1752648793.9317677,11730742,3003069952,3003.069952,138,49,97,5,20250716_155355
1752648793.9420078,11730782,3003080192,3003.080192,140,48,97,5,20250716_155355
1752648793.9519918,11730821,3003090176,3003.090176,143,49,98,5,20250716_155355
1752648793.9619756,11730860,3003100160,3003.10016,145,50,99,5,20250716_155355
1752648793.9719596,11730899,3003110144,3003.110144,147,51,100,5,20250716_155355
1752648793.9819436,11730938,3003120128,3003.120128,149,51,101,5,20250716_155355
1752648793.9919276,11730977,3003130112,3003.130112,152,50,103,5,20250716_155355
1752648794.0019116,11731016,3003140096,3003.140096,154,50,104,5,20250716_155355
1752648794.0118957,11731055,3003150080,3003.15008,157,50,106,5,20250716_155355
1752648794.0218797,11731094,3003160064,3003.160064,159,51,108,5,20250716_155355
1752648794.0318637,11731133,3003170048,3003.170048,162,52,109,5,20250716_155355
1752648794.0418477,11731172,3003180032,3003.180032,165,52,112,5,20250716_155355
1752648794.0518315,11731211,3003190016,3003.190016,168,52,115,5,20250716_155355
1752648794.0618155,11731250,3003200000,3003.2,171,52,118,5,20250716_155355
1752648794.0717998,11731289,3003209984,3003.209984,175,52,122,5,20250716_155355
1752648794.0820396,11731329,3003220224,3003.220224,178,53,127,5,20250716_155355
1752648794.0920236,11731368,3003230208,3003.230208,182,55,132,5,20250716_155355
1752648794.1020076,11731407,3003240192,3003.240192,187,56,142,5,20250716_155355
1752648794.1119916,11731446,3003250176,3003.250176,191,57,150,5,20250716_155355
1752648794.1219757,11731485,3003260160,3003.26016,196,57,156,5,20250716_155355
1752648794.1319597,11731524,3003270144,3003.270144,200,57,160,5,20250716_155355
1752648794.1419437,11731563,3003280128,3003.280128,205,60,160,5,20250716_155355
1752648794.1519277,11731602,3003290112,3003.290112,209,62,160,5,20250716_155355
1752648794.1619115,11731641,3003300096,3003.300096,213,64,162,5,20250716_155355
1752648794.1718955,11731680,3003310080,3003.31008,217,64,163,5,20250716_155355
1752648794.1818798,11731719,3003320064,3003.320064,220,66,164,5,20250716_155355
1752648794.1918638,11731758,3003330048,3003.330048,224,67,164,5,20250716_155355
1752648794.2018478,11731797,3003340032,3003.340032,227,68,165,5,20250716_155355
1752648794.2118318,11731836,3003350016,3003.350016,230,68,165,5,20250716_155355
1752648794.2218156,11731875,3003360000,3003.36,233,71,166,5,20250716_155355
1752648794.2320557,11731915,3003370240,3003.37024,236,70,165,5,20250716_155355
1752648794.2420397,11731954,3003380224,3003.380224,239,68,166,5,20250716_155355
1752648794.2520237,11731993,3003390208,3003.390208,242,71,165,5,20250716_155355
1752648794.2620077,11732032,3003400192,3003.400192,244,72,165,5,20250716_155355
1752648794.2719915,11732071,3003410176,3003.410176,247,70,165,5,20250716_155355
1752648794.2819755,11732110,3003420160,3003.42016,249,71,165,5,20250716_155355
1752648794.2919598,11732149,3003430144,3003.430144,252,73,165,5,20250716_155355
1752648794.3019438,11732188,3003440128,3003.440128,254,71,164,5,20250716_155355
1752648794.3119278,11732227,3003450112,3003.450112,1,70,163,5,20250716_155355
1752648794.3219116,11732266,3003460096,3003.460096,3,70,163,5,20250716_155355
1752648794.3318956,11732305,3003470080,3003.47008,5,72,161,5,20250716_155355
1752648794.3418796,11732344,3003480064,3003.480064,8,74,160,5,20250716_155355
1752648794.3518636,11732383,3003490048,3003.490048,10,71,158,5,20250716_155355
1752648794.3618476,11732422,3003500032,3003.500032,12,70,156,5,20250716_155355
1752648794.3720877,11732462,3003510272,3003.510272,15,70,155,5,20250716_155355
1752648794.3820715,11732501,3003520256,3003.520256,17,72,153,5,20250716_155355
1752648794.3920555,11732540,3003530240,3003.53024,20,67,151,5,20250716_155355
1752648794.4020398,11732579,3003540224,3003.540224,22,67,150,5,20250716_155355
1752648794.4120238,11732618,3003550208,3003.550208,25,65,148,5,20250716_155355
1752648794.4220078,11732657,3003560192,3003.560192,28,66,145,5,20250716_155355
1752648794.4319916,11732696,3003570176,3003.570176,31,65,143,5,20250716_155355
1752648794.4419756,11732735,3003580160,3003.58016,34,66,140,5,20250716_155355
1752648794.4519596,11732774,3003590144,3003.590144,37,67,139,5,20250716_155355
1752648794.4619436,11732813,3003600128,3003.600128,41,65,135,5,20250716_155355
1752648794.4719276,11732852,3003610112,3003.610112,44,68,133,5,20250716_155355
1752648794.4819117,11732891,3003620096,3003.620096,48,67,129,5,20250716_155355
1752648794.4918957,11732930,3003630080,3003.63008,52,67,127,5,20250716_155355
1752648794.5018797,11732969,3003640064,3003.640064,56,67,124,5,20250716_155355
1752648794.5118637,11733008,3003650048,3003.650048,60,65,121,5,20250716_155355
1752648794.5221038,11733048,3003660288,3003.660288,64,66,116,5,20250716_155355
1752648794.5320878,11733087,3003670272,3003.670272,68,66,111,5,20250716_155355
1752648794.5420716,11733126,3003680256,3003.680256,73,65,108,5,20250716_155355
1752648794.5520556,11733165,3003690240,3003.69024,77,67,105,5,20250716_155355
1752648794.5620396,11733204,3003700224,3003.700224,81,65,103,5,20250716_155355
1752648794.5720236,11733243,3003710208,3003.710208,85,63,100,5,20250716_155355
1752648794.5820076,11733282,3003720192,3003.720192,89,62,97,5,20250716_155355
1752648794.5919917,11733321,3003730176,3003.730176,93,62,95,5,20250716_155355
1752648794.6019757,11733360,3003740160,3003.74016,96,61,93,5,20250716_155355
1752648794.6119597,11733399,3003750144,3003.750144,100,60,92,5,20250716_155355
1752648794.6219437,11733438,3003760128,3003.760128,103,57,92,5,20250716_155355
1752648794.6319275,11733477,3003770112,3003.770112,106,57,90,5,20250716_155355
1752648794.6419115,11733516,3003780096,3003.780096,109,57,90,5,20250716_155355
1752648794.6518958,11733555,3003790080,3003.79008,112,58,91,5,20250716_155355
1752648794.6618798,11733594,3003800064,3003.800064,114,59,91,5,20250716_155355
1752648794.6721196,11733634,3003810304,3003.810304,117,60,91,5,20250716_155355
1752648794.6821036,11733673,3003820288,3003.820288,119,59,90,5,20250716_155355
1752648794.6920877,11733712,3003830272,3003.830272,122,58,91,5,20250716_155355
1752648794.7020717,11733751,3003840256,3003.840256,124,55,92,5,20250716_155355
1752648794.7120557,11733790,3003850240,3003.85024,126,53,92,5,20250716_155355
1752648794.7220397,11733829,3003860224,3003.860224,128,51,94,5,20250716_155355
1752648794.7320237,11733868,3003870208,3003.870208,131,50,94,5,20250716_155355
1752648794.7420075,11733907,3003880192,3003.880192,133,49,95,5,20250716_155355
1752648794.7519915,11733946,3003890176,3003.890176,135,49,96,5,20250716_155355
1752648794.7619758,11733985,3003900160,3003.90016,137,49,97,5,20250716_155355
1752648794.7719598,11734024,3003910144,3003.910144,139,49,98,5,20250716_155355
1752648794.7819438,11734063,3003920128,3003.920128,142,49,99,5,20250716_155355
1752648794.7919276,11734102,3003930112,3003.930112,144,49,100,5,20250716_155355
1752648794.8019116,11734141,3003940096,3003.940096,146,51,101,5,20250716_155355
1752648794.8121517,11734181,3003950336,3003.950336,148,53,102,5,20250716_155355
1752648794.8221357,11734220,3003960320,3003.96032,151,52,102,5,20250716_155355
1752648794.8321197,11734259,3003970304,3003.970304,153,52,104,5,20250716_155355
1752648794.8421035,11734298,3003980288,3003.980288,156,52,106,5,20250716_155355
1752648794.8520875,11734337,3003990272,3003.990272,158,52,108,5,20250716_155355
1752648794.8620718,11734376,3004000256,3004.000256,161,52,109,5,20250716_155355
1752648794.8720558,11734415,3004010240,3004.01024,164,53,112,5,20250716_155355
1752648794.8820398,11734454,3004020224,3004.020224,167,54,115,5,20250716_155355
1752648794.8920238,11734493,3004030208,3004.030208,170,55,118,5,20250716_155355
1752648794.9020076,11734532,3004040192,3004.040192,174,56,121,5,20250716_155355
1752648794.9119916,11734571,3004050176,3004.050176,177,55,127,5,20250716_155355
1752648794.9219756,11734610,3004060160,3004.06016,181,55,131,5,20250716_155355
1752648794.9319596,11734649,3004070144,3004.070144,185,55,140,5,20250716_155355
1752648794.9419436,11734688,3004080128,3004.080128,190,55,148,5,20250716_155355
1752648794.9519277,11734727,3004090112,3004.090112,194,55,155,5,20250716_155355
1752648794.9621675,11734767,3004100352,3004.100352,199,56,160,5,20250716_155355
1752648794.9721518,11734806,3004110336,3004.110336,203,59,160,5,20250716_155355
1752648794.9821358,11734845,3004120320,3004.12032,208,62,160,5,20250716_155355
1752648794.9921198,11734884,3004130304,3004.130304,212,62,159,5,20250716_155355
1752648795.0021038,11734923,3004140288,3004.140288,216,63,161,5,20250716_155355
1752648795.0120876,11734962,3004150272,3004.150272,219,64,164,5,20250716_155355
1752648795.0220716,11735001,3004160256,3004.160256,223,64,164,5,20250716_155355
1752648795.0320556,11735040,3004170240,3004.17024,226,63,164,5,20250716_155355
1752648795.0420396,11735079,3004180224,3004.180224,230,63,165,5,20250716_155355
1752648795.0520236,11735118,3004190208,3004.190208,233,66,165,5,20250716_155355
1752648795.0620077,11735157,3004200192,3004.200192,236,69,165,5,20250716_155355
1752648795.0719917,11735196,3004210176,3004.210176,238,69,166,5,20250716_155355
1752648795.0819757,11735235,3004220160,3004.22016,241,68,166,5,20250716_155355
1752648795.0919597,11735274,3004230144,3004.230144,244,68,166,5,20250716_155355
1752648795.1021998,11735314,3004240384,3004.240384,246,71,166,5,20250716_155355
1752648795.1121838,11735353,3004250368,3004.250368,249,70,166,5,20250716_155355
1752648795.1221676,11735392,3004260352,3004.260352,251,71,165,5,20250716_155355
1752648795.1321516,11735431,3004270336,3004.270336,253,70,165,5,20250716_155355
1752648795.1421356,11735470,3004280320,3004.28032,0,69,165,5,20250716_155355
1752648795.1521196,11735509,3004290304,3004.290304,2,71,164,5,20250716_155355
1752648795.1621037,11735548,3004300288,3004.300288,5,69,164,5,20250716_155355
1752648795.1720877,11735587,3004310272,3004.310272,7,68,164,5,20250716_155355
1752648795.1820717,11735626,3004320256,3004.320256,9,69,163,5,20250716_155355
1752648795.1920557,11735665,3004330240,3004.33024,11,67,161,5,20250716_155355
1752648795.2020397,11735704,3004340224,3004.340224,13,69,160,5,20250716_155355
1752648795.2120235,11735743,3004350208,3004.350208,15,66,159,5,20250716_155355
1752648795.2220078,11735782,3004360192,3004.360192,17,66,158,5,20250716_155355
1752648795.2319918,11735821,3004370176,3004.370176,19,66,157,5,20250716_155355
1752648795.2422316,11735861,3004380416,3004.380416,22,64,154,5,20250716_155355
1752648795.2522156,11735900,3004390400,3004.3904,24,66,151,5,20250716_155355
1752648795.2621996,11735939,3004400384,3004.400384,27,66,150,5,20250716_155355
1752648795.2721837,11735978,3004410368,3004.410368,30,64,147,5,20250716_155355
1752648795.2821677,11736017,3004420352,3004.420352,33,63,143,5,20250716_155355
1752648795.2921517,11736056,3004430336,3004.430336,36,63,141,5,20250716_155355
1752648795.3021357,11736095,3004440320,3004.44032,39,68,138,5,20250716_155355
1752648795.3121195,11736134,3004450304,3004.450304,42,68,135,5,20250716_155355
1752648795.3221035,11736173,3004460288,3004.460288,46,67,132,5,20250716_155355
1752648795.3320878,11736212,3004470272,3004.470272,50,67,129,5,20250716_155355
1752648795.3420718,11736251,3004480256,3004.480256,54,66,127,5,20250716_155355
1752648795.3520558,11736290,3004490240,3004.49024,58,66,125,5,20250716_155355
1752648795.3620398,11736329,3004500224,3004.500224,62,64,123,5,20250716_155355
1752648795.3720236,11736368,3004510208,3004.510208,66,65,118,5,20250716_155355
1752648795.3822637,11736408,3004520448,3004.520448,70,66,114,5,20250716_155355
1752648795.3922477,11736447,3004530432,3004.530432,74,63,110,5,20250716_155355
1752648795.4022317,11736486,3004540416,3004.540416,78,60,108,5,20250716_155355
1752648795.4122157,11736525,3004550400,3004.5504,82,58,103,5,20250716_155355
1752648795.4221995,11736564,3004560384,3004.560384,86,58,101,5,20250716_155355
1752648795.4321835,11736603,3004570368,3004.570368,90,57,99,5,20250716_155355
1752648795.4421678,11736642,3004580352,3004.580352,94,58,98,5,20250716_155355
1752648795.4521518,11736681,3004590336,3004.590336,97,59,96,5,20250716_155355
1752648795.4621358,11736720,3004600320,3004.60032,101,59,94,5,20250716_155355
1752648795.4721198,11736759,3004610304,3004.610304,104,58,92,5,20250716_155355
1752648795.4821036,11736798,3004620288,3004.620288,107,59,91,5,20250716_155355
1752648795.4920876,11736837,3004630272,3004.630272,110,58,90,5,20250716_155355
1752648795.5020716,11736876,3004640256,3004.640256,112,62,90,5,20250716_155355
1752648795.5120556,11736915,3004650240,3004.65024,115,61,90,5,20250716_155355
1752648795.5222957,11736955,3004660480,3004.66048,118,60,90,5,20250716_155355
1752648795.5322795,11736994,3004670464,3004.670464,120,56,90,5,20250716_155355
1752648795.5422635,11737033,3004680448,3004.680448,122,55,91,5,20250716_155355
1752648795.5522478,11737072,3004690432,3004.690432,125,54,93,5,20250716_155355
1752648795.5622318,11737111,3004700416,3004.700416,127,52,94,5,20250716_155355
1752648795.5722158,11737150,3004710400,3004.7104,129,51,95,5,20250716_155355
1752648795.5821996,11737189,3004720384,3004.720384,131,50,96,5,20250716_155355
1752648795.5921836,11737228,3004730368,3004.730368,134,50,97,5,20250716_155355
1752648795.6021676,11737267,3004740352,3004.740352,136,50,98,5,20250716_155355
1752648795.6121516,11737306,3004750336,3004.750336,138,50,99,5,20250716_155355
1752648795.6221356,11737345,3004760320,3004.76032,141,51,99,5,20250716_155355
1752648795.6321197,11737384,3004770304,3004.770304,143,51,100,5,20250716_155355
1752648795.6421037,11737423,3004780288,3004.780288,145,51,101,5,20250716_155355
1752648795.6520877,11737462,3004790272,3004.790272,148,52,102,5,20250716_155355
1752648795.6620717,11737501,3004800256,3004.800256,150,51,104,5,20250716_155355
1752648795.6723118,11737541,3004810496,3004.810496,152,51,105,5,20250716_155355
1752648795.6822958,11737580,3004820480,3004.82048,155,51,106,5,20250716_155355
1752648795.6922796,11737619,3004830464,3004.830464,158,52,107,5,20250716_155355
1752648795.7022636,11737658,3004840448,3004.840448,160,53,109,5,20250716_155355
1752648795.7122476,11737697,3004850432,3004.850432,163,54,111,5,20250716_155355
1752648795.7222316,11737736,3004860416,3004.860416,166,54,114,5,20250716_155355
1752648795.7322156,11737775,3004870400,3004.8704,169,54,117,5,20250716_155355
1752648795.7421997,11737814,3004880384,3004.880384,173,54,121,5,20250716_155355
1752648795.7521837,11737853,3004890368,3004.890368,177,54,127,5,20250716_155355
1752648795.7621677,11737892,3004900352,3004.900352,180,55,132,5,20250716_155355
1752648795.7721517,11737931,3004910336,3004.910336,185,55,141,5,20250716_155355
1752648795.7821355,11737970,3004920320,3004.92032,189,55,150,5,20250716_155355
1752648795.7921195,11738009,3004930304,3004.930304,194,55,158,5,20250716_155355
1752648795.8021038,11738048,3004940288,3004.940288,198,56,160,5,20250716_155355
1752648795.8123436,11738088,3004950528,3004.950528,203,59,160,5,20250716_155355
1752648795.8223276,11738127,3004960512,3004.960512,207,61,161,5,20250716_155355
1752648795.8323116,11738166,3004970496,3004.970496,211,61,162,5,20250716_155355
1752648795.8422956,11738205,3004980480,3004.98048,215,60,164,5,20250716_155355
1752648795.8522797,11738244,3004990464,3004.990464,219,60,164,5,20250716_155355
1752648795.8622637,11738283,3005000448,3005.000448,223,60,165,5,20250716_155355
1752648795.8722477,11738322,3005010432,3005.010432,226,60,164,5,20250716_155355
1752648795.8822317,11738361,3005020416,3005.020416,229,63,165,5,20250716_155355
1752648795.8922155,11738400,3005030400,3005.0304,232,65,166,5,20250716_155355
1752648795.9021995,11738439,3005040384,3005.040384,235,65,164,5,20250716_155355
1752648795.9121838,11738478,3005050368,3005.050368,238,65,166,5,20250716_155355
1752648795.9221678,11738517,3005060352,3005.060352,241,66,166,5,20250716_155355
1752648795.9321518,11738556,3005070336,3005.070336,243,68,166,5,20250716_155355
1752648795.9421356,11738595,3005080320,3005.08032,246,68,166,5,20250716_155355
1752648795.9521196,11738634,3005090304,3005.090304,248,69,165,5,20250716_155355
1752648795.9623597,11738674,3005100544,3005.100544,251,71,165,5,20250716_155355
1752648795.9723437,11738713,3005110528,3005.110528,253,70,164,5,20250716_155355
1752648795.9823277,11738752,3005120512,3005.120512,0,69,165,5,20250716_155355
1752648795.9923117,11738791,3005130496,3005.130496,2,71,164,5,20250716_155355
1752648796.0022955,11738830,3005140480,3005.14048,4,71,164,5,20250716_155355
1752648796.0122795,11738869,3005150464,3005.150464,6,69,163,5,20250716_155355
1752648796.0222638,11738908,3005160448,3005.160448,9,69,162,5,20250716_155355
1752648796.0322478,11738947,3005170432,3005.170432,11,66,160,5,20250716_155355
1752648796.0422318,11738986,3005180416,3005.180416,13,64,160,5,20250716_155355
1752648796.0522156,11739025,3005190400,3005.1904,15,64,158,5,20250716_155355
1752648796.0621996,11739064,3005200384,3005.200384,17,64,157,5,20250716_155355
1752648796.0721836,11739103,3005210368,3005.210368,20,64,155,5,20250716_155355
1752648796.0821676,11739142,3005220352,3005.220352,22,64,152,5,20250716_155355
1752648796.0921516,11739181,3005230336,3005.230336,25,64,150,5,20250716_155355
1752648796.1023915,11739221,3005240576,3005.240576,27,63,147,5,20250716_155355
1752648796.1123755,11739260,3005250560,3005.25056,30,62,143,5,20250716_155355
1752648796.1223598,11739299,3005260544,3005.260544,33,63,140,5,20250716_155355
1752648796.1323438,11739338,3005270528,3005.270528,37,66,137,5,20250716_155355
1752648796.1423278,11739377,3005280512,3005.280512,40,67,134,5,20250716_155355
1752648796.1523118,11739416,3005290496,3005.290496,44,68,131,5,20250716_155355
1752648796.1622956,11739455,3005300480,3005.30048,48,68,127,5,20250716_155355
1752648796.1722796,11739494,3005310464,3005.310464,52,66,127,5,20250716_155355
1752648796.1822636,11739533,3005320448,3005.320448,56,68,123,5,20250716_155355
1752648796.1922476,11739572,3005330432,3005.330432,60,65,120,5,20250716_155355
1752648796.2022316,11739611,3005340416,3005.340416,64,64,117,5,20250716_155355
1752648796.2122157,11739650,3005350400,3005.3504,68,65,112,5,20250716_155355
1752648796.2221997,11739689,3005360384,3005.360384,72,63,108,5,20250716_155355
1752648796.2321837,11739728,3005370368,3005.370368,77,61,106,5,20250716_155355
1752648796.2421677,11739767,3005380352,3005.380352,81,59,103,5,20250716_155355
1752648796.2524078,11739807,3005390592,3005.390592,85,59,101,5,20250716_155355
1752648796.2623918,11739846,3005400576,3005.400576,89,59,99,5,20250716_155355
1752648796.2723756,11739885,3005410560,3005.41056,92,58,97,5,20250716_155355
1752648796.2823596,11739924,3005420544,3005.420544,96,57,95,5,20250716_155355
1752648796.2923436,11739963,3005430528,3005.430528,99,56,92,5,20250716_155355
1752648796.3023276,11740002,3005440512,3005.440512,103,55,90,5,20250716_155355
1752648796.3123116,11740041,3005450496,3005.450496,106,58,90,5,20250716_155355
1752648796.3222957,11740080,3005460480,3005.46048,109,59,91,5,20250716_155355
1752648796.3322797,11740119,3005470464,3005.470464,111,60,92,5,20250716_155355
1752648796.3422637,11740158,3005480448,3005.480448,114,62,93,5,20250716_155355
1752648796.3522477,11740197,3005490432,3005.490432,117,62,92,5,20250716_155355
1752648796.3622315,11740236,3005500416,3005.500416,119,58,92,5,20250716_155355
1752648796.3722155,11740275,3005510400,3005.5104,121,56,91,5,20250716_155355
1752648796.3821998,11740314,3005520384,3005.520384,124,54,93,5,20250716_155355
1752648796.3924396,11740354,3005530624,3005.530624,126,53,94,5,20250716_155355
1752648796.4024236,11740393,3005540608,3005.540608,128,52,95,5,20250716_155355
1752648796.4124076,11740432,3005550592,3005.550592,131,52,96,5,20250716_155355
1752648796.4223917,11740471,3005560576,3005.560576,133,51,96,5,20250716_155355
1752648796.4323757,11740510,3005570560,3005.57056,135,50,98,5,20250716_155355
1752648796.4423597,11740549,3005580544,3005.580544,137,50,99,5,20250716_155355
1752648796.4523437,11740588,3005590528,3005.590528,140,49,100,5,20250716_155355
1752648796.4623277,11740627,3005600512,3005.600512,142,49,101,5,20250716_155355
1752648796.4723115,11740666,3005610496,3005.610496,144,50,102,5,20250716_155355
1752648796.4822958,11740705,3005620480,3005.62048,147,49,102,5,20250716_155355
1752648796.4922798,11740744,3005630464,3005.630464,149,49,103,5,20250716_155355
1752648796.5022638,11740783,3005640448,3005.640448,152,51,104,5,20250716_155355
1752648796.5122478,11740822,3005650432,3005.650432,154,53,104,5,20250716_155355
1752648796.5222316,11740861,3005660416,3005.660416,157,54,106,5,20250716_155355
1752648796.5322156,11740900,3005670400,3005.6704,159,54,107,5,20250716_155355
1752648796.5424557,11740940,3005680640,3005.68064,162,55,110,5,20250716_155355
1752648796.5524397,11740979,3005690624,3005.690624,165,55,110,5,20250716_155355
1752648796.5624237,11741018,3005700608,3005.700608,168,56,115,5,20250716_155355
1752648796.5724075,11741057,3005710592,3005.710592,171,57,118,5,20250716_155355
1752648796.5823915,11741096,3005720576,3005.720576,175,58,121,5,20250716_155355
1752648796.5923758,11741135,3005730560,3005.73056,178,57,125,5,20250716_155355
1752648796.6023598,11741174,3005740544,3005.740544,182,56,131,5,20250716_155355
1752648796.6123438,11741213,3005750528,3005.750528,186,56,140,5,20250716_155355
1752648796.6223278,11741252,3005760512,3005.760512,191,56,149,5,20250716_155355
1752648796.6323116,11741291,3005770496,3005.770496,195,56,157,5,20250716_155355
1752648796.6422956,11741330,3005780480,3005.78048,200,56,161,5,20250716_155355
1752648796.6522796,11741369,3005790464,3005.790464,204,58,159,5,20250716_155355
1752648796.6622636,11741408,3005800448,3005.800448,208,60,160,5,20250716_155355
1752648796.6722476,11741447,3005810432,3005.810432,212,60,161,5,20250716_155355
1752648796.6824875,11741487,3005820672,3005.820672,216,59,165,5,20250716_155355
1752648796.6924715,11741526,3005830656,3005.830656,220,60,166,5,20250716_155355
1752648796.7024558,11741565,3005840640,3005.84064,224,59,165,5,20250716_155355
1752648796.7124398,11741604,3005850624,3005.850624,227,61,166,5,20250716_155355
1752648796.7224238,11741643,3005860608,3005.860608,230,62,166,5,20250716_155355
1752648796.7324078,11741682,3005870592,3005.870592,233,64,166,5,20250716_155355
1752648796.7423916,11741721,3005880576,3005.880576,236,66,166,5,20250716_155355
1752648796.7523756,11741760,3005890560,3005.89056,239,66,167,5,20250716_155355
1752648796.7623596,11741799,3005900544,3005.900544,242,66,167,5,20250716_155355
1752648796.7723436,11741838,3005910528,3005.910528,244,69,166,5,20250716_155355
1752648796.7823277,11741877,3005920512,3005.920512,247,70,166,5,20250716_155355
1752648796.7923117,11741916,3005930496,3005.930496,249,73,166,5,20250716_155355
1752648796.8022957,11741955,3005940480,3005.94048,251,73,165,5,20250716_155355
1752648796.8122797,11741994,3005950464,3005.950464,254,78,165,5,20250716_155355
1752648796.8225198,11742034,3005960704,3005.960704,1,76,164,5,20250716_155355
1752648796.8325038,11742073,3005970688,3005.970688,3,73,164,5,20250716_155355
1752648796.8424876,11742112,3005980672,3005.980672,5,70,164,5,20250716_155355
1752648796.8524716,11742151,3005990656,3005.990656,7,69,163,5,20250716_155355
1752648796.8624556,11742190,3006000640,3006.00064,9,67,161,5,20250716_155355
1752648796.8724396,11742229,3006010624,3006.010624,11,66,159,5,20250716_155355
1752648796.8824236,11742268,3006020608,3006.020608,14,66,158,5,20250716_155355
1752648796.8924077,11742307,3006030592,3006.030592,16,65,157,5,20250716_155355
1752648796.9023917,11742346,3006040576,3006.040576,18,66,155,5,20250716_155355
1752648796.9123757,11742385,3006050560,3006.05056,21,64,153,5,20250716_155355
1752648796.9223597,11742424,3006060544,3006.060544,23,64,151,5,20250716_155355
1752648796.9323435,11742463,3006070528,3006.070528,26,64,148,5,20250716_155355
1752648796.9423275,11742502,3006080512,3006.080512,29,62,145,5,20250716_155355
1752648796.9523118,11742541,3006090496,3006.090496,32,62,142,5,20250716_155355
1752648796.9622958,11742580,3006100480,3006.10048,35,66,139,5,20250716_155355
1752648796.9725356,11742620,3006110720,3006.11072,39,71,136,5,20250716_155355
1752648796.9825196,11742659,3006120704,3006.120704,42,70,132,5,20250716_155355
1752648796.9925036,11742698,3006130688,3006.130688,46,69,129,5,20250716_155355
1752648797.0024877,11742737,3006140672,3006.140672,50,67,127,5,20250716_155355
1752648797.0124717,11742776,3006150656,3006.150656,54,66,124,5,20250716_155355
1752648797.0224557,11742815,3006160640,3006.16064,58,64,122,5,20250716_155355
1752648797.0324397,11742854,3006170624,3006.170624,62,63,119,5,20250716_155355
1752648797.0424235,11742893,3006180608,3006.180608,66,66,115,5,20250716_155355
1752648797.0524075,11742932,3006190592,3006.190592,71,62,111,5,20250716_155355
1752648797.0623918,11742971,3006200576,3006.200576,75,60,107,5,20250716_155355
1752648797.0723758,11743010,3006210560,3006.21056,79,60,105,5,20250716_155355
1752648797.0823598,11743049,3006220544,3006.220544,83,59,101,5,20250716_155355
1752648797.0923438,11743088,3006230528,3006.230528,87,59,99,5,20250716_155355
1752648797.1023276,11743127,3006240512,3006.240512,91,58,98,5,20250716_155355
1752648797.1125677,11743167,3006250752,3006.250752,95,58,94,5,20250716_155355
1752648797.1225517,11743206,3006260736,3006.260736,98,57,94,5,20250716_155355
1752648797.1325357,11743245,3006270720,3006.27072,101,56,92,5,20250716_155355
1752648797.1425197,11743284,3006280704,3006.280704,104,54,91,5,20250716_155355
1752648797.1525035,11743323,3006290688,3006.290688,107,56,90,5,20250716_155355
1752648797.1624875,11743362,3006300672,3006.300672,110,61,91,5,20250716_155355
1752648797.1724718,11743401,3006310656,3006.310656,113,60,90,5,20250716_155355
1752648797.1824558,11743440,3006320640,3006.32064,116,59,89,5,20250716_155355
1752648797.1924398,11743479,3006330624,3006.330624,118,56,91,5,20250716_155355
1752648797.2024236,11743518,3006340608,3006.340608,121,55,92,5,20250716_155355
1752648797.2124076,11743557,3006350592,3006.350592,123,59,92,5,20250716_155355
1752648797.2223916,11743596,3006360576,3006.360576,125,54,93,5,20250716_155355
1752648797.2323756,11743635,3006370560,3006.37056,127,53,94,5,20250716_155355
1752648797.2423596,11743674,3006380544,3006.380544,130,51,95,5,20250716_155355
1752648797.2525997,11743714,3006390784,3006.390784,132,50,95,5,20250716_155355
1752648797.2625835,11743753,3006400768,3006.400768,134,50,97,5,20250716_155355
1752648797.2725675,11743792,3006410752,3006.410752,136,50,97,5,20250716_155355
1752648797.2825518,11743831,3006420736,3006.420736,139,48,98,5,20250716_155355
1752648797.2925358,11743870,3006430720,3006.43072,141,49,99,5,20250716_155355
1752648797.3025198,11743909,3006440704,3006.440704,143,50,100,5,20250716_155355
1752648797.3125036,11743948,3006450688,3006.450688,145,50,101,5,20250716_155355
1752648797.3224876,11743987,3006460672,3006.460672,148,50,102,5,20250716_155355
1752648797.3324716,11744026,3006470656,3006.470656,150,50,103,5,20250716_155355
1752648797.3424556,11744065,3006480640,3006.48064,153,53,104,5,20250716_155355
1752648797.3524396,11744104,3006490624,3006.490624,155,54,106,5,20250716_155355
1752648797.3624237,11744143,3006500608,3006.500608,158,54,107,5,20250716_155355
1752648797.3724077,11744182,3006510592,3006.510592,160,56,108,5,20250716_155355
1752648797.3823917,11744221,3006520576,3006.520576,163,57,110,5,20250716_155355
1752648797.3923757,11744260,3006530560,3006.53056,166,57,112,5,20250716_155355
1752648797.4026158,11744300,3006540800,3006.5408,169,57,116,5,20250716_155355
1752648797.4125998,11744339,3006550784,3006.550784,173,56,118,5,20250716_155355
1752648797.4225836,11744378,3006560768,3006.560768,176,56,124,5,20250716_155355
1752648797.4325676,11744417,3006570752,3006.570752,180,55,127,5,20250716_155355
1752648797.4425516,11744456,3006580736,3006.580736,184,55,134,5,20250716_155355
1752648797.4525356,11744495,3006590720,3006.59072,188,56,143,5,20250716_155355
1752648797.4625196,11744534,3006600704,3006.600704,192,56,152,5,20250716_155355
1752648797.4725037,11744573,3006610688,3006.610688,197,56,159,5,20250716_155355
1752648797.4824877,11744612,3006620672,3006.620672,202,57,160,5,20250716_155355
1752648797.4924717,11744651,3006630656,3006.630656,206,59,160,5,20250716_155355
1752648797.5024557,11744690,3006640640,3006.64064,210,60,160,5,20250716_155355
1752648797.5124395,11744729,3006650624,3006.650624,214,59,162,5,20250716_155355
1752648797.5224235,11744768,3006660608,3006.660608,218,59,164,5,20250716_155355
1752648797.5324078,11744807,3006670592,3006.670592,221,59,164,5,20250716_155355
1752648797.5426476,11744847,3006680832,3006.680832,225,60,164,5,20250716_155355
1752648797.5526316,11744886,3006690816,3006.690816,228,61,165,5,20250716_155355
1752648797.5626156,11744925,3006700800,3006.7008,231,63,165,5,20250716_155355
1752648797.5725996,11744964,3006710784,3006.710784,234,64,165,5,20250716_155355
1752648797.5825837,11745003,3006720768,3006.720768,237,66,165,5,20250716_155355
1752648797.5925677,11745042,3006730752,3006.730752,240,66,165,5,20250716_155355
1752648797.6025517,11745081,3006740736,3006.740736,243,70,166,5,20250716_155355
1752648797.6125357,11745120,3006750720,3006.75072,245,71,166,5,20250716_155355
1752648797.6225195,11745159,3006760704,3006.760704,248,75,166,5,20250716_155355
1752648797.6325035,11745198,3006770688,3006.770688,250,81,166,5,20250716_155355
1752648797.6424878,11745237,3006780672,3006.780672,252,80,166,5,20250716_155355
1752648797.6524718,11745276,3006790656,3006.790656,254,78,165,5,20250716_155355
1752648797.6624558,11745315,3006800640,3006.80064,2,72,165,5,20250716_155355
1752648797.6724396,11745354,3006810624,3006.810624,4,70,164,5,20250716_155355
1752648797.6824236,11745393,3006820608,3006.820608,6,68,165,5,20250716_155355
1752648797.6926637,11745433,3006830848,3006.830848,8,67,163,5,20250716_155355
1752648797.7026477,11745472,3006840832,3006.840832,10,66,162,5,20250716_155355
1752648797.7126317,11745511,3006850816,3006.850816,12,67,161,5,20250716_155355
1752648797.7226157,11745550,3006860800,3006.8608,14,67,160,5,20250716_155355
1752648797.7325995,11745589,3006870784,3006.870784,16,66,159,5,20250716_155355
1752648797.7425838,11745628,3006880768,3006.880768,19,64,158,5,20250716_155355
1752648797.7525678,11745667,3006890752,3006.890752,21,63,156,5,20250716_155355
1752648797.7625518,11745706,3006900736,3006.900736,23,61,155,5,20250716_155355
1752648797.7725358,11745745,3006910720,3006.91072,26,60,153,5,20250716_155355
1752648797.7825196,11745784,3006920704,3006.920704,28,61,149,5,20250716_155355
1752648797.7925036,11745823,3006930688,3006.930688,31,64,146,5,20250716_155355
1752648797.8024876,11745862,3006940672,3006.940672,34,67,142,5,20250716_155355
1752648797.8124716,11745901,3006950656,3006.950656,38,71,140,5,20250716_155355
1752648797.8224556,11745940,3006960640,3006.96064,41,72,136,5,20250716_155355
1752648797.8326955,11745980,3006970880,3006.97088,44,71,133,5,20250716_155355
1752648797.8426795,11746019,3006980864,3006.980864,48,69,129,5,20250716_155355
1752648797.8526638,11746058,3006990848,3006.990848,52,67,127,5,20250716_155355
1752648797.8626478,11746097,3007000832,3007.000832,56,65,126,5,20250716_155355
1752648797.8726318,11746136,3007010816,3007.010816,60,66,122,5,20250716_155355
1752648797.8826158,11746175,3007020800,3007.0208,64,64,118,5,20250716_155355
1752648797.8925996,11746214,3007030784,3007.030784,69,61,114,5,20250716_155355
1752648797.9025836,11746253,3007040768,3007.040768,73,60,111,5,20250716_155355
1752648797.9125676,11746292,3007050752,3007.050752,77,59,108,5,20250716_155355
1752648797.9225516,11746331,3007060736,3007.060736,81,58,104,5,20250716_155355
1752648797.9325356,11746370,3007070720,3007.07072,85,56,102,5,20250716_155355
1752648797.9425197,11746409,3007080704,3007.080704,89,55,99,5,20250716_155355
1752648797.9525037,11746448,3007090688,3007.090688,93,55,97,5,20250716_155355
1752648797.9624877,11746487,3007100672,3007.100672,96,56,94,5,20250716_155355
1752648797.9727278,11746527,3007110912,3007.110912,100,59,92,5,20250716_155355
1752648797.9827118,11746566,3007120896,3007.120896,103,59,91,5,20250716_155355
1752648797.9926958,11746605,3007130880,3007.13088,106,62,90,5,20250716_155355
1752648798.0026796,11746644,3007140864,3007.140864,109,60,91,5,20250716_155355
1752648798.0126636,11746683,3007150848,3007.150848,112,59,91,5,20250716_155355
1752648798.0226476,11746722,3007160832,3007.160832,114,57,89,5,20250716_155355
1752648798.0326316,11746761,3007170816,3007.170816,117,59,90,5,20250716_155355
1752648798.0426157,11746800,3007180800,3007.1808,119,59,91,5,20250716_155355
1752648798.0525997,11746839,3007190784,3007.190784,122,54,92,5,20250716_155355
1752648798.0625837,11746878,3007200768,3007.200768,124,52,93,5,20250716_155355
1752648798.0725677,11746917,3007210752,3007.210752,126,50,94,5,20250716_155355
1752648798.0825517,11746956,3007220736,3007.220736,128,50,94,5,20250716_155355
1752648798.0925355,11746995,3007230720,3007.23072,131,50,95,5,20250716_155355
1752648798.1025198,11747034,3007240704,3007.240704,133,50,96,5,20250716_155355
1752648798.1125038,11747073,3007250688,3007.250688,135,51,98,5,20250716_155355
1752648798.1227436,11747113,3007260928,3007.260928,137,51,98,5,20250716_155355
1752648798.1327276,11747152,3007270912,3007.270912,140,51,99,5,20250716_155355
1752648798.1427116,11747191,3007280896,3007.280896,142,52,100,5,20250716_155355
1752648798.1526957,11747230,3007290880,3007.29088,144,51,100,5,20250716_155355
1752648798.1626797,11747269,3007300864,3007.300864,147,51,102,5,20250716_155355
1752648798.1726637,11747308,3007310848,3007.310848,149,53,104,5,20250716_155355
1752648798.1826477,11747347,3007320832,3007.320832,152,54,105,5,20250716_155355
1752648798.1926315,11747386,3007330816,3007.330816,154,55,106,5,20250716_155355
1752648798.2026155,11747425,3007340800,3007.3408,157,56,107,5,20250716_155355
1752648798.2125998,11747464,3007350784,3007.350784,159,56,110,5,20250716_155355
1752648798.2225838,11747503,3007360768,3007.360768,162,56,110,5,20250716_155355
1752648798.2325678,11747542,3007370752,3007.370752,165,55,113,5,20250716_155355
1752648798.2425518,11747581,3007380736,3007.380736,168,55,116,5,20250716_155355
1752648798.2525356,11747620,3007390720,3007.39072,172,54,119,5,20250716_155355
1752648798.2627757,11747660,3007400960,3007.40096,175,54,123,5,20250716_155355
1752648798.2727597,11747699,3007410944,3007.410944,179,54,127,5,20250716_155355
1752648798.2827437,11747738,3007420928,3007.420928,183,54,136,5,20250716_155355
1752648798.2927277,11747777,3007430912,3007.430912,187,55,146,5,20250716_155355
1752648798.3027115,11747816,3007440896,3007.440896,192,55,154,5,20250716_155355
1752648798.3126955,11747855,3007450880,3007.45088,196,55,159,5,20250716_155355
1752648798.3226798,11747894,3007460864,3007.460864,201,56,160,5,20250716_155355
1752648798.3326638,11747933,3007470848,3007.470848,205,58,161,5,20250716_155355
1752648798.3426478,11747972,3007480832,3007.480832,209,59,162,5,20250716_155355
1752648798.3526318,11748011,3007490816,3007.490816,213,59,164,5,20250716_155355
1752648798.3626156,11748050,3007500800,3007.5008,217,59,166,5,20250716_155355
1752648798.3725996,11748089,3007510784,3007.510784,221,59,165,5,20250716_155355
1752648798.3825836,11748128,3007520768,3007.520768,224,59,166,5,20250716_155355
1752648798.3925676,11748167,3007530752,3007.530752,228,60,166,5,20250716_155355
1752648798.4025517,11748206,3007540736,3007.540736,231,63,166,5,20250716_155355
1752648798.4127915,11748246,3007550976,3007.550976,234,65,166,5,20250716_155355
1752648798.4227755,11748285,3007560960,3007.56096,237,67,166,5,20250716_155355
1752648798.4327598,11748324,3007570944,3007.570944,240,68,166,5,20250716_155355
1752648798.4427438,11748363,3007580928,3007.580928,242,69,166,5,20250716_155355
1752648798.4527278,11748402,3007590912,3007.590912,245,73,165,5,20250716_155355
1752648798.4627116,11748441,3007600896,3007.600896,247,76,163,5,20250716_155355
1752648798.4726956,11748480,3007610880,3007.61088,250,81,164,5,20250716_155355
1752648798.4826796,11748519,3007620864,3007.620864,252,75,164,5,20250716_155355
1752648798.4926636,11748558,3007630848,3007.630848,254,72,163,5,20250716_155355
1752648798.5026476,11748597,3007640832,3007.640832,2,68,162,5,20250716_155355
1752648798.5126317,11748636,3007650816,3007.650816,4,69,161,5,20250716_155355
1752648798.5226157,11748675,3007660800,3007.6608,6,69,159,5,20250716_155355
1752648798.5325997,11748714,3007670784,3007.670784,9,69,158,5,20250716_155355
1752648798.5425837,11748753,3007680768,3007.680768,11,68,157,5,20250716_155355
1752648798.5528238,11748793,3007691008,3007.691008,13,68,155,5,20250716_155355
1752648798.5628078,11748832,3007700992,3007.700992,16,67,154,5,20250716_155355
1752648798.5727916,11748871,3007710976,3007.710976,18,64,153,5,20250716_155355
1752648798.5827756,11748910,3007720960,3007.72096,21,62,150,5,20250716_155355
1752648798.5927596,11748949,3007730944,3007.730944,24,64,148,5,20250716_155355
1752648798.6027436,11748988,3007740928,3007.740928,27,64,145,5,20250716_155355
1752648798.6127276,11749027,3007750912,3007.750912,30,67,141,5,20250716_155355
1752648798.6227117,11749066,3007760896,3007.760896,33,66,138,5,20250716_155355
1752648798.6326957,11749105,3007770880,3007.77088,36,64,136,5,20250716_155355
1752648798.6426797,11749144,3007780864,3007.780864,40,63,133,5,20250716_155355
1752648798.6526637,11749183,3007790848,3007.790848,44,63,130,5,20250716_155355
1752648798.6626475,11749222,3007800832,3007.800832,48,63,127,5,20250716_155355
1752648798.6726315,11749261,3007810816,3007.810816,52,66,125,5,20250716_155355
1752648798.6826158,11749300,3007820800,3007.8208,56,70,121,5,20250716_155355
1752648798.6925998,11749339,3007830784,3007.830784,60,71,118,5,20250716_155355
1752648798.7028396,11749379,3007841024,3007.841024,64,69,115,5,20250716_155355
1752648798.7128236,11749418,3007851008,3007.851008,68,68,111,5,20250716_155355
1752648798.7228076,11749457,3007860992,3007.860992,73,65,107,5,20250716_155355
1752648798.7327917,11749496,3007870976,3007.870976,77,63,105,5,20250716_155355
1752648798.7427757,11749535,3007880960,3007.88096,81,62,102,5,20250716_155355
1752648798.7527597,11749574,3007890944,3007.890944,85,62,99,5,20250716_155355
1752648798.7627437,11749613,3007900928,3007.900928,89,62,96,5,20250716_155355
1752648798.7727275,11749652,3007910912,3007.910912,93,60,94,5,20250716_155355
1752648798.7827115,11749691,3007920896,3007.920896,96,58,93,5,20250716_155355
1752648798.7926958,11749730,3007930880,3007.93088,100,57,91,5,20250716_155355
1752648798.8026798,11749769,3007940864,3007.940864,103,55,90,5,20250716_155355
1752648798.8126638,11749808,3007950848,3007.950848,106,53,91,5,20250716_155355
1752648798.8226478,11749847,3007960832,3007.960832,109,53,89,5,20250716_155355
1752648798.8326316,11749886,3007970816,3007.970816,112,54,89,5,20250716_155355
1752648798.8428717,11749926,3007981056,3007.981056,114,60,91,5,20250716_155355
1752648798.8528557,11749965,3007991040,3007.99104,117,60,92,5,20250716_155355
1752648798.8628397,11750004,3008001024,3008.001024,119,57,92,5,20250716_155355
1752648798.8728237,11750043,3008011008,3008.011008,122,56,92,5,20250716_155355
1752648798.8828075,11750082,3008020992,3008.020992,124,58,93,5,20250716_155355
1752648798.8927915,11750121,3008030976,3008.030976,126,58,94,5,20250716_155355
1752648798.9027758,11750160,3008040960,3008.04096,129,55,95,5,20250716_155355
1752648798.9127598,11750199,3008050944,3008.050944,131,54,94,5,20250716_155355
1752648798.9227438,11750238,3008060928,3008.060928,133,52,97,5,20250716_155355
1752648798.9327276,11750277,3008070912,3008.070912,135,51,98,5,20250716_155355
1752648798.9427116,11750316,3008080896,3008.080896,138,50,99,5,20250716_155355
1752648798.9526956,11750355,3008090880,3008.09088,140,49,99,5,20250716_155355
1752648798.9626796,11750394,3008100864,3008.100864,142,49,101,5,20250716_155355
1752648798.9726636,11750433,3008110848,3008.110848,145,49,102,5,20250716_155355
1752648798.9829037,11750473,3008121088,3008.121088,147,50,103,5,20250716_155355
1752648798.9928875,11750512,3008131072,3008.131072,149,50,104,5,20250716_155355
1752648799.0028718,11750551,3008141056,3008.141056,152,51,104,5,20250716_155355
1752648799.0128558,11750590,3008151040,3008.15104,154,52,105,5,20250716_155355
1752648799.0228398,11750629,3008161024,3008.161024,157,54,107,5,20250716_155355
1752648799.0328238,11750668,3008171008,3008.171008,160,55,108,5,20250716_155355
1752648799.0428076,11750707,3008180992,3008.180992,163,56,110,5,20250716_155355
1752648799.0527916,11750746,3008190976,3008.190976,166,57,112,5,20250716_155355
1752648799.0627756,11750785,3008200960,3008.20096,169,57,115,5,20250716_155355
1752648799.0727596,11750824,3008210944,3008.210944,172,58,119,5,20250716_155355
1752648799.0827436,11750863,3008220928,3008.220928,175,57,123,5,20250716_155355
1752648799.0927277,11750902,3008230912,3008.230912,179,57,127,5,20250716_155355
1752648799.1027117,11750941,3008240896,3008.240896,183,56,134,5,20250716_155355
1752648799.1126957,11750980,3008250880,3008.25088,187,56,142,5,20250716_155355
1752648799.1226797,11751019,3008260864,3008.260864,192,56,150,5,20250716_155355
1752648799.1329198,11751059,3008271104,3008.271104,196,57,157,5,20250716_155355
1752648799.1429038,11751098,3008281088,3008.281088,201,58,160,5,20250716_155355
1752648799.1528876,11751137,3008291072,3008.291072,205,61,160,5,20250716_155355
1752648799.1628716,11751176,3008301056,3008.301056,209,62,160,5,20250716_155355
1752648799.1728556,11751215,3008311040,3008.31104,213,63,161,5,20250716_155355
1752648799.1828396,11751254,3008321024,3008.321024,217,61,165,5,20250716_155355
1752648799.1928236,11751293,3008331008,3008.331008,221,61,166,5,20250716_155355
1752648799.2028077,11751332,3008340992,3008.340992,224,61,165,5,20250716_155355
1752648799.2127917,11751371,3008350976,3008.350976,228,61,166,5,20250716_155355
1752648799.2227757,11751410,3008360960,3008.36096,231,63,166,5,20250716_155355
1752648799.2327597,11751449,3008370944,3008.370944,234,65,166,5,20250716_155355
1752648799.2427435,11751488,3008380928,3008.380928,237,67,166,5,20250716_155355
1752648799.2527275,11751527,3008390912,3008.390912,239,68,167,5,20250716_155355
1752648799.2627118,11751566,3008400896,3008.400896,242,70,166,5,20250716_155355
1752648799.2729516,11751606,3008411136,3008.411136,245,71,166,5,20250716_155355
1752648799.2829356,11751645,3008421120,3008.42112,247,71,166,5,20250716_155355
1752648799.2929196,11751684,3008431104,3008.431104,249,72,164,5,20250716_155355
1752648799.3029037,11751723,3008441088,3008.441088,252,73,165,5,20250716_155355
1752648799.3128877,11751762,3008451072,3008.451072,254,75,165,5,20250716_155355
1752648799.3228717,11751801,3008461056,3008.461056,1,81,165,5,20250716_155355
1752648799.3328557,11751840,3008471040,3008.47104,3,74,164,5,20250716_155355
1752648799.3428397,11751879,3008481024,3008.481024,5,72,164,5,20250716_155355
1752648799.3528235,11751918,3008491008,3008.491008,8,71,162,5,20250716_155355
1752648799.3628078,11751957,3008500992,3008.500992,10,69,161,5,20250716_155355
1752648799.3727918,11751996,3008510976,3008.510976,12,68,159,5,20250716_155355
1752648799.3827758,11752035,3008520960,3008.52096,14,68,159,5,20250716_155355
1752648799.3927598,11752074,3008530944,3008.530944,17,68,156,5,20250716_155355
1752648799.4027436,11752113,3008540928,3008.540928,19,67,155,5,20250716_155355
1752648799.4129837,11752153,3008551168,3008.551168,21,66,153,5,20250716_155355
1752648799.4229677,11752192,3008561152,3008.561152,24,66,151,5,20250716_155355
1752648799.4329517,11752231,3008571136,3008.571136,27,65,148,5,20250716_155355
1752648799.4429357,11752270,3008581120,3008.58112,30,63,144,5,20250716_155355
1752648799.4529195,11752309,3008591104,3008.591104,33,65,141,5,20250716_155355
1752648799.4629035,11752348,3008601088,3008.601088,36,64,137,5,20250716_155355
1752648799.4728878,11752387,3008611072,3008.611072,40,65,134,5,20250716_155355
1752648799.4828718,11752426,3008621056,3008.621056,43,68,130,5,20250716_155355
1752648799.4928558,11752465,3008631040,3008.63104,47,69,127,5,20250716_155355
1752648799.5030956,11752505,3008641280,3008.64128,51,69,126,5,20250716_155355
1752648799.5130796,11752544,3008651264,3008.651264,55,68,123,5,20250716_155355
1752648799.5230637,11752583,3008661248,3008.661248,59,68,120,5,20250716_155355
1752648799.5330477,11752622,3008671232,3008.671232,64,66,117,5,20250716_155355
1752648799.5430317,11752661,3008681216,3008.681216,68,67,112,5,20250716_155355
1752648799.5530157,11752700,3008691200,3008.6912,72,67,108,5,20250716_155355
1752648799.5629995,11752739,3008701184,3008.701184,76,62,106,5,20250716_155355
1752648799.5729835,11752778,3008711168,3008.711168,81,59,103,5,20250716_155355
1752648799.5829678,11752817,3008721152,3008.721152,85,60,100,5,20250716_155355
1752648799.5932076,11752857,3008731392,3008.731392,89,59,98,5,20250716_155355
1752648799.6031916,11752896,3008741376,3008.741376,92,60,96,5,20250716_155355
1752648799.6131756,11752935,3008751360,3008.75136,96,59,94,5,20250716_155355
1752648799.6231596,11752974,3008761344,3008.761344,99,58,92,5,20250716_155355
1752648799.6331437,11753013,3008771328,3008.771328,102,57,90,5,20250716_155355
1752648799.6431277,11753052,3008781312,3008.781312,105,57,90,5,20250716_155355
1752648799.6531117,11753091,3008791296,3008.791296,108,58,91,5,20250716_155355
1752648799.6633518,11753131,3008801536,3008.801536,111,67,92,5,20250716_155355
1752648799.6733358,11753170,3008811520,3008.81152,114,62,92,5,20250716_155355
1752648799.6833198,11753209,3008821504,3008.821504,116,60,92,5,20250716_155355
1752648799.6933036,11753248,3008831488,3008.831488,119,59,91,5,20250716_155355
1752648799.7032876,11753287,3008841472,3008.841472,121,58,93,5,20250716_155355
1752648799.7132716,11753326,3008851456,3008.851456,124,55,93,5,20250716_155355
1752648799.7232556,11753365,3008861440,3008.86144,126,54,94,5,20250716_155355
1752648799.7334957,11753405,3008871680,3008.87168,128,55,95,5,20250716_155355
1752648799.7434795,11753444,3008881664,3008.881664,131,54,96,5,20250716_155355
1752648799.7534635,11753483,3008891648,3008.891648,133,52,96,5,20250716_155355
1752648799.7634478,11753522,3008901632,3008.901632,135,51,97,5,20250716_155355
1752648799.7734318,11753561,3008911616,3008.911616,137,51,98,5,20250716_155355
1752648799.7834158,11753600,3008921600,3008.9216,140,50,99,5,20250716_155355
1752648799.7933996,11753639,3008931584,3008.931584,142,51,100,5,20250716_155355
1752648799.8036397,11753679,3008941824,3008.941824,144,53,101,5,20250716_155355
1752648799.8136237,11753718,3008951808,3008.951808,147,55,102,5,20250716_155355
1752648799.8236077,11753757,3008961792,3008.961792,149,54,103,5,20250716_155355
1752648799.8335917,11753796,3008971776,3008.971776,151,53,104,5,20250716_155355
1752648799.8435757,11753835,3008981760,3008.98176,154,52,105,5,20250716_155355
1752648799.8535595,11753874,3008991744,3008.991744,157,53,106,5,20250716_155355
1752648799.8635435,11753913,3009001728,3009.001728,159,53,108,5,20250716_155355
1752648799.8735278,11753952,3009011712,3009.011712,162,54,110,5,20250716_155355
1752648799.8835118,11753991,3009021696,3009.021696,165,56,112,5,20250716_155355
1752648799.8937516,11754031,3009031936,3009.031936,168,56,115,5,20250716_155355
1752648799.9037356,11754070,3009041920,3009.04192,172,56,119,5,20250716_155355
1752648799.9137197,11754109,3009051904,3009.051904,175,57,123,5,20250716_155355
1752648799.9237037,11754148,3009061888,3009.061888,179,56,128,5,20250716_155355
1752648799.9336877,11754187,3009071872,3009.071872,183,56,135,5,20250716_155355
1752648799.9436717,11754226,3009081856,3009.081856,187,57,145,5,20250716_155355
1752648799.9536555,11754265,3009091840,3009.09184,192,57,151,5,20250716_155355
1752648799.9636395,11754304,3009101824,3009.101824,196,57,158,5,20250716_155355
1752648799.9736238,11754343,3009111808,3009.111808,201,59,161,5,20250716_155355
1752648799.9836078,11754382,3009121792,3009.121792,205,62,161,5,20250716_155355
1752648799.9935918,11754421,3009131776,3009.131776,209,64,160,5,20250716_155355
1752648800.0035758,11754460,3009141760,3009.14176,213,64,162,5,20250716_155355
1752648800.0135596,11754499,3009151744,3009.151744,217,64,164,5,20250716_155355
1752648800.0235436,11754538,3009161728,3009.161728,221,63,164,5,20250716_155355
1752648800.0337837,11754578,3009171968,3009.171968,224,61,164,5,20250716_155355
1752648800.0437677,11754617,3009181952,3009.181952,228,61,165,5,20250716_155355
1752648800.0537517,11754656,3009191936,3009.191936,231,65,166,5,20250716_155355
1752648800.0637355,11754695,3009201920,3009.20192,234,66,166,5,20250716_155355
1752648800.0737195,11754734,3009211904,3009.211904,237,68,165,5,20250716_155355
1752648800.0837038,11754773,3009221888,3009.221888,240,68,164,5,20250716_155355
1752648800.0936878,11754812,3009231872,3009.231872,242,69,165,5,20250716_155355
1752648800.1036718,11754851,3009241856,3009.241856,245,72,165,5,20250716_155355
1752648800.1136558,11754890,3009251840,3009.25184,247,76,164,5,20250716_155355
1752648800.1236396,11754929,3009261824,3009.261824,250,74,164,5,20250716_155355
1752648800.1336236,11754968,3009271808,3009.271808,252,76,164,5,20250716_155355
1752648800.1436076,11755007,3009281792,3009.281792,254,73,163,5,20250716_155355
1752648800.1535916,11755046,3009291776,3009.291776,1,73,162,5,20250716_155355
1752648800.1635756,11755085,3009301760,3009.30176,4,73,161,5,20250716_155355
1752648800.1735597,11755124,3009311744,3009.311744,6,72,160,5,20250716_155355
1752648800.1837995,11755164,3009321984,3009.321984,8,71,156,5,20250716_155355
1752648800.1937838,11755203,3009331968,3009.331968,11,69,156,5,20250716_155355
1752648800.2037678,11755242,3009341952,3009.341952,13,70,154,5,20250716_155355
1752648800.2137518,11755281,3009351936,3009.351936,16,67,152,5,20250716_155355
1752648800.2237358,11755320,3009361920,3009.36192,18,67,151,5,20250716_155355
1752648800.2337196,11755359,3009371904,3009.371904,21,66,150,5,20250716_155355
1752648800.2437036,11755398,3009381888,3009.381888,24,65,148,5,20250716_155355
1752648800.2536876,11755437,3009391872,3009.391872,27,66,147,5,20250716_155355
1752648800.2636716,11755476,3009401856,3009.401856,29,66,144,5,20250716_155355
1752648800.2736557,11755515,3009411840,3009.41184,33,67,141,5,20250716_155355
1752648800.2836397,11755554,3009421824,3009.421824,36,64,137,5,20250716_155355
1752648800.2936237,11755593,3009431808,3009.431808,39,63,135,5,20250716_155355
1752648800.3036077,11755632,3009441792,3009.441792,43,67,131,5,20250716_155355
1752648800.3135917,11755671,3009451776,3009.451776,47,69,128,5,20250716_155355
1752648800.3238318,11755711,3009462016,3009.462016,51,70,126,5,20250716_155355
1752648800.3338156,11755750,3009472000,3009.472,55,71,122,5,20250716_155355
1752648800.3437996,11755789,3009481984,3009.481984,59,70,118,5,20250716_155355
1752648800.3537836,11755828,3009491968,3009.491968,63,70,114,5,20250716_155355
1752648800.3637676,11755867,3009501952,3009.501952,68,70,110,5,20250716_155355
1752648800.3737516,11755906,3009511936,3009.511936,72,66,107,5,20250716_155355
1752648800.3837357,11755945,3009521920,3009.52192,76,63,103,5,20250716_155355
1752648800.3937197,11755984,3009531904,3009.531904,81,62,101,5,20250716_155355
1752648800.4037037,11756023,3009541888,3009.541888,85,58,98,5,20250716_155355
1752648800.4136877,11756062,3009551872,3009.551872,88,56,96,5,20250716_155355
1752648800.4236715,11756101,3009561856,3009.561856,92,56,94,5,20250716_155355
1752648800.4336555,11756140,3009571840,3009.57184,96,57,93,5,20250716_155355
1752648800.4436398,11756179,3009581824,3009.581824,99,58,91,5,20250716_155355
1752648800.4536238,11756218,3009591808,3009.591808,102,59,90,5,20250716_155355
1752648800.4638636,11756258,3009602048,3009.602048,105,57,90,5,20250716_155355
1752648800.4738476,11756297,3009612032,3009.612032,108,55,90,5,20250716_155355
1752648800.4838316,11756336,3009622016,3009.622016,111,55,88,5,20250716_155355
1752648800.4938157,11756375,3009632000,3009.632,114,58,91,5,20250716_155355
1752648800.5037997,11756414,3009641984,3009.641984,116,60,90,5,20250716_155355
1752648800.5137837,11756453,3009651968,3009.651968,119,61,90,5,20250716_155355
1752648800.5237677,11756492,3009661952,3009.661952,121,60,91,5,20250716_155355
1752648800.5337515,11756531,3009671936,3009.671936,124,60,92,5,20250716_155355
1752648800.5437355,11756570,3009681920,3009.68192,126,57,93,5,20250716_155355
1752648800.5537198,11756609,3009691904,3009.691904,128,55,94,5,20250716_155355
1752648800.5637038,11756648,3009701888,3009.701888,130,58,94,5,20250716_155355
1752648800.5739436,11756688,3009712128,3009.712128,133,57,95,5,20250716_155355
1752648800.5839276,11756727,3009722112,3009.722112,135,55,96,5,20250716_155355
1752648800.5939116,11756766,3009732096,3009.732096,137,53,97,5,20250716_155355
1752648800.6038957,11756805,3009742080,3009.74208,139,51,98,5,20250716_155355
1752648800.6138797,11756844,3009752064,3009.752064,141,51,99,5,20250716_155355
1752648800.6238637,11756883,3009762048,3009.762048,144,51,100,5,20250716_155355
1752648800.6338477,11756922,3009772032,3009.772032,146,52,101,5,20250716_155355
1752648800.6438315,11756961,3009782016,3009.782016,148,53,102,5,20250716_155355
1752648800.6538155,11757000,3009792000,3009.792,151,53,103,5,20250716_155355
1752648800.6637998,11757039,3009801984,3009.801984,153,54,105,5,20250716_155355
1752648800.6737838,11757078,3009811968,3009.811968,156,53,108,5,20250716_155355
1752648800.6837678,11757117,3009821952,3009.821952,159,53,109,5,20250716_155355
1752648800.6937516,11757156,3009831936,3009.831936,161,55,111,5,20250716_155355
1752648800.7037356,11757195,3009841920,3009.84192,164,57,113,5,20250716_155355
1752648800.7139757,11757235,3009852160,3009.85216,167,57,115,5,20250716_155355
1752648800.7239597,11757274,3009862144,3009.862144,171,57,118,5,20250716_155355
1752648800.7339437,11757313,3009872128,3009.872128,174,57,122,5,20250716_155355
1752648800.7439277,11757352,3009882112,3009.882112,178,56,126,5,20250716_155355
1752648800.7539115,11757391,3009892096,3009.892096,182,56,131,5,20250716_155355
1752648800.7638958,11757430,3009902080,3009.90208,186,56,141,5,20250716_155355
1752648800.7738798,11757469,3009912064,3009.912064,190,57,148,5,20250716_155355
1752648800.7838638,11757508,3009922048,3009.922048,195,58,155,5,20250716_155355
1752648800.7938478,11757547,3009932032,3009.932032,199,59,160,5,20250716_155355
1752648800.8038316,11757586,3009942016,3009.942016,204,61,160,5,20250716_155355
1752648800.8138156,11757625,3009952000,3009.952,208,61,161,5,20250716_155355
1752648800.8237996,11757664,3009961984,3009.961984,212,61,162,5,20250716_155355
1752648800.8337836,11757703,3009971968,3009.971968,216,60,163,5,20250716_155355
1752648800.8437676,11757742,3009981952,3009.981952,220,60,164,5,20250716_155355
1752648800.8537517,11757781,3009991936,3009.991936,223,60,164,5,20250716_155355
1752648800.8639915,11757821,3010002176,3010.002176,227,61,164,5,20250716_155355
1752648800.8739758,11757860,3010012160,3010.01216,230,62,164,5,20250716_155355
1752648800.8839598,11757899,3010022144,3010.022144,233,64,165,5,20250716_155355
1752648800.8939438,11757938,3010032128,3010.032128,236,66,166,5,20250716_155355
1752648800.9039278,11757977,3010042112,3010.042112,239,67,165,5,20250716_155355
1752648800.9139116,11758016,3010052096,3010.052096,241,69,166,5,20250716_155355
1752648800.9238956,11758055,3010062080,3010.06208,244,75,165,5,20250716_155355
1752648800.9338796,11758094,3010072064,3010.072064,246,76,165,5,20250716_155355
1752648800.9438636,11758133,3010082048,3010.082048,249,73,164,5,20250716_155355
1752648800.9538476,11758172,3010092032,3010.092032,251,75,164,5,20250716_155355
1752648800.9638317,11758211,3010102016,3010.102016,253,74,164,5,20250716_155355
1752648800.9738157,11758250,3010112000,3010.112,1,72,163,5,20250716_155355
1752648800.9837997,11758289,3010121984,3010.121984,3,72,163,5,20250716_155355
1752648800.9937837,11758328,3010131968,3010.131968,5,70,162,5,20250716_155355
1752648801.0037675,11758367,3010141952,3010.141952,7,69,161,5,20250716_155355
1752648801.0140078,11758407,3010152192,3010.152192,9,68,159,5,20250716_155355
1752648801.0239916,11758446,3010162176,3010.162176,12,67,158,5,20250716_155355
1752648801.0339756,11758485,3010172160,3010.17216,14,68,156,5,20250716_155355
1752648801.0439596,11758524,3010182144,3010.182144,16,66,155,5,20250716_155355
1752648801.0539436,11758563,3010192128,3010.192128,19,65,154,5,20250716_155355
1752648801.0639277,11758602,3010202112,3010.202112,21,65,152,5,20250716_155355
1752648801.0739117,11758641,3010212096,3010.212096,24,66,152,5,20250716_155355
1752648801.0838957,11758680,3010222080,3010.22208,26,65,150,5,20250716_155355
1752648801.0938797,11758719,3010232064,3010.232064,29,64,147,5,20250716_155355
1752648801.1038637,11758758,3010242048,3010.242048,32,61,146,5,20250716_155355
1752648801.1138475,11758797,3010252032,3010.252032,35,61,142,5,20250716_155355
1752648801.1238315,11758836,3010262016,3010.262016,38,64,139,5,20250716_155355
1752648801.1338158,11758875,3010272000,3010.272,42,68,135,5,20250716_155355
1752648801.1437998,11758914,3010281984,3010.281984,45,68,131,5,20250716_155355
1752648801.1537838,11758953,3010291968,3010.291968,49,69,127,5,20250716_155355
1752648801.1640236,11758993,3010302208,3010.302208,53,68,125,5,20250716_155355
1752648801.1740077,11759032,3010312192,3010.312192,57,68,122,5,20250716_155355
1752648801.1839917,11759071,3010322176,3010.322176,61,66,120,5,20250716_155355
1752648801.1939757,11759110,3010332160,3010.33216,65,65,116,5,20250716_155355
1752648801.2039597,11759149,3010342144,3010.342144,70,65,111,5,20250716_155355
1752648801.2139435,11759188,3010352128,3010.352128,74,66,107,5,20250716_155355
1752648801.2239275,11759227,3010362112,3010.362112,78,63,104,5,20250716_155355
1752648801.2339118,11759266,3010372096,3010.372096,82,62,102,5,20250716_155355
1752648801.2438958,11759305,3010382080,3010.38208,86,60,98,5,20250716_155355
1752648801.2538798,11759344,3010392064,3010.392064,90,57,96,5,20250716_155355
1752648801.2638638,11759383,3010402048,3010.402048,94,55,94,5,20250716_155355
1752648801.2738476,11759422,3010412032,3010.412032,97,54,93,5,20250716_155355
1752648801.2838316,11759461,3010422016,3010.422016,100,52,91,5,20250716_155355
1752648801.2938156,11759500,3010432000,3010.432,104,52,90,5,20250716_155355
1752648801.3040557,11759540,3010442240,3010.44224,107,53,89,5,20250716_155355
1752648801.3140397,11759579,3010452224,3010.452224,109,55,90,5,20250716_155355
1752648801.3240235,11759618,3010462208,3010.462208,112,57,90,5,20250716_155355
1752648801.3340075,11759657,3010472192,3010.472192,115,57,91,5,20250716_155355
1752648801.3439918,11759696,3010482176,3010.482176,117,56,91,5,20250716_155355
1752648801.3539758,11759735,3010492160,3010.49216,120,55,92,5,20250716_155355
1752648801.3639598,11759774,3010502144,3010.502144,122,54,92,5,20250716_155355
1752648801.3739438,11759813,3010512128,3010.512128,125,53,93,5,20250716_155355
1752648801.3839276,11759852,3010522112,3010.522112,127,56,93,5,20250716_155355
1752648801.3939116,11759891,3010532096,3010.532096,129,55,94,5,20250716_155355
1752648801.4038956,11759930,3010542080,3010.54208,131,53,95,5,20250716_155355
1752648801.4138796,11759969,3010552064,3010.552064,133,53,96,5,20250716_155355
1752648801.4238636,11760008,3010562048,3010.562048,136,52,97,5,20250716_155355
1752648801.4338477,11760047,3010572032,3010.572032,138,53,98,5,20250716_155355
1752648801.4440875,11760087,3010582272,3010.582272,140,53,99,5,20250716_155355
1752648801.4540718,11760126,3010592256,3010.592256,143,53,100,5,20250716_155355
1752648801.4640558,11760165,3010602240,3010.60224,145,53,101,5,20250716_155355
1752648801.4740398,11760204,3010612224,3010.612224,147,53,102,5,20250716_155355
1752648801.4840238,11760243,3010622208,3010.622208,150,52,103,5,20250716_155355
1752648801.4940076,11760282,3010632192,3010.632192,152,52,105,5,20250716_155355
1752648801.5039916,11760321,3010642176,3010.642176,155,53,107,5,20250716_155355
1752648801.5139756,11760360,3010652160,3010.65216,157,54,109,5,20250716_155355
1752648801.5239596,11760399,3010662144,3010.662144,160,55,111,5,20250716_155355
1752648801.5339437,11760438,3010672128,3010.672128,163,55,113,5,20250716_155355
1752648801.5439277,11760477,3010682112,3010.682112,166,55,116,5,20250716_155355
1752648801.5539117,11760516,3010692096,3010.692096,170,56,119,5,20250716_155355
1752648801.5638957,11760555,3010702080,3010.70208,173,58,124,5,20250716_155355
1752648801.5738797,11760594,3010712064,3010.712064,177,58,127,5,20250716_155355
1752648801.5838635,11760633,3010722048,3010.722048,181,57,136,5,20250716_155355
1752648801.5941036,11760673,3010732288,3010.732288,185,57,145,5,20250716_155355
1752648801.6040876,11760712,3010742272,3010.742272,190,58,151,5,20250716_155355
1752648801.6140716,11760751,3010752256,3010.752256,195,59,157,5,20250716_155355
1752648801.6240556,11760790,3010762240,3010.76224,199,59,159,5,20250716_155355
1752648801.6340396,11760829,3010772224,3010.772224,204,59,160,5,20250716_155355
1752648801.6440237,11760868,3010782208,3010.782208,208,58,162,5,20250716_155355
1752648801.6540077,11760907,3010792192,3010.792192,212,57,161,5,20250716_155355
1752648801.6639917,11760946,3010802176,3010.802176,216,57,163,5,20250716_155355
1752648801.6739757,11760985,3010812160,3010.81216,220,58,164,5,20250716_155355
1752648801.6839595,11761024,3010822144,3010.822144,223,58,164,5,20250716_155355
1752648801.6939435,11761063,3010832128,3010.832128,227,60,165,5,20250716_155355
1752648801.7039278,11761102,3010842112,3010.842112,230,61,165,5,20250716_155355
1752648801.7139118,11761141,3010852096,3010.852096,233,64,166,5,20250716_155355
1752648801.7238958,11761180,3010862080,3010.86208,236,67,165,5,20250716_155355
1752648801.7341356,11761220,3010872320,3010.87232,239,65,164,5,20250716_155355
1752648801.7441196,11761259,3010882304,3010.882304,241,70,165,5,20250716_155355
1752648801.7541037,11761298,3010892288,3010.892288,244,73,165,5,20250716_155355
1752648801.7640877,11761337,3010902272,3010.902272,246,71,164,5,20250716_155355
1752648801.7740717,11761376,3010912256,3010.912256,249,69,164,5,20250716_155355
1752648801.7840557,11761415,3010922240,3010.92224,251,69,163,5,20250716_155355
1752648801.7940395,11761454,3010932224,3010.932224,253,68,163,5,20250716_155355
1752648801.8040235,11761493,3010942208,3010.942208,1,70,163,5,20250716_155355
1752648801.8140078,11761532,3010952192,3010.952192,3,68,162,5,20250716_155355
1752648801.8239918,11761571,3010962176,3010.962176,5,69,162,5,20250716_155355
1752648801.8339758,11761610,3010972160,3010.97216,7,68,161,5,20250716_155355
1752648801.8439598,11761649,3010982144,3010.982144,9,67,160,5,20250716_155355
1752648801.8539436,11761688,3010992128,3010.992128,12,67,157,5,20250716_155355
1752648801.8639276,11761727,3011002112,3011.002112,14,69,157,5,20250716_155355
1752648801.8739116,11761766,3011012096,3011.012096,16,66,156,5,20250716_155355
1752648801.8841517,11761806,3011022336,3011.022336,18,65,155,5,20250716_155355
1752648801.8941357,11761845,3011032320,3011.03232,21,64,152,5,20250716_155355
1752648801.9041195,11761884,3011042304,3011.042304,23,64,150,5,20250716_155355
1752648801.9141035,11761923,3011052288,3011.052288,26,63,148,5,20250716_155355
1752648801.9240878,11761962,3011062272,3011.062272,29,62,145,5,20250716_155355
1752648801.9340718,11762001,3011072256,3011.072256,32,61,142,5,20250716_155355
1752648801.9440558,11762040,3011082240,3011.08224,35,63,138,5,20250716_155355
1752648801.9540396,11762079,3011092224,3011.092224,39,62,135,5,20250716_155355
1752648801.9640236,11762118,3011102208,3011.102208,42,64,132,5,20250716_155355
1752648801.9740076,11762157,3011112192,3011.112192,46,67,128,5,20250716_155355
1752648801.9839916,11762196,3011122176,3011.122176,50,71,127,5,20250716_155355
1752648801.9939756,11762235,3011132160,3011.13216,54,73,124,5,20250716_155355
1752648802.0039597,11762274,3011142144,3011.142144,58,68,121,5,20250716_155355
1752648802.0139437,11762313,3011152128,3011.152128,62,67,117,5,20250716_155355
1752648802.0241838,11762353,3011162368,3011.162368,66,64,112,5,20250716_155355
1752648802.0341678,11762392,3011172352,3011.172352,71,62,109,5,20250716_155355
1752648802.0441518,11762431,3011182336,3011.182336,75,64,106,5,20250716_155355
1752648802.0541358,11762470,3011192320,3011.19232,79,64,103,5,20250716_155355
1752648802.0641196,11762509,3011202304,3011.202304,83,60,100,5,20250716_155355
1752648802.0741036,11762548,3011212288,3011.212288,87,58,98,5,20250716_155355
1752648802.0840876,11762587,3011222272,3011.222272,91,57,96,5,20250716_155355
1752648802.0940716,11762626,3011232256,3011.232256,95,55,93,5,20250716_155355
1752648802.1040556,11762665,3011242240,3011.24224,98,53,91,5,20250716_155355
1752648802.1140397,11762704,3011252224,3011.252224,101,53,91,5,20250716_155355
1752648802.1240237,11762743,3011262208,3011.262208,104,53,90,5,20250716_155355
1752648802.1340077,11762782,3011272192,3011.272192,107,54,91,5,20250716_155355
1752648802.1439917,11762821,3011282176,3011.282176,110,55,91,5,20250716_155355
1752648802.1539755,11762860,3011292160,3011.29216,113,56,90,5,20250716_155355
1752648802.1639595,11762899,3011302144,3011.302144,116,60,90,5,20250716_155355
1752648802.1741996,11762939,3011312384,3011.312384,118,60,90,5,20250716_155355
1752648802.1841836,11762978,3011322368,3011.322368,120,60,91,5,20250716_155355
1752648802.1941676,11763017,3011332352,3011.332352,123,57,91,5,20250716_155355
1752648802.2041516,11763056,3011342336,3011.342336,125,56,92,5,20250716_155355
1752648802.2141356,11763095,3011352320,3011.35232,127,55,92,5,20250716_155355
1752648802.2241197,11763134,3011362304,3011.362304,130,54,93,5,20250716_155355
1752648802.2341037,11763173,3011372288,3011.372288,132,52,93,5,20250716_155355
1752648802.2440877,11763212,3011382272,3011.382272,134,52,94,5,20250716_155355
1752648802.2540717,11763251,3011392256,3011.392256,136,51,96,5,20250716_155355
1752648802.2640555,11763290,3011402240,3011.40224,138,53,97,5,20250716_155355
1752648802.2740395,11763329,3011412224,3011.412224,141,53,98,5,20250716_155355
1752648802.2840238,11763368,3011422208,3011.422208,143,53,99,5,20250716_155355
1752648802.2940078,11763407,3011432192,3011.432192,145,55,100,5,20250716_155355
1752648802.3039918,11763446,3011442176,3011.442176,147,60,101,5,20250716_155355
1752648802.3142316,11763486,3011452416,3011.452416,150,59,101,5,20250716_155355
1752648802.3242157,11763525,3011462400,3011.4624,152,57,103,5,20250716_155355
1752648802.3341997,11763564,3011472384,3011.472384,155,57,104,5,20250716_155355
1752648802.3441837,11763603,3011482368,3011.482368,157,56,105,5,20250716_155355
1752648802.3541677,11763642,3011492352,3011.492352,160,58,106,5,20250716_155355
1752648802.3641517,11763681,3011502336,3011.502336,162,57,108,5,20250716_155355
1752648802.3741355,11763720,3011512320,3011.51232,165,57,111,5,20250716_155355
1752648802.3841195,11763759,3011522304,3011.522304,168,58,114,5,20250716_155355
1752648802.3941038,11763798,3011532288,3011.532288,172,59,116,5,20250716_155355
1752648802.4040878,11763837,3011542272,3011.542272,175,58,121,5,20250716_155355
1752648802.4140718,11763876,3011552256,3011.552256,179,58,127,5,20250716_155355
1752648802.4240556,11763915,3011562240,3011.56224,183,58,133,5,20250716_155355
1752648802.4340396,11763954,3011572224,3011.572224,187,58,143,5,20250716_155355
1752648802.4440236,11763993,3011582208,3011.582208,191,58,151,5,20250716_155355
1752648802.4540076,11764032,3011592192,3011.592192,196,57,157,5,20250716_155355
1752648802.4642477,11764072,3011602432,3011.602432,201,57,160,5,20250716_155355
1752648802.4742315,11764111,3011612416,3011.612416,205,57,160,5,20250716_155355
1752648802.4842155,11764150,3011622400,3011.6224,209,57,160,5,20250716_155355
1752648802.4941998,11764189,3011632384,3011.632384,213,58,161,5,20250716_155355
1752648802.5041838,11764228,3011642368,3011.642368,217,58,163,5,20250716_155355
1752648802.5141678,11764267,3011652352,3011.652352,221,59,164,5,20250716_155355
1752648802.5241518,11764306,3011662336,3011.662336,224,60,164,5,20250716_155355
1752648802.5341356,11764345,3011672320,3011.67232,228,61,165,5,20250716_155355
1752648802.5441196,11764384,3011682304,3011.682304,231,63,165,5,20250716_155355
1752648802.5541036,11764423,3011692288,3011.692288,234,65,165,5,20250716_155355
1752648802.5640876,11764462,3011702272,3011.702272,237,66,165,5,20250716_155355
1752648802.5740716,11764501,3011712256,3011.712256,239,69,165,5,20250716_155355
1752648802.5840557,11764540,3011722240,3011.72224,242,70,166,5,20250716_155355
1752648802.5940397,11764579,3011732224,3011.732224,245,69,165,5,20250716_155355
1752648802.6042798,11764619,3011742464,3011.742464,247,68,164,5,20250716_155355
1752648802.6142638,11764658,3011752448,3011.752448,249,67,164,5,20250716_155355
1752648802.6242478,11764697,3011762432,3011.762432,252,69,163,5,20250716_155355
1752648802.6342318,11764736,3011772416,3011.772416,254,66,163,5,20250716_155355
1752648802.6442156,11764775,3011782400,3011.7824,1,67,162,5,20250716_155355
1752648802.6541996,11764814,3011792384,3011.792384,4,69,161,5,20250716_155355
1752648802.6641836,11764853,3011802368,3011.802368,6,68,158,5,20250716_155355
1752648802.6741676,11764892,3011812352,3011.812352,8,68,157,5,20250716_155355
1752648802.6841516,11764931,3011822336,3011.822336,10,69,156,5,20250716_155355
1752648802.6941357,11764970,3011832320,3011.83232,13,68,154,5,20250716_155355
1752648802.7041197,11765009,3011842304,3011.842304,15,69,153,5,20250716_155355
1752648802.7141037,11765048,3011852288,3011.852288,18,65,151,5,20250716_155355
1752648802.7240877,11765087,3011862272,3011.862272,20,65,149,5,20250716_155355
1752648802.7340715,11765126,3011872256,3011.872256,23,67,147,5,20250716_155355
1752648802.7440555,11765165,3011882240,3011.88224,26,63,145,5,20250716_155355
1752648802.7542956,11765205,3011892480,3011.89248,29,63,143,5,20250716_155355
1752648802.7642796,11765244,3011902464,3011.902464,32,66,139,5,20250716_155355
1752648802.7742636,11765283,3011912448,3011.912448,35,66,137,5,20250716_155355
1752648802.7842476,11765322,3011922432,3011.922432,39,63,133,5,20250716_155355
1752648802.7942317,11765361,3011932416,3011.932416,43,65,131,5,20250716_155355
1752648802.8042157,11765400,3011942400,3011.9424,46,65,127,5,20250716_155355
1752648802.8141997,11765439,3011952384,3011.952384,50,64,126,5,20250716_155355
1752648802.8241837,11765478,3011962368,3011.962368,54,65,122,5,20250716_155355
1752648802.8341677,11765517,3011972352,3011.972352,58,71,118,5,20250716_155355
1752648802.8441515,11765556,3011982336,3011.982336,63,69,116,5,20250716_155355
1752648802.8541358,11765595,3011992320,3011.99232,67,67,112,5,20250716_155355
1752648802.8641198,11765634,3012002304,3012.002304,71,66,108,5,20250716_155355
1752648802.8741038,11765673,3012012288,3012.012288,76,64,105,5,20250716_155355
1752648802.8843436,11765713,3012022528,3012.022528,80,61,102,5,20250716_155355
1752648802.8943276,11765752,3012032512,3012.032512,84,61,99,5,20250716_155355
1752648802.9043117,11765791,3012042496,3012.042496,88,63,97,5,20250716_155355
1752648802.9142957,11765830,3012052480,3012.05248,92,61,96,5,20250716_155355
1752648802.9242797,11765869,3012062464,3012.062464,95,56,93,5,20250716_155355
1752648802.9342637,11765908,3012072448,3012.072448,99,53,92,5,20250716_155355
1752648802.9442475,11765947,3012082432,3012.082432,102,52,90,5,20250716_155355
1752648802.9542315,11765986,3012092416,3012.092416,105,53,90,5,20250716_155355
1752648802.9642158,11766025,3012102400,3012.1024,108,53,91,5,20250716_155355
1752648802.9741998,11766064,3012112384,3012.112384,111,54,90,5,20250716_155355
1752648802.9841838,11766103,3012122368,3012.122368,113,56,89,5,20250716_155355
1752648802.9941678,11766142,3012132352,3012.132352,116,57,90,5,20250716_155355
1752648803.0044076,11766182,3012142592,3012.142592,118,60,91,5,20250716_155355
1752648803.0143917,11766221,3012152576,3012.152576,121,61,92,5,20250716_155355
1752648803.0243757,11766260,3012162560,3012.16256,123,58,92,5,20250716_155355
1752648803.0343597,11766299,3012172544,3012.172544,126,56,94,5,20250716_155355
1752648803.0443437,11766338,3012182528,3012.182528,128,57,94,5,20250716_155355
1752648803.0543275,11766377,3012192512,3012.192512,130,58,95,5,20250716_155355
1752648803.0643115,11766416,3012202496,3012.202496,132,58,94,5,20250716_155355
1752648803.0742958,11766455,3012212480,3012.21248,135,58,96,5,20250716_155355
1752648803.0842798,11766494,3012222464,3012.222464,137,57,97,5,20250716_155355
1752648803.0942638,11766533,3012232448,3012.232448,139,56,97,5,20250716_155355
1752648803.1042478,11766572,3012242432,3012.242432,141,56,97,5,20250716_155355
1752648803.1142316,11766611,3012252416,3012.252416,144,56,99,5,20250716_155355
1752648803.1242156,11766650,3012262400,3012.2624,146,55,100,5,20250716_155355
1752648803.1341996,11766689,3012272384,3012.272384,148,55,101,5,20250716_155355
1752648803.1444397,11766729,3012282624,3012.282624,151,56,103,5,20250716_155355
1752648803.1544237,11766768,3012292608,3012.292608,153,58,104,5,20250716_155355
1752648803.1644075,11766807,3012302592,3012.302592,156,59,106,5,20250716_155355
1752648803.1743915,11766846,3012312576,3012.312576,158,59,108,5,20250716_155355
1752648803.1843758,11766885,3012322560,3012.32256,161,59,110,5,20250716_155355
1752648803.1943598,11766924,3012332544,3012.332544,164,59,112,5,20250716_155355
1752648803.2043438,11766963,3012342528,3012.342528,167,59,115,5,20250716_155355
1752648803.2143276,11767002,3012352512,3012.352512,170,59,118,5,20250716_155355
1752648803.2243116,11767041,3012362496,3012.362496,174,60,123,5,20250716_155355
1752648803.2342956,11767080,3012372480,3012.37248,178,60,127,5,20250716_155355
1752648803.2442796,11767119,3012382464,3012.382464,182,59,135,5,20250716_155355
1752648803.2542636,11767158,3012392448,3012.392448,186,58,144,5,20250716_155355
1752648803.2642477,11767197,3012402432,3012.402432,191,57,151,5,20250716_155355
1752648803.2742317,11767236,3012412416,3012.412416,195,57,157,5,20250716_155355
1752648803.2842157,11767275,3012422400,3012.4224,200,56,160,5,20250716_155355
1752648803.2944558,11767315,3012432640,3012.43264,204,57,159,5,20250716_155355
1752648803.3044398,11767354,3012442624,3012.442624,208,56,161,5,20250716_155355
1752648803.3144238,11767393,3012452608,3012.452608,213,56,162,5,20250716_155355
1752648803.3244076,11767432,3012462592,3012.462592,216,59,163,5,20250716_155355
1752648803.3343916,11767471,3012472576,3012.472576,220,60,164,5,20250716_155355
1752648803.3443756,11767510,3012482560,3012.48256,224,61,164,5,20250716_155355
1752648803.3543596,11767549,3012492544,3012.492544,227,62,164,5,20250716_155355
1752648803.3643436,11767588,3012502528,3012.502528,230,63,164,5,20250716_155355
1752648803.3743277,11767627,3012512512,3012.512512,233,65,165,5,20250716_155355
1752648803.3843117,11767666,3012522496,3012.522496,236,65,165,5,20250716_155355
1752648803.3942957,11767705,3012532480,3012.53248,239,66,165,5,20250716_155355
1752648803.4042797,11767744,3012542464,3012.542464,242,69,165,5,20250716_155355
1752648803.4142635,11767783,3012552448,3012.552448,244,70,165,5,20250716_155355
1752648803.4242475,11767822,3012562432,3012.562432,247,70,165,5,20250716_155355
1752648803.4344876,11767862,3012572672,3012.572672,249,72,165,5,20250716_155355
1752648803.4444716,11767901,3012582656,3012.582656,251,65,166,5,20250716_155355
1752648803.4544556,11767940,3012592640,3012.59264,254,67,164,5,20250716_155355
1752648803.4644396,11767979,3012602624,3012.602624,1,69,164,5,20250716_155355
1752648803.4744236,11768018,3012612608,3012.612608,3,70,163,5,20250716_155355
1752648803.4844077,11768057,3012622592,3012.622592,5,67,163,5,20250716_155355
1752648803.4943917,11768096,3012632576,3012.632576,7,67,163,5,20250716_155355
1752648803.5043757,11768135,3012642560,3012.64256,9,69,162,5,20250716_155355
1752648803.5143597,11768174,3012652544,3012.652544,11,69,160,5,20250716_155355
1752648803.5243435,11768213,3012662528,3012.662528,13,68,159,5,20250716_155355
1752648803.5343275,11768252,3012672512,3012.672512,16,65,157,5,20250716_155355
1752648803.5443118,11768291,3012682496,3012.682496,18,67,158,5,20250716_155355
1752648803.5542958,11768330,3012692480,3012.69248,20,66,156,5,20250716_155355
1752648803.5642798,11768369,3012702464,3012.702464,23,65,153,5,20250716_155355
1752648803.5745196,11768409,3012712704,3012.712704,25,66,152,5,20250716_155355
1752648803.5845037,11768448,3012722688,3012.722688,28,65,148,5,20250716_155355
1752648803.5944877,11768487,3012732672,3012.732672,31,65,146,5,20250716_155355
1752648803.6044717,11768526,3012742656,3012.742656,33,64,142,5,20250716_155355
1752648803.6144557,11768565,3012752640,3012.75264,37,63,141,5,20250716_155355
1752648803.6244397,11768604,3012762624,3012.762624,40,64,138,5,20250716_155355
1752648803.6344235,11768643,3012772608,3012.772608,43,77,136,5,20250716_155355
1752648803.6444075,11768682,3012782592,3012.782592,47,72,132,5,20250716_155355
1752648803.6543918,11768721,3012792576,3012.792576,50,70,130,5,20250716_155355
1752648803.6643758,11768760,3012802560,3012.80256,54,72,127,5,20250716_155355
1752648803.6743598,11768799,3012812544,3012.812544,58,69,127,5,20250716_155355
1752648803.6843436,11768838,3012822528,3012.822528,62,68,124,5,20250716_155355
1752648803.6943276,11768877,3012832512,3012.832512,66,63,120,5,20250716_155355
1752648803.7043116,11768916,3012842496,3012.842496,70,66,116,5,20250716_155355
1752648803.7142956,11768955,3012852480,3012.85248,74,65,112,5,20250716_155355
1752648803.7245357,11768995,3012862720,3012.86272,79,64,108,5,20250716_155355
1752648803.7345195,11769034,3012872704,3012.872704,83,62,106,5,20250716_155355
1752648803.7445035,11769073,3012882688,3012.882688,87,61,103,5,20250716_155355
1752648803.7544878,11769112,3012892672,3012.892672,90,61,99,5,20250716_155355
1752648803.7644718,11769151,3012902656,3012.902656,94,59,98,5,20250716_155355
1752648803.7744558,11769190,3012912640,3012.91264,98,54,98,5,20250716_155355
1752648803.7844398,11769229,3012922624,3012.922624,101,52,95,5,20250716_155355
1752648803.7944236,11769268,3012932608,3012.932608,104,53,93,5,20250716_155355
1752648803.8044076,11769307,3012942592,3012.942592,107,56,92,5,20250716_155355
1752648803.8143916,11769346,3012952576,3012.952576,110,59,90,5,20250716_155355
1752648803.8243756,11769385,3012962560,3012.96256,113,58,91,5,20250716_155355
1752648803.8343596,11769424,3012972544,3012.972544,115,61,90,5,20250716_155355
1752648803.8443437,11769463,3012982528,3012.982528,118,59,91,5,20250716_155355
1752648803.8543277,11769502,3012992512,3012.992512,120,61,92,5,20250716_155355
1752648803.8645678,11769542,3013002752,3013.002752,123,61,92,5,20250716_155355
1752648803.8745518,11769581,3013012736,3013.012736,125,62,92,5,20250716_155355
1752648803.8845358,11769620,3013022720,3013.02272,127,60,93,5,20250716_155355
1752648803.8945198,11769659,3013032704,3013.032704,129,57,93,5,20250716_155355
1752648803.9045036,11769698,3013042688,3013.042688,132,55,94,5,20250716_155355
1752648803.9144876,11769737,3013052672,3013.052672,134,55,95,5,20250716_155355
1752648803.9244716,11769776,3013062656,3013.062656,136,55,96,5,20250716_155355
1752648803.9344556,11769815,3013072640,3013.07264,138,56,97,5,20250716_155355
1752648803.9444396,11769854,3013082624,3013.082624,140,55,98,5,20250716_155355
1752648803.9544237,11769893,3013092608,3013.092608,143,54,99,5,20250716_155355
1752648803.9644077,11769932,3013102592,3013.102592,145,54,100,5,20250716_155355
1752648803.9743917,11769971,3013112576,3013.112576,147,57,102,5,20250716_155355
1752648803.9843757,11770010,3013122560,3013.12256,150,57,103,5,20250716_155355
1752648803.9943595,11770049,3013132544,3013.132544,152,57,103,5,20250716_155355
1752648804.0043435,11770088,3013142528,3013.142528,154,57,105,5,20250716_155355
1752648804.0145836,11770128,3013152768,3013.152768,157,58,107,5,20250716_155355
1752648804.0245676,11770167,3013162752,3013.162752,160,58,109,5,20250716_155355
1752648804.0345516,11770206,3013172736,3013.172736,163,59,112,5,20250716_155355
1752648804.0445356,11770245,3013182720,3013.18272,166,58,114,5,20250716_155355
1752648804.0545197,11770284,3013192704,3013.192704,169,59,117,5,20250716_155355
1752648804.0645037,11770323,3013202688,3013.202688,172,58,122,5,20250716_155355
1752648804.0744877,11770362,3013212672,3013.212672,176,57,127,5,20250716_155355
1752648804.0844717,11770401,3013222656,3013.222656,180,58,132,5,20250716_155355
1752648804.0944557,11770440,3013232640,3013.23264,184,58,141,5,20250716_155355
1752648804.1044395,11770479,3013242624,3013.242624,189,57,149,5,20250716_155355
1752648804.1144238,11770518,3013252608,3013.252608,193,56,155,5,20250716_155355
1752648804.1244078,11770557,3013262592,3013.262592,198,54,160,5,20250716_155355
1752648804.1343918,11770596,3013272576,3013.272576,202,54,160,5,20250716_155355
1752648804.1443758,11770635,3013282560,3013.28256,207,56,162,5,20250716_155355
1752648804.1546156,11770675,3013292800,3013.2928,211,58,162,5,20250716_155355
1752648804.1645997,11770714,3013302784,3013.302784,215,61,163,5,20250716_155355
1752648804.1745837,11770753,3013312768,3013.312768,219,64,164,5,20250716_155355
1752648804.1845677,11770792,3013322752,3013.322752,222,65,164,5,20250716_155355
1752648804.1945517,11770831,3013332736,3013.332736,226,66,164,5,20250716_155355
1752648804.2045355,11770870,3013342720,3013.34272,229,64,164,5,20250716_155355
1752648804.2145195,11770909,3013352704,3013.352704,232,66,165,5,20250716_155355
1752648804.2245038,11770948,3013362688,3013.362688,235,66,165,5,20250716_155355
1752648804.2344878,11770987,3013372672,3013.372672,238,67,164,5,20250716_155355
1752648804.2444718,11771026,3013382656,3013.382656,240,70,165,5,20250716_155355
1752648804.2544558,11771065,3013392640,3013.39264,243,68,164,5,20250716_155355
1752648804.2644396,11771104,3013402624,3013.402624,246,69,164,5,20250716_155355
1752648804.2744236,11771143,3013412608,3013.412608,248,68,164,5,20250716_155355
1752648804.2844076,11771182,3013422592,3013.422592,250,68,163,5,20250716_155355
1752648804.2943916,11771221,3013432576,3013.432576,253,70,164,5,20250716_155355
1752648804.3046317,11771261,3013442816,3013.442816,0,69,164,5,20250716_155355
1752648804.3146155,11771300,3013452800,3013.4528,2,69,162,5,20250716_155355
1752648804.3245995,11771339,3013462784,3013.462784,4,69,162,5,20250716_155355
1752648804.3345838,11771378,3013472768,3013.472768,6,69,162,5,20250716_155355
1752648804.3445678,11771417,3013482752,3013.482752,9,69,160,5,20250716_155355
1752648804.3545518,11771456,3013492736,3013.492736,11,70,159,5,20250716_155355
1752648804.3645358,11771495,3013502720,3013.50272,13,68,158,5,20250716_155355
1752648804.3745196,11771534,3013512704,3013.512704,15,71,156,5,20250716_155355
1752648804.3845036,11771573,3013522688,3013.522688,18,67,155,5,20250716_155355
1752648804.3944876,11771612,3013532672,3013.532672,20,70,154,5,20250716_155355
1752648804.4044716,11771651,3013542656,3013.542656,23,67,152,5,20250716_155355
1752648804.4144557,11771690,3013552640,3013.55264,25,67,150,5,20250716_155355
1752648804.4244397,11771729,3013562624,3013.562624,28,66,147,5,20250716_155355
1752648804.4344237,11771768,3013572608,3013.572608,31,62,142,5,20250716_155355
1752648804.4444077,11771807,3013582592,3013.582592,34,62,140,5,20250716_155355
1752648804.4546478,11771847,3013592832,3013.592832,37,64,138,5,20250716_155355
1752648804.4646318,11771886,3013602816,3013.602816,41,68,136,5,20250716_155355
1752648804.4746156,11771925,3013612800,3013.6128,44,68,132,5,20250716_155355
1752648804.4845996,11771964,3013622784,3013.622784,48,73,128,5,20250716_155355
1752648804.4945836,11772003,3013632768,3013.632768,52,74,127,5,20250716_155355
1752648804.5045676,11772042,3013642752,3013.642752,56,69,125,5,20250716_155355
1752648804.5145516,11772081,3013652736,3013.652736,60,68,122,5,20250716_155355
1752648804.5245357,11772120,3013662720,3013.66272,64,68,118,5,20250716_155355
1752648804.5345197,11772159,3013672704,3013.672704,68,67,116,5,20250716_155355
1752648804.5445037,11772198,3013682688,3013.682688,72,65,111,5,20250716_155355
1752648804.5544877,11772237,3013692672,3013.692672,76,66,108,5,20250716_155355
1752648804.5644715,11772276,3013702656,3013.702656,81,64,104,5,20250716_155355
1752648804.5744555,11772315,3013712640,3013.71264,85,64,103,5,20250716_155355
1752648804.5844398,11772354,3013722624,3013.722624,89,63,98,5,20250716_155355
1752648804.5946796,11772394,3013732864,3013.732864,92,62,97,5,20250716_155355
1752648804.6046636,11772433,3013742848,3013.742848,96,60,96,5,20250716_155355
1752648804.6146476,11772472,3013752832,3013.752832,99,57,95,5,20250716_155355
1752648804.6246316,11772511,3013762816,3013.762816,102,56,93,5,20250716_155355
1752648804.6346157,11772550,3013772800,3013.7728,106,55,91,5,20250716_155355
1752648804.6445997,11772589,3013782784,3013.782784,108,57,91,5,20250716_155355
1752648804.6545837,11772628,3013792768,3013.792768,111,57,90,5,20250716_155355
1752648804.6645677,11772667,3013802752,3013.802752,114,58,90,5,20250716_155355
1752648804.6745515,11772706,3013812736,3013.812736,116,63,92,5,20250716_155355
1752648804.6845355,11772745,3013822720,3013.82272,119,63,92,5,20250716_155355
1752648804.6945198,11772784,3013832704,3013.832704,121,61,93,5,20250716_155355
1752648804.7045038,11772823,3013842688,3013.842688,124,59,93,5,20250716_155355
1752648804.7144878,11772862,3013852672,3013.852672,126,57,94,5,20250716_155355
1752648804.7244718,11772901,3013862656,3013.862656,128,57,95,5,20250716_155355
1752648804.7344556,11772940,3013872640,3013.87264,130,56,95,5,20250716_155355
1752648804.7446957,11772980,3013882880,3013.88288,133,55,97,5,20250716_155355
1752648804.7546797,11773019,3013892864,3013.892864,135,54,97,5,20250716_155355
1752648804.7646637,11773058,3013902848,3013.902848,137,55,98,5,20250716_155355
1752648804.7746477,11773097,3013912832,3013.912832,139,55,99,5,20250716_155355
1752648804.7846315,11773136,3013922816,3013.922816,142,56,100,5,20250716_155355
1752648804.7946155,11773175,3013932800,3013.9328,144,55,102,5,20250716_155355
1752648804.8045998,11773214,3013942784,3013.942784,146,54,103,5,20250716_155355
1752648804.8145838,11773253,3013952768,3013.952768,149,55,104,5,20250716_155355
1752648804.8245678,11773292,3013962752,3013.962752,151,55,105,5,20250716_155355
1752648804.8345516,11773331,3013972736,3013.972736,154,56,107,5,20250716_155355
1752648804.8445356,11773370,3013982720,3013.98272,157,56,109,5,20250716_155355
1752648804.8545196,11773409,3013992704,3013.992704,159,56,110,5,20250716_155355
1752648804.8645036,11773448,3014002688,3014.002688,162,59,112,5,20250716_155355
1752648804.8744876,11773487,3014012672,3014.012672,165,60,116,5,20250716_155355
1752648804.8847277,11773527,3014022912,3014.022912,169,61,119,5,20250716_155355
1752648804.8947115,11773566,3014032896,3014.032896,172,62,124,5,20250716_155355
1752648804.9046955,11773605,3014042880,3014.04288,176,61,127,5,20250716_155355
1752648804.9146798,11773644,3014052864,3014.052864,180,61,134,5,20250716_155355
1752648804.9246638,11773683,3014062848,3014.062848,184,59,144,5,20250716_155355
1752648804.9346478,11773722,3014072832,3014.072832,189,58,150,5,20250716_155355
1752648804.9446316,11773761,3014082816,3014.082816,193,57,157,5,20250716_155355
1752648804.9546156,11773800,3014092800,3014.0928,198,56,160,5,20250716_155355
1752648804.9645996,11773839,3014102784,3014.102784,203,57,161,5,20250716_155355
1752648804.9745836,11773878,3014112768,3014.112768,207,57,161,5,20250716_155355
1752648804.9845676,11773917,3014122752,3014.122752,211,59,163,5,20250716_155355
1752648804.9945517,11773956,3014132736,3014.132736,215,61,162,5,20250716_155355
1752648805.0045357,11773995,3014142720,3014.14272,219,64,164,5,20250716_155355
1752648805.0145197,11774034,3014152704,3014.152704,222,65,165,5,20250716_155355
1752648805.0247598,11774074,3014162944,3014.162944,226,66,165,5,20250716_155355
1752648805.0347438,11774113,3014172928,3014.172928,229,65,165,5,20250716_155355
1752648805.0447278,11774152,3014182912,3014.182912,232,67,165,5,20250716_155355
1752648805.0547116,11774191,3014192896,3014.192896,235,67,166,5,20250716_155355
1752648805.0646956,11774230,3014202880,3014.20288,238,73,166,5,20250716_155355
1752648805.0746796,11774269,3014212864,3014.212864,241,70,166,5,20250716_155355
1752648805.0846636,11774308,3014222848,3014.222848,243,66,165,5,20250716_155355
1752648805.0946476,11774347,3014232832,3014.232832,246,68,165,5,20250716_155355
1752648805.1046317,11774386,3014242816,3014.242816,248,66,164,5,20250716_155355
1752648805.1146157,11774425,3014252800,3014.2528,251,67,164,5,20250716_155355
1752648805.1245997,11774464,3014262784,3014.262784,253,66,164,5,20250716_155355
1752648805.1345837,11774503,3014272768,3014.272768,0,71,164,5,20250716_155355
1752648805.1445675,11774542,3014282752,3014.282752,2,71,163,5,20250716_155355
1752648805.1545515,11774581,3014292736,3014.292736,4,68,163,5,20250716_155355
1752648805.1645358,11774620,3014302720,3014.30272,6,67,162,5,20250716_155355
1752648805.1747756,11774660,3014312960,3014.31296,9,70,162,5,20250716_155355
1752648805.1847596,11774699,3014322944,3014.322944,11,69,161,5,20250716_155355
1752648805.1947436,11774738,3014332928,3014.332928,13,70,160,5,20250716_155355
1752648805.2047276,11774777,3014342912,3014.342912,15,70,160,5,20250716_155355
1752648805.2147117,11774816,3014352896,3014.352896,17,69,158,5,20250716_155355
1752648805.2246957,11774855,3014362880,3014.36288,19,69,157,5,20250716_155355
1752648805.2346797,11774894,3014372864,3014.372864,22,70,156,5,20250716_155355
1752648805.2446637,11774933,3014382848,3014.382848,24,65,154,5,20250716_155355
1752648805.2546475,11774972,3014392832,3014.392832,26,65,152,5,20250716_155355
1752648805.2646315,11775011,3014402816,3014.402816,29,67,149,5,20250716_155355
1752648805.2746158,11775050,3014412800,3014.4128,32,66,146,5,20250716_155355
1752648805.2845998,11775089,3014422784,3014.422784,35,62,143,5,20250716_155355
1752648805.2945838,11775128,3014432768,3014.432768,38,62,140,5,20250716_155355
1752648805.3045676,11775167,3014442752,3014.442752,41,71,137,5,20250716_155355
1752648805.3148077,11775207,3014452992,3014.452992,45,71,134,5,20250716_155355
1752648805.3247917,11775246,3014462976,3014.462976,49,73,130,5,20250716_155355
1752648805.3347757,11775285,3014472960,3014.47296,53,73,127,5,20250716_155355
1752648805.3447597,11775324,3014482944,3014.482944,56,68,126,5,20250716_155355
1752648805.3547437,11775363,3014492928,3014.492928,60,66,123,5,20250716_155355
1752648805.3647275,11775402,3014502912,3014.502912,65,66,118,5,20250716_155355
1752648805.3747118,11775441,3014512896,3014.512896,69,65,115,5,20250716_155355
1752648805.3846958,11775480,3014522880,3014.52288,73,64,110,5,20250716_155355
1752648805.3946798,11775519,3014532864,3014.532864,77,62,108,5,20250716_155355
1752648805.4046638,11775558,3014542848,3014.542848,81,63,105,5,20250716_155355
1752648805.4146476,11775597,3014552832,3014.552832,85,62,103,5,20250716_155355
1752648805.4246316,11775636,3014562816,3014.562816,89,61,100,5,20250716_155355
1752648805.4346156,11775675,3014572800,3014.5728,93,60,97,5,20250716_155355
1752648805.4445996,11775714,3014582784,3014.582784,96,59,95,5,20250716_155355
1752648805.4548397,11775754,3014593024,3014.593024,100,58,94,5,20250716_155355
1752648805.4648235,11775793,3014603008,3014.603008,103,57,93,5,20250716_155355
1752648805.4748075,11775832,3014612992,3014.612992,106,58,92,5,20250716_155355
1752648805.4847918,11775871,3014622976,3014.622976,109,58,90,5,20250716_155355
1752648805.4947758,11775910,3014632960,3014.63296,112,58,90,5,20250716_155355
1752648805.5047598,11775949,3014642944,3014.642944,114,58,90,5,20250716_155355
1752648805.5147438,11775988,3014652928,3014.652928,117,60,90,5,20250716_155355
1752648805.5247276,11776027,3014662912,3014.662912,119,61,91,5,20250716_155355
1752648805.5347116,11776066,3014672896,3014.672896,122,57,92,5,20250716_155355
1752648805.5446956,11776105,3014682880,3014.68288,124,56,92,5,20250716_155355
1752648805.5546796,11776144,3014692864,3014.692864,126,56,93,5,20250716_155355
1752648805.5646636,11776183,3014702848,3014.702848,128,56,94,5,20250716_155355
1752648805.5746477,11776222,3014712832,3014.712832,131,56,94,5,20250716_155355
1752648805.5846317,11776261,3014722816,3014.722816,133,56,95,5,20250716_155355
1752648805.5946157,11776300,3014732800,3014.7328,135,56,96,5,20250716_155355
1752648805.6048558,11776340,3014743040,3014.74304,137,56,97,5,20250716_155355
1752648805.6148398,11776379,3014753024,3014.753024,139,56,98,5,20250716_155355
1752648805.6248238,11776418,3014763008,3014.763008,141,56,98,5,20250716_155355
1752648805.6348076,11776457,3014772992,3014.772992,144,56,99,5,20250716_155355
1752648805.6447916,11776496,3014782976,3014.782976,146,56,100,5,20250716_155355
1752648805.6547756,11776535,3014792960,3014.79296,148,56,102,5,20250716_155355
1752648805.6647596,11776574,3014802944,3014.802944,151,57,103,5,20250716_155355
1752648805.6747437,11776613,3014812928,3014.812928,153,58,105,5,20250716_155355
1752648805.6847277,11776652,3014822912,3014.822912,156,58,106,5,20250716_155355
1752648805.6947117,11776691,3014832896,3014.832896,158,60,108,5,20250716_155355
1752648805.7046957,11776730,3014842880,3014.84288,161,60,109,5,20250716_155355
1752648805.7146797,11776769,3014852864,3014.852864,164,60,112,5,20250716_155355
1752648805.7246635,11776808,3014862848,3014.862848,167,59,115,5,20250716_155355
1752648805.7346478,11776847,3014872832,3014.872832,170,59,118,5,20250716_155355
1752648805.7448876,11776887,3014883072,3014.883072,174,59,122,5,20250716_155355
1752648805.7548716,11776926,3014893056,3014.893056,177,58,127,5,20250716_155355
1752648805.7648556,11776965,3014903040,3014.90304,181,57,131,5,20250716_155355
1752648805.7748396,11777004,3014913024,3014.913024,185,56,141,5,20250716_155355
1752648805.7848237,11777043,3014923008,3014.923008,190,56,149,5,20250716_155355
1752648805.7948077,11777082,3014932992,3014.932992,194,56,156,5,20250716_155355
1752648805.8047917,11777121,3014942976,3014.942976,199,57,160,5,20250716_155355
1752648805.8147757,11777160,3014952960,3014.95296,203,58,160,5,20250716_155355
1752648805.8247595,11777199,3014962944,3014.962944,208,58,161,5,20250716_155355
1752648805.8347435,11777238,3014972928,3014.972928,212,60,161,5,20250716_155355
1752648805.8447278,11777277,3014982912,3014.982912,216,62,163,5,20250716_155355
1752648805.8547118,11777316,3014992896,3014.992896,219,63,164,5,20250716_155355
1752648805.8646958,11777355,3015002880,3015.00288,223,64,164,5,20250716_155355
1752648805.8746798,11777394,3015012864,3015.012864,226,64,164,5,20250716_155355
1752648805.8849196,11777434,3015023104,3015.023104,230,64,165,5,20250716_155355
1752648805.8949037,11777473,3015033088,3015.033088,233,66,165,5,20250716_155355
1752648805.9048877,11777512,3015043072,3015.043072,236,70,165,5,20250716_155355
1752648805.9148717,11777551,3015053056,3015.053056,238,71,166,5,20250716_155355
1752648805.9248557,11777590,3015063040,3015.06304,241,72,166,5,20250716_155355
1752648805.9348395,11777629,3015073024,3015.073024,244,66,165,5,20250716_155355
1752648805.9448235,11777668,3015083008,3015.083008,246,64,165,5,20250716_155355
1752648805.9548078,11777707,3015092992,3015.092992,249,63,165,5,20250716_155355
1752648805.9647918,11777746,3015102976,3015.102976,251,64,166,5,20250716_155355
1752648805.9747758,11777785,3015112960,3015.11296,253,65,166,5,20250716_155355
1752648805.9850156,11777825,3015123200,3015.1232,0,68,166,5,20250716_155355
1752648805.9949996,11777864,3015133184,3015.133184,2,68,165,5,20250716_155355
1752648806.0049837,11777903,3015143168,3015.143168,5,71,165,5,20250716_155355
1752648806.0149677,11777942,3015153152,3015.153152,7,71,164,5,20250716_155355
1752648806.0249517,11777981,3015163136,3015.163136,9,68,164,5,20250716_155355
1752648806.0349357,11778020,3015173120,3015.17312,11,66,163,5,20250716_155355
1752648806.0449195,11778059,3015183104,3015.183104,13,65,162,5,20250716_155355
1752648806.0551598,11778099,3015193344,3015.193344,15,66,161,5,20250716_155355
1752648806.0651436,11778138,3015203328,3015.203328,17,66,160,5,20250716_155355
1752648806.0751276,11778177,3015213312,3015.213312,19,68,158,5,20250716_155355
1752648806.0851116,11778216,3015223296,3015.223296,21,68,156,5,20250716_155355
1752648806.0950956,11778255,3015233280,3015.23328,24,67,154,5,20250716_155355
1752648806.1050797,11778294,3015243264,3015.243264,26,64,151,5,20250716_155355
1752648806.1150637,11778333,3015253248,3015.253248,29,64,148,5,20250716_155355
1752648806.1253035,11778373,3015263488,3015.263488,32,62,144,5,20250716_155355
1752648806.1352878,11778412,3015273472,3015.273472,35,66,143,5,20250716_155355
1752648806.1452718,11778451,3015283456,3015.283456,38,63,139,5,20250716_155355
1752648806.1552558,11778490,3015293440,3015.29344,41,64,136,5,20250716_155355
1752648806.1652396,11778529,3015303424,3015.303424,45,66,133,5,20250716_155355
1752648806.1752236,11778568,3015313408,3015.313408,49,64,129,5,20250716_155355
1752648806.1852076,11778607,3015323392,3015.323392,53,74,127,5,20250716_155355
1752648806.1951916,11778646,3015333376,3015.333376,57,67,125,5,20250716_155355
1752648806.2054317,11778686,3015343616,3015.343616,61,68,122,5,20250716_155355
1752648806.2154157,11778725,3015353600,3015.3536,65,68,119,5,20250716_155355
1752648806.2253995,11778764,3015363584,3015.363584,69,65,114,5,20250716_155355
1752648806.2353835,11778803,3015373568,3015.373568,73,64,111,5,20250716_155355
1752648806.2453678,11778842,3015383552,3015.383552,77,63,108,5,20250716_155355
1752648806.2553518,11778881,3015393536,3015.393536,81,63,105,5,20250716_155355
1752648806.2653358,11778920,3015403520,3015.40352,85,61,103,5,20250716_155355
1752648806.2755756,11778960,3015413760,3015.41376,89,60,100,5,20250716_155355
1752648806.2855597,11778999,3015423744,3015.423744,93,59,97,5,20250716_155355
1752648806.2955437,11779038,3015433728,3015.433728,97,59,94,5,20250716_155355
1752648806.3055277,11779077,3015443712,3015.443712,100,56,93,5,20250716_155355
1752648806.3155117,11779116,3015453696,3015.453696,103,55,92,5,20250716_155355
1752648806.3254955,11779155,3015463680,3015.46368,106,55,91,5,20250716_155355
1752648806.3354795,11779194,3015473664,3015.473664,109,58,90,5,20250716_155355
1752648806.3457196,11779234,3015483904,3015.483904,112,58,90,5,20250716_155355
1752648806.3557036,11779273,3015493888,3015.493888,114,55,90,5,20250716_155355
1752648806.3656876,11779312,3015503872,3015.503872,117,55,91,5,20250716_155355
1752648806.3756716,11779351,3015513856,3015.513856,119,54,91,5,20250716_155355
1752648806.3856556,11779390,3015523840,3015.52384,122,54,91,5,20250716_155355
1752648806.3956397,11779429,3015533824,3015.533824,124,54,93,5,20250716_155355
1752648806.4056237,11779468,3015543808,3015.543808,126,54,93,5,20250716_155355
1752648806.4156077,11779507,3015553792,3015.553792,129,54,94,5,20250716_155355
1752648806.4255917,11779546,3015563776,3015.563776,131,54,95,5,20250716_155355
1752648806.4355755,11779585,3015573760,3015.57376,133,52,96,5,20250716_155355
1752648806.4455595,11779624,3015583744,3015.583744,135,53,96,5,20250716_155355
1752648806.4555438,11779663,3015593728,3015.593728,137,54,98,5,20250716_155355
1752648806.4657836,11779703,3015603968,3015.603968,140,53,98,5,20250716_155355
1752648806.4757676,11779742,3015613952,3015.613952,142,53,99,5,20250716_155355
1752648806.4857516,11779781,3015623936,3015.623936,144,54,100,5,20250716_155355
1752648806.4957356,11779820,3015633920,3015.63392,146,54,102,5,20250716_155355
1752648806.5057197,11779859,3015643904,3015.643904,149,54,102,5,20250716_155355
1752648806.5157037,11779898,3015653888,3015.653888,151,54,103,5,20250716_155355
1752648806.5256877,11779937,3015663872,3015.663872,154,55,104,5,20250716_155355
1752648806.5356717,11779976,3015673856,3015.673856,156,56,107,5,20250716_155355
1752648806.5456555,11780015,3015683840,3015.68384,159,56,109,5,20250716_155355
1752648806.5556395,11780054,3015693824,3015.693824,162,56,111,5,20250716_155355
1752648806.5656238,11780093,3015703808,3015.703808,165,56,114,5,20250716_155355
1752648806.5756078,11780132,3015713792,3015.713792,168,57,116,5,20250716_155355
1752648806.5855918,11780171,3015723776,3015.723776,171,55,119,5,20250716_155355
1752648806.5955758,11780210,3015733760,3015.73376,175,54,124,5,20250716_155355
1752648806.6055596,11780249,3015743744,3015.743744,178,54,127,5,20250716_155355
1752648806.6157997,11780289,3015753984,3015.753984,182,54,134,5,20250716_155355
1752648806.6257837,11780328,3015763968,3015.763968,187,54,145,5,20250716_155355
1752648806.6357677,11780367,3015773952,3015.773952,191,54,152,5,20250716_155355
1752648806.6457517,11780406,3015783936,3015.783936,196,55,159,5,20250716_155355
1752648806.6557355,11780445,3015793920,3015.79392,200,55,160,5,20250716_155355
1752648806.6657195,11780484,3015803904,3015.803904,205,56,161,5,20250716_155355
1752648806.6757038,11780523,3015813888,3015.813888,209,57,162,5,20250716_155355
1752648806.6856878,11780562,3015823872,3015.823872,213,59,163,5,20250716_155355
1752648806.6956718,11780601,3015833856,3015.833856,217,62,164,5,20250716_155355
1752648806.7056556,11780640,3015843840,3015.84384,221,61,164,5,20250716_155355
1752648806.7156396,11780679,3015853824,3015.853824,224,64,164,5,20250716_155355
1752648806.7256236,11780718,3015863808,3015.863808,227,64,164,5,20250716_155355
1752648806.7356076,11780757,3015873792,3015.873792,231,65,165,5,20250716_155355
1752648806.7455916,11780796,3015883776,3015.883776,234,67,165,5,20250716_155355
1752648806.7558317,11780836,3015894016,3015.894016,237,65,165,5,20250716_155355
1752648806.7658155,11780875,3015904000,3015.904,239,63,166,5,20250716_155355
1752648806.7757998,11780914,3015913984,3015.913984,242,64,164,5,20250716_155355
1752648806.7857838,11780953,3015923968,3015.923968,245,64,164,5,20250716_155355
1752648806.7957678,11780992,3015933952,3015.933952,247,62,164,5,20250716_155355
1752648806.8057518,11781031,3015943936,3015.943936,249,64,163,5,20250716_155355
1752648806.8157356,11781070,3015953920,3015.95392,252,61,163,5,20250716_155355
1752648806.8257196,11781109,3015963904,3015.963904,254,65,163,5,20250716_155355
1752648806.8357036,11781148,3015973888,3015.973888,1,66,163,5,20250716_155355
1752648806.8456876,11781187,3015983872,3015.983872,4,67,162,5,20250716_155355
1752648806.8556716,11781226,3015993856,3015.993856,6,67,163,5,20250716_155355
1752648806.8656557,11781265,3016003840,3016.00384,8,68,162,5,20250716_155355
1752648806.8756397,11781304,3016013824,3016.013824,10,69,161,5,20250716_155355
1752648806.8856237,11781343,3016023808,3016.023808,12,67,160,5,20250716_155355
1752648806.8958638,11781383,3016034048,3016.034048,14,65,158,5,20250716_155355
1752648806.9058478,11781422,3016044032,3016.044032,17,63,158,5,20250716_155355
1752648806.9158318,11781461,3016054016,3016.054016,19,64,156,5,20250716_155355
1752648806.9258156,11781500,3016064000,3016.064,21,65,155,5,20250716_155355
1752648806.9357996,11781539,3016073984,3016.073984,24,61,152,5,20250716_155355
1752648806.9457836,11781578,3016083968,3016.083968,26,59,149,5,20250716_155355
1752648806.9557676,11781617,3016093952,3016.093952,29,63,146,5,20250716_155355
1752648806.9657516,11781656,3016103936,3016.103936,32,56,142,5,20250716_155355
1752648806.9757357,11781695,3016113920,3016.11392,35,58,139,5,20250716_155355
1752648806.9857197,11781734,3016123904,3016.123904,39,63,136,5,20250716_155355
1752648806.9957037,11781773,3016133888,3016.133888,42,64,134,5,20250716_155355
1752648807.0056877,11781812,3016143872,3016.143872,46,65,129,5,20250716_155355
1752648807.0159278,11781852,3016154112,3016.154112,50,67,127,5,20250716_155355
1752648807.0259118,11781891,3016164096,3016.164096,54,84,124,5,20250716_155355
1752648807.0358956,11781930,3016174080,3016.17408,58,67,122,5,20250716_155355
1752648807.0458796,11781969,3016184064,3016.184064,62,61,118,5,20250716_155355
1752648807.0558636,11782008,3016194048,3016.194048,66,61,114,5,20250716_155355
1752648807.0658476,11782047,3016204032,3016.204032,71,62,108,5,20250716_155355
1752648807.0758317,11782086,3016214016,3016.214016,75,63,107,5,20250716_155355
1752648807.0858157,11782125,3016224000,3016.224,79,63,103,5,20250716_155355
1752648807.0957997,11782164,3016233984,3016.233984,83,59,101,5,20250716_155355
1752648807.1057837,11782203,3016243968,3016.243968,87,58,98,5,20250716_155355
1752648807.1157677,11782242,3016253952,3016.253952,91,58,95,5,20250716_155355
1752648807.1257515,11782281,3016263936,3016.263936,94,57,94,5,20250716_155355
1752648807.1357358,11782320,3016273920,3016.27392,98,56,93,5,20250716_155355
1752648807.1457198,11782359,3016283904,3016.283904,101,55,92,5,20250716_155355
1752648807.1559596,11782399,3016294144,3016.294144,104,55,91,5,20250716_155355
1752648807.1659436,11782438,3016304128,3016.304128,107,55,90,5,20250716_155355
1752648807.1759276,11782477,3016314112,3016.314112,110,55,90,5,20250716_155355
1752648807.1859117,11782516,3016324096,3016.324096,113,56,92,5,20250716_155355
1752648807.1958957,11782555,3016334080,3016.33408,115,54,93,5,20250716_155355
1752648807.2058797,11782594,3016344064,3016.344064,118,53,93,5,20250716_155355
1752648807.2158637,11782633,3016354048,3016.354048,120,51,93,5,20250716_155355
1752648807.2258475,11782672,3016364032,3016.364032,123,52,94,5,20250716_155355
1752648807.2358315,11782711,3016374016,3016.374016,125,52,94,5,20250716_155355
1752648807.2458158,11782750,3016384000,3016.384,127,53,95,5,20250716_155355
1752648807.2557998,11782789,3016393984,3016.393984,130,52,95,5,20250716_155355
1752648807.2657838,11782828,3016403968,3016.403968,132,52,97,5,20250716_155355
1752648807.2757678,11782867,3016413952,3016.413952,134,51,96,5,20250716_155355
1752648807.2857516,11782906,3016423936,3016.423936,136,51,98,5,20250716_155355
1752648807.2957356,11782945,3016433920,3016.43392,139,52,98,5,20250716_155355
1752648807.3059757,11782985,3016444160,3016.44416,141,52,99,5,20250716_155355
1752648807.3159597,11783024,3016454144,3016.454144,143,52,101,5,20250716_155355
1752648807.3259437,11783063,3016464128,3016.464128,145,52,101,5,20250716_155355
1752648807.3359275,11783102,3016474112,3016.474112,148,53,102,5,20250716_155355
1752648807.3459115,11783141,3016484096,3016.484096,150,53,103,5,20250716_155355
1752648807.3558958,11783180,3016494080,3016.49408,153,53,105,5,20250716_155355
1752648807.3658798,11783219,3016504064,3016.504064,155,53,106,5,20250716_155355
1752648807.3758638,11783258,3016514048,3016.514048,158,53,107,5,20250716_155355
1752648807.3858478,11783297,3016524032,3016.524032,161,53,109,5,20250716_155355
1752648807.3958316,11783336,3016534016,3016.534016,163,54,110,5,20250716_155355
1752648807.4058156,11783375,3016544000,3016.544,166,55,113,5,20250716_155355
1752648807.4157996,11783414,3016553984,3016.553984,169,54,116,5,20250716_155355
1752648807.4257836,11783453,3016563968,3016.563968,173,54,120,5,20250716_155355
1752648807.4357677,11783492,3016573952,3016.573952,176,56,124,5,20250716_155355
1752648807.4460075,11783532,3016584192,3016.584192,180,54,127,5,20250716_155355
1752648807.4559915,11783571,3016594176,3016.594176,184,54,134,5,20250716_155355
1752648807.4659758,11783610,3016604160,3016.60416,188,54,143,5,20250716_155355
1752648807.4759598,11783649,3016614144,3016.614144,193,54,150,5,20250716_155355
1752648807.4859438,11783688,3016624128,3016.624128,197,54,157,5,20250716_155355
1752648807.4959276,11783727,3016634112,3016.634112,202,55,160,5,20250716_155355
1752648807.5059116,11783766,3016644096,3016.644096,206,56,160,5,20250716_155355
1752648807.5158956,11783805,3016654080,3016.65408,210,57,161,5,20250716_155355
1752648807.5258796,11783844,3016664064,3016.664064,214,58,162,5,20250716_155355
1752648807.5358636,11783883,3016674048,3016.674048,218,60,163,5,20250716_155355
1752648807.5458477,11783922,3016684032,3016.684032,222,63,165,5,20250716_155355
1752648807.5558317,11783961,3016694016,3016.694016,225,63,164,5,20250716_155355
1752648807.5658157,11784000,3016704000,3016.704,228,61,165,5,20250716_155355
1752648807.5757997,11784039,3016713984,3016.713984,231,63,165,5,20250716_155355
1752648807.5857835,11784078,3016723968,3016.723968,234,66,165,5,20250716_155355
1752648807.5960238,11784118,3016734208,3016.734208,237,66,166,5,20250716_155355
1752648807.6060076,11784157,3016744192,3016.744192,240,62,165,5,20250716_155355
1752648807.6159916,11784196,3016754176,3016.754176,243,62,166,5,20250716_155355
1752648807.6259756,11784235,3016764160,3016.76416,245,60,166,5,20250716_155355
1752648807.6359596,11784274,3016774144,3016.774144,248,59,165,5,20250716_155355
1752648807.6459436,11784313,3016784128,3016.784128,250,63,166,5,20250716_155355
1752648807.6559277,11784352,3016794112,3016.794112,252,58,165,5,20250716_155355
1752648807.6659117,11784391,3016804096,3016.804096,254,64,166,5,20250716_155355
1752648807.6758957,11784430,3016814080,3016.81408,2,61,166,5,20250716_155355
1752648807.6858797,11784469,3016824064,3016.824064,4,62,165,5,20250716_155355
1752648807.6958635,11784508,3016834048,3016.834048,6,64,166,5,20250716_155355
1752648807.7058475,11784547,3016844032,3016.844032,8,64,164,5,20250716_155355
1752648807.7158318,11784586,3016854016,3016.854016,10,64,164,5,20250716_155355
1752648807.7258158,11784625,3016864000,3016.864,12,65,164,5,20250716_155355
1752648807.7360556,11784665,3016874240,3016.87424,14,63,163,5,20250716_155355
1752648807.7460396,11784704,3016884224,3016.884224,16,61,162,5,20250716_155355
1752648807.7560236,11784743,3016894208,3016.894208,18,69,161,5,20250716_155355
1752648807.7660077,11784782,3016904192,3016.904192,20,67,160,5,20250716_155355
1752648807.7759917,11784821,3016914176,3016.914176,22,64,158,5,20250716_155355
1752648807.7859757,11784860,3016924160,3016.92416,24,59,155,5,20250716_155355
1752648807.7959597,11784899,3016934144,3016.934144,27,61,152,5,20250716_155355
1752648807.8059435,11784938,3016944128,3016.944128,29,59,149,5,20250716_155355
1752648807.8159275,11784977,3016954112,3016.954112,32,56,146,5,20250716_155355
1752648807.8259118,11785016,3016964096,3016.964096,35,61,143,5,20250716_155355
1752648807.8358958,11785055,3016974080,3016.97408,38,63,140,5,20250716_155355
1752648807.8458798,11785094,3016984064,3016.984064,42,64,136,5,20250716_155355
1752648807.8558638,11785133,3016994048,3016.994048,45,63,133,5,20250716_155355
1752648807.8658476,11785172,3017004032,3017.004032,49,68,129,5,20250716_155355
1752648807.8760877,11785212,3017014272,3017.014272,53,68,127,5,20250716_155355
1752648807.8860717,11785251,3017024256,3017.024256,57,63,126,5,20250716_155355
1752648807.8960557,11785290,3017034240,3017.03424,61,60,122,5,20250716_155355
1752648807.9060397,11785329,3017044224,3017.044224,65,61,118,5,20250716_155355
1752648807.9160235,11785368,3017054208,3017.054208,69,63,115,5,20250716_155355
1752648807.9260075,11785407,3017064192,3017.064192,74,63,110,5,20250716_155355
1752648807.9359918,11785446,3017074176,3017.074176,78,63,107,5,20250716_155355
1752648807.9459758,11785485,3017084160,3017.08416,82,61,104,5,20250716_155355
1752648807.9559598,11785524,3017094144,3017.094144,86,60,101,5,20250716_155355
1752648807.9659436,11785563,3017104128,3017.104128,90,58,99,5,20250716_155355
1752648807.9759276,11785602,3017114112,3017.114112,93,56,96,5,20250716_155355
1752648807.9859116,11785641,3017124096,3017.124096,97,55,94,5,20250716_155355
1752648807.9958956,11785680,3017134080,3017.13408,100,55,94,5,20250716_155355
1752648808.0058796,11785719,3017144064,3017.144064,103,55,93,5,20250716_155355
1752648808.0158637,11785758,3017154048,3017.154048,106,54,91,5,20250716_155355
1752648808.0261035,11785798,3017164288,3017.164288,109,56,90,5,20250716_155355
1752648808.0360878,11785837,3017174272,3017.174272,112,55,89,5,20250716_155355
1752648808.0460718,11785876,3017184256,3017.184256,115,53,89,5,20250716_155355
1752648808.0560558,11785915,3017194240,3017.19424,117,52,91,5,20250716_155355
1752648808.0660398,11785954,3017204224,3017.204224,120,53,92,5,20250716_155355
1752648808.0760236,11785993,3017214208,3017.214208,122,52,92,5,20250716_155355
1752648808.0860076,11786032,3017224192,3017.224192,124,51,92,5,20250716_155355
1752648808.0959916,11786071,3017234176,3017.234176,127,51,93,5,20250716_155355
1752648808.1059756,11786110,3017244160,3017.24416,129,50,94,5,20250716_155355
1752648808.1159596,11786149,3017254144,3017.254144,131,50,94,5,20250716_155355
1752648808.1259437,11786188,3017264128,3017.264128,133,49,95,5,20250716_155355
1752648808.1359277,11786227,3017274112,3017.274112,135,49,96,5,20250716_155355
1752648808.1459117,11786266,3017284096,3017.284096,137,49,97,5,20250716_155355
1752648808.1558957,11786305,3017294080,3017.29408,140,49,98,5,20250716_155355
1752648808.1661358,11786345,3017304320,3017.30432,142,49,99,5,20250716_155355
1752648808.1761198,11786384,3017314304,3017.314304,144,49,100,5,20250716_155355
1752648808.1861036,11786423,3017324288,3017.324288,146,50,101,5,20250716_155355
1752648808.1960876,11786462,3017334272,3017.334272,149,50,102,5,20250716_155355
1752648808.2060716,11786501,3017344256,3017.344256,151,51,104,5,20250716_155355
1752648808.2160556,11786540,3017354240,3017.35424,154,51,105,5,20250716_155355
1752648808.2260396,11786579,3017364224,3017.364224,156,51,106,5,20250716_155355
1752648808.2360237,11786618,3017374208,3017.374208,159,51,108,5,20250716_155355
1752648808.2460077,11786657,3017384192,3017.384192,162,52,110,5,20250716_155355
1752648808.2559917,11786696,3017394176,3017.394176,164,52,112,5,20250716_155355
1752648808.2659757,11786735,3017404160,3017.40416,167,52,114,5,20250716_155355
1752648808.2759595,11786774,3017414144,3017.414144,171,52,116,5,20250716_155355
1752648808.2859435,11786813,3017424128,3017.424128,174,52,121,5,20250716_155355
1752648808.2959278,11786852,3017434112,3017.434112,178,52,125,5,20250716_155355
1752648808.3061676,11786892,3017444352,3017.444352,181,52,130,5,20250716_155355
1752648808.3161516,11786931,3017454336,3017.454336,185,53,140,5,20250716_155355
1752648808.3261356,11786970,3017464320,3017.46432,190,53,148,5,20250716_155355
1752648808.3361197,11787009,3017474304,3017.474304,194,54,155,5,20250716_155355
1752648808.3461037,11787048,3017484288,3017.484288,199,54,159,5,20250716_155355
1752648808.3560877,11787087,3017494272,3017.494272,204,56,160,5,20250716_155355
1752648808.3660717,11787126,3017504256,3017.504256,208,56,161,5,20250716_155355
1752648808.3760557,11787165,3017514240,3017.51424,212,57,162,5,20250716_155355
1752648808.3860395,11787204,3017524224,3017.524224,216,59,163,5,20250716_155355
1752648808.3960238,11787243,3017534208,3017.534208,220,61,164,5,20250716_155355
1752648808.4060078,11787282,3017544192,3017.544192,223,61,163,5,20250716_155355
1752648808.4159918,11787321,3017554176,3017.554176,226,62,164,5,20250716_155355
1752648808.4259758,11787360,3017564160,3017.56416,230,61,164,5,20250716_155355
1752648808.4359596,11787399,3017574144,3017.574144,233,61,164,5,20250716_155355
1752648808.4461997,11787439,3017584384,3017.584384,236,61,164,5,20250716_155355
1752648808.4561837,11787478,3017594368,3017.594368,239,60,165,5,20250716_155355
1752648808.4661677,11787517,3017604352,3017.604352,241,57,164,5,20250716_155355
1752648808.4761517,11787556,3017614336,3017.614336,244,59,164,5,20250716_155355
1752648808.4861355,11787595,3017624320,3017.62432,246,57,164,5,20250716_155355
1752648808.4961195,11787634,3017634304,3017.634304,249,58,164,5,20250716_155355
1752648808.5061038,11787673,3017644288,3017.644288,251,59,164,5,20250716_155355
1752648808.5160878,11787712,3017654272,3017.654272,253,61,164,5,20250716_155355
1752648808.5260718,11787751,3017664256,3017.664256,1,61,164,5,20250716_155355
1752648808.5360558,11787790,3017674240,3017.67424,3,63,163,5,20250716_155355
1752648808.5460396,11787829,3017684224,3017.684224,5,62,163,5,20250716_155355
1752648808.5560236,11787868,3017694208,3017.694208,7,63,163,5,20250716_155355
1752648808.5660076,11787907,3017704192,3017.704192,9,61,162,5,20250716_155355
1752648808.5759916,11787946,3017714176,3017.714176,11,59,161,5,20250716_155355
1752648808.5859756,11787985,3017724160,3017.72416,13,59,160,5,20250716_155355
1752648808.5962155,11788025,3017734400,3017.7344,15,59,159,5,20250716_155355
1752648808.6061995,11788064,3017744384,3017.744384,18,60,157,5,20250716_155355
1752648808.6161838,11788103,3017754368,3017.754368,20,67,155,5,20250716_155355
1752648808.6261678,11788142,3017764352,3017.764352,22,62,153,5,20250716_155355
1752648808.6361518,11788181,3017774336,3017.774336,25,58,151,5,20250716_155355
1752648808.6461358,11788220,3017784320,3017.78432,27,58,148,5,20250716_155355
1752648808.6561196,11788259,3017794304,3017.794304,30,57,145,5,20250716_155355
1752648808.6661036,11788298,3017804288,3017.804288,33,65,141,5,20250716_155355
1752648808.6760876,11788337,3017814272,3017.814272,37,60,139,5,20250716_155355
1752648808.6860716,11788376,3017824256,3017.824256,40,57,136,5,20250716_155355
1752648808.6960557,11788415,3017834240,3017.83424,44,66,133,5,20250716_155355
1752648808.7062955,11788455,3017844480,3017.84448,47,69,130,5,20250716_155355
1752648808.7162795,11788494,3017854464,3017.854464,51,57,127,5,20250716_155355
1752648808.7262638,11788533,3017864448,3017.864448,55,57,124,5,20250716_155355
1752648808.7362478,11788572,3017874432,3017.874432,59,56,121,5,20250716_155355
1752648808.7462318,11788611,3017884416,3017.884416,64,59,119,5,20250716_155355
1752648808.7562156,11788650,3017894400,3017.8944,68,61,114,5,20250716_155355
1752648808.7661996,11788689,3017904384,3017.904384,72,63,110,5,20250716_155355
1752648808.7761836,11788728,3017914368,3017.914368,76,64,107,5,20250716_155355
1752648808.7861676,11788767,3017924352,3017.924352,80,61,104,5,20250716_155355
1752648808.7961516,11788806,3017934336,3017.934336,85,60,101,5,20250716_155355
1752648808.8061357,11788845,3017944320,3017.94432,88,59,99,5,20250716_155355
1752648808.8161197,11788884,3017954304,3017.954304,92,58,97,5,20250716_155355
1752648808.8261037,11788923,3017964288,3017.964288,96,56,97,5,20250716_155355
1752648808.8360877,11788962,3017974272,3017.974272,99,55,94,5,20250716_155355
1752648808.8463278,11789002,3017984512,3017.984512,102,55,92,5,20250716_155355
1752648808.8563118,11789041,3017994496,3017.994496,105,53,91,5,20250716_155355
1752648808.8662956,11789080,3018004480,3018.00448,108,53,90,5,20250716_155355
1752648808.8762796,11789119,3018014464,3018.014464,111,51,90,5,20250716_155355
1752648808.8862636,11789158,3018024448,3018.024448,114,51,90,5,20250716_155355
1752648808.8962476,11789197,3018034432,3018.034432,116,51,91,5,20250716_155355
1752648808.9062316,11789236,3018044416,3018.044416,119,51,92,5,20250716_155355
1752648808.9162157,11789275,3018054400,3018.0544,121,50,92,5,20250716_155355
1752648808.9261997,11789314,3018064384,3018.064384,124,50,92,5,20250716_155355
1752648808.9361837,11789353,3018074368,3018.074368,126,50,92,5,20250716_155355
1752648808.9461677,11789392,3018084352,3018.084352,128,50,94,5,20250716_155355
1752648808.9561515,11789431,3018094336,3018.094336,130,49,94,5,20250716_155355
1752648808.9661355,11789470,3018104320,3018.10432,132,48,94,5,20250716_155355
1752648808.9761198,11789509,3018114304,3018.114304,134,48,96,5,20250716_155355
1752648808.9863596,11789549,3018124544,3018.124544,137,47,97,5,20250716_155355
1752648808.9963436,11789588,3018134528,3018.134528,139,48,98,5,20250716_155355
1752648809.0063276,11789627,3018144512,3018.144512,141,48,99,5,20250716_155355
1752648809.0163116,11789666,3018154496,3018.154496,143,48,99,5,20250716_155355
1752648809.0262957,11789705,3018164480,3018.16448,146,48,100,5,20250716_155355
1752648809.0362797,11789744,3018174464,3018.174464,148,49,102,5,20250716_155355
1752648809.0462637,11789783,3018184448,3018.184448,150,48,103,5,20250716_155355
1752648809.0562477,11789822,3018194432,3018.194432,153,48,105,5,20250716_155355
1752648809.0662315,11789861,3018204416,3018.204416,155,50,106,5,20250716_155355
1752648809.0762155,11789900,3018214400,3018.2144,158,51,108,5,20250716_155355
1752648809.0861998,11789939,3018224384,3018.224384,161,51,110,5,20250716_155355
1752648809.0961838,11789978,3018234368,3018.234368,164,51,111,5,20250716_155355
1752648809.1061678,11790017,3018244352,3018.244352,167,52,113,5,20250716_155355
1752648809.1161518,11790056,3018254336,3018.254336,170,53,116,5,20250716_155355
1752648809.1263916,11790096,3018264576,3018.264576,173,54,120,5,20250716_155355
1752648809.1363757,11790135,3018274560,3018.27456,176,52,123,5,20250716_155355
1752648809.1463597,11790174,3018284544,3018.284544,180,52,127,5,20250716_155355
1752648809.1563437,11790213,3018294528,3018.294528,184,52,133,5,20250716_155355
1752648809.1663277,11790252,3018304512,3018.304512,188,53,143,5,20250716_155355
1752648809.1763115,11790291,3018314496,3018.314496,193,54,150,5,20250716_155355
1752648809.1862955,11790330,3018324480,3018.32448,197,54,157,5,20250716_155355
1752648809.1962798,11790369,3018334464,3018.334464,202,54,160,5,20250716_155355
1752648809.2062638,11790408,3018344448,3018.344448,206,55,160,5,20250716_155355
1752648809.2162478,11790447,3018354432,3018.354432,210,56,161,5,20250716_155355
1752648809.2262316,11790486,3018364416,3018.364416,214,57,162,5,20250716_155355
1752648809.2362156,11790525,3018374400,3018.3744,218,58,164,5,20250716_155355
1752648809.2461996,11790564,3018384384,3018.384384,222,59,164,5,20250716_155355
1752648809.2561836,11790603,3018394368,3018.394368,225,61,165,5,20250716_155355
1752648809.2664237,11790643,3018404608,3018.404608,228,60,164,5,20250716_155355
1752648809.2764077,11790682,3018414592,3018.414592,232,60,164,5,20250716_155355
1752648809.2863915,11790721,3018424576,3018.424576,235,61,164,5,20250716_155355
1752648809.2963758,11790760,3018434560,3018.43456,237,60,165,5,20250716_155355
1752648809.3063598,11790799,3018444544,3018.444544,240,58,165,5,20250716_155355
1752648809.3163438,11790838,3018454528,3018.454528,243,57,165,5,20250716_155355
1752648809.3263278,11790877,3018464512,3018.464512,245,55,165,5,20250716_155355
1752648809.3363116,11790916,3018474496,3018.474496,248,55,165,5,20250716_155355
1752648809.3462956,11790955,3018484480,3018.48448,250,57,165,5,20250716_155355
1752648809.3562796,11790994,3018494464,3018.494464,252,59,165,5,20250716_155355
1752648809.3662636,11791033,3018504448,3018.504448,0,63,165,5,20250716_155355
1752648809.3762476,11791072,3018514432,3018.514432,2,63,165,5,20250716_155355
1752648809.3862317,11791111,3018524416,3018.524416,4,61,165,5,20250716_155355
1752648809.3962157,11791150,3018534400,3018.5344,6,62,164,5,20250716_155355
1752648809.4064558,11791190,3018544640,3018.54464,8,62,164,5,20250716_155355
1752648809.4164398,11791229,3018554624,3018.554624,10,60,164,5,20250716_155355
1752648809.4264238,11791268,3018564608,3018.564608,12,58,162,5,20250716_155355
1752648809.4364078,11791307,3018574592,3018.574592,14,59,162,5,20250716_155355
1752648809.4463916,11791346,3018584576,3018.584576,16,64,160,5,20250716_155355
1752648809.4563756,11791385,3018594560,3018.59456,18,56,159,5,20250716_155355
1752648809.4663596,11791424,3018604544,3018.604544,20,56,157,5,20250716_155355
1752648809.4763436,11791463,3018614528,3018.614528,23,63,154,5,20250716_155355
1752648809.4863276,11791502,3018624512,3018.624512,25,57,151,5,20250716_155355
1752648809.4963117,11791541,3018634496,3018.634496,28,58,148,5,20250716_155355
1752648809.5062957,11791580,3018644480,3018.64448,31,60,145,5,20250716_155355
1752648809.5162797,11791619,3018654464,3018.654464,34,61,143,5,20250716_155355
1752648809.5262637,11791658,3018664448,3018.664448,37,61,140,5,20250716_155355
1752648809.5362475,11791697,3018674432,3018.674432,40,59,137,5,20250716_155355
1752648809.5462315,11791736,3018684416,3018.684416,44,59,134,5,20250716_155355
1752648809.5564716,11791776,3018694656,3018.694656,47,56,131,5,20250716_155355
1752648809.5664556,11791815,3018704640,3018.70464,51,56,127,5,20250716_155355
1752648809.5764396,11791854,3018714624,3018.714624,55,57,127,5,20250716_155355
1752648809.5864236,11791893,3018724608,3018.724608,59,59,124,5,20250716_155355
1752648809.5964077,11791932,3018734592,3018.734592,63,62,121,5,20250716_155355
1752648809.6063917,11791971,3018744576,3018.744576,67,60,116,5,20250716_155355
1752648809.6163757,11792010,3018754560,3018.75456,71,60,113,5,20250716_155355
1752648809.6263597,11792049,3018764544,3018.764544,76,60,110,5,20250716_155355
1752648809.6363437,11792088,3018774528,3018.774528,80,59,107,5,20250716_155355
1752648809.6463275,11792127,3018784512,3018.784512,84,58,103,5,20250716_155355
1752648809.6563118,11792166,3018794496,3018.794496,88,58,101,5,20250716_155355
1752648809.6662958,11792205,3018804480,3018.80448,92,57,99,5,20250716_155355
1752648809.6762798,11792244,3018814464,3018.814464,95,56,98,5,20250716_155355
1752648809.6862638,11792283,3018824448,3018.824448,99,56,96,5,20250716_155355
1752648809.6965036,11792323,3018834688,3018.834688,102,55,94,5,20250716_155355
1752648809.7064877,11792362,3018844672,3018.844672,105,55,93,5,20250716_155355
1752648809.7164717,11792401,3018854656,3018.854656,108,54,91,5,20250716_155355
1752648809.7264557,11792440,3018864640,3018.86464,111,56,90,5,20250716_155355
1752648809.7364397,11792479,3018874624,3018.874624,113,54,88,5,20250716_155355
1752648809.7464235,11792518,3018884608,3018.884608,116,51,89,5,20250716_155355
1752648809.7564075,11792557,3018894592,3018.894592,118,49,90,5,20250716_155355
1752648809.7663918,11792596,3018904576,3018.904576,121,49,91,5,20250716_155355
1752648809.7763758,11792635,3018914560,3018.91456,123,49,90,5,20250716_155355
1752648809.7863598,11792674,3018924544,3018.924544,125,49,91,5,20250716_155355
1752648809.7963438,11792713,3018934528,3018.934528,128,49,93,5,20250716_155355
1752648809.8063276,11792752,3018944512,3018.944512,130,48,92,5,20250716_155355
1752648809.8163116,11792791,3018954496,3018.954496,132,47,93,5,20250716_155355
1752648809.8262956,11792830,3018964480,3018.96448,134,46,94,5,20250716_155355
1752648809.8362796,11792869,3018974464,3018.974464,136,45,95,5,20250716_155355
1752648809.8465197,11792909,3018984704,3018.984704,138,46,97,5,20250716_155355
1752648809.8565035,11792948,3018994688,3018.994688,141,47,98,5,20250716_155355
1752648809.8664875,11792987,3019004672,3019.004672,143,48,99,5,20250716_155355
1752648809.8764718,11793026,3019014656,3019.014656,145,47,99,5,20250716_155355
1752648809.8864558,11793065,3019024640,3019.02464,147,48,100,5,20250716_155355
1752648809.8964398,11793104,3019034624,3019.034624,150,50,101,5,20250716_155355
1752648809.9064238,11793143,3019044608,3019.044608,152,50,102,5,20250716_155355
1752648809.9164076,11793182,3019054592,3019.054592,154,50,104,5,20250716_155355
1752648809.9263916,11793221,3019064576,3019.064576,157,50,105,5,20250716_155355
1752648809.9363756,11793260,3019074560,3019.07456,160,51,107,5,20250716_155355
1752648809.9463596,11793299,3019084544,3019.084544,162,51,108,5,20250716_155355
1752648809.9563437,11793338,3019094528,3019.094528,165,51,111,5,20250716_155355
1752648809.9663277,11793377,3019104512,3019.104512,168,51,113,5,20250716_155355
1752648809.9763117,11793416,3019114496,3019.114496,171,52,116,5,20250716_155355
1752648809.9865518,11793456,3019124736,3019.124736,175,52,119,5,20250716_155355
1752648809.9965358,11793495,3019134720,3019.13472,178,52,123,5,20250716_155355
1752648810.0065198,11793534,3019144704,3019.144704,182,53,127,5,20250716_155355
1752648810.0165036,11793573,3019154688,3019.154688,186,53,135,5,20250716_155355
1752648810.0264876,11793612,3019164672,3019.164672,190,53,144,5,20250716_155355
1752648810.0364716,11793651,3019174656,3019.174656,195,53,152,5,20250716_155355
1752648810.0464556,11793690,3019184640,3019.18464,199,53,159,5,20250716_155355
1752648810.0564396,11793729,3019194624,3019.194624,204,54,159,5,20250716_155355
1752648810.0664237,11793768,3019204608,3019.204608,208,56,159,5,20250716_155355
1752648810.0764077,11793807,3019214592,3019.214592,212,57,159,5,20250716_155355
1752648810.0863917,11793846,3019224576,3019.224576,216,57,162,5,20250716_155355
1752648810.0963757,11793885,3019234560,3019.23456,219,58,163,5,20250716_155355
1752648810.1063595,11793924,3019244544,3019.244544,223,60,164,5,20250716_155355
1752648810.1163435,11793963,3019254528,3019.254528,226,59,164,5,20250716_155355
1752648810.1265836,11794003,3019264768,3019.264768,230,58,164,5,20250716_155355
1752648810.1365676,11794042,3019274752,3019.274752,233,57,165,5,20250716_155355
1752648810.1465516,11794081,3019284736,3019.284736,236,60,165,5,20250716_155355
1752648810.1565356,11794120,3019294720,3019.29472,238,58,165,5,20250716_155355
1752648810.1665196,11794159,3019304704,3019.304704,241,59,164,5,20250716_155355
1752648810.1765037,11794198,3019314688,3019.314688,244,56,165,5,20250716_155355
1752648810.1864877,11794237,3019324672,3019.324672,246,55,165,5,20250716_155355
1752648810.1964717,11794276,3019334656,3019.334656,249,55,165,5,20250716_155355
1752648810.2064557,11794315,3019344640,3019.34464,251,58,165,5,20250716_155355
1752648810.2164395,11794354,3019354624,3019.354624,253,62,164,5,20250716_155355
1752648810.2264235,11794393,3019364608,3019.364608,0,61,164,5,20250716_155355
1752648810.2364078,11794432,3019374592,3019.374592,3,64,164,5,20250716_155355
1752648810.2463918,11794471,3019384576,3019.384576,5,62,163,5,20250716_155355
1752648810.2563758,11794510,3019394560,3019.39456,7,59,163,5,20250716_155355
1752648810.2663598,11794549,3019404544,3019.404544,9,58,162,5,20250716_155355
1752648810.2765996,11794589,3019414784,3019.414784,11,58,161,5,20250716_155355
1752648810.2865837,11794628,3019424768,3019.424768,13,58,159,5,20250716_155355
1752648810.2965677,11794667,3019434752,3019.434752,15,57,158,5,20250716_155355
1752648810.3065517,11794706,3019444736,3019.444736,17,57,157,5,20250716_155355
1752648810.3165357,11794745,3019454720,3019.45472,20,58,155,5,20250716_155355
1752648810.3265195,11794784,3019464704,3019.464704,22,60,153,5,20250716_155355
1752648810.3365035,11794823,3019474688,3019.474688,25,55,151,5,20250716_155355
1752648810.3464878,11794862,3019484672,3019.484672,27,57,148,5,20250716_155355
1752648810.3564718,11794901,3019494656,3019.494656,30,59,146,5,20250716_155355
1752648810.3664558,11794940,3019504640,3019.50464,33,55,142,5,20250716_155355
1752648810.3764398,11794979,3019514624,3019.514624,36,54,139,5,20250716_155355
1752648810.3864236,11795018,3019524608,3019.524608,40,58,137,5,20250716_155355
1752648810.3964076,11795057,3019534592,3019.534592,43,64,134,5,20250716_155355
1752648810.4063916,11795096,3019544576,3019.544576,47,69,129,5,20250716_155355
1752648810.4166317,11795136,3019554816,3019.554816,51,68,127,5,20250716_155355
1752648810.4266157,11795175,3019564800,3019.5648,55,62,126,5,20250716_155355
1752648810.4365995,11795214,3019574784,3019.574784,59,61,124,5,20250716_155355
1752648810.4465835,11795253,3019584768,3019.584768,63,59,118,5,20250716_155355
1752648810.4565678,11795292,3019594752,3019.594752,67,61,114,5,20250716_155355
1752648810.4665518,11795331,3019604736,3019.604736,71,60,109,5,20250716_155355
1752648810.4765358,11795370,3019614720,3019.61472,75,61,106,5,20250716_155355
1752648810.4865196,11795409,3019624704,3019.624704,80,62,102,5,20250716_155355
1752648810.4965036,11795448,3019634688,3019.634688,84,61,100,5,20250716_155355
1752648810.5064876,11795487,3019644672,3019.644672,88,60,98,5,20250716_155355
1752648810.5164716,11795526,3019654656,3019.654656,91,61,96,5,20250716_155355
1752648810.5264556,11795565,3019664640,3019.66464,95,60,94,5,20250716_155355
1752648810.5364397,11795604,3019674624,3019.674624,98,58,93,5,20250716_155355
1752648810.5464237,11795643,3019684608,3019.684608,102,58,91,5,20250716_155355
1752648810.5564077,11795682,3019694592,3019.694592,105,56,90,5,20250716_155355
1752648810.5666478,11795722,3019704832,3019.704832,108,54,91,5,20250716_155355
1752648810.5766318,11795761,3019714816,3019.714816,111,53,89,5,20250716_155355
1752648810.5866158,11795800,3019724800,3019.7248,113,54,91,5,20250716_155355
1752648810.5965996,11795839,3019734784,3019.734784,116,54,91,5,20250716_155355
1752648810.6065836,11795878,3019744768,3019.744768,118,52,91,5,20250716_155355
1752648810.6165676,11795917,3019754752,3019.754752,121,54,90,5,20250716_155355
1752648810.6265516,11795956,3019764736,3019.764736,123,51,91,5,20250716_155355
1752648810.6365356,11795995,3019774720,3019.77472,125,49,92,5,20250716_155355
1752648810.6465197,11796034,3019784704,3019.784704,128,49,94,5,20250716_155355
1752648810.6565037,11796073,3019794688,3019.794688,130,50,94,5,20250716_155355
1752648810.6664877,11796112,3019804672,3019.804672,132,51,96,5,20250716_155355
1752648810.6764717,11796151,3019814656,3019.814656,134,51,98,5,20250716_155355
1752648810.6864555,11796190,3019824640,3019.82464,137,50,99,5,20250716_155355
1752648810.6964395,11796229,3019834624,3019.834624,139,51,100,5,20250716_155355
1752648810.7066796,11796269,3019844864,3019.844864,142,51,102,5,20250716_155355
1752648810.7166636,11796308,3019854848,3019.854848,144,51,102,5,20250716_155355
1752648810.7266476,11796347,3019864832,3019.864832,146,51,103,5,20250716_155355
1752648810.7366316,11796386,3019874816,3019.874816,149,52,103,5,20250716_155355
1752648810.7466156,11796425,3019884800,3019.8848,151,52,103,5,20250716_155355
1752648810.7565997,11796464,3019894784,3019.894784,154,52,105,5,20250716_155355
1752648810.7665837,11796503,3019904768,3019.904768,156,54,104,5,20250716_155355
1752648810.7765677,11796542,3019914752,3019.914752,159,56,111,5,20250716_155355
1752648810.7865517,11796581,3019924736,3019.924736,162,66,118,5,20250716_155355
1752648810.7965355,11796620,3019934720,3019.93472,165,77,106,5,20250716_155355
1752648810.8065195,11796659,3019944704,3019.944704,168,85,101,5,20250716_155355
1752648810.8165038,11796698,3019954688,3019.954688,170,79,105,5,20250716_155355
1752648810.8264878,11796737,3019964672,3019.964672,173,68,110,5,20250716_155355
1752648810.8364718,11796776,3019974656,3019.974656,176,64,118,5,20250716_155355
1752648810.8464556,11796815,3019984640,3019.98464,180,69,130,5,20250716_155355
1752648810.8566957,11796855,3019994880,3019.99488,184,74,134,5,20250716_155355
1752648810.8666797,11796894,3020004864,3020.004864,188,71,133,5,20250716_155355
1752648810.8766637,11796933,3020014848,3020.014848,192,71,140,5,20250716_155355
1752648810.8866477,11796972,3020024832,3020.024832,197,70,152,5,20250716_155355
1752648810.8966317,11797011,3020034816,3020.034816,201,67,155,5,20250716_155355
1752648810.9066155,11797050,3020044800,3020.0448,205,63,160,5,20250716_155355
1752648810.9165998,11797089,3020054784,3020.054784,210,61,161,5,20250716_155355
1752648810.9265838,11797128,3020064768,3020.064768,214,61,162,5,20250716_155355
1752648810.9365678,11797167,3020074752,3020.074752,217,61,163,5,20250716_155355
1752648810.9465518,11797206,3020084736,3020.084736,221,64,163,5,20250716_155355
1752648810.9565356,11797245,3020094720,3020.09472,225,64,164,5,20250716_155355
1752648810.9665196,11797284,3020104704,3020.104704,228,65,164,5,20250716_155355
1752648810.9765036,11797323,3020114688,3020.114688,231,64,164,5,20250716_155355
1752648810.9864876,11797362,3020124672,3020.124672,234,63,164,5,20250716_155355
1752648810.9964716,11797401,3020134656,3020.134656,237,65,164,5,20250716_155355
1752648811.0067115,11797441,3020144896,3020.144896,240,64,164,5,20250716_155355
1752648811.0166955,11797480,3020154880,3020.15488,242,63,165,5,20250716_155355
1752648811.0266798,11797519,3020164864,3020.164864,245,64,165,5,20250716_155355
1752648811.0366638,11797558,3020174848,3020.174848,247,65,165,5,20250716_155355
1752648811.0466478,11797597,3020184832,3020.184832,250,65,166,5,20250716_155355
1752648811.0566318,11797636,3020194816,3020.194816,252,65,166,5,20250716_155355
1752648811.0666156,11797675,3020204800,3020.2048,254,65,167,5,20250716_155355
1752648811.0765996,11797714,3020214784,3020.214784,1,62,166,5,20250716_155355
1752648811.0865836,11797753,3020224768,3020.224768,3,62,166,5,20250716_155355
1752648811.0965676,11797792,3020234752,3020.234752,5,62,165,5,20250716_155355
1752648811.1065516,11797831,3020244736,3020.244736,7,63,164,5,20250716_155355
1752648811.1165357,11797870,3020254720,3020.25472,9,62,164,5,20250716_155355
1752648811.1265197,11797909,3020264704,3020.264704,11,61,162,5,20250716_155355
1752648811.1365037,11797948,3020274688,3020.274688,13,62,162,5,20250716_155355
1752648811.1467438,11797988,3020284928,3020.284928,16,61,159,5,20250716_155355
1752648811.1567278,11798027,3020294912,3020.294912,18,61,156,5,20250716_155355
1752648811.1667118,11798066,3020304896,3020.304896,20,60,156,5,20250716_155355
1752648811.1766956,11798105,3020314880,3020.31488,22,59,157,5,20250716_155355
1752648811.1866796,11798144,3020324864,3020.324864,25,59,156,5,20250716_155355
1752648811.1966636,11798183,3020334848,3020.334848,27,64,158,5,20250716_155355
1752648811.2066476,11798222,3020344832,3020.344832,29,63,155,5,20250716_155355
1752648811.2166317,11798261,3020354816,3020.354816,31,64,157,5,20250716_155355
1752648811.2266157,11798300,3020364800,3020.3648,34,67,158,5,20250716_155355
1752648811.2365997,11798339,3020374784,3020.374784,36,75,159,5,20250716_155355
1752648811.2465837,11798378,3020384768,3020.384768,38,89,160,5,20250716_155355
1752648811.2565677,11798417,3020394752,3020.394752,40,96,157,5,20250716_155355
1752648811.2665515,11798456,3020404736,3020.404736,43,94,157,5,20250716_155355
1752648811.2765355,11798495,3020414720,3020.41472,45,92,159,5,20250716_155355
1752648811.2867756,11798535,3020424960,3020.42496,47,89,159,5,20250716_155355
1752648811.2967596,11798574,3020434944,3020.434944,50,95,159,5,20250716_155355
1752648811.3067436,11798613,3020444928,3020.444928,52,104,158,5,20250716_155355
1752648811.3167276,11798652,3020454912,3020.454912,55,108,159,5,20250716_155355
1752648811.3267117,11798691,3020464896,3020.464896,58,109,158,5,20250716_155355
1752648811.3366957,11798730,3020474880,3020.47488,60,109,159,5,20250716_155355
1752648811.3466797,11798769,3020484864,3020.484864,63,109,160,5,20250716_155355
1752648811.3566637,11798808,3020494848,3020.494848,66,109,162,5,20250716_155355
1752648811.3666475,11798847,3020504832,3020.504832,69,109,161,5,20250716_155355
1752648811.3766315,11798886,3020514816,3020.514816,72,108,161,5,20250716_155355
1752648811.3866158,11798925,3020524800,3020.5248,75,109,163,5,20250716_155355
1752648811.3965998,11798964,3020534784,3020.534784,78,109,162,5,20250716_155355
1752648811.4065838,11799003,3020544768,3020.544768,82,110,161,5,20250716_155355
1752648811.4165678,11799042,3020554752,3020.554752,85,110,162,5,20250716_155355
1752648811.4265516,11799081,3020564736,3020.564736,89,110,160,5,20250716_155355
1752648811.4367917,11799121,3020574976,3020.574976,93,110,161,5,20250716_155355
1752648811.4467757,11799160,3020584960,3020.58496,97,110,161,5,20250716_155355
1752648811.4567597,11799199,3020594944,3020.594944,101,109,162,5,20250716_155355
1752648811.4667437,11799238,3020604928,3020.604928,106,108,162,5,20250716_155355
1752648811.4767275,11799277,3020614912,3020.614912,110,108,162,5,20250716_155355
1752648811.4867115,11799316,3020624896,3020.624896,115,107,162,5,20250716_155355
1752648811.4966958,11799355,3020634880,3020.63488,120,107,162,5,20250716_155355
1752648811.5066798,11799394,3020644864,3020.644864,126,107,162,5,20250716_155355
1752648811.5166638,11799433,3020654848,3020.654848,131,108,163,5,20250716_155355
1752648811.5266478,11799472,3020664832,3020.664832,137,108,163,5,20250716_155355
1752648811.5366316,11799511,3020674816,3020.674816,142,108,164,5,20250716_155355
1752648811.5466156,11799550,3020684800,3020.6848,148,108,164,5,20250716_155355
1752648811.5565996,11799589,3020694784,3020.694784,154,108,166,5,20250716_155355
1752648811.5665836,11799628,3020704768,3020.704768,160,108,167,5,20250716_155355
1752648811.5768237,11799668,3020715008,3020.715008,166,108,167,5,20250716_155355
1752648811.5868075,11799707,3020724992,3020.724992,171,108,168,5,20250716_155355
1752648811.5967915,11799746,3020734976,3020.734976,177,108,168,5,20250716_155355
1752648811.6067758,11799785,3020744960,3020.74496,182,108,168,5,20250716_155355
1752648811.6167598,11799824,3020754944,3020.754944,188,108,168,5,20250716_155355
1752648811.6267438,11799863,3020764928,3020.764928,193,108,168,5,20250716_155355
1752648811.6367278,11799902,3020774912,3020.774912,197,108,168,5,20250716_155355
1752648811.6467116,11799941,3020784896,3020.784896,202,109,168,5,20250716_155355
1752648811.6566956,11799980,3020794880,3020.79488,206,109,168,5,20250716_155355
1752648811.6666796,11800019,3020804864,3020.804864,211,110,168,5,20250716_155355
1752648811.6766636,11800058,3020814848,3020.814848,215,111,168,5,20250716_155355
1752648811.6866477,11800097,3020824832,3020.824832,218,112,168,5,20250716_155355
1752648811.6966317,11800136,3020834816,3020.834816,222,112,168,5,20250716_155355
1752648811.7066157,11800175,3020844800,3020.8448,225,111,168,5,20250716_155355
1752648811.7165997,11800214,3020854784,3020.854784,229,111,166,5,20250716_155355
1752648811.7268398,11800254,3020865024,3020.865024,232,111,166,5,20250716_155355
1752648811.7368238,11800293,3020875008,3020.875008,235,111,166,5,20250716_155355
1752648811.7468076,11800332,3020884992,3020.884992,238,111,165,5,20250716_155355
1752648811.7567916,11800371,3020894976,3020.894976,240,111,164,5,20250716_155355
1752648811.7667756,11800410,3020904960,3020.90496,243,110,162,5,20250716_155355
1752648811.7767596,11800449,3020914944,3020.914944,246,110,160,5,20250716_155355
1752648811.7867436,11800488,3020924928,3020.924928,249,109,160,5,20250716_155355
1752648811.7967277,11800527,3020934912,3020.934912,251,109,158,5,20250716_155355
1752648811.8067117,11800566,3020944896,3020.944896,254,109,159,5,20250716_155355
1752648811.8166957,11800605,3020954880,3020.95488,1,109,158,5,20250716_155355
1752648811.8266797,11800644,3020964864,3020.964864,4,109,160,5,20250716_155355
1752648811.8366635,11800683,3020974848,3020.974848,6,109,158,5,20250716_155355
1752648811.8466475,11800722,3020984832,3020.984832,9,110,160,5,20250716_155355
1752648811.8566318,11800761,3020994816,3020.994816,11,110,160,5,20250716_155355
1752648811.8668716,11800801,3021005056,3021.005056,13,110,160,5,20250716_155355
1752648811.8768556,11800840,3021015040,3021.01504,15,109,160,5,20250716_155355
1752648811.8868396,11800879,3021025024,3021.025024,18,108,161,5,20250716_155355
1752648811.8968236,11800918,3021035008,3021.035008,20,108,161,5,20250716_155355
1752648811.9068077,11800957,3021044992,3021.044992,22,108,161,5,20250716_155355
1752648811.9167917,11800996,3021054976,3021.054976,24,108,161,5,20250716_155355
1752648811.9267757,11801035,3021064960,3021.06496,26,108,162,5,20250716_155355
1752648811.9370158,11801075,3021075200,3021.0752,28,108,161,5,20250716_155355
1752648811.9469998,11801114,3021085184,3021.085184,30,108,160,5,20250716_155355
1752648811.9569838,11801153,3021095168,3021.095168,32,109,162,5,20250716_155355
1752648811.9669676,11801192,3021105152,3021.105152,35,109,160,5,20250716_155355
1752648811.9769516,11801231,3021115136,3021.115136,37,110,163,5,20250716_155355
1752648811.9869356,11801270,3021125120,3021.12512,39,110,160,5,20250716_155355
1752648811.9969196,11801309,3021135104,3021.135104,41,110,161,5,20250716_155355
1752648812.0069036,11801348,3021145088,3021.145088,44,110,161,5,20250716_155355
1752648812.0171435,11801388,3021155328,3021.155328,46,110,161,5,20250716_155355
1752648812.0271275,11801427,3021165312,3021.165312,48,110,161,5,20250716_155355
1752648812.0371118,11801466,3021175296,3021.175296,51,111,162,5,20250716_155355
1752648812.0470958,11801505,3021185280,3021.18528,53,112,161,5,20250716_155355
1752648812.0570798,11801544,3021195264,3021.195264,56,113,161,5,20250716_155355
1752648812.0670638,11801583,3021205248,3021.205248,58,112,160,5,20250716_155355
1752648812.0770476,11801622,3021215232,3021.215232,61,112,162,5,20250716_155355
1752648812.0870316,11801661,3021225216,3021.225216,64,112,161,5,20250716_155355
1752648812.0972717,11801701,3021235456,3021.235456,67,112,162,5,20250716_155355
1752648812.1072557,11801740,3021245440,3021.24544,70,111,162,5,20250716_155355
1752648812.1172397,11801779,3021255424,3021.255424,73,112,162,5,20250716_155355
1752648812.1272235,11801818,3021265408,3021.265408,76,113,162,5,20250716_155355
1752648812.1372075,11801857,3021275392,3021.275392,80,112,162,5,20250716_155355
1752648812.1471918,11801896,3021285376,3021.285376,83,113,161,5,20250716_155355
1752648812.1574316,11801936,3021295616,3021.295616,87,113,161,5,20250716_155355
1752648812.1674156,11801975,3021305600,3021.3056,91,113,161,5,20250716_155355
1752648812.1773996,11802014,3021315584,3021.315584,95,114,162,5,20250716_155355
1752648812.1873837,11802053,3021325568,3021.325568,99,113,162,5,20250716_155355
1752648812.1973677,11802092,3021335552,3021.335552,103,112,163,5,20250716_155355
1752648812.2073517,11802131,3021345536,3021.345536,108,111,162,5,20250716_155355
1752648812.2173357,11802170,3021355520,3021.35552,113,111,163,5,20250716_155355
1752648812.2273197,11802209,3021365504,3021.365504,118,110,163,5,20250716_155355
1752648812.2375598,11802249,3021375744,3021.375744,123,110,164,5,20250716_155355
1752648812.2475436,11802288,3021385728,3021.385728,128,110,164,5,20250716_155355
1752648812.2575276,11802327,3021395712,3021.395712,134,111,164,5,20250716_155355
1752648812.2675116,11802366,3021405696,3021.405696,139,110,164,5,20250716_155355
1752648812.2774956,11802405,3021415680,3021.41568,145,111,165,5,20250716_155355
1752648812.2874796,11802444,3021425664,3021.425664,151,111,166,5,20250716_155355
1752648812.2977197,11802484,3021435904,3021.435904,157,112,167,5,20250716_155355
1752648812.3077035,11802523,3021445888,3021.445888,162,113,168,5,20250716_155355
1752648812.3176875,11802562,3021455872,3021.455872,168,115,169,5,20250716_155355
1752648812.3276718,11802601,3021465856,3021.465856,174,113,168,5,20250716_155355
1752648812.3376558,11802640,3021475840,3021.47584,179,113,168,5,20250716_155355
1752648812.3476398,11802679,3021485824,3021.485824,185,113,169,5,20250716_155355
1752648812.3576236,11802718,3021495808,3021.495808,190,112,169,5,20250716_155355
1752648812.3676076,11802757,3021505792,3021.505792,195,111,169,5,20250716_155355
1752648812.3775916,11802796,3021515776,3021.515776,199,111,169,5,20250716_155355
1752648812.3878317,11802836,3021526016,3021.526016,204,111,170,5,20250716_155355
1752648812.3978157,11802875,3021536000,3021.536,208,112,169,5,20250716_155355
1752648812.4077995,11802914,3021545984,3021.545984,212,113,168,5,20250716_155355
1752648812.4177835,11802953,3021555968,3021.555968,216,113,169,5,20250716_155355
1752648812.4277678,11802992,3021565952,3021.565952,220,113,169,5,20250716_155355
1752648812.4377518,11803031,3021575936,3021.575936,224,113,169,5,20250716_155355
1752648812.4477358,11803070,3021585920,3021.58592,227,111,169,5,20250716_155355
1752648812.4577198,11803109,3021595904,3021.595904,230,111,169,5,20250716_155355
1752648812.4677036,11803148,3021605888,3021.605888,233,112,168,5,20250716_155355
1752648812.4776876,11803187,3021615872,3021.615872,236,113,167,5,20250716_155355
1752648812.4876716,11803226,3021625856,3021.625856,239,113,166,5,20250716_155355
1752648812.4976556,11803265,3021635840,3021.63584,242,112,164,5,20250716_155355
1752648812.5076396,11803304,3021645824,3021.645824,244,113,163,5,20250716_155355
1752648812.5176237,11803343,3021655808,3021.655808,247,113,161,5,20250716_155355
1752648812.5276077,11803382,3021665792,3021.665792,250,114,159,5,20250716_155355
1752648812.5378478,11803422,3021676032,3021.676032,253,114,159,5,20250716_155355
1752648812.5478318,11803461,3021686016,3021.686016,0,114,159,5,20250716_155355
1752648812.5578158,11803500,3021696000,3021.696,3,113,159,5,20250716_155355
1752648812.5677998,11803539,3021705984,3021.705984,5,113,159,5,20250716_155355
1752648812.5777836,11803578,3021715968,3021.715968,8,112,160,5,20250716_155355
1752648812.5877676,11803617,3021725952,3021.725952,10,112,161,5,20250716_155355
1752648812.5977516,11803656,3021735936,3021.735936,13,111,161,5,20250716_155355
1752648812.6077356,11803695,3021745920,3021.74592,15,112,162,5,20250716_155355
1752648812.6177197,11803734,3021755904,3021.755904,17,112,162,5,20250716_155355
1752648812.6277037,11803773,3021765888,3021.765888,20,112,162,5,20250716_155355
1752648812.6376877,11803812,3021775872,3021.775872,22,112,162,5,20250716_155355
1752648812.6476717,11803851,3021785856,3021.785856,24,114,162,5,20250716_155355
1752648812.6576557,11803890,3021795840,3021.79584,27,112,162,5,20250716_155355
1752648812.6676395,11803929,3021805824,3021.805824,29,111,162,5,20250716_155355
1752648812.6778796,11803969,3021816064,3021.816064,32,111,160,5,20250716_155355
1752648812.6878636,11804008,3021826048,3021.826048,35,111,160,5,20250716_155355
1752648812.6978476,11804047,3021836032,3021.836032,39,111,160,5,20250716_155355
1752648812.7078316,11804086,3021846016,3021.846016,44,111,161,5,20250716_155355
1752648812.7178156,11804125,3021856000,3021.856,48,111,160,5,20250716_155355
1752648812.7277997,11804164,3021865984,3021.865984,53,111,158,5,20250716_155355
1752648812.7377837,11804203,3021875968,3021.875968,57,111,159,5,20250716_155355
1752648812.7477677,11804242,3021885952,3021.885952,62,112,159,5,20250716_155355
1752648812.7577517,11804281,3021895936,3021.895936,66,112,160,5,20250716_155355
